solid OpenSCAD_Model
  facet normal 0.595631 -0.803258 0
    outer loop
      vertex 84.6667 0.505585 0
      vertex 84.9032 0.680954 15.6
      vertex 84.6667 0.505585 15.6
    endloop
  endfacet
  facet normal 0.595631 -0.803258 0
    outer loop
      vertex 84.9032 0.680954 15.6
      vertex 84.6667 0.505585 0
      vertex 84.9032 0.680954 0
    endloop
  endfacet
  facet normal -0.989178 -0.146723 0
    outer loop
      vertex 0.0576324 2.41472 0
      vertex 0.0144348 2.70595 15.6
      vertex 0.0144348 2.70595 0
    endloop
  endfacet
  facet normal -0.989178 -0.146723 0
    outer loop
      vertex 0.0144348 2.70595 15.6
      vertex 0.0576324 2.41472 0
      vertex 0.0576324 2.41472 15.6
    endloop
  endfacet
  facet normal -0.998797 -0.0490306 0
    outer loop
      vertex 0.0144348 2.70595 0
      vertex 0 3 15.6
      vertex 0 3 0
    endloop
  endfacet
  facet normal -0.998797 -0.0490306 0
    outer loop
      vertex 0 3 15.6
      vertex 0.0144348 2.70595 0
      vertex 0.0144348 2.70595 15.6
    endloop
  endfacet
  facet normal 0.740908 0.671607 0
    outer loop
      vertex 85.319 45.5032 15.6
      vertex 85.1213 45.7213 0
      vertex 85.1213 45.7213 15.6
    endloop
  endfacet
  facet normal 0.740908 0.671607 0
    outer loop
      vertex 85.1213 45.7213 0
      vertex 85.319 45.5032 15.6
      vertex 85.319 45.5032 0
    endloop
  endfacet
  facet normal 0.67165 -0.740869 0
    outer loop
      vertex 84.9032 0.680954 0
      vertex 85.1213 0.878677 15.6
      vertex 84.9032 0.680954 15.6
    endloop
  endfacet
  facet normal 0.67165 -0.740869 0
    outer loop
      vertex 85.1213 0.878677 15.6
      vertex 84.9032 0.680954 0
      vertex 85.1213 0.878677 0
    endloop
  endfacet
  facet normal -0.336939 0.941527 0
    outer loop
      vertex 2.12914 46.4708 0
      vertex 1.85194 46.3716 15.6
      vertex 2.12914 46.4708 15.6
    endloop
  endfacet
  facet normal -0.336939 0.941527 0
    outer loop
      vertex 1.85194 46.3716 15.6
      vertex 2.12914 46.4708 0
      vertex 1.85194 46.3716 0
    endloop
  endfacet
  facet normal 1 -0 0
    outer loop
      vertex 86 3 15.6
      vertex 86 43.6 0
      vertex 86 43.6 15.6
    endloop
  endfacet
  facet normal 1 0 0
    outer loop
      vertex 86 43.6 0
      vertex 86 3 15.6
      vertex 86 3 0
    endloop
  endfacet
  facet normal 0 1 0
    outer loop
      vertex 83 46.6 15.6
      vertex 49.8 46.6 5.7
      vertex 3 46.6 15.6
    endloop
  endfacet
  facet normal 0 1 -0
    outer loop
      vertex 83 46.6 0
      vertex 49.8 46.6 5.7
      vertex 83 46.6 15.6
    endloop
  endfacet
  facet normal 0 1 0
    outer loop
      vertex 49.8 46.6 3.3
      vertex 83 46.6 0
      vertex 36.2 46.6 3.3
    endloop
  endfacet
  facet normal 0 1 0
    outer loop
      vertex 49.8 46.6 5.7
      vertex 83 46.6 0
      vertex 49.8 46.6 3.3
    endloop
  endfacet
  facet normal 0 1 -0
    outer loop
      vertex 36.2 46.6 5.7
      vertex 3 46.6 15.6
      vertex 49.8 46.6 5.7
    endloop
  endfacet
  facet normal 0 1 0
    outer loop
      vertex 3 46.6 0
      vertex 36.2 46.6 5.7
      vertex 36.2 46.6 3.3
    endloop
  endfacet
  facet normal 0 1 0
    outer loop
      vertex 36.2 46.6 5.7
      vertex 3 46.6 0
      vertex 3 46.6 15.6
    endloop
  endfacet
  facet normal 0 1 0
    outer loop
      vertex 3 46.6 0
      vertex 36.2 46.6 3.3
      vertex 83 46.6 0
    endloop
  endfacet
  facet normal 0.146688 -0.989183 0
    outer loop
      vertex 83.294 0.0144348 0
      vertex 83.5853 0.0576324 15.6
      vertex 83.294 0.0144348 15.6
    endloop
  endfacet
  facet normal 0.146688 -0.989183 0
    outer loop
      vertex 83.5853 0.0576324 15.6
      vertex 83.294 0.0144348 0
      vertex 83.5853 0.0576324 0
    endloop
  endfacet
  facet normal -1 0 0
    outer loop
      vertex 0 43.6 0
      vertex 0 31 5.6
      vertex 0 43.6 15.6
    endloop
  endfacet
  facet normal -1 0 0
    outer loop
      vertex 0 3 0
      vertex 0 31 5.6
      vertex 0 43.6 0
    endloop
  endfacet
  facet normal -1 -0 0
    outer loop
      vertex 0 31 5.6
      vertex 0 3 0
      vertex 0 15 5.6
    endloop
  endfacet
  facet normal -1 0 0
    outer loop
      vertex 0 3 15.6
      vertex 0 15 5.6
      vertex 0 3 0
    endloop
  endfacet
  facet normal -1 0 0
    outer loop
      vertex 0 15 5.6
      vertex 0 3 15.6
      vertex 0 15 15.6
    endloop
  endfacet
  facet normal -1 -0 0
    outer loop
      vertex 0 43.6 15.6
      vertex 0 31 5.6
      vertex 0 31 15.6
    endloop
  endfacet
  facet normal 0 -1 0
    outer loop
      vertex 3 0 15.6
      vertex 36.2 0 5.7
      vertex 83 0 15.6
    endloop
  endfacet
  facet normal 0 -1 0
    outer loop
      vertex 3 0 0
      vertex 36.2 0 5.7
      vertex 3 0 15.6
    endloop
  endfacet
  facet normal 0 -1 -0
    outer loop
      vertex 36.2 0 3.3
      vertex 3 0 0
      vertex 49.8 0 3.3
    endloop
  endfacet
  facet normal 0 -1 -0
    outer loop
      vertex 36.2 0 5.7
      vertex 3 0 0
      vertex 36.2 0 3.3
    endloop
  endfacet
  facet normal 0 -1 0
    outer loop
      vertex 49.8 0 5.7
      vertex 83 0 15.6
      vertex 36.2 0 5.7
    endloop
  endfacet
  facet normal 0 -1 0
    outer loop
      vertex 83 0 0
      vertex 49.8 0 5.7
      vertex 49.8 0 3.3
    endloop
  endfacet
  facet normal 0 -1 0
    outer loop
      vertex 49.8 0 5.7
      vertex 83 0 0
      vertex 83 0 15.6
    endloop
  endfacet
  facet normal 0 -1 0
    outer loop
      vertex 83 0 0
      vertex 49.8 0 3.3
      vertex 3 0 0
    endloop
  endfacet
  facet normal 0.427269 0.904125 -0
    outer loop
      vertex 84.4142 46.2458 0
      vertex 84.148 46.3716 15.6
      vertex 84.4142 46.2458 15.6
    endloop
  endfacet
  facet normal 0.427269 0.904125 0
    outer loop
      vertex 84.148 46.3716 15.6
      vertex 84.4142 46.2458 0
      vertex 84.148 46.3716 0
    endloop
  endfacet
  facet normal 0.969962 0.243255 0
    outer loop
      vertex 85.9424 44.1853 15.6
      vertex 85.8708 44.4708 0
      vertex 85.8708 44.4708 15.6
    endloop
  endfacet
  facet normal 0.969962 0.243255 0
    outer loop
      vertex 85.8708 44.4708 0
      vertex 85.9424 44.1853 15.6
      vertex 85.9424 44.1853 0
    endloop
  endfacet
  facet normal 0.904088 -0.427347 0
    outer loop
      vertex 85.6458 1.5858 15.6
      vertex 85.7716 1.85194 0
      vertex 85.7716 1.85194 15.6
    endloop
  endfacet
  facet normal 0.904088 -0.427347 0
    outer loop
      vertex 85.7716 1.85194 0
      vertex 85.6458 1.5858 15.6
      vertex 85.6458 1.5858 0
    endloop
  endfacet
  facet normal 0.803208 0.595699 0
    outer loop
      vertex 85.4944 45.2667 15.6
      vertex 85.319 45.5032 0
      vertex 85.319 45.5032 15.6
    endloop
  endfacet
  facet normal 0.803208 0.595699 0
    outer loop
      vertex 85.319 45.5032 0
      vertex 85.4944 45.2667 15.6
      vertex 85.4944 45.2667 0
    endloop
  endfacet
  facet normal 0.969978 -0.243191 0
    outer loop
      vertex 85.8708 2.12914 15.6
      vertex 85.9424 2.41472 0
      vertex 85.9424 2.41472 15.6
    endloop
  endfacet
  facet normal 0.969978 -0.243191 0
    outer loop
      vertex 85.9424 2.41472 0
      vertex 85.8708 2.12914 15.6
      vertex 85.8708 2.12914 0
    endloop
  endfacet
  facet normal 0.941527 0.336939 0
    outer loop
      vertex 85.8708 44.4708 15.6
      vertex 85.7716 44.748 0
      vertex 85.7716 44.748 15.6
    endloop
  endfacet
  facet normal 0.941527 0.336939 0
    outer loop
      vertex 85.7716 44.748 0
      vertex 85.8708 44.4708 15.6
      vertex 85.8708 44.4708 0
    endloop
  endfacet
  facet normal 0.671607 0.740908 -0
    outer loop
      vertex 85.1213 45.7213 0
      vertex 84.9032 45.919 15.6
      vertex 85.1213 45.7213 15.6
    endloop
  endfacet
  facet normal 0.671607 0.740908 0
    outer loop
      vertex 84.9032 45.919 15.6
      vertex 85.1213 45.7213 0
      vertex 84.9032 45.919 0
    endloop
  endfacet
  facet normal 0.0490389 -0.998797 0
    outer loop
      vertex 83 0 0
      vertex 83.294 0.0144348 15.6
      vertex 83 0 15.6
    endloop
  endfacet
  facet normal 0.0490389 -0.998797 0
    outer loop
      vertex 83.294 0.0144348 15.6
      vertex 83 0 0
      vertex 83.294 0.0144348 0
    endloop
  endfacet
  facet normal 0.0492599 0.998786 -0
    outer loop
      vertex 83.294 46.5855 0
      vertex 83 46.6 15.6
      vertex 83.294 46.5855 15.6
    endloop
  endfacet
  facet normal 0.0492599 0.998786 0
    outer loop
      vertex 83 46.6 15.6
      vertex 83.294 46.5855 0
      vertex 83 46.6 0
    endloop
  endfacet
  facet normal 0.904125 0.427269 0
    outer loop
      vertex 85.7716 44.748 15.6
      vertex 85.6458 45.0142 0
      vertex 85.6458 45.0142 15.6
    endloop
  endfacet
  facet normal 0.904125 0.427269 0
    outer loop
      vertex 85.6458 45.0142 0
      vertex 85.7716 44.748 15.6
      vertex 85.7716 44.748 0
    endloop
  endfacet
  facet normal -0.514216 0.857661 0
    outer loop
      vertex 1.5858 46.2458 0
      vertex 1.33328 46.0944 15.6
      vertex 1.5858 46.2458 15.6
    endloop
  endfacet
  facet normal -0.514216 0.857661 0
    outer loop
      vertex 1.33328 46.0944 15.6
      vertex 1.5858 46.2458 0
      vertex 1.33328 46.0944 0
    endloop
  endfacet
  facet normal -0.970016 0.243043 0
    outer loop
      vertex 0.0576324 44.1853 0
      vertex 0.129166 44.4708 15.6
      vertex 0.129166 44.4708 0
    endloop
  endfacet
  facet normal -0.970016 0.243043 0
    outer loop
      vertex 0.129166 44.4708 15.6
      vertex 0.0576324 44.1853 0
      vertex 0.0576324 44.1853 15.6
    endloop
  endfacet
  facet normal -0.740935 -0.671577 0
    outer loop
      vertex 0.878677 0.878677 0
      vertex 0.680954 1.09682 15.6
      vertex 0.680954 1.09682 0
    endloop
  endfacet
  facet normal -0.740935 -0.671577 0
    outer loop
      vertex 0.680954 1.09682 15.6
      vertex 0.878677 0.878677 0
      vertex 0.878677 0.878677 15.6
    endloop
  endfacet
  facet normal 0.998786 0.0492599 0
    outer loop
      vertex 86 43.6 15.6
      vertex 85.9855 43.894 0
      vertex 85.9855 43.894 15.6
    endloop
  endfacet
  facet normal 0.998786 0.0492599 0
    outer loop
      vertex 85.9855 43.894 0
      vertex 86 43.6 15.6
      vertex 86 43.6 0
    endloop
  endfacet
  facet normal -0.427583 -0.903976 0
    outer loop
      vertex 1.5858 0.354233 0
      vertex 1.85194 0.228348 15.6
      vertex 1.5858 0.354233 15.6
    endloop
  endfacet
  facet normal -0.427583 -0.903976 -0
    outer loop
      vertex 1.85194 0.228348 15.6
      vertex 1.5858 0.354233 0
      vertex 1.85194 0.228348 0
    endloop
  endfacet
  facet normal 0.514126 -0.857715 0
    outer loop
      vertex 84.4142 0.354233 0
      vertex 84.6667 0.505585 15.6
      vertex 84.4142 0.354233 15.6
    endloop
  endfacet
  facet normal 0.514126 -0.857715 0
    outer loop
      vertex 84.6667 0.505585 15.6
      vertex 84.4142 0.354233 0
      vertex 84.6667 0.505585 0
    endloop
  endfacet
  facet normal -0 0 1
    outer loop
      vertex 0 15 15.6
      vertex 3 3.59999 15.6
      vertex 3 15 15.6
    endloop
  endfacet
  facet normal 0 -0 1
    outer loop
      vertex 0.0144348 2.70595 15.6
      vertex 3 3.59999 15.6
      vertex 0 3 15.6
    endloop
  endfacet
  facet normal 0 0 1
    outer loop
      vertex 3 3.59999 15.6
      vertex 2.70595 0.0144348 15.6
      vertex 3 0 15.6
    endloop
  endfacet
  facet normal 0 0 1
    outer loop
      vertex 3 3.59999 15.6
      vertex 2.41472 0.0576324 15.6
      vertex 2.70595 0.0144348 15.6
    endloop
  endfacet
  facet normal 0 0 1
    outer loop
      vertex 3 3.59999 15.6
      vertex 2.12914 0.129166 15.6
      vertex 2.41472 0.0576324 15.6
    endloop
  endfacet
  facet normal 0 0 1
    outer loop
      vertex 3 3.59999 15.6
      vertex 1.85194 0.228348 15.6
      vertex 2.12914 0.129166 15.6
    endloop
  endfacet
  facet normal 0 0 1
    outer loop
      vertex 3 3.59999 15.6
      vertex 1.5858 0.354233 15.6
      vertex 1.85194 0.228348 15.6
    endloop
  endfacet
  facet normal 0 0 1
    outer loop
      vertex 3 3.59999 15.6
      vertex 1.33328 0.505585 15.6
      vertex 1.5858 0.354233 15.6
    endloop
  endfacet
  facet normal 0 0 1
    outer loop
      vertex 3 3.59999 15.6
      vertex 1.09682 0.680954 15.6
      vertex 1.33328 0.505585 15.6
    endloop
  endfacet
  facet normal 0 0 1
    outer loop
      vertex 3 3.59999 15.6
      vertex 0.878677 0.878677 15.6
      vertex 1.09682 0.680954 15.6
    endloop
  endfacet
  facet normal 0 0 1
    outer loop
      vertex 3 3.59999 15.6
      vertex 0.680954 1.09682 15.6
      vertex 0.878677 0.878677 15.6
    endloop
  endfacet
  facet normal 0 0 1
    outer loop
      vertex 3 3.59999 15.6
      vertex 0.505585 1.33328 15.6
      vertex 0.680954 1.09682 15.6
    endloop
  endfacet
  facet normal 0 0 1
    outer loop
      vertex 3 3.59999 15.6
      vertex 0.354233 1.5858 15.6
      vertex 0.505585 1.33328 15.6
    endloop
  endfacet
  facet normal 0 0 1
    outer loop
      vertex 3 3.59999 15.6
      vertex 0.228348 1.85194 15.6
      vertex 0.354233 1.5858 15.6
    endloop
  endfacet
  facet normal 0 0 1
    outer loop
      vertex 3 3.59999 15.6
      vertex 0.129166 2.12914 15.6
      vertex 0.228348 1.85194 15.6
    endloop
  endfacet
  facet normal 0 0 1
    outer loop
      vertex 3 3.59999 15.6
      vertex 0.0576324 2.41472 15.6
      vertex 0.129166 2.12914 15.6
    endloop
  endfacet
  facet normal 0 0 1
    outer loop
      vertex 3 3.59999 15.6
      vertex 0 15 15.6
      vertex 0 3 15.6
    endloop
  endfacet
  facet normal 0 0 1
    outer loop
      vertex 3 3.59999 15.6
      vertex 0.0144348 2.70595 15.6
      vertex 0.0576324 2.41472 15.6
    endloop
  endfacet
  facet normal 0 0 1
    outer loop
      vertex 86 43.6 15.6
      vertex 82.9971 43.0588 15.6
      vertex 83 43 15.6
    endloop
  endfacet
  facet normal 0 0 1
    outer loop
      vertex 83.294 46.5855 15.6
      vertex 82.9885 43.1171 15.6
      vertex 82.9971 43.0588 15.6
    endloop
  endfacet
  facet normal 0 0 1
    outer loop
      vertex 83.294 46.5855 15.6
      vertex 82.9742 43.1742 15.6
      vertex 82.9885 43.1171 15.6
    endloop
  endfacet
  facet normal 0 0 1
    outer loop
      vertex 83.294 46.5855 15.6
      vertex 82.9543 43.2296 15.6
      vertex 82.9742 43.1742 15.6
    endloop
  endfacet
  facet normal 0 0 1
    outer loop
      vertex 83.294 46.5855 15.6
      vertex 82.9291 43.2828 15.6
      vertex 82.9543 43.2296 15.6
    endloop
  endfacet
  facet normal 0 0 1
    outer loop
      vertex 83.294 46.5855 15.6
      vertex 82.8989 43.3333 15.6
      vertex 82.9291 43.2828 15.6
    endloop
  endfacet
  facet normal 0 0 1
    outer loop
      vertex 83.294 46.5855 15.6
      vertex 82.8638 43.3806 15.6
      vertex 82.8989 43.3333 15.6
    endloop
  endfacet
  facet normal 0 0 1
    outer loop
      vertex 83.294 46.5855 15.6
      vertex 82.8242 43.4243 15.6
      vertex 82.8638 43.3806 15.6
    endloop
  endfacet
  facet normal 0 0 1
    outer loop
      vertex 83.294 46.5855 15.6
      vertex 82.7806 43.4638 15.6
      vertex 82.8242 43.4243 15.6
    endloop
  endfacet
  facet normal 0 0 1
    outer loop
      vertex 83.294 46.5855 15.6
      vertex 82.7333 43.4989 15.6
      vertex 82.7806 43.4638 15.6
    endloop
  endfacet
  facet normal 0 0 1
    outer loop
      vertex 83.294 46.5855 15.6
      vertex 82.6828 43.5291 15.6
      vertex 82.7333 43.4989 15.6
    endloop
  endfacet
  facet normal 0 0 1
    outer loop
      vertex 83.294 46.5855 15.6
      vertex 82.6296 43.5543 15.6
      vertex 82.6828 43.5291 15.6
    endloop
  endfacet
  facet normal 0 0 1
    outer loop
      vertex 83.294 46.5855 15.6
      vertex 82.5742 43.5742 15.6
      vertex 82.6296 43.5543 15.6
    endloop
  endfacet
  facet normal 0 0 1
    outer loop
      vertex 83 46.6 15.6
      vertex 82.517 43.5885 15.6
      vertex 82.5742 43.5742 15.6
    endloop
  endfacet
  facet normal 0 0 1
    outer loop
      vertex 83 46.6 15.6
      vertex 82.4588 43.5971 15.6
      vertex 82.517 43.5885 15.6
    endloop
  endfacet
  facet normal 0 0 1
    outer loop
      vertex 83 46.6 15.6
      vertex 82.4 43.6 15.6
      vertex 82.4588 43.5971 15.6
    endloop
  endfacet
  facet normal 0 0 1
    outer loop
      vertex 83 46.6 15.6
      vertex 3.59999 43.6 15.6
      vertex 82.4 43.6 15.6
    endloop
  endfacet
  facet normal -0 0 1
    outer loop
      vertex 3 46.6 15.6
      vertex 3.59999 43.6 15.6
      vertex 83 46.6 15.6
    endloop
  endfacet
  facet normal 0 0 1
    outer loop
      vertex 3 46.6 15.6
      vertex 3.54118 43.5971 15.6
      vertex 3.59999 43.6 15.6
    endloop
  endfacet
  facet normal 0 0 1
    outer loop
      vertex 3 46.6 15.6
      vertex 3.48294 43.5885 15.6
      vertex 3.54118 43.5971 15.6
    endloop
  endfacet
  facet normal 0 0 1
    outer loop
      vertex 3 46.6 15.6
      vertex 3.42583 43.5742 15.6
      vertex 3.48294 43.5885 15.6
    endloop
  endfacet
  facet normal -0 0 1
    outer loop
      vertex 2.70595 46.5855 15.6
      vertex 3.42583 43.5742 15.6
      vertex 3 46.6 15.6
    endloop
  endfacet
  facet normal 0 0 1
    outer loop
      vertex 3.42583 43.5742 15.6
      vertex 2.70595 46.5855 15.6
      vertex 3.37038 43.5543 15.6
    endloop
  endfacet
  facet normal -0 0 1
    outer loop
      vertex 2.41472 46.5423 15.6
      vertex 3.37038 43.5543 15.6
      vertex 2.70595 46.5855 15.6
    endloop
  endfacet
  facet normal 0 0 1
    outer loop
      vertex 3.37038 43.5543 15.6
      vertex 2.41472 46.5423 15.6
      vertex 3.31715 43.5291 15.6
    endloop
  endfacet
  facet normal -0 0 1
    outer loop
      vertex 2.12914 46.4708 15.6
      vertex 3.31715 43.5291 15.6
      vertex 2.41472 46.5423 15.6
    endloop
  endfacet
  facet normal -0 0 1
    outer loop
      vertex 1.85194 46.3716 15.6
      vertex 3.31715 43.5291 15.6
      vertex 2.12914 46.4708 15.6
    endloop
  endfacet
  facet normal 0 0 1
    outer loop
      vertex 3.31715 43.5291 15.6
      vertex 1.85194 46.3716 15.6
      vertex 3.26665 43.4989 15.6
    endloop
  endfacet
  facet normal -0 0 1
    outer loop
      vertex 1.5858 46.2458 15.6
      vertex 3.26665 43.4989 15.6
      vertex 1.85194 46.3716 15.6
    endloop
  endfacet
  facet normal 0 0 1
    outer loop
      vertex 3.26665 43.4989 15.6
      vertex 1.5858 46.2458 15.6
      vertex 3.21936 43.4638 15.6
    endloop
  endfacet
  facet normal -0 0 1
    outer loop
      vertex 1.33328 46.0944 15.6
      vertex 3.21936 43.4638 15.6
      vertex 1.5858 46.2458 15.6
    endloop
  endfacet
  facet normal -0 0 1
    outer loop
      vertex 1.09682 45.919 15.6
      vertex 3.21936 43.4638 15.6
      vertex 1.33328 46.0944 15.6
    endloop
  endfacet
  facet normal 0 0 1
    outer loop
      vertex 3.21936 43.4638 15.6
      vertex 1.09682 45.919 15.6
      vertex 3.17574 43.4243 15.6
    endloop
  endfacet
  facet normal -0 0 1
    outer loop
      vertex 0.878677 45.7213 15.6
      vertex 3.17574 43.4243 15.6
      vertex 1.09682 45.919 15.6
    endloop
  endfacet
  facet normal -0 0 1
    outer loop
      vertex 0.680954 45.5032 15.6
      vertex 3.17574 43.4243 15.6
      vertex 0.878677 45.7213 15.6
    endloop
  endfacet
  facet normal 0 0 1
    outer loop
      vertex 3.17574 43.4243 15.6
      vertex 0.680954 45.5032 15.6
      vertex 3.13618 43.3806 15.6
    endloop
  endfacet
  facet normal -0 0 1
    outer loop
      vertex 0.505585 45.2667 15.6
      vertex 3.13618 43.3806 15.6
      vertex 0.680954 45.5032 15.6
    endloop
  endfacet
  facet normal 0 0 1
    outer loop
      vertex 3.13618 43.3806 15.6
      vertex 0.505585 45.2667 15.6
      vertex 3.1011 43.3333 15.6
    endloop
  endfacet
  facet normal -0 0 1
    outer loop
      vertex 0.354233 45.0142 15.6
      vertex 3.1011 43.3333 15.6
      vertex 0.505585 45.2667 15.6
    endloop
  endfacet
  facet normal -0 0 1
    outer loop
      vertex 0.228348 44.748 15.6
      vertex 3.1011 43.3333 15.6
      vertex 0.354233 45.0142 15.6
    endloop
  endfacet
  facet normal 0 0 1
    outer loop
      vertex 3.1011 43.3333 15.6
      vertex 0.228348 44.748 15.6
      vertex 3.07085 43.2828 15.6
    endloop
  endfacet
  facet normal -0 0 1
    outer loop
      vertex 0.129166 44.4708 15.6
      vertex 3.07085 43.2828 15.6
      vertex 0.228348 44.748 15.6
    endloop
  endfacet
  facet normal 0 0 1
    outer loop
      vertex 3.07085 43.2828 15.6
      vertex 0.129166 44.4708 15.6
      vertex 3.04567 43.2296 15.6
    endloop
  endfacet
  facet normal -0 0 1
    outer loop
      vertex 0.0576324 44.1853 15.6
      vertex 3.04567 43.2296 15.6
      vertex 0.129166 44.4708 15.6
    endloop
  endfacet
  facet normal -0 0 1
    outer loop
      vertex 0.0144348 43.894 15.6
      vertex 3.04567 43.2296 15.6
      vertex 0.0576324 44.1853 15.6
    endloop
  endfacet
  facet normal 0 0 1
    outer loop
      vertex 3.04567 43.2296 15.6
      vertex 0.0144348 43.894 15.6
      vertex 3.02583 43.1742 15.6
    endloop
  endfacet
  facet normal -0 0 1
    outer loop
      vertex 0 43.6 15.6
      vertex 3.02583 43.1742 15.6
      vertex 0.0144348 43.894 15.6
    endloop
  endfacet
  facet normal 0 0 1
    outer loop
      vertex 3.02583 43.1742 15.6
      vertex 0 43.6 15.6
      vertex 3.01152 43.1171 15.6
    endloop
  endfacet
  facet normal 0 0 1
    outer loop
      vertex 3.01152 43.1171 15.6
      vertex 0 43.6 15.6
      vertex 3.00288 43.0588 15.6
    endloop
  endfacet
  facet normal 0 0 1
    outer loop
      vertex 3.00288 43.0588 15.6
      vertex 0 43.6 15.6
      vertex 3 43 15.6
    endloop
  endfacet
  facet normal 0 0 1
    outer loop
      vertex 0 31 15.6
      vertex 3 43 15.6
      vertex 0 43.6 15.6
    endloop
  endfacet
  facet normal 0 0 1
    outer loop
      vertex 3 43 15.6
      vertex 0 31 15.6
      vertex 3 31 15.6
    endloop
  endfacet
  facet normal 0 0 1
    outer loop
      vertex 82.9971 43.0588 15.6
      vertex 86 43.6 15.6
      vertex 85.9855 43.894 15.6
    endloop
  endfacet
  facet normal 0 0 1
    outer loop
      vertex 86 43.6 15.6
      vertex 83 43 15.6
      vertex 86 3 15.6
    endloop
  endfacet
  facet normal 0 0 1
    outer loop
      vertex 82.9971 43.0588 15.6
      vertex 85.9855 43.894 15.6
      vertex 85.9424 44.1853 15.6
    endloop
  endfacet
  facet normal -0 0 1
    outer loop
      vertex 83 3.59999 15.6
      vertex 86 3 15.6
      vertex 83 43 15.6
    endloop
  endfacet
  facet normal 0 0 1
    outer loop
      vertex 82.9971 43.0588 15.6
      vertex 85.9424 44.1853 15.6
      vertex 85.8708 44.4708 15.6
    endloop
  endfacet
  facet normal -0 0 1
    outer loop
      vertex 82.9971 3.54118 15.6
      vertex 86 3 15.6
      vertex 83 3.59999 15.6
    endloop
  endfacet
  facet normal 0 0 1
    outer loop
      vertex 82.9971 43.0588 15.6
      vertex 85.8708 44.4708 15.6
      vertex 85.7716 44.748 15.6
    endloop
  endfacet
  facet normal -0 0 1
    outer loop
      vertex 82.9885 3.48294 15.6
      vertex 86 3 15.6
      vertex 82.9971 3.54118 15.6
    endloop
  endfacet
  facet normal 0 0 1
    outer loop
      vertex 82.9971 43.0588 15.6
      vertex 85.7716 44.748 15.6
      vertex 85.6458 45.0142 15.6
    endloop
  endfacet
  facet normal -0 0 1
    outer loop
      vertex 82.9742 3.42583 15.6
      vertex 86 3 15.6
      vertex 82.9885 3.48294 15.6
    endloop
  endfacet
  facet normal 0 0 1
    outer loop
      vertex 82.9971 43.0588 15.6
      vertex 85.6458 45.0142 15.6
      vertex 85.4944 45.2667 15.6
    endloop
  endfacet
  facet normal 0 0 1
    outer loop
      vertex 86 3 15.6
      vertex 82.9742 3.42583 15.6
      vertex 85.9855 2.70595 15.6
    endloop
  endfacet
  facet normal 0 0 1
    outer loop
      vertex 82.9971 43.0588 15.6
      vertex 85.4944 45.2667 15.6
      vertex 85.319 45.5032 15.6
    endloop
  endfacet
  facet normal -0 0 1
    outer loop
      vertex 82.9543 3.37038 15.6
      vertex 85.9855 2.70595 15.6
      vertex 82.9742 3.42583 15.6
    endloop
  endfacet
  facet normal 0 0 1
    outer loop
      vertex 82.9971 43.0588 15.6
      vertex 85.319 45.5032 15.6
      vertex 85.1213 45.7213 15.6
    endloop
  endfacet
  facet normal 0 0 1
    outer loop
      vertex 85.9855 2.70595 15.6
      vertex 82.9543 3.37038 15.6
      vertex 85.9424 2.41472 15.6
    endloop
  endfacet
  facet normal 0 0 1
    outer loop
      vertex 82.9971 43.0588 15.6
      vertex 85.1213 45.7213 15.6
      vertex 84.9032 45.919 15.6
    endloop
  endfacet
  facet normal 0 0 1
    outer loop
      vertex 85.9424 2.41472 15.6
      vertex 82.9543 3.37038 15.6
      vertex 85.8708 2.12914 15.6
    endloop
  endfacet
  facet normal 0 0 1
    outer loop
      vertex 82.9971 43.0588 15.6
      vertex 84.9032 45.919 15.6
      vertex 84.6667 46.0944 15.6
    endloop
  endfacet
  facet normal -0 0 1
    outer loop
      vertex 82.9291 3.31715 15.6
      vertex 85.8708 2.12914 15.6
      vertex 82.9543 3.37038 15.6
    endloop
  endfacet
  facet normal 0 0 1
    outer loop
      vertex 82.9971 43.0588 15.6
      vertex 84.6667 46.0944 15.6
      vertex 84.4142 46.2458 15.6
    endloop
  endfacet
  facet normal 0 0 1
    outer loop
      vertex 85.8708 2.12914 15.6
      vertex 82.9291 3.31715 15.6
      vertex 85.7716 1.85194 15.6
    endloop
  endfacet
  facet normal 0 0 1
    outer loop
      vertex 82.9971 43.0588 15.6
      vertex 84.4142 46.2458 15.6
      vertex 84.148 46.3716 15.6
    endloop
  endfacet
  facet normal -0 0 1
    outer loop
      vertex 82.8989 3.26665 15.6
      vertex 85.7716 1.85194 15.6
      vertex 82.9291 3.31715 15.6
    endloop
  endfacet
  facet normal 0 0 1
    outer loop
      vertex 82.9971 43.0588 15.6
      vertex 84.148 46.3716 15.6
      vertex 83.8708 46.4708 15.6
    endloop
  endfacet
  facet normal 0 0 1
    outer loop
      vertex 85.7716 1.85194 15.6
      vertex 82.8989 3.26665 15.6
      vertex 85.6458 1.5858 15.6
    endloop
  endfacet
  facet normal 0 0 1
    outer loop
      vertex 82.9971 43.0588 15.6
      vertex 83.8708 46.4708 15.6
      vertex 83.5853 46.5423 15.6
    endloop
  endfacet
  facet normal 0 0 1
    outer loop
      vertex 85.6458 1.5858 15.6
      vertex 82.8989 3.26665 15.6
      vertex 85.4944 1.33328 15.6
    endloop
  endfacet
  facet normal 0 0 1
    outer loop
      vertex 82.9971 43.0588 15.6
      vertex 83.5853 46.5423 15.6
      vertex 83.294 46.5855 15.6
    endloop
  endfacet
  facet normal -0 0 1
    outer loop
      vertex 82.8638 3.21936 15.6
      vertex 85.4944 1.33328 15.6
      vertex 82.8989 3.26665 15.6
    endloop
  endfacet
  facet normal 0 0 1
    outer loop
      vertex 82.5742 43.5742 15.6
      vertex 83.294 46.5855 15.6
      vertex 83 46.6 15.6
    endloop
  endfacet
  facet normal 0 0 1
    outer loop
      vertex 85.4944 1.33328 15.6
      vertex 82.8638 3.21936 15.6
      vertex 85.319 1.09682 15.6
    endloop
  endfacet
  facet normal -0 0 1
    outer loop
      vertex 82.8242 3.17574 15.6
      vertex 85.319 1.09682 15.6
      vertex 82.8638 3.21936 15.6
    endloop
  endfacet
  facet normal 0 0 1
    outer loop
      vertex 85.319 1.09682 15.6
      vertex 82.8242 3.17574 15.6
      vertex 85.1213 0.878677 15.6
    endloop
  endfacet
  facet normal 0 0 1
    outer loop
      vertex 85.1213 0.878677 15.6
      vertex 82.8242 3.17574 15.6
      vertex 84.9032 0.680954 15.6
    endloop
  endfacet
  facet normal -0 0 1
    outer loop
      vertex 82.7806 3.13618 15.6
      vertex 84.9032 0.680954 15.6
      vertex 82.8242 3.17574 15.6
    endloop
  endfacet
  facet normal 0 0 1
    outer loop
      vertex 84.9032 0.680954 15.6
      vertex 82.7806 3.13618 15.6
      vertex 84.6667 0.505585 15.6
    endloop
  endfacet
  facet normal 0 0 1
    outer loop
      vertex 84.6667 0.505585 15.6
      vertex 82.7806 3.13618 15.6
      vertex 84.4142 0.354233 15.6
    endloop
  endfacet
  facet normal -0 0 1
    outer loop
      vertex 82.7333 3.1011 15.6
      vertex 84.4142 0.354233 15.6
      vertex 82.7806 3.13618 15.6
    endloop
  endfacet
  facet normal 0 0 1
    outer loop
      vertex 84.4142 0.354233 15.6
      vertex 82.7333 3.1011 15.6
      vertex 84.148 0.228348 15.6
    endloop
  endfacet
  facet normal -0 0 1
    outer loop
      vertex 82.6828 3.07085 15.6
      vertex 84.148 0.228348 15.6
      vertex 82.7333 3.1011 15.6
    endloop
  endfacet
  facet normal 0 0 1
    outer loop
      vertex 84.148 0.228348 15.6
      vertex 82.6828 3.07085 15.6
      vertex 83.8708 0.129166 15.6
    endloop
  endfacet
  facet normal 0 0 1
    outer loop
      vertex 83.8708 0.129166 15.6
      vertex 82.6828 3.07085 15.6
      vertex 83.5853 0.0576324 15.6
    endloop
  endfacet
  facet normal -0 0 1
    outer loop
      vertex 82.6296 3.04567 15.6
      vertex 83.5853 0.0576324 15.6
      vertex 82.6828 3.07085 15.6
    endloop
  endfacet
  facet normal 0 0 1
    outer loop
      vertex 83.5853 0.0576324 15.6
      vertex 82.6296 3.04567 15.6
      vertex 83.294 0.0144348 15.6
    endloop
  endfacet
  facet normal -0 0 1
    outer loop
      vertex 82.5742 3.02583 15.6
      vertex 83.294 0.0144348 15.6
      vertex 82.6296 3.04567 15.6
    endloop
  endfacet
  facet normal 0 0 1
    outer loop
      vertex 83.294 0.0144348 15.6
      vertex 82.5742 3.02583 15.6
      vertex 83 0 15.6
    endloop
  endfacet
  facet normal -0 0 1
    outer loop
      vertex 82.517 3.01152 15.6
      vertex 83 0 15.6
      vertex 82.5742 3.02583 15.6
    endloop
  endfacet
  facet normal -0 0 1
    outer loop
      vertex 82.4588 3.00288 15.6
      vertex 83 0 15.6
      vertex 82.517 3.01152 15.6
    endloop
  endfacet
  facet normal -0 0 1
    outer loop
      vertex 82.4 3 15.6
      vertex 83 0 15.6
      vertex 82.4588 3.00288 15.6
    endloop
  endfacet
  facet normal -0 0 1
    outer loop
      vertex 3.59999 3 15.6
      vertex 83 0 15.6
      vertex 82.4 3 15.6
    endloop
  endfacet
  facet normal 0 0 1
    outer loop
      vertex 3.59999 3 15.6
      vertex 3 0 15.6
      vertex 83 0 15.6
    endloop
  endfacet
  facet normal 0 0 1
    outer loop
      vertex 3.54118 3.00288 15.6
      vertex 3 0 15.6
      vertex 3.59999 3 15.6
    endloop
  endfacet
  facet normal 0 0 1
    outer loop
      vertex 3.48294 3.01152 15.6
      vertex 3 0 15.6
      vertex 3.54118 3.00288 15.6
    endloop
  endfacet
  facet normal 0 0 1
    outer loop
      vertex 3.42583 3.02583 15.6
      vertex 3 0 15.6
      vertex 3.48294 3.01152 15.6
    endloop
  endfacet
  facet normal 0 0 1
    outer loop
      vertex 3.37038 3.04567 15.6
      vertex 3 0 15.6
      vertex 3.42583 3.02583 15.6
    endloop
  endfacet
  facet normal 0 0 1
    outer loop
      vertex 3.31715 3.07085 15.6
      vertex 3 0 15.6
      vertex 3.37038 3.04567 15.6
    endloop
  endfacet
  facet normal 0 0 1
    outer loop
      vertex 3.26665 3.1011 15.6
      vertex 3 0 15.6
      vertex 3.31715 3.07085 15.6
    endloop
  endfacet
  facet normal 0 0 1
    outer loop
      vertex 3.21936 3.13618 15.6
      vertex 3 0 15.6
      vertex 3.26665 3.1011 15.6
    endloop
  endfacet
  facet normal 0 0 1
    outer loop
      vertex 3.17574 3.17574 15.6
      vertex 3 0 15.6
      vertex 3.21936 3.13618 15.6
    endloop
  endfacet
  facet normal 0 0 1
    outer loop
      vertex 3.13618 3.21936 15.6
      vertex 3 0 15.6
      vertex 3.17574 3.17574 15.6
    endloop
  endfacet
  facet normal 0 0 1
    outer loop
      vertex 3.1011 3.26665 15.6
      vertex 3 0 15.6
      vertex 3.13618 3.21936 15.6
    endloop
  endfacet
  facet normal 0 0 1
    outer loop
      vertex 3.07085 3.31715 15.6
      vertex 3 0 15.6
      vertex 3.1011 3.26665 15.6
    endloop
  endfacet
  facet normal 0 0 1
    outer loop
      vertex 3.04567 3.37038 15.6
      vertex 3 0 15.6
      vertex 3.07085 3.31715 15.6
    endloop
  endfacet
  facet normal 0 0 1
    outer loop
      vertex 3.02583 3.42583 15.6
      vertex 3 0 15.6
      vertex 3.04567 3.37038 15.6
    endloop
  endfacet
  facet normal 0 0 1
    outer loop
      vertex 3.01152 3.48294 15.6
      vertex 3 0 15.6
      vertex 3.02583 3.42583 15.6
    endloop
  endfacet
  facet normal 0 0 1
    outer loop
      vertex 3.00288 3.54118 15.6
      vertex 3 0 15.6
      vertex 3.01152 3.48294 15.6
    endloop
  endfacet
  facet normal 0 0 1
    outer loop
      vertex 3 0 15.6
      vertex 3.00288 3.54118 15.6
      vertex 3 3.59999 15.6
    endloop
  endfacet
  facet normal 0.146696 0.989182 -0
    outer loop
      vertex 83.5853 46.5423 0
      vertex 83.294 46.5855 15.6
      vertex 83.5853 46.5423 15.6
    endloop
  endfacet
  facet normal 0.146696 0.989182 0
    outer loop
      vertex 83.294 46.5855 15.6
      vertex 83.5853 46.5423 0
      vertex 83.294 46.5855 0
    endloop
  endfacet
  facet normal -0.146723 -0.989178 0
    outer loop
      vertex 2.41472 0.0576324 0
      vertex 2.70595 0.0144348 15.6
      vertex 2.41472 0.0576324 15.6
    endloop
  endfacet
  facet normal -0.146723 -0.989178 -0
    outer loop
      vertex 2.70595 0.0144348 15.6
      vertex 2.41472 0.0576324 0
      vertex 2.70595 0.0144348 0
    endloop
  endfacet
  facet normal 0.998786 -0.0492515 0
    outer loop
      vertex 85.9855 2.70595 15.6
      vertex 86 3 0
      vertex 86 3 15.6
    endloop
  endfacet
  facet normal 0.998786 -0.0492515 0
    outer loop
      vertex 86 3 0
      vertex 85.9855 2.70595 15.6
      vertex 85.9855 2.70595 0
    endloop
  endfacet
  facet normal 0.336885 -0.941546 0
    outer loop
      vertex 83.8708 0.129166 0
      vertex 84.148 0.228348 15.6
      vertex 83.8708 0.129166 15.6
    endloop
  endfacet
  facet normal 0.336885 -0.941546 0
    outer loop
      vertex 84.148 0.228348 15.6
      vertex 83.8708 0.129166 0
      vertex 84.148 0.228348 0
    endloop
  endfacet
  facet normal -0.146731 0.989176 0
    outer loop
      vertex 2.70595 46.5855 0
      vertex 2.41472 46.5423 15.6
      vertex 2.70595 46.5855 15.6
    endloop
  endfacet
  facet normal -0.146731 0.989176 0
    outer loop
      vertex 2.41472 46.5423 15.6
      vertex 2.70595 46.5855 0
      vertex 2.41472 46.5423 0
    endloop
  endfacet
  facet normal -0.998797 0.0490389 0
    outer loop
      vertex 0 43.6 0
      vertex 0.0144348 43.894 15.6
      vertex 0.0144348 43.894 0
    endloop
  endfacet
  facet normal -0.998797 0.0490389 0
    outer loop
      vertex 0.0144348 43.894 15.6
      vertex 0 43.6 0
      vertex 0 43.6 15.6
    endloop
  endfacet
  facet normal -0.857733 -0.514096 0
    outer loop
      vertex 0.505585 1.33328 0
      vertex 0.354233 1.5858 15.6
      vertex 0.354233 1.5858 0
    endloop
  endfacet
  facet normal -0.857733 -0.514096 0
    outer loop
      vertex 0.354233 1.5858 15.6
      vertex 0.505585 1.33328 0
      vertex 0.505585 1.33328 15.6
    endloop
  endfacet
  facet normal 0.989231 0.146364 0
    outer loop
      vertex 85.9855 43.894 15.6
      vertex 85.9424 44.1853 0
      vertex 85.9424 44.1853 15.6
    endloop
  endfacet
  facet normal 0.989231 0.146364 0
    outer loop
      vertex 85.9424 44.1853 0
      vertex 85.9855 43.894 15.6
      vertex 85.9855 43.894 0
    endloop
  endfacet
  facet normal -0.671534 0.740974 0
    outer loop
      vertex 1.09682 45.919 0
      vertex 0.878677 45.7213 15.6
      vertex 1.09682 45.919 15.6
    endloop
  endfacet
  facet normal -0.671534 0.740974 0
    outer loop
      vertex 0.878677 45.7213 15.6
      vertex 1.09682 45.919 0
      vertex 0.878677 45.7213 0
    endloop
  endfacet
  facet normal -0.514096 -0.857733 0
    outer loop
      vertex 1.33328 0.505585 0
      vertex 1.5858 0.354233 15.6
      vertex 1.33328 0.505585 15.6
    endloop
  endfacet
  facet normal -0.514096 -0.857733 -0
    outer loop
      vertex 1.5858 0.354233 15.6
      vertex 1.33328 0.505585 0
      vertex 1.5858 0.354233 0
    endloop
  endfacet
  facet normal 0.595699 0.803208 -0
    outer loop
      vertex 84.9032 45.919 0
      vertex 84.6667 46.0944 15.6
      vertex 84.9032 45.919 15.6
    endloop
  endfacet
  facet normal 0.595699 0.803208 0
    outer loop
      vertex 84.6667 46.0944 15.6
      vertex 84.9032 45.919 0
      vertex 84.6667 46.0944 0
    endloop
  endfacet
  facet normal -0.740869 0.67165 0
    outer loop
      vertex 0.680954 45.5032 0
      vertex 0.878677 45.7213 15.6
      vertex 0.878677 45.7213 0
    endloop
  endfacet
  facet normal -0.740869 0.67165 0
    outer loop
      vertex 0.878677 45.7213 15.6
      vertex 0.680954 45.5032 0
      vertex 0.680954 45.5032 15.6
    endloop
  endfacet
  facet normal -0.857715 0.514126 0
    outer loop
      vertex 0.354233 45.0142 0
      vertex 0.505585 45.2667 15.6
      vertex 0.505585 45.2667 0
    endloop
  endfacet
  facet normal -0.857715 0.514126 0
    outer loop
      vertex 0.505585 45.2667 15.6
      vertex 0.354233 45.0142 0
      vertex 0.354233 45.0142 15.6
    endloop
  endfacet
  facet normal 0.80316 -0.595764 0
    outer loop
      vertex 85.319 1.09682 15.6
      vertex 85.4944 1.33328 0
      vertex 85.4944 1.33328 15.6
    endloop
  endfacet
  facet normal 0.80316 -0.595764 0
    outer loop
      vertex 85.4944 1.33328 0
      vertex 85.319 1.09682 15.6
      vertex 85.319 1.09682 0
    endloop
  endfacet
  facet normal -0.803258 0.595631 0
    outer loop
      vertex 0.505585 45.2667 0
      vertex 0.680954 45.5032 15.6
      vertex 0.680954 45.5032 0
    endloop
  endfacet
  facet normal -0.803258 0.595631 0
    outer loop
      vertex 0.680954 45.5032 15.6
      vertex 0.505585 45.2667 0
      vertex 0.505585 45.2667 15.6
    endloop
  endfacet
  facet normal -0.595696 -0.80321 0
    outer loop
      vertex 1.09682 0.680954 0
      vertex 1.33328 0.505585 15.6
      vertex 1.09682 0.680954 15.6
    endloop
  endfacet
  facet normal -0.595696 -0.80321 -0
    outer loop
      vertex 1.33328 0.505585 15.6
      vertex 1.09682 0.680954 0
      vertex 1.33328 0.505585 0
    endloop
  endfacet
  facet normal -0.595764 0.80316 0
    outer loop
      vertex 1.33328 46.0944 0
      vertex 1.09682 45.919 15.6
      vertex 1.33328 46.0944 15.6
    endloop
  endfacet
  facet normal -0.595764 0.80316 0
    outer loop
      vertex 1.09682 45.919 15.6
      vertex 1.33328 46.0944 0
      vertex 1.09682 45.919 0
    endloop
  endfacet
  facet normal 0.514246 0.857643 -0
    outer loop
      vertex 84.6667 46.0944 0
      vertex 84.4142 46.2458 15.6
      vertex 84.6667 46.0944 15.6
    endloop
  endfacet
  facet normal 0.514246 0.857643 0
    outer loop
      vertex 84.4142 46.2458 15.6
      vertex 84.6667 46.0944 0
      vertex 84.4142 46.2458 0
    endloop
  endfacet
  facet normal 0.989226 -0.146398 0
    outer loop
      vertex 85.9424 2.41472 15.6
      vertex 85.9855 2.70595 0
      vertex 85.9855 2.70595 15.6
    endloop
  endfacet
  facet normal 0.989226 -0.146398 0
    outer loop
      vertex 85.9855 2.70595 0
      vertex 85.9424 2.41472 15.6
      vertex 85.9424 2.41472 0
    endloop
  endfacet
  facet normal -0.941546 0.336885 0
    outer loop
      vertex 0.129166 44.4708 0
      vertex 0.228348 44.748 15.6
      vertex 0.228348 44.748 0
    endloop
  endfacet
  facet normal -0.941546 0.336885 0
    outer loop
      vertex 0.228348 44.748 15.6
      vertex 0.129166 44.4708 0
      vertex 0.129166 44.4708 15.6
    endloop
  endfacet
  facet normal 0.336939 0.941527 -0
    outer loop
      vertex 84.148 46.3716 0
      vertex 83.8708 46.4708 15.6
      vertex 84.148 46.3716 15.6
    endloop
  endfacet
  facet normal 0.336939 0.941527 0
    outer loop
      vertex 83.8708 46.4708 15.6
      vertex 84.148 46.3716 0
      vertex 83.8708 46.4708 0
    endloop
  endfacet
  facet normal 0.427505 -0.904013 0
    outer loop
      vertex 84.148 0.228348 0
      vertex 84.4142 0.354233 15.6
      vertex 84.148 0.228348 15.6
    endloop
  endfacet
  facet normal 0.427505 -0.904013 0
    outer loop
      vertex 84.4142 0.354233 15.6
      vertex 84.148 0.228348 0
      vertex 84.4142 0.354233 0
    endloop
  endfacet
  facet normal -0.80321 -0.595696 0
    outer loop
      vertex 0.680954 1.09682 0
      vertex 0.505585 1.33328 15.6
      vertex 0.505585 1.33328 0
    endloop
  endfacet
  facet normal -0.80321 -0.595696 0
    outer loop
      vertex 0.505585 1.33328 15.6
      vertex 0.680954 1.09682 0
      vertex 0.680954 1.09682 15.6
    endloop
  endfacet
  facet normal 0.857643 0.514246 0
    outer loop
      vertex 85.6458 45.0142 15.6
      vertex 85.4944 45.2667 0
      vertex 85.4944 45.2667 15.6
    endloop
  endfacet
  facet normal 0.857643 0.514246 0
    outer loop
      vertex 85.4944 45.2667 0
      vertex 85.6458 45.0142 15.6
      vertex 85.6458 45.0142 0
    endloop
  endfacet
  facet normal -0.904013 0.427505 0
    outer loop
      vertex 0.228348 44.748 0
      vertex 0.354233 45.0142 15.6
      vertex 0.354233 45.0142 0
    endloop
  endfacet
  facet normal -0.904013 0.427505 0
    outer loop
      vertex 0.354233 45.0142 15.6
      vertex 0.228348 44.748 0
      vertex 0.228348 44.748 15.6
    endloop
  endfacet
  facet normal -0.427347 0.904088 0
    outer loop
      vertex 1.85194 46.3716 0
      vertex 1.5858 46.2458 15.6
      vertex 1.85194 46.3716 15.6
    endloop
  endfacet
  facet normal -0.427347 0.904088 0
    outer loop
      vertex 1.5858 46.2458 15.6
      vertex 1.85194 46.3716 0
      vertex 1.5858 46.2458 0
    endloop
  endfacet
  facet normal -0.970032 -0.242979 0
    outer loop
      vertex 0.129166 2.12914 0
      vertex 0.0576324 2.41472 15.6
      vertex 0.0576324 2.41472 0
    endloop
  endfacet
  facet normal -0.970032 -0.242979 0
    outer loop
      vertex 0.0576324 2.41472 15.6
      vertex 0.129166 2.12914 0
      vertex 0.129166 2.12914 15.6
    endloop
  endfacet
  facet normal -0.989183 0.146688 0
    outer loop
      vertex 0.0144348 43.894 0
      vertex 0.0576324 44.1853 15.6
      vertex 0.0576324 44.1853 0
    endloop
  endfacet
  facet normal -0.989183 0.146688 0
    outer loop
      vertex 0.0576324 44.1853 15.6
      vertex 0.0144348 43.894 0
      vertex 0.0144348 43.894 15.6
    endloop
  endfacet
  facet normal -0.671577 -0.740935 0
    outer loop
      vertex 0.878677 0.878677 0
      vertex 1.09682 0.680954 15.6
      vertex 0.878677 0.878677 15.6
    endloop
  endfacet
  facet normal -0.671577 -0.740935 -0
    outer loop
      vertex 1.09682 0.680954 15.6
      vertex 0.878677 0.878677 0
      vertex 1.09682 0.680954 0
    endloop
  endfacet
  facet normal -0.242871 0.970059 0
    outer loop
      vertex 2.41472 46.5423 0
      vertex 2.12914 46.4708 15.6
      vertex 2.41472 46.5423 15.6
    endloop
  endfacet
  facet normal -0.242871 0.970059 0
    outer loop
      vertex 2.12914 46.4708 15.6
      vertex 2.41472 46.5423 0
      vertex 2.12914 46.4708 0
    endloop
  endfacet
  facet normal 0.857661 -0.514216 0
    outer loop
      vertex 85.4944 1.33328 15.6
      vertex 85.6458 1.5858 0
      vertex 85.6458 1.5858 15.6
    endloop
  endfacet
  facet normal 0.857661 -0.514216 0
    outer loop
      vertex 85.6458 1.5858 0
      vertex 85.4944 1.33328 15.6
      vertex 85.4944 1.33328 0
    endloop
  endfacet
  facet normal 0.243043 -0.970016 0
    outer loop
      vertex 83.5853 0.0576324 0
      vertex 83.8708 0.129166 15.6
      vertex 83.5853 0.0576324 15.6
    endloop
  endfacet
  facet normal 0.243043 -0.970016 0
    outer loop
      vertex 83.8708 0.129166 15.6
      vertex 83.5853 0.0576324 0
      vertex 83.8708 0.129166 0
    endloop
  endfacet
  facet normal -0.0492515 0.998786 0
    outer loop
      vertex 3 46.6 0
      vertex 2.70595 46.5855 15.6
      vertex 3 46.6 15.6
    endloop
  endfacet
  facet normal -0.0492515 0.998786 0
    outer loop
      vertex 2.70595 46.5855 15.6
      vertex 3 46.6 0
      vertex 2.70595 46.5855 0
    endloop
  endfacet
  facet normal 0.941527 -0.336939 0
    outer loop
      vertex 85.7716 1.85194 15.6
      vertex 85.8708 2.12914 0
      vertex 85.8708 2.12914 15.6
    endloop
  endfacet
  facet normal 0.941527 -0.336939 0
    outer loop
      vertex 85.8708 2.12914 0
      vertex 85.7716 1.85194 15.6
      vertex 85.7716 1.85194 0
    endloop
  endfacet
  facet normal -0.336885 -0.941546 0
    outer loop
      vertex 1.85194 0.228348 0
      vertex 2.12914 0.129166 15.6
      vertex 1.85194 0.228348 15.6
    endloop
  endfacet
  facet normal -0.336885 -0.941546 -0
    outer loop
      vertex 2.12914 0.129166 15.6
      vertex 1.85194 0.228348 0
      vertex 2.12914 0.129166 0
    endloop
  endfacet
  facet normal 0.242935 0.970042 -0
    outer loop
      vertex 83.8708 46.4708 0
      vertex 83.5853 46.5423 15.6
      vertex 83.8708 46.4708 15.6
    endloop
  endfacet
  facet normal 0.242935 0.970042 0
    outer loop
      vertex 83.5853 46.5423 15.6
      vertex 83.8708 46.4708 0
      vertex 83.5853 46.5423 0
    endloop
  endfacet
  facet normal 0.740974 -0.671534 0
    outer loop
      vertex 85.1213 0.878677 15.6
      vertex 85.319 1.09682 0
      vertex 85.319 1.09682 15.6
    endloop
  endfacet
  facet normal 0.740974 -0.671534 0
    outer loop
      vertex 85.319 1.09682 0
      vertex 85.1213 0.878677 15.6
      vertex 85.1213 0.878677 0
    endloop
  endfacet
  facet normal -0.0490306 -0.998797 0
    outer loop
      vertex 2.70595 0.0144348 0
      vertex 3 0 15.6
      vertex 2.70595 0.0144348 15.6
    endloop
  endfacet
  facet normal -0.0490306 -0.998797 -0
    outer loop
      vertex 3 0 15.6
      vertex 2.70595 0.0144348 0
      vertex 3 0 0
    endloop
  endfacet
  facet normal -0.903976 -0.427583 0
    outer loop
      vertex 0.354233 1.5858 0
      vertex 0.228348 1.85194 15.6
      vertex 0.228348 1.85194 0
    endloop
  endfacet
  facet normal -0.903976 -0.427583 0
    outer loop
      vertex 0.228348 1.85194 15.6
      vertex 0.354233 1.5858 0
      vertex 0.354233 1.5858 15.6
    endloop
  endfacet
  facet normal -0.242979 -0.970032 0
    outer loop
      vertex 2.12914 0.129166 0
      vertex 2.41472 0.0576324 15.6
      vertex 2.12914 0.129166 15.6
    endloop
  endfacet
  facet normal -0.242979 -0.970032 -0
    outer loop
      vertex 2.41472 0.0576324 15.6
      vertex 2.12914 0.129166 0
      vertex 2.41472 0.0576324 0
    endloop
  endfacet
  facet normal 0 0 -1
    outer loop
      vertex 83 0 0
      vertex 86 3 0
      vertex 85.9855 2.70595 0
    endloop
  endfacet
  facet normal -0 0 -1
    outer loop
      vertex 86 3 0
      vertex 83 0 0
      vertex 86 43.6 0
    endloop
  endfacet
  facet normal 0 0 -1
    outer loop
      vertex 83 0 0
      vertex 85.9855 2.70595 0
      vertex 85.9424 2.41472 0
    endloop
  endfacet
  facet normal 0 0 -1
    outer loop
      vertex 83 46.6 0
      vertex 86 43.6 0
      vertex 83 0 0
    endloop
  endfacet
  facet normal 0 0 -1
    outer loop
      vertex 83 0 0
      vertex 85.9424 2.41472 0
      vertex 85.8708 2.12914 0
    endloop
  endfacet
  facet normal 0 0 -1
    outer loop
      vertex 86 43.6 0
      vertex 83 46.6 0
      vertex 85.9855 43.894 0
    endloop
  endfacet
  facet normal 0 0 -1
    outer loop
      vertex 83 0 0
      vertex 85.8708 2.12914 0
      vertex 85.7716 1.85194 0
    endloop
  endfacet
  facet normal 0 0 -1
    outer loop
      vertex 85.9855 43.894 0
      vertex 83 46.6 0
      vertex 85.9424 44.1853 0
    endloop
  endfacet
  facet normal 0 0 -1
    outer loop
      vertex 83 0 0
      vertex 85.7716 1.85194 0
      vertex 85.6458 1.5858 0
    endloop
  endfacet
  facet normal 0 0 -1
    outer loop
      vertex 85.9424 44.1853 0
      vertex 83 46.6 0
      vertex 85.8708 44.4708 0
    endloop
  endfacet
  facet normal 0 0 -1
    outer loop
      vertex 83 0 0
      vertex 85.6458 1.5858 0
      vertex 85.4944 1.33328 0
    endloop
  endfacet
  facet normal 0 0 -1
    outer loop
      vertex 85.8708 44.4708 0
      vertex 83 46.6 0
      vertex 85.7716 44.748 0
    endloop
  endfacet
  facet normal 0 0 -1
    outer loop
      vertex 83 0 0
      vertex 85.4944 1.33328 0
      vertex 85.319 1.09682 0
    endloop
  endfacet
  facet normal 0 0 -1
    outer loop
      vertex 85.7716 44.748 0
      vertex 83 46.6 0
      vertex 85.6458 45.0142 0
    endloop
  endfacet
  facet normal 0 0 -1
    outer loop
      vertex 83 0 0
      vertex 85.319 1.09682 0
      vertex 85.1213 0.878677 0
    endloop
  endfacet
  facet normal 0 0 -1
    outer loop
      vertex 85.6458 45.0142 0
      vertex 83 46.6 0
      vertex 85.4944 45.2667 0
    endloop
  endfacet
  facet normal 0 0 -1
    outer loop
      vertex 83 0 0
      vertex 85.1213 0.878677 0
      vertex 84.9032 0.680954 0
    endloop
  endfacet
  facet normal 0 0 -1
    outer loop
      vertex 85.4944 45.2667 0
      vertex 83 46.6 0
      vertex 85.319 45.5032 0
    endloop
  endfacet
  facet normal 0 0 -1
    outer loop
      vertex 83 0 0
      vertex 84.9032 0.680954 0
      vertex 84.6667 0.505585 0
    endloop
  endfacet
  facet normal 0 0 -1
    outer loop
      vertex 85.319 45.5032 0
      vertex 83 46.6 0
      vertex 85.1213 45.7213 0
    endloop
  endfacet
  facet normal 0 0 -1
    outer loop
      vertex 83 0 0
      vertex 84.6667 0.505585 0
      vertex 84.4142 0.354233 0
    endloop
  endfacet
  facet normal 0 0 -1
    outer loop
      vertex 85.1213 45.7213 0
      vertex 83 46.6 0
      vertex 84.9032 45.919 0
    endloop
  endfacet
  facet normal 0 0 -1
    outer loop
      vertex 83 0 0
      vertex 84.4142 0.354233 0
      vertex 84.148 0.228348 0
    endloop
  endfacet
  facet normal 0 0 -1
    outer loop
      vertex 84.9032 45.919 0
      vertex 83 46.6 0
      vertex 84.6667 46.0944 0
    endloop
  endfacet
  facet normal 0 0 -1
    outer loop
      vertex 83 0 0
      vertex 84.148 0.228348 0
      vertex 83.8708 0.129166 0
    endloop
  endfacet
  facet normal 0 0 -1
    outer loop
      vertex 84.6667 46.0944 0
      vertex 83 46.6 0
      vertex 84.4142 46.2458 0
    endloop
  endfacet
  facet normal 0 0 -1
    outer loop
      vertex 83 0 0
      vertex 83.8708 0.129166 0
      vertex 83.5853 0.0576324 0
    endloop
  endfacet
  facet normal 0 0 -1
    outer loop
      vertex 84.4142 46.2458 0
      vertex 83 46.6 0
      vertex 84.148 46.3716 0
    endloop
  endfacet
  facet normal 0 0 -1
    outer loop
      vertex 83 0 0
      vertex 83.5853 0.0576324 0
      vertex 83.294 0.0144348 0
    endloop
  endfacet
  facet normal 0 0 -1
    outer loop
      vertex 84.148 46.3716 0
      vertex 83 46.6 0
      vertex 83.8708 46.4708 0
    endloop
  endfacet
  facet normal 0 0 -1
    outer loop
      vertex 83.8708 46.4708 0
      vertex 83 46.6 0
      vertex 83.5853 46.5423 0
    endloop
  endfacet
  facet normal 0 0 -1
    outer loop
      vertex 83.5853 46.5423 0
      vertex 83 46.6 0
      vertex 83.294 46.5855 0
    endloop
  endfacet
  facet normal 0 0 -1
    outer loop
      vertex 3 0 0
      vertex 83 46.6 0
      vertex 83 0 0
    endloop
  endfacet
  facet normal 0 0 -1
    outer loop
      vertex 3 0 0
      vertex 3 46.6 0
      vertex 83 46.6 0
    endloop
  endfacet
  facet normal 0 0 -1
    outer loop
      vertex 0 3 0
      vertex 3 0 0
      vertex 2.70595 0.0144348 0
    endloop
  endfacet
  facet normal 0 0 -1
    outer loop
      vertex 3 0 0
      vertex 0 3 0
      vertex 3 46.6 0
    endloop
  endfacet
  facet normal 0 0 -1
    outer loop
      vertex 0 3 0
      vertex 2.70595 0.0144348 0
      vertex 2.41472 0.0576324 0
    endloop
  endfacet
  facet normal 0 0 -1
    outer loop
      vertex 0 43.6 0
      vertex 3 46.6 0
      vertex 0 3 0
    endloop
  endfacet
  facet normal 0 0 -1
    outer loop
      vertex 0 3 0
      vertex 2.41472 0.0576324 0
      vertex 2.12914 0.129166 0
    endloop
  endfacet
  facet normal 0 0 -1
    outer loop
      vertex 3 46.6 0
      vertex 0 43.6 0
      vertex 2.70595 46.5855 0
    endloop
  endfacet
  facet normal 0 0 -1
    outer loop
      vertex 0 3 0
      vertex 2.12914 0.129166 0
      vertex 1.85194 0.228348 0
    endloop
  endfacet
  facet normal 0 0 -1
    outer loop
      vertex 2.70595 46.5855 0
      vertex 0 43.6 0
      vertex 2.41472 46.5423 0
    endloop
  endfacet
  facet normal 0 0 -1
    outer loop
      vertex 0 3 0
      vertex 1.85194 0.228348 0
      vertex 1.5858 0.354233 0
    endloop
  endfacet
  facet normal 0 0 -1
    outer loop
      vertex 2.41472 46.5423 0
      vertex 0 43.6 0
      vertex 2.12914 46.4708 0
    endloop
  endfacet
  facet normal 0 0 -1
    outer loop
      vertex 0 3 0
      vertex 1.5858 0.354233 0
      vertex 1.33328 0.505585 0
    endloop
  endfacet
  facet normal 0 0 -1
    outer loop
      vertex 2.12914 46.4708 0
      vertex 0 43.6 0
      vertex 1.85194 46.3716 0
    endloop
  endfacet
  facet normal 0 0 -1
    outer loop
      vertex 0 3 0
      vertex 1.33328 0.505585 0
      vertex 1.09682 0.680954 0
    endloop
  endfacet
  facet normal 0 0 -1
    outer loop
      vertex 1.85194 46.3716 0
      vertex 0 43.6 0
      vertex 1.5858 46.2458 0
    endloop
  endfacet
  facet normal 0 0 -1
    outer loop
      vertex 0 3 0
      vertex 1.09682 0.680954 0
      vertex 0.878677 0.878677 0
    endloop
  endfacet
  facet normal 0 0 -1
    outer loop
      vertex 1.5858 46.2458 0
      vertex 0 43.6 0
      vertex 1.33328 46.0944 0
    endloop
  endfacet
  facet normal 0 0 -1
    outer loop
      vertex 0 3 0
      vertex 0.878677 0.878677 0
      vertex 0.680954 1.09682 0
    endloop
  endfacet
  facet normal 0 0 -1
    outer loop
      vertex 1.33328 46.0944 0
      vertex 0 43.6 0
      vertex 1.09682 45.919 0
    endloop
  endfacet
  facet normal 0 0 -1
    outer loop
      vertex 0 3 0
      vertex 0.680954 1.09682 0
      vertex 0.505585 1.33328 0
    endloop
  endfacet
  facet normal 0 0 -1
    outer loop
      vertex 1.09682 45.919 0
      vertex 0 43.6 0
      vertex 0.878677 45.7213 0
    endloop
  endfacet
  facet normal 0 0 -1
    outer loop
      vertex 0 3 0
      vertex 0.505585 1.33328 0
      vertex 0.354233 1.5858 0
    endloop
  endfacet
  facet normal 0 0 -1
    outer loop
      vertex 0.878677 45.7213 0
      vertex 0 43.6 0
      vertex 0.680954 45.5032 0
    endloop
  endfacet
  facet normal 0 0 -1
    outer loop
      vertex 0 3 0
      vertex 0.354233 1.5858 0
      vertex 0.228348 1.85194 0
    endloop
  endfacet
  facet normal 0 0 -1
    outer loop
      vertex 0.680954 45.5032 0
      vertex 0 43.6 0
      vertex 0.505585 45.2667 0
    endloop
  endfacet
  facet normal 0 0 -1
    outer loop
      vertex 0 3 0
      vertex 0.228348 1.85194 0
      vertex 0.129166 2.12914 0
    endloop
  endfacet
  facet normal 0 0 -1
    outer loop
      vertex 0.505585 45.2667 0
      vertex 0 43.6 0
      vertex 0.354233 45.0142 0
    endloop
  endfacet
  facet normal 0 0 -1
    outer loop
      vertex 0 3 0
      vertex 0.129166 2.12914 0
      vertex 0.0576324 2.41472 0
    endloop
  endfacet
  facet normal 0 0 -1
    outer loop
      vertex 0.354233 45.0142 0
      vertex 0 43.6 0
      vertex 0.228348 44.748 0
    endloop
  endfacet
  facet normal 0 0 -1
    outer loop
      vertex 0 3 0
      vertex 0.0576324 2.41472 0
      vertex 0.0144348 2.70595 0
    endloop
  endfacet
  facet normal 0 0 -1
    outer loop
      vertex 0.228348 44.748 0
      vertex 0 43.6 0
      vertex 0.129166 44.4708 0
    endloop
  endfacet
  facet normal 0 0 -1
    outer loop
      vertex 0.129166 44.4708 0
      vertex 0 43.6 0
      vertex 0.0576324 44.1853 0
    endloop
  endfacet
  facet normal 0 0 -1
    outer loop
      vertex 0.0576324 44.1853 0
      vertex 0 43.6 0
      vertex 0.0144348 43.894 0
    endloop
  endfacet
  facet normal -0.941546 -0.336885 0
    outer loop
      vertex 0.228348 1.85194 0
      vertex 0.129166 2.12914 15.6
      vertex 0.129166 2.12914 0
    endloop
  endfacet
  facet normal -0.941546 -0.336885 0
    outer loop
      vertex 0.129166 2.12914 15.6
      vertex 0.228348 1.85194 0
      vertex 0.228348 1.85194 15.6
    endloop
  endfacet
  facet normal 0.989174 0.146746 0
    outer loop
      vertex 3.01152 3.48294 15.6
      vertex 3.00288 3.54118 2
      vertex 3.00288 3.54118 15.6
    endloop
  endfacet
  facet normal 0.989174 0.146746 0
    outer loop
      vertex 3.00288 3.54118 2
      vertex 3.01152 3.48294 15.6
      vertex 3.01152 3.48294 2
    endloop
  endfacet
  facet normal 0.595999 -0.802985 0
    outer loop
      vertex 3.21936 43.4638 2
      vertex 3.26665 43.4989 15.6
      vertex 3.21936 43.4638 15.6
    endloop
  endfacet
  facet normal 0.595999 -0.802985 0
    outer loop
      vertex 3.26665 43.4989 15.6
      vertex 3.21936 43.4638 2
      vertex 3.26665 43.4989 2
    endloop
  endfacet
  facet normal 0.998803 0.0489126 0
    outer loop
      vertex 3.00288 3.54118 15.6
      vertex 3 3.59999 2
      vertex 3 3.59999 15.6
    endloop
  endfacet
  facet normal 0.998803 0.0489126 0
    outer loop
      vertex 3 3.59999 2
      vertex 3.00288 3.54118 15.6
      vertex 3.00288 3.54118 2
    endloop
  endfacet
  facet normal -0.970042 -0.242935 0
    outer loop
      vertex 82.9885 43.1171 2
      vertex 82.9742 43.1742 15.6
      vertex 82.9742 43.1742 2
    endloop
  endfacet
  facet normal -0.970042 -0.242935 0
    outer loop
      vertex 82.9742 43.1742 15.6
      vertex 82.9885 43.1171 2
      vertex 82.9885 43.1171 15.6
    endloop
  endfacet
  facet normal 0.671234 -0.741246 0
    outer loop
      vertex 3.17574 43.4243 2
      vertex 3.21936 43.4638 15.6
      vertex 3.17574 43.4243 15.6
    endloop
  endfacet
  facet normal 0.671234 -0.741246 0
    outer loop
      vertex 3.21936 43.4638 15.6
      vertex 3.17574 43.4243 2
      vertex 3.21936 43.4638 2
    endloop
  endfacet
  facet normal 0.336885 0.941546 -0
    outer loop
      vertex 3.42583 3.02583 2
      vertex 3.37038 3.04567 15.6
      vertex 3.42583 3.02583 15.6
    endloop
  endfacet
  facet normal 0.336885 0.941546 0
    outer loop
      vertex 3.37038 3.04567 15.6
      vertex 3.42583 3.02583 2
      vertex 3.37038 3.04567 2
    endloop
  endfacet
  facet normal -0.989294 -0.145934 0
    outer loop
      vertex 82.9971 43.0588 2
      vertex 82.9885 43.1171 15.6
      vertex 82.9885 43.1171 2
    endloop
  endfacet
  facet normal -0.989294 -0.145934 0
    outer loop
      vertex 82.9885 43.1171 15.6
      vertex 82.9971 43.0588 2
      vertex 82.9971 43.0588 15.6
    endloop
  endfacet
  facet normal -0.998786 -0.0492599 0
    outer loop
      vertex 83 43 2
      vertex 82.9971 43.0588 15.6
      vertex 82.9971 43.0588 2
    endloop
  endfacet
  facet normal -0.998786 -0.0492599 0
    outer loop
      vertex 82.9971 43.0588 15.6
      vertex 83 43 2
      vertex 83 43 15.6
    endloop
  endfacet
  facet normal 0.513246 -0.858242 0
    outer loop
      vertex 3.26665 43.4989 2
      vertex 3.31715 43.5291 15.6
      vertex 3.26665 43.4989 15.6
    endloop
  endfacet
  facet normal 0.513246 -0.858242 0
    outer loop
      vertex 3.31715 43.5291 15.6
      vertex 3.26665 43.4989 2
      vertex 3.31715 43.5291 2
    endloop
  endfacet
  facet normal -0.0492599 -0.998786 0
    outer loop
      vertex 82.4 43.6 2
      vertex 82.4588 43.5971 15.6
      vertex 82.4 43.6 15.6
    endloop
  endfacet
  facet normal -0.0492599 -0.998786 -0
    outer loop
      vertex 82.4588 43.5971 15.6
      vertex 82.4 43.6 2
      vertex 82.4588 43.5971 2
    endloop
  endfacet
  facet normal 0.59578 0.803148 -0
    outer loop
      vertex 3.26665 3.1011 2
      vertex 3.21936 3.13618 15.6
      vertex 3.26665 3.1011 15.6
    endloop
  endfacet
  facet normal 0.59578 0.803148 0
    outer loop
      vertex 3.21936 3.13618 15.6
      vertex 3.26665 3.1011 2
      vertex 3.21936 3.13618 2
    endloop
  endfacet
  facet normal 0.427612 0.903962 -0
    outer loop
      vertex 3.37038 3.04567 2
      vertex 3.31715 3.07085 15.6
      vertex 3.37038 3.04567 15.6
    endloop
  endfacet
  facet normal 0.427612 0.903962 0
    outer loop
      vertex 3.31715 3.07085 15.6
      vertex 3.37038 3.04567 2
      vertex 3.31715 3.07085 2
    endloop
  endfacet
  facet normal 0 0 1
    outer loop
      vertex 74.2249 36.7582 2
      vertex 11.7751 36.7582 2
      vertex 74.3207 36.4902 2
    endloop
  endfacet
  facet normal 0 0 1
    outer loop
      vertex 74.3207 10.1098 2
      vertex 11.886 9.28425 2
      vertex 11.9 9 2
    endloop
  endfacet
  facet normal 0 0 1
    outer loop
      vertex 11.6792 36.4902 2
      vertex 74.3207 36.4902 2
      vertex 11.7751 36.7582 2
    endloop
  endfacet
  facet normal 0 0 1
    outer loop
      vertex 74.3207 10.1098 2
      vertex 11.8443 9.56576 2
      vertex 11.886 9.28425 2
    endloop
  endfacet
  facet normal 0 0 1
    outer loop
      vertex 74.3207 36.4902 2
      vertex 11.6792 36.4902 2
      vertex 74.3207 10.1098 2
    endloop
  endfacet
  facet normal 0 0 1
    outer loop
      vertex 74.3207 10.1098 2
      vertex 11.7751 9.84183 2
      vertex 11.8443 9.56576 2
    endloop
  endfacet
  facet normal 0 0 1
    outer loop
      vertex 11.6792 10.1098 2
      vertex 74.3207 10.1098 2
      vertex 11.6792 36.4902 2
    endloop
  endfacet
  facet normal 0 0 1
    outer loop
      vertex 74.3207 10.1098 2
      vertex 11.6792 10.1098 2
      vertex 11.7751 9.84183 2
    endloop
  endfacet
  facet normal -0 0 1
    outer loop
      vertex 11.5576 36.2329 2
      vertex 11.6792 10.1098 2
      vertex 11.6792 36.4902 2
    endloop
  endfacet
  facet normal 0 0 1
    outer loop
      vertex 11.5576 36.2329 2
      vertex 11.5576 10.3671 2
      vertex 11.6792 10.1098 2
    endloop
  endfacet
  facet normal -0 0 1
    outer loop
      vertex 11.4113 35.9888 2
      vertex 11.5576 10.3671 2
      vertex 11.5576 36.2329 2
    endloop
  endfacet
  facet normal 0 0 1
    outer loop
      vertex 11.4113 35.9888 2
      vertex 11.4113 10.6112 2
      vertex 11.5576 10.3671 2
    endloop
  endfacet
  facet normal -0 0 1
    outer loop
      vertex 11.2417 35.7603 2
      vertex 11.4113 10.6112 2
      vertex 11.4113 35.9888 2
    endloop
  endfacet
  facet normal 0 0 1
    outer loop
      vertex 11.2417 35.7603 2
      vertex 11.2417 10.8397 2
      vertex 11.4113 10.6112 2
    endloop
  endfacet
  facet normal -0 0 1
    outer loop
      vertex 11.0506 35.5494 2
      vertex 11.2417 10.8397 2
      vertex 11.2417 35.7603 2
    endloop
  endfacet
  facet normal 0 0 1
    outer loop
      vertex 11.0506 35.5494 2
      vertex 11.0506 11.0506 2
      vertex 11.2417 10.8397 2
    endloop
  endfacet
  facet normal -0 0 1
    outer loop
      vertex 10.8397 35.3583 2
      vertex 11.0506 11.0506 2
      vertex 11.0506 35.5494 2
    endloop
  endfacet
  facet normal 0 0 1
    outer loop
      vertex 10.8397 35.3583 2
      vertex 10.8397 11.2417 2
      vertex 11.0506 11.0506 2
    endloop
  endfacet
  facet normal -0 0 1
    outer loop
      vertex 10.6112 35.1887 2
      vertex 10.8397 11.2417 2
      vertex 10.8397 35.3583 2
    endloop
  endfacet
  facet normal 0 0 1
    outer loop
      vertex 10.6112 35.1887 2
      vertex 10.6112 11.4113 2
      vertex 10.8397 11.2417 2
    endloop
  endfacet
  facet normal -0 0 1
    outer loop
      vertex 10.3671 35.0424 2
      vertex 10.6112 11.4113 2
      vertex 10.6112 35.1887 2
    endloop
  endfacet
  facet normal 0 0 1
    outer loop
      vertex 10.3671 35.0424 2
      vertex 10.3671 11.5576 2
      vertex 10.6112 11.4113 2
    endloop
  endfacet
  facet normal -0 0 1
    outer loop
      vertex 10.1098 34.9207 2
      vertex 10.3671 11.5576 2
      vertex 10.3671 35.0424 2
    endloop
  endfacet
  facet normal 0 0 1
    outer loop
      vertex 10.1098 34.9207 2
      vertex 10.1098 11.6792 2
      vertex 10.3671 11.5576 2
    endloop
  endfacet
  facet normal -0 0 1
    outer loop
      vertex 9.84183 34.8249 2
      vertex 10.1098 11.6792 2
      vertex 10.1098 34.9207 2
    endloop
  endfacet
  facet normal 0 0 1
    outer loop
      vertex 9.84183 34.8249 2
      vertex 9.84183 11.7751 2
      vertex 10.1098 11.6792 2
    endloop
  endfacet
  facet normal -0 0 1
    outer loop
      vertex 9.56576 34.7557 2
      vertex 9.84183 11.7751 2
      vertex 9.84183 34.8249 2
    endloop
  endfacet
  facet normal 0 0 1
    outer loop
      vertex 9.56576 34.7557 2
      vertex 9.56576 11.8443 2
      vertex 9.84183 11.7751 2
    endloop
  endfacet
  facet normal -0 0 1
    outer loop
      vertex 9.28425 34.714 2
      vertex 9.56576 11.8443 2
      vertex 9.56576 34.7557 2
    endloop
  endfacet
  facet normal 0 0 1
    outer loop
      vertex 9.28425 34.714 2
      vertex 9.28425 11.886 2
      vertex 9.56576 11.8443 2
    endloop
  endfacet
  facet normal -0 0 1
    outer loop
      vertex 9 34.7 2
      vertex 9.28425 11.886 2
      vertex 9.28425 34.714 2
    endloop
  endfacet
  facet normal 0 0 1
    outer loop
      vertex 9 34.7 2
      vertex 9 11.9 2
      vertex 9.28425 11.886 2
    endloop
  endfacet
  facet normal 0 0 1
    outer loop
      vertex 8.71575 34.714 2
      vertex 9 11.9 2
      vertex 9 34.7 2
    endloop
  endfacet
  facet normal 0 0 1
    outer loop
      vertex 8.71575 34.714 2
      vertex 8.71575 11.886 2
      vertex 9 11.9 2
    endloop
  endfacet
  facet normal 0 0 1
    outer loop
      vertex 8.43424 34.7557 2
      vertex 8.71575 11.886 2
      vertex 8.71575 34.714 2
    endloop
  endfacet
  facet normal 0 0 1
    outer loop
      vertex 8.43424 34.7557 2
      vertex 8.43424 11.8443 2
      vertex 8.71575 11.886 2
    endloop
  endfacet
  facet normal 0 0 1
    outer loop
      vertex 8.15817 34.8249 2
      vertex 8.43424 11.8443 2
      vertex 8.43424 34.7557 2
    endloop
  endfacet
  facet normal 0 0 1
    outer loop
      vertex 8.15817 34.8249 2
      vertex 8.15817 11.7751 2
      vertex 8.43424 11.8443 2
    endloop
  endfacet
  facet normal 0 0 1
    outer loop
      vertex 7.89022 34.9207 2
      vertex 8.15817 11.7751 2
      vertex 8.15817 34.8249 2
    endloop
  endfacet
  facet normal 0 0 1
    outer loop
      vertex 7.89022 34.9207 2
      vertex 7.89022 11.6792 2
      vertex 8.15817 11.7751 2
    endloop
  endfacet
  facet normal 0 0 1
    outer loop
      vertex 7.63295 35.0424 2
      vertex 7.89022 11.6792 2
      vertex 7.89022 34.9207 2
    endloop
  endfacet
  facet normal 0 0 1
    outer loop
      vertex 7.63295 35.0424 2
      vertex 7.63295 11.5576 2
      vertex 7.89022 11.6792 2
    endloop
  endfacet
  facet normal 0 0 1
    outer loop
      vertex 7.38885 35.1887 2
      vertex 7.63295 11.5576 2
      vertex 7.63295 35.0424 2
    endloop
  endfacet
  facet normal 0 0 1
    outer loop
      vertex 7.38885 35.1887 2
      vertex 7.38885 11.4113 2
      vertex 7.63295 11.5576 2
    endloop
  endfacet
  facet normal 0 0 1
    outer loop
      vertex 7.16026 35.3583 2
      vertex 7.38885 11.4113 2
      vertex 7.38885 35.1887 2
    endloop
  endfacet
  facet normal 0 0 1
    outer loop
      vertex 7.16026 35.3583 2
      vertex 7.16026 11.2417 2
      vertex 7.38885 11.4113 2
    endloop
  endfacet
  facet normal 0 0 1
    outer loop
      vertex 6.94939 35.5494 2
      vertex 7.16026 11.2417 2
      vertex 7.16026 35.3583 2
    endloop
  endfacet
  facet normal 0 0 1
    outer loop
      vertex 6.94939 35.5494 2
      vertex 6.94939 11.0506 2
      vertex 7.16026 11.2417 2
    endloop
  endfacet
  facet normal 0 0 1
    outer loop
      vertex 6.75827 35.7603 2
      vertex 6.94939 11.0506 2
      vertex 6.94939 35.5494 2
    endloop
  endfacet
  facet normal 0 0 1
    outer loop
      vertex 6.75827 35.7603 2
      vertex 6.75827 10.8397 2
      vertex 6.94939 11.0506 2
    endloop
  endfacet
  facet normal 0 0 1
    outer loop
      vertex 6.58874 35.9888 2
      vertex 6.75827 10.8397 2
      vertex 6.75827 35.7603 2
    endloop
  endfacet
  facet normal 0 0 1
    outer loop
      vertex 6.58874 35.9888 2
      vertex 6.58874 10.6112 2
      vertex 6.75827 10.8397 2
    endloop
  endfacet
  facet normal 0 0 1
    outer loop
      vertex 6.44243 36.2329 2
      vertex 6.58874 10.6112 2
      vertex 6.58874 35.9888 2
    endloop
  endfacet
  facet normal 0 0 1
    outer loop
      vertex 6.44243 36.2329 2
      vertex 6.44243 10.3671 2
      vertex 6.58874 10.6112 2
    endloop
  endfacet
  facet normal 0 0 1
    outer loop
      vertex 6.32075 36.4902 2
      vertex 6.44243 10.3671 2
      vertex 6.44243 36.2329 2
    endloop
  endfacet
  facet normal 0 0 1
    outer loop
      vertex 6.32075 36.4902 2
      vertex 6.32075 10.1098 2
      vertex 6.44243 10.3671 2
    endloop
  endfacet
  facet normal 0 0 1
    outer loop
      vertex 3 43 2
      vertex 6.32075 36.4902 2
      vertex 6.22487 36.7582 2
    endloop
  endfacet
  facet normal 0 0 1
    outer loop
      vertex 6.32075 36.4902 2
      vertex 3 43 2
      vertex 6.32075 10.1098 2
    endloop
  endfacet
  facet normal 0 0 1
    outer loop
      vertex 3 43 2
      vertex 6.22487 36.7582 2
      vertex 6.15572 37.0342 2
    endloop
  endfacet
  facet normal 0 0 1
    outer loop
      vertex 3 3.59999 2
      vertex 6.32075 10.1098 2
      vertex 3 43 2
    endloop
  endfacet
  facet normal 0 0 1
    outer loop
      vertex 3 43 2
      vertex 6.15572 37.0342 2
      vertex 6.11396 37.3158 2
    endloop
  endfacet
  facet normal 0 0 1
    outer loop
      vertex 6.32075 10.1098 2
      vertex 3 3.59999 2
      vertex 6.22487 9.84183 2
    endloop
  endfacet
  facet normal 0 0 1
    outer loop
      vertex 3 43 2
      vertex 6.11396 37.3158 2
      vertex 6.1 37.6 2
    endloop
  endfacet
  facet normal 0 0 1
    outer loop
      vertex 6.22487 9.84183 2
      vertex 3 3.59999 2
      vertex 6.15572 9.56576 2
    endloop
  endfacet
  facet normal 0 0 1
    outer loop
      vertex 79.7751 36.7582 2
      vertex 83 43 2
      vertex 79.8443 37.0342 2
    endloop
  endfacet
  facet normal 0 0 1
    outer loop
      vertex 83 3.59999 2
      vertex 79.886 9.28425 2
      vertex 79.9 9 2
    endloop
  endfacet
  facet normal 0 0 1
    outer loop
      vertex 79.6793 36.4902 2
      vertex 83 43 2
      vertex 79.7751 36.7582 2
    endloop
  endfacet
  facet normal 0 0 1
    outer loop
      vertex 83 3.59999 2
      vertex 79.8443 9.56576 2
      vertex 79.886 9.28425 2
    endloop
  endfacet
  facet normal 0 0 1
    outer loop
      vertex 83 43 2
      vertex 79.6793 36.4902 2
      vertex 83 3.59999 2
    endloop
  endfacet
  facet normal 0 0 1
    outer loop
      vertex 83 3.59999 2
      vertex 79.7751 9.84183 2
      vertex 79.8443 9.56576 2
    endloop
  endfacet
  facet normal -0 0 1
    outer loop
      vertex 79.6793 10.1098 2
      vertex 83 3.59999 2
      vertex 79.6793 36.4902 2
    endloop
  endfacet
  facet normal 0 0 1
    outer loop
      vertex 83 3.59999 2
      vertex 79.6793 10.1098 2
      vertex 79.7751 9.84183 2
    endloop
  endfacet
  facet normal -0 0 1
    outer loop
      vertex 79.5576 36.2329 2
      vertex 79.6793 10.1098 2
      vertex 79.6793 36.4902 2
    endloop
  endfacet
  facet normal 0 0 1
    outer loop
      vertex 79.5576 36.2329 2
      vertex 79.5576 10.3671 2
      vertex 79.6793 10.1098 2
    endloop
  endfacet
  facet normal -0 0 1
    outer loop
      vertex 79.4113 35.9888 2
      vertex 79.5576 10.3671 2
      vertex 79.5576 36.2329 2
    endloop
  endfacet
  facet normal 0 0 1
    outer loop
      vertex 79.4113 35.9888 2
      vertex 79.4113 10.6112 2
      vertex 79.5576 10.3671 2
    endloop
  endfacet
  facet normal -0 0 1
    outer loop
      vertex 79.2417 35.7603 2
      vertex 79.4113 10.6112 2
      vertex 79.4113 35.9888 2
    endloop
  endfacet
  facet normal 0 0 1
    outer loop
      vertex 79.2417 35.7603 2
      vertex 79.2417 10.8397 2
      vertex 79.4113 10.6112 2
    endloop
  endfacet
  facet normal -0 0 1
    outer loop
      vertex 79.0506 35.5494 2
      vertex 79.2417 10.8397 2
      vertex 79.2417 35.7603 2
    endloop
  endfacet
  facet normal 0 0 1
    outer loop
      vertex 79.0506 35.5494 2
      vertex 79.0506 11.0506 2
      vertex 79.2417 10.8397 2
    endloop
  endfacet
  facet normal -0 0 1
    outer loop
      vertex 78.8397 35.3583 2
      vertex 79.0506 11.0506 2
      vertex 79.0506 35.5494 2
    endloop
  endfacet
  facet normal 0 0 1
    outer loop
      vertex 78.8397 35.3583 2
      vertex 78.8397 11.2417 2
      vertex 79.0506 11.0506 2
    endloop
  endfacet
  facet normal -0 0 1
    outer loop
      vertex 78.6112 35.1887 2
      vertex 78.8397 11.2417 2
      vertex 78.8397 35.3583 2
    endloop
  endfacet
  facet normal 0 0 1
    outer loop
      vertex 78.6112 35.1887 2
      vertex 78.6112 11.4113 2
      vertex 78.8397 11.2417 2
    endloop
  endfacet
  facet normal -0 0 1
    outer loop
      vertex 78.3671 35.0424 2
      vertex 78.6112 11.4113 2
      vertex 78.6112 35.1887 2
    endloop
  endfacet
  facet normal 0 0 1
    outer loop
      vertex 78.3671 35.0424 2
      vertex 78.3671 11.5576 2
      vertex 78.6112 11.4113 2
    endloop
  endfacet
  facet normal -0 0 1
    outer loop
      vertex 78.1098 34.9207 2
      vertex 78.3671 11.5576 2
      vertex 78.3671 35.0424 2
    endloop
  endfacet
  facet normal 0 0 1
    outer loop
      vertex 78.1098 34.9207 2
      vertex 78.1098 11.6792 2
      vertex 78.3671 11.5576 2
    endloop
  endfacet
  facet normal -0 0 1
    outer loop
      vertex 77.8418 34.8249 2
      vertex 78.1098 11.6792 2
      vertex 78.1098 34.9207 2
    endloop
  endfacet
  facet normal 0 0 1
    outer loop
      vertex 77.8418 34.8249 2
      vertex 77.8418 11.7751 2
      vertex 78.1098 11.6792 2
    endloop
  endfacet
  facet normal -0 0 1
    outer loop
      vertex 77.5658 34.7557 2
      vertex 77.8418 11.7751 2
      vertex 77.8418 34.8249 2
    endloop
  endfacet
  facet normal 0 0 1
    outer loop
      vertex 77.5658 34.7557 2
      vertex 77.5658 11.8443 2
      vertex 77.8418 11.7751 2
    endloop
  endfacet
  facet normal -0 0 1
    outer loop
      vertex 77.2842 34.714 2
      vertex 77.5658 11.8443 2
      vertex 77.5658 34.7557 2
    endloop
  endfacet
  facet normal 0 0 1
    outer loop
      vertex 77.2842 34.714 2
      vertex 77.2842 11.886 2
      vertex 77.5658 11.8443 2
    endloop
  endfacet
  facet normal -0 0 1
    outer loop
      vertex 77 34.7 2
      vertex 77.2842 11.886 2
      vertex 77.2842 34.714 2
    endloop
  endfacet
  facet normal 0 0 1
    outer loop
      vertex 77 34.7 2
      vertex 77 11.9 2
      vertex 77.2842 11.886 2
    endloop
  endfacet
  facet normal 0 0 1
    outer loop
      vertex 76.7158 34.714 2
      vertex 77 11.9 2
      vertex 77 34.7 2
    endloop
  endfacet
  facet normal 0 0 1
    outer loop
      vertex 76.7158 34.714 2
      vertex 76.7158 11.886 2
      vertex 77 11.9 2
    endloop
  endfacet
  facet normal 0 0 1
    outer loop
      vertex 76.4342 34.7557 2
      vertex 76.7158 11.886 2
      vertex 76.7158 34.714 2
    endloop
  endfacet
  facet normal 0 0 1
    outer loop
      vertex 76.4342 34.7557 2
      vertex 76.4342 11.8443 2
      vertex 76.7158 11.886 2
    endloop
  endfacet
  facet normal 0 0 1
    outer loop
      vertex 76.1582 34.8249 2
      vertex 76.4342 11.8443 2
      vertex 76.4342 34.7557 2
    endloop
  endfacet
  facet normal 0 0 1
    outer loop
      vertex 76.1582 34.8249 2
      vertex 76.1582 11.7751 2
      vertex 76.4342 11.8443 2
    endloop
  endfacet
  facet normal 0 0 1
    outer loop
      vertex 75.8902 34.9207 2
      vertex 76.1582 11.7751 2
      vertex 76.1582 34.8249 2
    endloop
  endfacet
  facet normal 0 0 1
    outer loop
      vertex 75.8902 34.9207 2
      vertex 75.8902 11.6792 2
      vertex 76.1582 11.7751 2
    endloop
  endfacet
  facet normal 0 0 1
    outer loop
      vertex 75.6329 35.0424 2
      vertex 75.8902 11.6792 2
      vertex 75.8902 34.9207 2
    endloop
  endfacet
  facet normal 0 0 1
    outer loop
      vertex 75.6329 35.0424 2
      vertex 75.6329 11.5576 2
      vertex 75.8902 11.6792 2
    endloop
  endfacet
  facet normal 0 0 1
    outer loop
      vertex 75.3888 35.1887 2
      vertex 75.6329 11.5576 2
      vertex 75.6329 35.0424 2
    endloop
  endfacet
  facet normal 0 0 1
    outer loop
      vertex 75.3888 35.1887 2
      vertex 75.3888 11.4113 2
      vertex 75.6329 11.5576 2
    endloop
  endfacet
  facet normal 0 0 1
    outer loop
      vertex 75.1603 35.3583 2
      vertex 75.3888 11.4113 2
      vertex 75.3888 35.1887 2
    endloop
  endfacet
  facet normal 0 0 1
    outer loop
      vertex 75.1603 35.3583 2
      vertex 75.1603 11.2417 2
      vertex 75.3888 11.4113 2
    endloop
  endfacet
  facet normal 0 0 1
    outer loop
      vertex 74.9494 35.5494 2
      vertex 75.1603 11.2417 2
      vertex 75.1603 35.3583 2
    endloop
  endfacet
  facet normal 0 0 1
    outer loop
      vertex 74.9494 35.5494 2
      vertex 74.9494 11.0506 2
      vertex 75.1603 11.2417 2
    endloop
  endfacet
  facet normal 0 0 1
    outer loop
      vertex 74.7583 35.7603 2
      vertex 74.9494 11.0506 2
      vertex 74.9494 35.5494 2
    endloop
  endfacet
  facet normal 0 0 1
    outer loop
      vertex 74.7583 35.7603 2
      vertex 74.7583 10.8397 2
      vertex 74.9494 11.0506 2
    endloop
  endfacet
  facet normal 0 0 1
    outer loop
      vertex 74.5887 35.9888 2
      vertex 74.7583 10.8397 2
      vertex 74.7583 35.7603 2
    endloop
  endfacet
  facet normal 0 0 1
    outer loop
      vertex 74.5887 35.9888 2
      vertex 74.5887 10.6112 2
      vertex 74.7583 10.8397 2
    endloop
  endfacet
  facet normal 0 0 1
    outer loop
      vertex 74.4424 36.2329 2
      vertex 74.5887 10.6112 2
      vertex 74.5887 35.9888 2
    endloop
  endfacet
  facet normal 0 0 1
    outer loop
      vertex 74.4424 36.2329 2
      vertex 74.4424 10.3671 2
      vertex 74.5887 10.6112 2
    endloop
  endfacet
  facet normal 0 0 1
    outer loop
      vertex 74.3207 36.4902 2
      vertex 74.4424 10.3671 2
      vertex 74.4424 36.2329 2
    endloop
  endfacet
  facet normal 0 0 1
    outer loop
      vertex 74.3207 36.4902 2
      vertex 74.3207 10.1098 2
      vertex 74.4424 10.3671 2
    endloop
  endfacet
  facet normal 0 0 1
    outer loop
      vertex 11.8443 37.0342 2
      vertex 74.1557 37.0342 2
      vertex 11.886 37.3158 2
    endloop
  endfacet
  facet normal 0 0 1
    outer loop
      vertex 74.1557 37.0342 2
      vertex 11.8443 37.0342 2
      vertex 74.2249 36.7582 2
    endloop
  endfacet
  facet normal 0 0 1
    outer loop
      vertex 74.114 37.3158 2
      vertex 11.886 37.3158 2
      vertex 74.1557 37.0342 2
    endloop
  endfacet
  facet normal 0 0 1
    outer loop
      vertex 11.7751 36.7582 2
      vertex 74.2249 36.7582 2
      vertex 11.8443 37.0342 2
    endloop
  endfacet
  facet normal 0 0 1
    outer loop
      vertex 11.886 37.3158 2
      vertex 74.114 37.3158 2
      vertex 11.9 37.6 2
    endloop
  endfacet
  facet normal 0 0 1
    outer loop
      vertex 74.3207 10.1098 2
      vertex 11.9 9 2
      vertex 74.2249 9.84183 2
    endloop
  endfacet
  facet normal -0 0 1
    outer loop
      vertex 11.9 37.6 2
      vertex 74.114 37.3158 2
      vertex 74.1 37.6 2
    endloop
  endfacet
  facet normal 0 0 1
    outer loop
      vertex 74.2249 9.84183 2
      vertex 11.9 9 2
      vertex 74.1557 9.56576 2
    endloop
  endfacet
  facet normal 0 0 1
    outer loop
      vertex 82.4 43.6 2
      vertex 83 43 2
      vertex 82.9971 43.0588 2
    endloop
  endfacet
  facet normal 0 0 1
    outer loop
      vertex 79.886 37.3158 2
      vertex 83 43 2
      vertex 79.9 37.6 2
    endloop
  endfacet
  facet normal 0 0 1
    outer loop
      vertex 82.4 43.6 2
      vertex 82.9971 43.0588 2
      vertex 82.9885 43.1171 2
    endloop
  endfacet
  facet normal 0 0 1
    outer loop
      vertex 79.8443 37.0342 2
      vertex 83 43 2
      vertex 79.886 37.3158 2
    endloop
  endfacet
  facet normal 0 0 1
    outer loop
      vertex 82.4 43.6 2
      vertex 82.9885 43.1171 2
      vertex 82.9742 43.1742 2
    endloop
  endfacet
  facet normal -0 0 1
    outer loop
      vertex 79.886 8.71575 2
      vertex 83 3.59999 2
      vertex 79.9 9 2
    endloop
  endfacet
  facet normal 0 0 1
    outer loop
      vertex 82.4 43.6 2
      vertex 82.9742 43.1742 2
      vertex 82.9543 43.2296 2
    endloop
  endfacet
  facet normal -0 0 1
    outer loop
      vertex 79.8443 8.43424 2
      vertex 83 3.59999 2
      vertex 79.886 8.71575 2
    endloop
  endfacet
  facet normal 0 0 1
    outer loop
      vertex 82.4 43.6 2
      vertex 82.9543 43.2296 2
      vertex 82.9291 43.2828 2
    endloop
  endfacet
  facet normal -0 0 1
    outer loop
      vertex 79.7751 8.15817 2
      vertex 83 3.59999 2
      vertex 79.8443 8.43424 2
    endloop
  endfacet
  facet normal 0 0 1
    outer loop
      vertex 82.4 43.6 2
      vertex 82.9291 43.2828 2
      vertex 82.8989 43.3333 2
    endloop
  endfacet
  facet normal -0 0 1
    outer loop
      vertex 79.6793 7.89022 2
      vertex 83 3.59999 2
      vertex 79.7751 8.15817 2
    endloop
  endfacet
  facet normal 0 0 1
    outer loop
      vertex 82.4 43.6 2
      vertex 82.8989 43.3333 2
      vertex 82.8638 43.3806 2
    endloop
  endfacet
  facet normal -0 0 1
    outer loop
      vertex 79.5576 7.63295 2
      vertex 83 3.59999 2
      vertex 79.6793 7.89022 2
    endloop
  endfacet
  facet normal 0 0 1
    outer loop
      vertex 82.4 43.6 2
      vertex 82.8638 43.3806 2
      vertex 82.8242 43.4243 2
    endloop
  endfacet
  facet normal -0 0 1
    outer loop
      vertex 79.4113 7.38885 2
      vertex 83 3.59999 2
      vertex 79.5576 7.63295 2
    endloop
  endfacet
  facet normal 0 0 1
    outer loop
      vertex 82.4 43.6 2
      vertex 82.8242 43.4243 2
      vertex 82.7806 43.4638 2
    endloop
  endfacet
  facet normal -0 0 1
    outer loop
      vertex 79.2417 7.16026 2
      vertex 83 3.59999 2
      vertex 79.4113 7.38885 2
    endloop
  endfacet
  facet normal 0 0 1
    outer loop
      vertex 82.4 43.6 2
      vertex 82.7806 43.4638 2
      vertex 82.7333 43.4989 2
    endloop
  endfacet
  facet normal -0 0 1
    outer loop
      vertex 79.0506 6.94939 2
      vertex 83 3.59999 2
      vertex 79.2417 7.16026 2
    endloop
  endfacet
  facet normal 0 0 1
    outer loop
      vertex 82.4 43.6 2
      vertex 82.7333 43.4989 2
      vertex 82.6828 43.5291 2
    endloop
  endfacet
  facet normal 0 -0 1
    outer loop
      vertex 82.4 3 2
      vertex 83 3.59999 2
      vertex 79.0506 6.94939 2
    endloop
  endfacet
  facet normal 0 0 1
    outer loop
      vertex 82.4 43.6 2
      vertex 82.6828 43.5291 2
      vertex 82.6296 43.5543 2
    endloop
  endfacet
  facet normal 0 0 1
    outer loop
      vertex 83 3.59999 2
      vertex 82.4 3 2
      vertex 82.9971 3.54118 2
    endloop
  endfacet
  facet normal 0 0 1
    outer loop
      vertex 82.4 43.6 2
      vertex 82.6296 43.5543 2
      vertex 82.5742 43.5742 2
    endloop
  endfacet
  facet normal 0 0 1
    outer loop
      vertex 82.9885 3.48294 2
      vertex 82.4 3 2
      vertex 82.9742 3.42583 2
    endloop
  endfacet
  facet normal 0 0 1
    outer loop
      vertex 82.4 43.6 2
      vertex 82.5742 43.5742 2
      vertex 82.517 43.5885 2
    endloop
  endfacet
  facet normal 0 0 1
    outer loop
      vertex 82.9742 3.42583 2
      vertex 82.4 3 2
      vertex 82.9543 3.37038 2
    endloop
  endfacet
  facet normal 0 0 1
    outer loop
      vertex 82.4 43.6 2
      vertex 82.517 43.5885 2
      vertex 82.4588 43.5971 2
    endloop
  endfacet
  facet normal 0 0 1
    outer loop
      vertex 82.9543 3.37038 2
      vertex 82.4 3 2
      vertex 82.9291 3.31715 2
    endloop
  endfacet
  facet normal 0 0 1
    outer loop
      vertex 83 43 2
      vertex 82.4 43.6 2
      vertex 79.0506 39.6506 2
    endloop
  endfacet
  facet normal 0 0 1
    outer loop
      vertex 82.9291 3.31715 2
      vertex 82.4 3 2
      vertex 82.8989 3.26665 2
    endloop
  endfacet
  facet normal 0 0 1
    outer loop
      vertex 82.8638 3.21936 2
      vertex 82.4 3 2
      vertex 82.8242 3.17574 2
    endloop
  endfacet
  facet normal 0 0 1
    outer loop
      vertex 83 43 2
      vertex 79.886 37.8843 2
      vertex 79.9 37.6 2
    endloop
  endfacet
  facet normal 0 0 1
    outer loop
      vertex 83 43 2
      vertex 79.8443 38.1658 2
      vertex 79.886 37.8843 2
    endloop
  endfacet
  facet normal 0 0 1
    outer loop
      vertex 83 43 2
      vertex 79.7751 38.4418 2
      vertex 79.8443 38.1658 2
    endloop
  endfacet
  facet normal 0 0 1
    outer loop
      vertex 83 43 2
      vertex 79.6793 38.7098 2
      vertex 79.7751 38.4418 2
    endloop
  endfacet
  facet normal 0 0 1
    outer loop
      vertex 83 43 2
      vertex 79.5576 38.967 2
      vertex 79.6793 38.7098 2
    endloop
  endfacet
  facet normal 0 0 1
    outer loop
      vertex 83 43 2
      vertex 79.4113 39.2112 2
      vertex 79.5576 38.967 2
    endloop
  endfacet
  facet normal 0 0 1
    outer loop
      vertex 83 43 2
      vertex 79.2417 39.4397 2
      vertex 79.4113 39.2112 2
    endloop
  endfacet
  facet normal 0 0 1
    outer loop
      vertex 83 43 2
      vertex 79.0506 39.6506 2
      vertex 79.2417 39.4397 2
    endloop
  endfacet
  facet normal 0 0 1
    outer loop
      vertex 82.4 43.6 2
      vertex 78.8397 39.8417 2
      vertex 79.0506 39.6506 2
    endloop
  endfacet
  facet normal 0 0 1
    outer loop
      vertex 82.4 43.6 2
      vertex 78.6112 40.0113 2
      vertex 78.8397 39.8417 2
    endloop
  endfacet
  facet normal 0 0 1
    outer loop
      vertex 82.4 43.6 2
      vertex 78.3671 40.1576 2
      vertex 78.6112 40.0113 2
    endloop
  endfacet
  facet normal 0 0 1
    outer loop
      vertex 82.4 43.6 2
      vertex 78.1098 40.2793 2
      vertex 78.3671 40.1576 2
    endloop
  endfacet
  facet normal 0 0 1
    outer loop
      vertex 82.4 43.6 2
      vertex 77.8418 40.3751 2
      vertex 78.1098 40.2793 2
    endloop
  endfacet
  facet normal 0 0 1
    outer loop
      vertex 82.4 43.6 2
      vertex 77.5658 40.4443 2
      vertex 77.8418 40.3751 2
    endloop
  endfacet
  facet normal 0 0 1
    outer loop
      vertex 82.4 43.6 2
      vertex 77.2842 40.486 2
      vertex 77.5658 40.4443 2
    endloop
  endfacet
  facet normal 0 0 1
    outer loop
      vertex 82.4 43.6 2
      vertex 77 40.5 2
      vertex 77.2842 40.486 2
    endloop
  endfacet
  facet normal 0 0 1
    outer loop
      vertex 82.4 43.6 2
      vertex 76.7158 40.486 2
      vertex 77 40.5 2
    endloop
  endfacet
  facet normal 0 0 1
    outer loop
      vertex 82.4 43.6 2
      vertex 76.4342 40.4443 2
      vertex 76.7158 40.486 2
    endloop
  endfacet
  facet normal 0 0 1
    outer loop
      vertex 82.4 43.6 2
      vertex 76.1582 40.3751 2
      vertex 76.4342 40.4443 2
    endloop
  endfacet
  facet normal 0 0 1
    outer loop
      vertex 82.4 43.6 2
      vertex 75.8902 40.2793 2
      vertex 76.1582 40.3751 2
    endloop
  endfacet
  facet normal 0 0 1
    outer loop
      vertex 10.1098 40.2793 2
      vertex 75.8902 40.2793 2
      vertex 82.4 43.6 2
    endloop
  endfacet
  facet normal 0 0 1
    outer loop
      vertex 74.1557 9.56576 2
      vertex 11.9 9 2
      vertex 74.114 9.28425 2
    endloop
  endfacet
  facet normal 0 0 1
    outer loop
      vertex 74.114 37.8843 2
      vertex 11.9 37.6 2
      vertex 74.1 37.6 2
    endloop
  endfacet
  facet normal 0 0 1
    outer loop
      vertex 11.886 37.8843 2
      vertex 74.114 37.8843 2
      vertex 74.1557 38.1658 2
    endloop
  endfacet
  facet normal 0 0 1
    outer loop
      vertex 11.8443 38.1658 2
      vertex 74.1557 38.1658 2
      vertex 74.2249 38.4418 2
    endloop
  endfacet
  facet normal 0 0 1
    outer loop
      vertex 11.7751 38.4418 2
      vertex 74.2249 38.4418 2
      vertex 74.3207 38.7098 2
    endloop
  endfacet
  facet normal 0 0 1
    outer loop
      vertex 11.6792 38.7098 2
      vertex 74.3207 38.7098 2
      vertex 74.4424 38.967 2
    endloop
  endfacet
  facet normal 0 0 1
    outer loop
      vertex 11.5576 38.967 2
      vertex 74.4424 38.967 2
      vertex 74.5887 39.2112 2
    endloop
  endfacet
  facet normal 0 0 1
    outer loop
      vertex 11.4113 39.2112 2
      vertex 74.5887 39.2112 2
      vertex 74.7583 39.4397 2
    endloop
  endfacet
  facet normal 0 0 1
    outer loop
      vertex 11.2417 39.4397 2
      vertex 74.7583 39.4397 2
      vertex 74.9494 39.6506 2
    endloop
  endfacet
  facet normal 0 0 1
    outer loop
      vertex 11.0506 39.6506 2
      vertex 74.9494 39.6506 2
      vertex 75.1603 39.8417 2
    endloop
  endfacet
  facet normal 0 0 1
    outer loop
      vertex 10.8397 39.8417 2
      vertex 75.1603 39.8417 2
      vertex 75.3888 40.0113 2
    endloop
  endfacet
  facet normal 0 0 1
    outer loop
      vertex 10.6112 40.0113 2
      vertex 75.3888 40.0113 2
      vertex 75.6329 40.1576 2
    endloop
  endfacet
  facet normal 0 0 1
    outer loop
      vertex 75.8902 40.2793 2
      vertex 10.1098 40.2793 2
      vertex 75.6329 40.1576 2
    endloop
  endfacet
  facet normal 0 0 1
    outer loop
      vertex 74.114 37.8843 2
      vertex 11.886 37.8843 2
      vertex 11.9 37.6 2
    endloop
  endfacet
  facet normal 0 0 1
    outer loop
      vertex 74.1557 38.1658 2
      vertex 11.8443 38.1658 2
      vertex 11.886 37.8843 2
    endloop
  endfacet
  facet normal 0 0 1
    outer loop
      vertex 74.2249 38.4418 2
      vertex 11.7751 38.4418 2
      vertex 11.8443 38.1658 2
    endloop
  endfacet
  facet normal 0 0 1
    outer loop
      vertex 74.3207 38.7098 2
      vertex 11.6792 38.7098 2
      vertex 11.7751 38.4418 2
    endloop
  endfacet
  facet normal 0 0 1
    outer loop
      vertex 74.4424 38.967 2
      vertex 11.5576 38.967 2
      vertex 11.6792 38.7098 2
    endloop
  endfacet
  facet normal 0 0 1
    outer loop
      vertex 74.5887 39.2112 2
      vertex 11.4113 39.2112 2
      vertex 11.5576 38.967 2
    endloop
  endfacet
  facet normal 0 0 1
    outer loop
      vertex 74.7583 39.4397 2
      vertex 11.2417 39.4397 2
      vertex 11.4113 39.2112 2
    endloop
  endfacet
  facet normal 0 0 1
    outer loop
      vertex 74.9494 39.6506 2
      vertex 11.0506 39.6506 2
      vertex 11.2417 39.4397 2
    endloop
  endfacet
  facet normal 0 0 1
    outer loop
      vertex 75.1603 39.8417 2
      vertex 10.8397 39.8417 2
      vertex 11.0506 39.6506 2
    endloop
  endfacet
  facet normal 0 0 1
    outer loop
      vertex 75.3888 40.0113 2
      vertex 10.6112 40.0113 2
      vertex 10.8397 39.8417 2
    endloop
  endfacet
  facet normal 0 0 1
    outer loop
      vertex 75.6329 40.1576 2
      vertex 10.3671 40.1576 2
      vertex 10.6112 40.0113 2
    endloop
  endfacet
  facet normal 0 0 1
    outer loop
      vertex 75.6329 40.1576 2
      vertex 10.1098 40.2793 2
      vertex 10.3671 40.1576 2
    endloop
  endfacet
  facet normal -0 0 1
    outer loop
      vertex 3.59999 43.6 2
      vertex 10.1098 40.2793 2
      vertex 82.4 43.6 2
    endloop
  endfacet
  facet normal 0 0 1
    outer loop
      vertex 10.1098 40.2793 2
      vertex 3.59999 43.6 2
      vertex 9.84183 40.3751 2
    endloop
  endfacet
  facet normal 0 0 1
    outer loop
      vertex 9.84183 40.3751 2
      vertex 3.59999 43.6 2
      vertex 9.56576 40.4443 2
    endloop
  endfacet
  facet normal 0 0 1
    outer loop
      vertex 9.56576 40.4443 2
      vertex 3.59999 43.6 2
      vertex 9.28425 40.486 2
    endloop
  endfacet
  facet normal 0 0 1
    outer loop
      vertex 6.11396 37.8843 2
      vertex 3 43 2
      vertex 6.1 37.6 2
    endloop
  endfacet
  facet normal 0 0 1
    outer loop
      vertex 6.15572 38.1658 2
      vertex 3 43 2
      vertex 6.11396 37.8843 2
    endloop
  endfacet
  facet normal 0 0 1
    outer loop
      vertex 6.22487 38.4418 2
      vertex 3 43 2
      vertex 6.15572 38.1658 2
    endloop
  endfacet
  facet normal 0 0 1
    outer loop
      vertex 6.32075 38.7098 2
      vertex 3 43 2
      vertex 6.22487 38.4418 2
    endloop
  endfacet
  facet normal 0 0 1
    outer loop
      vertex 6.44243 38.967 2
      vertex 3 43 2
      vertex 6.32075 38.7098 2
    endloop
  endfacet
  facet normal 0 0 1
    outer loop
      vertex 6.58874 39.2112 2
      vertex 3 43 2
      vertex 6.44243 38.967 2
    endloop
  endfacet
  facet normal 0 0 1
    outer loop
      vertex 6.75827 39.4397 2
      vertex 3 43 2
      vertex 6.58874 39.2112 2
    endloop
  endfacet
  facet normal 0 0 1
    outer loop
      vertex 6.94939 39.6506 2
      vertex 3 43 2
      vertex 6.75827 39.4397 2
    endloop
  endfacet
  facet normal -0 0 1
    outer loop
      vertex 3 43 2
      vertex 6.94939 39.6506 2
      vertex 3.59999 43.6 2
    endloop
  endfacet
  facet normal 0 0 1
    outer loop
      vertex 7.16026 39.8417 2
      vertex 3.59999 43.6 2
      vertex 6.94939 39.6506 2
    endloop
  endfacet
  facet normal 0 0 1
    outer loop
      vertex 7.38885 40.0113 2
      vertex 3.59999 43.6 2
      vertex 7.16026 39.8417 2
    endloop
  endfacet
  facet normal 0 0 1
    outer loop
      vertex 7.63295 40.1576 2
      vertex 3.59999 43.6 2
      vertex 7.38885 40.0113 2
    endloop
  endfacet
  facet normal 0 0 1
    outer loop
      vertex 7.89022 40.2793 2
      vertex 3.59999 43.6 2
      vertex 7.63295 40.1576 2
    endloop
  endfacet
  facet normal 0 0 1
    outer loop
      vertex 8.15817 40.3751 2
      vertex 3.59999 43.6 2
      vertex 7.89022 40.2793 2
    endloop
  endfacet
  facet normal 0 0 1
    outer loop
      vertex 8.43424 40.4443 2
      vertex 3.59999 43.6 2
      vertex 8.15817 40.3751 2
    endloop
  endfacet
  facet normal 0 0 1
    outer loop
      vertex 8.71575 40.486 2
      vertex 3.59999 43.6 2
      vertex 8.43424 40.4443 2
    endloop
  endfacet
  facet normal 0 0 1
    outer loop
      vertex 9 40.5 2
      vertex 3.59999 43.6 2
      vertex 8.71575 40.486 2
    endloop
  endfacet
  facet normal 0 0 1
    outer loop
      vertex 9.28425 40.486 2
      vertex 3.59999 43.6 2
      vertex 9 40.5 2
    endloop
  endfacet
  facet normal 0 0 1
    outer loop
      vertex 82.8242 3.17574 2
      vertex 82.4 3 2
      vertex 82.7806 3.13618 2
    endloop
  endfacet
  facet normal 0 0 1
    outer loop
      vertex 82.7806 3.13618 2
      vertex 82.4 3 2
      vertex 82.7333 3.1011 2
    endloop
  endfacet
  facet normal 0 0 1
    outer loop
      vertex 82.7333 3.1011 2
      vertex 82.4 3 2
      vertex 82.6828 3.07085 2
    endloop
  endfacet
  facet normal 0 0 1
    outer loop
      vertex 82.6296 3.04567 2
      vertex 82.4 3 2
      vertex 82.5742 3.02583 2
    endloop
  endfacet
  facet normal 0 0 1
    outer loop
      vertex 82.5742 3.02583 2
      vertex 82.4 3 2
      vertex 82.517 3.01152 2
    endloop
  endfacet
  facet normal 0 0 1
    outer loop
      vertex 82.517 3.01152 2
      vertex 82.4 3 2
      vertex 82.4588 3.00288 2
    endloop
  endfacet
  facet normal 0 0 1
    outer loop
      vertex 82.6828 3.07085 2
      vertex 82.4 3 2
      vertex 82.6296 3.04567 2
    endloop
  endfacet
  facet normal 0 0 1
    outer loop
      vertex 82.8989 3.26665 2
      vertex 82.4 3 2
      vertex 82.8638 3.21936 2
    endloop
  endfacet
  facet normal 0 0 1
    outer loop
      vertex 82.9971 3.54118 2
      vertex 82.4 3 2
      vertex 82.9885 3.48294 2
    endloop
  endfacet
  facet normal -0 0 1
    outer loop
      vertex 78.8397 6.75827 2
      vertex 82.4 3 2
      vertex 79.0506 6.94939 2
    endloop
  endfacet
  facet normal -0 0 1
    outer loop
      vertex 78.6112 6.58874 2
      vertex 82.4 3 2
      vertex 78.8397 6.75827 2
    endloop
  endfacet
  facet normal -0 0 1
    outer loop
      vertex 78.3671 6.44243 2
      vertex 82.4 3 2
      vertex 78.6112 6.58874 2
    endloop
  endfacet
  facet normal -0 0 1
    outer loop
      vertex 78.1098 6.32075 2
      vertex 82.4 3 2
      vertex 78.3671 6.44243 2
    endloop
  endfacet
  facet normal -0 0 1
    outer loop
      vertex 77.8418 6.22487 2
      vertex 82.4 3 2
      vertex 78.1098 6.32075 2
    endloop
  endfacet
  facet normal -0 0 1
    outer loop
      vertex 77.5658 6.15572 2
      vertex 82.4 3 2
      vertex 77.8418 6.22487 2
    endloop
  endfacet
  facet normal -0 0 1
    outer loop
      vertex 77.2842 6.11396 2
      vertex 82.4 3 2
      vertex 77.5658 6.15572 2
    endloop
  endfacet
  facet normal -0 0 1
    outer loop
      vertex 77 6.1 2
      vertex 82.4 3 2
      vertex 77.2842 6.11396 2
    endloop
  endfacet
  facet normal 0 0 1
    outer loop
      vertex 76.7158 6.11396 2
      vertex 82.4 3 2
      vertex 77 6.1 2
    endloop
  endfacet
  facet normal 0 0 1
    outer loop
      vertex 76.4342 6.15572 2
      vertex 82.4 3 2
      vertex 76.7158 6.11396 2
    endloop
  endfacet
  facet normal 0 0 1
    outer loop
      vertex 76.1582 6.22487 2
      vertex 82.4 3 2
      vertex 76.4342 6.15572 2
    endloop
  endfacet
  facet normal 0 0 1
    outer loop
      vertex 75.8902 6.32075 2
      vertex 82.4 3 2
      vertex 76.1582 6.22487 2
    endloop
  endfacet
  facet normal 0 0 1
    outer loop
      vertex 10.1098 6.32075 2
      vertex 75.8902 6.32075 2
      vertex 75.6329 6.44243 2
    endloop
  endfacet
  facet normal 0 0 1
    outer loop
      vertex 74.114 9.28425 2
      vertex 11.9 9 2
      vertex 74.1 9 2
    endloop
  endfacet
  facet normal 0 0 1
    outer loop
      vertex 74.1 9 2
      vertex 11.9 9 2
      vertex 74.114 8.71575 2
    endloop
  endfacet
  facet normal 0 0 1
    outer loop
      vertex 11.886 8.71575 2
      vertex 74.114 8.71575 2
      vertex 11.9 9 2
    endloop
  endfacet
  facet normal 0 0 1
    outer loop
      vertex 74.114 8.71575 2
      vertex 11.886 8.71575 2
      vertex 74.1557 8.43424 2
    endloop
  endfacet
  facet normal 0 0 1
    outer loop
      vertex 11.8443 8.43424 2
      vertex 74.1557 8.43424 2
      vertex 11.886 8.71575 2
    endloop
  endfacet
  facet normal 0 0 1
    outer loop
      vertex 74.1557 8.43424 2
      vertex 11.8443 8.43424 2
      vertex 74.2249 8.15817 2
    endloop
  endfacet
  facet normal 0 0 1
    outer loop
      vertex 11.7751 8.15817 2
      vertex 74.2249 8.15817 2
      vertex 11.8443 8.43424 2
    endloop
  endfacet
  facet normal 0 0 1
    outer loop
      vertex 74.2249 8.15817 2
      vertex 11.7751 8.15817 2
      vertex 74.3207 7.89022 2
    endloop
  endfacet
  facet normal 0 0 1
    outer loop
      vertex 11.6792 7.89022 2
      vertex 74.3207 7.89022 2
      vertex 11.7751 8.15817 2
    endloop
  endfacet
  facet normal 0 0 1
    outer loop
      vertex 74.3207 7.89022 2
      vertex 11.6792 7.89022 2
      vertex 74.4424 7.63295 2
    endloop
  endfacet
  facet normal 0 0 1
    outer loop
      vertex 11.5576 7.63295 2
      vertex 74.4424 7.63295 2
      vertex 11.6792 7.89022 2
    endloop
  endfacet
  facet normal 0 0 1
    outer loop
      vertex 74.4424 7.63295 2
      vertex 11.5576 7.63295 2
      vertex 74.5887 7.38885 2
    endloop
  endfacet
  facet normal 0 0 1
    outer loop
      vertex 11.4113 7.38885 2
      vertex 74.5887 7.38885 2
      vertex 11.5576 7.63295 2
    endloop
  endfacet
  facet normal 0 0 1
    outer loop
      vertex 74.5887 7.38885 2
      vertex 11.4113 7.38885 2
      vertex 74.7583 7.16026 2
    endloop
  endfacet
  facet normal 0 0 1
    outer loop
      vertex 11.2417 7.16026 2
      vertex 74.7583 7.16026 2
      vertex 11.4113 7.38885 2
    endloop
  endfacet
  facet normal 0 0 1
    outer loop
      vertex 74.7583 7.16026 2
      vertex 11.2417 7.16026 2
      vertex 74.9494 6.94939 2
    endloop
  endfacet
  facet normal 0 0 1
    outer loop
      vertex 11.0506 6.94939 2
      vertex 74.9494 6.94939 2
      vertex 11.2417 7.16026 2
    endloop
  endfacet
  facet normal 0 0 1
    outer loop
      vertex 74.9494 6.94939 2
      vertex 11.0506 6.94939 2
      vertex 75.1603 6.75827 2
    endloop
  endfacet
  facet normal 0 0 1
    outer loop
      vertex 10.8397 6.75827 2
      vertex 75.1603 6.75827 2
      vertex 11.0506 6.94939 2
    endloop
  endfacet
  facet normal 0 0 1
    outer loop
      vertex 75.1603 6.75827 2
      vertex 10.8397 6.75827 2
      vertex 75.3888 6.58874 2
    endloop
  endfacet
  facet normal 0 0 1
    outer loop
      vertex 10.6112 6.58874 2
      vertex 75.3888 6.58874 2
      vertex 10.8397 6.75827 2
    endloop
  endfacet
  facet normal 0 0 1
    outer loop
      vertex 75.3888 6.58874 2
      vertex 10.6112 6.58874 2
      vertex 75.6329 6.44243 2
    endloop
  endfacet
  facet normal 0 0 1
    outer loop
      vertex 10.3671 6.44243 2
      vertex 75.6329 6.44243 2
      vertex 10.6112 6.58874 2
    endloop
  endfacet
  facet normal 0 0 1
    outer loop
      vertex 10.1098 6.32075 2
      vertex 75.6329 6.44243 2
      vertex 10.3671 6.44243 2
    endloop
  endfacet
  facet normal 0 0 1
    outer loop
      vertex 75.8902 6.32075 2
      vertex 10.1098 6.32075 2
      vertex 82.4 3 2
    endloop
  endfacet
  facet normal 0 0 1
    outer loop
      vertex 3.59999 3 2
      vertex 10.1098 6.32075 2
      vertex 9.84183 6.22487 2
    endloop
  endfacet
  facet normal 0 0 1
    outer loop
      vertex 3.59999 3 2
      vertex 9.84183 6.22487 2
      vertex 9.56576 6.15572 2
    endloop
  endfacet
  facet normal 0 0 1
    outer loop
      vertex 3.59999 3 2
      vertex 9.56576 6.15572 2
      vertex 9.28425 6.11396 2
    endloop
  endfacet
  facet normal 0 0 1
    outer loop
      vertex 3.59999 3 2
      vertex 9.28425 6.11396 2
      vertex 9 6.1 2
    endloop
  endfacet
  facet normal 0 0 1
    outer loop
      vertex 6.15572 9.56576 2
      vertex 3 3.59999 2
      vertex 6.11396 9.28425 2
    endloop
  endfacet
  facet normal 0 0 1
    outer loop
      vertex 10.1098 6.32075 2
      vertex 3.59999 3 2
      vertex 82.4 3 2
    endloop
  endfacet
  facet normal 0 0 1
    outer loop
      vertex 8.71575 6.11396 2
      vertex 3.59999 3 2
      vertex 9 6.1 2
    endloop
  endfacet
  facet normal 0 0 1
    outer loop
      vertex 8.43424 6.15572 2
      vertex 3.59999 3 2
      vertex 8.71575 6.11396 2
    endloop
  endfacet
  facet normal 0 0 1
    outer loop
      vertex 8.15817 6.22487 2
      vertex 3.59999 3 2
      vertex 8.43424 6.15572 2
    endloop
  endfacet
  facet normal 0 0 1
    outer loop
      vertex 7.89022 6.32075 2
      vertex 3.59999 3 2
      vertex 8.15817 6.22487 2
    endloop
  endfacet
  facet normal 0 0 1
    outer loop
      vertex 7.63295 6.44243 2
      vertex 3.59999 3 2
      vertex 7.89022 6.32075 2
    endloop
  endfacet
  facet normal 0 0 1
    outer loop
      vertex 7.38885 6.58874 2
      vertex 3.59999 3 2
      vertex 7.63295 6.44243 2
    endloop
  endfacet
  facet normal 0 0 1
    outer loop
      vertex 7.16026 6.75827 2
      vertex 3.59999 3 2
      vertex 7.38885 6.58874 2
    endloop
  endfacet
  facet normal 0 0 1
    outer loop
      vertex 6.94939 6.94939 2
      vertex 3.59999 3 2
      vertex 7.16026 6.75827 2
    endloop
  endfacet
  facet normal 0 0 1
    outer loop
      vertex 3 3.59999 2
      vertex 6.94939 6.94939 2
      vertex 6.75827 7.16026 2
    endloop
  endfacet
  facet normal 0 0 1
    outer loop
      vertex 3 3.59999 2
      vertex 6.75827 7.16026 2
      vertex 6.58874 7.38885 2
    endloop
  endfacet
  facet normal 0 0 1
    outer loop
      vertex 3 3.59999 2
      vertex 6.58874 7.38885 2
      vertex 6.44243 7.63295 2
    endloop
  endfacet
  facet normal 0 0 1
    outer loop
      vertex 3 3.59999 2
      vertex 6.44243 7.63295 2
      vertex 6.32075 7.89022 2
    endloop
  endfacet
  facet normal 0 0 1
    outer loop
      vertex 3 3.59999 2
      vertex 6.32075 7.89022 2
      vertex 6.22487 8.15817 2
    endloop
  endfacet
  facet normal 0 0 1
    outer loop
      vertex 3 3.59999 2
      vertex 6.22487 8.15817 2
      vertex 6.15572 8.43424 2
    endloop
  endfacet
  facet normal 0 0 1
    outer loop
      vertex 3 3.59999 2
      vertex 6.15572 8.43424 2
      vertex 6.11396 8.71575 2
    endloop
  endfacet
  facet normal 0 0 1
    outer loop
      vertex 6.11396 9.28425 2
      vertex 3 3.59999 2
      vertex 6.1 9 2
    endloop
  endfacet
  facet normal 0 0 1
    outer loop
      vertex 3 43 2
      vertex 3.59999 43.6 2
      vertex 3.54118 43.5971 2
    endloop
  endfacet
  facet normal 0 0 1
    outer loop
      vertex 6.1 9 2
      vertex 3 3.59999 2
      vertex 6.11396 8.71575 2
    endloop
  endfacet
  facet normal 0 0 1
    outer loop
      vertex 3 43 2
      vertex 3.54118 43.5971 2
      vertex 3.48294 43.5885 2
    endloop
  endfacet
  facet normal 0 0 1
    outer loop
      vertex 6.94939 6.94939 2
      vertex 3 3.59999 2
      vertex 3.59999 3 2
    endloop
  endfacet
  facet normal 0 0 1
    outer loop
      vertex 3 43 2
      vertex 3.48294 43.5885 2
      vertex 3.42583 43.5742 2
    endloop
  endfacet
  facet normal 0 0 1
    outer loop
      vertex 3.59999 3 2
      vertex 3 3.59999 2
      vertex 3.54118 3.00288 2
    endloop
  endfacet
  facet normal 0 0 1
    outer loop
      vertex 3 43 2
      vertex 3.42583 43.5742 2
      vertex 3.37038 43.5543 2
    endloop
  endfacet
  facet normal 0 0 1
    outer loop
      vertex 3.54118 3.00288 2
      vertex 3 3.59999 2
      vertex 3.48294 3.01152 2
    endloop
  endfacet
  facet normal 0 0 1
    outer loop
      vertex 3 43 2
      vertex 3.37038 43.5543 2
      vertex 3.31715 43.5291 2
    endloop
  endfacet
  facet normal 0 0 1
    outer loop
      vertex 3.48294 3.01152 2
      vertex 3 3.59999 2
      vertex 3.42583 3.02583 2
    endloop
  endfacet
  facet normal 0 0 1
    outer loop
      vertex 3 43 2
      vertex 3.31715 43.5291 2
      vertex 3.26665 43.4989 2
    endloop
  endfacet
  facet normal 0 0 1
    outer loop
      vertex 3.42583 3.02583 2
      vertex 3 3.59999 2
      vertex 3.37038 3.04567 2
    endloop
  endfacet
  facet normal 0 0 1
    outer loop
      vertex 3 43 2
      vertex 3.26665 43.4989 2
      vertex 3.21936 43.4638 2
    endloop
  endfacet
  facet normal 0 0 1
    outer loop
      vertex 3.37038 3.04567 2
      vertex 3 3.59999 2
      vertex 3.31715 3.07085 2
    endloop
  endfacet
  facet normal 0 0 1
    outer loop
      vertex 3 43 2
      vertex 3.21936 43.4638 2
      vertex 3.17574 43.4243 2
    endloop
  endfacet
  facet normal 0 0 1
    outer loop
      vertex 3.31715 3.07085 2
      vertex 3 3.59999 2
      vertex 3.26665 3.1011 2
    endloop
  endfacet
  facet normal 0 0 1
    outer loop
      vertex 3 43 2
      vertex 3.17574 43.4243 2
      vertex 3.13618 43.3806 2
    endloop
  endfacet
  facet normal 0 0 1
    outer loop
      vertex 3.26665 3.1011 2
      vertex 3 3.59999 2
      vertex 3.21936 3.13618 2
    endloop
  endfacet
  facet normal 0 0 1
    outer loop
      vertex 3 43 2
      vertex 3.13618 43.3806 2
      vertex 3.1011 43.3333 2
    endloop
  endfacet
  facet normal 0 0 1
    outer loop
      vertex 3.21936 3.13618 2
      vertex 3 3.59999 2
      vertex 3.17574 3.17574 2
    endloop
  endfacet
  facet normal 0 0 1
    outer loop
      vertex 3 43 2
      vertex 3.1011 43.3333 2
      vertex 3.07085 43.2828 2
    endloop
  endfacet
  facet normal 0 0 1
    outer loop
      vertex 3.17574 3.17574 2
      vertex 3 3.59999 2
      vertex 3.13618 3.21936 2
    endloop
  endfacet
  facet normal 0 0 1
    outer loop
      vertex 3 43 2
      vertex 3.07085 43.2828 2
      vertex 3.04567 43.2296 2
    endloop
  endfacet
  facet normal 0 0 1
    outer loop
      vertex 3.13618 3.21936 2
      vertex 3 3.59999 2
      vertex 3.1011 3.26665 2
    endloop
  endfacet
  facet normal 0 0 1
    outer loop
      vertex 3 43 2
      vertex 3.04567 43.2296 2
      vertex 3.02583 43.1742 2
    endloop
  endfacet
  facet normal 0 0 1
    outer loop
      vertex 3.1011 3.26665 2
      vertex 3 3.59999 2
      vertex 3.07085 3.31715 2
    endloop
  endfacet
  facet normal 0 0 1
    outer loop
      vertex 3 43 2
      vertex 3.02583 43.1742 2
      vertex 3.01152 43.1171 2
    endloop
  endfacet
  facet normal 0 0 1
    outer loop
      vertex 3.07085 3.31715 2
      vertex 3 3.59999 2
      vertex 3.04567 3.37038 2
    endloop
  endfacet
  facet normal 0 0 1
    outer loop
      vertex 3 43 2
      vertex 3.01152 43.1171 2
      vertex 3.00288 43.0588 2
    endloop
  endfacet
  facet normal 0 0 1
    outer loop
      vertex 3.04567 3.37038 2
      vertex 3 3.59999 2
      vertex 3.02583 3.42583 2
    endloop
  endfacet
  facet normal 0 0 1
    outer loop
      vertex 3.02583 3.42583 2
      vertex 3 3.59999 2
      vertex 3.01152 3.48294 2
    endloop
  endfacet
  facet normal 0 0 1
    outer loop
      vertex 3.01152 3.48294 2
      vertex 3 3.59999 2
      vertex 3.00288 3.54118 2
    endloop
  endfacet
  facet normal -0.242695 0.970103 0
    outer loop
      vertex 82.5742 3.02583 2
      vertex 82.517 3.01152 15.6
      vertex 82.5742 3.02583 15.6
    endloop
  endfacet
  facet normal -0.242695 0.970103 0
    outer loop
      vertex 82.517 3.01152 15.6
      vertex 82.5742 3.02583 2
      vertex 82.517 3.01152 2
    endloop
  endfacet
  facet normal -0.671403 -0.741093 0
    outer loop
      vertex 82.7806 43.4638 2
      vertex 82.8242 43.4243 15.6
      vertex 82.7806 43.4638 15.6
    endloop
  endfacet
  facet normal -0.671403 -0.741093 -0
    outer loop
      vertex 82.8242 43.4243 15.6
      vertex 82.7806 43.4638 2
      vertex 82.8242 43.4243 2
    endloop
  endfacet
  facet normal 0 -1 0
    outer loop
      vertex 3.59999 43.6 15.6
      vertex 36.2 43.6 5.7
      vertex 82.4 43.6 15.6
    endloop
  endfacet
  facet normal 0 -1 0
    outer loop
      vertex 3.59999 43.6 2
      vertex 36.2 43.6 5.7
      vertex 3.59999 43.6 15.6
    endloop
  endfacet
  facet normal 0 -1 -0
    outer loop
      vertex 36.2 43.6 3.3
      vertex 3.59999 43.6 2
      vertex 49.8 43.6 3.3
    endloop
  endfacet
  facet normal 0 -1 -0
    outer loop
      vertex 36.2 43.6 5.7
      vertex 3.59999 43.6 2
      vertex 36.2 43.6 3.3
    endloop
  endfacet
  facet normal 0 -1 0
    outer loop
      vertex 49.8 43.6 5.7
      vertex 82.4 43.6 15.6
      vertex 36.2 43.6 5.7
    endloop
  endfacet
  facet normal 0 -1 0
    outer loop
      vertex 82.4 43.6 2
      vertex 49.8 43.6 5.7
      vertex 49.8 43.6 3.3
    endloop
  endfacet
  facet normal 0 -1 0
    outer loop
      vertex 49.8 43.6 5.7
      vertex 82.4 43.6 2
      vertex 82.4 43.6 15.6
    endloop
  endfacet
  facet normal 0 -1 0
    outer loop
      vertex 82.4 43.6 2
      vertex 49.8 43.6 3.3
      vertex 3.59999 43.6 2
    endloop
  endfacet
  facet normal 1 0 0
    outer loop
      vertex 3 15 15.6
      vertex 3 3.59999 15.6
      vertex 3 15 5.6
    endloop
  endfacet
  facet normal 1 0 0
    outer loop
      vertex 3 31 5.6
      vertex 3 43 15.6
      vertex 3 31 15.6
    endloop
  endfacet
  facet normal 1 0 0
    outer loop
      vertex 3 43 15.6
      vertex 3 31 5.6
      vertex 3 43 2
    endloop
  endfacet
  facet normal 1 0 0
    outer loop
      vertex 3 3.59999 2
      vertex 3 31 5.6
      vertex 3 15 5.6
    endloop
  endfacet
  facet normal 1 0 0
    outer loop
      vertex 3 31 5.6
      vertex 3 3.59999 2
      vertex 3 43 2
    endloop
  endfacet
  facet normal 1 0 0
    outer loop
      vertex 3 3.59999 2
      vertex 3 15 5.6
      vertex 3 3.59999 15.6
    endloop
  endfacet
  facet normal -0.802985 0.595999 0
    outer loop
      vertex 82.8638 3.21936 2
      vertex 82.8989 3.26665 15.6
      vertex 82.8989 3.26665 2
    endloop
  endfacet
  facet normal -0.802985 0.595999 0
    outer loop
      vertex 82.8989 3.26665 15.6
      vertex 82.8638 3.21936 2
      vertex 82.8638 3.21936 15.6
    endloop
  endfacet
  facet normal 0 1 0
    outer loop
      vertex 82.4 3 15.6
      vertex 49.8 3 5.7
      vertex 3.59999 3 15.6
    endloop
  endfacet
  facet normal 0 1 -0
    outer loop
      vertex 82.4 3 2
      vertex 49.8 3 5.7
      vertex 82.4 3 15.6
    endloop
  endfacet
  facet normal 0 1 0
    outer loop
      vertex 49.8 3 3.3
      vertex 82.4 3 2
      vertex 36.2 3 3.3
    endloop
  endfacet
  facet normal 0 1 0
    outer loop
      vertex 49.8 3 5.7
      vertex 82.4 3 2
      vertex 49.8 3 3.3
    endloop
  endfacet
  facet normal 0 1 -0
    outer loop
      vertex 36.2 3 5.7
      vertex 3.59999 3 15.6
      vertex 49.8 3 5.7
    endloop
  endfacet
  facet normal 0 1 0
    outer loop
      vertex 3.59999 3 2
      vertex 36.2 3 5.7
      vertex 36.2 3 3.3
    endloop
  endfacet
  facet normal 0 1 0
    outer loop
      vertex 36.2 3 5.7
      vertex 3.59999 3 2
      vertex 3.59999 3 15.6
    endloop
  endfacet
  facet normal 0 1 0
    outer loop
      vertex 3.59999 3 2
      vertex 36.2 3 3.3
      vertex 82.4 3 2
    endloop
  endfacet
  facet normal 0.513871 0.857867 -0
    outer loop
      vertex 3.31715 3.07085 2
      vertex 3.26665 3.1011 15.6
      vertex 3.31715 3.07085 15.6
    endloop
  endfacet
  facet normal 0.513871 0.857867 0
    outer loop
      vertex 3.26665 3.1011 15.6
      vertex 3.31715 3.07085 2
      vertex 3.26665 3.1011 2
    endloop
  endfacet
  facet normal -0.941222 0.337788 0
    outer loop
      vertex 82.9543 3.37038 2
      vertex 82.9742 3.42583 15.6
      vertex 82.9742 3.42583 2
    endloop
  endfacet
  facet normal -0.941222 0.337788 0
    outer loop
      vertex 82.9742 3.42583 15.6
      vertex 82.9543 3.37038 2
      vertex 82.9543 3.37038 15.6
    endloop
  endfacet
  facet normal -1 0 0
    outer loop
      vertex 83 3.59999 2
      vertex 83 43 15.6
      vertex 83 43 2
    endloop
  endfacet
  facet normal -1 -0 0
    outer loop
      vertex 83 43 15.6
      vertex 83 3.59999 2
      vertex 83 3.59999 15.6
    endloop
  endfacet
  facet normal 0.427889 -0.903831 0
    outer loop
      vertex 3.31715 43.5291 2
      vertex 3.37038 43.5543 15.6
      vertex 3.31715 43.5291 15.6
    endloop
  endfacet
  facet normal 0.427889 -0.903831 0
    outer loop
      vertex 3.37038 43.5543 15.6
      vertex 3.31715 43.5291 2
      vertex 3.37038 43.5543 2
    endloop
  endfacet
  facet normal 0.989196 -0.146598 0
    outer loop
      vertex 3.00288 43.0588 15.6
      vertex 3.01152 43.1171 2
      vertex 3.01152 43.1171 15.6
    endloop
  endfacet
  facet normal 0.989196 -0.146598 0
    outer loop
      vertex 3.01152 43.1171 2
      vertex 3.00288 43.0588 15.6
      vertex 3.00288 43.0588 2
    endloop
  endfacet
  facet normal -0.146844 0.98916 0
    outer loop
      vertex 82.517 3.01152 2
      vertex 82.4588 3.00288 15.6
      vertex 82.517 3.01152 15.6
    endloop
  endfacet
  facet normal -0.146844 0.98916 0
    outer loop
      vertex 82.4588 3.00288 15.6
      vertex 82.517 3.01152 2
      vertex 82.4588 3.00288 2
    endloop
  endfacet
  facet normal 0.242895 -0.970053 0
    outer loop
      vertex 3.42583 43.5742 2
      vertex 3.48294 43.5885 15.6
      vertex 3.42583 43.5742 15.6
    endloop
  endfacet
  facet normal 0.242895 -0.970053 0
    outer loop
      vertex 3.48294 43.5885 15.6
      vertex 3.42583 43.5742 2
      vertex 3.48294 43.5885 2
    endloop
  endfacet
  facet normal 0.803208 -0.595699 0
    outer loop
      vertex 3.1011 43.3333 15.6
      vertex 3.13618 43.3806 2
      vertex 3.13618 43.3806 15.6
    endloop
  endfacet
  facet normal 0.803208 -0.595699 0
    outer loop
      vertex 3.13618 43.3806 2
      vertex 3.1011 43.3333 15.6
      vertex 3.1011 43.3333 2
    endloop
  endfacet
  facet normal -0.513246 -0.858242 0
    outer loop
      vertex 82.6828 43.5291 2
      vertex 82.7333 43.4989 15.6
      vertex 82.6828 43.5291 15.6
    endloop
  endfacet
  facet normal -0.513246 -0.858242 -0
    outer loop
      vertex 82.7333 43.4989 15.6
      vertex 82.6828 43.5291 2
      vertex 82.7333 43.4989 2
    endloop
  endfacet
  facet normal -0.970053 0.242895 0
    outer loop
      vertex 82.9742 3.42583 2
      vertex 82.9885 3.48294 15.6
      vertex 82.9885 3.48294 2
    endloop
  endfacet
  facet normal -0.970053 0.242895 0
    outer loop
      vertex 82.9885 3.48294 15.6
      vertex 82.9742 3.42583 2
      vertex 82.9742 3.42583 15.6
    endloop
  endfacet
  facet normal 0.970012 0.243055 0
    outer loop
      vertex 3.02583 3.42583 15.6
      vertex 3.01152 3.48294 2
      vertex 3.01152 3.48294 15.6
    endloop
  endfacet
  facet normal 0.970012 0.243055 0
    outer loop
      vertex 3.01152 3.48294 2
      vertex 3.02583 3.42583 15.6
      vertex 3.02583 3.42583 2
    endloop
  endfacet
  facet normal 0.970002 -0.243095 0
    outer loop
      vertex 3.01152 43.1171 15.6
      vertex 3.02583 43.1742 2
      vertex 3.02583 43.1742 15.6
    endloop
  endfacet
  facet normal 0.970002 -0.243095 0
    outer loop
      vertex 3.02583 43.1742 2
      vertex 3.01152 43.1171 15.6
      vertex 3.01152 43.1171 2
    endloop
  endfacet
  facet normal 0.998803 -0.0489209 0
    outer loop
      vertex 3 43 15.6
      vertex 3.00288 43.0588 2
      vertex 3.00288 43.0588 15.6
    endloop
  endfacet
  facet normal 0.998803 -0.0489209 0
    outer loop
      vertex 3.00288 43.0588 2
      vertex 3 43 15.6
      vertex 3 43 2
    endloop
  endfacet
  facet normal 0.146746 0.989174 -0
    outer loop
      vertex 3.54118 3.00288 2
      vertex 3.48294 3.01152 15.6
      vertex 3.54118 3.00288 15.6
    endloop
  endfacet
  facet normal 0.146746 0.989174 0
    outer loop
      vertex 3.48294 3.01152 15.6
      vertex 3.54118 3.00288 2
      vertex 3.48294 3.01152 2
    endloop
  endfacet
  facet normal 0.903869 -0.427809 0
    outer loop
      vertex 3.04567 43.2296 15.6
      vertex 3.07085 43.2828 2
      vertex 3.07085 43.2828 15.6
    endloop
  endfacet
  facet normal 0.903869 -0.427809 0
    outer loop
      vertex 3.07085 43.2828 2
      vertex 3.04567 43.2296 15.6
      vertex 3.04567 43.2296 2
    endloop
  endfacet
  facet normal -0.0489209 0.998803 0
    outer loop
      vertex 82.4588 3.00288 2
      vertex 82.4 3 15.6
      vertex 82.4588 3.00288 15.6
    endloop
  endfacet
  facet normal -0.0489209 0.998803 0
    outer loop
      vertex 82.4 3 15.6
      vertex 82.4588 3.00288 2
      vertex 82.4 3 2
    endloop
  endfacet
  facet normal 0.146081 -0.989273 0
    outer loop
      vertex 3.48294 43.5885 2
      vertex 3.54118 43.5971 15.6
      vertex 3.48294 43.5885 15.6
    endloop
  endfacet
  facet normal 0.146081 -0.989273 0
    outer loop
      vertex 3.54118 43.5971 15.6
      vertex 3.48294 43.5885 2
      vertex 3.54118 43.5971 2
    endloop
  endfacet
  facet normal 0.857867 -0.513871 0
    outer loop
      vertex 3.07085 43.2828 15.6
      vertex 3.1011 43.3333 2
      vertex 3.1011 43.3333 15.6
    endloop
  endfacet
  facet normal 0.857867 -0.513871 0
    outer loop
      vertex 3.1011 43.3333 2
      vertex 3.07085 43.2828 15.6
      vertex 3.07085 43.2828 2
    endloop
  endfacet
  facet normal -0.858242 0.513246 0
    outer loop
      vertex 82.8989 3.26665 2
      vertex 82.9291 3.31715 15.6
      vertex 82.9291 3.31715 2
    endloop
  endfacet
  facet normal -0.858242 0.513246 0
    outer loop
      vertex 82.9291 3.31715 15.6
      vertex 82.8989 3.26665 2
      vertex 82.8989 3.26665 15.6
    endloop
  endfacet
  facet normal 0.0492515 -0.998786 0
    outer loop
      vertex 3.54118 43.5971 2
      vertex 3.59999 43.6 15.6
      vertex 3.54118 43.5971 15.6
    endloop
  endfacet
  facet normal 0.0492515 -0.998786 0
    outer loop
      vertex 3.59999 43.6 15.6
      vertex 3.54118 43.5971 2
      vertex 3.59999 43.6 2
    endloop
  endfacet
  facet normal 0.243055 0.970012 -0
    outer loop
      vertex 3.48294 3.01152 2
      vertex 3.42583 3.02583 15.6
      vertex 3.48294 3.01152 15.6
    endloop
  endfacet
  facet normal 0.243055 0.970012 0
    outer loop
      vertex 3.42583 3.02583 15.6
      vertex 3.48294 3.01152 2
      vertex 3.42583 3.02583 2
    endloop
  endfacet
  facet normal -0.242536 -0.970143 0
    outer loop
      vertex 82.517 43.5885 2
      vertex 82.5742 43.5742 15.6
      vertex 82.517 43.5885 15.6
    endloop
  endfacet
  facet normal -0.242536 -0.970143 -0
    outer loop
      vertex 82.5742 43.5742 15.6
      vertex 82.517 43.5885 2
      vertex 82.5742 43.5742 2
    endloop
  endfacet
  facet normal 0.337788 -0.941222 0
    outer loop
      vertex 3.37038 43.5543 2
      vertex 3.42583 43.5742 15.6
      vertex 3.37038 43.5543 15.6
    endloop
  endfacet
  facet normal 0.337788 -0.941222 0
    outer loop
      vertex 3.42583 43.5742 15.6
      vertex 3.37038 43.5543 2
      vertex 3.42583 43.5742 2
    endloop
  endfacet
  facet normal -0.146179 -0.989258 0
    outer loop
      vertex 82.4588 43.5971 2
      vertex 82.517 43.5885 15.6
      vertex 82.4588 43.5971 15.6
    endloop
  endfacet
  facet normal -0.146179 -0.989258 -0
    outer loop
      vertex 82.517 43.5885 15.6
      vertex 82.4588 43.5971 2
      vertex 82.517 43.5885 2
    endloop
  endfacet
  facet normal -0.338058 -0.941125 0
    outer loop
      vertex 82.5742 43.5742 2
      vertex 82.6296 43.5543 15.6
      vertex 82.5742 43.5742 15.6
    endloop
  endfacet
  facet normal -0.338058 -0.941125 -0
    outer loop
      vertex 82.6296 43.5543 15.6
      vertex 82.5742 43.5742 2
      vertex 82.6296 43.5543 2
    endloop
  endfacet
  facet normal -0.337154 0.941449 0
    outer loop
      vertex 82.6296 3.04567 2
      vertex 82.5742 3.02583 15.6
      vertex 82.6296 3.04567 15.6
    endloop
  endfacet
  facet normal -0.337154 0.941449 0
    outer loop
      vertex 82.5742 3.02583 15.6
      vertex 82.6296 3.04567 2
      vertex 82.5742 3.02583 2
    endloop
  endfacet
  facet normal 0.0489126 0.998803 -0
    outer loop
      vertex 3.59999 3 2
      vertex 3.54118 3.00288 15.6
      vertex 3.59999 3 15.6
    endloop
  endfacet
  facet normal 0.0489126 0.998803 0
    outer loop
      vertex 3.54118 3.00288 15.6
      vertex 3.59999 3 2
      vertex 3.54118 3.00288 2
    endloop
  endfacet
  facet normal 0.941449 -0.337154 0
    outer loop
      vertex 3.02583 43.1742 15.6
      vertex 3.04567 43.2296 2
      vertex 3.04567 43.2296 15.6
    endloop
  endfacet
  facet normal 0.941449 -0.337154 0
    outer loop
      vertex 3.04567 43.2296 2
      vertex 3.02583 43.1742 15.6
      vertex 3.02583 43.1742 2
    endloop
  endfacet
  facet normal -0.803046 -0.595918 0
    outer loop
      vertex 82.8989 43.3333 2
      vertex 82.8638 43.3806 15.6
      vertex 82.8638 43.3806 2
    endloop
  endfacet
  facet normal -0.803046 -0.595918 0
    outer loop
      vertex 82.8638 43.3806 15.6
      vertex 82.8989 43.3333 2
      vertex 82.8989 43.3333 15.6
    endloop
  endfacet
  facet normal -0.903831 0.427889 0
    outer loop
      vertex 82.9291 3.31715 2
      vertex 82.9543 3.37038 15.6
      vertex 82.9543 3.37038 2
    endloop
  endfacet
  facet normal -0.903831 0.427889 0
    outer loop
      vertex 82.9543 3.37038 15.6
      vertex 82.9291 3.31715 2
      vertex 82.9291 3.31715 15.6
    endloop
  endfacet
  facet normal -0.595699 0.803208 0
    outer loop
      vertex 82.7806 3.13618 2
      vertex 82.7333 3.1011 15.6
      vertex 82.7806 3.13618 15.6
    endloop
  endfacet
  facet normal -0.595699 0.803208 0
    outer loop
      vertex 82.7333 3.1011 15.6
      vertex 82.7806 3.13618 2
      vertex 82.7333 3.1011 2
    endloop
  endfacet
  facet normal 0.741351 -0.671118 0
    outer loop
      vertex 3.13618 43.3806 15.6
      vertex 3.17574 43.4243 2
      vertex 3.17574 43.4243 15.6
    endloop
  endfacet
  facet normal 0.741351 -0.671118 0
    outer loop
      vertex 3.17574 43.4243 2
      vertex 3.13618 43.3806 15.6
      vertex 3.13618 43.3806 2
    endloop
  endfacet
  facet normal 0.857867 0.513871 0
    outer loop
      vertex 3.1011 3.26665 15.6
      vertex 3.07085 3.31715 2
      vertex 3.07085 3.31715 15.6
    endloop
  endfacet
  facet normal 0.857867 0.513871 0
    outer loop
      vertex 3.07085 3.31715 2
      vertex 3.1011 3.26665 15.6
      vertex 3.1011 3.26665 2
    endloop
  endfacet
  facet normal -0.740401 0.672166 0
    outer loop
      vertex 82.8242 3.17574 2
      vertex 82.8638 3.21936 15.6
      vertex 82.8638 3.21936 2
    endloop
  endfacet
  facet normal -0.740401 0.672166 0
    outer loop
      vertex 82.8638 3.21936 15.6
      vertex 82.8242 3.17574 2
      vertex 82.8242 3.17574 15.6
    endloop
  endfacet
  facet normal 0.671793 0.740739 -0
    outer loop
      vertex 3.21936 3.13618 2
      vertex 3.17574 3.17574 15.6
      vertex 3.21936 3.13618 15.6
    endloop
  endfacet
  facet normal 0.671793 0.740739 0
    outer loop
      vertex 3.17574 3.17574 15.6
      vertex 3.21936 3.13618 2
      vertex 3.17574 3.17574 2
    endloop
  endfacet
  facet normal -0.427809 0.903869 0
    outer loop
      vertex 82.6828 3.07085 2
      vertex 82.6296 3.04567 15.6
      vertex 82.6828 3.07085 15.6
    endloop
  endfacet
  facet normal -0.427809 0.903869 0
    outer loop
      vertex 82.6296 3.04567 15.6
      vertex 82.6828 3.07085 2
      vertex 82.6296 3.04567 2
    endloop
  endfacet
  facet normal 0.740739 0.671793 0
    outer loop
      vertex 3.17574 3.17574 15.6
      vertex 3.13618 3.21936 2
      vertex 3.13618 3.21936 15.6
    endloop
  endfacet
  facet normal 0.740739 0.671793 0
    outer loop
      vertex 3.13618 3.21936 2
      vertex 3.17574 3.17574 15.6
      vertex 3.17574 3.17574 2
    endloop
  endfacet
  facet normal 0.803148 0.59578 0
    outer loop
      vertex 3.13618 3.21936 15.6
      vertex 3.1011 3.26665 2
      vertex 3.1011 3.26665 15.6
    endloop
  endfacet
  facet normal 0.803148 0.59578 0
    outer loop
      vertex 3.1011 3.26665 2
      vertex 3.13618 3.21936 15.6
      vertex 3.13618 3.21936 2
    endloop
  endfacet
  facet normal -0.513871 0.857867 0
    outer loop
      vertex 82.7333 3.1011 2
      vertex 82.6828 3.07085 15.6
      vertex 82.7333 3.1011 15.6
    endloop
  endfacet
  facet normal -0.513871 0.857867 0
    outer loop
      vertex 82.6828 3.07085 15.6
      vertex 82.7333 3.1011 2
      vertex 82.6828 3.07085 2
    endloop
  endfacet
  facet normal -0.989273 0.146081 0
    outer loop
      vertex 82.9885 3.48294 2
      vertex 82.9971 3.54118 15.6
      vertex 82.9971 3.54118 2
    endloop
  endfacet
  facet normal -0.989273 0.146081 0
    outer loop
      vertex 82.9971 3.54118 15.6
      vertex 82.9885 3.48294 2
      vertex 82.9885 3.48294 15.6
    endloop
  endfacet
  facet normal -0.998786 0.0492515 0
    outer loop
      vertex 82.9971 3.54118 2
      vertex 83 3.59999 15.6
      vertex 83 3.59999 2
    endloop
  endfacet
  facet normal -0.998786 0.0492515 0
    outer loop
      vertex 83 3.59999 15.6
      vertex 82.9971 3.54118 2
      vertex 82.9971 3.54118 15.6
    endloop
  endfacet
  facet normal -0.595918 -0.803046 0
    outer loop
      vertex 82.7333 43.4989 2
      vertex 82.7806 43.4638 15.6
      vertex 82.7333 43.4989 15.6
    endloop
  endfacet
  facet normal -0.595918 -0.803046 -0
    outer loop
      vertex 82.7806 43.4638 15.6
      vertex 82.7333 43.4989 2
      vertex 82.7806 43.4638 2
    endloop
  endfacet
  facet normal -0.741013 -0.67149 0
    outer loop
      vertex 82.8638 43.3806 2
      vertex 82.8242 43.4243 15.6
      vertex 82.8242 43.4243 2
    endloop
  endfacet
  facet normal -0.741013 -0.67149 0
    outer loop
      vertex 82.8242 43.4243 15.6
      vertex 82.8638 43.3806 2
      vertex 82.8638 43.3806 15.6
    endloop
  endfacet
  facet normal -0.903738 -0.428086 0
    outer loop
      vertex 82.9543 43.2296 2
      vertex 82.9291 43.2828 15.6
      vertex 82.9291 43.2828 2
    endloop
  endfacet
  facet normal -0.903738 -0.428086 0
    outer loop
      vertex 82.9291 43.2828 15.6
      vertex 82.9543 43.2296 2
      vertex 82.9543 43.2296 15.6
    endloop
  endfacet
  facet normal -0.858242 -0.513246 0
    outer loop
      vertex 82.9291 43.2828 2
      vertex 82.8989 43.3333 15.6
      vertex 82.8989 43.3333 2
    endloop
  endfacet
  facet normal -0.858242 -0.513246 0
    outer loop
      vertex 82.8989 43.3333 15.6
      vertex 82.9291 43.2828 2
      vertex 82.9291 43.2828 15.6
    endloop
  endfacet
  facet normal -0.941125 -0.338058 0
    outer loop
      vertex 82.9742 43.1742 2
      vertex 82.9543 43.2296 15.6
      vertex 82.9543 43.2296 2
    endloop
  endfacet
  facet normal -0.941125 -0.338058 0
    outer loop
      vertex 82.9543 43.2296 15.6
      vertex 82.9742 43.1742 2
      vertex 82.9742 43.1742 15.6
    endloop
  endfacet
  facet normal 0.941546 0.336885 0
    outer loop
      vertex 3.04567 3.37038 15.6
      vertex 3.02583 3.42583 2
      vertex 3.02583 3.42583 15.6
    endloop
  endfacet
  facet normal 0.941546 0.336885 0
    outer loop
      vertex 3.02583 3.42583 2
      vertex 3.04567 3.37038 15.6
      vertex 3.04567 3.37038 2
    endloop
  endfacet
  facet normal -0.428086 -0.903738 0
    outer loop
      vertex 82.6296 43.5543 2
      vertex 82.6828 43.5291 15.6
      vertex 82.6296 43.5543 15.6
    endloop
  endfacet
  facet normal -0.428086 -0.903738 -0
    outer loop
      vertex 82.6828 43.5291 15.6
      vertex 82.6296 43.5543 2
      vertex 82.6828 43.5291 2
    endloop
  endfacet
  facet normal -0.671962 0.740585 0
    outer loop
      vertex 82.8242 3.17574 2
      vertex 82.7806 3.13618 15.6
      vertex 82.8242 3.17574 15.6
    endloop
  endfacet
  facet normal -0.671962 0.740585 0
    outer loop
      vertex 82.7806 3.13618 15.6
      vertex 82.8242 3.17574 2
      vertex 82.7806 3.13618 2
    endloop
  endfacet
  facet normal 0.903962 0.427612 0
    outer loop
      vertex 3.07085 3.31715 15.6
      vertex 3.04567 3.37038 2
      vertex 3.04567 3.37038 15.6
    endloop
  endfacet
  facet normal 0.903962 0.427612 0
    outer loop
      vertex 3.04567 3.37038 2
      vertex 3.07085 3.31715 15.6
      vertex 3.07085 3.31715 2
    endloop
  endfacet
  facet normal 0.336948 0.941523 -0
    outer loop
      vertex 10.1098 11.6792 2
      vertex 9.84183 11.7751 6
      vertex 10.1098 11.6792 6
    endloop
  endfacet
  facet normal 0.336948 0.941523 0
    outer loop
      vertex 9.84183 11.7751 6
      vertex 10.1098 11.6792 2
      vertex 9.84183 11.7751 2
    endloop
  endfacet
  facet normal 0.941523 0.336948 0
    outer loop
      vertex 11.7751 9.84183 6
      vertex 11.6792 10.1098 2
      vertex 11.6792 10.1098 6
    endloop
  endfacet
  facet normal 0.941523 0.336948 0
    outer loop
      vertex 11.6792 10.1098 2
      vertex 11.7751 9.84183 6
      vertex 11.7751 9.84183 2
    endloop
  endfacet
  facet normal 0.243139 0.969991 -0
    outer loop
      vertex 9.84183 11.7751 2
      vertex 9.56576 11.8443 6
      vertex 9.84183 11.7751 6
    endloop
  endfacet
  facet normal 0.243139 0.969991 0
    outer loop
      vertex 9.56576 11.8443 6
      vertex 9.84183 11.7751 2
      vertex 9.56576 11.8443 2
    endloop
  endfacet
  facet normal 0.740989 -0.671518 0
    outer loop
      vertex 11.0506 6.94939 6
      vertex 11.2417 7.16026 2
      vertex 11.2417 7.16026 6
    endloop
  endfacet
  facet normal 0.740989 -0.671518 0
    outer loop
      vertex 11.2417 7.16026 2
      vertex 11.0506 6.94939 6
      vertex 11.0506 6.94939 2
    endloop
  endfacet
  facet normal 0.0491928 0.998789 -0
    outer loop
      vertex 9.28425 11.886 2
      vertex 9 11.9 6
      vertex 9.28425 11.886 6
    endloop
  endfacet
  facet normal 0.0491928 0.998789 0
    outer loop
      vertex 9 11.9 6
      vertex 9.28425 11.886 2
      vertex 9 11.9 2
    endloop
  endfacet
  facet normal 0.671465 0.741036 -0
    outer loop
      vertex 11.0506 11.0506 2
      vertex 10.8397 11.2417 6
      vertex 11.0506 11.0506 6
    endloop
  endfacet
  facet normal 0.671465 0.741036 0
    outer loop
      vertex 10.8397 11.2417 6
      vertex 11.0506 11.0506 2
      vertex 10.8397 11.2417 2
    endloop
  endfacet
  facet normal -0.671556 -0.740954 0
    outer loop
      vertex 6.94939 6.94939 2
      vertex 7.16026 6.75827 6
      vertex 6.94939 6.94939 6
    endloop
  endfacet
  facet normal -0.671556 -0.740954 -0
    outer loop
      vertex 7.16026 6.75827 6
      vertex 6.94939 6.94939 2
      vertex 7.16026 6.75827 2
    endloop
  endfacet
  facet normal 0.427515 -0.904008 0
    outer loop
      vertex 10.1098 6.32075 2
      vertex 10.3671 6.44243 6
      vertex 10.1098 6.32075 6
    endloop
  endfacet
  facet normal 0.427515 -0.904008 0
    outer loop
      vertex 10.3671 6.44243 6
      vertex 10.1098 6.32075 2
      vertex 10.3671 6.44243 2
    endloop
  endfacet
  facet normal -0.0490526 -0.998796 0
    outer loop
      vertex 8.71575 6.11396 2
      vertex 9 6.1 6
      vertex 8.71575 6.11396 6
    endloop
  endfacet
  facet normal -0.0490526 -0.998796 -0
    outer loop
      vertex 9 6.1 6
      vertex 8.71575 6.11396 2
      vertex 9 6.1 2
    endloop
  endfacet
  facet normal 0.802984 0.596 0
    outer loop
      vertex 11.4113 10.6112 6
      vertex 11.2417 10.8397 2
      vertex 11.2417 10.8397 6
    endloop
  endfacet
  facet normal 0.802984 0.596 0
    outer loop
      vertex 11.2417 10.8397 2
      vertex 11.4113 10.6112 6
      vertex 11.4113 10.6112 2
    endloop
  endfacet
  facet normal -0.514108 -0.857725 0
    outer loop
      vertex 7.38885 6.58874 2
      vertex 7.63295 6.44243 6
      vertex 7.38885 6.58874 6
    endloop
  endfacet
  facet normal -0.514108 -0.857725 -0
    outer loop
      vertex 7.63295 6.44243 6
      vertex 7.38885 6.58874 2
      vertex 7.63295 6.44243 2
    endloop
  endfacet
  facet normal 0.741036 0.671465 0
    outer loop
      vertex 11.2417 10.8397 6
      vertex 11.0506 11.0506 2
      vertex 11.0506 11.0506 6
    endloop
  endfacet
  facet normal 0.741036 0.671465 0
    outer loop
      vertex 11.0506 11.0506 2
      vertex 11.2417 10.8397 6
      vertex 11.2417 10.8397 2
    endloop
  endfacet
  facet normal 0.336886 -0.941545 0
    outer loop
      vertex 9.84183 6.22487 2
      vertex 10.1098 6.32075 6
      vertex 9.84183 6.22487 6
    endloop
  endfacet
  facet normal 0.336886 -0.941545 0
    outer loop
      vertex 10.1098 6.32075 6
      vertex 9.84183 6.22487 2
      vertex 10.1098 6.32075 2
    endloop
  endfacet
  facet normal 0.803096 -0.595849 0
    outer loop
      vertex 11.2417 7.16026 6
      vertex 11.4113 7.38885 2
      vertex 11.4113 7.38885 6
    endloop
  endfacet
  facet normal 0.803096 -0.595849 0
    outer loop
      vertex 11.4113 7.38885 2
      vertex 11.2417 7.16026 6
      vertex 11.2417 7.16026 2
    endloop
  endfacet
  facet normal 0.989206 0.146531 0
    outer loop
      vertex 11.886 9.28425 6
      vertex 11.8443 9.56576 2
      vertex 11.8443 9.56576 6
    endloop
  endfacet
  facet normal 0.989206 0.146531 0
    outer loop
      vertex 11.8443 9.56576 2
      vertex 11.886 9.28425 6
      vertex 11.886 9.28425 2
    endloop
  endfacet
  facet normal -0.671518 0.740989 0
    outer loop
      vertex 7.16026 11.2417 2
      vertex 6.94939 11.0506 6
      vertex 7.16026 11.2417 6
    endloop
  endfacet
  facet normal -0.671518 0.740989 0
    outer loop
      vertex 6.94939 11.0506 6
      vertex 7.16026 11.2417 2
      vertex 6.94939 11.0506 2
    endloop
  endfacet
  facet normal -0.989176 0.146737 0
    outer loop
      vertex 6.11396 9.28425 2
      vertex 6.15572 9.56576 6
      vertex 6.15572 9.56576 2
    endloop
  endfacet
  facet normal -0.989176 0.146737 0
    outer loop
      vertex 6.15572 9.56576 6
      vertex 6.11396 9.28425 2
      vertex 6.11396 9.28425 6
    endloop
  endfacet
  facet normal 0.998789 0.0491928 0
    outer loop
      vertex 11.9 9 6
      vertex 11.886 9.28425 2
      vertex 11.886 9.28425 6
    endloop
  endfacet
  facet normal 0.998789 0.0491928 0
    outer loop
      vertex 11.886 9.28425 2
      vertex 11.9 9 6
      vertex 11.9 9 2
    endloop
  endfacet
  facet normal -0.941537 -0.336908 0
    outer loop
      vertex 6.32075 7.89022 2
      vertex 6.22487 8.15817 6
      vertex 6.22487 8.15817 2
    endloop
  endfacet
  facet normal -0.941537 -0.336908 0
    outer loop
      vertex 6.22487 8.15817 6
      vertex 6.32075 7.89022 2
      vertex 6.32075 7.89022 6
    endloop
  endfacet
  facet normal -0.243139 0.969991 0
    outer loop
      vertex 8.43424 11.8443 2
      vertex 8.15817 11.7751 6
      vertex 8.43424 11.8443 6
    endloop
  endfacet
  facet normal -0.243139 0.969991 0
    outer loop
      vertex 8.15817 11.7751 6
      vertex 8.43424 11.8443 2
      vertex 8.15817 11.7751 2
    endloop
  endfacet
  facet normal 0.998789 -0.0491928 0
    outer loop
      vertex 11.886 8.71575 6
      vertex 11.9 9 2
      vertex 11.9 9 6
    endloop
  endfacet
  facet normal 0.998789 -0.0491928 0
    outer loop
      vertex 11.9 9 2
      vertex 11.886 8.71575 6
      vertex 11.886 8.71575 2
    endloop
  endfacet
  facet normal 0.514082 0.857741 -0
    outer loop
      vertex 10.6112 11.4113 2
      vertex 10.3671 11.5576 6
      vertex 10.6112 11.4113 6
    endloop
  endfacet
  facet normal 0.514082 0.857741 0
    outer loop
      vertex 10.3671 11.5576 6
      vertex 10.6112 11.4113 2
      vertex 10.3671 11.5576 2
    endloop
  endfacet
  facet normal -0.146737 -0.989176 0
    outer loop
      vertex 8.43424 6.15572 2
      vertex 8.71575 6.11396 6
      vertex 8.43424 6.15572 6
    endloop
  endfacet
  facet normal -0.146737 -0.989176 -0
    outer loop
      vertex 8.71575 6.11396 6
      vertex 8.43424 6.15572 2
      vertex 8.71575 6.11396 2
    endloop
  endfacet
  facet normal -0.0491928 0.998789 0
    outer loop
      vertex 9 11.9 2
      vertex 8.71575 11.886 6
      vertex 9 11.9 6
    endloop
  endfacet
  facet normal -0.0491928 0.998789 0
    outer loop
      vertex 8.71575 11.886 6
      vertex 9 11.9 2
      vertex 8.71575 11.886 2
    endloop
  endfacet
  facet normal -0.146531 0.989206 0
    outer loop
      vertex 8.71575 11.886 2
      vertex 8.43424 11.8443 6
      vertex 8.71575 11.886 6
    endloop
  endfacet
  facet normal -0.146531 0.989206 0
    outer loop
      vertex 8.43424 11.8443 6
      vertex 8.71575 11.886 2
      vertex 8.43424 11.8443 2
    endloop
  endfacet
  facet normal 0.969991 0.243139 0
    outer loop
      vertex 11.8443 9.56576 6
      vertex 11.7751 9.84183 2
      vertex 11.7751 9.84183 6
    endloop
  endfacet
  facet normal 0.969991 0.243139 0
    outer loop
      vertex 11.7751 9.84183 2
      vertex 11.8443 9.56576 6
      vertex 11.8443 9.56576 2
    endloop
  endfacet
  facet normal -0.336971 0.941515 0
    outer loop
      vertex 8.15817 11.7751 2
      vertex 7.89022 11.6792 6
      vertex 8.15817 11.7751 6
    endloop
  endfacet
  facet normal -0.336971 0.941515 0
    outer loop
      vertex 7.89022 11.6792 6
      vertex 8.15817 11.7751 2
      vertex 7.89022 11.6792 2
    endloop
  endfacet
  facet normal 0.427286 0.904117 -0
    outer loop
      vertex 10.3671 11.5576 2
      vertex 10.1098 11.6792 6
      vertex 10.3671 11.5576 6
    endloop
  endfacet
  facet normal 0.427286 0.904117 0
    outer loop
      vertex 10.1098 11.6792 6
      vertex 10.3671 11.5576 2
      vertex 10.1098 11.6792 2
    endloop
  endfacet
  facet normal -0.803102 0.595842 0
    outer loop
      vertex 6.58874 10.6112 2
      vertex 6.75827 10.8397 6
      vertex 6.75827 10.8397 2
    endloop
  endfacet
  facet normal -0.803102 0.595842 0
    outer loop
      vertex 6.75827 10.8397 6
      vertex 6.58874 10.6112 2
      vertex 6.58874 10.6112 6
    endloop
  endfacet
  facet normal 0.146737 -0.989176 0
    outer loop
      vertex 9.28425 6.11396 2
      vertex 9.56576 6.15572 6
      vertex 9.28425 6.11396 6
    endloop
  endfacet
  facet normal 0.146737 -0.989176 0
    outer loop
      vertex 9.56576 6.15572 6
      vertex 9.28425 6.11396 2
      vertex 9.56576 6.15572 2
    endloop
  endfacet
  facet normal -0.803214 -0.59569 0
    outer loop
      vertex 6.75827 7.16026 2
      vertex 6.58874 7.38885 6
      vertex 6.58874 7.38885 2
    endloop
  endfacet
  facet normal -0.803214 -0.59569 0
    outer loop
      vertex 6.58874 7.38885 6
      vertex 6.75827 7.16026 2
      vertex 6.75827 7.16026 6
    endloop
  endfacet
  facet normal -0.741001 0.671504 0
    outer loop
      vertex 6.75827 10.8397 2
      vertex 6.94939 11.0506 6
      vertex 6.94939 11.0506 2
    endloop
  endfacet
  facet normal -0.741001 0.671504 0
    outer loop
      vertex 6.94939 11.0506 6
      vertex 6.75827 10.8397 2
      vertex 6.75827 10.8397 6
    endloop
  endfacet
  facet normal 0.904117 0.427286 0
    outer loop
      vertex 11.6792 10.1098 6
      vertex 11.5576 10.3671 2
      vertex 11.5576 10.3671 6
    endloop
  endfacet
  facet normal 0.904117 0.427286 0
    outer loop
      vertex 11.5576 10.3671 2
      vertex 11.6792 10.1098 6
      vertex 11.6792 10.1098 2
    endloop
  endfacet
  facet normal -0.998796 0.0490526 0
    outer loop
      vertex 6.1 9 2
      vertex 6.11396 9.28425 6
      vertex 6.11396 9.28425 2
    endloop
  endfacet
  facet normal -0.998796 0.0490526 0
    outer loop
      vertex 6.11396 9.28425 6
      vertex 6.1 9 2
      vertex 6.1 9 6
    endloop
  endfacet
  facet normal 0.596 0.802984 -0
    outer loop
      vertex 10.8397 11.2417 2
      vertex 10.6112 11.4113 6
      vertex 10.8397 11.2417 6
    endloop
  endfacet
  facet normal 0.596 0.802984 0
    outer loop
      vertex 10.6112 11.4113 6
      vertex 10.8397 11.2417 2
      vertex 10.6112 11.4113 2
    endloop
  endfacet
  facet normal -0.970033 -0.242974 0
    outer loop
      vertex 6.22487 8.15817 2
      vertex 6.15572 8.43424 6
      vertex 6.15572 8.43424 2
    endloop
  endfacet
  facet normal -0.970033 -0.242974 0
    outer loop
      vertex 6.15572 8.43424 6
      vertex 6.22487 8.15817 2
      vertex 6.22487 8.15817 6
    endloop
  endfacet
  facet normal 0.989206 -0.146531 0
    outer loop
      vertex 11.8443 8.43424 6
      vertex 11.886 8.71575 2
      vertex 11.886 8.71575 6
    endloop
  endfacet
  facet normal 0.989206 -0.146531 0
    outer loop
      vertex 11.886 8.71575 2
      vertex 11.8443 8.43424 6
      vertex 11.8443 8.43424 2
    endloop
  endfacet
  facet normal -0.998796 -0.0490526 0
    outer loop
      vertex 6.11396 8.71575 2
      vertex 6.1 9 6
      vertex 6.1 9 2
    endloop
  endfacet
  facet normal -0.998796 -0.0490526 0
    outer loop
      vertex 6.1 9 6
      vertex 6.11396 8.71575 2
      vertex 6.11396 8.71575 6
    endloop
  endfacet
  facet normal -0.427556 -0.903989 0
    outer loop
      vertex 7.63295 6.44243 2
      vertex 7.89022 6.32075 6
      vertex 7.63295 6.44243 6
    endloop
  endfacet
  facet normal -0.427556 -0.903989 -0
    outer loop
      vertex 7.89022 6.32075 6
      vertex 7.63295 6.44243 2
      vertex 7.89022 6.32075 2
    endloop
  endfacet
  facet normal -0.970033 0.242974 0
    outer loop
      vertex 6.15572 9.56576 2
      vertex 6.22487 9.84183 6
      vertex 6.22487 9.84183 2
    endloop
  endfacet
  facet normal -0.970033 0.242974 0
    outer loop
      vertex 6.22487 9.84183 6
      vertex 6.15572 9.56576 2
      vertex 6.15572 9.56576 6
    endloop
  endfacet
  facet normal 0.671504 -0.741001 0
    outer loop
      vertex 10.8397 6.75827 2
      vertex 11.0506 6.94939 6
      vertex 10.8397 6.75827 6
    endloop
  endfacet
  facet normal 0.671504 -0.741001 0
    outer loop
      vertex 11.0506 6.94939 6
      vertex 10.8397 6.75827 2
      vertex 11.0506 6.94939 2
    endloop
  endfacet
  facet normal 0.857741 0.514082 0
    outer loop
      vertex 11.5576 10.3671 6
      vertex 11.4113 10.6112 2
      vertex 11.4113 10.6112 6
    endloop
  endfacet
  facet normal 0.857741 0.514082 0
    outer loop
      vertex 11.4113 10.6112 2
      vertex 11.5576 10.3671 6
      vertex 11.5576 10.3671 2
    endloop
  endfacet
  facet normal 0.904097 -0.427326 0
    outer loop
      vertex 11.5576 7.63295 6
      vertex 11.6792 7.89022 2
      vertex 11.6792 7.89022 6
    endloop
  endfacet
  facet normal 0.904097 -0.427326 0
    outer loop
      vertex 11.6792 7.89022 2
      vertex 11.5576 7.63295 6
      vertex 11.5576 7.63295 2
    endloop
  endfacet
  facet normal 0.146531 0.989206 -0
    outer loop
      vertex 9.56576 11.8443 2
      vertex 9.28425 11.886 6
      vertex 9.56576 11.8443 6
    endloop
  endfacet
  facet normal 0.146531 0.989206 0
    outer loop
      vertex 9.28425 11.886 6
      vertex 9.56576 11.8443 2
      vertex 9.28425 11.886 2
    endloop
  endfacet
  facet normal 0.857741 -0.514082 0
    outer loop
      vertex 11.4113 7.38885 6
      vertex 11.5576 7.63295 2
      vertex 11.5576 7.63295 6
    endloop
  endfacet
  facet normal 0.857741 -0.514082 0
    outer loop
      vertex 11.5576 7.63295 2
      vertex 11.4113 7.38885 6
      vertex 11.4113 7.38885 2
    endloop
  endfacet
  facet normal -0.989176 -0.146737 0
    outer loop
      vertex 6.15572 8.43424 2
      vertex 6.11396 8.71575 6
      vertex 6.11396 8.71575 2
    endloop
  endfacet
  facet normal -0.989176 -0.146737 0
    outer loop
      vertex 6.11396 8.71575 6
      vertex 6.15572 8.43424 2
      vertex 6.15572 8.43424 6
    endloop
  endfacet
  facet normal 0.514108 -0.857725 0
    outer loop
      vertex 10.3671 6.44243 2
      vertex 10.6112 6.58874 6
      vertex 10.3671 6.44243 6
    endloop
  endfacet
  facet normal 0.514108 -0.857725 0
    outer loop
      vertex 10.6112 6.58874 6
      vertex 10.3671 6.44243 2
      vertex 10.6112 6.58874 2
    endloop
  endfacet
  facet normal -0.595849 0.803096 0
    outer loop
      vertex 7.38885 11.4113 2
      vertex 7.16026 11.2417 6
      vertex 7.38885 11.4113 6
    endloop
  endfacet
  facet normal -0.595849 0.803096 0
    outer loop
      vertex 7.16026 11.2417 6
      vertex 7.38885 11.4113 2
      vertex 7.16026 11.2417 2
    endloop
  endfacet
  facet normal -0.427326 0.904097 0
    outer loop
      vertex 7.89022 11.6792 2
      vertex 7.63295 11.5576 6
      vertex 7.89022 11.6792 6
    endloop
  endfacet
  facet normal -0.427326 0.904097 0
    outer loop
      vertex 7.63295 11.5576 6
      vertex 7.89022 11.6792 2
      vertex 7.63295 11.5576 2
    endloop
  endfacet
  facet normal 0.0490526 -0.998796 0
    outer loop
      vertex 9 6.1 2
      vertex 9.28425 6.11396 6
      vertex 9 6.1 6
    endloop
  endfacet
  facet normal 0.0490526 -0.998796 0
    outer loop
      vertex 9.28425 6.11396 6
      vertex 9 6.1 2
      vertex 9.28425 6.11396 2
    endloop
  endfacet
  facet normal 0.595842 -0.803102 0
    outer loop
      vertex 10.6112 6.58874 2
      vertex 10.8397 6.75827 6
      vertex 10.6112 6.58874 6
    endloop
  endfacet
  facet normal 0.595842 -0.803102 0
    outer loop
      vertex 10.8397 6.75827 6
      vertex 10.6112 6.58874 2
      vertex 10.8397 6.75827 2
    endloop
  endfacet
  facet normal -0.857725 -0.514108 0
    outer loop
      vertex 6.58874 7.38885 2
      vertex 6.44243 7.63295 6
      vertex 6.44243 7.63295 2
    endloop
  endfacet
  facet normal -0.857725 -0.514108 0
    outer loop
      vertex 6.44243 7.63295 6
      vertex 6.58874 7.38885 2
      vertex 6.58874 7.38885 6
    endloop
  endfacet
  facet normal 0.969991 -0.243139 0
    outer loop
      vertex 11.7751 8.15817 6
      vertex 11.8443 8.43424 2
      vertex 11.8443 8.43424 6
    endloop
  endfacet
  facet normal 0.969991 -0.243139 0
    outer loop
      vertex 11.8443 8.43424 2
      vertex 11.7751 8.15817 6
      vertex 11.7751 8.15817 2
    endloop
  endfacet
  facet normal 0.941515 -0.336971 0
    outer loop
      vertex 11.6792 7.89022 6
      vertex 11.7751 8.15817 2
      vertex 11.7751 8.15817 6
    endloop
  endfacet
  facet normal 0.941515 -0.336971 0
    outer loop
      vertex 11.7751 8.15817 2
      vertex 11.6792 7.89022 6
      vertex 11.6792 7.89022 2
    endloop
  endfacet
  facet normal 0.242974 -0.970033 0
    outer loop
      vertex 9.56576 6.15572 2
      vertex 9.84183 6.22487 6
      vertex 9.56576 6.15572 6
    endloop
  endfacet
  facet normal 0.242974 -0.970033 0
    outer loop
      vertex 9.84183 6.22487 6
      vertex 9.56576 6.15572 2
      vertex 9.84183 6.22487 2
    endloop
  endfacet
  facet normal -0.740954 -0.671556 0
    outer loop
      vertex 6.94939 6.94939 2
      vertex 6.75827 7.16026 6
      vertex 6.75827 7.16026 2
    endloop
  endfacet
  facet normal -0.740954 -0.671556 0
    outer loop
      vertex 6.75827 7.16026 6
      vertex 6.94939 6.94939 2
      vertex 6.94939 6.94939 6
    endloop
  endfacet
  facet normal -0.59569 -0.803214 0
    outer loop
      vertex 7.16026 6.75827 2
      vertex 7.38885 6.58874 6
      vertex 7.16026 6.75827 6
    endloop
  endfacet
  facet normal -0.59569 -0.803214 -0
    outer loop
      vertex 7.38885 6.58874 6
      vertex 7.16026 6.75827 2
      vertex 7.38885 6.58874 2
    endloop
  endfacet
  facet normal -0.904008 0.427515 0
    outer loop
      vertex 6.32075 10.1098 2
      vertex 6.44243 10.3671 6
      vertex 6.44243 10.3671 2
    endloop
  endfacet
  facet normal -0.904008 0.427515 0
    outer loop
      vertex 6.44243 10.3671 6
      vertex 6.32075 10.1098 2
      vertex 6.32075 10.1098 6
    endloop
  endfacet
  facet normal -0.903989 -0.427556 0
    outer loop
      vertex 6.44243 7.63295 2
      vertex 6.32075 7.89022 6
      vertex 6.32075 7.89022 2
    endloop
  endfacet
  facet normal -0.903989 -0.427556 0
    outer loop
      vertex 6.32075 7.89022 6
      vertex 6.44243 7.63295 2
      vertex 6.44243 7.63295 6
    endloop
  endfacet
  facet normal -0 0 1
    outer loop
      vertex 10.2467 9.00049 6
      vertex 11.9 9 6
      vertex 11.886 9.28425 6
    endloop
  endfacet
  facet normal 0 0 1
    outer loop
      vertex 10.2407 9.1222 6
      vertex 11.886 9.28425 6
      vertex 11.8443 9.56576 6
    endloop
  endfacet
  facet normal 0 0 1
    outer loop
      vertex 11.9 9 6
      vertex 10.2467 9.00049 6
      vertex 10.2467 9 6
    endloop
  endfacet
  facet normal 0 0 1
    outer loop
      vertex 10.2226 9.24369 6
      vertex 11.8443 9.56576 6
      vertex 11.7751 9.84183 6
    endloop
  endfacet
  facet normal 0 0 1
    outer loop
      vertex 10.2467 8.99951 6
      vertex 11.9 9 6
      vertex 10.2467 9 6
    endloop
  endfacet
  facet normal 0 0 1
    outer loop
      vertex 10.193 9.36189 6
      vertex 11.7751 9.84183 6
      vertex 11.6792 10.1098 6
    endloop
  endfacet
  facet normal 0 0 1
    outer loop
      vertex 11.9 9 6
      vertex 10.2467 8.99951 6
      vertex 11.886 8.71575 6
    endloop
  endfacet
  facet normal 0 0 1
    outer loop
      vertex 10.1516 9.47753 6
      vertex 11.6792 10.1098 6
      vertex 11.5576 10.3671 6
    endloop
  endfacet
  facet normal -0 0 1
    outer loop
      vertex 10.2407 8.8778 6
      vertex 11.886 8.71575 6
      vertex 10.2467 8.99951 6
    endloop
  endfacet
  facet normal 0 0 1
    outer loop
      vertex 10.0995 9.58768 6
      vertex 11.5576 10.3671 6
      vertex 11.4113 10.6112 6
    endloop
  endfacet
  facet normal 0 0 1
    outer loop
      vertex 11.886 8.71575 6
      vertex 10.2407 8.8778 6
      vertex 11.8443 8.43424 6
    endloop
  endfacet
  facet normal 0 0 1
    outer loop
      vertex 10.0363 9.69301 6
      vertex 11.4113 10.6112 6
      vertex 11.2417 10.8397 6
    endloop
  endfacet
  facet normal -0 0 1
    outer loop
      vertex 10.2228 8.75727 6
      vertex 11.8443 8.43424 6
      vertex 10.2407 8.8778 6
    endloop
  endfacet
  facet normal 0 0 1
    outer loop
      vertex 9.9637 9.79089 6
      vertex 11.2417 10.8397 6
      vertex 11.0506 11.0506 6
    endloop
  endfacet
  facet normal -0 0 1
    outer loop
      vertex 10.2227 8.75678 6
      vertex 11.8443 8.43424 6
      vertex 10.2228 8.75727 6
    endloop
  endfacet
  facet normal 0 0 1
    outer loop
      vertex 9.88118 9.88187 6
      vertex 11.0506 11.0506 6
      vertex 10.8397 11.2417 6
    endloop
  endfacet
  facet normal -0 0 1
    outer loop
      vertex 10.2226 8.75631 6
      vertex 11.8443 8.43424 6
      vertex 10.2227 8.75678 6
    endloop
  endfacet
  facet normal 0 0 1
    outer loop
      vertex 9.79089 9.9637 6
      vertex 10.8397 11.2417 6
      vertex 10.6112 11.4113 6
    endloop
  endfacet
  facet normal 0 0 1
    outer loop
      vertex 11.8443 8.43424 6
      vertex 10.2226 8.75631 6
      vertex 11.7751 8.15817 6
    endloop
  endfacet
  facet normal 0 0 1
    outer loop
      vertex 9.69221 10.0368 6
      vertex 10.6112 11.4113 6
      vertex 10.3671 11.5576 6
    endloop
  endfacet
  facet normal 0 0 1
    outer loop
      vertex 11.7751 8.15817 6
      vertex 10.193 8.63811 6
      vertex 11.6792 7.89022 6
    endloop
  endfacet
  facet normal -0 0 1
    outer loop
      vertex 10.152 8.52337 6
      vertex 11.6792 7.89022 6
      vertex 10.193 8.63811 6
    endloop
  endfacet
  facet normal -0 0 1
    outer loop
      vertex 10.193 8.63811 6
      vertex 11.7751 8.15817 6
      vertex 10.2226 8.75631 6
    endloop
  endfacet
  facet normal 0 0 1
    outer loop
      vertex 11.886 9.28425 6
      vertex 10.2407 9.1222 6
      vertex 10.2467 9.00049 6
    endloop
  endfacet
  facet normal 0 0 1
    outer loop
      vertex 11.8443 9.56576 6
      vertex 10.2228 9.24273 6
      vertex 10.2407 9.1222 6
    endloop
  endfacet
  facet normal 0 0 1
    outer loop
      vertex 11.8443 9.56576 6
      vertex 10.2227 9.24322 6
      vertex 10.2228 9.24273 6
    endloop
  endfacet
  facet normal 0 0 1
    outer loop
      vertex 11.8443 9.56576 6
      vertex 10.2226 9.24369 6
      vertex 10.2227 9.24322 6
    endloop
  endfacet
  facet normal 0 0 1
    outer loop
      vertex 11.7751 9.84183 6
      vertex 10.193 9.36189 6
      vertex 10.2226 9.24369 6
    endloop
  endfacet
  facet normal 0 0 1
    outer loop
      vertex 11.6792 10.1098 6
      vertex 10.152 9.47663 6
      vertex 10.193 9.36189 6
    endloop
  endfacet
  facet normal 0 0 1
    outer loop
      vertex 11.6792 10.1098 6
      vertex 10.1518 9.47709 6
      vertex 10.152 9.47663 6
    endloop
  endfacet
  facet normal 0 0 1
    outer loop
      vertex 11.6792 10.1098 6
      vertex 10.1516 9.47753 6
      vertex 10.1518 9.47709 6
    endloop
  endfacet
  facet normal 0 0 1
    outer loop
      vertex 9.58768 10.0995 6
      vertex 10.3671 11.5576 6
      vertex 10.1098 11.6792 6
    endloop
  endfacet
  facet normal 0 0 1
    outer loop
      vertex 11.5576 10.3671 6
      vertex 10.0995 9.58768 6
      vertex 10.1516 9.47753 6
    endloop
  endfacet
  facet normal 0 0 1
    outer loop
      vertex 11.4113 10.6112 6
      vertex 10.0368 9.69221 6
      vertex 10.0995 9.58768 6
    endloop
  endfacet
  facet normal 0 0 1
    outer loop
      vertex 11.4113 10.6112 6
      vertex 10.0366 9.69262 6
      vertex 10.0368 9.69221 6
    endloop
  endfacet
  facet normal 0 0 1
    outer loop
      vertex 11.4113 10.6112 6
      vertex 10.0363 9.69301 6
      vertex 10.0366 9.69262 6
    endloop
  endfacet
  facet normal 0 0 1
    outer loop
      vertex 11.2417 10.8397 6
      vertex 9.9637 9.79089 6
      vertex 10.0363 9.69301 6
    endloop
  endfacet
  facet normal 0 0 1
    outer loop
      vertex 11.0506 11.0506 6
      vertex 9.88187 9.88118 6
      vertex 9.9637 9.79089 6
    endloop
  endfacet
  facet normal 0 0 1
    outer loop
      vertex 11.0506 11.0506 6
      vertex 9.88154 9.88154 6
      vertex 9.88187 9.88118 6
    endloop
  endfacet
  facet normal 0 0 1
    outer loop
      vertex 11.0506 11.0506 6
      vertex 9.88118 9.88187 6
      vertex 9.88154 9.88154 6
    endloop
  endfacet
  facet normal 0 0 1
    outer loop
      vertex 9.47663 10.152 6
      vertex 10.1098 11.6792 6
      vertex 9.84183 11.7751 6
    endloop
  endfacet
  facet normal 0 0 1
    outer loop
      vertex 10.8397 11.2417 6
      vertex 9.79089 9.9637 6
      vertex 9.88118 9.88187 6
    endloop
  endfacet
  facet normal 0 0 1
    outer loop
      vertex 10.6112 11.4113 6
      vertex 9.69301 10.0363 6
      vertex 9.79089 9.9637 6
    endloop
  endfacet
  facet normal 0 0 1
    outer loop
      vertex 10.6112 11.4113 6
      vertex 9.69262 10.0366 6
      vertex 9.69301 10.0363 6
    endloop
  endfacet
  facet normal 0 0 1
    outer loop
      vertex 10.6112 11.4113 6
      vertex 9.69221 10.0368 6
      vertex 9.69262 10.0366 6
    endloop
  endfacet
  facet normal 0 0 1
    outer loop
      vertex 10.3671 11.5576 6
      vertex 9.58768 10.0995 6
      vertex 9.69221 10.0368 6
    endloop
  endfacet
  facet normal 0 0 1
    outer loop
      vertex 9.36189 10.193 6
      vertex 9.84183 11.7751 6
      vertex 9.56576 11.8443 6
    endloop
  endfacet
  facet normal 0 0 1
    outer loop
      vertex 10.1098 11.6792 6
      vertex 9.47753 10.1516 6
      vertex 9.58768 10.0995 6
    endloop
  endfacet
  facet normal 0 0 1
    outer loop
      vertex 10.1098 11.6792 6
      vertex 9.47709 10.1518 6
      vertex 9.47753 10.1516 6
    endloop
  endfacet
  facet normal 0 0 1
    outer loop
      vertex 10.1098 11.6792 6
      vertex 9.47663 10.152 6
      vertex 9.47709 10.1518 6
    endloop
  endfacet
  facet normal 0 0 1
    outer loop
      vertex 9.84183 11.7751 6
      vertex 9.36189 10.193 6
      vertex 9.47663 10.152 6
    endloop
  endfacet
  facet normal 0 0 1
    outer loop
      vertex 9.24273 10.2228 6
      vertex 9.56576 11.8443 6
      vertex 9.28425 11.886 6
    endloop
  endfacet
  facet normal 0 0 1
    outer loop
      vertex 9.56576 11.8443 6
      vertex 9.24369 10.2226 6
      vertex 9.36189 10.193 6
    endloop
  endfacet
  facet normal 0 0 1
    outer loop
      vertex 9.56576 11.8443 6
      vertex 9.24322 10.2227 6
      vertex 9.24369 10.2226 6
    endloop
  endfacet
  facet normal 0 0 1
    outer loop
      vertex 9.56576 11.8443 6
      vertex 9.24273 10.2228 6
      vertex 9.24322 10.2227 6
    endloop
  endfacet
  facet normal 0 0 1
    outer loop
      vertex 9.28425 11.886 6
      vertex 9.1222 10.2407 6
      vertex 9.24273 10.2228 6
    endloop
  endfacet
  facet normal 0 0 1
    outer loop
      vertex 9.28425 11.886 6
      vertex 9.00049 10.2467 6
      vertex 9.1222 10.2407 6
    endloop
  endfacet
  facet normal 0 0 1
    outer loop
      vertex 9 11.9 6
      vertex 9.00049 10.2467 6
      vertex 9.28425 11.886 6
    endloop
  endfacet
  facet normal 0 0 1
    outer loop
      vertex 9 11.9 6
      vertex 9 10.2467 6
      vertex 9.00049 10.2467 6
    endloop
  endfacet
  facet normal 0 0 1
    outer loop
      vertex 9 11.9 6
      vertex 8.99951 10.2467 6
      vertex 9 10.2467 6
    endloop
  endfacet
  facet normal 0 0 1
    outer loop
      vertex 9 11.9 6
      vertex 8.8778 10.2407 6
      vertex 8.99951 10.2467 6
    endloop
  endfacet
  facet normal -0 0 1
    outer loop
      vertex 8.71575 11.886 6
      vertex 8.8778 10.2407 6
      vertex 9 11.9 6
    endloop
  endfacet
  facet normal 0 0 1
    outer loop
      vertex 8.8778 10.2407 6
      vertex 8.71575 11.886 6
      vertex 8.75727 10.2228 6
    endloop
  endfacet
  facet normal -0 0 1
    outer loop
      vertex 8.43424 11.8443 6
      vertex 8.75727 10.2228 6
      vertex 8.71575 11.886 6
    endloop
  endfacet
  facet normal 0 0 1
    outer loop
      vertex 8.75727 10.2228 6
      vertex 8.43424 11.8443 6
      vertex 8.75678 10.2227 6
    endloop
  endfacet
  facet normal 0 0 1
    outer loop
      vertex 8.75678 10.2227 6
      vertex 8.43424 11.8443 6
      vertex 8.75631 10.2226 6
    endloop
  endfacet
  facet normal 0 0 1
    outer loop
      vertex 8.75631 10.2226 6
      vertex 8.43424 11.8443 6
      vertex 8.63811 10.193 6
    endloop
  endfacet
  facet normal -0 0 1
    outer loop
      vertex 8.15817 11.7751 6
      vertex 8.63811 10.193 6
      vertex 8.43424 11.8443 6
    endloop
  endfacet
  facet normal 0 0 1
    outer loop
      vertex 8.63811 10.193 6
      vertex 8.15817 11.7751 6
      vertex 8.52337 10.152 6
    endloop
  endfacet
  facet normal -0 0 1
    outer loop
      vertex 7.89022 11.6792 6
      vertex 8.52337 10.152 6
      vertex 8.15817 11.7751 6
    endloop
  endfacet
  facet normal 0 0 1
    outer loop
      vertex 8.52337 10.152 6
      vertex 7.89022 11.6792 6
      vertex 8.52291 10.1518 6
    endloop
  endfacet
  facet normal 0 0 1
    outer loop
      vertex 8.52291 10.1518 6
      vertex 7.89022 11.6792 6
      vertex 8.52247 10.1516 6
    endloop
  endfacet
  facet normal 0 0 1
    outer loop
      vertex 8.52247 10.1516 6
      vertex 7.89022 11.6792 6
      vertex 8.41231 10.0995 6
    endloop
  endfacet
  facet normal -0 0 1
    outer loop
      vertex 7.63295 11.5576 6
      vertex 8.41231 10.0995 6
      vertex 7.89022 11.6792 6
    endloop
  endfacet
  facet normal 0 0 1
    outer loop
      vertex 8.41231 10.0995 6
      vertex 7.63295 11.5576 6
      vertex 8.30779 10.0368 6
    endloop
  endfacet
  facet normal -0 0 1
    outer loop
      vertex 7.38885 11.4113 6
      vertex 8.30779 10.0368 6
      vertex 7.63295 11.5576 6
    endloop
  endfacet
  facet normal 0 0 1
    outer loop
      vertex 8.30779 10.0368 6
      vertex 7.38885 11.4113 6
      vertex 8.30738 10.0366 6
    endloop
  endfacet
  facet normal 0 0 1
    outer loop
      vertex 8.30738 10.0366 6
      vertex 7.38885 11.4113 6
      vertex 8.30698 10.0363 6
    endloop
  endfacet
  facet normal 0 0 1
    outer loop
      vertex 8.30698 10.0363 6
      vertex 7.38885 11.4113 6
      vertex 8.20911 9.9637 6
    endloop
  endfacet
  facet normal -0 0 1
    outer loop
      vertex 7.16026 11.2417 6
      vertex 8.20911 9.9637 6
      vertex 7.38885 11.4113 6
    endloop
  endfacet
  facet normal 0 0 1
    outer loop
      vertex 8.20911 9.9637 6
      vertex 7.16026 11.2417 6
      vertex 8.11882 9.88187 6
    endloop
  endfacet
  facet normal -0 0 1
    outer loop
      vertex 6.94939 11.0506 6
      vertex 8.11882 9.88187 6
      vertex 7.16026 11.2417 6
    endloop
  endfacet
  facet normal 0 0 1
    outer loop
      vertex 8.11882 9.88187 6
      vertex 6.94939 11.0506 6
      vertex 8.11846 9.88154 6
    endloop
  endfacet
  facet normal 0 0 1
    outer loop
      vertex 8.11846 9.88154 6
      vertex 6.94939 11.0506 6
      vertex 8.11813 9.88118 6
    endloop
  endfacet
  facet normal 0 0 1
    outer loop
      vertex 8.11813 9.88118 6
      vertex 6.94939 11.0506 6
      vertex 8.0363 9.79089 6
    endloop
  endfacet
  facet normal -0 0 1
    outer loop
      vertex 6.75827 10.8397 6
      vertex 8.0363 9.79089 6
      vertex 6.94939 11.0506 6
    endloop
  endfacet
  facet normal 0 0 1
    outer loop
      vertex 8.0363 9.79089 6
      vertex 6.75827 10.8397 6
      vertex 7.96371 9.69301 6
    endloop
  endfacet
  facet normal -0 0 1
    outer loop
      vertex 6.58874 10.6112 6
      vertex 7.96371 9.69301 6
      vertex 6.75827 10.8397 6
    endloop
  endfacet
  facet normal 0 0 1
    outer loop
      vertex 7.96371 9.69301 6
      vertex 6.58874 10.6112 6
      vertex 7.96342 9.69262 6
    endloop
  endfacet
  facet normal 0 0 1
    outer loop
      vertex 7.96342 9.69262 6
      vertex 6.58874 10.6112 6
      vertex 7.96317 9.69221 6
    endloop
  endfacet
  facet normal 0 0 1
    outer loop
      vertex 7.96317 9.69221 6
      vertex 6.58874 10.6112 6
      vertex 7.90052 9.58768 6
    endloop
  endfacet
  facet normal -0 0 1
    outer loop
      vertex 6.44243 10.3671 6
      vertex 7.90052 9.58768 6
      vertex 6.58874 10.6112 6
    endloop
  endfacet
  facet normal 0 0 1
    outer loop
      vertex 7.90052 9.58768 6
      vertex 6.44243 10.3671 6
      vertex 7.84842 9.47753 6
    endloop
  endfacet
  facet normal 0 0 1
    outer loop
      vertex 6.11396 9.28425 6
      vertex 7.75334 9.00049 6
      vertex 7.75931 9.1222 6
    endloop
  endfacet
  facet normal 0 0 1
    outer loop
      vertex 7.84842 9.47753 6
      vertex 6.32075 10.1098 6
      vertex 7.84821 9.47709 6
    endloop
  endfacet
  facet normal -0 0 1
    outer loop
      vertex 6.32075 10.1098 6
      vertex 7.84842 9.47753 6
      vertex 6.44243 10.3671 6
    endloop
  endfacet
  facet normal -0 0 1
    outer loop
      vertex 10.1518 8.52291 6
      vertex 11.6792 7.89022 6
      vertex 10.152 8.52337 6
    endloop
  endfacet
  facet normal -0 0 1
    outer loop
      vertex 10.1516 8.52247 6
      vertex 11.6792 7.89022 6
      vertex 10.1518 8.52291 6
    endloop
  endfacet
  facet normal 0 0 1
    outer loop
      vertex 11.6792 7.89022 6
      vertex 10.1516 8.52247 6
      vertex 11.5576 7.63295 6
    endloop
  endfacet
  facet normal -0 0 1
    outer loop
      vertex 10.0995 8.41231 6
      vertex 11.5576 7.63295 6
      vertex 10.1516 8.52247 6
    endloop
  endfacet
  facet normal 0 0 1
    outer loop
      vertex 11.5576 7.63295 6
      vertex 10.0995 8.41231 6
      vertex 11.4113 7.38885 6
    endloop
  endfacet
  facet normal -0 0 1
    outer loop
      vertex 10.0368 8.30779 6
      vertex 11.4113 7.38885 6
      vertex 10.0995 8.41231 6
    endloop
  endfacet
  facet normal -0 0 1
    outer loop
      vertex 10.0366 8.30738 6
      vertex 11.4113 7.38885 6
      vertex 10.0368 8.30779 6
    endloop
  endfacet
  facet normal -0 0 1
    outer loop
      vertex 10.0363 8.30698 6
      vertex 11.4113 7.38885 6
      vertex 10.0366 8.30738 6
    endloop
  endfacet
  facet normal 0 0 1
    outer loop
      vertex 11.4113 7.38885 6
      vertex 10.0363 8.30698 6
      vertex 11.2417 7.16026 6
    endloop
  endfacet
  facet normal -0 0 1
    outer loop
      vertex 9.9637 8.20911 6
      vertex 11.2417 7.16026 6
      vertex 10.0363 8.30698 6
    endloop
  endfacet
  facet normal 0 0 1
    outer loop
      vertex 11.2417 7.16026 6
      vertex 9.9637 8.20911 6
      vertex 11.0506 6.94939 6
    endloop
  endfacet
  facet normal -0 0 1
    outer loop
      vertex 9.88187 8.11882 6
      vertex 11.0506 6.94939 6
      vertex 9.9637 8.20911 6
    endloop
  endfacet
  facet normal -0 0 1
    outer loop
      vertex 9.88154 8.11846 6
      vertex 11.0506 6.94939 6
      vertex 9.88187 8.11882 6
    endloop
  endfacet
  facet normal -0 0 1
    outer loop
      vertex 9.88118 8.11813 6
      vertex 11.0506 6.94939 6
      vertex 9.88154 8.11846 6
    endloop
  endfacet
  facet normal 0 0 1
    outer loop
      vertex 11.0506 6.94939 6
      vertex 9.88118 8.11813 6
      vertex 10.8397 6.75827 6
    endloop
  endfacet
  facet normal -0 0 1
    outer loop
      vertex 9.79089 8.0363 6
      vertex 10.8397 6.75827 6
      vertex 9.88118 8.11813 6
    endloop
  endfacet
  facet normal 0 0 1
    outer loop
      vertex 10.8397 6.75827 6
      vertex 9.79089 8.0363 6
      vertex 10.6112 6.58874 6
    endloop
  endfacet
  facet normal -0 0 1
    outer loop
      vertex 9.69301 7.96371 6
      vertex 10.6112 6.58874 6
      vertex 9.79089 8.0363 6
    endloop
  endfacet
  facet normal -0 0 1
    outer loop
      vertex 9.69262 7.96342 6
      vertex 10.6112 6.58874 6
      vertex 9.69301 7.96371 6
    endloop
  endfacet
  facet normal -0 0 1
    outer loop
      vertex 9.69221 7.96317 6
      vertex 10.6112 6.58874 6
      vertex 9.69262 7.96342 6
    endloop
  endfacet
  facet normal 0 0 1
    outer loop
      vertex 10.6112 6.58874 6
      vertex 9.69221 7.96317 6
      vertex 10.3671 6.44243 6
    endloop
  endfacet
  facet normal -0 0 1
    outer loop
      vertex 9.58768 7.90052 6
      vertex 10.3671 6.44243 6
      vertex 9.69221 7.96317 6
    endloop
  endfacet
  facet normal 0 0 1
    outer loop
      vertex 10.3671 6.44243 6
      vertex 9.58768 7.90052 6
      vertex 10.1098 6.32075 6
    endloop
  endfacet
  facet normal -0 0 1
    outer loop
      vertex 9.47753 7.84842 6
      vertex 10.1098 6.32075 6
      vertex 9.58768 7.90052 6
    endloop
  endfacet
  facet normal -0 0 1
    outer loop
      vertex 9.47709 7.84821 6
      vertex 10.1098 6.32075 6
      vertex 9.47753 7.84842 6
    endloop
  endfacet
  facet normal -0 0 1
    outer loop
      vertex 9.47663 7.84804 6
      vertex 10.1098 6.32075 6
      vertex 9.47709 7.84821 6
    endloop
  endfacet
  facet normal 0 0 1
    outer loop
      vertex 10.1098 6.32075 6
      vertex 9.47663 7.84804 6
      vertex 9.84183 6.22487 6
    endloop
  endfacet
  facet normal -0 0 1
    outer loop
      vertex 9.36189 7.80699 6
      vertex 9.84183 6.22487 6
      vertex 9.47663 7.84804 6
    endloop
  endfacet
  facet normal 0 0 1
    outer loop
      vertex 9.84183 6.22487 6
      vertex 9.36189 7.80699 6
      vertex 9.56576 6.15572 6
    endloop
  endfacet
  facet normal -0 0 1
    outer loop
      vertex 9.24369 7.77738 6
      vertex 9.56576 6.15572 6
      vertex 9.36189 7.80699 6
    endloop
  endfacet
  facet normal -0 0 1
    outer loop
      vertex 9.24322 7.77727 6
      vertex 9.56576 6.15572 6
      vertex 9.24369 7.77738 6
    endloop
  endfacet
  facet normal -0 0 1
    outer loop
      vertex 9.24273 7.77719 6
      vertex 9.56576 6.15572 6
      vertex 9.24322 7.77727 6
    endloop
  endfacet
  facet normal 0 0 1
    outer loop
      vertex 9.56576 6.15572 6
      vertex 9.24273 7.77719 6
      vertex 9.28425 6.11396 6
    endloop
  endfacet
  facet normal -0 0 1
    outer loop
      vertex 9.1222 7.75931 6
      vertex 9.28425 6.11396 6
      vertex 9.24273 7.77719 6
    endloop
  endfacet
  facet normal -0 0 1
    outer loop
      vertex 9.00049 7.75334 6
      vertex 9.28425 6.11396 6
      vertex 9.1222 7.75931 6
    endloop
  endfacet
  facet normal 0 0 1
    outer loop
      vertex 9 6.1 6
      vertex 9.00049 7.75334 6
      vertex 9 7.75331 6
    endloop
  endfacet
  facet normal 0 0 1
    outer loop
      vertex 9.00049 7.75334 6
      vertex 9 6.1 6
      vertex 9.28425 6.11396 6
    endloop
  endfacet
  facet normal 0 0 1
    outer loop
      vertex 8.99951 7.75334 6
      vertex 9 6.1 6
      vertex 9 7.75331 6
    endloop
  endfacet
  facet normal 0 0 1
    outer loop
      vertex 8.8778 7.75931 6
      vertex 9 6.1 6
      vertex 8.99951 7.75334 6
    endloop
  endfacet
  facet normal 0 0 1
    outer loop
      vertex 8.71575 6.11396 6
      vertex 8.8778 7.75931 6
      vertex 8.75727 7.77719 6
    endloop
  endfacet
  facet normal 0 0 1
    outer loop
      vertex 8.43424 6.15572 6
      vertex 8.75727 7.77719 6
      vertex 8.75678 7.77727 6
    endloop
  endfacet
  facet normal 0 0 1
    outer loop
      vertex 8.43424 6.15572 6
      vertex 8.75678 7.77727 6
      vertex 8.75631 7.77738 6
    endloop
  endfacet
  facet normal 0 0 1
    outer loop
      vertex 8.8778 7.75931 6
      vertex 8.71575 6.11396 6
      vertex 9 6.1 6
    endloop
  endfacet
  facet normal 0 0 1
    outer loop
      vertex 8.43424 6.15572 6
      vertex 8.75631 7.77738 6
      vertex 8.63811 7.80699 6
    endloop
  endfacet
  facet normal 0 0 1
    outer loop
      vertex 8.15817 6.22487 6
      vertex 8.63811 7.80699 6
      vertex 8.52337 7.84804 6
    endloop
  endfacet
  facet normal 0 0 1
    outer loop
      vertex 7.89022 6.32075 6
      vertex 8.52337 7.84804 6
      vertex 8.52291 7.84821 6
    endloop
  endfacet
  facet normal 0 0 1
    outer loop
      vertex 7.89022 6.32075 6
      vertex 8.52291 7.84821 6
      vertex 8.52247 7.84842 6
    endloop
  endfacet
  facet normal 0 0 1
    outer loop
      vertex 8.75727 7.77719 6
      vertex 8.43424 6.15572 6
      vertex 8.71575 6.11396 6
    endloop
  endfacet
  facet normal 0 0 1
    outer loop
      vertex 7.89022 6.32075 6
      vertex 8.52247 7.84842 6
      vertex 8.41231 7.90052 6
    endloop
  endfacet
  facet normal 0 0 1
    outer loop
      vertex 7.63295 6.44243 6
      vertex 8.41231 7.90052 6
      vertex 8.30779 7.96317 6
    endloop
  endfacet
  facet normal 0 0 1
    outer loop
      vertex 7.38885 6.58874 6
      vertex 8.30779 7.96317 6
      vertex 8.30738 7.96342 6
    endloop
  endfacet
  facet normal 0 0 1
    outer loop
      vertex 7.38885 6.58874 6
      vertex 8.30738 7.96342 6
      vertex 8.30698 7.96371 6
    endloop
  endfacet
  facet normal 0 0 1
    outer loop
      vertex 7.38885 6.58874 6
      vertex 8.30698 7.96371 6
      vertex 8.20911 8.0363 6
    endloop
  endfacet
  facet normal 0 0 1
    outer loop
      vertex 8.63811 7.80699 6
      vertex 8.15817 6.22487 6
      vertex 8.43424 6.15572 6
    endloop
  endfacet
  facet normal 0 0 1
    outer loop
      vertex 7.16026 6.75827 6
      vertex 8.20911 8.0363 6
      vertex 8.11882 8.11813 6
    endloop
  endfacet
  facet normal 0 0 1
    outer loop
      vertex 6.94939 6.94939 6
      vertex 8.11882 8.11813 6
      vertex 8.11846 8.11846 6
    endloop
  endfacet
  facet normal 0 0 1
    outer loop
      vertex 6.94939 6.94939 6
      vertex 8.11846 8.11846 6
      vertex 8.11813 8.11882 6
    endloop
  endfacet
  facet normal 0 0 1
    outer loop
      vertex 6.94939 6.94939 6
      vertex 8.11813 8.11882 6
      vertex 8.0363 8.20911 6
    endloop
  endfacet
  facet normal 0 0 1
    outer loop
      vertex 6.75827 7.16026 6
      vertex 8.0363 8.20911 6
      vertex 7.96371 8.30698 6
    endloop
  endfacet
  facet normal 0 0 1
    outer loop
      vertex 6.58874 7.38885 6
      vertex 7.96371 8.30698 6
      vertex 7.96342 8.30738 6
    endloop
  endfacet
  facet normal 0 0 1
    outer loop
      vertex 6.58874 7.38885 6
      vertex 7.96342 8.30738 6
      vertex 7.96317 8.30779 6
    endloop
  endfacet
  facet normal 0 0 1
    outer loop
      vertex 6.58874 7.38885 6
      vertex 7.96317 8.30779 6
      vertex 7.90052 8.41231 6
    endloop
  endfacet
  facet normal 0 0 1
    outer loop
      vertex 8.52337 7.84804 6
      vertex 7.89022 6.32075 6
      vertex 8.15817 6.22487 6
    endloop
  endfacet
  facet normal 0 0 1
    outer loop
      vertex 6.44243 7.63295 6
      vertex 7.90052 8.41231 6
      vertex 7.84842 8.52247 6
    endloop
  endfacet
  facet normal 0 0 1
    outer loop
      vertex 6.32075 7.89022 6
      vertex 7.84842 8.52247 6
      vertex 7.84821 8.52291 6
    endloop
  endfacet
  facet normal 0 0 1
    outer loop
      vertex 6.32075 7.89022 6
      vertex 7.84821 8.52291 6
      vertex 7.84804 8.52337 6
    endloop
  endfacet
  facet normal 0 0 1
    outer loop
      vertex 6.32075 7.89022 6
      vertex 7.84804 8.52337 6
      vertex 7.80699 8.63811 6
    endloop
  endfacet
  facet normal 0 0 1
    outer loop
      vertex 6.22487 8.15817 6
      vertex 7.80699 8.63811 6
      vertex 7.77738 8.75631 6
    endloop
  endfacet
  facet normal 0 0 1
    outer loop
      vertex 6.15572 8.43424 6
      vertex 7.77738 8.75631 6
      vertex 7.77727 8.75678 6
    endloop
  endfacet
  facet normal 0 0 1
    outer loop
      vertex 6.15572 8.43424 6
      vertex 7.77727 8.75678 6
      vertex 7.77719 8.75727 6
    endloop
  endfacet
  facet normal 0 0 1
    outer loop
      vertex 6.15572 8.43424 6
      vertex 7.77719 8.75727 6
      vertex 7.75931 8.8778 6
    endloop
  endfacet
  facet normal -0 0 1
    outer loop
      vertex 6.1 9 6
      vertex 7.75334 8.99951 6
      vertex 7.75331 9 6
    endloop
  endfacet
  facet normal 0 0 1
    outer loop
      vertex 8.41231 7.90052 6
      vertex 7.63295 6.44243 6
      vertex 7.89022 6.32075 6
    endloop
  endfacet
  facet normal 0 0 1
    outer loop
      vertex 7.75334 8.99951 6
      vertex 6.11396 8.71575 6
      vertex 7.75931 8.8778 6
    endloop
  endfacet
  facet normal 0 0 1
    outer loop
      vertex 7.84821 9.47709 6
      vertex 6.32075 10.1098 6
      vertex 7.84804 9.47663 6
    endloop
  endfacet
  facet normal 0 0 1
    outer loop
      vertex 7.84804 9.47663 6
      vertex 6.32075 10.1098 6
      vertex 7.80699 9.36189 6
    endloop
  endfacet
  facet normal 0 0 1
    outer loop
      vertex 8.30779 7.96317 6
      vertex 7.38885 6.58874 6
      vertex 7.63295 6.44243 6
    endloop
  endfacet
  facet normal -0 0 1
    outer loop
      vertex 6.22487 9.84183 6
      vertex 7.80699 9.36189 6
      vertex 6.32075 10.1098 6
    endloop
  endfacet
  facet normal 0 0 1
    outer loop
      vertex 8.20911 8.0363 6
      vertex 7.16026 6.75827 6
      vertex 7.38885 6.58874 6
    endloop
  endfacet
  facet normal 0 0 1
    outer loop
      vertex 7.80699 9.36189 6
      vertex 6.22487 9.84183 6
      vertex 7.77738 9.24369 6
    endloop
  endfacet
  facet normal 0 0 1
    outer loop
      vertex 8.11882 8.11813 6
      vertex 6.94939 6.94939 6
      vertex 7.16026 6.75827 6
    endloop
  endfacet
  facet normal -0 0 1
    outer loop
      vertex 6.15572 9.56576 6
      vertex 7.77738 9.24369 6
      vertex 6.22487 9.84183 6
    endloop
  endfacet
  facet normal 0 0 1
    outer loop
      vertex 8.0363 8.20911 6
      vertex 6.75827 7.16026 6
      vertex 6.94939 6.94939 6
    endloop
  endfacet
  facet normal 0 0 1
    outer loop
      vertex 7.77738 9.24369 6
      vertex 6.15572 9.56576 6
      vertex 7.77727 9.24322 6
    endloop
  endfacet
  facet normal 0 0 1
    outer loop
      vertex 7.96371 8.30698 6
      vertex 6.58874 7.38885 6
      vertex 6.75827 7.16026 6
    endloop
  endfacet
  facet normal 0 0 1
    outer loop
      vertex 7.77727 9.24322 6
      vertex 6.15572 9.56576 6
      vertex 7.77719 9.24273 6
    endloop
  endfacet
  facet normal 0 0 1
    outer loop
      vertex 7.90052 8.41231 6
      vertex 6.44243 7.63295 6
      vertex 6.58874 7.38885 6
    endloop
  endfacet
  facet normal 0 0 1
    outer loop
      vertex 7.77719 9.24273 6
      vertex 6.15572 9.56576 6
      vertex 7.75931 9.1222 6
    endloop
  endfacet
  facet normal 0 0 1
    outer loop
      vertex 7.84842 8.52247 6
      vertex 6.32075 7.89022 6
      vertex 6.44243 7.63295 6
    endloop
  endfacet
  facet normal -0 0 1
    outer loop
      vertex 6.11396 9.28425 6
      vertex 7.75931 9.1222 6
      vertex 6.15572 9.56576 6
    endloop
  endfacet
  facet normal 0 0 1
    outer loop
      vertex 7.80699 8.63811 6
      vertex 6.22487 8.15817 6
      vertex 6.32075 7.89022 6
    endloop
  endfacet
  facet normal 0 0 1
    outer loop
      vertex 6.1 9 6
      vertex 7.75334 9.00049 6
      vertex 6.11396 9.28425 6
    endloop
  endfacet
  facet normal 0 0 1
    outer loop
      vertex 7.77738 8.75631 6
      vertex 6.15572 8.43424 6
      vertex 6.22487 8.15817 6
    endloop
  endfacet
  facet normal 0 0 1
    outer loop
      vertex 7.75334 9.00049 6
      vertex 6.1 9 6
      vertex 7.75331 9 6
    endloop
  endfacet
  facet normal 0 0 1
    outer loop
      vertex 7.75931 8.8778 6
      vertex 6.11396 8.71575 6
      vertex 6.15572 8.43424 6
    endloop
  endfacet
  facet normal 0 0 1
    outer loop
      vertex 7.75334 8.99951 6
      vertex 6.1 9 6
      vertex 6.11396 8.71575 6
    endloop
  endfacet
  facet normal -0.514082 0.857741 0
    outer loop
      vertex 7.63295 11.5576 2
      vertex 7.38885 11.4113 6
      vertex 7.63295 11.5576 6
    endloop
  endfacet
  facet normal -0.514082 0.857741 0
    outer loop
      vertex 7.38885 11.4113 6
      vertex 7.63295 11.5576 2
      vertex 7.38885 11.4113 2
    endloop
  endfacet
  facet normal -0.941545 0.336886 0
    outer loop
      vertex 6.22487 9.84183 2
      vertex 6.32075 10.1098 6
      vertex 6.32075 10.1098 2
    endloop
  endfacet
  facet normal -0.941545 0.336886 0
    outer loop
      vertex 6.32075 10.1098 6
      vertex 6.22487 9.84183 2
      vertex 6.22487 9.84183 6
    endloop
  endfacet
  facet normal -0.242974 -0.970033 0
    outer loop
      vertex 8.15817 6.22487 2
      vertex 8.43424 6.15572 6
      vertex 8.15817 6.22487 6
    endloop
  endfacet
  facet normal -0.242974 -0.970033 -0
    outer loop
      vertex 8.43424 6.15572 6
      vertex 8.15817 6.22487 2
      vertex 8.43424 6.15572 2
    endloop
  endfacet
  facet normal -0.336908 -0.941537 0
    outer loop
      vertex 7.89022 6.32075 2
      vertex 8.15817 6.22487 6
      vertex 7.89022 6.32075 6
    endloop
  endfacet
  facet normal -0.336908 -0.941537 -0
    outer loop
      vertex 8.15817 6.22487 6
      vertex 7.89022 6.32075 2
      vertex 8.15817 6.22487 2
    endloop
  endfacet
  facet normal -0.857725 0.514108 0
    outer loop
      vertex 6.44243 10.3671 2
      vertex 6.58874 10.6112 6
      vertex 6.58874 10.6112 2
    endloop
  endfacet
  facet normal -0.857725 0.514108 0
    outer loop
      vertex 6.58874 10.6112 6
      vertex 6.44243 10.3671 2
      vertex 6.44243 10.3671 6
    endloop
  endfacet
  facet normal -0.740989 -0.671518 0
    outer loop
      vertex 74.9494 6.94939 2
      vertex 74.7583 7.16026 6
      vertex 74.7583 7.16026 2
    endloop
  endfacet
  facet normal -0.740989 -0.671518 0
    outer loop
      vertex 74.7583 7.16026 6
      vertex 74.9494 6.94939 2
      vertex 74.9494 6.94939 6
    endloop
  endfacet
  facet normal 0.336853 -0.941557 0
    outer loop
      vertex 77.8418 6.22487 2
      vertex 78.1098 6.32075 6
      vertex 77.8418 6.22487 6
    endloop
  endfacet
  facet normal 0.336853 -0.941557 0
    outer loop
      vertex 78.1098 6.32075 6
      vertex 77.8418 6.22487 2
      vertex 78.1098 6.32075 2
    endloop
  endfacet
  facet normal 0.671465 0.741036 -0
    outer loop
      vertex 79.0506 11.0506 2
      vertex 78.8397 11.2417 6
      vertex 79.0506 11.0506 6
    endloop
  endfacet
  facet normal 0.671465 0.741036 0
    outer loop
      vertex 78.8397 11.2417 6
      vertex 79.0506 11.0506 2
      vertex 78.8397 11.2417 2
    endloop
  endfacet
  facet normal -0.998789 -0.0491928 0
    outer loop
      vertex 74.114 8.71575 2
      vertex 74.1 9 6
      vertex 74.1 9 2
    endloop
  endfacet
  facet normal -0.998789 -0.0491928 0
    outer loop
      vertex 74.1 9 6
      vertex 74.114 8.71575 2
      vertex 74.114 8.71575 6
    endloop
  endfacet
  facet normal 0.596 0.802984 -0
    outer loop
      vertex 78.8397 11.2417 2
      vertex 78.6112 11.4113 6
      vertex 78.8397 11.2417 6
    endloop
  endfacet
  facet normal 0.596 0.802984 0
    outer loop
      vertex 78.6112 11.4113 6
      vertex 78.8397 11.2417 2
      vertex 78.6112 11.4113 2
    endloop
  endfacet
  facet normal 0.989206 0.146531 0
    outer loop
      vertex 79.886 9.28425 6
      vertex 79.8443 9.56576 2
      vertex 79.8443 9.56576 6
    endloop
  endfacet
  facet normal 0.989206 0.146531 0
    outer loop
      vertex 79.8443 9.56576 2
      vertex 79.886 9.28425 6
      vertex 79.886 9.28425 2
    endloop
  endfacet
  facet normal -0.969991 -0.243139 0
    outer loop
      vertex 74.2249 8.15817 2
      vertex 74.1557 8.43424 6
      vertex 74.1557 8.43424 2
    endloop
  endfacet
  facet normal -0.969991 -0.243139 0
    outer loop
      vertex 74.1557 8.43424 6
      vertex 74.2249 8.15817 2
      vertex 74.2249 8.15817 6
    endloop
  endfacet
  facet normal 0.969991 0.243139 0
    outer loop
      vertex 79.8443 9.56576 6
      vertex 79.7751 9.84183 2
      vertex 79.7751 9.84183 6
    endloop
  endfacet
  facet normal 0.969991 0.243139 0
    outer loop
      vertex 79.7751 9.84183 2
      vertex 79.8443 9.56576 6
      vertex 79.8443 9.56576 2
    endloop
  endfacet
  facet normal 0.857741 -0.514082 0
    outer loop
      vertex 79.4113 7.38885 6
      vertex 79.5576 7.63295 2
      vertex 79.5576 7.63295 6
    endloop
  endfacet
  facet normal 0.857741 -0.514082 0
    outer loop
      vertex 79.5576 7.63295 2
      vertex 79.4113 7.38885 6
      vertex 79.4113 7.38885 2
    endloop
  endfacet
  facet normal 0.0490612 -0.998796 0
    outer loop
      vertex 77 6.1 2
      vertex 77.2842 6.11396 6
      vertex 77 6.1 6
    endloop
  endfacet
  facet normal 0.0490612 -0.998796 0
    outer loop
      vertex 77.2842 6.11396 6
      vertex 77 6.1 2
      vertex 77.2842 6.11396 2
    endloop
  endfacet
  facet normal 0.146691 -0.989182 0
    outer loop
      vertex 77.2842 6.11396 2
      vertex 77.5658 6.15572 6
      vertex 77.2842 6.11396 6
    endloop
  endfacet
  facet normal 0.146691 -0.989182 0
    outer loop
      vertex 77.5658 6.15572 6
      vertex 77.2842 6.11396 2
      vertex 77.5658 6.15572 2
    endloop
  endfacet
  facet normal -0.998789 0.0491928 0
    outer loop
      vertex 74.1 9 2
      vertex 74.114 9.28425 6
      vertex 74.114 9.28425 2
    endloop
  endfacet
  facet normal -0.998789 0.0491928 0
    outer loop
      vertex 74.114 9.28425 6
      vertex 74.1 9 2
      vertex 74.1 9 6
    endloop
  endfacet
  facet normal -0.857741 0.514082 0
    outer loop
      vertex 74.4424 10.3671 2
      vertex 74.5887 10.6112 6
      vertex 74.5887 10.6112 2
    endloop
  endfacet
  facet normal -0.857741 0.514082 0
    outer loop
      vertex 74.5887 10.6112 6
      vertex 74.4424 10.3671 2
      vertex 74.4424 10.3671 6
    endloop
  endfacet
  facet normal 0.998789 0.0491928 0
    outer loop
      vertex 79.9 9 6
      vertex 79.886 9.28425 2
      vertex 79.886 9.28425 6
    endloop
  endfacet
  facet normal 0.998789 0.0491928 0
    outer loop
      vertex 79.886 9.28425 2
      vertex 79.9 9 6
      vertex 79.9 9 2
    endloop
  endfacet
  facet normal -0.969991 0.243139 0
    outer loop
      vertex 74.1557 9.56576 2
      vertex 74.2249 9.84183 6
      vertex 74.2249 9.84183 2
    endloop
  endfacet
  facet normal -0.969991 0.243139 0
    outer loop
      vertex 74.2249 9.84183 6
      vertex 74.1557 9.56576 2
      vertex 74.1557 9.56576 6
    endloop
  endfacet
  facet normal 0.998789 -0.0491928 0
    outer loop
      vertex 79.886 8.71575 6
      vertex 79.9 9 2
      vertex 79.9 9 6
    endloop
  endfacet
  facet normal 0.998789 -0.0491928 0
    outer loop
      vertex 79.9 9 2
      vertex 79.886 8.71575 6
      vertex 79.886 8.71575 2
    endloop
  endfacet
  facet normal 0.595842 -0.803102 0
    outer loop
      vertex 78.6112 6.58874 2
      vertex 78.8397 6.75827 6
      vertex 78.6112 6.58874 6
    endloop
  endfacet
  facet normal 0.595842 -0.803102 0
    outer loop
      vertex 78.8397 6.75827 6
      vertex 78.6112 6.58874 2
      vertex 78.8397 6.75827 2
    endloop
  endfacet
  facet normal 0.671504 -0.741001 0
    outer loop
      vertex 78.8397 6.75827 2
      vertex 79.0506 6.94939 6
      vertex 78.8397 6.75827 6
    endloop
  endfacet
  facet normal 0.671504 -0.741001 0
    outer loop
      vertex 79.0506 6.94939 6
      vertex 78.8397 6.75827 2
      vertex 79.0506 6.94939 2
    endloop
  endfacet
  facet normal -0.989206 0.146531 0
    outer loop
      vertex 74.114 9.28425 2
      vertex 74.1557 9.56576 6
      vertex 74.1557 9.56576 2
    endloop
  endfacet
  facet normal -0.989206 0.146531 0
    outer loop
      vertex 74.1557 9.56576 6
      vertex 74.114 9.28425 2
      vertex 74.114 9.28425 6
    endloop
  endfacet
  facet normal 0.514082 0.857741 -0
    outer loop
      vertex 78.6112 11.4113 2
      vertex 78.3671 11.5576 6
      vertex 78.6112 11.4113 6
    endloop
  endfacet
  facet normal 0.514082 0.857741 0
    outer loop
      vertex 78.3671 11.5576 6
      vertex 78.6112 11.4113 2
      vertex 78.3671 11.5576 2
    endloop
  endfacet
  facet normal 0.969991 -0.243139 0
    outer loop
      vertex 79.7751 8.15817 6
      vertex 79.8443 8.43424 2
      vertex 79.8443 8.43424 6
    endloop
  endfacet
  facet normal 0.969991 -0.243139 0
    outer loop
      vertex 79.8443 8.43424 2
      vertex 79.7751 8.15817 6
      vertex 79.7751 8.15817 2
    endloop
  endfacet
  facet normal -0.243197 0.969977 0
    outer loop
      vertex 76.4342 11.8443 2
      vertex 76.1582 11.7751 6
      vertex 76.4342 11.8443 6
    endloop
  endfacet
  facet normal -0.243197 0.969977 0
    outer loop
      vertex 76.1582 11.7751 6
      vertex 76.4342 11.8443 2
      vertex 76.1582 11.7751 2
    endloop
  endfacet
  facet normal -0.596 0.802984 0
    outer loop
      vertex 75.3888 11.4113 2
      vertex 75.1603 11.2417 6
      vertex 75.3888 11.4113 6
    endloop
  endfacet
  facet normal -0.596 0.802984 0
    outer loop
      vertex 75.1603 11.2417 6
      vertex 75.3888 11.4113 2
      vertex 75.1603 11.2417 2
    endloop
  endfacet
  facet normal -0.941627 -0.336659 0
    outer loop
      vertex 74.3207 7.89022 2
      vertex 74.2249 8.15817 6
      vertex 74.2249 8.15817 2
    endloop
  endfacet
  facet normal -0.941627 -0.336659 0
    outer loop
      vertex 74.2249 8.15817 6
      vertex 74.3207 7.89022 2
      vertex 74.3207 7.89022 6
    endloop
  endfacet
  facet normal -0.336915 0.941535 0
    outer loop
      vertex 76.1582 11.7751 2
      vertex 75.8902 11.6792 6
      vertex 76.1582 11.7751 6
    endloop
  endfacet
  facet normal -0.336915 0.941535 0
    outer loop
      vertex 75.8902 11.6792 6
      vertex 76.1582 11.7751 2
      vertex 75.8902 11.6792 2
    endloop
  endfacet
  facet normal 0.802984 0.596 0
    outer loop
      vertex 79.4113 10.6112 6
      vertex 79.2417 10.8397 2
      vertex 79.2417 10.8397 6
    endloop
  endfacet
  facet normal 0.802984 0.596 0
    outer loop
      vertex 79.2417 10.8397 2
      vertex 79.4113 10.6112 6
      vertex 79.4113 10.6112 2
    endloop
  endfacet
  facet normal 0.941635 0.336637 0
    outer loop
      vertex 79.7751 9.84183 6
      vertex 79.6793 10.1098 2
      vertex 79.6793 10.1098 6
    endloop
  endfacet
  facet normal 0.941635 0.336637 0
    outer loop
      vertex 79.6793 10.1098 2
      vertex 79.7751 9.84183 6
      vertex 79.7751 9.84183 2
    endloop
  endfacet
  facet normal 0.903962 -0.427614 0
    outer loop
      vertex 79.5576 7.63295 6
      vertex 79.6793 7.89022 2
      vertex 79.6793 7.89022 6
    endloop
  endfacet
  facet normal 0.903962 -0.427614 0
    outer loop
      vertex 79.6793 7.89022 2
      vertex 79.5576 7.63295 6
      vertex 79.5576 7.63295 2
    endloop
  endfacet
  facet normal 0.336915 0.941535 -0
    outer loop
      vertex 78.1098 11.6792 2
      vertex 77.8418 11.7751 6
      vertex 78.1098 11.6792 6
    endloop
  endfacet
  facet normal 0.336915 0.941535 0
    outer loop
      vertex 77.8418 11.7751 6
      vertex 78.1098 11.6792 2
      vertex 77.8418 11.7751 2
    endloop
  endfacet
  facet normal 0.857741 0.514082 0
    outer loop
      vertex 79.5576 10.3671 6
      vertex 79.4113 10.6112 2
      vertex 79.4113 10.6112 6
    endloop
  endfacet
  facet normal 0.857741 0.514082 0
    outer loop
      vertex 79.4113 10.6112 2
      vertex 79.5576 10.3671 6
      vertex 79.5576 10.3671 2
    endloop
  endfacet
  facet normal -0.146485 0.989213 0
    outer loop
      vertex 76.7158 11.886 2
      vertex 76.4342 11.8443 6
      vertex 76.7158 11.886 6
    endloop
  endfacet
  facet normal -0.146485 0.989213 0
    outer loop
      vertex 76.4342 11.8443 6
      vertex 76.7158 11.886 2
      vertex 76.4342 11.8443 2
    endloop
  endfacet
  facet normal 0.741036 0.671465 0
    outer loop
      vertex 79.2417 10.8397 6
      vertex 79.0506 11.0506 2
      vertex 79.0506 11.0506 6
    endloop
  endfacet
  facet normal 0.741036 0.671465 0
    outer loop
      vertex 79.0506 11.0506 2
      vertex 79.2417 10.8397 6
      vertex 79.2417 10.8397 2
    endloop
  endfacet
  facet normal 0.427515 -0.904008 0
    outer loop
      vertex 78.1098 6.32075 2
      vertex 78.3671 6.44243 6
      vertex 78.1098 6.32075 6
    endloop
  endfacet
  facet normal 0.427515 -0.904008 0
    outer loop
      vertex 78.3671 6.44243 6
      vertex 78.1098 6.32075 2
      vertex 78.3671 6.44243 2
    endloop
  endfacet
  facet normal -0.514082 0.857741 0
    outer loop
      vertex 75.6329 11.5576 2
      vertex 75.3888 11.4113 6
      vertex 75.6329 11.5576 6
    endloop
  endfacet
  facet normal -0.514082 0.857741 0
    outer loop
      vertex 75.3888 11.4113 6
      vertex 75.6329 11.5576 2
      vertex 75.3888 11.4113 2
    endloop
  endfacet
  facet normal 0.903981 0.427573 0
    outer loop
      vertex 79.6793 10.1098 6
      vertex 79.5576 10.3671 2
      vertex 79.5576 10.3671 6
    endloop
  endfacet
  facet normal 0.903981 0.427573 0
    outer loop
      vertex 79.5576 10.3671 2
      vertex 79.6793 10.1098 6
      vertex 79.6793 10.1098 2
    endloop
  endfacet
  facet normal -0.671465 0.741036 0
    outer loop
      vertex 75.1603 11.2417 2
      vertex 74.9494 11.0506 6
      vertex 75.1603 11.2417 6
    endloop
  endfacet
  facet normal -0.671465 0.741036 0
    outer loop
      vertex 74.9494 11.0506 6
      vertex 75.1603 11.2417 2
      vertex 74.9494 11.0506 2
    endloop
  endfacet
  facet normal -0.741036 0.671465 0
    outer loop
      vertex 74.7583 10.8397 2
      vertex 74.9494 11.0506 6
      vertex 74.9494 11.0506 2
    endloop
  endfacet
  facet normal -0.741036 0.671465 0
    outer loop
      vertex 74.9494 11.0506 6
      vertex 74.7583 10.8397 2
      vertex 74.7583 10.8397 6
    endloop
  endfacet
  facet normal 0.427286 0.904117 -0
    outer loop
      vertex 78.3671 11.5576 2
      vertex 78.1098 11.6792 6
      vertex 78.3671 11.5576 6
    endloop
  endfacet
  facet normal 0.427286 0.904117 0
    outer loop
      vertex 78.1098 11.6792 6
      vertex 78.3671 11.5576 2
      vertex 78.1098 11.6792 2
    endloop
  endfacet
  facet normal 0.0492014 0.998789 -0
    outer loop
      vertex 77.2842 11.886 2
      vertex 77 11.9 6
      vertex 77.2842 11.886 6
    endloop
  endfacet
  facet normal 0.0492014 0.998789 0
    outer loop
      vertex 77 11.9 6
      vertex 77.2842 11.886 2
      vertex 77 11.9 2
    endloop
  endfacet
  facet normal -0.427286 0.904117 0
    outer loop
      vertex 75.8902 11.6792 2
      vertex 75.6329 11.5576 6
      vertex 75.8902 11.6792 6
    endloop
  endfacet
  facet normal -0.427286 0.904117 0
    outer loop
      vertex 75.6329 11.5576 6
      vertex 75.8902 11.6792 2
      vertex 75.6329 11.5576 2
    endloop
  endfacet
  facet normal -0.0492014 0.998789 0
    outer loop
      vertex 77 11.9 2
      vertex 76.7158 11.886 6
      vertex 77 11.9 6
    endloop
  endfacet
  facet normal -0.0492014 0.998789 0
    outer loop
      vertex 76.7158 11.886 6
      vertex 77 11.9 2
      vertex 76.7158 11.886 2
    endloop
  endfacet
  facet normal -0.0490612 -0.998796 0
    outer loop
      vertex 76.7158 6.11396 2
      vertex 77 6.1 6
      vertex 76.7158 6.11396 6
    endloop
  endfacet
  facet normal -0.0490612 -0.998796 -0
    outer loop
      vertex 77 6.1 6
      vertex 76.7158 6.11396 2
      vertex 77 6.1 2
    endloop
  endfacet
  facet normal 0.740989 -0.671518 0
    outer loop
      vertex 79.0506 6.94939 6
      vertex 79.2417 7.16026 2
      vertex 79.2417 7.16026 6
    endloop
  endfacet
  facet normal 0.740989 -0.671518 0
    outer loop
      vertex 79.2417 7.16026 2
      vertex 79.0506 6.94939 6
      vertex 79.0506 6.94939 2
    endloop
  endfacet
  facet normal 0.989206 -0.146531 0
    outer loop
      vertex 79.8443 8.43424 6
      vertex 79.886 8.71575 2
      vertex 79.886 8.71575 6
    endloop
  endfacet
  facet normal 0.989206 -0.146531 0
    outer loop
      vertex 79.886 8.71575 2
      vertex 79.8443 8.43424 6
      vertex 79.8443 8.43424 2
    endloop
  endfacet
  facet normal -0.989206 -0.146531 0
    outer loop
      vertex 74.1557 8.43424 2
      vertex 74.114 8.71575 6
      vertex 74.114 8.71575 2
    endloop
  endfacet
  facet normal -0.989206 -0.146531 0
    outer loop
      vertex 74.114 8.71575 6
      vertex 74.1557 8.43424 2
      vertex 74.1557 8.43424 6
    endloop
  endfacet
  facet normal 0.803096 -0.595849 0
    outer loop
      vertex 79.2417 7.16026 6
      vertex 79.4113 7.38885 2
      vertex 79.4113 7.38885 6
    endloop
  endfacet
  facet normal 0.803096 -0.595849 0
    outer loop
      vertex 79.4113 7.38885 2
      vertex 79.2417 7.16026 6
      vertex 79.2417 7.16026 2
    endloop
  endfacet
  facet normal 0.514108 -0.857725 0
    outer loop
      vertex 78.3671 6.44243 2
      vertex 78.6112 6.58874 6
      vertex 78.3671 6.44243 6
    endloop
  endfacet
  facet normal 0.514108 -0.857725 0
    outer loop
      vertex 78.6112 6.58874 6
      vertex 78.3671 6.44243 2
      vertex 78.6112 6.58874 2
    endloop
  endfacet
  facet normal 0.941627 -0.336659 0
    outer loop
      vertex 79.6793 7.89022 6
      vertex 79.7751 8.15817 2
      vertex 79.7751 8.15817 6
    endloop
  endfacet
  facet normal 0.941627 -0.336659 0
    outer loop
      vertex 79.7751 8.15817 2
      vertex 79.6793 7.89022 6
      vertex 79.6793 7.89022 2
    endloop
  endfacet
  facet normal -0.903962 -0.427614 0
    outer loop
      vertex 74.4424 7.63295 2
      vertex 74.3207 7.89022 6
      vertex 74.3207 7.89022 2
    endloop
  endfacet
  facet normal -0.903962 -0.427614 0
    outer loop
      vertex 74.3207 7.89022 6
      vertex 74.4424 7.63295 2
      vertex 74.4424 7.63295 6
    endloop
  endfacet
  facet normal 0.146485 0.989213 -0
    outer loop
      vertex 77.5658 11.8443 2
      vertex 77.2842 11.886 6
      vertex 77.5658 11.8443 6
    endloop
  endfacet
  facet normal 0.146485 0.989213 0
    outer loop
      vertex 77.2842 11.886 6
      vertex 77.5658 11.8443 2
      vertex 77.2842 11.886 2
    endloop
  endfacet
  facet normal -0.857741 -0.514082 0
    outer loop
      vertex 74.5887 7.38885 2
      vertex 74.4424 7.63295 6
      vertex 74.4424 7.63295 2
    endloop
  endfacet
  facet normal -0.857741 -0.514082 0
    outer loop
      vertex 74.4424 7.63295 6
      vertex 74.5887 7.38885 2
      vertex 74.5887 7.38885 6
    endloop
  endfacet
  facet normal -0.803096 -0.595849 0
    outer loop
      vertex 74.7583 7.16026 2
      vertex 74.5887 7.38885 6
      vertex 74.5887 7.38885 2
    endloop
  endfacet
  facet normal -0.803096 -0.595849 0
    outer loop
      vertex 74.5887 7.38885 6
      vertex 74.7583 7.16026 2
      vertex 74.7583 7.16026 6
    endloop
  endfacet
  facet normal -0 0 1
    outer loop
      vertex 78.2467 9.00049 6
      vertex 79.9 9 6
      vertex 79.886 9.28425 6
    endloop
  endfacet
  facet normal 0 0 1
    outer loop
      vertex 78.2407 9.1222 6
      vertex 79.886 9.28425 6
      vertex 79.8443 9.56576 6
    endloop
  endfacet
  facet normal 0 0 1
    outer loop
      vertex 79.9 9 6
      vertex 78.2467 9.00049 6
      vertex 78.2467 9 6
    endloop
  endfacet
  facet normal 0 0 1
    outer loop
      vertex 78.2226 9.24369 6
      vertex 79.8443 9.56576 6
      vertex 79.7751 9.84183 6
    endloop
  endfacet
  facet normal 0 0 1
    outer loop
      vertex 78.2467 8.99951 6
      vertex 79.9 9 6
      vertex 78.2467 9 6
    endloop
  endfacet
  facet normal 0 0 1
    outer loop
      vertex 78.193 9.36189 6
      vertex 79.7751 9.84183 6
      vertex 79.6793 10.1098 6
    endloop
  endfacet
  facet normal 0 0 1
    outer loop
      vertex 79.9 9 6
      vertex 78.2467 8.99951 6
      vertex 79.886 8.71575 6
    endloop
  endfacet
  facet normal 0 0 1
    outer loop
      vertex 78.1516 9.47753 6
      vertex 79.6793 10.1098 6
      vertex 79.5576 10.3671 6
    endloop
  endfacet
  facet normal -0 0 1
    outer loop
      vertex 78.2407 8.8778 6
      vertex 79.886 8.71575 6
      vertex 78.2467 8.99951 6
    endloop
  endfacet
  facet normal 0 0 1
    outer loop
      vertex 78.0995 9.58768 6
      vertex 79.5576 10.3671 6
      vertex 79.4113 10.6112 6
    endloop
  endfacet
  facet normal 0 0 1
    outer loop
      vertex 79.886 8.71575 6
      vertex 78.2407 8.8778 6
      vertex 79.8443 8.43424 6
    endloop
  endfacet
  facet normal 0 0 1
    outer loop
      vertex 78.0363 9.69301 6
      vertex 79.4113 10.6112 6
      vertex 79.2417 10.8397 6
    endloop
  endfacet
  facet normal -0 0 1
    outer loop
      vertex 78.2228 8.75727 6
      vertex 79.8443 8.43424 6
      vertex 78.2407 8.8778 6
    endloop
  endfacet
  facet normal 0 0 1
    outer loop
      vertex 77.9637 9.79089 6
      vertex 79.2417 10.8397 6
      vertex 79.0506 11.0506 6
    endloop
  endfacet
  facet normal -0 0 1
    outer loop
      vertex 78.2227 8.75678 6
      vertex 79.8443 8.43424 6
      vertex 78.2228 8.75727 6
    endloop
  endfacet
  facet normal 0 0 1
    outer loop
      vertex 77.8812 9.88187 6
      vertex 79.0506 11.0506 6
      vertex 78.8397 11.2417 6
    endloop
  endfacet
  facet normal -0 0 1
    outer loop
      vertex 78.2226 8.75631 6
      vertex 79.8443 8.43424 6
      vertex 78.2227 8.75678 6
    endloop
  endfacet
  facet normal 0 0 1
    outer loop
      vertex 77.7909 9.9637 6
      vertex 78.8397 11.2417 6
      vertex 78.6112 11.4113 6
    endloop
  endfacet
  facet normal 0 0 1
    outer loop
      vertex 79.8443 8.43424 6
      vertex 78.2226 8.75631 6
      vertex 79.7751 8.15817 6
    endloop
  endfacet
  facet normal 0 0 1
    outer loop
      vertex 77.6922 10.0368 6
      vertex 78.6112 11.4113 6
      vertex 78.3671 11.5576 6
    endloop
  endfacet
  facet normal 0 0 1
    outer loop
      vertex 79.7751 8.15817 6
      vertex 78.193 8.63811 6
      vertex 79.6793 7.89022 6
    endloop
  endfacet
  facet normal -0 0 1
    outer loop
      vertex 78.152 8.52337 6
      vertex 79.6793 7.89022 6
      vertex 78.193 8.63811 6
    endloop
  endfacet
  facet normal -0 0 1
    outer loop
      vertex 78.193 8.63811 6
      vertex 79.7751 8.15817 6
      vertex 78.2226 8.75631 6
    endloop
  endfacet
  facet normal 0 0 1
    outer loop
      vertex 79.886 9.28425 6
      vertex 78.2407 9.1222 6
      vertex 78.2467 9.00049 6
    endloop
  endfacet
  facet normal 0 0 1
    outer loop
      vertex 79.8443 9.56576 6
      vertex 78.2228 9.24273 6
      vertex 78.2407 9.1222 6
    endloop
  endfacet
  facet normal 0 0 1
    outer loop
      vertex 79.8443 9.56576 6
      vertex 78.2227 9.24322 6
      vertex 78.2228 9.24273 6
    endloop
  endfacet
  facet normal 0 0 1
    outer loop
      vertex 79.8443 9.56576 6
      vertex 78.2226 9.24369 6
      vertex 78.2227 9.24322 6
    endloop
  endfacet
  facet normal 0 0 1
    outer loop
      vertex 79.7751 9.84183 6
      vertex 78.193 9.36189 6
      vertex 78.2226 9.24369 6
    endloop
  endfacet
  facet normal 0 0 1
    outer loop
      vertex 79.6793 10.1098 6
      vertex 78.152 9.47663 6
      vertex 78.193 9.36189 6
    endloop
  endfacet
  facet normal 0 0 1
    outer loop
      vertex 79.6793 10.1098 6
      vertex 78.1518 9.47709 6
      vertex 78.152 9.47663 6
    endloop
  endfacet
  facet normal 0 0 1
    outer loop
      vertex 79.6793 10.1098 6
      vertex 78.1516 9.47753 6
      vertex 78.1518 9.47709 6
    endloop
  endfacet
  facet normal 0 0 1
    outer loop
      vertex 77.5877 10.0995 6
      vertex 78.3671 11.5576 6
      vertex 78.1098 11.6792 6
    endloop
  endfacet
  facet normal 0 0 1
    outer loop
      vertex 79.5576 10.3671 6
      vertex 78.0995 9.58768 6
      vertex 78.1516 9.47753 6
    endloop
  endfacet
  facet normal 0 0 1
    outer loop
      vertex 79.4113 10.6112 6
      vertex 78.0368 9.69221 6
      vertex 78.0995 9.58768 6
    endloop
  endfacet
  facet normal 0 0 1
    outer loop
      vertex 79.4113 10.6112 6
      vertex 78.0366 9.69262 6
      vertex 78.0368 9.69221 6
    endloop
  endfacet
  facet normal 0 0 1
    outer loop
      vertex 79.4113 10.6112 6
      vertex 78.0363 9.69301 6
      vertex 78.0366 9.69262 6
    endloop
  endfacet
  facet normal 0 0 1
    outer loop
      vertex 79.2417 10.8397 6
      vertex 77.9637 9.79089 6
      vertex 78.0363 9.69301 6
    endloop
  endfacet
  facet normal 0 0 1
    outer loop
      vertex 79.0506 11.0506 6
      vertex 77.8819 9.88118 6
      vertex 77.9637 9.79089 6
    endloop
  endfacet
  facet normal 0 0 1
    outer loop
      vertex 79.0506 11.0506 6
      vertex 77.8815 9.88154 6
      vertex 77.8819 9.88118 6
    endloop
  endfacet
  facet normal 0 0 1
    outer loop
      vertex 79.0506 11.0506 6
      vertex 77.8812 9.88187 6
      vertex 77.8815 9.88154 6
    endloop
  endfacet
  facet normal 0 0 1
    outer loop
      vertex 77.4766 10.152 6
      vertex 78.1098 11.6792 6
      vertex 77.8418 11.7751 6
    endloop
  endfacet
  facet normal 0 0 1
    outer loop
      vertex 78.8397 11.2417 6
      vertex 77.7909 9.9637 6
      vertex 77.8812 9.88187 6
    endloop
  endfacet
  facet normal 0 0 1
    outer loop
      vertex 78.6112 11.4113 6
      vertex 77.693 10.0363 6
      vertex 77.7909 9.9637 6
    endloop
  endfacet
  facet normal 0 0 1
    outer loop
      vertex 78.6112 11.4113 6
      vertex 77.6926 10.0366 6
      vertex 77.693 10.0363 6
    endloop
  endfacet
  facet normal 0 0 1
    outer loop
      vertex 78.6112 11.4113 6
      vertex 77.6922 10.0368 6
      vertex 77.6926 10.0366 6
    endloop
  endfacet
  facet normal 0 0 1
    outer loop
      vertex 78.3671 11.5576 6
      vertex 77.5877 10.0995 6
      vertex 77.6922 10.0368 6
    endloop
  endfacet
  facet normal 0 0 1
    outer loop
      vertex 77.3619 10.193 6
      vertex 77.8418 11.7751 6
      vertex 77.5658 11.8443 6
    endloop
  endfacet
  facet normal 0 0 1
    outer loop
      vertex 78.1098 11.6792 6
      vertex 77.4775 10.1516 6
      vertex 77.5877 10.0995 6
    endloop
  endfacet
  facet normal 0 0 1
    outer loop
      vertex 78.1098 11.6792 6
      vertex 77.4771 10.1518 6
      vertex 77.4775 10.1516 6
    endloop
  endfacet
  facet normal 0 0 1
    outer loop
      vertex 78.1098 11.6792 6
      vertex 77.4766 10.152 6
      vertex 77.4771 10.1518 6
    endloop
  endfacet
  facet normal 0 0 1
    outer loop
      vertex 77.8418 11.7751 6
      vertex 77.3619 10.193 6
      vertex 77.4766 10.152 6
    endloop
  endfacet
  facet normal 0 0 1
    outer loop
      vertex 77.2427 10.2228 6
      vertex 77.5658 11.8443 6
      vertex 77.2842 11.886 6
    endloop
  endfacet
  facet normal 0 0 1
    outer loop
      vertex 77.5658 11.8443 6
      vertex 77.2437 10.2226 6
      vertex 77.3619 10.193 6
    endloop
  endfacet
  facet normal 0 0 1
    outer loop
      vertex 77.5658 11.8443 6
      vertex 77.2432 10.2227 6
      vertex 77.2437 10.2226 6
    endloop
  endfacet
  facet normal 0 0 1
    outer loop
      vertex 77.5658 11.8443 6
      vertex 77.2427 10.2228 6
      vertex 77.2432 10.2227 6
    endloop
  endfacet
  facet normal 0 0 1
    outer loop
      vertex 77.2842 11.886 6
      vertex 77.1222 10.2407 6
      vertex 77.2427 10.2228 6
    endloop
  endfacet
  facet normal 0 0 1
    outer loop
      vertex 77.2842 11.886 6
      vertex 77.0005 10.2467 6
      vertex 77.1222 10.2407 6
    endloop
  endfacet
  facet normal 0 0 1
    outer loop
      vertex 77 11.9 6
      vertex 77.0005 10.2467 6
      vertex 77.2842 11.886 6
    endloop
  endfacet
  facet normal 0 0 1
    outer loop
      vertex 77 11.9 6
      vertex 77 10.2467 6
      vertex 77.0005 10.2467 6
    endloop
  endfacet
  facet normal 0 0 1
    outer loop
      vertex 77 11.9 6
      vertex 76.9995 10.2467 6
      vertex 77 10.2467 6
    endloop
  endfacet
  facet normal 0 0 1
    outer loop
      vertex 77 11.9 6
      vertex 76.8778 10.2407 6
      vertex 76.9995 10.2467 6
    endloop
  endfacet
  facet normal -0 0 1
    outer loop
      vertex 76.7158 11.886 6
      vertex 76.8778 10.2407 6
      vertex 77 11.9 6
    endloop
  endfacet
  facet normal 0 0 1
    outer loop
      vertex 76.8778 10.2407 6
      vertex 76.7158 11.886 6
      vertex 76.7573 10.2228 6
    endloop
  endfacet
  facet normal -0 0 1
    outer loop
      vertex 76.4342 11.8443 6
      vertex 76.7573 10.2228 6
      vertex 76.7158 11.886 6
    endloop
  endfacet
  facet normal 0 0 1
    outer loop
      vertex 76.7573 10.2228 6
      vertex 76.4342 11.8443 6
      vertex 76.7568 10.2227 6
    endloop
  endfacet
  facet normal 0 0 1
    outer loop
      vertex 76.7568 10.2227 6
      vertex 76.4342 11.8443 6
      vertex 76.7563 10.2226 6
    endloop
  endfacet
  facet normal 0 0 1
    outer loop
      vertex 76.7563 10.2226 6
      vertex 76.4342 11.8443 6
      vertex 76.6381 10.193 6
    endloop
  endfacet
  facet normal -0 0 1
    outer loop
      vertex 76.1582 11.7751 6
      vertex 76.6381 10.193 6
      vertex 76.4342 11.8443 6
    endloop
  endfacet
  facet normal 0 0 1
    outer loop
      vertex 76.6381 10.193 6
      vertex 76.1582 11.7751 6
      vertex 76.5234 10.152 6
    endloop
  endfacet
  facet normal -0 0 1
    outer loop
      vertex 75.8902 11.6792 6
      vertex 76.5234 10.152 6
      vertex 76.1582 11.7751 6
    endloop
  endfacet
  facet normal 0 0 1
    outer loop
      vertex 76.5234 10.152 6
      vertex 75.8902 11.6792 6
      vertex 76.5229 10.1518 6
    endloop
  endfacet
  facet normal 0 0 1
    outer loop
      vertex 76.5229 10.1518 6
      vertex 75.8902 11.6792 6
      vertex 76.5225 10.1516 6
    endloop
  endfacet
  facet normal 0 0 1
    outer loop
      vertex 76.5225 10.1516 6
      vertex 75.8902 11.6792 6
      vertex 76.4123 10.0995 6
    endloop
  endfacet
  facet normal -0 0 1
    outer loop
      vertex 75.6329 11.5576 6
      vertex 76.4123 10.0995 6
      vertex 75.8902 11.6792 6
    endloop
  endfacet
  facet normal 0 0 1
    outer loop
      vertex 76.4123 10.0995 6
      vertex 75.6329 11.5576 6
      vertex 76.3078 10.0368 6
    endloop
  endfacet
  facet normal -0 0 1
    outer loop
      vertex 75.3888 11.4113 6
      vertex 76.3078 10.0368 6
      vertex 75.6329 11.5576 6
    endloop
  endfacet
  facet normal 0 0 1
    outer loop
      vertex 76.3078 10.0368 6
      vertex 75.3888 11.4113 6
      vertex 76.3074 10.0366 6
    endloop
  endfacet
  facet normal 0 0 1
    outer loop
      vertex 76.3074 10.0366 6
      vertex 75.3888 11.4113 6
      vertex 76.307 10.0363 6
    endloop
  endfacet
  facet normal 0 0 1
    outer loop
      vertex 76.307 10.0363 6
      vertex 75.3888 11.4113 6
      vertex 76.2091 9.9637 6
    endloop
  endfacet
  facet normal -0 0 1
    outer loop
      vertex 75.1603 11.2417 6
      vertex 76.2091 9.9637 6
      vertex 75.3888 11.4113 6
    endloop
  endfacet
  facet normal 0 0 1
    outer loop
      vertex 76.2091 9.9637 6
      vertex 75.1603 11.2417 6
      vertex 76.1188 9.88187 6
    endloop
  endfacet
  facet normal -0 0 1
    outer loop
      vertex 74.9494 11.0506 6
      vertex 76.1188 9.88187 6
      vertex 75.1603 11.2417 6
    endloop
  endfacet
  facet normal 0 0 1
    outer loop
      vertex 76.1188 9.88187 6
      vertex 74.9494 11.0506 6
      vertex 76.1185 9.88154 6
    endloop
  endfacet
  facet normal 0 0 1
    outer loop
      vertex 76.1185 9.88154 6
      vertex 74.9494 11.0506 6
      vertex 76.1181 9.88118 6
    endloop
  endfacet
  facet normal 0 0 1
    outer loop
      vertex 76.1181 9.88118 6
      vertex 74.9494 11.0506 6
      vertex 76.0363 9.79089 6
    endloop
  endfacet
  facet normal -0 0 1
    outer loop
      vertex 74.7583 10.8397 6
      vertex 76.0363 9.79089 6
      vertex 74.9494 11.0506 6
    endloop
  endfacet
  facet normal 0 0 1
    outer loop
      vertex 76.0363 9.79089 6
      vertex 74.7583 10.8397 6
      vertex 75.9637 9.69301 6
    endloop
  endfacet
  facet normal -0 0 1
    outer loop
      vertex 74.5887 10.6112 6
      vertex 75.9637 9.69301 6
      vertex 74.7583 10.8397 6
    endloop
  endfacet
  facet normal 0 0 1
    outer loop
      vertex 75.9637 9.69301 6
      vertex 74.5887 10.6112 6
      vertex 75.9634 9.69262 6
    endloop
  endfacet
  facet normal 0 0 1
    outer loop
      vertex 75.9634 9.69262 6
      vertex 74.5887 10.6112 6
      vertex 75.9632 9.69221 6
    endloop
  endfacet
  facet normal 0 0 1
    outer loop
      vertex 75.9632 9.69221 6
      vertex 74.5887 10.6112 6
      vertex 75.9005 9.58768 6
    endloop
  endfacet
  facet normal -0 0 1
    outer loop
      vertex 74.4424 10.3671 6
      vertex 75.9005 9.58768 6
      vertex 74.5887 10.6112 6
    endloop
  endfacet
  facet normal 0 0 1
    outer loop
      vertex 75.9005 9.58768 6
      vertex 74.4424 10.3671 6
      vertex 75.8484 9.47753 6
    endloop
  endfacet
  facet normal 0 0 1
    outer loop
      vertex 75.8482 9.47709 6
      vertex 74.3207 10.1098 6
      vertex 75.848 9.47663 6
    endloop
  endfacet
  facet normal 0 0 1
    outer loop
      vertex 75.8484 9.47753 6
      vertex 74.3207 10.1098 6
      vertex 75.8482 9.47709 6
    endloop
  endfacet
  facet normal -0 0 1
    outer loop
      vertex 74.3207 10.1098 6
      vertex 75.8484 9.47753 6
      vertex 74.4424 10.3671 6
    endloop
  endfacet
  facet normal -0 0 1
    outer loop
      vertex 78.1518 8.52291 6
      vertex 79.6793 7.89022 6
      vertex 78.152 8.52337 6
    endloop
  endfacet
  facet normal -0 0 1
    outer loop
      vertex 78.1516 8.52247 6
      vertex 79.6793 7.89022 6
      vertex 78.1518 8.52291 6
    endloop
  endfacet
  facet normal 0 0 1
    outer loop
      vertex 79.6793 7.89022 6
      vertex 78.1516 8.52247 6
      vertex 79.5576 7.63295 6
    endloop
  endfacet
  facet normal -0 0 1
    outer loop
      vertex 78.0995 8.41231 6
      vertex 79.5576 7.63295 6
      vertex 78.1516 8.52247 6
    endloop
  endfacet
  facet normal 0 0 1
    outer loop
      vertex 79.5576 7.63295 6
      vertex 78.0995 8.41231 6
      vertex 79.4113 7.38885 6
    endloop
  endfacet
  facet normal -0 0 1
    outer loop
      vertex 78.0368 8.30779 6
      vertex 79.4113 7.38885 6
      vertex 78.0995 8.41231 6
    endloop
  endfacet
  facet normal -0 0 1
    outer loop
      vertex 78.0366 8.30738 6
      vertex 79.4113 7.38885 6
      vertex 78.0368 8.30779 6
    endloop
  endfacet
  facet normal -0 0 1
    outer loop
      vertex 78.0363 8.30698 6
      vertex 79.4113 7.38885 6
      vertex 78.0366 8.30738 6
    endloop
  endfacet
  facet normal 0 0 1
    outer loop
      vertex 79.4113 7.38885 6
      vertex 78.0363 8.30698 6
      vertex 79.2417 7.16026 6
    endloop
  endfacet
  facet normal -0 0 1
    outer loop
      vertex 77.9637 8.20911 6
      vertex 79.2417 7.16026 6
      vertex 78.0363 8.30698 6
    endloop
  endfacet
  facet normal 0 0 1
    outer loop
      vertex 79.2417 7.16026 6
      vertex 77.9637 8.20911 6
      vertex 79.0506 6.94939 6
    endloop
  endfacet
  facet normal -0 0 1
    outer loop
      vertex 77.8819 8.11882 6
      vertex 79.0506 6.94939 6
      vertex 77.9637 8.20911 6
    endloop
  endfacet
  facet normal -0 0 1
    outer loop
      vertex 77.8815 8.11846 6
      vertex 79.0506 6.94939 6
      vertex 77.8819 8.11882 6
    endloop
  endfacet
  facet normal -0 0 1
    outer loop
      vertex 77.8812 8.11813 6
      vertex 79.0506 6.94939 6
      vertex 77.8815 8.11846 6
    endloop
  endfacet
  facet normal 0 0 1
    outer loop
      vertex 79.0506 6.94939 6
      vertex 77.8812 8.11813 6
      vertex 78.8397 6.75827 6
    endloop
  endfacet
  facet normal -0 0 1
    outer loop
      vertex 77.7909 8.0363 6
      vertex 78.8397 6.75827 6
      vertex 77.8812 8.11813 6
    endloop
  endfacet
  facet normal 0 0 1
    outer loop
      vertex 78.8397 6.75827 6
      vertex 77.7909 8.0363 6
      vertex 78.6112 6.58874 6
    endloop
  endfacet
  facet normal -0 0 1
    outer loop
      vertex 77.693 7.96371 6
      vertex 78.6112 6.58874 6
      vertex 77.7909 8.0363 6
    endloop
  endfacet
  facet normal -0 0 1
    outer loop
      vertex 77.6926 7.96342 6
      vertex 78.6112 6.58874 6
      vertex 77.693 7.96371 6
    endloop
  endfacet
  facet normal -0 0 1
    outer loop
      vertex 77.6922 7.96317 6
      vertex 78.6112 6.58874 6
      vertex 77.6926 7.96342 6
    endloop
  endfacet
  facet normal 0 0 1
    outer loop
      vertex 78.6112 6.58874 6
      vertex 77.6922 7.96317 6
      vertex 78.3671 6.44243 6
    endloop
  endfacet
  facet normal -0 0 1
    outer loop
      vertex 77.5877 7.90052 6
      vertex 78.3671 6.44243 6
      vertex 77.6922 7.96317 6
    endloop
  endfacet
  facet normal 0 0 1
    outer loop
      vertex 78.3671 6.44243 6
      vertex 77.5877 7.90052 6
      vertex 78.1098 6.32075 6
    endloop
  endfacet
  facet normal -0 0 1
    outer loop
      vertex 77.4775 7.84842 6
      vertex 78.1098 6.32075 6
      vertex 77.5877 7.90052 6
    endloop
  endfacet
  facet normal -0 0 1
    outer loop
      vertex 77.4771 7.84821 6
      vertex 78.1098 6.32075 6
      vertex 77.4775 7.84842 6
    endloop
  endfacet
  facet normal -0 0 1
    outer loop
      vertex 77.4766 7.84804 6
      vertex 78.1098 6.32075 6
      vertex 77.4771 7.84821 6
    endloop
  endfacet
  facet normal 0 0 1
    outer loop
      vertex 78.1098 6.32075 6
      vertex 77.4766 7.84804 6
      vertex 77.8418 6.22487 6
    endloop
  endfacet
  facet normal -0 0 1
    outer loop
      vertex 77.3619 7.80699 6
      vertex 77.8418 6.22487 6
      vertex 77.4766 7.84804 6
    endloop
  endfacet
  facet normal 0 0 1
    outer loop
      vertex 77.8418 6.22487 6
      vertex 77.3619 7.80699 6
      vertex 77.5658 6.15572 6
    endloop
  endfacet
  facet normal -0 0 1
    outer loop
      vertex 77.2437 7.77738 6
      vertex 77.5658 6.15572 6
      vertex 77.3619 7.80699 6
    endloop
  endfacet
  facet normal -0 0 1
    outer loop
      vertex 77.2432 7.77727 6
      vertex 77.5658 6.15572 6
      vertex 77.2437 7.77738 6
    endloop
  endfacet
  facet normal -0 0 1
    outer loop
      vertex 77.2427 7.77719 6
      vertex 77.5658 6.15572 6
      vertex 77.2432 7.77727 6
    endloop
  endfacet
  facet normal 0 0 1
    outer loop
      vertex 77.5658 6.15572 6
      vertex 77.2427 7.77719 6
      vertex 77.2842 6.11396 6
    endloop
  endfacet
  facet normal -0 0 1
    outer loop
      vertex 77.1222 7.75931 6
      vertex 77.2842 6.11396 6
      vertex 77.2427 7.77719 6
    endloop
  endfacet
  facet normal -0 0 1
    outer loop
      vertex 77.0005 7.75334 6
      vertex 77.2842 6.11396 6
      vertex 77.1222 7.75931 6
    endloop
  endfacet
  facet normal 0 0 1
    outer loop
      vertex 77 6.1 6
      vertex 77.0005 7.75334 6
      vertex 77 7.75331 6
    endloop
  endfacet
  facet normal 0 0 1
    outer loop
      vertex 77.0005 7.75334 6
      vertex 77 6.1 6
      vertex 77.2842 6.11396 6
    endloop
  endfacet
  facet normal 0 0 1
    outer loop
      vertex 76.9995 7.75334 6
      vertex 77 6.1 6
      vertex 77 7.75331 6
    endloop
  endfacet
  facet normal 0 0 1
    outer loop
      vertex 76.8778 7.75931 6
      vertex 77 6.1 6
      vertex 76.9995 7.75334 6
    endloop
  endfacet
  facet normal 0 0 1
    outer loop
      vertex 76.7158 6.11396 6
      vertex 76.8778 7.75931 6
      vertex 76.7573 7.77719 6
    endloop
  endfacet
  facet normal 0 0 1
    outer loop
      vertex 76.4342 6.15572 6
      vertex 76.7573 7.77719 6
      vertex 76.7568 7.77727 6
    endloop
  endfacet
  facet normal 0 0 1
    outer loop
      vertex 76.4342 6.15572 6
      vertex 76.7568 7.77727 6
      vertex 76.7563 7.77738 6
    endloop
  endfacet
  facet normal 0 0 1
    outer loop
      vertex 76.8778 7.75931 6
      vertex 76.7158 6.11396 6
      vertex 77 6.1 6
    endloop
  endfacet
  facet normal 0 0 1
    outer loop
      vertex 76.4342 6.15572 6
      vertex 76.7563 7.77738 6
      vertex 76.6381 7.80699 6
    endloop
  endfacet
  facet normal 0 0 1
    outer loop
      vertex 76.1582 6.22487 6
      vertex 76.6381 7.80699 6
      vertex 76.5234 7.84804 6
    endloop
  endfacet
  facet normal 0 0 1
    outer loop
      vertex 75.8902 6.32075 6
      vertex 76.5234 7.84804 6
      vertex 76.5229 7.84821 6
    endloop
  endfacet
  facet normal 0 0 1
    outer loop
      vertex 75.8902 6.32075 6
      vertex 76.5229 7.84821 6
      vertex 76.5225 7.84842 6
    endloop
  endfacet
  facet normal 0 0 1
    outer loop
      vertex 76.7573 7.77719 6
      vertex 76.4342 6.15572 6
      vertex 76.7158 6.11396 6
    endloop
  endfacet
  facet normal 0 0 1
    outer loop
      vertex 75.8902 6.32075 6
      vertex 76.5225 7.84842 6
      vertex 76.4123 7.90052 6
    endloop
  endfacet
  facet normal 0 0 1
    outer loop
      vertex 75.6329 6.44243 6
      vertex 76.4123 7.90052 6
      vertex 76.3078 7.96317 6
    endloop
  endfacet
  facet normal 0 0 1
    outer loop
      vertex 75.3888 6.58874 6
      vertex 76.3078 7.96317 6
      vertex 76.3074 7.96342 6
    endloop
  endfacet
  facet normal 0 0 1
    outer loop
      vertex 75.3888 6.58874 6
      vertex 76.3074 7.96342 6
      vertex 76.307 7.96371 6
    endloop
  endfacet
  facet normal 0 0 1
    outer loop
      vertex 75.3888 6.58874 6
      vertex 76.307 7.96371 6
      vertex 76.2091 8.0363 6
    endloop
  endfacet
  facet normal 0 0 1
    outer loop
      vertex 76.6381 7.80699 6
      vertex 76.1582 6.22487 6
      vertex 76.4342 6.15572 6
    endloop
  endfacet
  facet normal 0 0 1
    outer loop
      vertex 75.1603 6.75827 6
      vertex 76.2091 8.0363 6
      vertex 76.1188 8.11813 6
    endloop
  endfacet
  facet normal 0 0 1
    outer loop
      vertex 74.9494 6.94939 6
      vertex 76.1188 8.11813 6
      vertex 76.1185 8.11846 6
    endloop
  endfacet
  facet normal 0 0 1
    outer loop
      vertex 74.9494 6.94939 6
      vertex 76.1185 8.11846 6
      vertex 76.1181 8.11882 6
    endloop
  endfacet
  facet normal 0 0 1
    outer loop
      vertex 74.9494 6.94939 6
      vertex 76.1181 8.11882 6
      vertex 76.0363 8.20911 6
    endloop
  endfacet
  facet normal 0 0 1
    outer loop
      vertex 74.7583 7.16026 6
      vertex 76.0363 8.20911 6
      vertex 75.9637 8.30698 6
    endloop
  endfacet
  facet normal 0 0 1
    outer loop
      vertex 74.5887 7.38885 6
      vertex 75.9637 8.30698 6
      vertex 75.9634 8.30738 6
    endloop
  endfacet
  facet normal 0 0 1
    outer loop
      vertex 74.5887 7.38885 6
      vertex 75.9634 8.30738 6
      vertex 75.9632 8.30779 6
    endloop
  endfacet
  facet normal 0 0 1
    outer loop
      vertex 74.5887 7.38885 6
      vertex 75.9632 8.30779 6
      vertex 75.9005 8.41231 6
    endloop
  endfacet
  facet normal 0 0 1
    outer loop
      vertex 76.5234 7.84804 6
      vertex 75.8902 6.32075 6
      vertex 76.1582 6.22487 6
    endloop
  endfacet
  facet normal 0 0 1
    outer loop
      vertex 74.4424 7.63295 6
      vertex 75.9005 8.41231 6
      vertex 75.8484 8.52247 6
    endloop
  endfacet
  facet normal 0 0 1
    outer loop
      vertex 74.3207 7.89022 6
      vertex 75.8484 8.52247 6
      vertex 75.8482 8.52291 6
    endloop
  endfacet
  facet normal 0 0 1
    outer loop
      vertex 74.3207 7.89022 6
      vertex 75.8482 8.52291 6
      vertex 75.848 8.52337 6
    endloop
  endfacet
  facet normal 0 0 1
    outer loop
      vertex 74.3207 7.89022 6
      vertex 75.848 8.52337 6
      vertex 75.807 8.63811 6
    endloop
  endfacet
  facet normal 0 0 1
    outer loop
      vertex 74.2249 8.15817 6
      vertex 75.807 8.63811 6
      vertex 75.7774 8.75631 6
    endloop
  endfacet
  facet normal 0 0 1
    outer loop
      vertex 74.1557 8.43424 6
      vertex 75.7774 8.75631 6
      vertex 75.7773 8.75678 6
    endloop
  endfacet
  facet normal 0 0 1
    outer loop
      vertex 74.1557 8.43424 6
      vertex 75.7773 8.75678 6
      vertex 75.7772 8.75727 6
    endloop
  endfacet
  facet normal 0 0 1
    outer loop
      vertex 74.1557 8.43424 6
      vertex 75.7772 8.75727 6
      vertex 75.7593 8.8778 6
    endloop
  endfacet
  facet normal 0 0 1
    outer loop
      vertex 75.848 9.47663 6
      vertex 74.3207 10.1098 6
      vertex 75.807 9.36189 6
    endloop
  endfacet
  facet normal 0 0 1
    outer loop
      vertex 76.4123 7.90052 6
      vertex 75.6329 6.44243 6
      vertex 75.8902 6.32075 6
    endloop
  endfacet
  facet normal 0 0 1
    outer loop
      vertex 74.114 8.71575 6
      vertex 75.7593 8.8778 6
      vertex 75.7533 8.99951 6
    endloop
  endfacet
  facet normal -0 0 1
    outer loop
      vertex 74.2249 9.84183 6
      vertex 75.807 9.36189 6
      vertex 74.3207 10.1098 6
    endloop
  endfacet
  facet normal 0 0 1
    outer loop
      vertex 75.807 9.36189 6
      vertex 74.2249 9.84183 6
      vertex 75.7774 9.24369 6
    endloop
  endfacet
  facet normal 0 0 1
    outer loop
      vertex 76.3078 7.96317 6
      vertex 75.3888 6.58874 6
      vertex 75.6329 6.44243 6
    endloop
  endfacet
  facet normal -0 0 1
    outer loop
      vertex 74.1557 9.56576 6
      vertex 75.7774 9.24369 6
      vertex 74.2249 9.84183 6
    endloop
  endfacet
  facet normal 0 0 1
    outer loop
      vertex 76.2091 8.0363 6
      vertex 75.1603 6.75827 6
      vertex 75.3888 6.58874 6
    endloop
  endfacet
  facet normal 0 0 1
    outer loop
      vertex 75.7774 9.24369 6
      vertex 74.1557 9.56576 6
      vertex 75.7773 9.24322 6
    endloop
  endfacet
  facet normal 0 0 1
    outer loop
      vertex 76.1188 8.11813 6
      vertex 74.9494 6.94939 6
      vertex 75.1603 6.75827 6
    endloop
  endfacet
  facet normal 0 0 1
    outer loop
      vertex 75.7773 9.24322 6
      vertex 74.1557 9.56576 6
      vertex 75.7772 9.24273 6
    endloop
  endfacet
  facet normal 0 0 1
    outer loop
      vertex 76.0363 8.20911 6
      vertex 74.7583 7.16026 6
      vertex 74.9494 6.94939 6
    endloop
  endfacet
  facet normal 0 0 1
    outer loop
      vertex 75.7772 9.24273 6
      vertex 74.1557 9.56576 6
      vertex 75.7593 9.1222 6
    endloop
  endfacet
  facet normal 0 0 1
    outer loop
      vertex 75.9637 8.30698 6
      vertex 74.5887 7.38885 6
      vertex 74.7583 7.16026 6
    endloop
  endfacet
  facet normal -0 0 1
    outer loop
      vertex 74.114 9.28425 6
      vertex 75.7593 9.1222 6
      vertex 74.1557 9.56576 6
    endloop
  endfacet
  facet normal 0 0 1
    outer loop
      vertex 75.9005 8.41231 6
      vertex 74.4424 7.63295 6
      vertex 74.5887 7.38885 6
    endloop
  endfacet
  facet normal 0 0 1
    outer loop
      vertex 75.7593 9.1222 6
      vertex 74.114 9.28425 6
      vertex 75.7533 9.00049 6
    endloop
  endfacet
  facet normal 0 0 1
    outer loop
      vertex 75.8484 8.52247 6
      vertex 74.3207 7.89022 6
      vertex 74.4424 7.63295 6
    endloop
  endfacet
  facet normal 0 0 1
    outer loop
      vertex 74.1 9 6
      vertex 75.7533 9.00049 6
      vertex 74.114 9.28425 6
    endloop
  endfacet
  facet normal 0 0 1
    outer loop
      vertex 75.807 8.63811 6
      vertex 74.2249 8.15817 6
      vertex 74.3207 7.89022 6
    endloop
  endfacet
  facet normal 0 0 1
    outer loop
      vertex 75.7533 9.00049 6
      vertex 74.1 9 6
      vertex 75.7533 9 6
    endloop
  endfacet
  facet normal 0 0 1
    outer loop
      vertex 75.7774 8.75631 6
      vertex 74.1557 8.43424 6
      vertex 74.2249 8.15817 6
    endloop
  endfacet
  facet normal 0 0 1
    outer loop
      vertex 75.7533 9 6
      vertex 74.1 9 6
      vertex 75.7533 8.99951 6
    endloop
  endfacet
  facet normal 0 0 1
    outer loop
      vertex 75.7593 8.8778 6
      vertex 74.114 8.71575 6
      vertex 74.1557 8.43424 6
    endloop
  endfacet
  facet normal 0 0 1
    outer loop
      vertex 75.7533 8.99951 6
      vertex 74.1 9 6
      vertex 74.114 8.71575 6
    endloop
  endfacet
  facet normal 0.243032 -0.970018 0
    outer loop
      vertex 77.5658 6.15572 2
      vertex 77.8418 6.22487 6
      vertex 77.5658 6.15572 6
    endloop
  endfacet
  facet normal 0.243032 -0.970018 0
    outer loop
      vertex 77.8418 6.22487 6
      vertex 77.5658 6.15572 2
      vertex 77.8418 6.22487 2
    endloop
  endfacet
  facet normal -0.514108 -0.857725 0
    outer loop
      vertex 75.3888 6.58874 2
      vertex 75.6329 6.44243 6
      vertex 75.3888 6.58874 6
    endloop
  endfacet
  facet normal -0.514108 -0.857725 -0
    outer loop
      vertex 75.6329 6.44243 6
      vertex 75.3888 6.58874 2
      vertex 75.6329 6.44243 2
    endloop
  endfacet
  facet normal -0.146691 -0.989182 0
    outer loop
      vertex 76.4342 6.15572 2
      vertex 76.7158 6.11396 6
      vertex 76.4342 6.15572 6
    endloop
  endfacet
  facet normal -0.146691 -0.989182 -0
    outer loop
      vertex 76.7158 6.11396 6
      vertex 76.4342 6.15572 2
      vertex 76.7158 6.11396 2
    endloop
  endfacet
  facet normal -0.941635 0.336637 0
    outer loop
      vertex 74.2249 9.84183 2
      vertex 74.3207 10.1098 6
      vertex 74.3207 10.1098 2
    endloop
  endfacet
  facet normal -0.941635 0.336637 0
    outer loop
      vertex 74.3207 10.1098 6
      vertex 74.2249 9.84183 2
      vertex 74.2249 9.84183 6
    endloop
  endfacet
  facet normal -0.903981 0.427573 0
    outer loop
      vertex 74.3207 10.1098 2
      vertex 74.4424 10.3671 6
      vertex 74.4424 10.3671 2
    endloop
  endfacet
  facet normal -0.903981 0.427573 0
    outer loop
      vertex 74.4424 10.3671 6
      vertex 74.3207 10.1098 2
      vertex 74.3207 10.1098 6
    endloop
  endfacet
  facet normal -0.671504 -0.741001 0
    outer loop
      vertex 74.9494 6.94939 2
      vertex 75.1603 6.75827 6
      vertex 74.9494 6.94939 6
    endloop
  endfacet
  facet normal -0.671504 -0.741001 -0
    outer loop
      vertex 75.1603 6.75827 6
      vertex 74.9494 6.94939 2
      vertex 75.1603 6.75827 2
    endloop
  endfacet
  facet normal -0.336853 -0.941557 0
    outer loop
      vertex 75.8902 6.32075 2
      vertex 76.1582 6.22487 6
      vertex 75.8902 6.32075 6
    endloop
  endfacet
  facet normal -0.336853 -0.941557 -0
    outer loop
      vertex 76.1582 6.22487 6
      vertex 75.8902 6.32075 2
      vertex 76.1582 6.22487 2
    endloop
  endfacet
  facet normal -0.427515 -0.904008 0
    outer loop
      vertex 75.6329 6.44243 2
      vertex 75.8902 6.32075 6
      vertex 75.6329 6.44243 6
    endloop
  endfacet
  facet normal -0.427515 -0.904008 -0
    outer loop
      vertex 75.8902 6.32075 6
      vertex 75.6329 6.44243 2
      vertex 75.8902 6.32075 2
    endloop
  endfacet
  facet normal -0.243032 -0.970018 0
    outer loop
      vertex 76.1582 6.22487 2
      vertex 76.4342 6.15572 6
      vertex 76.1582 6.22487 6
    endloop
  endfacet
  facet normal -0.243032 -0.970018 -0
    outer loop
      vertex 76.4342 6.15572 6
      vertex 76.1582 6.22487 2
      vertex 76.4342 6.15572 2
    endloop
  endfacet
  facet normal 0.243197 0.969977 -0
    outer loop
      vertex 77.8418 11.7751 2
      vertex 77.5658 11.8443 6
      vertex 77.8418 11.7751 6
    endloop
  endfacet
  facet normal 0.243197 0.969977 0
    outer loop
      vertex 77.5658 11.8443 6
      vertex 77.8418 11.7751 2
      vertex 77.5658 11.8443 2
    endloop
  endfacet
  facet normal -0.802984 0.596 0
    outer loop
      vertex 74.5887 10.6112 2
      vertex 74.7583 10.8397 6
      vertex 74.7583 10.8397 2
    endloop
  endfacet
  facet normal -0.802984 0.596 0
    outer loop
      vertex 74.7583 10.8397 6
      vertex 74.5887 10.6112 2
      vertex 74.5887 10.6112 6
    endloop
  endfacet
  facet normal -0.595842 -0.803102 0
    outer loop
      vertex 75.1603 6.75827 2
      vertex 75.3888 6.58874 6
      vertex 75.1603 6.75827 6
    endloop
  endfacet
  facet normal -0.595842 -0.803102 -0
    outer loop
      vertex 75.3888 6.58874 6
      vertex 75.1603 6.75827 2
      vertex 75.3888 6.58874 2
    endloop
  endfacet
  facet normal 0.989205 0.146536 0
    outer loop
      vertex 79.886 37.8843 6
      vertex 79.8443 38.1658 2
      vertex 79.8443 38.1658 6
    endloop
  endfacet
  facet normal 0.989205 0.146536 0
    outer loop
      vertex 79.8443 38.1658 2
      vertex 79.886 37.8843 6
      vertex 79.886 37.8843 2
    endloop
  endfacet
  facet normal 0.99879 0.0491842 0
    outer loop
      vertex 79.9 37.6 6
      vertex 79.886 37.8843 2
      vertex 79.886 37.8843 6
    endloop
  endfacet
  facet normal 0.99879 0.0491842 0
    outer loop
      vertex 79.886 37.8843 2
      vertex 79.9 37.6 6
      vertex 79.9 37.6 2
    endloop
  endfacet
  facet normal 0.969977 0.243197 0
    outer loop
      vertex 79.8443 38.1658 6
      vertex 79.7751 38.4418 2
      vertex 79.7751 38.4418 6
    endloop
  endfacet
  facet normal 0.969977 0.243197 0
    outer loop
      vertex 79.7751 38.4418 2
      vertex 79.8443 38.1658 6
      vertex 79.8443 38.1658 2
    endloop
  endfacet
  facet normal 0.146485 0.989213 -0
    outer loop
      vertex 77.5658 40.4443 2
      vertex 77.2842 40.486 6
      vertex 77.5658 40.4443 6
    endloop
  endfacet
  facet normal 0.146485 0.989213 0
    outer loop
      vertex 77.2842 40.486 6
      vertex 77.5658 40.4443 2
      vertex 77.2842 40.486 2
    endloop
  endfacet
  facet normal 0.0492014 0.998789 -0
    outer loop
      vertex 77.2842 40.486 2
      vertex 77 40.5 6
      vertex 77.2842 40.486 6
    endloop
  endfacet
  facet normal 0.0492014 0.998789 0
    outer loop
      vertex 77 40.5 6
      vertex 77.2842 40.486 2
      vertex 77 40.5 2
    endloop
  endfacet
  facet normal 0.998789 -0.0492014 0
    outer loop
      vertex 79.886 37.3158 6
      vertex 79.9 37.6 2
      vertex 79.9 37.6 6
    endloop
  endfacet
  facet normal 0.998789 -0.0492014 0
    outer loop
      vertex 79.9 37.6 2
      vertex 79.886 37.3158 6
      vertex 79.886 37.3158 2
    endloop
  endfacet
  facet normal 0.857834 0.513927 0
    outer loop
      vertex 79.5576 38.967 6
      vertex 79.4113 39.2112 2
      vertex 79.4113 39.2112 6
    endloop
  endfacet
  facet normal 0.857834 0.513927 0
    outer loop
      vertex 79.4113 39.2112 2
      vertex 79.5576 38.967 6
      vertex 79.5576 38.967 2
    endloop
  endfacet
  facet normal -0.596 -0.802984 0
    outer loop
      vertex 75.1603 35.3583 2
      vertex 75.3888 35.1887 6
      vertex 75.1603 35.3583 6
    endloop
  endfacet
  facet normal -0.596 -0.802984 -0
    outer loop
      vertex 75.3888 35.1887 6
      vertex 75.1603 35.3583 2
      vertex 75.3888 35.1887 2
    endloop
  endfacet
  facet normal -0.969977 -0.243197 0
    outer loop
      vertex 74.2249 36.7582 2
      vertex 74.1557 37.0342 6
      vertex 74.1557 37.0342 2
    endloop
  endfacet
  facet normal -0.969977 -0.243197 0
    outer loop
      vertex 74.1557 37.0342 6
      vertex 74.2249 36.7582 2
      vertex 74.2249 36.7582 6
    endloop
  endfacet
  facet normal 0.741036 0.671465 0
    outer loop
      vertex 79.2417 39.4397 6
      vertex 79.0506 39.6506 2
      vertex 79.0506 39.6506 6
    endloop
  endfacet
  facet normal 0.741036 0.671465 0
    outer loop
      vertex 79.0506 39.6506 2
      vertex 79.2417 39.4397 6
      vertex 79.2417 39.4397 2
    endloop
  endfacet
  facet normal -0.596 0.802984 0
    outer loop
      vertex 75.3888 40.0113 2
      vertex 75.1603 39.8417 6
      vertex 75.3888 40.0113 6
    endloop
  endfacet
  facet normal -0.596 0.802984 0
    outer loop
      vertex 75.1603 39.8417 6
      vertex 75.3888 40.0113 2
      vertex 75.1603 39.8417 2
    endloop
  endfacet
  facet normal -0.146485 -0.989213 0
    outer loop
      vertex 76.4342 34.7557 2
      vertex 76.7158 34.714 6
      vertex 76.4342 34.7557 6
    endloop
  endfacet
  facet normal -0.146485 -0.989213 -0
    outer loop
      vertex 76.7158 34.714 6
      vertex 76.4342 34.7557 2
      vertex 76.7158 34.714 2
    endloop
  endfacet
  facet normal 0.336603 -0.941646 0
    outer loop
      vertex 77.8418 34.8249 2
      vertex 78.1098 34.9207 6
      vertex 77.8418 34.8249 6
    endloop
  endfacet
  facet normal 0.336603 -0.941646 0
    outer loop
      vertex 78.1098 34.9207 6
      vertex 77.8418 34.8249 2
      vertex 78.1098 34.9207 2
    endloop
  endfacet
  facet normal -0.802984 -0.596 0
    outer loop
      vertex 74.7583 35.7603 2
      vertex 74.5887 35.9888 6
      vertex 74.5887 35.9888 2
    endloop
  endfacet
  facet normal -0.802984 -0.596 0
    outer loop
      vertex 74.5887 35.9888 6
      vertex 74.7583 35.7603 2
      vertex 74.7583 35.7603 6
    endloop
  endfacet
  facet normal 0.857741 -0.514082 0
    outer loop
      vertex 79.4113 35.9888 6
      vertex 79.5576 36.2329 2
      vertex 79.5576 36.2329 6
    endloop
  endfacet
  facet normal 0.857741 -0.514082 0
    outer loop
      vertex 79.5576 36.2329 2
      vertex 79.4113 35.9888 6
      vertex 79.4113 35.9888 2
    endloop
  endfacet
  facet normal 0.514082 -0.857741 0
    outer loop
      vertex 78.3671 35.0424 2
      vertex 78.6112 35.1887 6
      vertex 78.3671 35.0424 6
    endloop
  endfacet
  facet normal 0.514082 -0.857741 0
    outer loop
      vertex 78.6112 35.1887 6
      vertex 78.3671 35.0424 2
      vertex 78.6112 35.1887 2
    endloop
  endfacet
  facet normal -0.514082 0.857741 0
    outer loop
      vertex 75.6329 40.1576 2
      vertex 75.3888 40.0113 6
      vertex 75.6329 40.1576 6
    endloop
  endfacet
  facet normal -0.514082 0.857741 0
    outer loop
      vertex 75.3888 40.0113 6
      vertex 75.6329 40.1576 2
      vertex 75.3888 40.0113 2
    endloop
  endfacet
  facet normal -0.146485 0.989213 0
    outer loop
      vertex 76.7158 40.486 2
      vertex 76.4342 40.4443 6
      vertex 76.7158 40.486 6
    endloop
  endfacet
  facet normal -0.146485 0.989213 0
    outer loop
      vertex 76.4342 40.4443 6
      vertex 76.7158 40.486 2
      vertex 76.4342 40.4443 2
    endloop
  endfacet
  facet normal 0.941646 0.336603 0
    outer loop
      vertex 79.7751 38.4418 6
      vertex 79.6793 38.7098 2
      vertex 79.6793 38.7098 6
    endloop
  endfacet
  facet normal 0.941646 0.336603 0
    outer loop
      vertex 79.6793 38.7098 2
      vertex 79.7751 38.4418 6
      vertex 79.7751 38.4418 2
    endloop
  endfacet
  facet normal -0 0 1
    outer loop
      vertex 78.2467 37.6005 6
      vertex 79.9 37.6 6
      vertex 79.886 37.8843 6
    endloop
  endfacet
  facet normal 0 0 1
    outer loop
      vertex 78.2407 37.7222 6
      vertex 79.886 37.8843 6
      vertex 79.8443 38.1658 6
    endloop
  endfacet
  facet normal 0 0 1
    outer loop
      vertex 79.9 37.6 6
      vertex 78.2467 37.6005 6
      vertex 78.2467 37.6 6
    endloop
  endfacet
  facet normal 0 0 1
    outer loop
      vertex 78.2226 37.8437 6
      vertex 79.8443 38.1658 6
      vertex 79.7751 38.4418 6
    endloop
  endfacet
  facet normal 0 0 1
    outer loop
      vertex 78.2467 37.5995 6
      vertex 79.9 37.6 6
      vertex 78.2467 37.6 6
    endloop
  endfacet
  facet normal 0 0 1
    outer loop
      vertex 78.1928 37.9624 6
      vertex 79.7751 38.4418 6
      vertex 79.6793 38.7098 6
    endloop
  endfacet
  facet normal 0 0 1
    outer loop
      vertex 79.9 37.6 6
      vertex 78.2467 37.5995 6
      vertex 79.886 37.3158 6
    endloop
  endfacet
  facet normal 0 0 1
    outer loop
      vertex 78.1516 38.0775 6
      vertex 79.6793 38.7098 6
      vertex 79.5576 38.967 6
    endloop
  endfacet
  facet normal -0 0 1
    outer loop
      vertex 78.2407 37.4778 6
      vertex 79.886 37.3158 6
      vertex 78.2467 37.5995 6
    endloop
  endfacet
  facet normal 0 0 1
    outer loop
      vertex 78.0995 38.1877 6
      vertex 79.5576 38.967 6
      vertex 79.4113 39.2112 6
    endloop
  endfacet
  facet normal 0 0 1
    outer loop
      vertex 79.886 37.3158 6
      vertex 78.2407 37.4778 6
      vertex 79.8443 37.0342 6
    endloop
  endfacet
  facet normal 0 0 1
    outer loop
      vertex 78.0366 38.2926 6
      vertex 79.4113 39.2112 6
      vertex 79.2417 39.4397 6
    endloop
  endfacet
  facet normal -0 0 1
    outer loop
      vertex 78.2228 37.3573 6
      vertex 79.8443 37.0342 6
      vertex 78.2407 37.4778 6
    endloop
  endfacet
  facet normal 0 0 1
    outer loop
      vertex 77.9634 38.3913 6
      vertex 79.2417 39.4397 6
      vertex 79.0506 39.6506 6
    endloop
  endfacet
  facet normal -0 0 1
    outer loop
      vertex 78.2227 37.3568 6
      vertex 79.8443 37.0342 6
      vertex 78.2228 37.3573 6
    endloop
  endfacet
  facet normal 0 0 1
    outer loop
      vertex 77.8812 38.4819 6
      vertex 79.0506 39.6506 6
      vertex 78.8397 39.8417 6
    endloop
  endfacet
  facet normal -0 0 1
    outer loop
      vertex 78.2226 37.3563 6
      vertex 79.8443 37.0342 6
      vertex 78.2227 37.3568 6
    endloop
  endfacet
  facet normal 0 0 1
    outer loop
      vertex 77.7909 38.5637 6
      vertex 78.8397 39.8417 6
      vertex 78.6112 40.0113 6
    endloop
  endfacet
  facet normal 0 0 1
    outer loop
      vertex 79.8443 37.0342 6
      vertex 78.2226 37.3563 6
      vertex 79.7751 36.7582 6
    endloop
  endfacet
  facet normal 0 0 1
    outer loop
      vertex 77.6922 38.6368 6
      vertex 78.6112 40.0113 6
      vertex 78.3671 40.1576 6
    endloop
  endfacet
  facet normal 0 0 1
    outer loop
      vertex 79.7751 36.7582 6
      vertex 78.193 37.2381 6
      vertex 79.6793 36.4902 6
    endloop
  endfacet
  facet normal -0 0 1
    outer loop
      vertex 78.152 37.1234 6
      vertex 79.6793 36.4902 6
      vertex 78.193 37.2381 6
    endloop
  endfacet
  facet normal -0 0 1
    outer loop
      vertex 78.193 37.2381 6
      vertex 79.7751 36.7582 6
      vertex 78.2226 37.3563 6
    endloop
  endfacet
  facet normal 0 0 1
    outer loop
      vertex 79.886 37.8843 6
      vertex 78.2407 37.7222 6
      vertex 78.2467 37.6005 6
    endloop
  endfacet
  facet normal 0 0 1
    outer loop
      vertex 79.8443 38.1658 6
      vertex 78.2228 37.8427 6
      vertex 78.2407 37.7222 6
    endloop
  endfacet
  facet normal 0 0 1
    outer loop
      vertex 79.8443 38.1658 6
      vertex 78.2227 37.8432 6
      vertex 78.2228 37.8427 6
    endloop
  endfacet
  facet normal 0 0 1
    outer loop
      vertex 79.8443 38.1658 6
      vertex 78.2226 37.8437 6
      vertex 78.2227 37.8432 6
    endloop
  endfacet
  facet normal 0 0 1
    outer loop
      vertex 79.7751 38.4418 6
      vertex 78.193 37.9619 6
      vertex 78.2226 37.8437 6
    endloop
  endfacet
  facet normal 0 0 1
    outer loop
      vertex 79.7751 38.4418 6
      vertex 78.1928 37.9624 6
      vertex 78.193 37.9619 6
    endloop
  endfacet
  facet normal 0 0 1
    outer loop
      vertex 79.6793 38.7098 6
      vertex 78.1518 38.0771 6
      vertex 78.1928 37.9624 6
    endloop
  endfacet
  facet normal 0 0 1
    outer loop
      vertex 79.6793 38.7098 6
      vertex 78.1516 38.0775 6
      vertex 78.1518 38.0771 6
    endloop
  endfacet
  facet normal 0 0 1
    outer loop
      vertex 77.5872 38.6997 6
      vertex 78.3671 40.1576 6
      vertex 78.1098 40.2793 6
    endloop
  endfacet
  facet normal 0 0 1
    outer loop
      vertex 79.5576 38.967 6
      vertex 78.0995 38.1877 6
      vertex 78.1516 38.0775 6
    endloop
  endfacet
  facet normal 0 0 1
    outer loop
      vertex 79.4113 39.2112 6
      vertex 78.0368 38.2922 6
      vertex 78.0995 38.1877 6
    endloop
  endfacet
  facet normal 0 0 1
    outer loop
      vertex 79.4113 39.2112 6
      vertex 78.0366 38.2926 6
      vertex 78.0368 38.2922 6
    endloop
  endfacet
  facet normal 0 0 1
    outer loop
      vertex 79.2417 39.4397 6
      vertex 77.964 38.3905 6
      vertex 78.0366 38.2926 6
    endloop
  endfacet
  facet normal 0 0 1
    outer loop
      vertex 79.2417 39.4397 6
      vertex 77.9637 38.3909 6
      vertex 77.964 38.3905 6
    endloop
  endfacet
  facet normal 0 0 1
    outer loop
      vertex 79.2417 39.4397 6
      vertex 77.9634 38.3913 6
      vertex 77.9637 38.3909 6
    endloop
  endfacet
  facet normal 0 0 1
    outer loop
      vertex 79.0506 39.6506 6
      vertex 77.8815 38.4815 6
      vertex 77.9634 38.3913 6
    endloop
  endfacet
  facet normal 0 0 1
    outer loop
      vertex 79.0506 39.6506 6
      vertex 77.8812 38.4819 6
      vertex 77.8815 38.4815 6
    endloop
  endfacet
  facet normal 0 0 1
    outer loop
      vertex 77.4771 38.7518 6
      vertex 78.1098 40.2793 6
      vertex 77.8418 40.3751 6
    endloop
  endfacet
  facet normal 0 0 1
    outer loop
      vertex 78.8397 39.8417 6
      vertex 77.7909 38.5637 6
      vertex 77.8812 38.4819 6
    endloop
  endfacet
  facet normal 0 0 1
    outer loop
      vertex 78.6112 40.0113 6
      vertex 77.693 38.6363 6
      vertex 77.7909 38.5637 6
    endloop
  endfacet
  facet normal 0 0 1
    outer loop
      vertex 78.6112 40.0113 6
      vertex 77.6926 38.6366 6
      vertex 77.693 38.6363 6
    endloop
  endfacet
  facet normal 0 0 1
    outer loop
      vertex 78.6112 40.0113 6
      vertex 77.6922 38.6368 6
      vertex 77.6926 38.6366 6
    endloop
  endfacet
  facet normal 0 0 1
    outer loop
      vertex 78.3671 40.1576 6
      vertex 77.5877 38.6995 6
      vertex 77.6922 38.6368 6
    endloop
  endfacet
  facet normal 0 0 1
    outer loop
      vertex 78.3671 40.1576 6
      vertex 77.5872 38.6997 6
      vertex 77.5877 38.6995 6
    endloop
  endfacet
  facet normal 0 0 1
    outer loop
      vertex 77.3619 38.793 6
      vertex 77.8418 40.3751 6
      vertex 77.5658 40.4443 6
    endloop
  endfacet
  facet normal 0 0 1
    outer loop
      vertex 78.1098 40.2793 6
      vertex 77.4771 38.7518 6
      vertex 77.5872 38.6997 6
    endloop
  endfacet
  facet normal 0 0 1
    outer loop
      vertex 77.8418 40.3751 6
      vertex 77.3624 38.7928 6
      vertex 77.4771 38.7518 6
    endloop
  endfacet
  facet normal 0 0 1
    outer loop
      vertex 77.8418 40.3751 6
      vertex 77.3619 38.793 6
      vertex 77.3624 38.7928 6
    endloop
  endfacet
  facet normal 0 0 1
    outer loop
      vertex 77.2432 38.8227 6
      vertex 77.5658 40.4443 6
      vertex 77.2842 40.486 6
    endloop
  endfacet
  facet normal 0 0 1
    outer loop
      vertex 77.5658 40.4443 6
      vertex 77.2437 38.8226 6
      vertex 77.3619 38.793 6
    endloop
  endfacet
  facet normal 0 0 1
    outer loop
      vertex 77.5658 40.4443 6
      vertex 77.2432 38.8227 6
      vertex 77.2437 38.8226 6
    endloop
  endfacet
  facet normal 0 0 1
    outer loop
      vertex 77.2842 40.486 6
      vertex 77.1227 38.8406 6
      vertex 77.2432 38.8227 6
    endloop
  endfacet
  facet normal 0 0 1
    outer loop
      vertex 77.2842 40.486 6
      vertex 77.1222 38.8407 6
      vertex 77.1227 38.8406 6
    endloop
  endfacet
  facet normal 0 0 1
    outer loop
      vertex 77.2842 40.486 6
      vertex 77.1217 38.8407 6
      vertex 77.1222 38.8407 6
    endloop
  endfacet
  facet normal 0 0 1
    outer loop
      vertex 77 40.5 6
      vertex 77.1217 38.8407 6
      vertex 77.2842 40.486 6
    endloop
  endfacet
  facet normal 0 0 1
    outer loop
      vertex 77 40.5 6
      vertex 77 38.8467 6
      vertex 77.1217 38.8407 6
    endloop
  endfacet
  facet normal 0 0 1
    outer loop
      vertex 77 40.5 6
      vertex 76.8783 38.8407 6
      vertex 77 38.8467 6
    endloop
  endfacet
  facet normal -0 0 1
    outer loop
      vertex 76.7158 40.486 6
      vertex 76.8783 38.8407 6
      vertex 77 40.5 6
    endloop
  endfacet
  facet normal 0 0 1
    outer loop
      vertex 76.8783 38.8407 6
      vertex 76.7158 40.486 6
      vertex 76.8778 38.8407 6
    endloop
  endfacet
  facet normal 0 0 1
    outer loop
      vertex 76.8778 38.8407 6
      vertex 76.7158 40.486 6
      vertex 76.8773 38.8406 6
    endloop
  endfacet
  facet normal 0 0 1
    outer loop
      vertex 76.8773 38.8406 6
      vertex 76.7158 40.486 6
      vertex 76.7568 38.8227 6
    endloop
  endfacet
  facet normal -0 0 1
    outer loop
      vertex 76.4342 40.4443 6
      vertex 76.7568 38.8227 6
      vertex 76.7158 40.486 6
    endloop
  endfacet
  facet normal 0 0 1
    outer loop
      vertex 76.7568 38.8227 6
      vertex 76.4342 40.4443 6
      vertex 76.7563 38.8226 6
    endloop
  endfacet
  facet normal 0 0 1
    outer loop
      vertex 76.7563 38.8226 6
      vertex 76.4342 40.4443 6
      vertex 76.6381 38.793 6
    endloop
  endfacet
  facet normal -0 0 1
    outer loop
      vertex 76.1582 40.3751 6
      vertex 76.6381 38.793 6
      vertex 76.4342 40.4443 6
    endloop
  endfacet
  facet normal 0 0 1
    outer loop
      vertex 76.6381 38.793 6
      vertex 76.1582 40.3751 6
      vertex 76.6376 38.7928 6
    endloop
  endfacet
  facet normal 0 0 1
    outer loop
      vertex 76.6376 38.7928 6
      vertex 76.1582 40.3751 6
      vertex 76.5229 38.7518 6
    endloop
  endfacet
  facet normal -0 0 1
    outer loop
      vertex 75.8902 40.2793 6
      vertex 76.5229 38.7518 6
      vertex 76.1582 40.3751 6
    endloop
  endfacet
  facet normal 0 0 1
    outer loop
      vertex 76.5229 38.7518 6
      vertex 75.8902 40.2793 6
      vertex 76.4128 38.6997 6
    endloop
  endfacet
  facet normal -0 0 1
    outer loop
      vertex 75.6329 40.1576 6
      vertex 76.4128 38.6997 6
      vertex 75.8902 40.2793 6
    endloop
  endfacet
  facet normal 0 0 1
    outer loop
      vertex 76.4128 38.6997 6
      vertex 75.6329 40.1576 6
      vertex 76.4123 38.6995 6
    endloop
  endfacet
  facet normal 0 0 1
    outer loop
      vertex 76.4123 38.6995 6
      vertex 75.6329 40.1576 6
      vertex 76.3078 38.6368 6
    endloop
  endfacet
  facet normal -0 0 1
    outer loop
      vertex 75.3888 40.0113 6
      vertex 76.3078 38.6368 6
      vertex 75.6329 40.1576 6
    endloop
  endfacet
  facet normal 0 0 1
    outer loop
      vertex 76.3078 38.6368 6
      vertex 75.3888 40.0113 6
      vertex 76.3074 38.6366 6
    endloop
  endfacet
  facet normal 0 0 1
    outer loop
      vertex 76.3074 38.6366 6
      vertex 75.3888 40.0113 6
      vertex 76.307 38.6363 6
    endloop
  endfacet
  facet normal 0 0 1
    outer loop
      vertex 76.307 38.6363 6
      vertex 75.3888 40.0113 6
      vertex 76.2091 38.5637 6
    endloop
  endfacet
  facet normal -0 0 1
    outer loop
      vertex 75.1603 39.8417 6
      vertex 76.2091 38.5637 6
      vertex 75.3888 40.0113 6
    endloop
  endfacet
  facet normal 0 0 1
    outer loop
      vertex 76.2091 38.5637 6
      vertex 75.1603 39.8417 6
      vertex 76.1188 38.4819 6
    endloop
  endfacet
  facet normal -0 0 1
    outer loop
      vertex 74.9494 39.6506 6
      vertex 76.1188 38.4819 6
      vertex 75.1603 39.8417 6
    endloop
  endfacet
  facet normal 0 0 1
    outer loop
      vertex 76.1188 38.4819 6
      vertex 74.9494 39.6506 6
      vertex 76.1185 38.4815 6
    endloop
  endfacet
  facet normal 0 0 1
    outer loop
      vertex 76.1185 38.4815 6
      vertex 74.9494 39.6506 6
      vertex 76.0366 38.3913 6
    endloop
  endfacet
  facet normal -0 0 1
    outer loop
      vertex 74.7583 39.4397 6
      vertex 76.0366 38.3913 6
      vertex 74.9494 39.6506 6
    endloop
  endfacet
  facet normal 0 0 1
    outer loop
      vertex 76.0366 38.3913 6
      vertex 74.7583 39.4397 6
      vertex 76.0363 38.3909 6
    endloop
  endfacet
  facet normal 0 0 1
    outer loop
      vertex 76.0363 38.3909 6
      vertex 74.7583 39.4397 6
      vertex 76.036 38.3905 6
    endloop
  endfacet
  facet normal 0 0 1
    outer loop
      vertex 76.036 38.3905 6
      vertex 74.7583 39.4397 6
      vertex 75.9634 38.2926 6
    endloop
  endfacet
  facet normal -0 0 1
    outer loop
      vertex 74.5887 39.2112 6
      vertex 75.9634 38.2926 6
      vertex 74.7583 39.4397 6
    endloop
  endfacet
  facet normal 0 0 1
    outer loop
      vertex 75.9634 38.2926 6
      vertex 74.5887 39.2112 6
      vertex 75.9632 38.2922 6
    endloop
  endfacet
  facet normal 0 0 1
    outer loop
      vertex 75.9632 38.2922 6
      vertex 74.5887 39.2112 6
      vertex 75.9005 38.1877 6
    endloop
  endfacet
  facet normal -0 0 1
    outer loop
      vertex 74.4424 38.967 6
      vertex 75.9005 38.1877 6
      vertex 74.5887 39.2112 6
    endloop
  endfacet
  facet normal 0 0 1
    outer loop
      vertex 75.9005 38.1877 6
      vertex 74.4424 38.967 6
      vertex 75.8484 38.0775 6
    endloop
  endfacet
  facet normal 0 0 1
    outer loop
      vertex 75.8482 38.0771 6
      vertex 74.3207 38.7098 6
      vertex 75.8072 37.9624 6
    endloop
  endfacet
  facet normal 0 0 1
    outer loop
      vertex 75.8484 38.0775 6
      vertex 74.3207 38.7098 6
      vertex 75.8482 38.0771 6
    endloop
  endfacet
  facet normal -0 0 1
    outer loop
      vertex 74.3207 38.7098 6
      vertex 75.8484 38.0775 6
      vertex 74.4424 38.967 6
    endloop
  endfacet
  facet normal -0 0 1
    outer loop
      vertex 78.1518 37.1229 6
      vertex 79.6793 36.4902 6
      vertex 78.152 37.1234 6
    endloop
  endfacet
  facet normal -0 0 1
    outer loop
      vertex 78.1516 37.1225 6
      vertex 79.6793 36.4902 6
      vertex 78.1518 37.1229 6
    endloop
  endfacet
  facet normal 0 0 1
    outer loop
      vertex 79.6793 36.4902 6
      vertex 78.1516 37.1225 6
      vertex 79.5576 36.2329 6
    endloop
  endfacet
  facet normal -0 0 1
    outer loop
      vertex 78.0995 37.0123 6
      vertex 79.5576 36.2329 6
      vertex 78.1516 37.1225 6
    endloop
  endfacet
  facet normal 0 0 1
    outer loop
      vertex 79.5576 36.2329 6
      vertex 78.0995 37.0123 6
      vertex 79.4113 35.9888 6
    endloop
  endfacet
  facet normal -0 0 1
    outer loop
      vertex 78.0368 36.9078 6
      vertex 79.4113 35.9888 6
      vertex 78.0995 37.0123 6
    endloop
  endfacet
  facet normal -0 0 1
    outer loop
      vertex 78.0366 36.9074 6
      vertex 79.4113 35.9888 6
      vertex 78.0368 36.9078 6
    endloop
  endfacet
  facet normal 0 0 1
    outer loop
      vertex 79.4113 35.9888 6
      vertex 78.0366 36.9074 6
      vertex 79.2417 35.7603 6
    endloop
  endfacet
  facet normal -0 0 1
    outer loop
      vertex 77.964 36.8095 6
      vertex 79.2417 35.7603 6
      vertex 78.0366 36.9074 6
    endloop
  endfacet
  facet normal -0 0 1
    outer loop
      vertex 77.9637 36.8091 6
      vertex 79.2417 35.7603 6
      vertex 77.964 36.8095 6
    endloop
  endfacet
  facet normal 0 0 1
    outer loop
      vertex 79.2417 35.7603 6
      vertex 77.9637 36.8091 6
      vertex 79.0506 35.5494 6
    endloop
  endfacet
  facet normal -0 0 1
    outer loop
      vertex 77.8819 36.7188 6
      vertex 79.0506 35.5494 6
      vertex 77.9637 36.8091 6
    endloop
  endfacet
  facet normal -0 0 1
    outer loop
      vertex 77.8815 36.7185 6
      vertex 79.0506 35.5494 6
      vertex 77.8819 36.7188 6
    endloop
  endfacet
  facet normal -0 0 1
    outer loop
      vertex 77.8812 36.7181 6
      vertex 79.0506 35.5494 6
      vertex 77.8815 36.7185 6
    endloop
  endfacet
  facet normal 0 0 1
    outer loop
      vertex 79.0506 35.5494 6
      vertex 77.8812 36.7181 6
      vertex 78.8397 35.3583 6
    endloop
  endfacet
  facet normal -0 0 1
    outer loop
      vertex 77.7909 36.6363 6
      vertex 78.8397 35.3583 6
      vertex 77.8812 36.7181 6
    endloop
  endfacet
  facet normal 0 0 1
    outer loop
      vertex 78.8397 35.3583 6
      vertex 77.7909 36.6363 6
      vertex 78.6112 35.1887 6
    endloop
  endfacet
  facet normal -0 0 1
    outer loop
      vertex 77.693 36.5637 6
      vertex 78.6112 35.1887 6
      vertex 77.7909 36.6363 6
    endloop
  endfacet
  facet normal -0 0 1
    outer loop
      vertex 77.6926 36.5634 6
      vertex 78.6112 35.1887 6
      vertex 77.693 36.5637 6
    endloop
  endfacet
  facet normal -0 0 1
    outer loop
      vertex 77.6922 36.5632 6
      vertex 78.6112 35.1887 6
      vertex 77.6926 36.5634 6
    endloop
  endfacet
  facet normal 0 0 1
    outer loop
      vertex 78.6112 35.1887 6
      vertex 77.6922 36.5632 6
      vertex 78.3671 35.0424 6
    endloop
  endfacet
  facet normal -0 0 1
    outer loop
      vertex 77.5877 36.5005 6
      vertex 78.3671 35.0424 6
      vertex 77.6922 36.5632 6
    endloop
  endfacet
  facet normal -0 0 1
    outer loop
      vertex 77.5872 36.5003 6
      vertex 78.3671 35.0424 6
      vertex 77.5877 36.5005 6
    endloop
  endfacet
  facet normal 0 0 1
    outer loop
      vertex 78.3671 35.0424 6
      vertex 77.5872 36.5003 6
      vertex 78.1098 34.9207 6
    endloop
  endfacet
  facet normal -0 0 1
    outer loop
      vertex 77.4771 36.4482 6
      vertex 78.1098 34.9207 6
      vertex 77.5872 36.5003 6
    endloop
  endfacet
  facet normal 0 0 1
    outer loop
      vertex 78.1098 34.9207 6
      vertex 77.4771 36.4482 6
      vertex 77.8418 34.8249 6
    endloop
  endfacet
  facet normal -0 0 1
    outer loop
      vertex 77.3624 36.4072 6
      vertex 77.8418 34.8249 6
      vertex 77.4771 36.4482 6
    endloop
  endfacet
  facet normal -0 0 1
    outer loop
      vertex 77.3619 36.407 6
      vertex 77.8418 34.8249 6
      vertex 77.3624 36.4072 6
    endloop
  endfacet
  facet normal -0 0 1
    outer loop
      vertex 77.3614 36.4069 6
      vertex 77.8418 34.8249 6
      vertex 77.3619 36.407 6
    endloop
  endfacet
  facet normal 0 0 1
    outer loop
      vertex 77.8418 34.8249 6
      vertex 77.3614 36.4069 6
      vertex 77.5658 34.7557 6
    endloop
  endfacet
  facet normal -0 0 1
    outer loop
      vertex 77.2432 36.3773 6
      vertex 77.5658 34.7557 6
      vertex 77.3614 36.4069 6
    endloop
  endfacet
  facet normal -0 0 1
    outer loop
      vertex 77.2427 36.3772 6
      vertex 77.5658 34.7557 6
      vertex 77.2432 36.3773 6
    endloop
  endfacet
  facet normal 0 0 1
    outer loop
      vertex 77.5658 34.7557 6
      vertex 77.2427 36.3772 6
      vertex 77.2842 34.714 6
    endloop
  endfacet
  facet normal -0 0 1
    outer loop
      vertex 77.1222 36.3593 6
      vertex 77.2842 34.714 6
      vertex 77.2427 36.3772 6
    endloop
  endfacet
  facet normal -0 0 1
    outer loop
      vertex 77.0005 36.3533 6
      vertex 77.2842 34.714 6
      vertex 77.1222 36.3593 6
    endloop
  endfacet
  facet normal 0 0 1
    outer loop
      vertex 77 34.7 6
      vertex 77.0005 36.3533 6
      vertex 77 36.3533 6
    endloop
  endfacet
  facet normal 0 0 1
    outer loop
      vertex 77.0005 36.3533 6
      vertex 77 34.7 6
      vertex 77.2842 34.714 6
    endloop
  endfacet
  facet normal -0 0 1
    outer loop
      vertex 76.9995 36.3533 6
      vertex 77 34.7 6
      vertex 77 36.3533 6
    endloop
  endfacet
  facet normal 0 0 1
    outer loop
      vertex 76.8778 36.3593 6
      vertex 77 34.7 6
      vertex 76.9995 36.3533 6
    endloop
  endfacet
  facet normal 0 0 1
    outer loop
      vertex 76.7158 34.714 6
      vertex 76.8778 36.3593 6
      vertex 76.7573 36.3772 6
    endloop
  endfacet
  facet normal 0 0 1
    outer loop
      vertex 76.4342 34.7557 6
      vertex 76.7573 36.3772 6
      vertex 76.7568 36.3773 6
    endloop
  endfacet
  facet normal 0 0 1
    outer loop
      vertex 76.8778 36.3593 6
      vertex 76.7158 34.714 6
      vertex 77 34.7 6
    endloop
  endfacet
  facet normal 0 0 1
    outer loop
      vertex 76.4342 34.7557 6
      vertex 76.7568 36.3773 6
      vertex 76.6386 36.4069 6
    endloop
  endfacet
  facet normal 0 0 1
    outer loop
      vertex 76.1582 34.8249 6
      vertex 76.6386 36.4069 6
      vertex 76.6381 36.407 6
    endloop
  endfacet
  facet normal 0 0 1
    outer loop
      vertex 76.1582 34.8249 6
      vertex 76.6381 36.407 6
      vertex 76.6376 36.4072 6
    endloop
  endfacet
  facet normal 0 0 1
    outer loop
      vertex 76.1582 34.8249 6
      vertex 76.6376 36.4072 6
      vertex 76.5229 36.4482 6
    endloop
  endfacet
  facet normal 0 0 1
    outer loop
      vertex 76.7573 36.3772 6
      vertex 76.4342 34.7557 6
      vertex 76.7158 34.714 6
    endloop
  endfacet
  facet normal 0 0 1
    outer loop
      vertex 75.8902 34.9207 6
      vertex 76.5229 36.4482 6
      vertex 76.4128 36.5003 6
    endloop
  endfacet
  facet normal 0 0 1
    outer loop
      vertex 75.6329 35.0424 6
      vertex 76.4128 36.5003 6
      vertex 76.4123 36.5005 6
    endloop
  endfacet
  facet normal 0 0 1
    outer loop
      vertex 75.6329 35.0424 6
      vertex 76.4123 36.5005 6
      vertex 76.3078 36.5632 6
    endloop
  endfacet
  facet normal 0 0 1
    outer loop
      vertex 75.3888 35.1887 6
      vertex 76.3078 36.5632 6
      vertex 76.3074 36.5634 6
    endloop
  endfacet
  facet normal 0 0 1
    outer loop
      vertex 75.3888 35.1887 6
      vertex 76.3074 36.5634 6
      vertex 76.307 36.5637 6
    endloop
  endfacet
  facet normal 0 0 1
    outer loop
      vertex 75.3888 35.1887 6
      vertex 76.307 36.5637 6
      vertex 76.2091 36.6363 6
    endloop
  endfacet
  facet normal 0 0 1
    outer loop
      vertex 76.6386 36.4069 6
      vertex 76.1582 34.8249 6
      vertex 76.4342 34.7557 6
    endloop
  endfacet
  facet normal 0 0 1
    outer loop
      vertex 75.1603 35.3583 6
      vertex 76.2091 36.6363 6
      vertex 76.1188 36.7181 6
    endloop
  endfacet
  facet normal 0 0 1
    outer loop
      vertex 74.9494 35.5494 6
      vertex 76.1188 36.7181 6
      vertex 76.1185 36.7185 6
    endloop
  endfacet
  facet normal 0 0 1
    outer loop
      vertex 74.9494 35.5494 6
      vertex 76.1185 36.7185 6
      vertex 76.1181 36.7188 6
    endloop
  endfacet
  facet normal 0 0 1
    outer loop
      vertex 74.9494 35.5494 6
      vertex 76.1181 36.7188 6
      vertex 76.0363 36.8091 6
    endloop
  endfacet
  facet normal 0 0 1
    outer loop
      vertex 74.7583 35.7603 6
      vertex 76.0363 36.8091 6
      vertex 76.036 36.8095 6
    endloop
  endfacet
  facet normal 0 0 1
    outer loop
      vertex 74.7583 35.7603 6
      vertex 76.036 36.8095 6
      vertex 75.9634 36.9074 6
    endloop
  endfacet
  facet normal 0 0 1
    outer loop
      vertex 74.5887 35.9888 6
      vertex 75.9634 36.9074 6
      vertex 75.9632 36.9078 6
    endloop
  endfacet
  facet normal 0 0 1
    outer loop
      vertex 74.5887 35.9888 6
      vertex 75.9632 36.9078 6
      vertex 75.9005 37.0123 6
    endloop
  endfacet
  facet normal 0 0 1
    outer loop
      vertex 76.5229 36.4482 6
      vertex 75.8902 34.9207 6
      vertex 76.1582 34.8249 6
    endloop
  endfacet
  facet normal 0 0 1
    outer loop
      vertex 74.4424 36.2329 6
      vertex 75.9005 37.0123 6
      vertex 75.8484 37.1225 6
    endloop
  endfacet
  facet normal 0 0 1
    outer loop
      vertex 74.3207 36.4902 6
      vertex 75.8484 37.1225 6
      vertex 75.8482 37.1229 6
    endloop
  endfacet
  facet normal 0 0 1
    outer loop
      vertex 74.3207 36.4902 6
      vertex 75.8482 37.1229 6
      vertex 75.848 37.1234 6
    endloop
  endfacet
  facet normal 0 0 1
    outer loop
      vertex 74.3207 36.4902 6
      vertex 75.848 37.1234 6
      vertex 75.807 37.2381 6
    endloop
  endfacet
  facet normal 0 0 1
    outer loop
      vertex 74.2249 36.7582 6
      vertex 75.807 37.2381 6
      vertex 75.7774 37.3563 6
    endloop
  endfacet
  facet normal 0 0 1
    outer loop
      vertex 74.1557 37.0342 6
      vertex 75.7774 37.3563 6
      vertex 75.7773 37.3568 6
    endloop
  endfacet
  facet normal 0 0 1
    outer loop
      vertex 74.1557 37.0342 6
      vertex 75.7773 37.3568 6
      vertex 75.7772 37.3573 6
    endloop
  endfacet
  facet normal 0 0 1
    outer loop
      vertex 74.1557 37.0342 6
      vertex 75.7772 37.3573 6
      vertex 75.7593 37.4778 6
    endloop
  endfacet
  facet normal 0 0 1
    outer loop
      vertex 76.4128 36.5003 6
      vertex 75.6329 35.0424 6
      vertex 75.8902 34.9207 6
    endloop
  endfacet
  facet normal 0 0 1
    outer loop
      vertex 74.114 37.3158 6
      vertex 75.7593 37.4778 6
      vertex 75.7533 37.5995 6
    endloop
  endfacet
  facet normal -0 0 1
    outer loop
      vertex 74.1 37.6 6
      vertex 75.7533 37.5995 6
      vertex 75.7533 37.6 6
    endloop
  endfacet
  facet normal -0 0 1
    outer loop
      vertex 74.2249 38.4418 6
      vertex 75.8072 37.9624 6
      vertex 74.3207 38.7098 6
    endloop
  endfacet
  facet normal 0 0 1
    outer loop
      vertex 75.8072 37.9624 6
      vertex 74.2249 38.4418 6
      vertex 75.807 37.9619 6
    endloop
  endfacet
  facet normal 0 0 1
    outer loop
      vertex 76.3078 36.5632 6
      vertex 75.3888 35.1887 6
      vertex 75.6329 35.0424 6
    endloop
  endfacet
  facet normal 0 0 1
    outer loop
      vertex 75.807 37.9619 6
      vertex 74.2249 38.4418 6
      vertex 75.7774 37.8437 6
    endloop
  endfacet
  facet normal 0 0 1
    outer loop
      vertex 76.2091 36.6363 6
      vertex 75.1603 35.3583 6
      vertex 75.3888 35.1887 6
    endloop
  endfacet
  facet normal -0 0 1
    outer loop
      vertex 74.1557 38.1658 6
      vertex 75.7774 37.8437 6
      vertex 74.2249 38.4418 6
    endloop
  endfacet
  facet normal 0 0 1
    outer loop
      vertex 76.1188 36.7181 6
      vertex 74.9494 35.5494 6
      vertex 75.1603 35.3583 6
    endloop
  endfacet
  facet normal 0 0 1
    outer loop
      vertex 75.7774 37.8437 6
      vertex 74.1557 38.1658 6
      vertex 75.7773 37.8432 6
    endloop
  endfacet
  facet normal 0 0 1
    outer loop
      vertex 76.0363 36.8091 6
      vertex 74.7583 35.7603 6
      vertex 74.9494 35.5494 6
    endloop
  endfacet
  facet normal 0 0 1
    outer loop
      vertex 75.7773 37.8432 6
      vertex 74.1557 38.1658 6
      vertex 75.7772 37.8427 6
    endloop
  endfacet
  facet normal 0 0 1
    outer loop
      vertex 75.9634 36.9074 6
      vertex 74.5887 35.9888 6
      vertex 74.7583 35.7603 6
    endloop
  endfacet
  facet normal 0 0 1
    outer loop
      vertex 75.7772 37.8427 6
      vertex 74.1557 38.1658 6
      vertex 75.7593 37.7222 6
    endloop
  endfacet
  facet normal 0 0 1
    outer loop
      vertex 75.9005 37.0123 6
      vertex 74.4424 36.2329 6
      vertex 74.5887 35.9888 6
    endloop
  endfacet
  facet normal -0 0 1
    outer loop
      vertex 74.114 37.8843 6
      vertex 75.7593 37.7222 6
      vertex 74.1557 38.1658 6
    endloop
  endfacet
  facet normal 0 0 1
    outer loop
      vertex 75.8484 37.1225 6
      vertex 74.3207 36.4902 6
      vertex 74.4424 36.2329 6
    endloop
  endfacet
  facet normal 0 0 1
    outer loop
      vertex 75.7593 37.7222 6
      vertex 74.114 37.8843 6
      vertex 75.7533 37.6005 6
    endloop
  endfacet
  facet normal 0 0 1
    outer loop
      vertex 75.807 37.2381 6
      vertex 74.2249 36.7582 6
      vertex 74.3207 36.4902 6
    endloop
  endfacet
  facet normal 0 0 1
    outer loop
      vertex 74.1 37.6 6
      vertex 75.7533 37.6005 6
      vertex 74.114 37.8843 6
    endloop
  endfacet
  facet normal 0 0 1
    outer loop
      vertex 75.7774 37.3563 6
      vertex 74.1557 37.0342 6
      vertex 74.2249 36.7582 6
    endloop
  endfacet
  facet normal 0 0 1
    outer loop
      vertex 75.7533 37.6005 6
      vertex 74.1 37.6 6
      vertex 75.7533 37.6 6
    endloop
  endfacet
  facet normal 0 0 1
    outer loop
      vertex 75.7593 37.4778 6
      vertex 74.114 37.3158 6
      vertex 74.1557 37.0342 6
    endloop
  endfacet
  facet normal 0 0 1
    outer loop
      vertex 75.7533 37.5995 6
      vertex 74.1 37.6 6
      vertex 74.114 37.3158 6
    endloop
  endfacet
  facet normal 0.969977 -0.243197 0
    outer loop
      vertex 79.7751 36.7582 6
      vertex 79.8443 37.0342 2
      vertex 79.8443 37.0342 6
    endloop
  endfacet
  facet normal 0.969977 -0.243197 0
    outer loop
      vertex 79.8443 37.0342 2
      vertex 79.7751 36.7582 6
      vertex 79.7751 36.7582 2
    endloop
  endfacet
  facet normal -0.427573 0.903981 0
    outer loop
      vertex 75.8902 40.2793 2
      vertex 75.6329 40.1576 6
      vertex 75.8902 40.2793 6
    endloop
  endfacet
  facet normal -0.427573 0.903981 0
    outer loop
      vertex 75.6329 40.1576 6
      vertex 75.8902 40.2793 2
      vertex 75.6329 40.1576 2
    endloop
  endfacet
  facet normal 0.514082 0.857741 -0
    outer loop
      vertex 78.6112 40.0113 2
      vertex 78.3671 40.1576 6
      vertex 78.6112 40.0113 6
    endloop
  endfacet
  facet normal 0.514082 0.857741 0
    outer loop
      vertex 78.3671 40.1576 6
      vertex 78.6112 40.0113 2
      vertex 78.3671 40.1576 2
    endloop
  endfacet
  facet normal -0.857834 0.513927 0
    outer loop
      vertex 74.4424 38.967 2
      vertex 74.5887 39.2112 6
      vertex 74.5887 39.2112 2
    endloop
  endfacet
  facet normal -0.857834 0.513927 0
    outer loop
      vertex 74.5887 39.2112 6
      vertex 74.4424 38.967 2
      vertex 74.4424 38.967 6
    endloop
  endfacet
  facet normal -0.336603 -0.941646 0
    outer loop
      vertex 75.8902 34.9207 2
      vertex 76.1582 34.8249 6
      vertex 75.8902 34.9207 6
    endloop
  endfacet
  facet normal -0.336603 -0.941646 -0
    outer loop
      vertex 76.1582 34.8249 6
      vertex 75.8902 34.9207 2
      vertex 76.1582 34.8249 2
    endloop
  endfacet
  facet normal -0.741036 0.671465 0
    outer loop
      vertex 74.7583 39.4397 2
      vertex 74.9494 39.6506 6
      vertex 74.9494 39.6506 2
    endloop
  endfacet
  facet normal -0.741036 0.671465 0
    outer loop
      vertex 74.9494 39.6506 6
      vertex 74.7583 39.4397 2
      vertex 74.7583 39.4397 6
    endloop
  endfacet
  facet normal -0.336603 0.941646 0
    outer loop
      vertex 76.1582 40.3751 2
      vertex 75.8902 40.2793 6
      vertex 76.1582 40.3751 6
    endloop
  endfacet
  facet normal -0.336603 0.941646 0
    outer loop
      vertex 75.8902 40.2793 6
      vertex 76.1582 40.3751 2
      vertex 75.8902 40.2793 2
    endloop
  endfacet
  facet normal 0.903981 -0.427573 0
    outer loop
      vertex 79.5576 36.2329 6
      vertex 79.6793 36.4902 2
      vertex 79.6793 36.4902 6
    endloop
  endfacet
  facet normal 0.903981 -0.427573 0
    outer loop
      vertex 79.6793 36.4902 2
      vertex 79.5576 36.2329 6
      vertex 79.5576 36.2329 2
    endloop
  endfacet
  facet normal -0.941646 0.336603 0
    outer loop
      vertex 74.2249 38.4418 2
      vertex 74.3207 38.7098 6
      vertex 74.3207 38.7098 2
    endloop
  endfacet
  facet normal -0.941646 0.336603 0
    outer loop
      vertex 74.3207 38.7098 6
      vertex 74.2249 38.4418 2
      vertex 74.2249 38.4418 6
    endloop
  endfacet
  facet normal -0.903917 0.427709 0
    outer loop
      vertex 74.3207 38.7098 2
      vertex 74.4424 38.967 6
      vertex 74.4424 38.967 2
    endloop
  endfacet
  facet normal -0.903917 0.427709 0
    outer loop
      vertex 74.4424 38.967 6
      vertex 74.3207 38.7098 2
      vertex 74.3207 38.7098 6
    endloop
  endfacet
  facet normal 0.903917 0.427709 0
    outer loop
      vertex 79.6793 38.7098 6
      vertex 79.5576 38.967 2
      vertex 79.5576 38.967 6
    endloop
  endfacet
  facet normal 0.903917 0.427709 0
    outer loop
      vertex 79.5576 38.967 2
      vertex 79.6793 38.7098 6
      vertex 79.6793 38.7098 2
    endloop
  endfacet
  facet normal 0.741036 -0.671465 0
    outer loop
      vertex 79.0506 35.5494 6
      vertex 79.2417 35.7603 2
      vertex 79.2417 35.7603 6
    endloop
  endfacet
  facet normal 0.741036 -0.671465 0
    outer loop
      vertex 79.2417 35.7603 2
      vertex 79.0506 35.5494 6
      vertex 79.0506 35.5494 2
    endloop
  endfacet
  facet normal -0.903981 -0.427573 0
    outer loop
      vertex 74.4424 36.2329 2
      vertex 74.3207 36.4902 6
      vertex 74.3207 36.4902 2
    endloop
  endfacet
  facet normal -0.903981 -0.427573 0
    outer loop
      vertex 74.3207 36.4902 6
      vertex 74.4424 36.2329 2
      vertex 74.4424 36.2329 6
    endloop
  endfacet
  facet normal 0.146485 -0.989213 0
    outer loop
      vertex 77.2842 34.714 2
      vertex 77.5658 34.7557 6
      vertex 77.2842 34.714 6
    endloop
  endfacet
  facet normal 0.146485 -0.989213 0
    outer loop
      vertex 77.5658 34.7557 6
      vertex 77.2842 34.714 2
      vertex 77.5658 34.7557 2
    endloop
  endfacet
  facet normal 0.671465 0.741036 -0
    outer loop
      vertex 79.0506 39.6506 2
      vertex 78.8397 39.8417 6
      vertex 79.0506 39.6506 6
    endloop
  endfacet
  facet normal 0.671465 0.741036 0
    outer loop
      vertex 78.8397 39.8417 6
      vertex 79.0506 39.6506 2
      vertex 78.8397 39.8417 2
    endloop
  endfacet
  facet normal 0.427573 -0.903981 0
    outer loop
      vertex 78.1098 34.9207 2
      vertex 78.3671 35.0424 6
      vertex 78.1098 34.9207 6
    endloop
  endfacet
  facet normal 0.427573 -0.903981 0
    outer loop
      vertex 78.3671 35.0424 6
      vertex 78.1098 34.9207 2
      vertex 78.3671 35.0424 2
    endloop
  endfacet
  facet normal 0.802984 -0.596 0
    outer loop
      vertex 79.2417 35.7603 6
      vertex 79.4113 35.9888 2
      vertex 79.4113 35.9888 6
    endloop
  endfacet
  facet normal 0.802984 -0.596 0
    outer loop
      vertex 79.4113 35.9888 2
      vertex 79.2417 35.7603 6
      vertex 79.2417 35.7603 2
    endloop
  endfacet
  facet normal -0.741036 -0.671465 0
    outer loop
      vertex 74.9494 35.5494 2
      vertex 74.7583 35.7603 6
      vertex 74.7583 35.7603 2
    endloop
  endfacet
  facet normal -0.741036 -0.671465 0
    outer loop
      vertex 74.7583 35.7603 6
      vertex 74.9494 35.5494 2
      vertex 74.9494 35.5494 6
    endloop
  endfacet
  facet normal 0.941646 -0.336603 0
    outer loop
      vertex 79.6793 36.4902 6
      vertex 79.7751 36.7582 2
      vertex 79.7751 36.7582 6
    endloop
  endfacet
  facet normal 0.941646 -0.336603 0
    outer loop
      vertex 79.7751 36.7582 2
      vertex 79.6793 36.4902 6
      vertex 79.6793 36.4902 2
    endloop
  endfacet
  facet normal 0.802984 0.596 0
    outer loop
      vertex 79.4113 39.2112 6
      vertex 79.2417 39.4397 2
      vertex 79.2417 39.4397 6
    endloop
  endfacet
  facet normal 0.802984 0.596 0
    outer loop
      vertex 79.2417 39.4397 2
      vertex 79.4113 39.2112 6
      vertex 79.4113 39.2112 2
    endloop
  endfacet
  facet normal -0.969977 0.243197 0
    outer loop
      vertex 74.1557 38.1658 2
      vertex 74.2249 38.4418 6
      vertex 74.2249 38.4418 2
    endloop
  endfacet
  facet normal -0.969977 0.243197 0
    outer loop
      vertex 74.2249 38.4418 6
      vertex 74.1557 38.1658 2
      vertex 74.1557 38.1658 6
    endloop
  endfacet
  facet normal 0.427573 0.903981 -0
    outer loop
      vertex 78.3671 40.1576 2
      vertex 78.1098 40.2793 6
      vertex 78.3671 40.1576 6
    endloop
  endfacet
  facet normal 0.427573 0.903981 0
    outer loop
      vertex 78.1098 40.2793 6
      vertex 78.3671 40.1576 2
      vertex 78.1098 40.2793 2
    endloop
  endfacet
  facet normal -0.243197 0.969977 0
    outer loop
      vertex 76.4342 40.4443 2
      vertex 76.1582 40.3751 6
      vertex 76.4342 40.4443 6
    endloop
  endfacet
  facet normal -0.243197 0.969977 0
    outer loop
      vertex 76.1582 40.3751 6
      vertex 76.4342 40.4443 2
      vertex 76.1582 40.3751 2
    endloop
  endfacet
  facet normal 0.989213 -0.146485 0
    outer loop
      vertex 79.8443 37.0342 6
      vertex 79.886 37.3158 2
      vertex 79.886 37.3158 6
    endloop
  endfacet
  facet normal 0.989213 -0.146485 0
    outer loop
      vertex 79.886 37.3158 2
      vertex 79.8443 37.0342 6
      vertex 79.8443 37.0342 2
    endloop
  endfacet
  facet normal 0.596 0.802984 -0
    outer loop
      vertex 78.8397 39.8417 2
      vertex 78.6112 40.0113 6
      vertex 78.8397 39.8417 6
    endloop
  endfacet
  facet normal 0.596 0.802984 0
    outer loop
      vertex 78.6112 40.0113 6
      vertex 78.8397 39.8417 2
      vertex 78.6112 40.0113 2
    endloop
  endfacet
  facet normal -0.989213 -0.146485 0
    outer loop
      vertex 74.1557 37.0342 2
      vertex 74.114 37.3158 6
      vertex 74.114 37.3158 2
    endloop
  endfacet
  facet normal -0.989213 -0.146485 0
    outer loop
      vertex 74.114 37.3158 6
      vertex 74.1557 37.0342 2
      vertex 74.1557 37.0342 6
    endloop
  endfacet
  facet normal -0.0492014 0.998789 0
    outer loop
      vertex 77 40.5 2
      vertex 76.7158 40.486 6
      vertex 77 40.5 6
    endloop
  endfacet
  facet normal -0.0492014 0.998789 0
    outer loop
      vertex 76.7158 40.486 6
      vertex 77 40.5 2
      vertex 76.7158 40.486 2
    endloop
  endfacet
  facet normal -0.243197 -0.969977 0
    outer loop
      vertex 76.1582 34.8249 2
      vertex 76.4342 34.7557 6
      vertex 76.1582 34.8249 6
    endloop
  endfacet
  facet normal -0.243197 -0.969977 -0
    outer loop
      vertex 76.4342 34.7557 6
      vertex 76.1582 34.8249 2
      vertex 76.4342 34.7557 2
    endloop
  endfacet
  facet normal 0.596 -0.802984 0
    outer loop
      vertex 78.6112 35.1887 2
      vertex 78.8397 35.3583 6
      vertex 78.6112 35.1887 6
    endloop
  endfacet
  facet normal 0.596 -0.802984 0
    outer loop
      vertex 78.8397 35.3583 6
      vertex 78.6112 35.1887 2
      vertex 78.8397 35.3583 2
    endloop
  endfacet
  facet normal -0.671465 0.741036 0
    outer loop
      vertex 75.1603 39.8417 2
      vertex 74.9494 39.6506 6
      vertex 75.1603 39.8417 6
    endloop
  endfacet
  facet normal -0.671465 0.741036 0
    outer loop
      vertex 74.9494 39.6506 6
      vertex 75.1603 39.8417 2
      vertex 74.9494 39.6506 2
    endloop
  endfacet
  facet normal -0.514082 -0.857741 0
    outer loop
      vertex 75.3888 35.1887 2
      vertex 75.6329 35.0424 6
      vertex 75.3888 35.1887 6
    endloop
  endfacet
  facet normal -0.514082 -0.857741 -0
    outer loop
      vertex 75.6329 35.0424 6
      vertex 75.3888 35.1887 2
      vertex 75.6329 35.0424 2
    endloop
  endfacet
  facet normal -0.941646 -0.336603 0
    outer loop
      vertex 74.3207 36.4902 2
      vertex 74.2249 36.7582 6
      vertex 74.2249 36.7582 2
    endloop
  endfacet
  facet normal -0.941646 -0.336603 0
    outer loop
      vertex 74.2249 36.7582 6
      vertex 74.3207 36.4902 2
      vertex 74.3207 36.4902 6
    endloop
  endfacet
  facet normal -0.857741 -0.514082 0
    outer loop
      vertex 74.5887 35.9888 2
      vertex 74.4424 36.2329 6
      vertex 74.4424 36.2329 2
    endloop
  endfacet
  facet normal -0.857741 -0.514082 0
    outer loop
      vertex 74.4424 36.2329 6
      vertex 74.5887 35.9888 2
      vertex 74.5887 35.9888 6
    endloop
  endfacet
  facet normal -0.998789 -0.0492014 0
    outer loop
      vertex 74.114 37.3158 2
      vertex 74.1 37.6 6
      vertex 74.1 37.6 2
    endloop
  endfacet
  facet normal -0.998789 -0.0492014 0
    outer loop
      vertex 74.1 37.6 6
      vertex 74.114 37.3158 2
      vertex 74.114 37.3158 6
    endloop
  endfacet
  facet normal 0.0492014 -0.998789 0
    outer loop
      vertex 77 34.7 2
      vertex 77.2842 34.714 6
      vertex 77 34.7 6
    endloop
  endfacet
  facet normal 0.0492014 -0.998789 0
    outer loop
      vertex 77.2842 34.714 6
      vertex 77 34.7 2
      vertex 77.2842 34.714 2
    endloop
  endfacet
  facet normal 0.243197 0.969977 -0
    outer loop
      vertex 77.8418 40.3751 2
      vertex 77.5658 40.4443 6
      vertex 77.8418 40.3751 6
    endloop
  endfacet
  facet normal 0.243197 0.969977 0
    outer loop
      vertex 77.5658 40.4443 6
      vertex 77.8418 40.3751 2
      vertex 77.5658 40.4443 2
    endloop
  endfacet
  facet normal -0.802984 0.596 0
    outer loop
      vertex 74.5887 39.2112 2
      vertex 74.7583 39.4397 6
      vertex 74.7583 39.4397 2
    endloop
  endfacet
  facet normal -0.802984 0.596 0
    outer loop
      vertex 74.7583 39.4397 6
      vertex 74.5887 39.2112 2
      vertex 74.5887 39.2112 6
    endloop
  endfacet
  facet normal -0.671465 -0.741036 0
    outer loop
      vertex 74.9494 35.5494 2
      vertex 75.1603 35.3583 6
      vertex 74.9494 35.5494 6
    endloop
  endfacet
  facet normal -0.671465 -0.741036 -0
    outer loop
      vertex 75.1603 35.3583 6
      vertex 74.9494 35.5494 2
      vertex 75.1603 35.3583 2
    endloop
  endfacet
  facet normal -0.0492014 -0.998789 0
    outer loop
      vertex 76.7158 34.714 2
      vertex 77 34.7 6
      vertex 76.7158 34.714 6
    endloop
  endfacet
  facet normal -0.0492014 -0.998789 -0
    outer loop
      vertex 77 34.7 6
      vertex 76.7158 34.714 2
      vertex 77 34.7 2
    endloop
  endfacet
  facet normal -0.427573 -0.903981 0
    outer loop
      vertex 75.6329 35.0424 2
      vertex 75.8902 34.9207 6
      vertex 75.6329 35.0424 6
    endloop
  endfacet
  facet normal -0.427573 -0.903981 -0
    outer loop
      vertex 75.8902 34.9207 6
      vertex 75.6329 35.0424 2
      vertex 75.8902 34.9207 2
    endloop
  endfacet
  facet normal 0.243197 -0.969977 0
    outer loop
      vertex 77.5658 34.7557 2
      vertex 77.8418 34.8249 6
      vertex 77.5658 34.7557 6
    endloop
  endfacet
  facet normal 0.243197 -0.969977 0
    outer loop
      vertex 77.8418 34.8249 6
      vertex 77.5658 34.7557 2
      vertex 77.8418 34.8249 2
    endloop
  endfacet
  facet normal 0.336603 0.941646 -0
    outer loop
      vertex 78.1098 40.2793 2
      vertex 77.8418 40.3751 6
      vertex 78.1098 40.2793 6
    endloop
  endfacet
  facet normal 0.336603 0.941646 0
    outer loop
      vertex 77.8418 40.3751 6
      vertex 78.1098 40.2793 2
      vertex 77.8418 40.3751 2
    endloop
  endfacet
  facet normal -0.989205 0.146536 0
    outer loop
      vertex 74.114 37.8843 2
      vertex 74.1557 38.1658 6
      vertex 74.1557 38.1658 2
    endloop
  endfacet
  facet normal -0.989205 0.146536 0
    outer loop
      vertex 74.1557 38.1658 6
      vertex 74.114 37.8843 2
      vertex 74.114 37.8843 6
    endloop
  endfacet
  facet normal -0.99879 0.0491842 0
    outer loop
      vertex 74.1 37.6 2
      vertex 74.114 37.8843 6
      vertex 74.114 37.8843 2
    endloop
  endfacet
  facet normal -0.99879 0.0491842 0
    outer loop
      vertex 74.114 37.8843 6
      vertex 74.1 37.6 2
      vertex 74.1 37.6 6
    endloop
  endfacet
  facet normal 0.671465 -0.741036 0
    outer loop
      vertex 78.8397 35.3583 2
      vertex 79.0506 35.5494 6
      vertex 78.8397 35.3583 6
    endloop
  endfacet
  facet normal 0.671465 -0.741036 0
    outer loop
      vertex 79.0506 35.5494 6
      vertex 78.8397 35.3583 2
      vertex 79.0506 35.5494 2
    endloop
  endfacet
  facet normal -0.671518 0.740989 0
    outer loop
      vertex 7.16026 39.8417 2
      vertex 6.94939 39.6506 6
      vertex 7.16026 39.8417 6
    endloop
  endfacet
  facet normal -0.671518 0.740989 0
    outer loop
      vertex 6.94939 39.6506 6
      vertex 7.16026 39.8417 2
      vertex 6.94939 39.6506 2
    endloop
  endfacet
  facet normal 0.857741 -0.514082 0
    outer loop
      vertex 11.4113 35.9888 6
      vertex 11.5576 36.2329 2
      vertex 11.5576 36.2329 6
    endloop
  endfacet
  facet normal 0.857741 -0.514082 0
    outer loop
      vertex 11.5576 36.2329 2
      vertex 11.4113 35.9888 6
      vertex 11.4113 35.9888 2
    endloop
  endfacet
  facet normal 0.857834 0.513927 0
    outer loop
      vertex 11.5576 38.967 6
      vertex 11.4113 39.2112 2
      vertex 11.4113 39.2112 6
    endloop
  endfacet
  facet normal 0.857834 0.513927 0
    outer loop
      vertex 11.4113 39.2112 2
      vertex 11.5576 38.967 6
      vertex 11.5576 38.967 2
    endloop
  endfacet
  facet normal -0.857725 -0.514108 0
    outer loop
      vertex 6.58874 35.9888 2
      vertex 6.44243 36.2329 6
      vertex 6.44243 36.2329 2
    endloop
  endfacet
  facet normal -0.857725 -0.514108 0
    outer loop
      vertex 6.44243 36.2329 6
      vertex 6.58874 35.9888 2
      vertex 6.58874 35.9888 6
    endloop
  endfacet
  facet normal -0.741001 -0.671504 0
    outer loop
      vertex 6.94939 35.5494 2
      vertex 6.75827 35.7603 6
      vertex 6.75827 35.7603 2
    endloop
  endfacet
  facet normal -0.741001 -0.671504 0
    outer loop
      vertex 6.75827 35.7603 6
      vertex 6.94939 35.5494 2
      vertex 6.94939 35.5494 6
    endloop
  endfacet
  facet normal -0.941557 0.336853 0
    outer loop
      vertex 6.22487 38.4418 2
      vertex 6.32075 38.7098 6
      vertex 6.32075 38.7098 2
    endloop
  endfacet
  facet normal -0.941557 0.336853 0
    outer loop
      vertex 6.32075 38.7098 6
      vertex 6.22487 38.4418 2
      vertex 6.22487 38.4418 6
    endloop
  endfacet
  facet normal -0.903944 0.427651 0
    outer loop
      vertex 6.32075 38.7098 2
      vertex 6.44243 38.967 6
      vertex 6.44243 38.967 2
    endloop
  endfacet
  facet normal -0.903944 0.427651 0
    outer loop
      vertex 6.44243 38.967 6
      vertex 6.32075 38.7098 2
      vertex 6.32075 38.7098 6
    endloop
  endfacet
  facet normal -0.671518 -0.740989 0
    outer loop
      vertex 6.94939 35.5494 2
      vertex 7.16026 35.3583 6
      vertex 6.94939 35.5494 6
    endloop
  endfacet
  facet normal -0.671518 -0.740989 -0
    outer loop
      vertex 7.16026 35.3583 6
      vertex 6.94939 35.5494 2
      vertex 7.16026 35.3583 2
    endloop
  endfacet
  facet normal 0.243139 -0.969991 0
    outer loop
      vertex 9.56576 34.7557 2
      vertex 9.84183 34.8249 6
      vertex 9.56576 34.7557 6
    endloop
  endfacet
  facet normal 0.243139 -0.969991 0
    outer loop
      vertex 9.84183 34.8249 6
      vertex 9.56576 34.7557 2
      vertex 9.84183 34.8249 2
    endloop
  endfacet
  facet normal 0.989205 0.146536 0
    outer loop
      vertex 11.886 37.8843 6
      vertex 11.8443 38.1658 2
      vertex 11.8443 38.1658 6
    endloop
  endfacet
  facet normal 0.989205 0.146536 0
    outer loop
      vertex 11.8443 38.1658 2
      vertex 11.886 37.8843 6
      vertex 11.886 37.8843 2
    endloop
  endfacet
  facet normal -0 0 1
    outer loop
      vertex 10.2467 37.6005 6
      vertex 11.9 37.6 6
      vertex 11.886 37.8843 6
    endloop
  endfacet
  facet normal 0 0 1
    outer loop
      vertex 10.2407 37.7222 6
      vertex 11.886 37.8843 6
      vertex 11.8443 38.1658 6
    endloop
  endfacet
  facet normal 0 0 1
    outer loop
      vertex 11.9 37.6 6
      vertex 10.2467 37.6005 6
      vertex 10.2467 37.6 6
    endloop
  endfacet
  facet normal 0 0 1
    outer loop
      vertex 10.2226 37.8437 6
      vertex 11.8443 38.1658 6
      vertex 11.7751 38.4418 6
    endloop
  endfacet
  facet normal 0 0 1
    outer loop
      vertex 10.2467 37.5995 6
      vertex 11.9 37.6 6
      vertex 10.2467 37.6 6
    endloop
  endfacet
  facet normal 0 0 1
    outer loop
      vertex 10.1928 37.9624 6
      vertex 11.7751 38.4418 6
      vertex 11.6792 38.7098 6
    endloop
  endfacet
  facet normal 0 0 1
    outer loop
      vertex 11.9 37.6 6
      vertex 10.2467 37.5995 6
      vertex 11.886 37.3158 6
    endloop
  endfacet
  facet normal 0 0 1
    outer loop
      vertex 10.1516 38.0775 6
      vertex 11.6792 38.7098 6
      vertex 11.5576 38.967 6
    endloop
  endfacet
  facet normal -0 0 1
    outer loop
      vertex 10.2407 37.4778 6
      vertex 11.886 37.3158 6
      vertex 10.2467 37.5995 6
    endloop
  endfacet
  facet normal 0 0 1
    outer loop
      vertex 10.0995 38.1877 6
      vertex 11.5576 38.967 6
      vertex 11.4113 39.2112 6
    endloop
  endfacet
  facet normal 0 0 1
    outer loop
      vertex 11.886 37.3158 6
      vertex 10.2407 37.4778 6
      vertex 11.8443 37.0342 6
    endloop
  endfacet
  facet normal 0 0 1
    outer loop
      vertex 10.0366 38.2926 6
      vertex 11.4113 39.2112 6
      vertex 11.2417 39.4397 6
    endloop
  endfacet
  facet normal -0 0 1
    outer loop
      vertex 10.2228 37.3573 6
      vertex 11.8443 37.0342 6
      vertex 10.2407 37.4778 6
    endloop
  endfacet
  facet normal 0 0 1
    outer loop
      vertex 9.96338 38.3913 6
      vertex 11.2417 39.4397 6
      vertex 11.0506 39.6506 6
    endloop
  endfacet
  facet normal -0 0 1
    outer loop
      vertex 10.2227 37.3568 6
      vertex 11.8443 37.0342 6
      vertex 10.2228 37.3573 6
    endloop
  endfacet
  facet normal 0 0 1
    outer loop
      vertex 9.88118 38.4819 6
      vertex 11.0506 39.6506 6
      vertex 10.8397 39.8417 6
    endloop
  endfacet
  facet normal -0 0 1
    outer loop
      vertex 10.2226 37.3563 6
      vertex 11.8443 37.0342 6
      vertex 10.2227 37.3568 6
    endloop
  endfacet
  facet normal 0 0 1
    outer loop
      vertex 9.79089 38.5637 6
      vertex 10.8397 39.8417 6
      vertex 10.6112 40.0113 6
    endloop
  endfacet
  facet normal 0 0 1
    outer loop
      vertex 11.8443 37.0342 6
      vertex 10.2226 37.3563 6
      vertex 11.7751 36.7582 6
    endloop
  endfacet
  facet normal 0 0 1
    outer loop
      vertex 9.69221 38.6368 6
      vertex 10.6112 40.0113 6
      vertex 10.3671 40.1576 6
    endloop
  endfacet
  facet normal 0 0 1
    outer loop
      vertex 11.7751 36.7582 6
      vertex 10.193 37.2381 6
      vertex 11.6792 36.4902 6
    endloop
  endfacet
  facet normal -0 0 1
    outer loop
      vertex 10.152 37.1234 6
      vertex 11.6792 36.4902 6
      vertex 10.193 37.2381 6
    endloop
  endfacet
  facet normal -0 0 1
    outer loop
      vertex 10.193 37.2381 6
      vertex 11.7751 36.7582 6
      vertex 10.2226 37.3563 6
    endloop
  endfacet
  facet normal 0 0 1
    outer loop
      vertex 11.886 37.8843 6
      vertex 10.2407 37.7222 6
      vertex 10.2467 37.6005 6
    endloop
  endfacet
  facet normal 0 0 1
    outer loop
      vertex 11.8443 38.1658 6
      vertex 10.2228 37.8427 6
      vertex 10.2407 37.7222 6
    endloop
  endfacet
  facet normal 0 0 1
    outer loop
      vertex 11.8443 38.1658 6
      vertex 10.2227 37.8432 6
      vertex 10.2228 37.8427 6
    endloop
  endfacet
  facet normal 0 0 1
    outer loop
      vertex 11.8443 38.1658 6
      vertex 10.2226 37.8437 6
      vertex 10.2227 37.8432 6
    endloop
  endfacet
  facet normal 0 0 1
    outer loop
      vertex 11.7751 38.4418 6
      vertex 10.193 37.9619 6
      vertex 10.2226 37.8437 6
    endloop
  endfacet
  facet normal 0 0 1
    outer loop
      vertex 11.7751 38.4418 6
      vertex 10.1928 37.9624 6
      vertex 10.193 37.9619 6
    endloop
  endfacet
  facet normal 0 0 1
    outer loop
      vertex 11.6792 38.7098 6
      vertex 10.1518 38.0771 6
      vertex 10.1928 37.9624 6
    endloop
  endfacet
  facet normal 0 0 1
    outer loop
      vertex 11.6792 38.7098 6
      vertex 10.1516 38.0775 6
      vertex 10.1518 38.0771 6
    endloop
  endfacet
  facet normal 0 0 1
    outer loop
      vertex 9.58724 38.6997 6
      vertex 10.3671 40.1576 6
      vertex 10.1098 40.2793 6
    endloop
  endfacet
  facet normal 0 0 1
    outer loop
      vertex 11.5576 38.967 6
      vertex 10.0995 38.1877 6
      vertex 10.1516 38.0775 6
    endloop
  endfacet
  facet normal 0 0 1
    outer loop
      vertex 11.4113 39.2112 6
      vertex 10.0368 38.2922 6
      vertex 10.0995 38.1877 6
    endloop
  endfacet
  facet normal 0 0 1
    outer loop
      vertex 11.4113 39.2112 6
      vertex 10.0366 38.2926 6
      vertex 10.0368 38.2922 6
    endloop
  endfacet
  facet normal 0 0 1
    outer loop
      vertex 11.2417 39.4397 6
      vertex 9.96399 38.3905 6
      vertex 10.0366 38.2926 6
    endloop
  endfacet
  facet normal 0 0 1
    outer loop
      vertex 11.2417 39.4397 6
      vertex 9.9637 38.3909 6
      vertex 9.96399 38.3905 6
    endloop
  endfacet
  facet normal 0 0 1
    outer loop
      vertex 11.2417 39.4397 6
      vertex 9.96338 38.3913 6
      vertex 9.9637 38.3909 6
    endloop
  endfacet
  facet normal 0 0 1
    outer loop
      vertex 11.0506 39.6506 6
      vertex 9.88154 38.4815 6
      vertex 9.96338 38.3913 6
    endloop
  endfacet
  facet normal 0 0 1
    outer loop
      vertex 11.0506 39.6506 6
      vertex 9.88118 38.4819 6
      vertex 9.88154 38.4815 6
    endloop
  endfacet
  facet normal 0 0 1
    outer loop
      vertex 9.47709 38.7518 6
      vertex 10.1098 40.2793 6
      vertex 9.84183 40.3751 6
    endloop
  endfacet
  facet normal 0 0 1
    outer loop
      vertex 10.8397 39.8417 6
      vertex 9.79089 38.5637 6
      vertex 9.88118 38.4819 6
    endloop
  endfacet
  facet normal 0 0 1
    outer loop
      vertex 10.6112 40.0113 6
      vertex 9.69301 38.6363 6
      vertex 9.79089 38.5637 6
    endloop
  endfacet
  facet normal 0 0 1
    outer loop
      vertex 10.6112 40.0113 6
      vertex 9.69262 38.6366 6
      vertex 9.69301 38.6363 6
    endloop
  endfacet
  facet normal 0 0 1
    outer loop
      vertex 10.6112 40.0113 6
      vertex 9.69221 38.6368 6
      vertex 9.69262 38.6366 6
    endloop
  endfacet
  facet normal 0 0 1
    outer loop
      vertex 10.3671 40.1576 6
      vertex 9.58768 38.6995 6
      vertex 9.69221 38.6368 6
    endloop
  endfacet
  facet normal 0 0 1
    outer loop
      vertex 10.3671 40.1576 6
      vertex 9.58724 38.6997 6
      vertex 9.58768 38.6995 6
    endloop
  endfacet
  facet normal 0 0 1
    outer loop
      vertex 9.36189 38.793 6
      vertex 9.84183 40.3751 6
      vertex 9.56576 40.4443 6
    endloop
  endfacet
  facet normal 0 0 1
    outer loop
      vertex 10.1098 40.2793 6
      vertex 9.47709 38.7518 6
      vertex 9.58724 38.6997 6
    endloop
  endfacet
  facet normal 0 0 1
    outer loop
      vertex 9.84183 40.3751 6
      vertex 9.36235 38.7928 6
      vertex 9.47709 38.7518 6
    endloop
  endfacet
  facet normal 0 0 1
    outer loop
      vertex 9.84183 40.3751 6
      vertex 9.36189 38.793 6
      vertex 9.36235 38.7928 6
    endloop
  endfacet
  facet normal 0 0 1
    outer loop
      vertex 9.24322 38.8227 6
      vertex 9.56576 40.4443 6
      vertex 9.28425 40.486 6
    endloop
  endfacet
  facet normal 0 0 1
    outer loop
      vertex 9.56576 40.4443 6
      vertex 9.24369 38.8226 6
      vertex 9.36189 38.793 6
    endloop
  endfacet
  facet normal 0 0 1
    outer loop
      vertex 9.56576 40.4443 6
      vertex 9.24322 38.8227 6
      vertex 9.24369 38.8226 6
    endloop
  endfacet
  facet normal 0 0 1
    outer loop
      vertex 9.28425 40.486 6
      vertex 9.12268 38.8406 6
      vertex 9.24322 38.8227 6
    endloop
  endfacet
  facet normal 0 0 1
    outer loop
      vertex 9.28425 40.486 6
      vertex 9.1222 38.8407 6
      vertex 9.12268 38.8406 6
    endloop
  endfacet
  facet normal 0 0 1
    outer loop
      vertex 9.28425 40.486 6
      vertex 9.12171 38.8407 6
      vertex 9.1222 38.8407 6
    endloop
  endfacet
  facet normal 0 0 1
    outer loop
      vertex 9 40.5 6
      vertex 9.12171 38.8407 6
      vertex 9.28425 40.486 6
    endloop
  endfacet
  facet normal 0 0 1
    outer loop
      vertex 9 40.5 6
      vertex 9 38.8467 6
      vertex 9.12171 38.8407 6
    endloop
  endfacet
  facet normal 0 0 1
    outer loop
      vertex 9 40.5 6
      vertex 8.87829 38.8407 6
      vertex 9 38.8467 6
    endloop
  endfacet
  facet normal -0 0 1
    outer loop
      vertex 8.71575 40.486 6
      vertex 8.87829 38.8407 6
      vertex 9 40.5 6
    endloop
  endfacet
  facet normal 0 0 1
    outer loop
      vertex 8.87829 38.8407 6
      vertex 8.71575 40.486 6
      vertex 8.8778 38.8407 6
    endloop
  endfacet
  facet normal 0 0 1
    outer loop
      vertex 8.8778 38.8407 6
      vertex 8.71575 40.486 6
      vertex 8.87732 38.8406 6
    endloop
  endfacet
  facet normal 0 0 1
    outer loop
      vertex 8.87732 38.8406 6
      vertex 8.71575 40.486 6
      vertex 8.75678 38.8227 6
    endloop
  endfacet
  facet normal -0 0 1
    outer loop
      vertex 8.43424 40.4443 6
      vertex 8.75678 38.8227 6
      vertex 8.71575 40.486 6
    endloop
  endfacet
  facet normal 0 0 1
    outer loop
      vertex 8.75678 38.8227 6
      vertex 8.43424 40.4443 6
      vertex 8.75631 38.8226 6
    endloop
  endfacet
  facet normal 0 0 1
    outer loop
      vertex 8.75631 38.8226 6
      vertex 8.43424 40.4443 6
      vertex 8.63811 38.793 6
    endloop
  endfacet
  facet normal -0 0 1
    outer loop
      vertex 8.15817 40.3751 6
      vertex 8.63811 38.793 6
      vertex 8.43424 40.4443 6
    endloop
  endfacet
  facet normal 0 0 1
    outer loop
      vertex 8.63811 38.793 6
      vertex 8.15817 40.3751 6
      vertex 8.63765 38.7928 6
    endloop
  endfacet
  facet normal 0 0 1
    outer loop
      vertex 8.63765 38.7928 6
      vertex 8.15817 40.3751 6
      vertex 8.52291 38.7518 6
    endloop
  endfacet
  facet normal -0 0 1
    outer loop
      vertex 7.89022 40.2793 6
      vertex 8.52291 38.7518 6
      vertex 8.15817 40.3751 6
    endloop
  endfacet
  facet normal 0 0 1
    outer loop
      vertex 8.52291 38.7518 6
      vertex 7.89022 40.2793 6
      vertex 8.41276 38.6997 6
    endloop
  endfacet
  facet normal -0 0 1
    outer loop
      vertex 7.63295 40.1576 6
      vertex 8.41276 38.6997 6
      vertex 7.89022 40.2793 6
    endloop
  endfacet
  facet normal 0 0 1
    outer loop
      vertex 8.41276 38.6997 6
      vertex 7.63295 40.1576 6
      vertex 8.41231 38.6995 6
    endloop
  endfacet
  facet normal 0 0 1
    outer loop
      vertex 8.41231 38.6995 6
      vertex 7.63295 40.1576 6
      vertex 8.30779 38.6368 6
    endloop
  endfacet
  facet normal -0 0 1
    outer loop
      vertex 7.38885 40.0113 6
      vertex 8.30779 38.6368 6
      vertex 7.63295 40.1576 6
    endloop
  endfacet
  facet normal 0 0 1
    outer loop
      vertex 8.30779 38.6368 6
      vertex 7.38885 40.0113 6
      vertex 8.30738 38.6366 6
    endloop
  endfacet
  facet normal 0 0 1
    outer loop
      vertex 8.30738 38.6366 6
      vertex 7.38885 40.0113 6
      vertex 8.30698 38.6363 6
    endloop
  endfacet
  facet normal 0 0 1
    outer loop
      vertex 8.30698 38.6363 6
      vertex 7.38885 40.0113 6
      vertex 8.20911 38.5637 6
    endloop
  endfacet
  facet normal -0 0 1
    outer loop
      vertex 7.16026 39.8417 6
      vertex 8.20911 38.5637 6
      vertex 7.38885 40.0113 6
    endloop
  endfacet
  facet normal 0 0 1
    outer loop
      vertex 8.20911 38.5637 6
      vertex 7.16026 39.8417 6
      vertex 8.11882 38.4819 6
    endloop
  endfacet
  facet normal -0 0 1
    outer loop
      vertex 6.94939 39.6506 6
      vertex 8.11882 38.4819 6
      vertex 7.16026 39.8417 6
    endloop
  endfacet
  facet normal 0 0 1
    outer loop
      vertex 8.11882 38.4819 6
      vertex 6.94939 39.6506 6
      vertex 8.11846 38.4815 6
    endloop
  endfacet
  facet normal 0 0 1
    outer loop
      vertex 8.11846 38.4815 6
      vertex 6.94939 39.6506 6
      vertex 8.03662 38.3913 6
    endloop
  endfacet
  facet normal -0 0 1
    outer loop
      vertex 6.75827 39.4397 6
      vertex 8.03662 38.3913 6
      vertex 6.94939 39.6506 6
    endloop
  endfacet
  facet normal 0 0 1
    outer loop
      vertex 8.03662 38.3913 6
      vertex 6.75827 39.4397 6
      vertex 8.0363 38.3909 6
    endloop
  endfacet
  facet normal 0 0 1
    outer loop
      vertex 8.0363 38.3909 6
      vertex 6.75827 39.4397 6
      vertex 8.03601 38.3905 6
    endloop
  endfacet
  facet normal 0 0 1
    outer loop
      vertex 8.03601 38.3905 6
      vertex 6.75827 39.4397 6
      vertex 7.96342 38.2926 6
    endloop
  endfacet
  facet normal -0 0 1
    outer loop
      vertex 6.58874 39.2112 6
      vertex 7.96342 38.2926 6
      vertex 6.75827 39.4397 6
    endloop
  endfacet
  facet normal 0 0 1
    outer loop
      vertex 7.96342 38.2926 6
      vertex 6.58874 39.2112 6
      vertex 7.96317 38.2922 6
    endloop
  endfacet
  facet normal 0 0 1
    outer loop
      vertex 7.96317 38.2922 6
      vertex 6.58874 39.2112 6
      vertex 7.90052 38.1877 6
    endloop
  endfacet
  facet normal -0 0 1
    outer loop
      vertex 6.44243 38.967 6
      vertex 7.90052 38.1877 6
      vertex 6.58874 39.2112 6
    endloop
  endfacet
  facet normal 0 0 1
    outer loop
      vertex 7.90052 38.1877 6
      vertex 6.44243 38.967 6
      vertex 7.84842 38.0775 6
    endloop
  endfacet
  facet normal 0 0 1
    outer loop
      vertex 6.11396 37.8843 6
      vertex 7.75334 37.6005 6
      vertex 7.75931 37.7222 6
    endloop
  endfacet
  facet normal 0 0 1
    outer loop
      vertex 7.84842 38.0775 6
      vertex 6.32075 38.7098 6
      vertex 7.84821 38.0771 6
    endloop
  endfacet
  facet normal -0 0 1
    outer loop
      vertex 6.32075 38.7098 6
      vertex 7.84842 38.0775 6
      vertex 6.44243 38.967 6
    endloop
  endfacet
  facet normal -0 0 1
    outer loop
      vertex 10.1518 37.1229 6
      vertex 11.6792 36.4902 6
      vertex 10.152 37.1234 6
    endloop
  endfacet
  facet normal -0 0 1
    outer loop
      vertex 10.1516 37.1225 6
      vertex 11.6792 36.4902 6
      vertex 10.1518 37.1229 6
    endloop
  endfacet
  facet normal 0 0 1
    outer loop
      vertex 11.6792 36.4902 6
      vertex 10.1516 37.1225 6
      vertex 11.5576 36.2329 6
    endloop
  endfacet
  facet normal -0 0 1
    outer loop
      vertex 10.0995 37.0123 6
      vertex 11.5576 36.2329 6
      vertex 10.1516 37.1225 6
    endloop
  endfacet
  facet normal 0 0 1
    outer loop
      vertex 11.5576 36.2329 6
      vertex 10.0995 37.0123 6
      vertex 11.4113 35.9888 6
    endloop
  endfacet
  facet normal -0 0 1
    outer loop
      vertex 10.0368 36.9078 6
      vertex 11.4113 35.9888 6
      vertex 10.0995 37.0123 6
    endloop
  endfacet
  facet normal -0 0 1
    outer loop
      vertex 10.0366 36.9074 6
      vertex 11.4113 35.9888 6
      vertex 10.0368 36.9078 6
    endloop
  endfacet
  facet normal 0 0 1
    outer loop
      vertex 11.4113 35.9888 6
      vertex 10.0366 36.9074 6
      vertex 11.2417 35.7603 6
    endloop
  endfacet
  facet normal -0 0 1
    outer loop
      vertex 9.96399 36.8095 6
      vertex 11.2417 35.7603 6
      vertex 10.0366 36.9074 6
    endloop
  endfacet
  facet normal -0 0 1
    outer loop
      vertex 9.9637 36.8091 6
      vertex 11.2417 35.7603 6
      vertex 9.96399 36.8095 6
    endloop
  endfacet
  facet normal 0 0 1
    outer loop
      vertex 11.2417 35.7603 6
      vertex 9.9637 36.8091 6
      vertex 11.0506 35.5494 6
    endloop
  endfacet
  facet normal -0 0 1
    outer loop
      vertex 9.88187 36.7188 6
      vertex 11.0506 35.5494 6
      vertex 9.9637 36.8091 6
    endloop
  endfacet
  facet normal -0 0 1
    outer loop
      vertex 9.88154 36.7185 6
      vertex 11.0506 35.5494 6
      vertex 9.88187 36.7188 6
    endloop
  endfacet
  facet normal -0 0 1
    outer loop
      vertex 9.88118 36.7181 6
      vertex 11.0506 35.5494 6
      vertex 9.88154 36.7185 6
    endloop
  endfacet
  facet normal 0 0 1
    outer loop
      vertex 11.0506 35.5494 6
      vertex 9.88118 36.7181 6
      vertex 10.8397 35.3583 6
    endloop
  endfacet
  facet normal -0 0 1
    outer loop
      vertex 9.79089 36.6363 6
      vertex 10.8397 35.3583 6
      vertex 9.88118 36.7181 6
    endloop
  endfacet
  facet normal 0 0 1
    outer loop
      vertex 10.8397 35.3583 6
      vertex 9.79089 36.6363 6
      vertex 10.6112 35.1887 6
    endloop
  endfacet
  facet normal -0 0 1
    outer loop
      vertex 9.69301 36.5637 6
      vertex 10.6112 35.1887 6
      vertex 9.79089 36.6363 6
    endloop
  endfacet
  facet normal -0 0 1
    outer loop
      vertex 9.69262 36.5634 6
      vertex 10.6112 35.1887 6
      vertex 9.69301 36.5637 6
    endloop
  endfacet
  facet normal -0 0 1
    outer loop
      vertex 9.69221 36.5632 6
      vertex 10.6112 35.1887 6
      vertex 9.69262 36.5634 6
    endloop
  endfacet
  facet normal 0 0 1
    outer loop
      vertex 10.6112 35.1887 6
      vertex 9.69221 36.5632 6
      vertex 10.3671 35.0424 6
    endloop
  endfacet
  facet normal -0 0 1
    outer loop
      vertex 9.58768 36.5005 6
      vertex 10.3671 35.0424 6
      vertex 9.69221 36.5632 6
    endloop
  endfacet
  facet normal -0 0 1
    outer loop
      vertex 9.58724 36.5003 6
      vertex 10.3671 35.0424 6
      vertex 9.58768 36.5005 6
    endloop
  endfacet
  facet normal 0 0 1
    outer loop
      vertex 10.3671 35.0424 6
      vertex 9.58724 36.5003 6
      vertex 10.1098 34.9207 6
    endloop
  endfacet
  facet normal -0 0 1
    outer loop
      vertex 9.47709 36.4482 6
      vertex 10.1098 34.9207 6
      vertex 9.58724 36.5003 6
    endloop
  endfacet
  facet normal 0 0 1
    outer loop
      vertex 10.1098 34.9207 6
      vertex 9.47709 36.4482 6
      vertex 9.84183 34.8249 6
    endloop
  endfacet
  facet normal -0 0 1
    outer loop
      vertex 9.36235 36.4072 6
      vertex 9.84183 34.8249 6
      vertex 9.47709 36.4482 6
    endloop
  endfacet
  facet normal -0 0 1
    outer loop
      vertex 9.36189 36.407 6
      vertex 9.84183 34.8249 6
      vertex 9.36235 36.4072 6
    endloop
  endfacet
  facet normal -0 0 1
    outer loop
      vertex 9.36142 36.4069 6
      vertex 9.84183 34.8249 6
      vertex 9.36189 36.407 6
    endloop
  endfacet
  facet normal 0 0 1
    outer loop
      vertex 9.84183 34.8249 6
      vertex 9.36142 36.4069 6
      vertex 9.56576 34.7557 6
    endloop
  endfacet
  facet normal -0 0 1
    outer loop
      vertex 9.24322 36.3773 6
      vertex 9.56576 34.7557 6
      vertex 9.36142 36.4069 6
    endloop
  endfacet
  facet normal -0 0 1
    outer loop
      vertex 9.24273 36.3772 6
      vertex 9.56576 34.7557 6
      vertex 9.24322 36.3773 6
    endloop
  endfacet
  facet normal 0 0 1
    outer loop
      vertex 9.56576 34.7557 6
      vertex 9.24273 36.3772 6
      vertex 9.28425 34.714 6
    endloop
  endfacet
  facet normal -0 0 1
    outer loop
      vertex 9.1222 36.3593 6
      vertex 9.28425 34.714 6
      vertex 9.24273 36.3772 6
    endloop
  endfacet
  facet normal -0 0 1
    outer loop
      vertex 9.00049 36.3533 6
      vertex 9.28425 34.714 6
      vertex 9.1222 36.3593 6
    endloop
  endfacet
  facet normal 0 0 1
    outer loop
      vertex 9 34.7 6
      vertex 9.00049 36.3533 6
      vertex 9 36.3533 6
    endloop
  endfacet
  facet normal 0 0 1
    outer loop
      vertex 9.00049 36.3533 6
      vertex 9 34.7 6
      vertex 9.28425 34.714 6
    endloop
  endfacet
  facet normal -0 0 1
    outer loop
      vertex 8.99951 36.3533 6
      vertex 9 34.7 6
      vertex 9 36.3533 6
    endloop
  endfacet
  facet normal 0 0 1
    outer loop
      vertex 8.8778 36.3593 6
      vertex 9 34.7 6
      vertex 8.99951 36.3533 6
    endloop
  endfacet
  facet normal 0 0 1
    outer loop
      vertex 8.71575 34.714 6
      vertex 8.8778 36.3593 6
      vertex 8.75727 36.3772 6
    endloop
  endfacet
  facet normal 0 0 1
    outer loop
      vertex 8.43424 34.7557 6
      vertex 8.75727 36.3772 6
      vertex 8.75678 36.3773 6
    endloop
  endfacet
  facet normal 0 0 1
    outer loop
      vertex 8.8778 36.3593 6
      vertex 8.71575 34.714 6
      vertex 9 34.7 6
    endloop
  endfacet
  facet normal 0 0 1
    outer loop
      vertex 8.43424 34.7557 6
      vertex 8.75678 36.3773 6
      vertex 8.63858 36.4069 6
    endloop
  endfacet
  facet normal 0 0 1
    outer loop
      vertex 8.15817 34.8249 6
      vertex 8.63858 36.4069 6
      vertex 8.63811 36.407 6
    endloop
  endfacet
  facet normal 0 0 1
    outer loop
      vertex 8.15817 34.8249 6
      vertex 8.63811 36.407 6
      vertex 8.63765 36.4072 6
    endloop
  endfacet
  facet normal 0 0 1
    outer loop
      vertex 8.15817 34.8249 6
      vertex 8.63765 36.4072 6
      vertex 8.52291 36.4482 6
    endloop
  endfacet
  facet normal 0 0 1
    outer loop
      vertex 8.75727 36.3772 6
      vertex 8.43424 34.7557 6
      vertex 8.71575 34.714 6
    endloop
  endfacet
  facet normal 0 0 1
    outer loop
      vertex 7.89022 34.9207 6
      vertex 8.52291 36.4482 6
      vertex 8.41276 36.5003 6
    endloop
  endfacet
  facet normal 0 0 1
    outer loop
      vertex 7.63295 35.0424 6
      vertex 8.41276 36.5003 6
      vertex 8.41231 36.5005 6
    endloop
  endfacet
  facet normal 0 0 1
    outer loop
      vertex 7.63295 35.0424 6
      vertex 8.41231 36.5005 6
      vertex 8.30779 36.5632 6
    endloop
  endfacet
  facet normal 0 0 1
    outer loop
      vertex 7.38885 35.1887 6
      vertex 8.30779 36.5632 6
      vertex 8.30738 36.5634 6
    endloop
  endfacet
  facet normal 0 0 1
    outer loop
      vertex 7.38885 35.1887 6
      vertex 8.30738 36.5634 6
      vertex 8.30698 36.5637 6
    endloop
  endfacet
  facet normal 0 0 1
    outer loop
      vertex 7.38885 35.1887 6
      vertex 8.30698 36.5637 6
      vertex 8.20911 36.6363 6
    endloop
  endfacet
  facet normal 0 0 1
    outer loop
      vertex 8.63858 36.4069 6
      vertex 8.15817 34.8249 6
      vertex 8.43424 34.7557 6
    endloop
  endfacet
  facet normal 0 0 1
    outer loop
      vertex 7.16026 35.3583 6
      vertex 8.20911 36.6363 6
      vertex 8.11882 36.7181 6
    endloop
  endfacet
  facet normal 0 0 1
    outer loop
      vertex 6.94939 35.5494 6
      vertex 8.11882 36.7181 6
      vertex 8.11846 36.7185 6
    endloop
  endfacet
  facet normal 0 0 1
    outer loop
      vertex 6.94939 35.5494 6
      vertex 8.11846 36.7185 6
      vertex 8.11813 36.7188 6
    endloop
  endfacet
  facet normal 0 0 1
    outer loop
      vertex 6.94939 35.5494 6
      vertex 8.11813 36.7188 6
      vertex 8.0363 36.8091 6
    endloop
  endfacet
  facet normal 0 0 1
    outer loop
      vertex 6.75827 35.7603 6
      vertex 8.0363 36.8091 6
      vertex 8.03601 36.8095 6
    endloop
  endfacet
  facet normal 0 0 1
    outer loop
      vertex 6.75827 35.7603 6
      vertex 8.03601 36.8095 6
      vertex 7.96342 36.9074 6
    endloop
  endfacet
  facet normal 0 0 1
    outer loop
      vertex 6.58874 35.9888 6
      vertex 7.96342 36.9074 6
      vertex 7.96317 36.9078 6
    endloop
  endfacet
  facet normal 0 0 1
    outer loop
      vertex 6.58874 35.9888 6
      vertex 7.96317 36.9078 6
      vertex 7.90052 37.0123 6
    endloop
  endfacet
  facet normal 0 0 1
    outer loop
      vertex 8.52291 36.4482 6
      vertex 7.89022 34.9207 6
      vertex 8.15817 34.8249 6
    endloop
  endfacet
  facet normal 0 0 1
    outer loop
      vertex 6.44243 36.2329 6
      vertex 7.90052 37.0123 6
      vertex 7.84842 37.1225 6
    endloop
  endfacet
  facet normal 0 0 1
    outer loop
      vertex 6.32075 36.4902 6
      vertex 7.84842 37.1225 6
      vertex 7.84821 37.1229 6
    endloop
  endfacet
  facet normal 0 0 1
    outer loop
      vertex 6.32075 36.4902 6
      vertex 7.84821 37.1229 6
      vertex 7.84804 37.1234 6
    endloop
  endfacet
  facet normal 0 0 1
    outer loop
      vertex 6.32075 36.4902 6
      vertex 7.84804 37.1234 6
      vertex 7.80699 37.2381 6
    endloop
  endfacet
  facet normal 0 0 1
    outer loop
      vertex 6.22487 36.7582 6
      vertex 7.80699 37.2381 6
      vertex 7.77738 37.3563 6
    endloop
  endfacet
  facet normal 0 0 1
    outer loop
      vertex 6.15572 37.0342 6
      vertex 7.77738 37.3563 6
      vertex 7.77727 37.3568 6
    endloop
  endfacet
  facet normal 0 0 1
    outer loop
      vertex 6.15572 37.0342 6
      vertex 7.77727 37.3568 6
      vertex 7.77719 37.3573 6
    endloop
  endfacet
  facet normal 0 0 1
    outer loop
      vertex 6.15572 37.0342 6
      vertex 7.77719 37.3573 6
      vertex 7.75931 37.4778 6
    endloop
  endfacet
  facet normal -0 0 1
    outer loop
      vertex 6.1 37.6 6
      vertex 7.75334 37.5995 6
      vertex 7.75331 37.6 6
    endloop
  endfacet
  facet normal 0 0 1
    outer loop
      vertex 8.41276 36.5003 6
      vertex 7.63295 35.0424 6
      vertex 7.89022 34.9207 6
    endloop
  endfacet
  facet normal 0 0 1
    outer loop
      vertex 7.75334 37.5995 6
      vertex 6.11396 37.3158 6
      vertex 7.75931 37.4778 6
    endloop
  endfacet
  facet normal 0 0 1
    outer loop
      vertex 7.84821 38.0771 6
      vertex 6.32075 38.7098 6
      vertex 7.80716 37.9624 6
    endloop
  endfacet
  facet normal -0 0 1
    outer loop
      vertex 6.22487 38.4418 6
      vertex 7.80716 37.9624 6
      vertex 6.32075 38.7098 6
    endloop
  endfacet
  facet normal 0 0 1
    outer loop
      vertex 8.30779 36.5632 6
      vertex 7.38885 35.1887 6
      vertex 7.63295 35.0424 6
    endloop
  endfacet
  facet normal 0 0 1
    outer loop
      vertex 7.80716 37.9624 6
      vertex 6.22487 38.4418 6
      vertex 7.80699 37.9619 6
    endloop
  endfacet
  facet normal 0 0 1
    outer loop
      vertex 8.20911 36.6363 6
      vertex 7.16026 35.3583 6
      vertex 7.38885 35.1887 6
    endloop
  endfacet
  facet normal 0 0 1
    outer loop
      vertex 7.80699 37.9619 6
      vertex 6.22487 38.4418 6
      vertex 7.77738 37.8437 6
    endloop
  endfacet
  facet normal 0 0 1
    outer loop
      vertex 8.11882 36.7181 6
      vertex 6.94939 35.5494 6
      vertex 7.16026 35.3583 6
    endloop
  endfacet
  facet normal -0 0 1
    outer loop
      vertex 6.15572 38.1658 6
      vertex 7.77738 37.8437 6
      vertex 6.22487 38.4418 6
    endloop
  endfacet
  facet normal 0 0 1
    outer loop
      vertex 8.0363 36.8091 6
      vertex 6.75827 35.7603 6
      vertex 6.94939 35.5494 6
    endloop
  endfacet
  facet normal 0 0 1
    outer loop
      vertex 7.77738 37.8437 6
      vertex 6.15572 38.1658 6
      vertex 7.77727 37.8432 6
    endloop
  endfacet
  facet normal 0 0 1
    outer loop
      vertex 7.96342 36.9074 6
      vertex 6.58874 35.9888 6
      vertex 6.75827 35.7603 6
    endloop
  endfacet
  facet normal 0 0 1
    outer loop
      vertex 7.77727 37.8432 6
      vertex 6.15572 38.1658 6
      vertex 7.77719 37.8427 6
    endloop
  endfacet
  facet normal 0 0 1
    outer loop
      vertex 7.90052 37.0123 6
      vertex 6.44243 36.2329 6
      vertex 6.58874 35.9888 6
    endloop
  endfacet
  facet normal 0 0 1
    outer loop
      vertex 7.77719 37.8427 6
      vertex 6.15572 38.1658 6
      vertex 7.75931 37.7222 6
    endloop
  endfacet
  facet normal 0 0 1
    outer loop
      vertex 7.84842 37.1225 6
      vertex 6.32075 36.4902 6
      vertex 6.44243 36.2329 6
    endloop
  endfacet
  facet normal -0 0 1
    outer loop
      vertex 6.11396 37.8843 6
      vertex 7.75931 37.7222 6
      vertex 6.15572 38.1658 6
    endloop
  endfacet
  facet normal 0 0 1
    outer loop
      vertex 7.80699 37.2381 6
      vertex 6.22487 36.7582 6
      vertex 6.32075 36.4902 6
    endloop
  endfacet
  facet normal 0 0 1
    outer loop
      vertex 6.1 37.6 6
      vertex 7.75334 37.6005 6
      vertex 6.11396 37.8843 6
    endloop
  endfacet
  facet normal 0 0 1
    outer loop
      vertex 7.77738 37.3563 6
      vertex 6.15572 37.0342 6
      vertex 6.22487 36.7582 6
    endloop
  endfacet
  facet normal 0 0 1
    outer loop
      vertex 7.75334 37.6005 6
      vertex 6.1 37.6 6
      vertex 7.75331 37.6 6
    endloop
  endfacet
  facet normal 0 0 1
    outer loop
      vertex 7.75931 37.4778 6
      vertex 6.11396 37.3158 6
      vertex 6.15572 37.0342 6
    endloop
  endfacet
  facet normal 0 0 1
    outer loop
      vertex 7.75334 37.5995 6
      vertex 6.1 37.6 6
      vertex 6.11396 37.3158 6
    endloop
  endfacet
  facet normal -0.989182 -0.146691 0
    outer loop
      vertex 6.15572 37.0342 2
      vertex 6.11396 37.3158 6
      vertex 6.11396 37.3158 2
    endloop
  endfacet
  facet normal -0.989182 -0.146691 0
    outer loop
      vertex 6.11396 37.3158 6
      vertex 6.15572 37.0342 2
      vertex 6.15572 37.0342 6
    endloop
  endfacet
  facet normal -0.998797 0.049044 0
    outer loop
      vertex 6.1 37.6 2
      vertex 6.11396 37.8843 6
      vertex 6.11396 37.8843 2
    endloop
  endfacet
  facet normal -0.998797 0.049044 0
    outer loop
      vertex 6.11396 37.8843 6
      vertex 6.1 37.6 2
      vertex 6.1 37.6 6
    endloop
  endfacet
  facet normal 0.989213 -0.146485 0
    outer loop
      vertex 11.8443 37.0342 6
      vertex 11.886 37.3158 2
      vertex 11.886 37.3158 6
    endloop
  endfacet
  facet normal 0.989213 -0.146485 0
    outer loop
      vertex 11.886 37.3158 2
      vertex 11.8443 37.0342 6
      vertex 11.8443 37.0342 2
    endloop
  endfacet
  facet normal 0.904053 0.427421 0
    outer loop
      vertex 11.6792 38.7098 6
      vertex 11.5576 38.967 2
      vertex 11.5576 38.967 6
    endloop
  endfacet
  facet normal 0.904053 0.427421 0
    outer loop
      vertex 11.5576 38.967 2
      vertex 11.6792 38.7098 6
      vertex 11.6792 38.7098 2
    endloop
  endfacet
  facet normal 0.0491928 0.998789 -0
    outer loop
      vertex 9.28425 40.486 2
      vertex 9 40.5 6
      vertex 9.28425 40.486 6
    endloop
  endfacet
  facet normal 0.0491928 0.998789 0
    outer loop
      vertex 9 40.5 6
      vertex 9.28425 40.486 2
      vertex 9 40.5 2
    endloop
  endfacet
  facet normal 0.596 0.802984 -0
    outer loop
      vertex 10.8397 39.8417 2
      vertex 10.6112 40.0113 6
      vertex 10.8397 39.8417 6
    endloop
  endfacet
  facet normal 0.596 0.802984 0
    outer loop
      vertex 10.6112 40.0113 6
      vertex 10.8397 39.8417 2
      vertex 10.6112 40.0113 2
    endloop
  endfacet
  facet normal 0.99879 0.0491842 0
    outer loop
      vertex 11.9 37.6 6
      vertex 11.886 37.8843 2
      vertex 11.886 37.8843 6
    endloop
  endfacet
  facet normal 0.99879 0.0491842 0
    outer loop
      vertex 11.886 37.8843 2
      vertex 11.9 37.6 6
      vertex 11.9 37.6 2
    endloop
  endfacet
  facet normal 0.336637 -0.941635 0
    outer loop
      vertex 9.84183 34.8249 2
      vertex 10.1098 34.9207 6
      vertex 9.84183 34.8249 6
    endloop
  endfacet
  facet normal 0.336637 -0.941635 0
    outer loop
      vertex 10.1098 34.9207 6
      vertex 9.84183 34.8249 2
      vertex 10.1098 34.9207 2
    endloop
  endfacet
  facet normal -0.146531 0.989206 0
    outer loop
      vertex 8.71575 40.486 2
      vertex 8.43424 40.4443 6
      vertex 8.71575 40.486 6
    endloop
  endfacet
  facet normal -0.146531 0.989206 0
    outer loop
      vertex 8.43424 40.4443 6
      vertex 8.71575 40.486 2
      vertex 8.43424 40.4443 2
    endloop
  endfacet
  facet normal 0.998789 -0.0492014 0
    outer loop
      vertex 11.886 37.3158 6
      vertex 11.9 37.6 2
      vertex 11.9 37.6 6
    endloop
  endfacet
  facet normal 0.998789 -0.0492014 0
    outer loop
      vertex 11.9 37.6 2
      vertex 11.886 37.3158 6
      vertex 11.886 37.3158 2
    endloop
  endfacet
  facet normal 0.427573 0.903981 -0
    outer loop
      vertex 10.3671 40.1576 2
      vertex 10.1098 40.2793 6
      vertex 10.3671 40.1576 6
    endloop
  endfacet
  facet normal 0.427573 0.903981 0
    outer loop
      vertex 10.1098 40.2793 6
      vertex 10.3671 40.1576 2
      vertex 10.1098 40.2793 2
    endloop
  endfacet
  facet normal -0.595849 0.803096 0
    outer loop
      vertex 7.38885 40.0113 2
      vertex 7.16026 39.8417 6
      vertex 7.38885 40.0113 6
    endloop
  endfacet
  facet normal -0.595849 0.803096 0
    outer loop
      vertex 7.16026 39.8417 6
      vertex 7.38885 40.0113 2
      vertex 7.16026 39.8417 2
    endloop
  endfacet
  facet normal 0.969977 0.243197 0
    outer loop
      vertex 11.8443 38.1658 6
      vertex 11.7751 38.4418 2
      vertex 11.7751 38.4418 6
    endloop
  endfacet
  facet normal 0.969977 0.243197 0
    outer loop
      vertex 11.7751 38.4418 2
      vertex 11.8443 38.1658 6
      vertex 11.8443 38.1658 2
    endloop
  endfacet
  facet normal 0.802984 0.596 0
    outer loop
      vertex 11.4113 39.2112 6
      vertex 11.2417 39.4397 2
      vertex 11.2417 39.4397 6
    endloop
  endfacet
  facet normal 0.802984 0.596 0
    outer loop
      vertex 11.2417 39.4397 2
      vertex 11.4113 39.2112 6
      vertex 11.4113 39.2112 2
    endloop
  endfacet
  facet normal 0.941535 -0.336915 0
    outer loop
      vertex 11.6792 36.4902 6
      vertex 11.7751 36.7582 2
      vertex 11.7751 36.7582 6
    endloop
  endfacet
  facet normal 0.941535 -0.336915 0
    outer loop
      vertex 11.7751 36.7582 2
      vertex 11.6792 36.4902 6
      vertex 11.6792 36.4902 2
    endloop
  endfacet
  facet normal 0.904117 -0.427286 0
    outer loop
      vertex 11.5576 36.2329 6
      vertex 11.6792 36.4902 2
      vertex 11.6792 36.4902 6
    endloop
  endfacet
  facet normal 0.904117 -0.427286 0
    outer loop
      vertex 11.6792 36.4902 2
      vertex 11.5576 36.2329 6
      vertex 11.5576 36.2329 2
    endloop
  endfacet
  facet normal -0.243139 0.969991 0
    outer loop
      vertex 8.43424 40.4443 2
      vertex 8.15817 40.3751 6
      vertex 8.43424 40.4443 6
    endloop
  endfacet
  facet normal -0.243139 0.969991 0
    outer loop
      vertex 8.15817 40.3751 6
      vertex 8.43424 40.4443 2
      vertex 8.15817 40.3751 2
    endloop
  endfacet
  facet normal -0.803102 -0.595842 0
    outer loop
      vertex 6.75827 35.7603 2
      vertex 6.58874 35.9888 6
      vertex 6.58874 35.9888 2
    endloop
  endfacet
  facet normal -0.803102 -0.595842 0
    outer loop
      vertex 6.58874 35.9888 6
      vertex 6.75827 35.7603 2
      vertex 6.75827 35.7603 6
    endloop
  endfacet
  facet normal -0.0491928 0.998789 0
    outer loop
      vertex 9 40.5 2
      vertex 8.71575 40.486 6
      vertex 9 40.5 6
    endloop
  endfacet
  facet normal -0.0491928 0.998789 0
    outer loop
      vertex 8.71575 40.486 6
      vertex 9 40.5 2
      vertex 8.71575 40.486 2
    endloop
  endfacet
  facet normal 0.427573 -0.903981 0
    outer loop
      vertex 10.1098 34.9207 2
      vertex 10.3671 35.0424 6
      vertex 10.1098 34.9207 6
    endloop
  endfacet
  facet normal 0.427573 -0.903981 0
    outer loop
      vertex 10.3671 35.0424 6
      vertex 10.1098 34.9207 2
      vertex 10.3671 35.0424 2
    endloop
  endfacet
  facet normal -0.970018 -0.243032 0
    outer loop
      vertex 6.22487 36.7582 2
      vertex 6.15572 37.0342 6
      vertex 6.15572 37.0342 2
    endloop
  endfacet
  facet normal -0.970018 -0.243032 0
    outer loop
      vertex 6.15572 37.0342 6
      vertex 6.22487 36.7582 2
      vertex 6.22487 36.7582 6
    endloop
  endfacet
  facet normal -0.857818 0.513953 0
    outer loop
      vertex 6.44243 38.967 2
      vertex 6.58874 39.2112 6
      vertex 6.58874 39.2112 2
    endloop
  endfacet
  facet normal -0.857818 0.513953 0
    outer loop
      vertex 6.58874 39.2112 6
      vertex 6.44243 38.967 2
      vertex 6.44243 38.967 6
    endloop
  endfacet
  facet normal -0.427614 -0.903962 0
    outer loop
      vertex 7.63295 35.0424 2
      vertex 7.89022 34.9207 6
      vertex 7.63295 35.0424 6
    endloop
  endfacet
  facet normal -0.427614 -0.903962 -0
    outer loop
      vertex 7.89022 34.9207 6
      vertex 7.63295 35.0424 2
      vertex 7.89022 34.9207 2
    endloop
  endfacet
  facet normal -0.803102 0.595842 0
    outer loop
      vertex 6.58874 39.2112 2
      vertex 6.75827 39.4397 6
      vertex 6.75827 39.4397 2
    endloop
  endfacet
  facet normal -0.803102 0.595842 0
    outer loop
      vertex 6.75827 39.4397 6
      vertex 6.58874 39.2112 2
      vertex 6.58874 39.2112 6
    endloop
  endfacet
  facet normal -0.741001 0.671504 0
    outer loop
      vertex 6.75827 39.4397 2
      vertex 6.94939 39.6506 6
      vertex 6.94939 39.6506 2
    endloop
  endfacet
  facet normal -0.741001 0.671504 0
    outer loop
      vertex 6.94939 39.6506 6
      vertex 6.75827 39.4397 2
      vertex 6.75827 39.4397 6
    endloop
  endfacet
  facet normal 0.146531 -0.989206 0
    outer loop
      vertex 9.28425 34.714 2
      vertex 9.56576 34.7557 6
      vertex 9.28425 34.714 6
    endloop
  endfacet
  facet normal 0.146531 -0.989206 0
    outer loop
      vertex 9.56576 34.7557 6
      vertex 9.28425 34.714 2
      vertex 9.56576 34.7557 2
    endloop
  endfacet
  facet normal -0.998796 -0.0490612 0
    outer loop
      vertex 6.11396 37.3158 2
      vertex 6.1 37.6 6
      vertex 6.1 37.6 2
    endloop
  endfacet
  facet normal -0.998796 -0.0490612 0
    outer loop
      vertex 6.1 37.6 6
      vertex 6.11396 37.3158 2
      vertex 6.11396 37.3158 6
    endloop
  endfacet
  facet normal 0.941535 0.336915 0
    outer loop
      vertex 11.7751 38.4418 6
      vertex 11.6792 38.7098 2
      vertex 11.6792 38.7098 6
    endloop
  endfacet
  facet normal 0.941535 0.336915 0
    outer loop
      vertex 11.6792 38.7098 2
      vertex 11.7751 38.4418 6
      vertex 11.7751 38.4418 2
    endloop
  endfacet
  facet normal 0.514082 0.857741 -0
    outer loop
      vertex 10.6112 40.0113 2
      vertex 10.3671 40.1576 6
      vertex 10.6112 40.0113 6
    endloop
  endfacet
  facet normal 0.514082 0.857741 0
    outer loop
      vertex 10.3671 40.1576 6
      vertex 10.6112 40.0113 2
      vertex 10.3671 40.1576 2
    endloop
  endfacet
  facet normal 0.671465 0.741036 -0
    outer loop
      vertex 11.0506 39.6506 2
      vertex 10.8397 39.8417 6
      vertex 11.0506 39.6506 6
    endloop
  endfacet
  facet normal 0.671465 0.741036 0
    outer loop
      vertex 10.8397 39.8417 6
      vertex 11.0506 39.6506 2
      vertex 10.8397 39.8417 2
    endloop
  endfacet
  facet normal -0.146531 -0.989206 0
    outer loop
      vertex 8.43424 34.7557 2
      vertex 8.71575 34.714 6
      vertex 8.43424 34.7557 6
    endloop
  endfacet
  facet normal -0.146531 -0.989206 -0
    outer loop
      vertex 8.71575 34.714 6
      vertex 8.43424 34.7557 2
      vertex 8.71575 34.714 2
    endloop
  endfacet
  facet normal -0.970018 0.243032 0
    outer loop
      vertex 6.15572 38.1658 2
      vertex 6.22487 38.4418 6
      vertex 6.22487 38.4418 2
    endloop
  endfacet
  facet normal -0.970018 0.243032 0
    outer loop
      vertex 6.22487 38.4418 6
      vertex 6.15572 38.1658 2
      vertex 6.15572 38.1658 6
    endloop
  endfacet
  facet normal -0.336659 0.941627 0
    outer loop
      vertex 8.15817 40.3751 2
      vertex 7.89022 40.2793 6
      vertex 8.15817 40.3751 6
    endloop
  endfacet
  facet normal -0.336659 0.941627 0
    outer loop
      vertex 7.89022 40.2793 6
      vertex 8.15817 40.3751 2
      vertex 7.89022 40.2793 2
    endloop
  endfacet
  facet normal 0.0491928 -0.998789 0
    outer loop
      vertex 9 34.7 2
      vertex 9.28425 34.714 6
      vertex 9 34.7 6
    endloop
  endfacet
  facet normal 0.0491928 -0.998789 0
    outer loop
      vertex 9.28425 34.714 6
      vertex 9 34.7 2
      vertex 9.28425 34.714 2
    endloop
  endfacet
  facet normal -0.243139 -0.969991 0
    outer loop
      vertex 8.15817 34.8249 2
      vertex 8.43424 34.7557 6
      vertex 8.15817 34.8249 6
    endloop
  endfacet
  facet normal -0.243139 -0.969991 -0
    outer loop
      vertex 8.43424 34.7557 6
      vertex 8.15817 34.8249 2
      vertex 8.43424 34.7557 2
    endloop
  endfacet
  facet normal 0.969977 -0.243197 0
    outer loop
      vertex 11.7751 36.7582 6
      vertex 11.8443 37.0342 2
      vertex 11.8443 37.0342 6
    endloop
  endfacet
  facet normal 0.969977 -0.243197 0
    outer loop
      vertex 11.8443 37.0342 2
      vertex 11.7751 36.7582 6
      vertex 11.7751 36.7582 2
    endloop
  endfacet
  facet normal 0.243139 0.969991 -0
    outer loop
      vertex 9.84183 40.3751 2
      vertex 9.56576 40.4443 6
      vertex 9.84183 40.3751 6
    endloop
  endfacet
  facet normal 0.243139 0.969991 0
    outer loop
      vertex 9.56576 40.4443 6
      vertex 9.84183 40.3751 2
      vertex 9.56576 40.4443 2
    endloop
  endfacet
  facet normal 0.514082 -0.857741 0
    outer loop
      vertex 10.3671 35.0424 2
      vertex 10.6112 35.1887 6
      vertex 10.3671 35.0424 6
    endloop
  endfacet
  facet normal 0.514082 -0.857741 0
    outer loop
      vertex 10.6112 35.1887 6
      vertex 10.3671 35.0424 2
      vertex 10.6112 35.1887 2
    endloop
  endfacet
  facet normal 0.741036 0.671465 0
    outer loop
      vertex 11.2417 39.4397 6
      vertex 11.0506 39.6506 2
      vertex 11.0506 39.6506 6
    endloop
  endfacet
  facet normal 0.741036 0.671465 0
    outer loop
      vertex 11.0506 39.6506 2
      vertex 11.2417 39.4397 6
      vertex 11.2417 39.4397 2
    endloop
  endfacet
  facet normal 0.741036 -0.671465 0
    outer loop
      vertex 11.0506 35.5494 6
      vertex 11.2417 35.7603 2
      vertex 11.2417 35.7603 6
    endloop
  endfacet
  facet normal 0.741036 -0.671465 0
    outer loop
      vertex 11.2417 35.7603 2
      vertex 11.0506 35.5494 6
      vertex 11.0506 35.5494 2
    endloop
  endfacet
  facet normal 0.146531 0.989206 -0
    outer loop
      vertex 9.56576 40.4443 2
      vertex 9.28425 40.486 6
      vertex 9.56576 40.4443 6
    endloop
  endfacet
  facet normal 0.146531 0.989206 0
    outer loop
      vertex 9.28425 40.486 6
      vertex 9.56576 40.4443 2
      vertex 9.28425 40.486 2
    endloop
  endfacet
  facet normal -0.514082 -0.857741 0
    outer loop
      vertex 7.38885 35.1887 2
      vertex 7.63295 35.0424 6
      vertex 7.38885 35.1887 6
    endloop
  endfacet
  facet normal -0.514082 -0.857741 -0
    outer loop
      vertex 7.63295 35.0424 6
      vertex 7.38885 35.1887 2
      vertex 7.63295 35.0424 2
    endloop
  endfacet
  facet normal 0.802984 -0.596 0
    outer loop
      vertex 11.2417 35.7603 6
      vertex 11.4113 35.9888 2
      vertex 11.4113 35.9888 6
    endloop
  endfacet
  facet normal 0.802984 -0.596 0
    outer loop
      vertex 11.4113 35.9888 2
      vertex 11.2417 35.7603 6
      vertex 11.2417 35.7603 2
    endloop
  endfacet
  facet normal -0.941557 -0.336853 0
    outer loop
      vertex 6.32075 36.4902 2
      vertex 6.22487 36.7582 6
      vertex 6.22487 36.7582 2
    endloop
  endfacet
  facet normal -0.941557 -0.336853 0
    outer loop
      vertex 6.22487 36.7582 6
      vertex 6.32075 36.4902 2
      vertex 6.32075 36.4902 6
    endloop
  endfacet
  facet normal -0.514082 0.857741 0
    outer loop
      vertex 7.63295 40.1576 2
      vertex 7.38885 40.0113 6
      vertex 7.63295 40.1576 6
    endloop
  endfacet
  facet normal -0.514082 0.857741 0
    outer loop
      vertex 7.38885 40.0113 6
      vertex 7.63295 40.1576 2
      vertex 7.38885 40.0113 2
    endloop
  endfacet
  facet normal -0.336659 -0.941627 0
    outer loop
      vertex 7.89022 34.9207 2
      vertex 8.15817 34.8249 6
      vertex 7.89022 34.9207 6
    endloop
  endfacet
  facet normal -0.336659 -0.941627 -0
    outer loop
      vertex 8.15817 34.8249 6
      vertex 7.89022 34.9207 2
      vertex 8.15817 34.8249 2
    endloop
  endfacet
  facet normal -0.595849 -0.803096 0
    outer loop
      vertex 7.16026 35.3583 2
      vertex 7.38885 35.1887 6
      vertex 7.16026 35.3583 6
    endloop
  endfacet
  facet normal -0.595849 -0.803096 -0
    outer loop
      vertex 7.38885 35.1887 6
      vertex 7.16026 35.3583 2
      vertex 7.38885 35.1887 2
    endloop
  endfacet
  facet normal -0.427614 0.903962 0
    outer loop
      vertex 7.89022 40.2793 2
      vertex 7.63295 40.1576 6
      vertex 7.89022 40.2793 6
    endloop
  endfacet
  facet normal -0.427614 0.903962 0
    outer loop
      vertex 7.63295 40.1576 6
      vertex 7.89022 40.2793 2
      vertex 7.63295 40.1576 2
    endloop
  endfacet
  facet normal -0.989175 0.146742 0
    outer loop
      vertex 6.11396 37.8843 2
      vertex 6.15572 38.1658 6
      vertex 6.15572 38.1658 2
    endloop
  endfacet
  facet normal -0.989175 0.146742 0
    outer loop
      vertex 6.15572 38.1658 6
      vertex 6.11396 37.8843 2
      vertex 6.11396 37.8843 6
    endloop
  endfacet
  facet normal 0.336637 0.941635 -0
    outer loop
      vertex 10.1098 40.2793 2
      vertex 9.84183 40.3751 6
      vertex 10.1098 40.2793 6
    endloop
  endfacet
  facet normal 0.336637 0.941635 0
    outer loop
      vertex 9.84183 40.3751 6
      vertex 10.1098 40.2793 2
      vertex 9.84183 40.3751 2
    endloop
  endfacet
  facet normal 0.596 -0.802984 0
    outer loop
      vertex 10.6112 35.1887 2
      vertex 10.8397 35.3583 6
      vertex 10.6112 35.1887 6
    endloop
  endfacet
  facet normal 0.596 -0.802984 0
    outer loop
      vertex 10.8397 35.3583 6
      vertex 10.6112 35.1887 2
      vertex 10.8397 35.3583 2
    endloop
  endfacet
  facet normal 0.671465 -0.741036 0
    outer loop
      vertex 10.8397 35.3583 2
      vertex 11.0506 35.5494 6
      vertex 10.8397 35.3583 6
    endloop
  endfacet
  facet normal 0.671465 -0.741036 0
    outer loop
      vertex 11.0506 35.5494 6
      vertex 10.8397 35.3583 2
      vertex 11.0506 35.5494 2
    endloop
  endfacet
  facet normal -0.904008 -0.427515 0
    outer loop
      vertex 6.44243 36.2329 2
      vertex 6.32075 36.4902 6
      vertex 6.32075 36.4902 2
    endloop
  endfacet
  facet normal -0.904008 -0.427515 0
    outer loop
      vertex 6.32075 36.4902 6
      vertex 6.44243 36.2329 2
      vertex 6.44243 36.2329 6
    endloop
  endfacet
  facet normal -0.0491928 -0.998789 0
    outer loop
      vertex 8.71575 34.714 2
      vertex 9 34.7 6
      vertex 8.71575 34.714 6
    endloop
  endfacet
  facet normal -0.0491928 -0.998789 -0
    outer loop
      vertex 9 34.7 6
      vertex 8.71575 34.714 2
      vertex 9 34.7 2
    endloop
  endfacet
  facet normal 0.331984 0.929069 0.163151
    outer loop
      vertex 9.36189 10.193 6
      vertex 9.21771 9.7177 9
      vertex 9.47663 10.152 6
    endloop
  endfacet
  facet normal 0.421815 -0.891883 0.163149
    outer loop
      vertex 9.47709 7.84821 6
      vertex 9.35355 8.33856 9
      vertex 9.28701 8.30709 9
    endloop
  endfacet
  facet normal 0.424966 -0.890406 0.163037
    outer loop
      vertex 9.35355 8.33856 9
      vertex 9.47709 7.84821 6
      vertex 9.47753 7.84842 6
    endloop
  endfacet
  facet normal 0.985412 0.0483926 0.163159
    outer loop
      vertex 9.75 9 9
      vertex 10.2467 9.00049 6
      vertex 9.74639 9.07351 9
    endloop
  endfacet
  facet normal 0.986569 0 0.163343
    outer loop
      vertex 10.2467 9.00049 6
      vertex 9.75 9 9
      vertex 10.2467 9 6
    endloop
  endfacet
  facet normal 0.985404 0.048578 0.163153
    outer loop
      vertex 10.2407 9.1222 6
      vertex 9.74639 9.07351 9
      vertex 10.2467 9.00049 6
    endloop
  endfacet
  facet normal 0.601599 0.782079 0.162577
    outer loop
      vertex 9.69262 10.0366 6
      vertex 9.47579 9.57976 9
      vertex 9.69301 10.0363 6
    endloop
  endfacet
  facet normal 0.587727 0.792439 0.163151
    outer loop
      vertex 9.47579 9.57976 9
      vertex 9.69262 10.0366 6
      vertex 9.41668 9.6236 9
    endloop
  endfacet
  facet normal 0.0602924 -0.984775 0.163043
    outer loop
      vertex 9.00049 7.75334 6
      vertex 9 8.25 9
      vertex 9 7.75331 6
    endloop
  endfacet
  facet normal 0.0483927 -0.985414 0.163147
    outer loop
      vertex 9 8.25 9
      vertex 9.00049 7.75334 6
      vertex 9.07351 8.25361 9
    endloop
  endfacet
  facet normal 0.929069 0.331984 0.163151
    outer loop
      vertex 10.152 9.47663 6
      vertex 9.7177 9.21771 9
      vertex 10.193 9.36189 6
    endloop
  endfacet
  facet normal -0.144931 0.975898 0.163151
    outer loop
      vertex 8.8778 10.2407 6
      vertex 8.75727 10.2228 6
      vertex 8.92649 9.74639 9
    endloop
  endfacet
  facet normal -0.792428 -0.587742 0.163146
    outer loop
      vertex 8.42024 8.5242 9
      vertex 7.96371 8.30698 6
      vertex 8.0363 8.20911 6
    endloop
  endfacet
  facet normal -0.507531 0.846046 0.163151
    outer loop
      vertex 8.41231 10.0995 6
      vertex 8.30779 10.0368 6
      vertex 8.64645 9.66144 9
    endloop
  endfacet
  facet normal -0.0483357 -0.985417 0.163148
    outer loop
      vertex 8.92649 8.25361 9
      vertex 8.8778 7.75931 6
      vertex 8.99951 7.75334 6
    endloop
  endfacet
  facet normal -0.507228 0.84623 0.16314
    outer loop
      vertex 8.30779 10.0368 6
      vertex 8.58332 9.6236 9
      vertex 8.64645 9.66144 9
    endloop
  endfacet
  facet normal -0.43264 0.886912 0.161892
    outer loop
      vertex 8.58332 9.6236 9
      vertex 8.30779 10.0368 6
      vertex 8.30738 10.0366 6
    endloop
  endfacet
  facet normal 0.792486 -0.587662 0.163152
    outer loop
      vertex 9.57976 8.5242 9
      vertex 10.0366 8.30738 6
      vertex 9.6236 8.58332 9
    endloop
  endfacet
  facet normal 0.789304 -0.591978 0.162979
    outer loop
      vertex 10.0366 8.30738 6
      vertex 9.57976 8.5242 9
      vertex 10.0363 8.30698 6
    endloop
  endfacet
  facet normal 0.421846 -0.891868 0.163147
    outer loop
      vertex 9.58768 7.90052 6
      vertex 9.35355 8.33856 9
      vertex 9.47753 7.84842 6
    endloop
  endfacet
  facet normal 0.929069 -0.331984 0.163151
    outer loop
      vertex 10.193 8.63811 6
      vertex 9.7177 8.78229 9
      vertex 10.152 8.52337 6
    endloop
  endfacet
  facet normal 0.43264 0.886912 0.161892
    outer loop
      vertex 9.69221 10.0368 6
      vertex 9.41668 9.6236 9
      vertex 9.69262 10.0366 6
    endloop
  endfacet
  facet normal 0.507228 0.84623 0.16314
    outer loop
      vertex 9.41668 9.6236 9
      vertex 9.69221 10.0368 6
      vertex 9.35355 9.66144 9
    endloop
  endfacet
  facet normal 0.0483357 -0.985417 0.163148
    outer loop
      vertex 9.07351 8.25361 9
      vertex 9.00049 7.75334 6
      vertex 9.1222 7.75931 6
    endloop
  endfacet
  facet normal -0.048578 0.985404 0.163153
    outer loop
      vertex 8.99951 10.2467 6
      vertex 8.8778 10.2407 6
      vertex 8.92649 9.74639 9
    endloop
  endfacet
  facet normal 0.587704 -0.792457 0.163147
    outer loop
      vertex 9.79089 8.0363 6
      vertex 9.47579 8.42024 9
      vertex 9.69301 7.96371 6
    endloop
  endfacet
  facet normal 0.846046 -0.507531 0.163151
    outer loop
      vertex 10.0995 8.41231 6
      vertex 9.66144 8.64645 9
      vertex 10.0368 8.30779 6
    endloop
  endfacet
  facet normal 0.886912 0.43264 0.161892
    outer loop
      vertex 9.6236 9.41668 9
      vertex 10.0368 9.69221 6
      vertex 10.0366 9.69262 6
    endloop
  endfacet
  facet normal 0.84623 0.507228 0.16314
    outer loop
      vertex 10.0368 9.69221 6
      vertex 9.6236 9.41668 9
      vertex 9.66144 9.35355 9
    endloop
  endfacet
  facet normal 0.666666 0.727273 0.163188
    outer loop
      vertex 9.88118 9.88187 6
      vertex 9.53033 9.53033 9
      vertex 9.88154 9.88154 6
    endloop
  endfacet
  facet normal 0.662545 0.731038 0.163148
    outer loop
      vertex 9.53033 9.53033 9
      vertex 9.88118 9.88187 6
      vertex 9.47579 9.57976 9
    endloop
  endfacet
  facet normal -0.928941 0.332343 0.163148
    outer loop
      vertex 7.84804 9.47663 6
      vertex 7.80699 9.36189 6
      vertex 8.28229 9.21771 9
    endloop
  endfacet
  facet normal -0.975922 -0.144773 0.163149
    outer loop
      vertex 8.25361 8.92649 9
      vertex 7.75931 8.8778 6
      vertex 7.77719 8.75727 6
    endloop
  endfacet
  facet normal -0.144773 -0.975922 0.163149
    outer loop
      vertex 8.92649 8.25361 9
      vertex 8.75727 7.77719 6
      vertex 8.8778 7.75931 6
    endloop
  endfacet
  facet normal 0.957049 0.239667 0.163147
    outer loop
      vertex 10.193 9.36189 6
      vertex 9.7177 9.21771 9
      vertex 10.2226 9.24369 6
    endloop
  endfacet
  facet normal -0.239667 0.957049 0.163147
    outer loop
      vertex 8.75631 10.2226 6
      vertex 8.63811 10.193 6
      vertex 8.78229 9.7177 9
    endloop
  endfacet
  facet normal -0 0.986569 0.163343
    outer loop
      vertex 8.99951 10.2467 6
      vertex 9 9.75 9
      vertex 9 10.2467 6
    endloop
  endfacet
  facet normal -0.0483926 0.985412 0.163159
    outer loop
      vertex 9 9.75 9
      vertex 8.99951 10.2467 6
      vertex 8.92649 9.74639 9
    endloop
  endfacet
  facet normal 0.73104 0.662543 0.163148
    outer loop
      vertex 9.88187 9.88118 6
      vertex 9.57976 9.47579 9
      vertex 9.9637 9.79089 6
    endloop
  endfacet
  facet normal 0.846068 0.507495 0.163149
    outer loop
      vertex 10.0368 9.69221 6
      vertex 9.66144 9.35355 9
      vertex 10.0995 9.58768 6
    endloop
  endfacet
  facet normal 0.14476 -0.975924 0.163149
    outer loop
      vertex 9.24273 7.77719 6
      vertex 9.14632 8.26441 9
      vertex 9.07351 8.25361 9
    endloop
  endfacet
  facet normal 0.15897 -0.973694 0.163243
    outer loop
      vertex 9.14632 8.26441 9
      vertex 9.24273 7.77719 6
      vertex 9.24322 7.77727 6
    endloop
  endfacet
  facet normal 0.792418 0.587756 0.163148
    outer loop
      vertex 9.9637 9.79089 6
      vertex 9.57976 9.47579 9
      vertex 10.0363 9.69301 6
    endloop
  endfacet
  facet normal 0.957049 -0.239667 0.163147
    outer loop
      vertex 10.2226 8.75631 6
      vertex 9.7177 8.78229 9
      vertex 10.193 8.63811 6
    endloop
  endfacet
  facet normal -0.662612 0.730978 0.163148
    outer loop
      vertex 8.11882 9.88187 6
      vertex 8.46967 9.53033 9
      vertex 8.5242 9.57976 9
    endloop
  endfacet
  facet normal -0.666666 0.727273 0.163188
    outer loop
      vertex 8.46967 9.53033 9
      vertex 8.11882 9.88187 6
      vertex 8.11846 9.88154 6
    endloop
  endfacet
  facet normal 0.239696 -0.957042 0.163147
    outer loop
      vertex 9.24322 7.77727 6
      vertex 9.21771 8.28229 9
      vertex 9.14632 8.26441 9
    endloop
  endfacet
  facet normal 0.224814 -0.960567 0.163614
    outer loop
      vertex 9.21771 8.28229 9
      vertex 9.24322 7.77727 6
      vertex 9.24369 7.77738 6
    endloop
  endfacet
  facet normal 0.662545 -0.731038 0.163148
    outer loop
      vertex 9.88118 8.11813 6
      vertex 9.53033 8.46967 9
      vertex 9.47579 8.42024 9
    endloop
  endfacet
  facet normal 0.666666 -0.727273 0.163188
    outer loop
      vertex 9.53033 8.46967 9
      vertex 9.88118 8.11813 6
      vertex 9.88154 8.11846 6
    endloop
  endfacet
  facet normal -0.662543 -0.73104 0.163145
    outer loop
      vertex 8.5242 8.42024 9
      vertex 8.11882 8.11813 6
      vertex 8.20911 8.0363 6
    endloop
  endfacet
  facet normal 0.587756 0.792418 0.163148
    outer loop
      vertex 9.69301 10.0363 6
      vertex 9.47579 9.57976 9
      vertex 9.79089 9.9637 6
    endloop
  endfacet
  facet normal -0.984775 -0.0602924 0.163043
    outer loop
      vertex 7.75334 8.99951 6
      vertex 8.25 9 9
      vertex 7.75331 9 6
    endloop
  endfacet
  facet normal -0.985414 -0.0483927 0.163147
    outer loop
      vertex 8.25 9 9
      vertex 7.75334 8.99951 6
      vertex 8.25361 8.92649 9
    endloop
  endfacet
  facet normal -0.984775 0.0602924 0.163043
    outer loop
      vertex 8.25 9 9
      vertex 7.75334 9.00049 6
      vertex 7.75331 9 6
    endloop
  endfacet
  facet normal -0.985414 0.0483927 0.163147
    outer loop
      vertex 7.75334 9.00049 6
      vertex 8.25 9 9
      vertex 8.25361 9.07351 9
    endloop
  endfacet
  facet normal -0.928911 -0.332424 0.16315
    outer loop
      vertex 7.84804 8.52337 6
      vertex 8.30709 8.71299 9
      vertex 8.28229 8.78229 9
    endloop
  endfacet
  facet normal -0.925416 -0.342001 0.163221
    outer loop
      vertex 8.30709 8.71299 9
      vertex 7.84804 8.52337 6
      vertex 7.84821 8.52291 6
    endloop
  endfacet
  facet normal 0.957012 -0.239823 0.163136
    outer loop
      vertex 9.7177 8.78229 9
      vertex 10.2227 8.75678 6
      vertex 9.73559 8.85368 9
    endloop
  endfacet
  facet normal 0.964837 -0.205284 0.16416
    outer loop
      vertex 10.2227 8.75678 6
      vertex 9.7177 8.78229 9
      vertex 10.2226 8.75631 6
    endloop
  endfacet
  facet normal 0.904757 0.393373 0.163319
    outer loop
      vertex 9.69291 9.28701 9
      vertex 10.152 9.47663 6
      vertex 10.1518 9.47709 6
    endloop
  endfacet
  facet normal 0.928952 0.332305 0.163161
    outer loop
      vertex 10.152 9.47663 6
      vertex 9.69291 9.28701 9
      vertex 9.7177 9.21771 9
    endloop
  endfacet
  facet normal -0.792487 -0.587663 0.163147
    outer loop
      vertex 7.96342 8.30738 6
      vertex 8.42024 8.5242 9
      vertex 8.3764 8.58332 9
    endloop
  endfacet
  facet normal -0.798719 -0.579071 0.163475
    outer loop
      vertex 8.42024 8.5242 9
      vertex 7.96342 8.30738 6
      vertex 7.96371 8.30698 6
    endloop
  endfacet
  facet normal -0.331984 0.929069 0.163151
    outer loop
      vertex 8.63811 10.193 6
      vertex 8.52337 10.152 6
      vertex 8.78229 9.7177 9
    endloop
  endfacet
  facet normal -0.95703 0.239743 0.163147
    outer loop
      vertex 7.80699 9.36189 6
      vertex 7.77738 9.24369 6
      vertex 8.28229 9.21771 9
    endloop
  endfacet
  facet normal 0.928952 -0.332305 0.163161
    outer loop
      vertex 9.69291 8.71299 9
      vertex 10.152 8.52337 6
      vertex 9.7177 8.78229 9
    endloop
  endfacet
  facet normal 0.904757 -0.393373 0.163319
    outer loop
      vertex 10.152 8.52337 6
      vertex 9.69291 8.71299 9
      vertex 10.1518 8.52291 6
    endloop
  endfacet
  facet normal 0.975898 -0.144931 0.163151
    outer loop
      vertex 10.2407 8.8778 6
      vertex 9.74639 8.92649 9
      vertex 10.2228 8.75727 6
    endloop
  endfacet
  facet normal 0.891867 0.421846 0.163153
    outer loop
      vertex 10.0995 9.58768 6
      vertex 9.66144 9.35355 9
      vertex 10.1516 9.47753 6
    endloop
  endfacet
  facet normal 0.8981 0.408227 0.163608
    outer loop
      vertex 9.66144 9.35355 9
      vertex 10.1518 9.47709 6
      vertex 10.1516 9.47753 6
    endloop
  endfacet
  facet normal 0.891882 0.421815 0.163151
    outer loop
      vertex 10.1518 9.47709 6
      vertex 9.66144 9.35355 9
      vertex 9.69291 9.28701 9
    endloop
  endfacet
  facet normal 0.73104 -0.662543 0.163145
    outer loop
      vertex 9.9637 8.20911 6
      vertex 9.57976 8.5242 9
      vertex 9.88187 8.11882 6
    endloop
  endfacet
  facet normal -0.587662 0.792486 0.163152
    outer loop
      vertex 8.30738 10.0366 6
      vertex 8.5242 9.57976 9
      vertex 8.58332 9.6236 9
    endloop
  endfacet
  facet normal -0.591978 0.789304 0.162979
    outer loop
      vertex 8.5242 9.57976 9
      vertex 8.30738 10.0366 6
      vertex 8.30698 10.0363 6
    endloop
  endfacet
  facet normal -0.928941 -0.332343 0.163148
    outer loop
      vertex 8.28229 8.78229 9
      vertex 7.80699 8.63811 6
      vertex 7.84804 8.52337 6
    endloop
  endfacet
  facet normal 0.84623 -0.507228 0.16314
    outer loop
      vertex 9.6236 8.58332 9
      vertex 10.0368 8.30779 6
      vertex 9.66144 8.64645 9
    endloop
  endfacet
  facet normal 0.886912 -0.43264 0.161892
    outer loop
      vertex 10.0368 8.30779 6
      vertex 9.6236 8.58332 9
      vertex 10.0366 8.30738 6
    endloop
  endfacet
  facet normal -0.890406 0.424966 0.163037
    outer loop
      vertex 7.84821 9.47709 6
      vertex 8.33856 9.35355 9
      vertex 7.84842 9.47753 6
    endloop
  endfacet
  facet normal -0.891883 0.421815 0.163149
    outer loop
      vertex 8.33856 9.35355 9
      vertex 7.84821 9.47709 6
      vertex 8.30709 9.28701 9
    endloop
  endfacet
  facet normal 0.975898 0.144931 0.163151
    outer loop
      vertex 10.2228 9.24273 6
      vertex 9.74639 9.07351 9
      vertex 10.2407 9.1222 6
    endloop
  endfacet
  facet normal 0.985404 -0.048578 0.163153
    outer loop
      vertex 10.2467 8.99951 6
      vertex 9.74639 8.92649 9
      vertex 10.2407 8.8778 6
    endloop
  endfacet
  facet normal 0.986569 0 0.163343
    outer loop
      vertex 9.75 9 9
      vertex 10.2467 8.99951 6
      vertex 10.2467 9 6
    endloop
  endfacet
  facet normal 0.985412 -0.0483926 0.163159
    outer loop
      vertex 10.2467 8.99951 6
      vertex 9.75 9 9
      vertex 9.74639 8.92649 9
    endloop
  endfacet
  facet normal 0.730978 -0.662612 0.163148
    outer loop
      vertex 9.53033 8.46967 9
      vertex 9.88187 8.11882 6
      vertex 9.57976 8.5242 9
    endloop
  endfacet
  facet normal 0.727273 -0.666666 0.163188
    outer loop
      vertex 9.88187 8.11882 6
      vertex 9.53033 8.46967 9
      vertex 9.88154 8.11846 6
    endloop
  endfacet
  facet normal 0.239743 -0.95703 0.163147
    outer loop
      vertex 9.36189 7.80699 6
      vertex 9.21771 8.28229 9
      vertex 9.24369 7.77738 6
    endloop
  endfacet
  facet normal 0.144931 0.975898 0.163151
    outer loop
      vertex 9.1222 10.2407 6
      vertex 9.07351 9.74639 9
      vertex 9.24273 10.2228 6
    endloop
  endfacet
  facet normal -0.73104 -0.662543 0.163145
    outer loop
      vertex 8.42024 8.5242 9
      vertex 8.0363 8.20911 6
      vertex 8.11813 8.11882 6
    endloop
  endfacet
  facet normal 0.408227 0.8981 0.163608
    outer loop
      vertex 9.47709 10.1518 6
      vertex 9.35355 9.66144 9
      vertex 9.47753 10.1516 6
    endloop
  endfacet
  facet normal 0.421815 0.891882 0.163151
    outer loop
      vertex 9.35355 9.66144 9
      vertex 9.47709 10.1518 6
      vertex 9.28701 9.69291 9
    endloop
  endfacet
  facet normal -0.587742 -0.792428 0.163146
    outer loop
      vertex 8.5242 8.42024 9
      vertex 8.20911 8.0363 6
      vertex 8.30698 7.96371 6
    endloop
  endfacet
  facet normal 0.587727 -0.792439 0.163146
    outer loop
      vertex 9.69262 7.96342 6
      vertex 9.47579 8.42024 9
      vertex 9.41668 8.3764 9
    endloop
  endfacet
  facet normal 0.588712 -0.791716 0.163107
    outer loop
      vertex 9.47579 8.42024 9
      vertex 9.69262 7.96342 6
      vertex 9.69301 7.96371 6
    endloop
  endfacet
  facet normal 0.507495 0.846068 0.163149
    outer loop
      vertex 9.58768 10.0995 6
      vertex 9.35355 9.66144 9
      vertex 9.69221 10.0368 6
    endloop
  endfacet
  facet normal -0.973694 0.15897 0.163243
    outer loop
      vertex 7.77719 9.24273 6
      vertex 8.26441 9.14632 9
      vertex 7.77727 9.24322 6
    endloop
  endfacet
  facet normal -0.975924 0.14476 0.163149
    outer loop
      vertex 8.26441 9.14632 9
      vertex 7.77719 9.24273 6
      vertex 8.25361 9.07351 9
    endloop
  endfacet
  facet normal 0.507228 -0.846229 0.163148
    outer loop
      vertex 9.69221 7.96317 6
      vertex 9.41668 8.3764 9
      vertex 9.35355 8.33856 9
    endloop
  endfacet
  facet normal 0.513628 -0.842349 0.163201
    outer loop
      vertex 9.41668 8.3764 9
      vertex 9.69221 7.96317 6
      vertex 9.69262 7.96342 6
    endloop
  endfacet
  facet normal -0.975922 0.144773 0.163149
    outer loop
      vertex 7.77719 9.24273 6
      vertex 7.75931 9.1222 6
      vertex 8.25361 9.07351 9
    endloop
  endfacet
  facet normal 0.0483926 0.985412 0.163159
    outer loop
      vertex 9.00049 10.2467 6
      vertex 9 9.75 9
      vertex 9.07351 9.74639 9
    endloop
  endfacet
  facet normal 0 0.986569 0.163343
    outer loop
      vertex 9 9.75 9
      vertex 9.00049 10.2467 6
      vertex 9 10.2467 6
    endloop
  endfacet
  facet normal 0.393373 0.904757 0.163319
    outer loop
      vertex 9.47663 10.152 6
      vertex 9.28701 9.69291 9
      vertex 9.47709 10.1518 6
    endloop
  endfacet
  facet normal 0.332305 0.928952 0.163161
    outer loop
      vertex 9.28701 9.69291 9
      vertex 9.47663 10.152 6
      vertex 9.21771 9.7177 9
    endloop
  endfacet
  facet normal 0.662543 -0.73104 0.163148
    outer loop
      vertex 9.88118 8.11813 6
      vertex 9.47579 8.42024 9
      vertex 9.79089 8.0363 6
    endloop
  endfacet
  facet normal -0.846225 -0.507233 0.163148
    outer loop
      vertex 8.33856 8.64645 9
      vertex 7.90052 8.41231 6
      vertex 7.96317 8.30779 6
    endloop
  endfacet
  facet normal 0.507198 -0.846247 0.163147
    outer loop
      vertex 9.69221 7.96317 6
      vertex 9.35355 8.33856 9
      vertex 9.58768 7.90052 6
    endloop
  endfacet
  facet normal 0.891882 -0.421814 0.163154
    outer loop
      vertex 10.1516 8.52247 6
      vertex 9.66144 8.64645 9
      vertex 10.0995 8.41231 6
    endloop
  endfacet
  facet normal -0.73104 0.662543 0.163148
    outer loop
      vertex 8.11813 9.88118 6
      vertex 8.0363 9.79089 6
      vertex 8.42024 9.47579 9
    endloop
  endfacet
  facet normal -0.421815 -0.891883 0.163148
    outer loop
      vertex 8.64645 8.33856 9
      vertex 8.41231 7.90052 6
      vertex 8.52247 7.84842 6
    endloop
  endfacet
  facet normal 0.964837 0.205284 0.16416
    outer loop
      vertex 9.7177 9.21771 9
      vertex 10.2227 9.24322 6
      vertex 10.2226 9.24369 6
    endloop
  endfacet
  facet normal 0.957012 0.239823 0.163136
    outer loop
      vertex 10.2227 9.24322 6
      vertex 9.7177 9.21771 9
      vertex 9.73559 9.14632 9
    endloop
  endfacet
  facet normal 0.966647 0.197275 0.163327
    outer loop
      vertex 9.73559 9.14632 9
      vertex 10.2228 9.24273 6
      vertex 10.2227 9.24322 6
    endloop
  endfacet
  facet normal 0.975924 0.14476 0.163145
    outer loop
      vertex 10.2228 9.24273 6
      vertex 9.73559 9.14632 9
      vertex 9.74639 9.07351 9
    endloop
  endfacet
  facet normal 0.421846 0.891867 0.163153
    outer loop
      vertex 9.47753 10.1516 6
      vertex 9.35355 9.66144 9
      vertex 9.58768 10.0995 6
    endloop
  endfacet
  facet normal 0.048578 0.985404 0.163153
    outer loop
      vertex 9.1222 10.2407 6
      vertex 9.00049 10.2467 6
      vertex 9.07351 9.74639 9
    endloop
  endfacet
  facet normal -0.985417 -0.0483357 0.163148
    outer loop
      vertex 8.25361 8.92649 9
      vertex 7.75334 8.99951 6
      vertex 7.75931 8.8778 6
    endloop
  endfacet
  facet normal -0.224814 -0.960567 0.163614
    outer loop
      vertex 8.75678 7.77727 6
      vertex 8.78229 8.28229 9
      vertex 8.75631 7.77738 6
    endloop
  endfacet
  facet normal -0.239696 -0.957042 0.163147
    outer loop
      vertex 8.78229 8.28229 9
      vertex 8.75678 7.77727 6
      vertex 8.85368 8.26441 9
    endloop
  endfacet
  facet normal -0.791716 0.588712 0.163107
    outer loop
      vertex 7.96342 9.69262 6
      vertex 8.42024 9.47579 9
      vertex 7.96371 9.69301 6
    endloop
  endfacet
  facet normal -0.792439 0.587727 0.163146
    outer loop
      vertex 8.42024 9.47579 9
      vertex 7.96342 9.69262 6
      vertex 8.3764 9.41668 9
    endloop
  endfacet
  facet normal 0.205284 0.964837 0.16416
    outer loop
      vertex 9.24322 10.2227 6
      vertex 9.21771 9.7177 9
      vertex 9.24369 10.2226 6
    endloop
  endfacet
  facet normal 0.239823 0.957012 0.163136
    outer loop
      vertex 9.21771 9.7177 9
      vertex 9.24322 10.2227 6
      vertex 9.14632 9.73559 9
    endloop
  endfacet
  facet normal 0.891882 -0.421815 0.163151
    outer loop
      vertex 9.66144 8.64645 9
      vertex 10.1518 8.52291 6
      vertex 9.69291 8.71299 9
    endloop
  endfacet
  facet normal 0.8981 -0.408227 0.163608
    outer loop
      vertex 10.1518 8.52291 6
      vertex 9.66144 8.64645 9
      vertex 10.1516 8.52247 6
    endloop
  endfacet
  facet normal 0.975924 -0.14476 0.163145
    outer loop
      vertex 9.73559 8.85368 9
      vertex 10.2228 8.75727 6
      vertex 9.74639 8.92649 9
    endloop
  endfacet
  facet normal 0.966647 -0.197275 0.163327
    outer loop
      vertex 10.2228 8.75727 6
      vertex 9.73559 8.85368 9
      vertex 10.2227 8.75678 6
    endloop
  endfacet
  facet normal -0.332343 -0.928941 0.163148
    outer loop
      vertex 8.78229 8.28229 9
      vertex 8.52337 7.84804 6
      vertex 8.63811 7.80699 6
    endloop
  endfacet
  facet normal -0.846229 -0.507228 0.163148
    outer loop
      vertex 7.96317 8.30779 6
      vertex 8.3764 8.58332 9
      vertex 8.33856 8.64645 9
    endloop
  endfacet
  facet normal -0.842349 -0.513628 0.163201
    outer loop
      vertex 8.3764 8.58332 9
      vertex 7.96317 8.30779 6
      vertex 7.96342 8.30738 6
    endloop
  endfacet
  facet normal 0.239667 0.957049 0.163147
    outer loop
      vertex 9.24369 10.2226 6
      vertex 9.21771 9.7177 9
      vertex 9.36189 10.193 6
    endloop
  endfacet
  facet normal 0.782079 0.601599 0.162577
    outer loop
      vertex 9.57976 9.47579 9
      vertex 10.0366 9.69262 6
      vertex 10.0363 9.69301 6
    endloop
  endfacet
  facet normal 0.792439 0.587727 0.163151
    outer loop
      vertex 10.0366 9.69262 6
      vertex 9.57976 9.47579 9
      vertex 9.6236 9.41668 9
    endloop
  endfacet
  facet normal -0.846247 0.507198 0.163147
    outer loop
      vertex 7.96317 9.69221 6
      vertex 7.90052 9.58768 6
      vertex 8.33856 9.35355 9
    endloop
  endfacet
  facet normal -0.925416 0.342001 0.163221
    outer loop
      vertex 7.84804 9.47663 6
      vertex 8.30709 9.28701 9
      vertex 7.84821 9.47709 6
    endloop
  endfacet
  facet normal -0.928911 0.332424 0.16315
    outer loop
      vertex 8.30709 9.28701 9
      vertex 7.84804 9.47663 6
      vertex 8.28229 9.21771 9
    endloop
  endfacet
  facet normal -0.985417 0.0483357 0.163148
    outer loop
      vertex 7.75931 9.1222 6
      vertex 7.75334 9.00049 6
      vertex 8.25361 9.07351 9
    endloop
  endfacet
  facet normal -0.513628 -0.842349 0.163201
    outer loop
      vertex 8.30779 7.96317 6
      vertex 8.58332 8.3764 9
      vertex 8.30738 7.96342 6
    endloop
  endfacet
  facet normal -0.507228 -0.846229 0.163148
    outer loop
      vertex 8.58332 8.3764 9
      vertex 8.30779 7.96317 6
      vertex 8.64645 8.33856 9
    endloop
  endfacet
  facet normal -0.342001 -0.925416 0.163221
    outer loop
      vertex 8.52337 7.84804 6
      vertex 8.71299 8.30709 9
      vertex 8.52291 7.84821 6
    endloop
  endfacet
  facet normal -0.332424 -0.928911 0.16315
    outer loop
      vertex 8.71299 8.30709 9
      vertex 8.52337 7.84804 6
      vertex 8.78229 8.28229 9
    endloop
  endfacet
  facet normal -0.239743 -0.95703 0.163147
    outer loop
      vertex 8.78229 8.28229 9
      vertex 8.63811 7.80699 6
      vertex 8.75631 7.77738 6
    endloop
  endfacet
  facet normal -0.507233 -0.846225 0.163148
    outer loop
      vertex 8.64645 8.33856 9
      vertex 8.30779 7.96317 6
      vertex 8.41231 7.90052 6
    endloop
  endfacet
  facet normal -0.662543 0.73104 0.163145
    outer loop
      vertex 8.20911 9.9637 6
      vertex 8.11882 9.88187 6
      vertex 8.5242 9.57976 9
    endloop
  endfacet
  facet normal -0.424966 -0.890406 0.163037
    outer loop
      vertex 8.52291 7.84821 6
      vertex 8.64645 8.33856 9
      vertex 8.52247 7.84842 6
    endloop
  endfacet
  facet normal -0.421815 -0.891883 0.163149
    outer loop
      vertex 8.64645 8.33856 9
      vertex 8.52291 7.84821 6
      vertex 8.71299 8.30709 9
    endloop
  endfacet
  facet normal 0.144773 -0.975922 0.163149
    outer loop
      vertex 9.24273 7.77719 6
      vertex 9.07351 8.25361 9
      vertex 9.1222 7.75931 6
    endloop
  endfacet
  facet normal 0.792389 -0.587795 0.163146
    outer loop
      vertex 10.0363 8.30698 6
      vertex 9.57976 8.5242 9
      vertex 9.9637 8.20911 6
    endloop
  endfacet
  facet normal -0.0483927 -0.985414 0.163147
    outer loop
      vertex 8.99951 7.75334 6
      vertex 9 8.25 9
      vertex 8.92649 8.25361 9
    endloop
  endfacet
  facet normal -0.0602924 -0.984775 0.163043
    outer loop
      vertex 9 8.25 9
      vertex 8.99951 7.75334 6
      vertex 9 7.75331 6
    endloop
  endfacet
  facet normal -0.239823 0.957012 0.163136
    outer loop
      vertex 8.75678 10.2227 6
      vertex 8.78229 9.7177 9
      vertex 8.85368 9.73559 9
    endloop
  endfacet
  facet normal -0.205284 0.964837 0.16416
    outer loop
      vertex 8.78229 9.7177 9
      vertex 8.75678 10.2227 6
      vertex 8.75631 10.2226 6
    endloop
  endfacet
  facet normal 0.197275 0.966647 0.163327
    outer loop
      vertex 9.24273 10.2228 6
      vertex 9.14632 9.73559 9
      vertex 9.24322 10.2227 6
    endloop
  endfacet
  facet normal 0.14476 0.975924 0.163145
    outer loop
      vertex 9.14632 9.73559 9
      vertex 9.24273 10.2228 6
      vertex 9.07351 9.74639 9
    endloop
  endfacet
  facet normal -0.95703 -0.239743 0.163147
    outer loop
      vertex 8.28229 8.78229 9
      vertex 7.77738 8.75631 6
      vertex 7.80699 8.63811 6
    endloop
  endfacet
  facet normal -0.14476 0.975924 0.163145
    outer loop
      vertex 8.75727 10.2228 6
      vertex 8.85368 9.73559 9
      vertex 8.92649 9.74639 9
    endloop
  endfacet
  facet normal -0.197275 0.966647 0.163327
    outer loop
      vertex 8.85368 9.73559 9
      vertex 8.75727 10.2228 6
      vertex 8.75678 10.2227 6
    endloop
  endfacet
  facet normal -0.891883 -0.421815 0.163149
    outer loop
      vertex 7.84821 8.52291 6
      vertex 8.33856 8.64645 9
      vertex 8.30709 8.71299 9
    endloop
  endfacet
  facet normal -0.890406 -0.424966 0.163037
    outer loop
      vertex 8.33856 8.64645 9
      vertex 7.84821 8.52291 6
      vertex 7.84842 8.52247 6
    endloop
  endfacet
  facet normal -0.891883 -0.421815 0.163148
    outer loop
      vertex 8.33856 8.64645 9
      vertex 7.84842 8.52247 6
      vertex 7.90052 8.41231 6
    endloop
  endfacet
  facet normal -0.891868 0.421846 0.163147
    outer loop
      vertex 7.90052 9.58768 6
      vertex 7.84842 9.47753 6
      vertex 8.33856 9.35355 9
    endloop
  endfacet
  facet normal -0.842349 0.513628 0.163201
    outer loop
      vertex 7.96317 9.69221 6
      vertex 8.3764 9.41668 9
      vertex 7.96342 9.69262 6
    endloop
  endfacet
  facet normal -0.846229 0.507228 0.163148
    outer loop
      vertex 8.3764 9.41668 9
      vertex 7.96317 9.69221 6
      vertex 8.33856 9.35355 9
    endloop
  endfacet
  facet normal 0.332343 -0.928941 0.163148
    outer loop
      vertex 9.47663 7.84804 6
      vertex 9.21771 8.28229 9
      vertex 9.36189 7.80699 6
    endloop
  endfacet
  facet normal 0.332424 -0.928911 0.16315
    outer loop
      vertex 9.47663 7.84804 6
      vertex 9.28701 8.30709 9
      vertex 9.21771 8.28229 9
    endloop
  endfacet
  facet normal 0.342001 -0.925416 0.163221
    outer loop
      vertex 9.28701 8.30709 9
      vertex 9.47663 7.84804 6
      vertex 9.47709 7.84821 6
    endloop
  endfacet
  facet normal -0.792457 0.587704 0.163147
    outer loop
      vertex 8.0363 9.79089 6
      vertex 7.96371 9.69301 6
      vertex 8.42024 9.47579 9
    endloop
  endfacet
  facet normal -0.727273 0.666666 0.163188
    outer loop
      vertex 8.11813 9.88118 6
      vertex 8.46967 9.53033 9
      vertex 8.11846 9.88154 6
    endloop
  endfacet
  facet normal -0.731038 0.662545 0.163148
    outer loop
      vertex 8.46967 9.53033 9
      vertex 8.11813 9.88118 6
      vertex 8.42024 9.47579 9
    endloop
  endfacet
  facet normal 0.662543 0.73104 0.163148
    outer loop
      vertex 9.79089 9.9637 6
      vertex 9.47579 9.57976 9
      vertex 9.88118 9.88187 6
    endloop
  endfacet
  facet normal -0.587795 0.792389 0.163146
    outer loop
      vertex 8.30698 10.0363 6
      vertex 8.20911 9.9637 6
      vertex 8.5242 9.57976 9
    endloop
  endfacet
  facet normal -0.421814 0.891882 0.163154
    outer loop
      vertex 8.52247 10.1516 6
      vertex 8.41231 10.0995 6
      vertex 8.64645 9.66144 9
    endloop
  endfacet
  facet normal -0.730978 -0.662612 0.163148
    outer loop
      vertex 8.11813 8.11882 6
      vertex 8.46967 8.46967 9
      vertex 8.42024 8.5242 9
    endloop
  endfacet
  facet normal -0.727273 -0.666666 0.163188
    outer loop
      vertex 8.46967 8.46967 9
      vertex 8.11813 8.11882 6
      vertex 8.11846 8.11846 6
    endloop
  endfacet
  facet normal -0.579071 -0.798719 0.163475
    outer loop
      vertex 8.30738 7.96342 6
      vertex 8.5242 8.42024 9
      vertex 8.30698 7.96371 6
    endloop
  endfacet
  facet normal -0.587663 -0.792487 0.163147
    outer loop
      vertex 8.5242 8.42024 9
      vertex 8.30738 7.96342 6
      vertex 8.58332 8.3764 9
    endloop
  endfacet
  facet normal -0.960567 0.224814 0.163614
    outer loop
      vertex 7.77727 9.24322 6
      vertex 8.28229 9.21771 9
      vertex 7.77738 9.24369 6
    endloop
  endfacet
  facet normal -0.957042 0.239696 0.163147
    outer loop
      vertex 8.28229 9.21771 9
      vertex 7.77727 9.24322 6
      vertex 8.26441 9.14632 9
    endloop
  endfacet
  facet normal -0.666666 -0.727273 0.163188
    outer loop
      vertex 8.11882 8.11813 6
      vertex 8.46967 8.46967 9
      vertex 8.11846 8.11846 6
    endloop
  endfacet
  facet normal -0.662612 -0.730978 0.163148
    outer loop
      vertex 8.46967 8.46967 9
      vertex 8.11882 8.11813 6
      vertex 8.5242 8.42024 9
    endloop
  endfacet
  facet normal -0.15897 -0.973694 0.163243
    outer loop
      vertex 8.75727 7.77719 6
      vertex 8.85368 8.26441 9
      vertex 8.75678 7.77727 6
    endloop
  endfacet
  facet normal -0.14476 -0.975924 0.163149
    outer loop
      vertex 8.85368 8.26441 9
      vertex 8.75727 7.77719 6
      vertex 8.92649 8.25361 9
    endloop
  endfacet
  facet normal -0.421815 0.891882 0.163151
    outer loop
      vertex 8.52291 10.1518 6
      vertex 8.64645 9.66144 9
      vertex 8.71299 9.69291 9
    endloop
  endfacet
  facet normal -0.408227 0.8981 0.163608
    outer loop
      vertex 8.64645 9.66144 9
      vertex 8.52291 10.1518 6
      vertex 8.52247 10.1516 6
    endloop
  endfacet
  facet normal -0.332305 0.928952 0.163161
    outer loop
      vertex 8.52337 10.152 6
      vertex 8.71299 9.69291 9
      vertex 8.78229 9.7177 9
    endloop
  endfacet
  facet normal -0.393373 0.904757 0.163319
    outer loop
      vertex 8.71299 9.69291 9
      vertex 8.52337 10.152 6
      vertex 8.52291 10.1518 6
    endloop
  endfacet
  facet normal 0 0 1
    outer loop
      vertex 9.74639 9.07351 9
      vertex 9.74639 8.92649 9
      vertex 9.75 9 9
    endloop
  endfacet
  facet normal 0 0 1
    outer loop
      vertex 9.73559 9.14632 9
      vertex 9.74639 8.92649 9
      vertex 9.74639 9.07351 9
    endloop
  endfacet
  facet normal 0 0 1
    outer loop
      vertex 9.73559 9.14632 9
      vertex 9.73559 8.85368 9
      vertex 9.74639 8.92649 9
    endloop
  endfacet
  facet normal 0 0 1
    outer loop
      vertex 9.7177 9.21771 9
      vertex 9.73559 8.85368 9
      vertex 9.73559 9.14632 9
    endloop
  endfacet
  facet normal 0 0 1
    outer loop
      vertex 9.7177 9.21771 9
      vertex 9.7177 8.78229 9
      vertex 9.73559 8.85368 9
    endloop
  endfacet
  facet normal 0 0 1
    outer loop
      vertex 9.69291 9.28701 9
      vertex 9.7177 8.78229 9
      vertex 9.7177 9.21771 9
    endloop
  endfacet
  facet normal 0 0 1
    outer loop
      vertex 9.69291 9.28701 9
      vertex 9.69291 8.71299 9
      vertex 9.7177 8.78229 9
    endloop
  endfacet
  facet normal 0 0 1
    outer loop
      vertex 9.66144 9.35355 9
      vertex 9.69291 8.71299 9
      vertex 9.69291 9.28701 9
    endloop
  endfacet
  facet normal 0 0 1
    outer loop
      vertex 9.66144 9.35355 9
      vertex 9.66144 8.64645 9
      vertex 9.69291 8.71299 9
    endloop
  endfacet
  facet normal 0 0 1
    outer loop
      vertex 9.6236 9.41668 9
      vertex 9.66144 8.64645 9
      vertex 9.66144 9.35355 9
    endloop
  endfacet
  facet normal 0 0 1
    outer loop
      vertex 9.6236 9.41668 9
      vertex 9.6236 8.58332 9
      vertex 9.66144 8.64645 9
    endloop
  endfacet
  facet normal 0 0 1
    outer loop
      vertex 9.57976 9.47579 9
      vertex 9.6236 8.58332 9
      vertex 9.6236 9.41668 9
    endloop
  endfacet
  facet normal 0 0 1
    outer loop
      vertex 9.57976 9.47579 9
      vertex 9.57976 8.5242 9
      vertex 9.6236 8.58332 9
    endloop
  endfacet
  facet normal 0 0 1
    outer loop
      vertex 9.53033 9.53033 9
      vertex 9.57976 8.5242 9
      vertex 9.57976 9.47579 9
    endloop
  endfacet
  facet normal 0 0 1
    outer loop
      vertex 9.53033 9.53033 9
      vertex 9.53033 8.46967 9
      vertex 9.57976 8.5242 9
    endloop
  endfacet
  facet normal 0 0 1
    outer loop
      vertex 9.47579 9.57976 9
      vertex 9.53033 8.46967 9
      vertex 9.53033 9.53033 9
    endloop
  endfacet
  facet normal 0 0 1
    outer loop
      vertex 9.47579 9.57976 9
      vertex 9.47579 8.42024 9
      vertex 9.53033 8.46967 9
    endloop
  endfacet
  facet normal 0 0 1
    outer loop
      vertex 9.41668 9.6236 9
      vertex 9.47579 8.42024 9
      vertex 9.47579 9.57976 9
    endloop
  endfacet
  facet normal 0 0 1
    outer loop
      vertex 9.41668 9.6236 9
      vertex 9.41668 8.3764 9
      vertex 9.47579 8.42024 9
    endloop
  endfacet
  facet normal 0 0 1
    outer loop
      vertex 9.35355 9.66144 9
      vertex 9.41668 8.3764 9
      vertex 9.41668 9.6236 9
    endloop
  endfacet
  facet normal 0 0 1
    outer loop
      vertex 9.35355 9.66144 9
      vertex 9.35355 8.33856 9
      vertex 9.41668 8.3764 9
    endloop
  endfacet
  facet normal 0 0 1
    outer loop
      vertex 9.28701 9.69291 9
      vertex 9.35355 8.33856 9
      vertex 9.35355 9.66144 9
    endloop
  endfacet
  facet normal 0 0 1
    outer loop
      vertex 9.28701 9.69291 9
      vertex 9.28701 8.30709 9
      vertex 9.35355 8.33856 9
    endloop
  endfacet
  facet normal 0 0 1
    outer loop
      vertex 9.21771 9.7177 9
      vertex 9.28701 8.30709 9
      vertex 9.28701 9.69291 9
    endloop
  endfacet
  facet normal 0 0 1
    outer loop
      vertex 9.21771 9.7177 9
      vertex 9.21771 8.28229 9
      vertex 9.28701 8.30709 9
    endloop
  endfacet
  facet normal 0 0 1
    outer loop
      vertex 9.14632 9.73559 9
      vertex 9.21771 8.28229 9
      vertex 9.21771 9.7177 9
    endloop
  endfacet
  facet normal 0 0 1
    outer loop
      vertex 9.14632 9.73559 9
      vertex 9.14632 8.26441 9
      vertex 9.21771 8.28229 9
    endloop
  endfacet
  facet normal 0 0 1
    outer loop
      vertex 9.07351 9.74639 9
      vertex 9.14632 8.26441 9
      vertex 9.14632 9.73559 9
    endloop
  endfacet
  facet normal 0 0 1
    outer loop
      vertex 9.07351 9.74639 9
      vertex 9.07351 8.25361 9
      vertex 9.14632 8.26441 9
    endloop
  endfacet
  facet normal 0 0 1
    outer loop
      vertex 9 9.75 9
      vertex 9.07351 8.25361 9
      vertex 9.07351 9.74639 9
    endloop
  endfacet
  facet normal 0 0 1
    outer loop
      vertex 9 9.75 9
      vertex 9 8.25 9
      vertex 9.07351 8.25361 9
    endloop
  endfacet
  facet normal -0 0 1
    outer loop
      vertex 8.92649 9.74639 9
      vertex 9 8.25 9
      vertex 9 9.75 9
    endloop
  endfacet
  facet normal 0 0 1
    outer loop
      vertex 8.92649 9.74639 9
      vertex 8.92649 8.25361 9
      vertex 9 8.25 9
    endloop
  endfacet
  facet normal -0 0 1
    outer loop
      vertex 8.85368 9.73559 9
      vertex 8.92649 8.25361 9
      vertex 8.92649 9.74639 9
    endloop
  endfacet
  facet normal 0 0 1
    outer loop
      vertex 8.85368 9.73559 9
      vertex 8.85368 8.26441 9
      vertex 8.92649 8.25361 9
    endloop
  endfacet
  facet normal -0 0 1
    outer loop
      vertex 8.78229 9.7177 9
      vertex 8.85368 8.26441 9
      vertex 8.85368 9.73559 9
    endloop
  endfacet
  facet normal 0 0 1
    outer loop
      vertex 8.78229 9.7177 9
      vertex 8.78229 8.28229 9
      vertex 8.85368 8.26441 9
    endloop
  endfacet
  facet normal -0 0 1
    outer loop
      vertex 8.71299 9.69291 9
      vertex 8.78229 8.28229 9
      vertex 8.78229 9.7177 9
    endloop
  endfacet
  facet normal 0 0 1
    outer loop
      vertex 8.71299 9.69291 9
      vertex 8.71299 8.30709 9
      vertex 8.78229 8.28229 9
    endloop
  endfacet
  facet normal -0 0 1
    outer loop
      vertex 8.64645 9.66144 9
      vertex 8.71299 8.30709 9
      vertex 8.71299 9.69291 9
    endloop
  endfacet
  facet normal 0 0 1
    outer loop
      vertex 8.64645 9.66144 9
      vertex 8.64645 8.33856 9
      vertex 8.71299 8.30709 9
    endloop
  endfacet
  facet normal -0 0 1
    outer loop
      vertex 8.58332 9.6236 9
      vertex 8.64645 8.33856 9
      vertex 8.64645 9.66144 9
    endloop
  endfacet
  facet normal 0 0 1
    outer loop
      vertex 8.58332 9.6236 9
      vertex 8.58332 8.3764 9
      vertex 8.64645 8.33856 9
    endloop
  endfacet
  facet normal -0 0 1
    outer loop
      vertex 8.5242 9.57976 9
      vertex 8.58332 8.3764 9
      vertex 8.58332 9.6236 9
    endloop
  endfacet
  facet normal 0 0 1
    outer loop
      vertex 8.5242 9.57976 9
      vertex 8.5242 8.42024 9
      vertex 8.58332 8.3764 9
    endloop
  endfacet
  facet normal -0 0 1
    outer loop
      vertex 8.46967 9.53033 9
      vertex 8.5242 8.42024 9
      vertex 8.5242 9.57976 9
    endloop
  endfacet
  facet normal 0 0 1
    outer loop
      vertex 8.46967 9.53033 9
      vertex 8.46967 8.46967 9
      vertex 8.5242 8.42024 9
    endloop
  endfacet
  facet normal -0 0 1
    outer loop
      vertex 8.42024 9.47579 9
      vertex 8.46967 8.46967 9
      vertex 8.46967 9.53033 9
    endloop
  endfacet
  facet normal 0 0 1
    outer loop
      vertex 8.42024 9.47579 9
      vertex 8.42024 8.5242 9
      vertex 8.46967 8.46967 9
    endloop
  endfacet
  facet normal -0 0 1
    outer loop
      vertex 8.3764 9.41668 9
      vertex 8.42024 8.5242 9
      vertex 8.42024 9.47579 9
    endloop
  endfacet
  facet normal 0 0 1
    outer loop
      vertex 8.3764 9.41668 9
      vertex 8.3764 8.58332 9
      vertex 8.42024 8.5242 9
    endloop
  endfacet
  facet normal -0 0 1
    outer loop
      vertex 8.33856 9.35355 9
      vertex 8.3764 8.58332 9
      vertex 8.3764 9.41668 9
    endloop
  endfacet
  facet normal 0 0 1
    outer loop
      vertex 8.33856 9.35355 9
      vertex 8.33856 8.64645 9
      vertex 8.3764 8.58332 9
    endloop
  endfacet
  facet normal -0 0 1
    outer loop
      vertex 8.30709 9.28701 9
      vertex 8.33856 8.64645 9
      vertex 8.33856 9.35355 9
    endloop
  endfacet
  facet normal 0 0 1
    outer loop
      vertex 8.30709 9.28701 9
      vertex 8.30709 8.71299 9
      vertex 8.33856 8.64645 9
    endloop
  endfacet
  facet normal -0 0 1
    outer loop
      vertex 8.28229 9.21771 9
      vertex 8.30709 8.71299 9
      vertex 8.30709 9.28701 9
    endloop
  endfacet
  facet normal 0 0 1
    outer loop
      vertex 8.28229 9.21771 9
      vertex 8.28229 8.78229 9
      vertex 8.30709 8.71299 9
    endloop
  endfacet
  facet normal -0 0 1
    outer loop
      vertex 8.26441 9.14632 9
      vertex 8.28229 8.78229 9
      vertex 8.28229 9.21771 9
    endloop
  endfacet
  facet normal 0 0 1
    outer loop
      vertex 8.26441 9.14632 9
      vertex 8.26441 8.85368 9
      vertex 8.28229 8.78229 9
    endloop
  endfacet
  facet normal -0 0 1
    outer loop
      vertex 8.25361 9.07351 9
      vertex 8.26441 8.85368 9
      vertex 8.26441 9.14632 9
    endloop
  endfacet
  facet normal 0 0 1
    outer loop
      vertex 8.25361 9.07351 9
      vertex 8.25361 8.92649 9
      vertex 8.26441 8.85368 9
    endloop
  endfacet
  facet normal 0 -0 1
    outer loop
      vertex 8.25361 8.92649 9
      vertex 8.25361 9.07351 9
      vertex 8.25 9 9
    endloop
  endfacet
  facet normal 0.727273 0.666666 0.163188
    outer loop
      vertex 9.53033 9.53033 9
      vertex 9.88187 9.88118 6
      vertex 9.88154 9.88154 6
    endloop
  endfacet
  facet normal 0.731038 0.662545 0.163148
    outer loop
      vertex 9.88187 9.88118 6
      vertex 9.53033 9.53033 9
      vertex 9.57976 9.47579 9
    endloop
  endfacet
  facet normal -0.975924 -0.14476 0.163149
    outer loop
      vertex 7.77719 8.75727 6
      vertex 8.26441 8.85368 9
      vertex 8.25361 8.92649 9
    endloop
  endfacet
  facet normal -0.973694 -0.15897 0.163243
    outer loop
      vertex 8.26441 8.85368 9
      vertex 7.77719 8.75727 6
      vertex 7.77727 8.75678 6
    endloop
  endfacet
  facet normal -0.957042 -0.239696 0.163147
    outer loop
      vertex 7.77727 8.75678 6
      vertex 8.28229 8.78229 9
      vertex 8.26441 8.85368 9
    endloop
  endfacet
  facet normal -0.960567 -0.224814 0.163614
    outer loop
      vertex 8.28229 8.78229 9
      vertex 7.77727 8.75678 6
      vertex 7.77738 8.75631 6
    endloop
  endfacet
  facet normal 0.332086 0.929032 0.163152
    outer loop
      vertex 77.3619 10.193 6
      vertex 77.2177 9.7177 9
      vertex 77.4766 10.152 6
    endloop
  endfacet
  facet normal 0.422022 -0.891785 0.163149
    outer loop
      vertex 77.4771 7.84821 6
      vertex 77.3535 8.33856 9
      vertex 77.287 8.30709 9
    endloop
  endfacet
  facet normal 0.458716 -0.873744 0.161713
    outer loop
      vertex 77.3535 8.33856 9
      vertex 77.4771 7.84821 6
      vertex 77.4775 7.84842 6
    endloop
  endfacet
  facet normal 0.985419 0.0482588 0.16316
    outer loop
      vertex 77.75 9 9
      vertex 78.2467 9.00049 6
      vertex 77.7464 9.07351 9
    endloop
  endfacet
  facet normal 0.986569 0 0.163343
    outer loop
      vertex 78.2467 9.00049 6
      vertex 77.75 9 9
      vertex 78.2467 9 6
    endloop
  endfacet
  facet normal 0.985405 0.048578 0.16315
    outer loop
      vertex 78.2407 9.1222 6
      vertex 77.7464 9.07351 9
      vertex 78.2467 9.00049 6
    endloop
  endfacet
  facet normal 0.591978 0.789304 0.162976
    outer loop
      vertex 77.6926 10.0366 6
      vertex 77.4758 9.57976 9
      vertex 77.693 10.0363 6
    endloop
  endfacet
  facet normal 0.587791 0.792392 0.163143
    outer loop
      vertex 77.4758 9.57976 9
      vertex 77.6926 10.0366 6
      vertex 77.4167 9.6236 9
    endloop
  endfacet
  facet normal 0.0590908 -0.984846 0.163054
    outer loop
      vertex 77.0005 7.75334 6
      vertex 77 8.25 9
      vertex 77 7.75331 6
    endloop
  endfacet
  facet normal 0.0483992 -0.985414 0.163147
    outer loop
      vertex 77 8.25 9
      vertex 77.0005 7.75334 6
      vertex 77.0735 8.25361 9
    endloop
  endfacet
  facet normal 0.929069 0.331984 0.163151
    outer loop
      vertex 78.152 9.47663 6
      vertex 77.7177 9.21771 9
      vertex 78.193 9.36189 6
    endloop
  endfacet
  facet normal -0.144967 0.975893 0.163151
    outer loop
      vertex 76.8778 10.2407 6
      vertex 76.7573 10.2228 6
      vertex 76.9265 9.74639 9
    endloop
  endfacet
  facet normal -0.792391 -0.587796 0.163136
    outer loop
      vertex 76.4202 8.5242 9
      vertex 75.9637 8.30698 6
      vertex 76.0363 8.20911 6
    endloop
  endfacet
  facet normal -0.507601 0.846002 0.16316
    outer loop
      vertex 76.4123 10.0995 6
      vertex 76.3078 10.0368 6
      vertex 76.6465 9.66144 9
    endloop
  endfacet
  facet normal -0.0483397 -0.985417 0.163149
    outer loop
      vertex 76.9265 8.25361 9
      vertex 76.8778 7.75931 6
      vertex 76.9995 7.75334 6
    endloop
  endfacet
  facet normal -0.506816 0.846479 0.163131
    outer loop
      vertex 76.3078 10.0368 6
      vertex 76.5833 9.6236 9
      vertex 76.6465 9.66144 9
    endloop
  endfacet
  facet normal -0.4413 0.882599 0.162089
    outer loop
      vertex 76.5833 9.6236 9
      vertex 76.3078 10.0368 6
      vertex 76.3074 10.0366 6
    endloop
  endfacet
  facet normal 0.792742 -0.587316 0.163156
    outer loop
      vertex 77.5798 8.5242 9
      vertex 78.0366 8.30738 6
      vertex 77.6236 8.58332 9
    endloop
  endfacet
  facet normal 0.789305 -0.591979 0.162969
    outer loop
      vertex 78.0366 8.30738 6
      vertex 77.5798 8.5242 9
      vertex 78.0363 8.30698 6
    endloop
  endfacet
  facet normal 0.421689 -0.891941 0.163155
    outer loop
      vertex 77.5877 7.90052 6
      vertex 77.3535 8.33856 9
      vertex 77.4775 7.84842 6
    endloop
  endfacet
  facet normal 0.929069 -0.331984 0.163151
    outer loop
      vertex 78.193 8.63811 6
      vertex 77.7177 8.78229 9
      vertex 78.152 8.52337 6
    endloop
  endfacet
  facet normal 0.4413 0.882599 0.162089
    outer loop
      vertex 77.6922 10.0368 6
      vertex 77.4167 9.6236 9
      vertex 77.6926 10.0366 6
    endloop
  endfacet
  facet normal 0.506816 0.846479 0.163131
    outer loop
      vertex 77.4167 9.6236 9
      vertex 77.6922 10.0368 6
      vertex 77.3535 9.66144 9
    endloop
  endfacet
  facet normal 0.0483397 -0.985417 0.163149
    outer loop
      vertex 77.0735 8.25361 9
      vertex 77.0005 7.75334 6
      vertex 77.1222 7.75931 6
    endloop
  endfacet
  facet normal -0.0485819 0.985404 0.163154
    outer loop
      vertex 76.9995 10.2467 6
      vertex 76.8778 10.2407 6
      vertex 76.9265 9.74639 9
    endloop
  endfacet
  facet normal 0.587626 -0.792514 0.163146
    outer loop
      vertex 77.7909 8.0363 6
      vertex 77.4758 8.42024 9
      vertex 77.693 7.96371 6
    endloop
  endfacet
  facet normal 0.846045 -0.50753 0.163162
    outer loop
      vertex 78.0995 8.41231 6
      vertex 77.6614 8.64645 9
      vertex 78.0368 8.30779 6
    endloop
  endfacet
  facet normal 0.886912 0.43264 0.161892
    outer loop
      vertex 77.6236 9.41668 9
      vertex 78.0368 9.69221 6
      vertex 78.0366 9.69262 6
    endloop
  endfacet
  facet normal 0.846467 0.506834 0.163136
    outer loop
      vertex 78.0368 9.69221 6
      vertex 77.6236 9.41668 9
      vertex 77.6614 9.35355 9
    endloop
  endfacet
  facet normal 0.730025 0.663659 0.163156
    outer loop
      vertex 77.8812 9.88187 6
      vertex 77.5303 9.53033 9
      vertex 77.8815 9.88154 6
    endloop
  endfacet
  facet normal 0.662811 0.730795 0.163161
    outer loop
      vertex 77.5303 9.53033 9
      vertex 77.8812 9.88187 6
      vertex 77.4758 9.57976 9
    endloop
  endfacet
  facet normal -0.929069 0.331984 0.163151
    outer loop
      vertex 75.848 9.47663 6
      vertex 75.807 9.36189 6
      vertex 76.2823 9.21771 9
    endloop
  endfacet
  facet normal -0.975898 -0.144931 0.163148
    outer loop
      vertex 76.2536 8.92649 9
      vertex 75.7593 8.8778 6
      vertex 75.7772 8.75727 6
    endloop
  endfacet
  facet normal -0.144808 -0.975916 0.163149
    outer loop
      vertex 76.9265 8.25361 9
      vertex 76.7573 7.77719 6
      vertex 76.8778 7.75931 6
    endloop
  endfacet
  facet normal 0.957049 0.239667 0.163147
    outer loop
      vertex 78.193 9.36189 6
      vertex 77.7177 9.21771 9
      vertex 78.2226 9.24369 6
    endloop
  endfacet
  facet normal -0.239667 0.957049 0.163148
    outer loop
      vertex 76.7563 10.2226 6
      vertex 76.6381 10.193 6
      vertex 76.7823 9.7177 9
    endloop
  endfacet
  facet normal -0 0.986569 0.163343
    outer loop
      vertex 76.9995 10.2467 6
      vertex 77 9.75 9
      vertex 77 10.2467 6
    endloop
  endfacet
  facet normal -0.0483991 0.985412 0.163159
    outer loop
      vertex 77 9.75 9
      vertex 76.9995 10.2467 6
      vertex 76.9265 9.74639 9
    endloop
  endfacet
  facet normal 0.731162 0.662411 0.16314
    outer loop
      vertex 77.8819 9.88118 6
      vertex 77.5798 9.47579 9
      vertex 77.9637 9.79089 6
    endloop
  endfacet
  facet normal 0.846066 0.507494 0.16316
    outer loop
      vertex 78.0368 9.69221 6
      vertex 77.6614 9.35355 9
      vertex 78.0995 9.58768 6
    endloop
  endfacet
  facet normal 0.144779 -0.975921 0.163148
    outer loop
      vertex 77.2427 7.77719 6
      vertex 77.1463 8.26441 9
      vertex 77.0735 8.25361 9
    endloop
  endfacet
  facet normal 0.155872 -0.974198 0.163225
    outer loop
      vertex 77.1463 8.26441 9
      vertex 77.2427 7.77719 6
      vertex 77.2432 7.77727 6
    endloop
  endfacet
  facet normal 0.792419 0.587757 0.163137
    outer loop
      vertex 77.9637 9.79089 6
      vertex 77.5798 9.47579 9
      vertex 78.0363 9.69301 6
    endloop
  endfacet
  facet normal 0.957049 -0.239667 0.163147
    outer loop
      vertex 78.2226 8.75631 6
      vertex 77.7177 8.78229 9
      vertex 78.193 8.63811 6
    endloop
  endfacet
  facet normal -0.662811 0.730795 0.163161
    outer loop
      vertex 76.1188 9.88187 6
      vertex 76.4697 9.53033 9
      vertex 76.5242 9.57976 9
    endloop
  endfacet
  facet normal -0.730025 0.663659 0.163156
    outer loop
      vertex 76.4697 9.53033 9
      vertex 76.1188 9.88187 6
      vertex 76.1185 9.88154 6
    endloop
  endfacet
  facet normal 0.239665 -0.95705 0.163147
    outer loop
      vertex 77.2432 7.77727 6
      vertex 77.2177 8.28229 9
      vertex 77.1463 8.26441 9
    endloop
  endfacet
  facet normal 0.211953 -0.963424 0.163984
    outer loop
      vertex 77.2177 8.28229 9
      vertex 77.2432 7.77727 6
      vertex 77.2437 7.77738 6
    endloop
  endfacet
  facet normal 0.662811 -0.730795 0.163161
    outer loop
      vertex 77.8812 8.11813 6
      vertex 77.5303 8.46967 9
      vertex 77.4758 8.42024 9
    endloop
  endfacet
  facet normal 0.730025 -0.663659 0.163156
    outer loop
      vertex 77.5303 8.46967 9
      vertex 77.8812 8.11813 6
      vertex 77.8815 8.11846 6
    endloop
  endfacet
  facet normal -0.662503 -0.731077 0.163148
    outer loop
      vertex 76.5242 8.42024 9
      vertex 76.1188 8.11813 6
      vertex 76.2091 8.0363 6
    endloop
  endfacet
  facet normal 0.587678 0.792475 0.163147
    outer loop
      vertex 77.693 10.0363 6
      vertex 77.4758 9.57976 9
      vertex 77.7909 9.9637 6
    endloop
  endfacet
  facet normal -0.986569 0 0.163343
    outer loop
      vertex 75.7533 8.99951 6
      vertex 76.25 9 9
      vertex 75.7533 9 6
    endloop
  endfacet
  facet normal -0.985419 -0.0482588 0.16316
    outer loop
      vertex 76.25 9 9
      vertex 75.7533 8.99951 6
      vertex 76.2536 8.92649 9
    endloop
  endfacet
  facet normal -0.986569 0 0.163343
    outer loop
      vertex 76.25 9 9
      vertex 75.7533 9.00049 6
      vertex 75.7533 9 6
    endloop
  endfacet
  facet normal -0.985419 0.0482588 0.16316
    outer loop
      vertex 75.7533 9.00049 6
      vertex 76.25 9 9
      vertex 76.2536 9.07351 9
    endloop
  endfacet
  facet normal -0.928909 -0.332423 0.163165
    outer loop
      vertex 75.848 8.52337 6
      vertex 76.3071 8.71299 9
      vertex 76.2823 8.78229 9
    endloop
  endfacet
  facet normal -0.904756 -0.393372 0.163322
    outer loop
      vertex 76.3071 8.71299 9
      vertex 75.848 8.52337 6
      vertex 75.8482 8.52291 6
    endloop
  endfacet
  facet normal 0.956981 -0.239949 0.163132
    outer loop
      vertex 77.7177 8.78229 9
      vertex 78.2227 8.75678 6
      vertex 77.7356 8.85368 9
    endloop
  endfacet
  facet normal 0.964837 -0.205284 0.16416
    outer loop
      vertex 78.2227 8.75678 6
      vertex 77.7177 8.78229 9
      vertex 78.2226 8.75631 6
    endloop
  endfacet
  facet normal 0.904756 0.393372 0.163322
    outer loop
      vertex 77.6929 9.28701 9
      vertex 78.152 9.47663 6
      vertex 78.1518 9.47709 6
    endloop
  endfacet
  facet normal 0.928909 0.332423 0.163165
    outer loop
      vertex 78.152 9.47663 6
      vertex 77.6929 9.28701 9
      vertex 77.7177 9.21771 9
    endloop
  endfacet
  facet normal -0.792742 -0.587316 0.163156
    outer loop
      vertex 75.9634 8.30738 6
      vertex 76.4202 8.5242 9
      vertex 76.3764 8.58332 9
    endloop
  endfacet
  facet normal -0.789305 -0.591979 0.162969
    outer loop
      vertex 76.4202 8.5242 9
      vertex 75.9634 8.30738 6
      vertex 75.9637 8.30698 6
    endloop
  endfacet
  facet normal -0.332086 0.929032 0.163152
    outer loop
      vertex 76.6381 10.193 6
      vertex 76.5234 10.152 6
      vertex 76.7823 9.7177 9
    endloop
  endfacet
  facet normal -0.957049 0.239667 0.163147
    outer loop
      vertex 75.807 9.36189 6
      vertex 75.7774 9.24369 6
      vertex 76.2823 9.21771 9
    endloop
  endfacet
  facet normal 0.928909 -0.332423 0.163165
    outer loop
      vertex 77.6929 8.71299 9
      vertex 78.152 8.52337 6
      vertex 77.7177 8.78229 9
    endloop
  endfacet
  facet normal 0.904756 -0.393372 0.163322
    outer loop
      vertex 78.152 8.52337 6
      vertex 77.6929 8.71299 9
      vertex 78.1518 8.52291 6
    endloop
  endfacet
  facet normal 0.975898 -0.144931 0.163148
    outer loop
      vertex 78.2407 8.8778 6
      vertex 77.7464 8.92649 9
      vertex 78.2228 8.75727 6
    endloop
  endfacet
  facet normal 0.891866 0.421845 0.163164
    outer loop
      vertex 78.0995 9.58768 6
      vertex 77.6614 9.35355 9
      vertex 78.1516 9.47753 6
    endloop
  endfacet
  facet normal 0.898098 0.408226 0.16362
    outer loop
      vertex 77.6614 9.35355 9
      vertex 78.1518 9.47709 6
      vertex 78.1516 9.47753 6
    endloop
  endfacet
  facet normal 0.891727 0.422143 0.163151
    outer loop
      vertex 78.1518 9.47709 6
      vertex 77.6614 9.35355 9
      vertex 77.6929 9.28701 9
    endloop
  endfacet
  facet normal 0.731162 -0.662411 0.163137
    outer loop
      vertex 77.9637 8.20911 6
      vertex 77.5798 8.5242 9
      vertex 77.8819 8.11882 6
    endloop
  endfacet
  facet normal -0.587791 0.792392 0.163143
    outer loop
      vertex 76.3074 10.0366 6
      vertex 76.5242 9.57976 9
      vertex 76.5833 9.6236 9
    endloop
  endfacet
  facet normal -0.591978 0.789304 0.162976
    outer loop
      vertex 76.5242 9.57976 9
      vertex 76.3074 10.0366 6
      vertex 76.307 10.0363 6
    endloop
  endfacet
  facet normal -0.929069 -0.331984 0.163151
    outer loop
      vertex 76.2823 8.78229 9
      vertex 75.807 8.63811 6
      vertex 75.848 8.52337 6
    endloop
  endfacet
  facet normal 0.846467 -0.506834 0.163136
    outer loop
      vertex 77.6236 8.58332 9
      vertex 78.0368 8.30779 6
      vertex 77.6614 8.64645 9
    endloop
  endfacet
  facet normal 0.886912 -0.43264 0.161892
    outer loop
      vertex 78.0368 8.30779 6
      vertex 77.6236 8.58332 9
      vertex 78.0366 8.30738 6
    endloop
  endfacet
  facet normal -0.898098 0.408226 0.16362
    outer loop
      vertex 75.8482 9.47709 6
      vertex 76.3386 9.35355 9
      vertex 75.8484 9.47753 6
    endloop
  endfacet
  facet normal -0.891727 0.422143 0.163151
    outer loop
      vertex 76.3386 9.35355 9
      vertex 75.8482 9.47709 6
      vertex 76.3071 9.28701 9
    endloop
  endfacet
  facet normal 0.975898 0.144931 0.163148
    outer loop
      vertex 78.2228 9.24273 6
      vertex 77.7464 9.07351 9
      vertex 78.2407 9.1222 6
    endloop
  endfacet
  facet normal 0.985405 -0.048578 0.16315
    outer loop
      vertex 78.2467 8.99951 6
      vertex 77.7464 8.92649 9
      vertex 78.2407 8.8778 6
    endloop
  endfacet
  facet normal 0.986569 0 0.163343
    outer loop
      vertex 77.75 9 9
      vertex 78.2467 8.99951 6
      vertex 78.2467 9 6
    endloop
  endfacet
  facet normal 0.985419 -0.0482588 0.16316
    outer loop
      vertex 78.2467 8.99951 6
      vertex 77.75 9 9
      vertex 77.7464 8.92649 9
    endloop
  endfacet
  facet normal 0.730508 -0.663124 0.163168
    outer loop
      vertex 77.5303 8.46967 9
      vertex 77.8819 8.11882 6
      vertex 77.5798 8.5242 9
    endloop
  endfacet
  facet normal 0.660005 -0.733339 0.163117
    outer loop
      vertex 77.8819 8.11882 6
      vertex 77.5303 8.46967 9
      vertex 77.8815 8.11846 6
    endloop
  endfacet
  facet normal 0.239743 -0.95703 0.163149
    outer loop
      vertex 77.3619 7.80699 6
      vertex 77.2177 8.28229 9
      vertex 77.2437 7.77738 6
    endloop
  endfacet
  facet normal 0.144967 0.975893 0.163151
    outer loop
      vertex 77.1222 10.2407 6
      vertex 77.0735 9.74639 9
      vertex 77.2427 10.2228 6
    endloop
  endfacet
  facet normal -0.731162 -0.662411 0.163137
    outer loop
      vertex 76.4202 8.5242 9
      vertex 76.0363 8.20911 6
      vertex 76.1181 8.11882 6
    endloop
  endfacet
  facet normal 0.441274 0.882548 0.162436
    outer loop
      vertex 77.4771 10.1518 6
      vertex 77.3535 9.66144 9
      vertex 77.4775 10.1516 6
    endloop
  endfacet
  facet normal 0.422022 0.891784 0.163152
    outer loop
      vertex 77.3535 9.66144 9
      vertex 77.4771 10.1518 6
      vertex 77.287 9.69291 9
    endloop
  endfacet
  facet normal -0.587626 -0.792514 0.163146
    outer loop
      vertex 76.5242 8.42024 9
      vertex 76.2091 8.0363 6
      vertex 76.307 7.96371 6
    endloop
  endfacet
  facet normal 0.587792 -0.792393 0.163138
    outer loop
      vertex 77.6926 7.96342 6
      vertex 77.4758 8.42024 9
      vertex 77.4167 8.3764 9
    endloop
  endfacet
  facet normal 0.579072 -0.79872 0.163471
    outer loop
      vertex 77.4758 8.42024 9
      vertex 77.6926 7.96342 6
      vertex 77.693 7.96371 6
    endloop
  endfacet
  facet normal 0.507601 0.846002 0.16316
    outer loop
      vertex 77.5877 10.0995 6
      vertex 77.3535 9.66144 9
      vertex 77.6922 10.0368 6
    endloop
  endfacet
  facet normal -0.966648 0.197275 0.163323
    outer loop
      vertex 75.7772 9.24273 6
      vertex 76.2644 9.14632 9
      vertex 75.7773 9.24322 6
    endloop
  endfacet
  facet normal -0.975925 0.14476 0.163142
    outer loop
      vertex 76.2644 9.14632 9
      vertex 75.7772 9.24273 6
      vertex 76.2536 9.07351 9
    endloop
  endfacet
  facet normal 0.506815 -0.846478 0.163139
    outer loop
      vertex 77.6922 7.96317 6
      vertex 77.4167 8.3764 9
      vertex 77.3535 8.33856 9
    endloop
  endfacet
  facet normal 0.522888 -0.836621 0.163258
    outer loop
      vertex 77.4167 8.3764 9
      vertex 77.6922 7.96317 6
      vertex 77.6926 7.96342 6
    endloop
  endfacet
  facet normal -0.975898 0.144931 0.163148
    outer loop
      vertex 75.7772 9.24273 6
      vertex 75.7593 9.1222 6
      vertex 76.2536 9.07351 9
    endloop
  endfacet
  facet normal 0.0483991 0.985412 0.163159
    outer loop
      vertex 77.0005 10.2467 6
      vertex 77 9.75 9
      vertex 77.0735 9.74639 9
    endloop
  endfacet
  facet normal 0 0.986569 0.163343
    outer loop
      vertex 77 9.75 9
      vertex 77.0005 10.2467 6
      vertex 77 10.2467 6
    endloop
  endfacet
  facet normal 0.366403 0.916008 0.163333
    outer loop
      vertex 77.4766 10.152 6
      vertex 77.287 9.69291 9
      vertex 77.4771 10.1518 6
    endloop
  endfacet
  facet normal 0.332305 0.928952 0.163159
    outer loop
      vertex 77.287 9.69291 9
      vertex 77.4766 10.152 6
      vertex 77.2177 9.7177 9
    endloop
  endfacet
  facet normal 0.662503 -0.731077 0.163148
    outer loop
      vertex 77.8812 8.11813 6
      vertex 77.4758 8.42024 9
      vertex 77.7909 8.0363 6
    endloop
  endfacet
  facet normal -0.846045 -0.50753 0.163162
    outer loop
      vertex 76.3386 8.64645 9
      vertex 75.9005 8.41231 6
      vertex 75.9632 8.30779 6
    endloop
  endfacet
  facet normal 0.507304 -0.846181 0.163157
    outer loop
      vertex 77.6922 7.96317 6
      vertex 77.3535 8.33856 9
      vertex 77.5877 7.90052 6
    endloop
  endfacet
  facet normal 0.89188 -0.421813 0.163165
    outer loop
      vertex 78.1516 8.52247 6
      vertex 77.6614 8.64645 9
      vertex 78.0995 8.41231 6
    endloop
  endfacet
  facet normal -0.731162 0.662411 0.16314
    outer loop
      vertex 76.1181 9.88118 6
      vertex 76.0363 9.79089 6
      vertex 76.4202 9.47579 9
    endloop
  endfacet
  facet normal -0.421689 -0.891941 0.163155
    outer loop
      vertex 76.6465 8.33856 9
      vertex 76.4123 7.90052 6
      vertex 76.5225 7.84842 6
    endloop
  endfacet
  facet normal 0.964837 0.205284 0.16416
    outer loop
      vertex 77.7177 9.21771 9
      vertex 78.2227 9.24322 6
      vertex 78.2226 9.24369 6
    endloop
  endfacet
  facet normal 0.956981 0.239949 0.163132
    outer loop
      vertex 78.2227 9.24322 6
      vertex 77.7177 9.21771 9
      vertex 77.7356 9.14632 9
    endloop
  endfacet
  facet normal 0.966648 0.197275 0.163323
    outer loop
      vertex 77.7356 9.14632 9
      vertex 78.2228 9.24273 6
      vertex 78.2227 9.24322 6
    endloop
  endfacet
  facet normal 0.975925 0.14476 0.163142
    outer loop
      vertex 78.2228 9.24273 6
      vertex 77.7356 9.14632 9
      vertex 77.7464 9.07351 9
    endloop
  endfacet
  facet normal 0.421689 0.89194 0.163161
    outer loop
      vertex 77.4775 10.1516 6
      vertex 77.3535 9.66144 9
      vertex 77.5877 10.0995 6
    endloop
  endfacet
  facet normal 0.0485819 0.985404 0.163154
    outer loop
      vertex 77.1222 10.2407 6
      vertex 77.0005 10.2467 6
      vertex 77.0735 9.74639 9
    endloop
  endfacet
  facet normal -0.985405 -0.048578 0.16315
    outer loop
      vertex 76.2536 8.92649 9
      vertex 75.7533 8.99951 6
      vertex 75.7593 8.8778 6
    endloop
  endfacet
  facet normal -0.211953 -0.963424 0.163984
    outer loop
      vertex 76.7568 7.77727 6
      vertex 76.7823 8.28229 9
      vertex 76.7563 7.77738 6
    endloop
  endfacet
  facet normal -0.239665 -0.95705 0.163147
    outer loop
      vertex 76.7823 8.28229 9
      vertex 76.7568 7.77727 6
      vertex 76.8537 8.26441 9
    endloop
  endfacet
  facet normal -0.78208 0.6016 0.162566
    outer loop
      vertex 75.9634 9.69262 6
      vertex 76.4202 9.47579 9
      vertex 75.9637 9.69301 6
    endloop
  endfacet
  facet normal -0.792695 0.58738 0.163155
    outer loop
      vertex 76.4202 9.47579 9
      vertex 75.9634 9.69262 6
      vertex 76.3764 9.41668 9
    endloop
  endfacet
  facet normal 0.193446 0.967229 0.164461
    outer loop
      vertex 77.2432 10.2227 6
      vertex 77.2177 9.7177 9
      vertex 77.2437 10.2226 6
    endloop
  endfacet
  facet normal 0.239791 0.95702 0.163137
    outer loop
      vertex 77.2177 9.7177 9
      vertex 77.2432 10.2227 6
      vertex 77.1463 9.73559 9
    endloop
  endfacet
  facet normal 0.891727 -0.422143 0.163151
    outer loop
      vertex 77.6614 8.64645 9
      vertex 78.1518 8.52291 6
      vertex 77.6929 8.71299 9
    endloop
  endfacet
  facet normal 0.898098 -0.408226 0.16362
    outer loop
      vertex 78.1518 8.52291 6
      vertex 77.6614 8.64645 9
      vertex 78.1516 8.52247 6
    endloop
  endfacet
  facet normal 0.975925 -0.14476 0.163142
    outer loop
      vertex 77.7356 8.85368 9
      vertex 78.2228 8.75727 6
      vertex 77.7464 8.92649 9
    endloop
  endfacet
  facet normal 0.966648 -0.197275 0.163323
    outer loop
      vertex 78.2228 8.75727 6
      vertex 77.7356 8.85368 9
      vertex 78.2227 8.75678 6
    endloop
  endfacet
  facet normal -0.332446 -0.928904 0.163149
    outer loop
      vertex 76.7823 8.28229 9
      vertex 76.5234 7.84804 6
      vertex 76.6381 7.80699 6
    endloop
  endfacet
  facet normal -0.846467 -0.506834 0.163136
    outer loop
      vertex 75.9632 8.30779 6
      vertex 76.3764 8.58332 9
      vertex 76.3386 8.64645 9
    endloop
  endfacet
  facet normal -0.886912 -0.43264 0.161892
    outer loop
      vertex 76.3764 8.58332 9
      vertex 75.9632 8.30779 6
      vertex 75.9634 8.30738 6
    endloop
  endfacet
  facet normal 0.239667 0.957049 0.163148
    outer loop
      vertex 77.2437 10.2226 6
      vertex 77.2177 9.7177 9
      vertex 77.3619 10.193 6
    endloop
  endfacet
  facet normal 0.78208 0.6016 0.162566
    outer loop
      vertex 77.5798 9.47579 9
      vertex 78.0366 9.69262 6
      vertex 78.0363 9.69301 6
    endloop
  endfacet
  facet normal 0.792695 0.58738 0.163155
    outer loop
      vertex 78.0366 9.69262 6
      vertex 77.5798 9.47579 9
      vertex 77.6236 9.41668 9
    endloop
  endfacet
  facet normal -0.846066 0.507494 0.16316
    outer loop
      vertex 75.9632 9.69221 6
      vertex 75.9005 9.58768 6
      vertex 76.3386 9.35355 9
    endloop
  endfacet
  facet normal -0.904756 0.393372 0.163322
    outer loop
      vertex 75.848 9.47663 6
      vertex 76.3071 9.28701 9
      vertex 75.8482 9.47709 6
    endloop
  endfacet
  facet normal -0.928909 0.332423 0.163165
    outer loop
      vertex 76.3071 9.28701 9
      vertex 75.848 9.47663 6
      vertex 76.2823 9.21771 9
    endloop
  endfacet
  facet normal -0.985405 0.048578 0.16315
    outer loop
      vertex 75.7593 9.1222 6
      vertex 75.7533 9.00049 6
      vertex 76.2536 9.07351 9
    endloop
  endfacet
  facet normal -0.522888 -0.836621 0.163258
    outer loop
      vertex 76.3078 7.96317 6
      vertex 76.5833 8.3764 9
      vertex 76.3074 7.96342 6
    endloop
  endfacet
  facet normal -0.506815 -0.846478 0.163139
    outer loop
      vertex 76.5833 8.3764 9
      vertex 76.3078 7.96317 6
      vertex 76.6465 8.33856 9
    endloop
  endfacet
  facet normal -0.317597 -0.93411 0.163006
    outer loop
      vertex 76.5234 7.84804 6
      vertex 76.713 8.30709 9
      vertex 76.5229 7.84821 6
    endloop
  endfacet
  facet normal -0.332424 -0.928912 0.163148
    outer loop
      vertex 76.713 8.30709 9
      vertex 76.5234 7.84804 6
      vertex 76.7823 8.28229 9
    endloop
  endfacet
  facet normal -0.239743 -0.95703 0.163149
    outer loop
      vertex 76.7823 8.28229 9
      vertex 76.6381 7.80699 6
      vertex 76.7563 7.77738 6
    endloop
  endfacet
  facet normal -0.507304 -0.846181 0.163157
    outer loop
      vertex 76.6465 8.33856 9
      vertex 76.3078 7.96317 6
      vertex 76.4123 7.90052 6
    endloop
  endfacet
  facet normal -0.662503 0.731077 0.163148
    outer loop
      vertex 76.2091 9.9637 6
      vertex 76.1188 9.88187 6
      vertex 76.5242 9.57976 9
    endloop
  endfacet
  facet normal -0.458716 -0.873744 0.161713
    outer loop
      vertex 76.5229 7.84821 6
      vertex 76.6465 8.33856 9
      vertex 76.5225 7.84842 6
    endloop
  endfacet
  facet normal -0.422022 -0.891785 0.163149
    outer loop
      vertex 76.6465 8.33856 9
      vertex 76.5229 7.84821 6
      vertex 76.713 8.30709 9
    endloop
  endfacet
  facet normal 0.144808 -0.975916 0.163149
    outer loop
      vertex 77.2427 7.77719 6
      vertex 77.0735 8.25361 9
      vertex 77.1222 7.75931 6
    endloop
  endfacet
  facet normal 0.792391 -0.587796 0.163136
    outer loop
      vertex 78.0363 8.30698 6
      vertex 77.5798 8.5242 9
      vertex 77.9637 8.20911 6
    endloop
  endfacet
  facet normal -0.0483992 -0.985414 0.163147
    outer loop
      vertex 76.9995 7.75334 6
      vertex 77 8.25 9
      vertex 76.9265 8.25361 9
    endloop
  endfacet
  facet normal -0.0590908 -0.984846 0.163054
    outer loop
      vertex 77 8.25 9
      vertex 76.9995 7.75334 6
      vertex 77 7.75331 6
    endloop
  endfacet
  facet normal -0.239791 0.95702 0.163137
    outer loop
      vertex 76.7568 10.2227 6
      vertex 76.7823 9.7177 9
      vertex 76.8537 9.73559 9
    endloop
  endfacet
  facet normal -0.193446 0.967229 0.164461
    outer loop
      vertex 76.7823 9.7177 9
      vertex 76.7568 10.2227 6
      vertex 76.7563 10.2226 6
    endloop
  endfacet
  facet normal 0.193483 0.967413 0.163328
    outer loop
      vertex 77.2427 10.2228 6
      vertex 77.1463 9.73559 9
      vertex 77.2432 10.2227 6
    endloop
  endfacet
  facet normal 0.14478 0.975921 0.163145
    outer loop
      vertex 77.1463 9.73559 9
      vertex 77.2427 10.2228 6
      vertex 77.0735 9.74639 9
    endloop
  endfacet
  facet normal -0.957049 -0.239667 0.163147
    outer loop
      vertex 76.2823 8.78229 9
      vertex 75.7774 8.75631 6
      vertex 75.807 8.63811 6
    endloop
  endfacet
  facet normal -0.14478 0.975921 0.163145
    outer loop
      vertex 76.7573 10.2228 6
      vertex 76.8537 9.73559 9
      vertex 76.9265 9.74639 9
    endloop
  endfacet
  facet normal -0.193483 0.967413 0.163328
    outer loop
      vertex 76.8537 9.73559 9
      vertex 76.7573 10.2228 6
      vertex 76.7568 10.2227 6
    endloop
  endfacet
  facet normal -0.891727 -0.422143 0.163151
    outer loop
      vertex 75.8482 8.52291 6
      vertex 76.3386 8.64645 9
      vertex 76.3071 8.71299 9
    endloop
  endfacet
  facet normal -0.898098 -0.408226 0.16362
    outer loop
      vertex 76.3386 8.64645 9
      vertex 75.8482 8.52291 6
      vertex 75.8484 8.52247 6
    endloop
  endfacet
  facet normal -0.89188 -0.421813 0.163165
    outer loop
      vertex 76.3386 8.64645 9
      vertex 75.8484 8.52247 6
      vertex 75.9005 8.41231 6
    endloop
  endfacet
  facet normal -0.891866 0.421845 0.163164
    outer loop
      vertex 75.9005 9.58768 6
      vertex 75.8484 9.47753 6
      vertex 76.3386 9.35355 9
    endloop
  endfacet
  facet normal -0.886912 0.43264 0.161892
    outer loop
      vertex 75.9632 9.69221 6
      vertex 76.3764 9.41668 9
      vertex 75.9634 9.69262 6
    endloop
  endfacet
  facet normal -0.846467 0.506834 0.163136
    outer loop
      vertex 76.3764 9.41668 9
      vertex 75.9632 9.69221 6
      vertex 76.3386 9.35355 9
    endloop
  endfacet
  facet normal 0.332446 -0.928904 0.163149
    outer loop
      vertex 77.4766 7.84804 6
      vertex 77.2177 8.28229 9
      vertex 77.3619 7.80699 6
    endloop
  endfacet
  facet normal 0.332424 -0.928912 0.163148
    outer loop
      vertex 77.4766 7.84804 6
      vertex 77.287 8.30709 9
      vertex 77.2177 8.28229 9
    endloop
  endfacet
  facet normal 0.317597 -0.93411 0.163006
    outer loop
      vertex 77.287 8.30709 9
      vertex 77.4766 7.84804 6
      vertex 77.4771 7.84821 6
    endloop
  endfacet
  facet normal -0.792419 0.587757 0.163137
    outer loop
      vertex 76.0363 9.79089 6
      vertex 75.9637 9.69301 6
      vertex 76.4202 9.47579 9
    endloop
  endfacet
  facet normal -0.660005 0.733339 0.163117
    outer loop
      vertex 76.1181 9.88118 6
      vertex 76.4697 9.53033 9
      vertex 76.1185 9.88154 6
    endloop
  endfacet
  facet normal -0.730569 0.663058 0.163167
    outer loop
      vertex 76.4697 9.53033 9
      vertex 76.1181 9.88118 6
      vertex 76.4202 9.47579 9
    endloop
  endfacet
  facet normal 0.662503 0.731077 0.163148
    outer loop
      vertex 77.7909 9.9637 6
      vertex 77.4758 9.57976 9
      vertex 77.8812 9.88187 6
    endloop
  endfacet
  facet normal -0.587678 0.792475 0.163147
    outer loop
      vertex 76.307 10.0363 6
      vertex 76.2091 9.9637 6
      vertex 76.5242 9.57976 9
    endloop
  endfacet
  facet normal -0.421689 0.89194 0.163161
    outer loop
      vertex 76.5225 10.1516 6
      vertex 76.4123 10.0995 6
      vertex 76.6465 9.66144 9
    endloop
  endfacet
  facet normal -0.730508 -0.663124 0.163168
    outer loop
      vertex 76.1181 8.11882 6
      vertex 76.4697 8.46967 9
      vertex 76.4202 8.5242 9
    endloop
  endfacet
  facet normal -0.660005 -0.733339 0.163117
    outer loop
      vertex 76.4697 8.46967 9
      vertex 76.1181 8.11882 6
      vertex 76.1185 8.11846 6
    endloop
  endfacet
  facet normal -0.579072 -0.79872 0.163471
    outer loop
      vertex 76.3074 7.96342 6
      vertex 76.5242 8.42024 9
      vertex 76.307 7.96371 6
    endloop
  endfacet
  facet normal -0.587792 -0.792393 0.163138
    outer loop
      vertex 76.5242 8.42024 9
      vertex 76.3074 7.96342 6
      vertex 76.5833 8.3764 9
    endloop
  endfacet
  facet normal -0.964837 0.205284 0.16416
    outer loop
      vertex 75.7773 9.24322 6
      vertex 76.2823 9.21771 9
      vertex 75.7774 9.24369 6
    endloop
  endfacet
  facet normal -0.956981 0.239949 0.163132
    outer loop
      vertex 76.2823 9.21771 9
      vertex 75.7773 9.24322 6
      vertex 76.2644 9.14632 9
    endloop
  endfacet
  facet normal -0.730025 -0.663659 0.163156
    outer loop
      vertex 76.1188 8.11813 6
      vertex 76.4697 8.46967 9
      vertex 76.1185 8.11846 6
    endloop
  endfacet
  facet normal -0.662811 -0.730795 0.163161
    outer loop
      vertex 76.4697 8.46967 9
      vertex 76.1188 8.11813 6
      vertex 76.5242 8.42024 9
    endloop
  endfacet
  facet normal -0.155872 -0.974198 0.163225
    outer loop
      vertex 76.7573 7.77719 6
      vertex 76.8537 8.26441 9
      vertex 76.7568 7.77727 6
    endloop
  endfacet
  facet normal -0.144779 -0.975921 0.163148
    outer loop
      vertex 76.8537 8.26441 9
      vertex 76.7573 7.77719 6
      vertex 76.9265 8.25361 9
    endloop
  endfacet
  facet normal -0.422022 0.891784 0.163152
    outer loop
      vertex 76.5229 10.1518 6
      vertex 76.6465 9.66144 9
      vertex 76.713 9.69291 9
    endloop
  endfacet
  facet normal -0.441274 0.882548 0.162436
    outer loop
      vertex 76.6465 9.66144 9
      vertex 76.5229 10.1518 6
      vertex 76.5225 10.1516 6
    endloop
  endfacet
  facet normal -0.332305 0.928952 0.163159
    outer loop
      vertex 76.5234 10.152 6
      vertex 76.713 9.69291 9
      vertex 76.7823 9.7177 9
    endloop
  endfacet
  facet normal -0.366403 0.916008 0.163333
    outer loop
      vertex 76.713 9.69291 9
      vertex 76.5234 10.152 6
      vertex 76.5229 10.1518 6
    endloop
  endfacet
  facet normal 0 0 1
    outer loop
      vertex 77.7464 9.07351 9
      vertex 77.7464 8.92649 9
      vertex 77.75 9 9
    endloop
  endfacet
  facet normal 0 0 1
    outer loop
      vertex 77.7356 9.14632 9
      vertex 77.7464 8.92649 9
      vertex 77.7464 9.07351 9
    endloop
  endfacet
  facet normal 0 0 1
    outer loop
      vertex 77.7356 9.14632 9
      vertex 77.7356 8.85368 9
      vertex 77.7464 8.92649 9
    endloop
  endfacet
  facet normal 0 0 1
    outer loop
      vertex 77.7177 9.21771 9
      vertex 77.7356 8.85368 9
      vertex 77.7356 9.14632 9
    endloop
  endfacet
  facet normal 0 0 1
    outer loop
      vertex 77.7177 9.21771 9
      vertex 77.7177 8.78229 9
      vertex 77.7356 8.85368 9
    endloop
  endfacet
  facet normal 0 0 1
    outer loop
      vertex 77.6929 9.28701 9
      vertex 77.7177 8.78229 9
      vertex 77.7177 9.21771 9
    endloop
  endfacet
  facet normal 0 0 1
    outer loop
      vertex 77.6929 9.28701 9
      vertex 77.6929 8.71299 9
      vertex 77.7177 8.78229 9
    endloop
  endfacet
  facet normal 0 0 1
    outer loop
      vertex 77.6614 9.35355 9
      vertex 77.6929 8.71299 9
      vertex 77.6929 9.28701 9
    endloop
  endfacet
  facet normal 0 0 1
    outer loop
      vertex 77.6614 9.35355 9
      vertex 77.6614 8.64645 9
      vertex 77.6929 8.71299 9
    endloop
  endfacet
  facet normal 0 0 1
    outer loop
      vertex 77.6236 9.41668 9
      vertex 77.6614 8.64645 9
      vertex 77.6614 9.35355 9
    endloop
  endfacet
  facet normal 0 0 1
    outer loop
      vertex 77.6236 9.41668 9
      vertex 77.6236 8.58332 9
      vertex 77.6614 8.64645 9
    endloop
  endfacet
  facet normal 0 0 1
    outer loop
      vertex 77.5798 9.47579 9
      vertex 77.6236 8.58332 9
      vertex 77.6236 9.41668 9
    endloop
  endfacet
  facet normal 0 0 1
    outer loop
      vertex 77.5798 9.47579 9
      vertex 77.5798 8.5242 9
      vertex 77.6236 8.58332 9
    endloop
  endfacet
  facet normal 0 0 1
    outer loop
      vertex 77.5303 9.53033 9
      vertex 77.5798 8.5242 9
      vertex 77.5798 9.47579 9
    endloop
  endfacet
  facet normal 0 0 1
    outer loop
      vertex 77.5303 9.53033 9
      vertex 77.5303 8.46967 9
      vertex 77.5798 8.5242 9
    endloop
  endfacet
  facet normal 0 0 1
    outer loop
      vertex 77.4758 9.57976 9
      vertex 77.5303 8.46967 9
      vertex 77.5303 9.53033 9
    endloop
  endfacet
  facet normal 0 0 1
    outer loop
      vertex 77.4758 9.57976 9
      vertex 77.4758 8.42024 9
      vertex 77.5303 8.46967 9
    endloop
  endfacet
  facet normal 0 0 1
    outer loop
      vertex 77.4167 9.6236 9
      vertex 77.4758 8.42024 9
      vertex 77.4758 9.57976 9
    endloop
  endfacet
  facet normal 0 0 1
    outer loop
      vertex 77.4167 9.6236 9
      vertex 77.4167 8.3764 9
      vertex 77.4758 8.42024 9
    endloop
  endfacet
  facet normal 0 0 1
    outer loop
      vertex 77.3535 9.66144 9
      vertex 77.4167 8.3764 9
      vertex 77.4167 9.6236 9
    endloop
  endfacet
  facet normal 0 0 1
    outer loop
      vertex 77.3535 9.66144 9
      vertex 77.3535 8.33856 9
      vertex 77.4167 8.3764 9
    endloop
  endfacet
  facet normal 0 0 1
    outer loop
      vertex 77.287 9.69291 9
      vertex 77.3535 8.33856 9
      vertex 77.3535 9.66144 9
    endloop
  endfacet
  facet normal 0 0 1
    outer loop
      vertex 77.287 9.69291 9
      vertex 77.287 8.30709 9
      vertex 77.3535 8.33856 9
    endloop
  endfacet
  facet normal 0 0 1
    outer loop
      vertex 77.2177 9.7177 9
      vertex 77.287 8.30709 9
      vertex 77.287 9.69291 9
    endloop
  endfacet
  facet normal 0 0 1
    outer loop
      vertex 77.2177 9.7177 9
      vertex 77.2177 8.28229 9
      vertex 77.287 8.30709 9
    endloop
  endfacet
  facet normal 0 0 1
    outer loop
      vertex 77.1463 9.73559 9
      vertex 77.2177 8.28229 9
      vertex 77.2177 9.7177 9
    endloop
  endfacet
  facet normal 0 0 1
    outer loop
      vertex 77.1463 9.73559 9
      vertex 77.1463 8.26441 9
      vertex 77.2177 8.28229 9
    endloop
  endfacet
  facet normal 0 0 1
    outer loop
      vertex 77.0735 9.74639 9
      vertex 77.1463 8.26441 9
      vertex 77.1463 9.73559 9
    endloop
  endfacet
  facet normal 0 0 1
    outer loop
      vertex 77.0735 9.74639 9
      vertex 77.0735 8.25361 9
      vertex 77.1463 8.26441 9
    endloop
  endfacet
  facet normal 0 0 1
    outer loop
      vertex 77 9.75 9
      vertex 77.0735 8.25361 9
      vertex 77.0735 9.74639 9
    endloop
  endfacet
  facet normal 0 0 1
    outer loop
      vertex 77 9.75 9
      vertex 77 8.25 9
      vertex 77.0735 8.25361 9
    endloop
  endfacet
  facet normal -0 0 1
    outer loop
      vertex 76.9265 9.74639 9
      vertex 77 8.25 9
      vertex 77 9.75 9
    endloop
  endfacet
  facet normal 0 0 1
    outer loop
      vertex 76.9265 9.74639 9
      vertex 76.9265 8.25361 9
      vertex 77 8.25 9
    endloop
  endfacet
  facet normal -0 0 1
    outer loop
      vertex 76.8537 9.73559 9
      vertex 76.9265 8.25361 9
      vertex 76.9265 9.74639 9
    endloop
  endfacet
  facet normal 0 0 1
    outer loop
      vertex 76.8537 9.73559 9
      vertex 76.8537 8.26441 9
      vertex 76.9265 8.25361 9
    endloop
  endfacet
  facet normal -0 0 1
    outer loop
      vertex 76.7823 9.7177 9
      vertex 76.8537 8.26441 9
      vertex 76.8537 9.73559 9
    endloop
  endfacet
  facet normal 0 0 1
    outer loop
      vertex 76.7823 9.7177 9
      vertex 76.7823 8.28229 9
      vertex 76.8537 8.26441 9
    endloop
  endfacet
  facet normal -0 0 1
    outer loop
      vertex 76.713 9.69291 9
      vertex 76.7823 8.28229 9
      vertex 76.7823 9.7177 9
    endloop
  endfacet
  facet normal 0 0 1
    outer loop
      vertex 76.713 9.69291 9
      vertex 76.713 8.30709 9
      vertex 76.7823 8.28229 9
    endloop
  endfacet
  facet normal -0 0 1
    outer loop
      vertex 76.6465 9.66144 9
      vertex 76.713 8.30709 9
      vertex 76.713 9.69291 9
    endloop
  endfacet
  facet normal 0 0 1
    outer loop
      vertex 76.6465 9.66144 9
      vertex 76.6465 8.33856 9
      vertex 76.713 8.30709 9
    endloop
  endfacet
  facet normal -0 0 1
    outer loop
      vertex 76.5833 9.6236 9
      vertex 76.6465 8.33856 9
      vertex 76.6465 9.66144 9
    endloop
  endfacet
  facet normal 0 0 1
    outer loop
      vertex 76.5833 9.6236 9
      vertex 76.5833 8.3764 9
      vertex 76.6465 8.33856 9
    endloop
  endfacet
  facet normal -0 0 1
    outer loop
      vertex 76.5242 9.57976 9
      vertex 76.5833 8.3764 9
      vertex 76.5833 9.6236 9
    endloop
  endfacet
  facet normal 0 0 1
    outer loop
      vertex 76.5242 9.57976 9
      vertex 76.5242 8.42024 9
      vertex 76.5833 8.3764 9
    endloop
  endfacet
  facet normal -0 0 1
    outer loop
      vertex 76.4697 9.53033 9
      vertex 76.5242 8.42024 9
      vertex 76.5242 9.57976 9
    endloop
  endfacet
  facet normal 0 0 1
    outer loop
      vertex 76.4697 9.53033 9
      vertex 76.4697 8.46967 9
      vertex 76.5242 8.42024 9
    endloop
  endfacet
  facet normal -0 0 1
    outer loop
      vertex 76.4202 9.47579 9
      vertex 76.4697 8.46967 9
      vertex 76.4697 9.53033 9
    endloop
  endfacet
  facet normal 0 0 1
    outer loop
      vertex 76.4202 9.47579 9
      vertex 76.4202 8.5242 9
      vertex 76.4697 8.46967 9
    endloop
  endfacet
  facet normal -0 0 1
    outer loop
      vertex 76.3764 9.41668 9
      vertex 76.4202 8.5242 9
      vertex 76.4202 9.47579 9
    endloop
  endfacet
  facet normal 0 0 1
    outer loop
      vertex 76.3764 9.41668 9
      vertex 76.3764 8.58332 9
      vertex 76.4202 8.5242 9
    endloop
  endfacet
  facet normal -0 0 1
    outer loop
      vertex 76.3386 9.35355 9
      vertex 76.3764 8.58332 9
      vertex 76.3764 9.41668 9
    endloop
  endfacet
  facet normal 0 0 1
    outer loop
      vertex 76.3386 9.35355 9
      vertex 76.3386 8.64645 9
      vertex 76.3764 8.58332 9
    endloop
  endfacet
  facet normal -0 0 1
    outer loop
      vertex 76.3071 9.28701 9
      vertex 76.3386 8.64645 9
      vertex 76.3386 9.35355 9
    endloop
  endfacet
  facet normal 0 0 1
    outer loop
      vertex 76.3071 9.28701 9
      vertex 76.3071 8.71299 9
      vertex 76.3386 8.64645 9
    endloop
  endfacet
  facet normal -0 0 1
    outer loop
      vertex 76.2823 9.21771 9
      vertex 76.3071 8.71299 9
      vertex 76.3071 9.28701 9
    endloop
  endfacet
  facet normal 0 0 1
    outer loop
      vertex 76.2823 9.21771 9
      vertex 76.2823 8.78229 9
      vertex 76.3071 8.71299 9
    endloop
  endfacet
  facet normal -0 0 1
    outer loop
      vertex 76.2644 9.14632 9
      vertex 76.2823 8.78229 9
      vertex 76.2823 9.21771 9
    endloop
  endfacet
  facet normal 0 0 1
    outer loop
      vertex 76.2644 9.14632 9
      vertex 76.2644 8.85368 9
      vertex 76.2823 8.78229 9
    endloop
  endfacet
  facet normal -0 0 1
    outer loop
      vertex 76.2536 9.07351 9
      vertex 76.2644 8.85368 9
      vertex 76.2644 9.14632 9
    endloop
  endfacet
  facet normal 0 0 1
    outer loop
      vertex 76.2536 9.07351 9
      vertex 76.2536 8.92649 9
      vertex 76.2644 8.85368 9
    endloop
  endfacet
  facet normal 0 -0 1
    outer loop
      vertex 76.2536 8.92649 9
      vertex 76.2536 9.07351 9
      vertex 76.25 9 9
    endloop
  endfacet
  facet normal 0.660005 0.733339 0.163117
    outer loop
      vertex 77.5303 9.53033 9
      vertex 77.8819 9.88118 6
      vertex 77.8815 9.88154 6
    endloop
  endfacet
  facet normal 0.730569 0.663058 0.163167
    outer loop
      vertex 77.8819 9.88118 6
      vertex 77.5303 9.53033 9
      vertex 77.5798 9.47579 9
    endloop
  endfacet
  facet normal -0.975925 -0.14476 0.163142
    outer loop
      vertex 75.7772 8.75727 6
      vertex 76.2644 8.85368 9
      vertex 76.2536 8.92649 9
    endloop
  endfacet
  facet normal -0.966648 -0.197275 0.163323
    outer loop
      vertex 76.2644 8.85368 9
      vertex 75.7772 8.75727 6
      vertex 75.7773 8.75678 6
    endloop
  endfacet
  facet normal -0.956981 -0.239949 0.163132
    outer loop
      vertex 75.7773 8.75678 6
      vertex 76.2823 8.78229 9
      vertex 76.2644 8.85368 9
    endloop
  endfacet
  facet normal -0.964837 -0.205284 0.16416
    outer loop
      vertex 76.2823 8.78229 9
      vertex 75.7773 8.75678 6
      vertex 75.7774 8.75631 6
    endloop
  endfacet
  facet normal 0.366492 0.91623 0.161886
    outer loop
      vertex 77.3619 38.793 6
      vertex 77.287 38.2929 9
      vertex 77.3624 38.7928 6
    endloop
  endfacet
  facet normal 0.332424 0.928911 0.163149
    outer loop
      vertex 77.287 38.2929 9
      vertex 77.3619 38.793 6
      vertex 77.2177 38.3177 9
    endloop
  endfacet
  facet normal 0.366461 0.916152 0.162397
    outer loop
      vertex 77.5872 38.6997 6
      vertex 77.3535 38.2614 9
      vertex 77.5877 38.6995 6
    endloop
  endfacet
  facet normal 0.422349 0.891626 0.163168
    outer loop
      vertex 77.3535 38.2614 9
      vertex 77.5872 38.6997 6
      vertex 77.287 38.2929 9
    endloop
  endfacet
  facet normal -0.891938 0.421688 0.163173
    outer loop
      vertex 75.9005 38.1877 6
      vertex 75.8484 38.0775 6
      vertex 76.3386 37.9535 9
    endloop
  endfacet
  facet normal -0.587679 -0.792477 0.163137
    outer loop
      vertex 76.5242 37.0202 9
      vertex 76.2091 36.6363 6
      vertex 76.307 36.5637 6
    endloop
  endfacet
  facet normal 0.985418 0.0482654 0.16316
    outer loop
      vertex 77.75 37.6 9
      vertex 78.2467 37.6005 6
      vertex 77.7464 37.6735 9
    endloop
  endfacet
  facet normal 0.986569 0 0.163343
    outer loop
      vertex 78.2467 37.6005 6
      vertex 77.75 37.6 9
      vertex 78.2467 37.6 6
    endloop
  endfacet
  facet normal 0.985404 0.048582 0.16315
    outer loop
      vertex 78.2407 37.7222 6
      vertex 77.7464 37.6735 9
      vertex 78.2467 37.6005 6
    endloop
  endfacet
  facet normal 0.891629 -0.42235 0.163152
    outer loop
      vertex 77.6614 37.2465 9
      vertex 78.1518 37.1229 6
      vertex 77.6929 37.313 9
    endloop
  endfacet
  facet normal 0.882547 -0.441273 0.162447
    outer loop
      vertex 78.1518 37.1229 6
      vertex 77.6614 37.2465 9
      vertex 78.1516 37.1225 6
    endloop
  endfacet
  facet normal -0.5076 0.846001 0.163171
    outer loop
      vertex 76.4123 38.6995 6
      vertex 76.3078 38.6368 6
      vertex 76.6465 38.2614 9
    endloop
  endfacet
  facet normal -0.0482654 -0.985418 0.16316
    outer loop
      vertex 76.9995 36.3533 6
      vertex 77 36.85 9
      vertex 76.9265 36.8536 9
    endloop
  endfacet
  facet normal 0 -0.986569 0.163343
    outer loop
      vertex 77 36.85 9
      vertex 76.9995 36.3533 6
      vertex 77 36.3533 6
    endloop
  endfacet
  facet normal -0.986569 0 0.163343
    outer loop
      vertex 76.25 37.6 9
      vertex 75.7533 37.6005 6
      vertex 75.7533 37.6 6
    endloop
  endfacet
  facet normal -0.985418 0.0482654 0.16316
    outer loop
      vertex 75.7533 37.6005 6
      vertex 76.25 37.6 9
      vertex 76.2536 37.6735 9
    endloop
  endfacet
  facet normal -0.986569 0 0.163343
    outer loop
      vertex 75.7533 37.5995 6
      vertex 76.25 37.6 9
      vertex 75.7533 37.6 6
    endloop
  endfacet
  facet normal -0.985418 -0.0482654 0.16316
    outer loop
      vertex 76.25 37.6 9
      vertex 75.7533 37.5995 6
      vertex 76.2536 37.5265 9
    endloop
  endfacet
  facet normal -0.846715 -0.506421 0.163127
    outer loop
      vertex 75.9632 36.9078 6
      vertex 76.3764 37.1833 9
      vertex 76.3386 37.2465 9
    endloop
  endfacet
  facet normal -0.882599 -0.4413 0.162089
    outer loop
      vertex 76.3764 37.1833 9
      vertex 75.9632 36.9078 6
      vertex 75.9634 36.9074 6
    endloop
  endfacet
  facet normal -0.66237 -0.731198 0.16314
    outer loop
      vertex 76.5242 37.0202 9
      vertex 76.1188 36.7181 6
      vertex 76.2091 36.6363 6
    endloop
  endfacet
  facet normal -0.792476 -0.587679 0.163144
    outer loop
      vertex 76.3764 37.1833 9
      vertex 75.9634 36.9074 6
      vertex 76.036 36.8095 6
    endloop
  endfacet
  facet normal 0.891938 0.421688 0.163173
    outer loop
      vertex 78.0995 38.1877 6
      vertex 77.6614 37.9535 9
      vertex 78.1516 38.0775 6
    endloop
  endfacet
  facet normal 0.846001 0.5076 0.163171
    outer loop
      vertex 78.0368 38.2922 6
      vertex 77.6614 37.9535 9
      vertex 78.0995 38.1877 6
    endloop
  endfacet
  facet normal -0.239917 0.956989 0.163132
    outer loop
      vertex 76.7568 38.8227 6
      vertex 76.7823 38.3177 9
      vertex 76.8537 38.3356 9
    endloop
  endfacet
  facet normal -0.193446 0.967229 0.164461
    outer loop
      vertex 76.7823 38.3177 9
      vertex 76.7568 38.8227 6
      vertex 76.7563 38.8226 6
    endloop
  endfacet
  facet normal 0.891938 -0.421688 0.163173
    outer loop
      vertex 78.1516 37.1225 6
      vertex 77.6614 37.2465 9
      vertex 78.0995 37.0123 6
    endloop
  endfacet
  facet normal 0.79265 -0.587446 0.163135
    outer loop
      vertex 77.5798 37.1242 9
      vertex 77.964 36.8095 6
      vertex 77.6236 37.1833 9
    endloop
  endfacet
  facet normal 0.789278 -0.591958 0.163177
    outer loop
      vertex 77.964 36.8095 6
      vertex 77.5798 37.1242 9
      vertex 77.9637 36.8091 6
    endloop
  endfacet
  facet normal -0.985404 -0.048582 0.16315
    outer loop
      vertex 76.2536 37.5265 9
      vertex 75.7533 37.5995 6
      vertex 75.7593 37.4778 6
    endloop
  endfacet
  facet normal 0.239917 -0.956987 0.163143
    outer loop
      vertex 77.3614 36.4069 6
      vertex 77.2177 36.8823 9
      vertex 77.1463 36.8644 9
    endloop
  endfacet
  facet normal 0.193507 -0.967533 0.162591
    outer loop
      vertex 77.2177 36.8823 9
      vertex 77.3614 36.4069 6
      vertex 77.3619 36.407 6
    endloop
  endfacet
  facet normal 0.956989 -0.239917 0.163132
    outer loop
      vertex 77.7177 37.3823 9
      vertex 78.2227 37.3568 6
      vertex 77.7356 37.4537 9
    endloop
  endfacet
  facet normal 0.967229 -0.193446 0.164461
    outer loop
      vertex 78.2227 37.3568 6
      vertex 77.7177 37.3823 9
      vertex 78.2226 37.3563 6
    endloop
  endfacet
  facet normal -0.975893 -0.144967 0.163148
    outer loop
      vertex 76.2536 37.5265 9
      vertex 75.7593 37.4778 6
      vertex 75.7772 37.3573 6
    endloop
  endfacet
  facet normal -0.144967 -0.975893 0.163148
    outer loop
      vertex 76.9265 36.8536 9
      vertex 76.7573 36.3772 6
      vertex 76.8778 36.3593 6
    endloop
  endfacet
  facet normal 0.422349 -0.891626 0.163168
    outer loop
      vertex 77.5872 36.5003 6
      vertex 77.3535 36.9386 9
      vertex 77.287 36.9071 9
    endloop
  endfacet
  facet normal 0.366461 -0.916152 0.162397
    outer loop
      vertex 77.3535 36.9386 9
      vertex 77.5872 36.5003 6
      vertex 77.5877 36.5005 6
    endloop
  endfacet
  facet normal 0.332086 -0.929031 0.163154
    outer loop
      vertex 77.4771 36.4482 6
      vertex 77.287 36.9071 9
      vertex 77.3624 36.4072 6
    endloop
  endfacet
  facet normal -0.967229 0.193446 0.164461
    outer loop
      vertex 75.7773 37.8432 6
      vertex 76.2823 37.8177 9
      vertex 75.7774 37.8437 6
    endloop
  endfacet
  facet normal -0.956989 0.239917 0.163132
    outer loop
      vertex 76.2823 37.8177 9
      vertex 75.7773 37.8432 6
      vertex 76.2644 37.7463 9
    endloop
  endfacet
  facet normal -0.730429 0.663216 0.163149
    outer loop
      vertex 76.1185 38.4815 6
      vertex 76.0366 38.3913 6
      vertex 76.4697 38.1303 9
    endloop
  endfacet
  facet normal -0.882599 0.4413 0.162089
    outer loop
      vertex 75.9632 38.2922 6
      vertex 76.3764 38.0167 9
      vertex 75.9634 38.2926 6
    endloop
  endfacet
  facet normal -0.846715 0.506421 0.163127
    outer loop
      vertex 76.3764 38.0167 9
      vertex 75.9632 38.2922 6
      vertex 76.3386 37.9535 9
    endloop
  endfacet
  facet normal 0.967414 0.193483 0.163325
    outer loop
      vertex 77.7356 37.7463 9
      vertex 78.2228 37.8427 6
      vertex 78.2227 37.8432 6
    endloop
  endfacet
  facet normal 0.975922 0.14478 0.163142
    outer loop
      vertex 78.2228 37.8427 6
      vertex 77.7356 37.7463 9
      vertex 77.7464 37.6735 9
    endloop
  endfacet
  facet normal 0.792476 0.587679 0.163144
    outer loop
      vertex 77.964 38.3905 6
      vertex 77.6236 38.0167 9
      vertex 78.0366 38.2926 6
    endloop
  endfacet
  facet normal -0.422002 0.891793 0.163155
    outer loop
      vertex 76.5229 38.7518 6
      vertex 76.4128 38.6997 6
      vertex 76.713 38.2929 9
    endloop
  endfacet
  facet normal 0.422002 0.891793 0.163155
    outer loop
      vertex 77.4771 38.7518 6
      vertex 77.287 38.2929 9
      vertex 77.5872 38.6997 6
    endloop
  endfacet
  facet normal 0.975893 -0.144967 0.163148
    outer loop
      vertex 78.2407 37.4778 6
      vertex 77.7464 37.5265 9
      vertex 78.2228 37.3573 6
    endloop
  endfacet
  facet normal -0.957049 0.239667 0.163148
    outer loop
      vertex 75.807 37.9619 6
      vertex 75.7774 37.8437 6
      vertex 76.2823 37.8177 9
    endloop
  endfacet
  facet normal -0.422349 0.891626 0.163168
    outer loop
      vertex 76.4128 38.6997 6
      vertex 76.6465 38.2614 9
      vertex 76.713 38.2929 9
    endloop
  endfacet
  facet normal -0.366461 0.916152 0.162397
    outer loop
      vertex 76.6465 38.2614 9
      vertex 76.4128 38.6997 6
      vertex 76.4123 38.6995 6
    endloop
  endfacet
  facet normal -0.929031 0.332086 0.163154
    outer loop
      vertex 75.8482 38.0771 6
      vertex 75.8072 37.9624 6
      vertex 76.3071 37.887 9
    endloop
  endfacet
  facet normal -0.048582 0.985404 0.16315
    outer loop
      vertex 77 38.8467 6
      vertex 76.8783 38.8407 6
      vertex 77 38.35 9
    endloop
  endfacet
  facet normal 0.789278 0.591958 0.163177
    outer loop
      vertex 77.5798 38.0758 9
      vertex 77.964 38.3905 6
      vertex 77.9637 38.3909 6
    endloop
  endfacet
  facet normal 0.79265 0.587446 0.163135
    outer loop
      vertex 77.964 38.3905 6
      vertex 77.5798 38.0758 9
      vertex 77.6236 38.0167 9
    endloop
  endfacet
  facet normal 0.144967 -0.975893 0.163148
    outer loop
      vertex 77.2427 36.3772 6
      vertex 77.0735 36.8536 9
      vertex 77.1222 36.3593 6
    endloop
  endfacet
  facet normal -0.048582 -0.985404 0.16315
    outer loop
      vertex 76.9265 36.8536 9
      vertex 76.8778 36.3593 6
      vertex 76.9995 36.3533 6
    endloop
  endfacet
  facet normal 0.91623 0.366492 0.161886
    outer loop
      vertex 77.6929 37.887 9
      vertex 78.193 37.9619 6
      vertex 78.1928 37.9624 6
    endloop
  endfacet
  facet normal 0.928911 0.332424 0.163149
    outer loop
      vertex 78.193 37.9619 6
      vertex 77.6929 37.887 9
      vertex 77.7177 37.8177 9
    endloop
  endfacet
  facet normal -0.846001 0.5076 0.163171
    outer loop
      vertex 75.9632 38.2922 6
      vertex 75.9005 38.1877 6
      vertex 76.3386 37.9535 9
    endloop
  endfacet
  facet normal -0.591979 -0.789305 0.162965
    outer loop
      vertex 76.3074 36.5634 6
      vertex 76.5242 37.0202 9
      vertex 76.307 36.5637 6
    endloop
  endfacet
  facet normal -0.587445 -0.792648 0.163147
    outer loop
      vertex 76.5242 37.0202 9
      vertex 76.3074 36.5634 6
      vertex 76.5833 36.9764 9
    endloop
  endfacet
  facet normal 0.957049 -0.239667 0.163148
    outer loop
      vertex 78.2226 37.3563 6
      vertex 77.7177 37.3823 9
      vertex 78.193 37.2381 6
    endloop
  endfacet
  facet normal -0.789278 0.591958 0.163177
    outer loop
      vertex 76.036 38.3905 6
      vertex 76.4202 38.0758 9
      vertex 76.0363 38.3909 6
    endloop
  endfacet
  facet normal -0.79265 0.587446 0.163135
    outer loop
      vertex 76.4202 38.0758 9
      vertex 76.036 38.3905 6
      vertex 76.3764 38.0167 9
    endloop
  endfacet
  facet normal 0.957049 0.239667 0.163148
    outer loop
      vertex 78.193 37.9619 6
      vertex 77.7177 37.8177 9
      vertex 78.2226 37.8437 6
    endloop
  endfacet
  facet normal 0.975893 0.144967 0.163148
    outer loop
      vertex 78.2228 37.8427 6
      vertex 77.7464 37.6735 9
      vertex 78.2407 37.7222 6
    endloop
  endfacet
  facet normal -0.144779 0.975921 0.163149
    outer loop
      vertex 76.8778 38.8407 6
      vertex 76.8537 38.3356 9
      vertex 76.9265 38.3464 9
    endloop
  endfacet
  facet normal -0.193546 0.967728 0.161378
    outer loop
      vertex 76.8537 38.3356 9
      vertex 76.8778 38.8407 6
      vertex 76.8773 38.8406 6
    endloop
  endfacet
  facet normal 0.239667 0.957049 0.163148
    outer loop
      vertex 77.2437 38.8226 6
      vertex 77.2177 38.3177 9
      vertex 77.3619 38.793 6
    endloop
  endfacet
  facet normal -0.66237 0.731198 0.16314
    outer loop
      vertex 76.2091 38.5637 6
      vertex 76.1188 38.4819 6
      vertex 76.5242 38.1798 9
    endloop
  endfacet
  facet normal 0.239668 -0.957051 0.163134
    outer loop
      vertex 77.3614 36.4069 6
      vertex 77.1463 36.8644 9
      vertex 77.2432 36.3773 6
    endloop
  endfacet
  facet normal 0.048582 -0.985404 0.16315
    outer loop
      vertex 77.0735 36.8536 9
      vertex 77.0005 36.3533 6
      vertex 77.1222 36.3593 6
    endloop
  endfacet
  facet normal 0.14478 -0.975922 0.163142
    outer loop
      vertex 77.2427 36.3772 6
      vertex 77.1463 36.8644 9
      vertex 77.0735 36.8536 9
    endloop
  endfacet
  facet normal 0.193483 -0.967414 0.163325
    outer loop
      vertex 77.1463 36.8644 9
      vertex 77.2427 36.3772 6
      vertex 77.2432 36.3773 6
    endloop
  endfacet
  facet normal -0.789467 -0.5921 0.161736
    outer loop
      vertex 76.1188 36.7181 6
      vertex 76.4697 37.0697 9
      vertex 76.1185 36.7185 6
    endloop
  endfacet
  facet normal -0.663323 -0.730325 0.163181
    outer loop
      vertex 76.4697 37.0697 9
      vertex 76.1188 36.7181 6
      vertex 76.5242 37.0202 9
    endloop
  endfacet
  facet normal -0.891938 -0.421688 0.163173
    outer loop
      vertex 76.3386 37.2465 9
      vertex 75.8484 37.1225 6
      vertex 75.9005 37.0123 6
    endloop
  endfacet
  facet normal -0.882547 0.441273 0.162447
    outer loop
      vertex 75.8482 38.0771 6
      vertex 76.3386 37.9535 9
      vertex 75.8484 38.0775 6
    endloop
  endfacet
  facet normal -0.891629 0.42235 0.163152
    outer loop
      vertex 76.3386 37.9535 9
      vertex 75.8482 38.0771 6
      vertex 76.3071 37.887 9
    endloop
  endfacet
  facet normal 0.193446 0.967229 0.164461
    outer loop
      vertex 77.2432 38.8227 6
      vertex 77.2177 38.3177 9
      vertex 77.2437 38.8226 6
    endloop
  endfacet
  facet normal 0.239917 0.956989 0.163132
    outer loop
      vertex 77.2177 38.3177 9
      vertex 77.2432 38.8227 6
      vertex 77.1463 38.3356 9
    endloop
  endfacet
  facet normal 0.929032 -0.332086 0.163152
    outer loop
      vertex 78.193 37.2381 6
      vertex 77.7177 37.3823 9
      vertex 78.152 37.1234 6
    endloop
  endfacet
  facet normal -0.79265 -0.587446 0.163135
    outer loop
      vertex 76.036 36.8095 6
      vertex 76.4202 37.1242 9
      vertex 76.3764 37.1833 9
    endloop
  endfacet
  facet normal -0.789278 -0.591958 0.163177
    outer loop
      vertex 76.4202 37.1242 9
      vertex 76.036 36.8095 6
      vertex 76.0363 36.8091 6
    endloop
  endfacet
  facet normal -0.731198 -0.66237 0.16314
    outer loop
      vertex 76.4202 37.1242 9
      vertex 76.0363 36.8091 6
      vertex 76.1181 36.7188 6
    endloop
  endfacet
  facet normal -0.332086 -0.929031 0.163154
    outer loop
      vertex 76.713 36.9071 9
      vertex 76.5229 36.4482 6
      vertex 76.6376 36.4072 6
    endloop
  endfacet
  facet normal 0.730325 -0.663323 0.163181
    outer loop
      vertex 77.5303 37.0697 9
      vertex 77.8819 36.7188 6
      vertex 77.5798 37.1242 9
    endloop
  endfacet
  facet normal 0.5921 -0.789467 0.161736
    outer loop
      vertex 77.8819 36.7188 6
      vertex 77.5303 37.0697 9
      vertex 77.8815 36.7185 6
    endloop
  endfacet
  facet normal 0.928909 -0.332424 0.163163
    outer loop
      vertex 77.6929 37.313 9
      vertex 78.152 37.1234 6
      vertex 77.7177 37.3823 9
    endloop
  endfacet
  facet normal 0.916008 -0.366403 0.163336
    outer loop
      vertex 78.152 37.1234 6
      vertex 77.6929 37.313 9
      vertex 78.1518 37.1229 6
    endloop
  endfacet
  facet normal -0.5076 -0.846001 0.163171
    outer loop
      vertex 76.6465 36.9386 9
      vertex 76.3078 36.5632 6
      vertex 76.4123 36.5005 6
    endloop
  endfacet
  facet normal 0.882547 0.441273 0.162447
    outer loop
      vertex 77.6614 37.9535 9
      vertex 78.1518 38.0771 6
      vertex 78.1516 38.0775 6
    endloop
  endfacet
  facet normal 0.891629 0.42235 0.163152
    outer loop
      vertex 78.1518 38.0771 6
      vertex 77.6614 37.9535 9
      vertex 77.6929 37.887 9
    endloop
  endfacet
  facet normal 0.967229 0.193446 0.164461
    outer loop
      vertex 77.7177 37.8177 9
      vertex 78.2227 37.8432 6
      vertex 78.2226 37.8437 6
    endloop
  endfacet
  facet normal 0.956989 0.239917 0.163132
    outer loop
      vertex 78.2227 37.8432 6
      vertex 77.7177 37.8177 9
      vertex 77.7356 37.7463 9
    endloop
  endfacet
  facet normal -0.956989 -0.239917 0.163132
    outer loop
      vertex 75.7773 37.3568 6
      vertex 76.2823 37.3823 9
      vertex 76.2644 37.4537 9
    endloop
  endfacet
  facet normal -0.967229 -0.193446 0.164461
    outer loop
      vertex 76.2823 37.3823 9
      vertex 75.7773 37.3568 6
      vertex 75.7774 37.3563 6
    endloop
  endfacet
  facet normal 0.730429 0.663216 0.163149
    outer loop
      vertex 77.8815 38.4815 6
      vertex 77.5303 38.1303 9
      vertex 77.9634 38.3913 6
    endloop
  endfacet
  facet normal 0.587679 0.792477 0.163137
    outer loop
      vertex 77.693 38.6363 6
      vertex 77.4758 38.1798 9
      vertex 77.7909 38.5637 6
    endloop
  endfacet
  facet normal 0.66237 0.731198 0.16314
    outer loop
      vertex 77.7909 38.5637 6
      vertex 77.4758 38.1798 9
      vertex 77.8812 38.4819 6
    endloop
  endfacet
  facet normal 0.882599 0.4413 0.162089
    outer loop
      vertex 77.6236 38.0167 9
      vertex 78.0368 38.2922 6
      vertex 78.0366 38.2926 6
    endloop
  endfacet
  facet normal 0.846715 0.506421 0.163127
    outer loop
      vertex 78.0368 38.2922 6
      vertex 77.6236 38.0167 9
      vertex 77.6614 37.9535 9
    endloop
  endfacet
  facet normal 0 0 1
    outer loop
      vertex 77.7464 37.6735 9
      vertex 77.7464 37.5265 9
      vertex 77.75 37.6 9
    endloop
  endfacet
  facet normal 0 0 1
    outer loop
      vertex 77.7356 37.7463 9
      vertex 77.7464 37.5265 9
      vertex 77.7464 37.6735 9
    endloop
  endfacet
  facet normal 0 0 1
    outer loop
      vertex 77.7356 37.7463 9
      vertex 77.7356 37.4537 9
      vertex 77.7464 37.5265 9
    endloop
  endfacet
  facet normal 0 0 1
    outer loop
      vertex 77.7177 37.8177 9
      vertex 77.7356 37.4537 9
      vertex 77.7356 37.7463 9
    endloop
  endfacet
  facet normal 0 0 1
    outer loop
      vertex 77.7177 37.8177 9
      vertex 77.7177 37.3823 9
      vertex 77.7356 37.4537 9
    endloop
  endfacet
  facet normal 0 0 1
    outer loop
      vertex 77.6929 37.887 9
      vertex 77.7177 37.3823 9
      vertex 77.7177 37.8177 9
    endloop
  endfacet
  facet normal 0 0 1
    outer loop
      vertex 77.6929 37.887 9
      vertex 77.6929 37.313 9
      vertex 77.7177 37.3823 9
    endloop
  endfacet
  facet normal 0 0 1
    outer loop
      vertex 77.6614 37.9535 9
      vertex 77.6929 37.313 9
      vertex 77.6929 37.887 9
    endloop
  endfacet
  facet normal 0 0 1
    outer loop
      vertex 77.6614 37.9535 9
      vertex 77.6614 37.2465 9
      vertex 77.6929 37.313 9
    endloop
  endfacet
  facet normal 0 0 1
    outer loop
      vertex 77.6236 38.0167 9
      vertex 77.6614 37.2465 9
      vertex 77.6614 37.9535 9
    endloop
  endfacet
  facet normal 0 0 1
    outer loop
      vertex 77.6236 38.0167 9
      vertex 77.6236 37.1833 9
      vertex 77.6614 37.2465 9
    endloop
  endfacet
  facet normal 0 0 1
    outer loop
      vertex 77.5798 38.0758 9
      vertex 77.6236 37.1833 9
      vertex 77.6236 38.0167 9
    endloop
  endfacet
  facet normal 0 0 1
    outer loop
      vertex 77.5798 38.0758 9
      vertex 77.5798 37.1242 9
      vertex 77.6236 37.1833 9
    endloop
  endfacet
  facet normal 0 0 1
    outer loop
      vertex 77.5303 38.1303 9
      vertex 77.5798 37.1242 9
      vertex 77.5798 38.0758 9
    endloop
  endfacet
  facet normal 0 0 1
    outer loop
      vertex 77.5303 38.1303 9
      vertex 77.5303 37.0697 9
      vertex 77.5798 37.1242 9
    endloop
  endfacet
  facet normal 0 0 1
    outer loop
      vertex 77.4758 38.1798 9
      vertex 77.5303 37.0697 9
      vertex 77.5303 38.1303 9
    endloop
  endfacet
  facet normal 0 0 1
    outer loop
      vertex 77.4758 38.1798 9
      vertex 77.4758 37.0202 9
      vertex 77.5303 37.0697 9
    endloop
  endfacet
  facet normal 0 0 1
    outer loop
      vertex 77.4167 38.2236 9
      vertex 77.4758 37.0202 9
      vertex 77.4758 38.1798 9
    endloop
  endfacet
  facet normal 0 0 1
    outer loop
      vertex 77.4167 38.2236 9
      vertex 77.4167 36.9764 9
      vertex 77.4758 37.0202 9
    endloop
  endfacet
  facet normal 0 0 1
    outer loop
      vertex 77.3535 38.2614 9
      vertex 77.4167 36.9764 9
      vertex 77.4167 38.2236 9
    endloop
  endfacet
  facet normal 0 0 1
    outer loop
      vertex 77.3535 38.2614 9
      vertex 77.3535 36.9386 9
      vertex 77.4167 36.9764 9
    endloop
  endfacet
  facet normal 0 0 1
    outer loop
      vertex 77.287 38.2929 9
      vertex 77.3535 36.9386 9
      vertex 77.3535 38.2614 9
    endloop
  endfacet
  facet normal 0 0 1
    outer loop
      vertex 77.287 38.2929 9
      vertex 77.287 36.9071 9
      vertex 77.3535 36.9386 9
    endloop
  endfacet
  facet normal 0 0 1
    outer loop
      vertex 77.2177 38.3177 9
      vertex 77.287 36.9071 9
      vertex 77.287 38.2929 9
    endloop
  endfacet
  facet normal 0 0 1
    outer loop
      vertex 77.2177 38.3177 9
      vertex 77.2177 36.8823 9
      vertex 77.287 36.9071 9
    endloop
  endfacet
  facet normal 0 0 1
    outer loop
      vertex 77.1463 38.3356 9
      vertex 77.2177 36.8823 9
      vertex 77.2177 38.3177 9
    endloop
  endfacet
  facet normal 0 0 1
    outer loop
      vertex 77.1463 38.3356 9
      vertex 77.1463 36.8644 9
      vertex 77.2177 36.8823 9
    endloop
  endfacet
  facet normal 0 0 1
    outer loop
      vertex 77.0735 38.3464 9
      vertex 77.1463 36.8644 9
      vertex 77.1463 38.3356 9
    endloop
  endfacet
  facet normal 0 0 1
    outer loop
      vertex 77.0735 38.3464 9
      vertex 77.0735 36.8536 9
      vertex 77.1463 36.8644 9
    endloop
  endfacet
  facet normal 0 0 1
    outer loop
      vertex 77 38.35 9
      vertex 77.0735 36.8536 9
      vertex 77.0735 38.3464 9
    endloop
  endfacet
  facet normal 0 0 1
    outer loop
      vertex 77 38.35 9
      vertex 77 36.85 9
      vertex 77.0735 36.8536 9
    endloop
  endfacet
  facet normal -0 0 1
    outer loop
      vertex 76.9265 38.3464 9
      vertex 77 36.85 9
      vertex 77 38.35 9
    endloop
  endfacet
  facet normal 0 0 1
    outer loop
      vertex 76.9265 38.3464 9
      vertex 76.9265 36.8536 9
      vertex 77 36.85 9
    endloop
  endfacet
  facet normal -0 0 1
    outer loop
      vertex 76.8537 38.3356 9
      vertex 76.9265 36.8536 9
      vertex 76.9265 38.3464 9
    endloop
  endfacet
  facet normal 0 0 1
    outer loop
      vertex 76.8537 38.3356 9
      vertex 76.8537 36.8644 9
      vertex 76.9265 36.8536 9
    endloop
  endfacet
  facet normal -0 0 1
    outer loop
      vertex 76.7823 38.3177 9
      vertex 76.8537 36.8644 9
      vertex 76.8537 38.3356 9
    endloop
  endfacet
  facet normal 0 0 1
    outer loop
      vertex 76.7823 38.3177 9
      vertex 76.7823 36.8823 9
      vertex 76.8537 36.8644 9
    endloop
  endfacet
  facet normal -0 0 1
    outer loop
      vertex 76.713 38.2929 9
      vertex 76.7823 36.8823 9
      vertex 76.7823 38.3177 9
    endloop
  endfacet
  facet normal 0 0 1
    outer loop
      vertex 76.713 38.2929 9
      vertex 76.713 36.9071 9
      vertex 76.7823 36.8823 9
    endloop
  endfacet
  facet normal -0 0 1
    outer loop
      vertex 76.6465 38.2614 9
      vertex 76.713 36.9071 9
      vertex 76.713 38.2929 9
    endloop
  endfacet
  facet normal 0 0 1
    outer loop
      vertex 76.6465 38.2614 9
      vertex 76.6465 36.9386 9
      vertex 76.713 36.9071 9
    endloop
  endfacet
  facet normal -0 0 1
    outer loop
      vertex 76.5833 38.2236 9
      vertex 76.6465 36.9386 9
      vertex 76.6465 38.2614 9
    endloop
  endfacet
  facet normal 0 0 1
    outer loop
      vertex 76.5833 38.2236 9
      vertex 76.5833 36.9764 9
      vertex 76.6465 36.9386 9
    endloop
  endfacet
  facet normal -0 0 1
    outer loop
      vertex 76.5242 38.1798 9
      vertex 76.5833 36.9764 9
      vertex 76.5833 38.2236 9
    endloop
  endfacet
  facet normal 0 0 1
    outer loop
      vertex 76.5242 38.1798 9
      vertex 76.5242 37.0202 9
      vertex 76.5833 36.9764 9
    endloop
  endfacet
  facet normal -0 0 1
    outer loop
      vertex 76.4697 38.1303 9
      vertex 76.5242 37.0202 9
      vertex 76.5242 38.1798 9
    endloop
  endfacet
  facet normal 0 0 1
    outer loop
      vertex 76.4697 38.1303 9
      vertex 76.4697 37.0697 9
      vertex 76.5242 37.0202 9
    endloop
  endfacet
  facet normal -0 0 1
    outer loop
      vertex 76.4202 38.0758 9
      vertex 76.4697 37.0697 9
      vertex 76.4697 38.1303 9
    endloop
  endfacet
  facet normal 0 0 1
    outer loop
      vertex 76.4202 38.0758 9
      vertex 76.4202 37.1242 9
      vertex 76.4697 37.0697 9
    endloop
  endfacet
  facet normal -0 0 1
    outer loop
      vertex 76.3764 38.0167 9
      vertex 76.4202 37.1242 9
      vertex 76.4202 38.0758 9
    endloop
  endfacet
  facet normal 0 0 1
    outer loop
      vertex 76.3764 38.0167 9
      vertex 76.3764 37.1833 9
      vertex 76.4202 37.1242 9
    endloop
  endfacet
  facet normal -0 0 1
    outer loop
      vertex 76.3386 37.9535 9
      vertex 76.3764 37.1833 9
      vertex 76.3764 38.0167 9
    endloop
  endfacet
  facet normal 0 0 1
    outer loop
      vertex 76.3386 37.9535 9
      vertex 76.3386 37.2465 9
      vertex 76.3764 37.1833 9
    endloop
  endfacet
  facet normal -0 0 1
    outer loop
      vertex 76.3071 37.887 9
      vertex 76.3386 37.2465 9
      vertex 76.3386 37.9535 9
    endloop
  endfacet
  facet normal 0 0 1
    outer loop
      vertex 76.3071 37.887 9
      vertex 76.3071 37.313 9
      vertex 76.3386 37.2465 9
    endloop
  endfacet
  facet normal -0 0 1
    outer loop
      vertex 76.2823 37.8177 9
      vertex 76.3071 37.313 9
      vertex 76.3071 37.887 9
    endloop
  endfacet
  facet normal 0 0 1
    outer loop
      vertex 76.2823 37.8177 9
      vertex 76.2823 37.3823 9
      vertex 76.3071 37.313 9
    endloop
  endfacet
  facet normal -0 0 1
    outer loop
      vertex 76.2644 37.7463 9
      vertex 76.2823 37.3823 9
      vertex 76.2823 37.8177 9
    endloop
  endfacet
  facet normal 0 0 1
    outer loop
      vertex 76.2644 37.7463 9
      vertex 76.2644 37.4537 9
      vertex 76.2823 37.3823 9
    endloop
  endfacet
  facet normal -0 0 1
    outer loop
      vertex 76.2536 37.6735 9
      vertex 76.2644 37.4537 9
      vertex 76.2644 37.7463 9
    endloop
  endfacet
  facet normal 0 0 1
    outer loop
      vertex 76.2536 37.6735 9
      vertex 76.2536 37.5265 9
      vertex 76.2644 37.4537 9
    endloop
  endfacet
  facet normal 0 -0 1
    outer loop
      vertex 76.2536 37.5265 9
      vertex 76.2536 37.6735 9
      vertex 76.25 37.6 9
    endloop
  endfacet
  facet normal 0.985404 -0.048582 0.16315
    outer loop
      vertex 78.2467 37.5995 6
      vertex 77.7464 37.5265 9
      vertex 78.2407 37.4778 6
    endloop
  endfacet
  facet normal 0.986569 0 0.163343
    outer loop
      vertex 77.75 37.6 9
      vertex 78.2467 37.5995 6
      vertex 78.2467 37.6 6
    endloop
  endfacet
  facet normal 0.985418 -0.0482654 0.16316
    outer loop
      vertex 78.2467 37.5995 6
      vertex 77.75 37.6 9
      vertex 77.7464 37.5265 9
    endloop
  endfacet
  facet normal -0.506421 0.846715 0.163127
    outer loop
      vertex 76.3078 38.6368 6
      vertex 76.5833 38.2236 9
      vertex 76.6465 38.2614 9
    endloop
  endfacet
  facet normal -0.4413 0.882599 0.162089
    outer loop
      vertex 76.5833 38.2236 9
      vertex 76.3078 38.6368 6
      vertex 76.3074 38.6366 6
    endloop
  endfacet
  facet normal 0.929031 0.332086 0.163154
    outer loop
      vertex 78.1518 38.0771 6
      vertex 77.6929 37.887 9
      vertex 78.1928 37.9624 6
    endloop
  endfacet
  facet normal -0.967414 0.193483 0.163325
    outer loop
      vertex 75.7772 37.8427 6
      vertex 76.2644 37.7463 9
      vertex 75.7773 37.8432 6
    endloop
  endfacet
  facet normal -0.975922 0.14478 0.163142
    outer loop
      vertex 76.2644 37.7463 9
      vertex 75.7772 37.8427 6
      vertex 76.2536 37.6735 9
    endloop
  endfacet
  facet normal -0.587679 0.792477 0.163137
    outer loop
      vertex 76.307 38.6363 6
      vertex 76.2091 38.5637 6
      vertex 76.5242 38.1798 9
    endloop
  endfacet
  facet normal -0.730325 -0.663323 0.163181
    outer loop
      vertex 76.1181 36.7188 6
      vertex 76.4697 37.0697 9
      vertex 76.4202 37.1242 9
    endloop
  endfacet
  facet normal -0.5921 -0.789467 0.161736
    outer loop
      vertex 76.4697 37.0697 9
      vertex 76.1181 36.7188 6
      vertex 76.1185 36.7185 6
    endloop
  endfacet
  facet normal 0.048582 0.985404 0.16315
    outer loop
      vertex 77 38.8467 6
      vertex 77 38.35 9
      vertex 77.1217 38.8407 6
    endloop
  endfacet
  facet normal -0.792476 0.587679 0.163144
    outer loop
      vertex 76.036 38.3905 6
      vertex 75.9634 38.2926 6
      vertex 76.3764 38.0167 9
    endloop
  endfacet
  facet normal -0.846001 -0.5076 0.163171
    outer loop
      vertex 76.3386 37.2465 9
      vertex 75.9005 37.0123 6
      vertex 75.9632 36.9078 6
    endloop
  endfacet
  facet normal 0.591979 0.789305 0.162965
    outer loop
      vertex 77.6926 38.6366 6
      vertex 77.4758 38.1798 9
      vertex 77.693 38.6363 6
    endloop
  endfacet
  facet normal 0.587445 0.792648 0.163147
    outer loop
      vertex 77.4758 38.1798 9
      vertex 77.6926 38.6366 6
      vertex 77.4167 38.2236 9
    endloop
  endfacet
  facet normal -0.332424 0.928911 0.163149
    outer loop
      vertex 76.6381 38.793 6
      vertex 76.713 38.2929 9
      vertex 76.7823 38.3177 9
    endloop
  endfacet
  facet normal -0.366492 0.91623 0.161886
    outer loop
      vertex 76.713 38.2929 9
      vertex 76.6381 38.793 6
      vertex 76.6376 38.7928 6
    endloop
  endfacet
  facet normal -0.422002 -0.891793 0.163155
    outer loop
      vertex 76.713 36.9071 9
      vertex 76.4128 36.5003 6
      vertex 76.5229 36.4482 6
    endloop
  endfacet
  facet normal -0.929032 -0.332086 0.163152
    outer loop
      vertex 76.2823 37.3823 9
      vertex 75.807 37.2381 6
      vertex 75.848 37.1234 6
    endloop
  endfacet
  facet normal -0.957049 -0.239667 0.163148
    outer loop
      vertex 76.2823 37.3823 9
      vertex 75.7774 37.3563 6
      vertex 75.807 37.2381 6
    endloop
  endfacet
  facet normal 0.846001 -0.5076 0.163171
    outer loop
      vertex 78.0995 37.0123 6
      vertex 77.6614 37.2465 9
      vertex 78.0368 36.9078 6
    endloop
  endfacet
  facet normal -0.366461 -0.916152 0.162397
    outer loop
      vertex 76.4128 36.5003 6
      vertex 76.6465 36.9386 9
      vertex 76.4123 36.5005 6
    endloop
  endfacet
  facet normal -0.422349 -0.891626 0.163168
    outer loop
      vertex 76.6465 36.9386 9
      vertex 76.4128 36.5003 6
      vertex 76.713 36.9071 9
    endloop
  endfacet
  facet normal 0.422002 -0.891793 0.163155
    outer loop
      vertex 77.5872 36.5003 6
      vertex 77.287 36.9071 9
      vertex 77.4771 36.4482 6
    endloop
  endfacet
  facet normal -0.975893 0.144967 0.163148
    outer loop
      vertex 75.7772 37.8427 6
      vertex 75.7593 37.7222 6
      vertex 76.2536 37.6735 9
    endloop
  endfacet
  facet normal -0.985404 0.048582 0.16315
    outer loop
      vertex 75.7593 37.7222 6
      vertex 75.7533 37.6005 6
      vertex 76.2536 37.6735 9
    endloop
  endfacet
  facet normal -0.0482655 0.985422 0.16314
    outer loop
      vertex 76.8783 38.8407 6
      vertex 76.9265 38.3464 9
      vertex 77 38.35 9
    endloop
  endfacet
  facet normal 0 0.986696 0.162575
    outer loop
      vertex 76.9265 38.3464 9
      vertex 76.8783 38.8407 6
      vertex 76.8778 38.8407 6
    endloop
  endfacet
  facet normal -0.239667 0.957049 0.163148
    outer loop
      vertex 76.7563 38.8226 6
      vertex 76.6381 38.793 6
      vertex 76.7823 38.3177 9
    endloop
  endfacet
  facet normal 0.731198 -0.66237 0.16314
    outer loop
      vertex 77.9637 36.8091 6
      vertex 77.5798 37.1242 9
      vertex 77.8819 36.7188 6
    endloop
  endfacet
  facet normal 0 -0.986569 0.163343
    outer loop
      vertex 77.0005 36.3533 6
      vertex 77 36.85 9
      vertex 77 36.3533 6
    endloop
  endfacet
  facet normal 0.0482654 -0.985418 0.16316
    outer loop
      vertex 77 36.85 9
      vertex 77.0005 36.3533 6
      vertex 77.0735 36.8536 9
    endloop
  endfacet
  facet normal 0.144967 0.975895 0.163135
    outer loop
      vertex 77.2432 38.8227 6
      vertex 77.1227 38.8406 6
      vertex 77.1463 38.3356 9
    endloop
  endfacet
  facet normal -0.663323 0.730325 0.163181
    outer loop
      vertex 76.1188 38.4819 6
      vertex 76.4697 38.1303 9
      vertex 76.5242 38.1798 9
    endloop
  endfacet
  facet normal -0.789467 0.5921 0.161736
    outer loop
      vertex 76.4697 38.1303 9
      vertex 76.1188 38.4819 6
      vertex 76.1185 38.4815 6
    endloop
  endfacet
  facet normal 0.5076 -0.846001 0.163171
    outer loop
      vertex 77.6922 36.5632 6
      vertex 77.3535 36.9386 9
      vertex 77.5877 36.5005 6
    endloop
  endfacet
  facet normal -0.144967 0.975895 0.163135
    outer loop
      vertex 76.8773 38.8406 6
      vertex 76.7568 38.8227 6
      vertex 76.8537 38.3356 9
    endloop
  endfacet
  facet normal 0.792476 -0.587679 0.163144
    outer loop
      vertex 78.0366 36.9074 6
      vertex 77.6236 37.1833 9
      vertex 77.964 36.8095 6
    endloop
  endfacet
  facet normal 0.506421 -0.846715 0.163127
    outer loop
      vertex 77.6922 36.5632 6
      vertex 77.4167 36.9764 9
      vertex 77.3535 36.9386 9
    endloop
  endfacet
  facet normal 0.4413 -0.882599 0.162089
    outer loop
      vertex 77.4167 36.9764 9
      vertex 77.6922 36.5632 6
      vertex 77.6926 36.5634 6
    endloop
  endfacet
  facet normal 0.975922 -0.14478 0.163142
    outer loop
      vertex 77.7356 37.4537 9
      vertex 78.2228 37.3573 6
      vertex 77.7464 37.5265 9
    endloop
  endfacet
  facet normal 0.967414 -0.193483 0.163325
    outer loop
      vertex 78.2228 37.3573 6
      vertex 77.7356 37.4537 9
      vertex 78.2227 37.3568 6
    endloop
  endfacet
  facet normal 0.789467 0.5921 0.161736
    outer loop
      vertex 77.8812 38.4819 6
      vertex 77.5303 38.1303 9
      vertex 77.8815 38.4815 6
    endloop
  endfacet
  facet normal 0.663323 0.730325 0.163181
    outer loop
      vertex 77.5303 38.1303 9
      vertex 77.8812 38.4819 6
      vertex 77.4758 38.1798 9
    endloop
  endfacet
  facet normal 0.788983 0.591738 0.165384
    outer loop
      vertex 77.5303 38.1303 9
      vertex 77.9637 38.3909 6
      vertex 77.9634 38.3913 6
    endloop
  endfacet
  facet normal 0.730331 0.663329 0.16313
    outer loop
      vertex 77.9637 38.3909 6
      vertex 77.5303 38.1303 9
      vertex 77.5798 38.0758 9
    endloop
  endfacet
  facet normal 0.332086 0.929031 0.163154
    outer loop
      vertex 77.3624 38.7928 6
      vertex 77.287 38.2929 9
      vertex 77.4771 38.7518 6
    endloop
  endfacet
  facet normal 0.587445 -0.792648 0.163147
    outer loop
      vertex 77.6926 36.5634 6
      vertex 77.4758 37.0202 9
      vertex 77.4167 36.9764 9
    endloop
  endfacet
  facet normal 0.591979 -0.789305 0.162965
    outer loop
      vertex 77.4758 37.0202 9
      vertex 77.6926 36.5634 6
      vertex 77.693 36.5637 6
    endloop
  endfacet
  facet normal -0.91623 0.366492 0.161886
    outer loop
      vertex 75.807 37.9619 6
      vertex 76.3071 37.887 9
      vertex 75.8072 37.9624 6
    endloop
  endfacet
  facet normal -0.928911 0.332424 0.163149
    outer loop
      vertex 76.3071 37.887 9
      vertex 75.807 37.9619 6
      vertex 76.2823 37.8177 9
    endloop
  endfacet
  facet normal -0.587445 0.792648 0.163147
    outer loop
      vertex 76.3074 38.6366 6
      vertex 76.5242 38.1798 9
      vertex 76.5833 38.2236 9
    endloop
  endfacet
  facet normal -0.591979 0.789305 0.162965
    outer loop
      vertex 76.5242 38.1798 9
      vertex 76.3074 38.6366 6
      vertex 76.307 38.6363 6
    endloop
  endfacet
  facet normal -0.928909 -0.332424 0.163163
    outer loop
      vertex 75.848 37.1234 6
      vertex 76.3071 37.313 9
      vertex 76.2823 37.3823 9
    endloop
  endfacet
  facet normal -0.916008 -0.366403 0.163336
    outer loop
      vertex 76.3071 37.313 9
      vertex 75.848 37.1234 6
      vertex 75.8482 37.1229 6
    endloop
  endfacet
  facet normal -0.891629 -0.42235 0.163152
    outer loop
      vertex 75.8482 37.1229 6
      vertex 76.3386 37.2465 9
      vertex 76.3071 37.313 9
    endloop
  endfacet
  facet normal -0.882547 -0.441273 0.162447
    outer loop
      vertex 76.3386 37.2465 9
      vertex 75.8482 37.1229 6
      vertex 75.8484 37.1225 6
    endloop
  endfacet
  facet normal -0.788983 0.591738 0.165384
    outer loop
      vertex 76.0363 38.3909 6
      vertex 76.4697 38.1303 9
      vertex 76.0366 38.3913 6
    endloop
  endfacet
  facet normal -0.730331 0.663329 0.16313
    outer loop
      vertex 76.4697 38.1303 9
      vertex 76.0363 38.3909 6
      vertex 76.4202 38.0758 9
    endloop
  endfacet
  facet normal 0.846715 -0.506421 0.163127
    outer loop
      vertex 77.6236 37.1833 9
      vertex 78.0368 36.9078 6
      vertex 77.6614 37.2465 9
    endloop
  endfacet
  facet normal 0.882599 -0.4413 0.162089
    outer loop
      vertex 78.0368 36.9078 6
      vertex 77.6236 37.1833 9
      vertex 78.0366 36.9074 6
    endloop
  endfacet
  facet normal 0.663323 -0.730325 0.163181
    outer loop
      vertex 77.8812 36.7181 6
      vertex 77.5303 37.0697 9
      vertex 77.4758 37.0202 9
    endloop
  endfacet
  facet normal 0.789467 -0.5921 0.161736
    outer loop
      vertex 77.5303 37.0697 9
      vertex 77.8812 36.7181 6
      vertex 77.8815 36.7185 6
    endloop
  endfacet
  facet normal -0.975922 -0.14478 0.163142
    outer loop
      vertex 75.7772 37.3573 6
      vertex 76.2644 37.4537 9
      vertex 76.2536 37.5265 9
    endloop
  endfacet
  facet normal -0.967414 -0.193483 0.163325
    outer loop
      vertex 76.2644 37.4537 9
      vertex 75.7772 37.3573 6
      vertex 75.7773 37.3568 6
    endloop
  endfacet
  facet normal 0.332424 -0.928911 0.163149
    outer loop
      vertex 77.3619 36.407 6
      vertex 77.287 36.9071 9
      vertex 77.2177 36.8823 9
    endloop
  endfacet
  facet normal 0.366492 -0.91623 0.161886
    outer loop
      vertex 77.287 36.9071 9
      vertex 77.3619 36.407 6
      vertex 77.3624 36.4072 6
    endloop
  endfacet
  facet normal 0.5076 0.846001 0.163171
    outer loop
      vertex 77.5877 38.6995 6
      vertex 77.3535 38.2614 9
      vertex 77.6922 38.6368 6
    endloop
  endfacet
  facet normal -0.366492 -0.91623 0.161886
    outer loop
      vertex 76.6381 36.407 6
      vertex 76.713 36.9071 9
      vertex 76.6376 36.4072 6
    endloop
  endfacet
  facet normal -0.332424 -0.928911 0.163149
    outer loop
      vertex 76.713 36.9071 9
      vertex 76.6381 36.407 6
      vertex 76.7823 36.8823 9
    endloop
  endfacet
  facet normal -0.332086 0.929031 0.163154
    outer loop
      vertex 76.6376 38.7928 6
      vertex 76.5229 38.7518 6
      vertex 76.713 38.2929 9
    endloop
  endfacet
  facet normal 0.4413 0.882599 0.162089
    outer loop
      vertex 77.6922 38.6368 6
      vertex 77.4167 38.2236 9
      vertex 77.6926 38.6366 6
    endloop
  endfacet
  facet normal 0.506421 0.846715 0.163127
    outer loop
      vertex 77.4167 38.2236 9
      vertex 77.6922 38.6368 6
      vertex 77.3535 38.2614 9
    endloop
  endfacet
  facet normal -0.4413 -0.882599 0.162089
    outer loop
      vertex 76.3078 36.5632 6
      vertex 76.5833 36.9764 9
      vertex 76.3074 36.5634 6
    endloop
  endfacet
  facet normal -0.506421 -0.846715 0.163127
    outer loop
      vertex 76.5833 36.9764 9
      vertex 76.3078 36.5632 6
      vertex 76.6465 36.9386 9
    endloop
  endfacet
  facet normal 0.66237 -0.731198 0.16314
    outer loop
      vertex 77.8812 36.7181 6
      vertex 77.4758 37.0202 9
      vertex 77.7909 36.6363 6
    endloop
  endfacet
  facet normal 0.587679 -0.792477 0.163137
    outer loop
      vertex 77.7909 36.6363 6
      vertex 77.4758 37.0202 9
      vertex 77.693 36.5637 6
    endloop
  endfacet
  facet normal -0.193483 -0.967414 0.163325
    outer loop
      vertex 76.7573 36.3772 6
      vertex 76.8537 36.8644 9
      vertex 76.7568 36.3773 6
    endloop
  endfacet
  facet normal -0.14478 -0.975922 0.163142
    outer loop
      vertex 76.8537 36.8644 9
      vertex 76.7573 36.3772 6
      vertex 76.9265 36.8536 9
    endloop
  endfacet
  facet normal -0 0.986696 0.162575
    outer loop
      vertex 77.1217 38.8407 6
      vertex 77.0735 38.3464 9
      vertex 77.1222 38.8407 6
    endloop
  endfacet
  facet normal 0.0482655 0.985422 0.16314
    outer loop
      vertex 77.0735 38.3464 9
      vertex 77.1217 38.8407 6
      vertex 77 38.35 9
    endloop
  endfacet
  facet normal 0.14478 0.975922 0.163141
    outer loop
      vertex 77.1227 38.8406 6
      vertex 77.0735 38.3464 9
      vertex 77.1463 38.3356 9
    endloop
  endfacet
  facet normal 0.193508 0.967538 0.162559
    outer loop
      vertex 77.0735 38.3464 9
      vertex 77.1227 38.8406 6
      vertex 77.1222 38.8407 6
    endloop
  endfacet
  facet normal -0.239668 -0.957051 0.163134
    outer loop
      vertex 76.8537 36.8644 9
      vertex 76.6386 36.4069 6
      vertex 76.7568 36.3773 6
    endloop
  endfacet
  facet normal -0.193507 -0.967533 0.162591
    outer loop
      vertex 76.6386 36.4069 6
      vertex 76.7823 36.8823 9
      vertex 76.6381 36.407 6
    endloop
  endfacet
  facet normal -0.239917 -0.956987 0.163143
    outer loop
      vertex 76.7823 36.8823 9
      vertex 76.6386 36.4069 6
      vertex 76.8537 36.8644 9
    endloop
  endfacet
  facet normal -0.891941 -0.421689 0.163155
    outer loop
      vertex 8.33856 37.2465 9
      vertex 7.84842 37.1225 6
      vertex 7.90052 37.0123 6
    endloop
  endfacet
  facet normal 0.239667 0.957049 0.163147
    outer loop
      vertex 9.24369 38.8226 6
      vertex 9.21771 38.3177 9
      vertex 9.36189 38.793 6
    endloop
  endfacet
  facet normal 0.985412 0.0483991 0.163159
    outer loop
      vertex 9.75 37.6 9
      vertex 10.2467 37.6005 6
      vertex 9.74639 37.6735 9
    endloop
  endfacet
  facet normal 0.986569 0 0.163343
    outer loop
      vertex 10.2467 37.6005 6
      vertex 9.75 37.6 9
      vertex 10.2467 37.6 6
    endloop
  endfacet
  facet normal 0.985404 0.0485819 0.163154
    outer loop
      vertex 10.2407 37.7222 6
      vertex 9.74639 37.6735 9
      vertex 10.2467 37.6005 6
    endloop
  endfacet
  facet normal -0.733339 -0.660005 0.163117
    outer loop
      vertex 8.11882 36.7181 6
      vertex 8.46967 37.0697 9
      vertex 8.11846 36.7185 6
    endloop
  endfacet
  facet normal -0.663124 -0.730508 0.163168
    outer loop
      vertex 8.46967 37.0697 9
      vertex 8.11882 36.7181 6
      vertex 8.5242 37.0202 9
    endloop
  endfacet
  facet normal 0.882599 0.4413 0.162089
    outer loop
      vertex 9.6236 38.0167 9
      vertex 10.0368 38.2922 6
      vertex 10.0366 38.2926 6
    endloop
  endfacet
  facet normal 0.846479 0.506816 0.163131
    outer loop
      vertex 10.0368 38.2922 6
      vertex 9.6236 38.0167 9
      vertex 9.66144 37.9535 9
    endloop
  endfacet
  facet normal 0.733339 0.660005 0.163117
    outer loop
      vertex 9.88118 38.4819 6
      vertex 9.53033 38.1303 9
      vertex 9.88154 38.4815 6
    endloop
  endfacet
  facet normal 0.663058 0.730569 0.163167
    outer loop
      vertex 9.53033 38.1303 9
      vertex 9.88118 38.4819 6
      vertex 9.47579 38.1798 9
    endloop
  endfacet
  facet normal -0.963424 0.211953 0.163984
    outer loop
      vertex 7.77727 37.8432 6
      vertex 8.28229 37.8177 9
      vertex 7.77738 37.8437 6
    endloop
  endfacet
  facet normal -0.95705 0.239665 0.163147
    outer loop
      vertex 8.28229 37.8177 9
      vertex 7.77727 37.8432 6
      vertex 8.26441 37.7463 9
    endloop
  endfacet
  facet normal 0.792437 0.587731 0.163144
    outer loop
      vertex 9.96399 38.3905 6
      vertex 9.6236 38.0167 9
      vertex 10.0366 38.2926 6
    endloop
  endfacet
  facet normal 0.928952 -0.332305 0.163159
    outer loop
      vertex 9.69291 37.313 9
      vertex 10.152 37.1234 6
      vertex 9.7177 37.3823 9
    endloop
  endfacet
  facet normal 0.916008 -0.366403 0.163333
    outer loop
      vertex 10.152 37.1234 6
      vertex 9.69291 37.313 9
      vertex 10.1518 37.1229 6
    endloop
  endfacet
  facet normal 0.587757 0.792419 0.163137
    outer loop
      vertex 9.69301 38.6363 6
      vertex 9.47579 38.1798 9
      vertex 9.79089 38.5637 6
    endloop
  endfacet
  facet normal -0.331984 -0.929069 0.163151
    outer loop
      vertex 8.71299 36.9071 9
      vertex 8.52291 36.4482 6
      vertex 8.63765 36.4072 6
    endloop
  endfacet
  facet normal 0 -0.986569 0.163343
    outer loop
      vertex 9.00049 36.3533 6
      vertex 9 36.85 9
      vertex 9 36.3533 6
    endloop
  endfacet
  facet normal 0.0482588 -0.985419 0.16316
    outer loop
      vertex 9 36.85 9
      vertex 9.00049 36.3533 6
      vertex 9.07351 36.8536 9
    endloop
  endfacet
  facet normal 0.662411 0.731162 0.16314
    outer loop
      vertex 9.79089 38.5637 6
      vertex 9.47579 38.1798 9
      vertex 9.88118 38.4819 6
    endloop
  endfacet
  facet normal -0.836621 0.522888 0.163258
    outer loop
      vertex 7.96317 38.2922 6
      vertex 8.3764 38.0167 9
      vertex 7.96342 38.2926 6
    endloop
  endfacet
  facet normal -0.846478 0.506815 0.163139
    outer loop
      vertex 8.3764 38.0167 9
      vertex 7.96317 38.2922 6
      vertex 8.33856 37.9535 9
    endloop
  endfacet
  facet normal -0.14476 0.975924 0.163149
    outer loop
      vertex 8.8778 38.8407 6
      vertex 8.85368 38.3356 9
      vertex 8.92649 38.3464 9
    endloop
  endfacet
  facet normal -0.201292 0.9662 0.161057
    outer loop
      vertex 8.85368 38.3356 9
      vertex 8.8778 38.8407 6
      vertex 8.87732 38.8406 6
    endloop
  endfacet
  facet normal 0.846002 0.507601 0.16316
    outer loop
      vertex 10.0368 38.2922 6
      vertex 9.66144 37.9535 9
      vertex 10.0995 38.1877 6
    endloop
  endfacet
  facet normal -0.985417 -0.0483397 0.163149
    outer loop
      vertex 8.25361 37.5265 9
      vertex 7.75334 37.5995 6
      vertex 7.75931 37.4778 6
    endloop
  endfacet
  facet normal -0.14492 0.975902 0.163135
    outer loop
      vertex 8.87732 38.8406 6
      vertex 8.75678 38.8227 6
      vertex 8.85368 38.3356 9
    endloop
  endfacet
  facet normal 0.239949 -0.956979 0.163144
    outer loop
      vertex 9.36142 36.4069 6
      vertex 9.21771 36.8823 9
      vertex 9.14632 36.8644 9
    endloop
  endfacet
  facet normal 0.205332 -0.965063 0.162766
    outer loop
      vertex 9.21771 36.8823 9
      vertex 9.36142 36.4069 6
      vertex 9.36189 36.407 6
    endloop
  endfacet
  facet normal 0.58738 -0.792695 0.163155
    outer loop
      vertex 9.69262 36.5634 6
      vertex 9.47579 37.0202 9
      vertex 9.41668 36.9764 9
    endloop
  endfacet
  facet normal 0.6016 -0.78208 0.162566
    outer loop
      vertex 9.47579 37.0202 9
      vertex 9.69262 36.5634 6
      vertex 9.69301 36.5637 6
    endloop
  endfacet
  facet normal -0.144931 -0.975898 0.163148
    outer loop
      vertex 8.92649 36.8536 9
      vertex 8.75727 36.3772 6
      vertex 8.8778 36.3593 6
    endloop
  endfacet
  facet normal 0.663058 -0.730569 0.163167
    outer loop
      vertex 9.88118 36.7181 6
      vertex 9.53033 37.0697 9
      vertex 9.47579 37.0202 9
    endloop
  endfacet
  facet normal 0.733339 -0.660005 0.163117
    outer loop
      vertex 9.53033 37.0697 9
      vertex 9.88118 36.7181 6
      vertex 9.88154 36.7185 6
    endloop
  endfacet
  facet normal -0.846181 0.507304 0.163157
    outer loop
      vertex 7.96317 38.2922 6
      vertex 7.90052 38.1877 6
      vertex 8.33856 37.9535 9
    endloop
  endfacet
  facet normal -0.95703 0.239743 0.163149
    outer loop
      vertex 7.80699 37.9619 6
      vertex 7.77738 37.8437 6
      vertex 8.28229 37.8177 9
    endloop
  endfacet
  facet normal -0.770194 0.616155 0.164783
    outer loop
      vertex 8.0363 38.3909 6
      vertex 8.46967 38.1303 9
      vertex 8.03662 38.3913 6
    endloop
  endfacet
  facet normal -0.730797 0.662812 0.163145
    outer loop
      vertex 8.46967 38.1303 9
      vertex 8.0363 38.3909 6
      vertex 8.42024 38.0758 9
    endloop
  endfacet
  facet normal -0.975916 -0.144808 0.163149
    outer loop
      vertex 8.25361 37.5265 9
      vertex 7.75931 37.4778 6
      vertex 7.77719 37.3573 6
    endloop
  endfacet
  facet normal 0.957049 -0.239667 0.163148
    outer loop
      vertex 10.2226 37.3563 6
      vertex 9.7177 37.3823 9
      vertex 10.193 37.2381 6
    endloop
  endfacet
  facet normal 0.6016 0.78208 0.162566
    outer loop
      vertex 9.69262 38.6366 6
      vertex 9.47579 38.1798 9
      vertex 9.69301 38.6363 6
    endloop
  endfacet
  facet normal 0.58738 0.792695 0.163155
    outer loop
      vertex 9.47579 38.1798 9
      vertex 9.69262 38.6366 6
      vertex 9.41668 38.2236 9
    endloop
  endfacet
  facet normal 0.975893 -0.144967 0.163151
    outer loop
      vertex 10.2407 37.4778 6
      vertex 9.74639 37.5265 9
      vertex 10.2228 37.3573 6
    endloop
  endfacet
  facet normal -0.792392 -0.587791 0.163146
    outer loop
      vertex 8.03601 36.8095 6
      vertex 8.42024 37.1242 9
      vertex 8.3764 37.1833 9
    endloop
  endfacet
  facet normal -0.798776 -0.579112 0.163053
    outer loop
      vertex 8.42024 37.1242 9
      vertex 8.03601 36.8095 6
      vertex 8.0363 36.8091 6
    endloop
  endfacet
  facet normal -0.506834 0.846467 0.163136
    outer loop
      vertex 8.30779 38.6368 6
      vertex 8.58332 38.2236 9
      vertex 8.64645 38.2614 9
    endloop
  endfacet
  facet normal -0.43264 0.886912 0.161892
    outer loop
      vertex 8.58332 38.2236 9
      vertex 8.30779 38.6368 6
      vertex 8.30738 38.6366 6
    endloop
  endfacet
  facet normal 0.929032 0.332086 0.163151
    outer loop
      vertex 10.1518 38.0771 6
      vertex 9.69291 37.887 9
      vertex 10.1928 37.9624 6
    endloop
  endfacet
  facet normal 0.731077 -0.662503 0.163148
    outer loop
      vertex 9.9637 36.8091 6
      vertex 9.57976 37.1242 9
      vertex 9.88187 36.7188 6
    endloop
  endfacet
  facet normal -0.0482588 -0.985419 0.16316
    outer loop
      vertex 8.99951 36.3533 6
      vertex 9 36.85 9
      vertex 8.92649 36.8536 9
    endloop
  endfacet
  facet normal 0 -0.986569 0.163343
    outer loop
      vertex 9 36.85 9
      vertex 8.99951 36.3533 6
      vertex 9 36.3533 6
    endloop
  endfacet
  facet normal -0.239949 0.956981 0.163132
    outer loop
      vertex 8.75678 38.8227 6
      vertex 8.78229 38.3177 9
      vertex 8.85368 38.3356 9
    endloop
  endfacet
  facet normal -0.205284 0.964837 0.16416
    outer loop
      vertex 8.78229 38.3177 9
      vertex 8.75678 38.8227 6
      vertex 8.75631 38.8226 6
    endloop
  endfacet
  facet normal -0.985417 0.0483397 0.163149
    outer loop
      vertex 7.75931 37.7222 6
      vertex 7.75334 37.6005 6
      vertex 8.25361 37.6735 9
    endloop
  endfacet
  facet normal -0.975916 0.144808 0.163149
    outer loop
      vertex 7.77719 37.8427 6
      vertex 7.75931 37.7222 6
      vertex 8.25361 37.6735 9
    endloop
  endfacet
  facet normal 0.91623 0.366492 0.161883
    outer loop
      vertex 9.69291 37.887 9
      vertex 10.193 37.9619 6
      vertex 10.1928 37.9624 6
    endloop
  endfacet
  facet normal 0.928954 0.332305 0.16315
    outer loop
      vertex 10.193 37.9619 6
      vertex 9.69291 37.887 9
      vertex 9.7177 37.8177 9
    endloop
  endfacet
  facet normal -0.984846 0.0590908 0.163054
    outer loop
      vertex 8.25 37.6 9
      vertex 7.75334 37.6005 6
      vertex 7.75331 37.6 6
    endloop
  endfacet
  facet normal -0.985414 0.0483992 0.163147
    outer loop
      vertex 7.75334 37.6005 6
      vertex 8.25 37.6 9
      vertex 8.25361 37.6735 9
    endloop
  endfacet
  facet normal 0.975893 0.144967 0.163151
    outer loop
      vertex 10.2228 37.8427 6
      vertex 9.74639 37.6735 9
      vertex 10.2407 37.7222 6
    endloop
  endfacet
  facet normal 0.985404 -0.0485819 0.163154
    outer loop
      vertex 10.2467 37.5995 6
      vertex 9.74639 37.5265 9
      vertex 10.2407 37.4778 6
    endloop
  endfacet
  facet normal 0.846002 -0.507601 0.16316
    outer loop
      vertex 10.0995 37.0123 6
      vertex 9.66144 37.2465 9
      vertex 10.0368 36.9078 6
    endloop
  endfacet
  facet normal 0.792392 -0.587791 0.163146
    outer loop
      vertex 9.57976 37.1242 9
      vertex 9.96399 36.8095 6
      vertex 9.6236 37.1833 9
    endloop
  endfacet
  facet normal 0.798776 -0.579112 0.163053
    outer loop
      vertex 9.96399 36.8095 6
      vertex 9.57976 37.1242 9
      vertex 9.9637 36.8091 6
    endloop
  endfacet
  facet normal -0.974198 0.155872 0.163225
    outer loop
      vertex 7.77719 37.8427 6
      vertex 8.26441 37.7463 9
      vertex 7.77727 37.8432 6
    endloop
  endfacet
  facet normal -0.975921 0.144779 0.163148
    outer loop
      vertex 8.26441 37.7463 9
      vertex 7.77719 37.8427 6
      vertex 8.25361 37.6735 9
    endloop
  endfacet
  facet normal -0.048578 -0.985405 0.16315
    outer loop
      vertex 8.92649 36.8536 9
      vertex 8.8778 36.3593 6
      vertex 8.99951 36.3533 6
    endloop
  endfacet
  facet normal 0.975921 -0.14478 0.163145
    outer loop
      vertex 9.73559 37.4537 9
      vertex 10.2228 37.3573 6
      vertex 9.74639 37.5265 9
    endloop
  endfacet
  facet normal 0.967413 -0.193483 0.163328
    outer loop
      vertex 10.2228 37.3573 6
      vertex 9.73559 37.4537 9
      vertex 10.2227 37.3568 6
    endloop
  endfacet
  facet normal -0.730671 0.66295 0.163149
    outer loop
      vertex 8.11846 38.4815 6
      vertex 8.03662 38.3913 6
      vertex 8.46967 38.1303 9
    endloop
  endfacet
  facet normal 0.957049 0.239667 0.163148
    outer loop
      vertex 10.193 37.9619 6
      vertex 9.7177 37.8177 9
      vertex 10.2226 37.8437 6
    endloop
  endfacet
  facet normal 0.89194 0.421689 0.163161
    outer loop
      vertex 10.0995 38.1877 6
      vertex 9.66144 37.9535 9
      vertex 10.1516 38.0775 6
    endloop
  endfacet
  facet normal -0.50753 0.846045 0.163162
    outer loop
      vertex 8.41231 38.6995 6
      vertex 8.30779 38.6368 6
      vertex 8.64645 38.2614 9
    endloop
  endfacet
  facet normal 0.929032 -0.332086 0.163152
    outer loop
      vertex 10.193 37.2381 6
      vertex 9.7177 37.3823 9
      vertex 10.152 37.1234 6
    endloop
  endfacet
  facet normal -0.792515 0.587627 0.16314
    outer loop
      vertex 8.03601 38.3905 6
      vertex 7.96342 38.2926 6
      vertex 8.3764 38.0167 9
    endloop
  endfacet
  facet normal 0.393543 0.905149 0.160711
    outer loop
      vertex 9.36189 38.793 6
      vertex 9.28701 38.2929 9
      vertex 9.36235 38.7928 6
    endloop
  endfacet
  facet normal 0.332424 0.928912 0.163147
    outer loop
      vertex 9.28701 38.2929 9
      vertex 9.36189 38.793 6
      vertex 9.21771 38.3177 9
    endloop
  endfacet
  facet normal -0.587796 0.792391 0.163136
    outer loop
      vertex 8.30698 38.6363 6
      vertex 8.20911 38.5637 6
      vertex 8.5242 38.1798 9
    endloop
  endfacet
  facet normal 0.14476 -0.975925 0.163142
    outer loop
      vertex 9.24273 36.3772 6
      vertex 9.14632 36.8644 9
      vertex 9.07351 36.8536 9
    endloop
  endfacet
  facet normal 0.197275 -0.966648 0.163323
    outer loop
      vertex 9.14632 36.8644 9
      vertex 9.24273 36.3772 6
      vertex 9.24322 36.3773 6
    endloop
  endfacet
  facet normal 0.507494 0.846066 0.16316
    outer loop
      vertex 9.58768 38.6995 6
      vertex 9.35355 38.2614 9
      vertex 9.69221 38.6368 6
    endloop
  endfacet
  facet normal -0.95705 -0.239665 0.163147
    outer loop
      vertex 7.77727 37.3568 6
      vertex 8.28229 37.3823 9
      vertex 8.26441 37.4537 9
    endloop
  endfacet
  facet normal -0.963424 -0.211953 0.163984
    outer loop
      vertex 8.28229 37.3823 9
      vertex 7.77727 37.3568 6
      vertex 7.77738 37.3563 6
    endloop
  endfacet
  facet normal 0.332424 -0.928912 0.163147
    outer loop
      vertex 9.36189 36.407 6
      vertex 9.28701 36.9071 9
      vertex 9.21771 36.8823 9
    endloop
  endfacet
  facet normal 0.393543 -0.905149 0.160711
    outer loop
      vertex 9.28701 36.9071 9
      vertex 9.36189 36.407 6
      vertex 9.36235 36.4072 6
    endloop
  endfacet
  facet normal -0.239667 0.957049 0.163147
    outer loop
      vertex 8.75631 38.8226 6
      vertex 8.63811 38.793 6
      vertex 8.78229 38.3177 9
    endloop
  endfacet
  facet normal -0.048578 0.985405 0.16315
    outer loop
      vertex 9 38.8467 6
      vertex 8.87829 38.8407 6
      vertex 9 38.35 9
    endloop
  endfacet
  facet normal 0.730795 -0.662811 0.163161
    outer loop
      vertex 9.53033 37.0697 9
      vertex 9.88187 36.7188 6
      vertex 9.57976 37.1242 9
    endloop
  endfacet
  facet normal 0.663659 -0.730025 0.163156
    outer loop
      vertex 9.88187 36.7188 6
      vertex 9.53033 37.0697 9
      vertex 9.88154 36.7185 6
    endloop
  endfacet
  facet normal -0.239668 -0.957051 0.163134
    outer loop
      vertex 8.85368 36.8644 9
      vertex 8.63858 36.4069 6
      vertex 8.75678 36.3773 6
    endloop
  endfacet
  facet normal -0.400711 -0.9016 0.162938
    outer loop
      vertex 8.41276 36.5003 6
      vertex 8.64645 36.9386 9
      vertex 8.41231 36.5005 6
    endloop
  endfacet
  facet normal -0.422142 -0.891725 0.163164
    outer loop
      vertex 8.64645 36.9386 9
      vertex 8.41276 36.5003 6
      vertex 8.71299 36.9071 9
    endloop
  endfacet
  facet normal -0.50753 -0.846045 0.163162
    outer loop
      vertex 8.64645 36.9386 9
      vertex 8.30779 36.5632 6
      vertex 8.41231 36.5005 6
    endloop
  endfacet
  facet normal -0.798776 0.579112 0.163053
    outer loop
      vertex 8.03601 38.3905 6
      vertex 8.42024 38.0758 9
      vertex 8.0363 38.3909 6
    endloop
  endfacet
  facet normal -0.792392 0.587791 0.163146
    outer loop
      vertex 8.42024 38.0758 9
      vertex 8.03601 38.3905 6
      vertex 8.3764 38.0167 9
    endloop
  endfacet
  facet normal -0.891941 0.421689 0.163155
    outer loop
      vertex 7.90052 38.1877 6
      vertex 7.84842 38.0775 6
      vertex 8.33856 37.9535 9
    endloop
  endfacet
  facet normal 0.986569 0 0.163343
    outer loop
      vertex 9.75 37.6 9
      vertex 10.2467 37.5995 6
      vertex 10.2467 37.6 6
    endloop
  endfacet
  facet normal 0.985412 -0.0483991 0.163159
    outer loop
      vertex 10.2467 37.5995 6
      vertex 9.75 37.6 9
      vertex 9.74639 37.5265 9
    endloop
  endfacet
  facet normal 0.891784 -0.422022 0.163152
    outer loop
      vertex 9.66144 37.2465 9
      vertex 10.1518 37.1229 6
      vertex 9.69291 37.313 9
    endloop
  endfacet
  facet normal 0.882548 -0.441274 0.162436
    outer loop
      vertex 10.1518 37.1229 6
      vertex 9.66144 37.2465 9
      vertex 10.1516 37.1225 6
    endloop
  endfacet
  facet normal -0.587796 -0.792391 0.163136
    outer loop
      vertex 8.5242 37.0202 9
      vertex 8.20911 36.6363 6
      vertex 8.30698 36.5637 6
    endloop
  endfacet
  facet normal 0.730671 0.66295 0.163149
    outer loop
      vertex 9.88154 38.4815 6
      vertex 9.53033 38.1303 9
      vertex 9.96338 38.3913 6
    endloop
  endfacet
  facet normal 0.846479 -0.506816 0.163131
    outer loop
      vertex 9.6236 37.1833 9
      vertex 10.0368 36.9078 6
      vertex 9.66144 37.2465 9
    endloop
  endfacet
  facet normal 0.882599 -0.4413 0.162089
    outer loop
      vertex 10.0368 36.9078 6
      vertex 9.6236 37.1833 9
      vertex 10.0366 36.9074 6
    endloop
  endfacet
  facet normal -0.662411 -0.731162 0.163137
    outer loop
      vertex 8.5242 37.0202 9
      vertex 8.11882 36.7181 6
      vertex 8.20911 36.6363 6
    endloop
  endfacet
  facet normal -0.891785 -0.422022 0.163149
    outer loop
      vertex 7.84821 37.1229 6
      vertex 8.33856 37.2465 9
      vertex 8.30709 37.313 9
    endloop
  endfacet
  facet normal -0.873744 -0.458716 0.161713
    outer loop
      vertex 8.33856 37.2465 9
      vertex 7.84821 37.1229 6
      vertex 7.84842 37.1225 6
    endloop
  endfacet
  facet normal -0.928904 0.332445 0.163151
    outer loop
      vertex 7.84821 38.0771 6
      vertex 7.80716 37.9624 6
      vertex 8.30709 37.887 9
    endloop
  endfacet
  facet normal -0.846181 -0.507304 0.163157
    outer loop
      vertex 8.33856 37.2465 9
      vertex 7.90052 37.0123 6
      vertex 7.96317 36.9078 6
    endloop
  endfacet
  facet normal 0.205284 0.964837 0.16416
    outer loop
      vertex 9.24322 38.8227 6
      vertex 9.21771 38.3177 9
      vertex 9.24369 38.8226 6
    endloop
  endfacet
  facet normal 0.239949 0.956981 0.163132
    outer loop
      vertex 9.21771 38.3177 9
      vertex 9.24322 38.8227 6
      vertex 9.14632 38.3356 9
    endloop
  endfacet
  facet normal -0.984846 -0.0590908 0.163054
    outer loop
      vertex 7.75334 37.5995 6
      vertex 8.25 37.6 9
      vertex 7.75331 37.6 6
    endloop
  endfacet
  facet normal -0.985414 -0.0483992 0.163147
    outer loop
      vertex 8.25 37.6 9
      vertex 7.75334 37.5995 6
      vertex 8.25361 37.5265 9
    endloop
  endfacet
  facet normal 0.587757 -0.792419 0.163137
    outer loop
      vertex 9.79089 36.6363 6
      vertex 9.47579 37.0202 9
      vertex 9.69301 36.5637 6
    endloop
  endfacet
  facet normal 0.882548 0.441274 0.162436
    outer loop
      vertex 9.66144 37.9535 9
      vertex 10.1518 38.0771 6
      vertex 10.1516 38.0775 6
    endloop
  endfacet
  facet normal 0.891784 0.422022 0.163152
    outer loop
      vertex 10.1518 38.0771 6
      vertex 9.66144 37.9535 9
      vertex 9.69291 37.887 9
    endloop
  endfacet
  facet normal -0.331984 0.929069 0.163151
    outer loop
      vertex 8.63765 38.7928 6
      vertex 8.52291 38.7518 6
      vertex 8.71299 38.2929 9
    endloop
  endfacet
  facet normal 0.048578 -0.985405 0.16315
    outer loop
      vertex 9.07351 36.8536 9
      vertex 9.00049 36.3533 6
      vertex 9.1222 36.3593 6
    endloop
  endfacet
  facet normal -0.873744 0.458716 0.161713
    outer loop
      vertex 7.84821 38.0771 6
      vertex 8.33856 37.9535 9
      vertex 7.84842 38.0775 6
    endloop
  endfacet
  facet normal -0.891785 0.422022 0.163149
    outer loop
      vertex 8.33856 37.9535 9
      vertex 7.84821 38.0771 6
      vertex 8.30709 37.887 9
    endloop
  endfacet
  facet normal -0.975921 -0.144779 0.163148
    outer loop
      vertex 7.77719 37.3573 6
      vertex 8.26441 37.4537 9
      vertex 8.25361 37.5265 9
    endloop
  endfacet
  facet normal -0.974198 -0.155872 0.163225
    outer loop
      vertex 8.26441 37.4537 9
      vertex 7.77719 37.3573 6
      vertex 7.77727 37.3568 6
    endloop
  endfacet
  facet normal 0.144931 -0.975898 0.163148
    outer loop
      vertex 9.24273 36.3772 6
      vertex 9.07351 36.8536 9
      vertex 9.1222 36.3593 6
    endloop
  endfacet
  facet normal 0.967413 0.193483 0.163328
    outer loop
      vertex 9.73559 37.7463 9
      vertex 10.2228 37.8427 6
      vertex 10.2227 37.8432 6
    endloop
  endfacet
  facet normal 0.975921 0.14478 0.163145
    outer loop
      vertex 10.2228 37.8427 6
      vertex 9.73559 37.7463 9
      vertex 9.74639 37.6735 9
    endloop
  endfacet
  facet normal 0.967229 0.193446 0.164461
    outer loop
      vertex 9.7177 37.8177 9
      vertex 10.2227 37.8432 6
      vertex 10.2226 37.8437 6
    endloop
  endfacet
  facet normal 0.95702 0.239791 0.163137
    outer loop
      vertex 10.2227 37.8432 6
      vertex 9.7177 37.8177 9
      vertex 9.73559 37.7463 9
    endloop
  endfacet
  facet normal -0.43264 -0.886912 0.161892
    outer loop
      vertex 8.30779 36.5632 6
      vertex 8.58332 36.9764 9
      vertex 8.30738 36.5634 6
    endloop
  endfacet
  facet normal -0.506834 -0.846467 0.163136
    outer loop
      vertex 8.58332 36.9764 9
      vertex 8.30779 36.5632 6
      vertex 8.64645 36.9386 9
    endloop
  endfacet
  facet normal -0.421845 -0.891867 0.163154
    outer loop
      vertex 8.71299 36.9071 9
      vertex 8.41276 36.5003 6
      vertex 8.52291 36.4482 6
    endloop
  endfacet
  facet normal 0.239668 -0.957051 0.163134
    outer loop
      vertex 9.36142 36.4069 6
      vertex 9.14632 36.8644 9
      vertex 9.24322 36.3773 6
    endloop
  endfacet
  facet normal 0.421845 -0.891867 0.163154
    outer loop
      vertex 9.58724 36.5003 6
      vertex 9.28701 36.9071 9
      vertex 9.47709 36.4482 6
    endloop
  endfacet
  facet normal -0.730795 -0.662811 0.163161
    outer loop
      vertex 8.11813 36.7188 6
      vertex 8.46967 37.0697 9
      vertex 8.42024 37.1242 9
    endloop
  endfacet
  facet normal -0.663659 -0.730025 0.163156
    outer loop
      vertex 8.46967 37.0697 9
      vertex 8.11813 36.7188 6
      vertex 8.11846 36.7185 6
    endloop
  endfacet
  facet normal -0.792515 -0.587627 0.16314
    outer loop
      vertex 8.3764 37.1833 9
      vertex 7.96342 36.9074 6
      vertex 8.03601 36.8095 6
    endloop
  endfacet
  facet normal -0.95703 -0.239743 0.163149
    outer loop
      vertex 8.28229 37.3823 9
      vertex 7.77738 37.3563 6
      vertex 7.80699 37.2381 6
    endloop
  endfacet
  facet normal -0.928904 -0.332446 0.163149
    outer loop
      vertex 8.28229 37.3823 9
      vertex 7.80699 37.2381 6
      vertex 7.84804 37.1234 6
    endloop
  endfacet
  facet normal 0.95702 -0.239791 0.163137
    outer loop
      vertex 9.7177 37.3823 9
      vertex 10.2227 37.3568 6
      vertex 9.73559 37.4537 9
    endloop
  endfacet
  facet normal 0.967229 -0.193446 0.164461
    outer loop
      vertex 10.2227 37.3568 6
      vertex 9.7177 37.3823 9
      vertex 10.2226 37.3563 6
    endloop
  endfacet
  facet normal -0.591979 -0.789305 0.162969
    outer loop
      vertex 8.30738 36.5634 6
      vertex 8.5242 37.0202 9
      vertex 8.30698 36.5637 6
    endloop
  endfacet
  facet normal -0.587316 -0.792742 0.163156
    outer loop
      vertex 8.5242 37.0202 9
      vertex 8.30738 36.5634 6
      vertex 8.58332 36.9764 9
    endloop
  endfacet
  facet normal 0.14476 0.975925 0.16314
    outer loop
      vertex 9.12268 38.8406 6
      vertex 9.07351 38.3464 9
      vertex 9.14632 38.3356 9
    endloop
  endfacet
  facet normal 0.201246 0.96598 0.162428
    outer loop
      vertex 9.07351 38.3464 9
      vertex 9.12268 38.8406 6
      vertex 9.1222 38.8407 6
    endloop
  endfacet
  facet normal 0.507494 -0.846066 0.16316
    outer loop
      vertex 9.69221 36.5632 6
      vertex 9.35355 36.9386 9
      vertex 9.58768 36.5005 6
    endloop
  endfacet
  facet normal -0.393543 -0.905149 0.160711
    outer loop
      vertex 8.63811 36.407 6
      vertex 8.71299 36.9071 9
      vertex 8.63765 36.4072 6
    endloop
  endfacet
  facet normal -0.332424 -0.928912 0.163147
    outer loop
      vertex 8.71299 36.9071 9
      vertex 8.63811 36.407 6
      vertex 8.78229 36.8823 9
    endloop
  endfacet
  facet normal 0.770194 0.616155 0.164783
    outer loop
      vertex 9.53033 38.1303 9
      vertex 9.9637 38.3909 6
      vertex 9.96338 38.3913 6
    endloop
  endfacet
  facet normal 0.730797 0.662812 0.163145
    outer loop
      vertex 9.9637 38.3909 6
      vertex 9.53033 38.1303 9
      vertex 9.57976 38.0758 9
    endloop
  endfacet
  facet normal 0.14492 0.975902 0.163135
    outer loop
      vertex 9.24322 38.8227 6
      vertex 9.12268 38.8406 6
      vertex 9.14632 38.3356 9
    endloop
  endfacet
  facet normal -0.928912 -0.332424 0.163148
    outer loop
      vertex 7.84804 37.1234 6
      vertex 8.30709 37.313 9
      vertex 8.28229 37.3823 9
    endloop
  endfacet
  facet normal -0.93411 -0.317597 0.163006
    outer loop
      vertex 8.30709 37.313 9
      vertex 7.84804 37.1234 6
      vertex 7.84821 37.1229 6
    endloop
  endfacet
  facet normal -0.663124 0.730508 0.163168
    outer loop
      vertex 8.11882 38.4819 6
      vertex 8.46967 38.1303 9
      vertex 8.5242 38.1798 9
    endloop
  endfacet
  facet normal -0.733339 0.660005 0.163117
    outer loop
      vertex 8.46967 38.1303 9
      vertex 8.11882 38.4819 6
      vertex 8.11846 38.4815 6
    endloop
  endfacet
  facet normal 0.331984 -0.929069 0.163151
    outer loop
      vertex 9.47709 36.4482 6
      vertex 9.28701 36.9071 9
      vertex 9.36235 36.4072 6
    endloop
  endfacet
  facet normal -0.731077 -0.662503 0.163148
    outer loop
      vertex 8.42024 37.1242 9
      vertex 8.0363 36.8091 6
      vertex 8.11813 36.7188 6
    endloop
  endfacet
  facet normal 0.89194 -0.421689 0.163161
    outer loop
      vertex 10.1516 37.1225 6
      vertex 9.66144 37.2465 9
      vertex 10.0995 37.0123 6
    endloop
  endfacet
  facet normal 0.048578 0.985405 0.16315
    outer loop
      vertex 9 38.8467 6
      vertex 9 38.35 9
      vertex 9.12171 38.8407 6
    endloop
  endfacet
  facet normal 0.506834 -0.846467 0.163136
    outer loop
      vertex 9.69221 36.5632 6
      vertex 9.41668 36.9764 9
      vertex 9.35355 36.9386 9
    endloop
  endfacet
  facet normal 0.43264 -0.886912 0.161892
    outer loop
      vertex 9.41668 36.9764 9
      vertex 9.69221 36.5632 6
      vertex 9.69262 36.5634 6
    endloop
  endfacet
  facet normal -0.197275 -0.966648 0.163323
    outer loop
      vertex 8.75727 36.3772 6
      vertex 8.85368 36.8644 9
      vertex 8.75678 36.3773 6
    endloop
  endfacet
  facet normal -0.14476 -0.975925 0.163142
    outer loop
      vertex 8.85368 36.8644 9
      vertex 8.75727 36.3772 6
      vertex 8.92649 36.8536 9
    endloop
  endfacet
  facet normal -0.048259 0.985422 0.16314
    outer loop
      vertex 8.87829 38.8407 6
      vertex 8.92649 38.3464 9
      vertex 9 38.35 9
    endloop
  endfacet
  facet normal 0 0.986696 0.162575
    outer loop
      vertex 8.92649 38.3464 9
      vertex 8.87829 38.8407 6
      vertex 8.8778 38.8407 6
    endloop
  endfacet
  facet normal -0.422142 0.891725 0.163164
    outer loop
      vertex 8.41276 38.6997 6
      vertex 8.64645 38.2614 9
      vertex 8.71299 38.2929 9
    endloop
  endfacet
  facet normal -0.400711 0.9016 0.162938
    outer loop
      vertex 8.64645 38.2614 9
      vertex 8.41276 38.6997 6
      vertex 8.41231 38.6995 6
    endloop
  endfacet
  facet normal -0.934012 0.317564 0.163628
    outer loop
      vertex 7.80699 37.9619 6
      vertex 8.30709 37.887 9
      vertex 7.80716 37.9624 6
    endloop
  endfacet
  facet normal -0.928911 0.332424 0.163149
    outer loop
      vertex 8.30709 37.887 9
      vertex 7.80699 37.9619 6
      vertex 8.28229 37.8177 9
    endloop
  endfacet
  facet normal -0 0.986696 0.162575
    outer loop
      vertex 9.12171 38.8407 6
      vertex 9.07351 38.3464 9
      vertex 9.1222 38.8407 6
    endloop
  endfacet
  facet normal 0.048259 0.985422 0.16314
    outer loop
      vertex 9.07351 38.3464 9
      vertex 9.12171 38.8407 6
      vertex 9 38.35 9
    endloop
  endfacet
  facet normal -0.332424 0.928912 0.163147
    outer loop
      vertex 8.63811 38.793 6
      vertex 8.71299 38.2929 9
      vertex 8.78229 38.3177 9
    endloop
  endfacet
  facet normal -0.393543 0.905149 0.160711
    outer loop
      vertex 8.71299 38.2929 9
      vertex 8.63811 38.793 6
      vertex 8.63765 38.7928 6
    endloop
  endfacet
  facet normal 0.798776 0.579112 0.163053
    outer loop
      vertex 9.57976 38.0758 9
      vertex 9.96399 38.3905 6
      vertex 9.9637 38.3909 6
    endloop
  endfacet
  facet normal 0.792392 0.587791 0.163146
    outer loop
      vertex 9.96399 38.3905 6
      vertex 9.57976 38.0758 9
      vertex 9.6236 38.0167 9
    endloop
  endfacet
  facet normal 0.43264 0.886912 0.161892
    outer loop
      vertex 9.69221 38.6368 6
      vertex 9.41668 38.2236 9
      vertex 9.69262 38.6366 6
    endloop
  endfacet
  facet normal 0.506834 0.846467 0.163136
    outer loop
      vertex 9.41668 38.2236 9
      vertex 9.69221 38.6368 6
      vertex 9.35355 38.2614 9
    endloop
  endfacet
  facet normal 0.408267 0.898187 0.163028
    outer loop
      vertex 9.58724 38.6997 6
      vertex 9.35355 38.2614 9
      vertex 9.58768 38.6995 6
    endloop
  endfacet
  facet normal 0.422142 0.891725 0.163164
    outer loop
      vertex 9.35355 38.2614 9
      vertex 9.58724 38.6997 6
      vertex 9.28701 38.2929 9
    endloop
  endfacet
  facet normal -0.421845 0.891867 0.163154
    outer loop
      vertex 8.52291 38.7518 6
      vertex 8.41276 38.6997 6
      vertex 8.71299 38.2929 9
    endloop
  endfacet
  facet normal 0.331984 0.929069 0.163151
    outer loop
      vertex 9.36235 38.7928 6
      vertex 9.28701 38.2929 9
      vertex 9.47709 38.7518 6
    endloop
  endfacet
  facet normal 0.421845 0.891867 0.163154
    outer loop
      vertex 9.47709 38.7518 6
      vertex 9.28701 38.2929 9
      vertex 9.58724 38.6997 6
    endloop
  endfacet
  facet normal -0.846478 -0.506815 0.163139
    outer loop
      vertex 7.96317 36.9078 6
      vertex 8.3764 37.1833 9
      vertex 8.33856 37.2465 9
    endloop
  endfacet
  facet normal -0.836621 -0.522888 0.163258
    outer loop
      vertex 8.3764 37.1833 9
      vertex 7.96317 36.9078 6
      vertex 7.96342 36.9074 6
    endloop
  endfacet
  facet normal 0.792437 -0.587731 0.163144
    outer loop
      vertex 10.0366 36.9074 6
      vertex 9.6236 37.1833 9
      vertex 9.96399 36.8095 6
    endloop
  endfacet
  facet normal 0.422142 -0.891725 0.163164
    outer loop
      vertex 9.58724 36.5003 6
      vertex 9.35355 36.9386 9
      vertex 9.28701 36.9071 9
    endloop
  endfacet
  facet normal 0.408267 -0.898187 0.163028
    outer loop
      vertex 9.35355 36.9386 9
      vertex 9.58724 36.5003 6
      vertex 9.58768 36.5005 6
    endloop
  endfacet
  facet normal 0.662411 -0.731162 0.16314
    outer loop
      vertex 9.88118 36.7181 6
      vertex 9.47579 37.0202 9
      vertex 9.79089 36.6363 6
    endloop
  endfacet
  facet normal 0 0 1
    outer loop
      vertex 9.74639 37.6735 9
      vertex 9.74639 37.5265 9
      vertex 9.75 37.6 9
    endloop
  endfacet
  facet normal 0 0 1
    outer loop
      vertex 9.73559 37.7463 9
      vertex 9.74639 37.5265 9
      vertex 9.74639 37.6735 9
    endloop
  endfacet
  facet normal 0 0 1
    outer loop
      vertex 9.73559 37.7463 9
      vertex 9.73559 37.4537 9
      vertex 9.74639 37.5265 9
    endloop
  endfacet
  facet normal 0 0 1
    outer loop
      vertex 9.7177 37.8177 9
      vertex 9.73559 37.4537 9
      vertex 9.73559 37.7463 9
    endloop
  endfacet
  facet normal 0 0 1
    outer loop
      vertex 9.7177 37.8177 9
      vertex 9.7177 37.3823 9
      vertex 9.73559 37.4537 9
    endloop
  endfacet
  facet normal 0 0 1
    outer loop
      vertex 9.69291 37.887 9
      vertex 9.7177 37.3823 9
      vertex 9.7177 37.8177 9
    endloop
  endfacet
  facet normal 0 0 1
    outer loop
      vertex 9.69291 37.887 9
      vertex 9.69291 37.313 9
      vertex 9.7177 37.3823 9
    endloop
  endfacet
  facet normal 0 0 1
    outer loop
      vertex 9.66144 37.9535 9
      vertex 9.69291 37.313 9
      vertex 9.69291 37.887 9
    endloop
  endfacet
  facet normal 0 0 1
    outer loop
      vertex 9.66144 37.9535 9
      vertex 9.66144 37.2465 9
      vertex 9.69291 37.313 9
    endloop
  endfacet
  facet normal 0 0 1
    outer loop
      vertex 9.6236 38.0167 9
      vertex 9.66144 37.2465 9
      vertex 9.66144 37.9535 9
    endloop
  endfacet
  facet normal 0 0 1
    outer loop
      vertex 9.6236 38.0167 9
      vertex 9.6236 37.1833 9
      vertex 9.66144 37.2465 9
    endloop
  endfacet
  facet normal 0 0 1
    outer loop
      vertex 9.57976 38.0758 9
      vertex 9.6236 37.1833 9
      vertex 9.6236 38.0167 9
    endloop
  endfacet
  facet normal 0 0 1
    outer loop
      vertex 9.57976 38.0758 9
      vertex 9.57976 37.1242 9
      vertex 9.6236 37.1833 9
    endloop
  endfacet
  facet normal 0 0 1
    outer loop
      vertex 9.53033 38.1303 9
      vertex 9.57976 37.1242 9
      vertex 9.57976 38.0758 9
    endloop
  endfacet
  facet normal 0 0 1
    outer loop
      vertex 9.53033 38.1303 9
      vertex 9.53033 37.0697 9
      vertex 9.57976 37.1242 9
    endloop
  endfacet
  facet normal 0 0 1
    outer loop
      vertex 9.47579 38.1798 9
      vertex 9.53033 37.0697 9
      vertex 9.53033 38.1303 9
    endloop
  endfacet
  facet normal 0 0 1
    outer loop
      vertex 9.47579 38.1798 9
      vertex 9.47579 37.0202 9
      vertex 9.53033 37.0697 9
    endloop
  endfacet
  facet normal 0 0 1
    outer loop
      vertex 9.41668 38.2236 9
      vertex 9.47579 37.0202 9
      vertex 9.47579 38.1798 9
    endloop
  endfacet
  facet normal 0 0 1
    outer loop
      vertex 9.41668 38.2236 9
      vertex 9.41668 36.9764 9
      vertex 9.47579 37.0202 9
    endloop
  endfacet
  facet normal 0 0 1
    outer loop
      vertex 9.35355 38.2614 9
      vertex 9.41668 36.9764 9
      vertex 9.41668 38.2236 9
    endloop
  endfacet
  facet normal 0 0 1
    outer loop
      vertex 9.35355 38.2614 9
      vertex 9.35355 36.9386 9
      vertex 9.41668 36.9764 9
    endloop
  endfacet
  facet normal 0 0 1
    outer loop
      vertex 9.28701 38.2929 9
      vertex 9.35355 36.9386 9
      vertex 9.35355 38.2614 9
    endloop
  endfacet
  facet normal 0 0 1
    outer loop
      vertex 9.28701 38.2929 9
      vertex 9.28701 36.9071 9
      vertex 9.35355 36.9386 9
    endloop
  endfacet
  facet normal 0 0 1
    outer loop
      vertex 9.21771 38.3177 9
      vertex 9.28701 36.9071 9
      vertex 9.28701 38.2929 9
    endloop
  endfacet
  facet normal 0 0 1
    outer loop
      vertex 9.21771 38.3177 9
      vertex 9.21771 36.8823 9
      vertex 9.28701 36.9071 9
    endloop
  endfacet
  facet normal 0 0 1
    outer loop
      vertex 9.14632 38.3356 9
      vertex 9.21771 36.8823 9
      vertex 9.21771 38.3177 9
    endloop
  endfacet
  facet normal 0 0 1
    outer loop
      vertex 9.14632 38.3356 9
      vertex 9.14632 36.8644 9
      vertex 9.21771 36.8823 9
    endloop
  endfacet
  facet normal 0 0 1
    outer loop
      vertex 9.07351 38.3464 9
      vertex 9.14632 36.8644 9
      vertex 9.14632 38.3356 9
    endloop
  endfacet
  facet normal 0 0 1
    outer loop
      vertex 9.07351 38.3464 9
      vertex 9.07351 36.8536 9
      vertex 9.14632 36.8644 9
    endloop
  endfacet
  facet normal 0 0 1
    outer loop
      vertex 9 38.35 9
      vertex 9.07351 36.8536 9
      vertex 9.07351 38.3464 9
    endloop
  endfacet
  facet normal 0 0 1
    outer loop
      vertex 9 38.35 9
      vertex 9 36.85 9
      vertex 9.07351 36.8536 9
    endloop
  endfacet
  facet normal -0 0 1
    outer loop
      vertex 8.92649 38.3464 9
      vertex 9 36.85 9
      vertex 9 38.35 9
    endloop
  endfacet
  facet normal 0 0 1
    outer loop
      vertex 8.92649 38.3464 9
      vertex 8.92649 36.8536 9
      vertex 9 36.85 9
    endloop
  endfacet
  facet normal -0 0 1
    outer loop
      vertex 8.85368 38.3356 9
      vertex 8.92649 36.8536 9
      vertex 8.92649 38.3464 9
    endloop
  endfacet
  facet normal 0 0 1
    outer loop
      vertex 8.85368 38.3356 9
      vertex 8.85368 36.8644 9
      vertex 8.92649 36.8536 9
    endloop
  endfacet
  facet normal -0 0 1
    outer loop
      vertex 8.78229 38.3177 9
      vertex 8.85368 36.8644 9
      vertex 8.85368 38.3356 9
    endloop
  endfacet
  facet normal 0 0 1
    outer loop
      vertex 8.78229 38.3177 9
      vertex 8.78229 36.8823 9
      vertex 8.85368 36.8644 9
    endloop
  endfacet
  facet normal -0 0 1
    outer loop
      vertex 8.71299 38.2929 9
      vertex 8.78229 36.8823 9
      vertex 8.78229 38.3177 9
    endloop
  endfacet
  facet normal 0 0 1
    outer loop
      vertex 8.71299 38.2929 9
      vertex 8.71299 36.9071 9
      vertex 8.78229 36.8823 9
    endloop
  endfacet
  facet normal -0 0 1
    outer loop
      vertex 8.64645 38.2614 9
      vertex 8.71299 36.9071 9
      vertex 8.71299 38.2929 9
    endloop
  endfacet
  facet normal 0 0 1
    outer loop
      vertex 8.64645 38.2614 9
      vertex 8.64645 36.9386 9
      vertex 8.71299 36.9071 9
    endloop
  endfacet
  facet normal -0 0 1
    outer loop
      vertex 8.58332 38.2236 9
      vertex 8.64645 36.9386 9
      vertex 8.64645 38.2614 9
    endloop
  endfacet
  facet normal 0 0 1
    outer loop
      vertex 8.58332 38.2236 9
      vertex 8.58332 36.9764 9
      vertex 8.64645 36.9386 9
    endloop
  endfacet
  facet normal -0 0 1
    outer loop
      vertex 8.5242 38.1798 9
      vertex 8.58332 36.9764 9
      vertex 8.58332 38.2236 9
    endloop
  endfacet
  facet normal 0 0 1
    outer loop
      vertex 8.5242 38.1798 9
      vertex 8.5242 37.0202 9
      vertex 8.58332 36.9764 9
    endloop
  endfacet
  facet normal -0 0 1
    outer loop
      vertex 8.46967 38.1303 9
      vertex 8.5242 37.0202 9
      vertex 8.5242 38.1798 9
    endloop
  endfacet
  facet normal 0 0 1
    outer loop
      vertex 8.46967 38.1303 9
      vertex 8.46967 37.0697 9
      vertex 8.5242 37.0202 9
    endloop
  endfacet
  facet normal -0 0 1
    outer loop
      vertex 8.42024 38.0758 9
      vertex 8.46967 37.0697 9
      vertex 8.46967 38.1303 9
    endloop
  endfacet
  facet normal 0 0 1
    outer loop
      vertex 8.42024 38.0758 9
      vertex 8.42024 37.1242 9
      vertex 8.46967 37.0697 9
    endloop
  endfacet
  facet normal -0 0 1
    outer loop
      vertex 8.3764 38.0167 9
      vertex 8.42024 37.1242 9
      vertex 8.42024 38.0758 9
    endloop
  endfacet
  facet normal 0 0 1
    outer loop
      vertex 8.3764 38.0167 9
      vertex 8.3764 37.1833 9
      vertex 8.42024 37.1242 9
    endloop
  endfacet
  facet normal -0 0 1
    outer loop
      vertex 8.33856 37.9535 9
      vertex 8.3764 37.1833 9
      vertex 8.3764 38.0167 9
    endloop
  endfacet
  facet normal 0 0 1
    outer loop
      vertex 8.33856 37.9535 9
      vertex 8.33856 37.2465 9
      vertex 8.3764 37.1833 9
    endloop
  endfacet
  facet normal -0 0 1
    outer loop
      vertex 8.30709 37.887 9
      vertex 8.33856 37.2465 9
      vertex 8.33856 37.9535 9
    endloop
  endfacet
  facet normal 0 0 1
    outer loop
      vertex 8.30709 37.887 9
      vertex 8.30709 37.313 9
      vertex 8.33856 37.2465 9
    endloop
  endfacet
  facet normal -0 0 1
    outer loop
      vertex 8.28229 37.8177 9
      vertex 8.30709 37.313 9
      vertex 8.30709 37.887 9
    endloop
  endfacet
  facet normal 0 0 1
    outer loop
      vertex 8.28229 37.8177 9
      vertex 8.28229 37.3823 9
      vertex 8.30709 37.313 9
    endloop
  endfacet
  facet normal -0 0 1
    outer loop
      vertex 8.26441 37.7463 9
      vertex 8.28229 37.3823 9
      vertex 8.28229 37.8177 9
    endloop
  endfacet
  facet normal 0 0 1
    outer loop
      vertex 8.26441 37.7463 9
      vertex 8.26441 37.4537 9
      vertex 8.28229 37.3823 9
    endloop
  endfacet
  facet normal -0 0 1
    outer loop
      vertex 8.25361 37.6735 9
      vertex 8.26441 37.4537 9
      vertex 8.26441 37.7463 9
    endloop
  endfacet
  facet normal 0 0 1
    outer loop
      vertex 8.25361 37.6735 9
      vertex 8.25361 37.5265 9
      vertex 8.26441 37.4537 9
    endloop
  endfacet
  facet normal 0 -0 1
    outer loop
      vertex 8.25361 37.5265 9
      vertex 8.25361 37.6735 9
      vertex 8.25 37.6 9
    endloop
  endfacet
  facet normal -0.662411 0.731162 0.163137
    outer loop
      vertex 8.20911 38.5637 6
      vertex 8.11882 38.4819 6
      vertex 8.5242 38.1798 9
    endloop
  endfacet
  facet normal -0.587316 0.792742 0.163156
    outer loop
      vertex 8.30738 38.6366 6
      vertex 8.5242 38.1798 9
      vertex 8.58332 38.2236 9
    endloop
  endfacet
  facet normal -0.591979 0.789305 0.162969
    outer loop
      vertex 8.5242 38.1798 9
      vertex 8.30738 38.6366 6
      vertex 8.30698 38.6363 6
    endloop
  endfacet
  facet normal -0.205332 -0.965063 0.162766
    outer loop
      vertex 8.63858 36.4069 6
      vertex 8.78229 36.8823 9
      vertex 8.63811 36.407 6
    endloop
  endfacet
  facet normal -0.239949 -0.956979 0.163144
    outer loop
      vertex 8.78229 36.8823 9
      vertex 8.63858 36.4069 6
      vertex 8.85368 36.8644 9
    endloop
  endfacet
  facet normal -1 0 0
    outer loop
      vertex 49.8 0 3.3
      vertex 49.8 3 5.7
      vertex 49.8 3 3.3
    endloop
  endfacet
  facet normal -1 -0 0
    outer loop
      vertex 49.8 3 5.7
      vertex 49.8 0 3.3
      vertex 49.8 0 5.7
    endloop
  endfacet
  facet normal 0 0 -1
    outer loop
      vertex 36.2 0 5.7
      vertex 49.8 3 5.7
      vertex 49.8 0 5.7
    endloop
  endfacet
  facet normal -0 0 -1
    outer loop
      vertex 49.8 3 5.7
      vertex 36.2 0 5.7
      vertex 36.2 3 5.7
    endloop
  endfacet
  facet normal -0 0 1
    outer loop
      vertex 36.2 3 3.3
      vertex 49.8 0 3.3
      vertex 49.8 3 3.3
    endloop
  endfacet
  facet normal 0 0 1
    outer loop
      vertex 49.8 0 3.3
      vertex 36.2 3 3.3
      vertex 36.2 0 3.3
    endloop
  endfacet
  facet normal 1 -0 0
    outer loop
      vertex 36.2 0 5.7
      vertex 36.2 3 3.3
      vertex 36.2 3 5.7
    endloop
  endfacet
  facet normal 1 0 0
    outer loop
      vertex 36.2 3 3.3
      vertex 36.2 0 5.7
      vertex 36.2 0 3.3
    endloop
  endfacet
  facet normal -1 0 0
    outer loop
      vertex 49.8 43.6 3.3
      vertex 49.8 46.6 5.7
      vertex 49.8 46.6 3.3
    endloop
  endfacet
  facet normal -1 -0 0
    outer loop
      vertex 49.8 46.6 5.7
      vertex 49.8 43.6 3.3
      vertex 49.8 43.6 5.7
    endloop
  endfacet
  facet normal 0 0 -1
    outer loop
      vertex 36.2 43.6 5.7
      vertex 49.8 46.6 5.7
      vertex 49.8 43.6 5.7
    endloop
  endfacet
  facet normal -0 0 -1
    outer loop
      vertex 49.8 46.6 5.7
      vertex 36.2 43.6 5.7
      vertex 36.2 46.6 5.7
    endloop
  endfacet
  facet normal -0 0 1
    outer loop
      vertex 36.2 46.6 3.3
      vertex 49.8 43.6 3.3
      vertex 49.8 46.6 3.3
    endloop
  endfacet
  facet normal 0 0 1
    outer loop
      vertex 49.8 43.6 3.3
      vertex 36.2 46.6 3.3
      vertex 36.2 43.6 3.3
    endloop
  endfacet
  facet normal 1 -0 0
    outer loop
      vertex 36.2 43.6 5.7
      vertex 36.2 46.6 3.3
      vertex 36.2 46.6 5.7
    endloop
  endfacet
  facet normal 1 0 0
    outer loop
      vertex 36.2 46.6 3.3
      vertex 36.2 43.6 5.7
      vertex 36.2 43.6 3.3
    endloop
  endfacet
  facet normal -0 0 1
    outer loop
      vertex 0 31 5.6
      vertex 3 15 5.6
      vertex 3 31 5.6
    endloop
  endfacet
  facet normal 0 0 1
    outer loop
      vertex 3 15 5.6
      vertex 0 31 5.6
      vertex 0 15 5.6
    endloop
  endfacet
  facet normal 0 -1 0
    outer loop
      vertex 0 31 5.6
      vertex 3 31 15.6
      vertex 0 31 15.6
    endloop
  endfacet
  facet normal 0 -1 -0
    outer loop
      vertex 3 31 15.6
      vertex 0 31 5.6
      vertex 3 31 5.6
    endloop
  endfacet
  facet normal 0 1 -0
    outer loop
      vertex 3 15 5.6
      vertex 0 15 15.6
      vertex 3 15 15.6
    endloop
  endfacet
  facet normal 0 1 0
    outer loop
      vertex 0 15 15.6
      vertex 3 15 5.6
      vertex 0 15 5.6
    endloop
  endfacet
endsolid OpenSCAD_Model
