solid OpenSCAD_Model
  facet normal -0.989178 -0.146723 0
    outer loop
      vertex 0.0576324 2.41472 0
      vertex 0.0144348 2.70595 15.3
      vertex 0.0144348 2.70595 0
    endloop
  endfacet
  facet normal -0.989178 -0.146723 0
    outer loop
      vertex 0.0144348 2.70595 15.3
      vertex 0.0576324 2.41472 0
      vertex 0.0576324 2.41472 15.3
    endloop
  endfacet
  facet normal -0.998797 -0.0490306 0
    outer loop
      vertex 0.0144348 2.70595 0
      vertex 0 3 15.3
      vertex 0 3 0
    endloop
  endfacet
  facet normal -0.998797 -0.0490306 0
    outer loop
      vertex 0 3 15.3
      vertex 0.0144348 2.70595 0
      vertex 0.0144348 2.70595 15.3
    endloop
  endfacet
  facet normal -0.336885 -0.941546 0
    outer loop
      vertex 1.85194 0.228348 0
      vertex 2.12914 0.129166 15.3
      vertex 1.85194 0.228348 15.3
    endloop
  endfacet
  facet normal -0.336885 -0.941546 -0
    outer loop
      vertex 2.12914 0.129166 15.3
      vertex 1.85194 0.228348 0
      vertex 2.12914 0.129166 0
    endloop
  endfacet
  facet normal -0.740869 0.67165 0
    outer loop
      vertex 0.680954 39.5032 0
      vertex 0.878677 39.7213 15.3
      vertex 0.878677 39.7213 0
    endloop
  endfacet
  facet normal -0.740869 0.67165 0
    outer loop
      vertex 0.878677 39.7213 15.3
      vertex 0.680954 39.5032 0
      vertex 0.680954 39.5032 15.3
    endloop
  endfacet
  facet normal -0.514216 0.857661 0
    outer loop
      vertex 1.5858 40.2458 0
      vertex 1.33328 40.0944 15.3
      vertex 1.5858 40.2458 15.3
    endloop
  endfacet
  facet normal -0.514216 0.857661 0
    outer loop
      vertex 1.33328 40.0944 15.3
      vertex 1.5858 40.2458 0
      vertex 1.33328 40.0944 0
    endloop
  endfacet
  facet normal 1 -0 0
    outer loop
      vertex 80 3 15.3
      vertex 80 37.6 0
      vertex 80 37.6 15.3
    endloop
  endfacet
  facet normal 1 0 0
    outer loop
      vertex 80 37.6 0
      vertex 80 3 15.3
      vertex 80 3 0
    endloop
  endfacet
  facet normal -0.0492515 0.998786 0
    outer loop
      vertex 3 40.6 0
      vertex 2.70595 40.5855 15.3
      vertex 3 40.6 15.3
    endloop
  endfacet
  facet normal -0.0492515 0.998786 0
    outer loop
      vertex 2.70595 40.5855 15.3
      vertex 3 40.6 0
      vertex 2.70595 40.5855 0
    endloop
  endfacet
  facet normal -0.803258 0.595631 0
    outer loop
      vertex 0.505585 39.2667 0
      vertex 0.680954 39.5032 15.3
      vertex 0.680954 39.5032 0
    endloop
  endfacet
  facet normal -0.803258 0.595631 0
    outer loop
      vertex 0.680954 39.5032 15.3
      vertex 0.505585 39.2667 0
      vertex 0.505585 39.2667 15.3
    endloop
  endfacet
  facet normal 0.904125 0.427269 0
    outer loop
      vertex 79.7716 38.748 15.3
      vertex 79.6458 39.0142 0
      vertex 79.6458 39.0142 15.3
    endloop
  endfacet
  facet normal 0.904125 0.427269 0
    outer loop
      vertex 79.6458 39.0142 0
      vertex 79.7716 38.748 15.3
      vertex 79.7716 38.748 0
    endloop
  endfacet
  facet normal 0 -1 0
    outer loop
      vertex 3 0 0
      vertex 77 0 15.3
      vertex 3 0 15.3
    endloop
  endfacet
  facet normal 0 -1 -0
    outer loop
      vertex 77 0 15.3
      vertex 3 0 0
      vertex 77 0 0
    endloop
  endfacet
  facet normal 0 1 -0
    outer loop
      vertex 77 40.6 0
      vertex 3 40.6 15.3
      vertex 77 40.6 15.3
    endloop
  endfacet
  facet normal 0 1 0
    outer loop
      vertex 3 40.6 15.3
      vertex 77 40.6 0
      vertex 3 40.6 0
    endloop
  endfacet
  facet normal 0.941527 0.336939 0
    outer loop
      vertex 79.8708 38.4708 15.3
      vertex 79.7716 38.748 0
      vertex 79.7716 38.748 15.3
    endloop
  endfacet
  facet normal 0.941527 0.336939 0
    outer loop
      vertex 79.7716 38.748 0
      vertex 79.8708 38.4708 15.3
      vertex 79.8708 38.4708 0
    endloop
  endfacet
  facet normal -0.998797 0.0490389 0
    outer loop
      vertex 0 37.6 0
      vertex 0.0144348 37.894 15.3
      vertex 0.0144348 37.894 0
    endloop
  endfacet
  facet normal -0.998797 0.0490389 0
    outer loop
      vertex 0.0144348 37.894 15.3
      vertex 0 37.6 0
      vertex 0 37.6 15.3
    endloop
  endfacet
  facet normal -1 0 0
    outer loop
      vertex 0 37.6 0
      vertex 0 28 5.6
      vertex 0 37.6 15.3
    endloop
  endfacet
  facet normal -1 0 0
    outer loop
      vertex 0 3 0
      vertex 0 28 5.6
      vertex 0 37.6 0
    endloop
  endfacet
  facet normal -1 -0 0
    outer loop
      vertex 0 28 5.6
      vertex 0 3 0
      vertex 0 12 5.6
    endloop
  endfacet
  facet normal -1 0 0
    outer loop
      vertex 0 3 15.3
      vertex 0 12 5.6
      vertex 0 3 0
    endloop
  endfacet
  facet normal -1 0 0
    outer loop
      vertex 0 12 5.6
      vertex 0 3 15.3
      vertex 0 12 15.3
    endloop
  endfacet
  facet normal -1 -0 0
    outer loop
      vertex 0 37.6 15.3
      vertex 0 28 5.6
      vertex 0 28 15.3
    endloop
  endfacet
  facet normal -0.595696 -0.80321 0
    outer loop
      vertex 1.09682 0.680954 0
      vertex 1.33328 0.505585 15.3
      vertex 1.09682 0.680954 15.3
    endloop
  endfacet
  facet normal -0.595696 -0.80321 -0
    outer loop
      vertex 1.33328 0.505585 15.3
      vertex 1.09682 0.680954 0
      vertex 1.33328 0.505585 0
    endloop
  endfacet
  facet normal -0.427347 0.904088 0
    outer loop
      vertex 1.85194 40.3716 0
      vertex 1.5858 40.2458 15.3
      vertex 1.85194 40.3716 15.3
    endloop
  endfacet
  facet normal -0.427347 0.904088 0
    outer loop
      vertex 1.5858 40.2458 15.3
      vertex 1.85194 40.3716 0
      vertex 1.5858 40.2458 0
    endloop
  endfacet
  facet normal 0.0490389 -0.998797 0
    outer loop
      vertex 77 0 0
      vertex 77.294 0.0144348 15.3
      vertex 77 0 15.3
    endloop
  endfacet
  facet normal 0.0490389 -0.998797 0
    outer loop
      vertex 77.294 0.0144348 15.3
      vertex 77 0 0
      vertex 77.294 0.0144348 0
    endloop
  endfacet
  facet normal 0.969978 -0.243191 0
    outer loop
      vertex 79.8708 2.12914 15.3
      vertex 79.9424 2.41472 0
      vertex 79.9424 2.41472 15.3
    endloop
  endfacet
  facet normal 0.969978 -0.243191 0
    outer loop
      vertex 79.9424 2.41472 0
      vertex 79.8708 2.12914 15.3
      vertex 79.8708 2.12914 0
    endloop
  endfacet
  facet normal 0.998786 0.0492599 0
    outer loop
      vertex 80 37.6 15.3
      vertex 79.9855 37.894 0
      vertex 79.9855 37.894 15.3
    endloop
  endfacet
  facet normal 0.998786 0.0492599 0
    outer loop
      vertex 79.9855 37.894 0
      vertex 80 37.6 15.3
      vertex 80 37.6 0
    endloop
  endfacet
  facet normal 0.740908 0.671607 0
    outer loop
      vertex 79.319 39.5032 15.3
      vertex 79.1213 39.7213 0
      vertex 79.1213 39.7213 15.3
    endloop
  endfacet
  facet normal 0.740908 0.671607 0
    outer loop
      vertex 79.1213 39.7213 0
      vertex 79.319 39.5032 15.3
      vertex 79.319 39.5032 0
    endloop
  endfacet
  facet normal 0.989226 -0.146398 0
    outer loop
      vertex 79.9424 2.41472 15.3
      vertex 79.9855 2.70595 0
      vertex 79.9855 2.70595 15.3
    endloop
  endfacet
  facet normal 0.989226 -0.146398 0
    outer loop
      vertex 79.9855 2.70595 0
      vertex 79.9424 2.41472 15.3
      vertex 79.9424 2.41472 0
    endloop
  endfacet
  facet normal 0.146688 -0.989183 0
    outer loop
      vertex 77.294 0.0144348 0
      vertex 77.5853 0.0576324 15.3
      vertex 77.294 0.0144348 15.3
    endloop
  endfacet
  facet normal 0.146688 -0.989183 0
    outer loop
      vertex 77.5853 0.0576324 15.3
      vertex 77.294 0.0144348 0
      vertex 77.5853 0.0576324 0
    endloop
  endfacet
  facet normal -0.336939 0.941527 0
    outer loop
      vertex 2.12914 40.4708 0
      vertex 1.85194 40.3716 15.3
      vertex 2.12914 40.4708 15.3
    endloop
  endfacet
  facet normal -0.336939 0.941527 0
    outer loop
      vertex 1.85194 40.3716 15.3
      vertex 2.12914 40.4708 0
      vertex 1.85194 40.3716 0
    endloop
  endfacet
  facet normal -0.989183 0.146688 0
    outer loop
      vertex 0.0144348 37.894 0
      vertex 0.0576324 38.1853 15.3
      vertex 0.0576324 38.1853 0
    endloop
  endfacet
  facet normal -0.989183 0.146688 0
    outer loop
      vertex 0.0576324 38.1853 15.3
      vertex 0.0144348 37.894 0
      vertex 0.0144348 37.894 15.3
    endloop
  endfacet
  facet normal -0.242871 0.970059 0
    outer loop
      vertex 2.41472 40.5423 0
      vertex 2.12914 40.4708 15.3
      vertex 2.41472 40.5423 15.3
    endloop
  endfacet
  facet normal -0.242871 0.970059 0
    outer loop
      vertex 2.12914 40.4708 15.3
      vertex 2.41472 40.5423 0
      vertex 2.12914 40.4708 0
    endloop
  endfacet
  facet normal 0.969962 0.243255 0
    outer loop
      vertex 79.9424 38.1853 15.3
      vertex 79.8708 38.4708 0
      vertex 79.8708 38.4708 15.3
    endloop
  endfacet
  facet normal 0.969962 0.243255 0
    outer loop
      vertex 79.8708 38.4708 0
      vertex 79.9424 38.1853 15.3
      vertex 79.9424 38.1853 0
    endloop
  endfacet
  facet normal 0.67165 -0.740869 0
    outer loop
      vertex 78.9032 0.680954 0
      vertex 79.1213 0.878677 15.3
      vertex 78.9032 0.680954 15.3
    endloop
  endfacet
  facet normal 0.67165 -0.740869 0
    outer loop
      vertex 79.1213 0.878677 15.3
      vertex 78.9032 0.680954 0
      vertex 79.1213 0.878677 0
    endloop
  endfacet
  facet normal 0.243043 -0.970016 0
    outer loop
      vertex 77.5853 0.0576324 0
      vertex 77.8708 0.129166 15.3
      vertex 77.5853 0.0576324 15.3
    endloop
  endfacet
  facet normal 0.243043 -0.970016 0
    outer loop
      vertex 77.8708 0.129166 15.3
      vertex 77.5853 0.0576324 0
      vertex 77.8708 0.129166 0
    endloop
  endfacet
  facet normal -0.146731 0.989176 0
    outer loop
      vertex 2.70595 40.5855 0
      vertex 2.41472 40.5423 15.3
      vertex 2.70595 40.5855 15.3
    endloop
  endfacet
  facet normal -0.146731 0.989176 0
    outer loop
      vertex 2.41472 40.5423 15.3
      vertex 2.70595 40.5855 0
      vertex 2.41472 40.5423 0
    endloop
  endfacet
  facet normal 0.0492599 0.998786 -0
    outer loop
      vertex 77.294 40.5855 0
      vertex 77 40.6 15.3
      vertex 77.294 40.5855 15.3
    endloop
  endfacet
  facet normal 0.0492599 0.998786 0
    outer loop
      vertex 77 40.6 15.3
      vertex 77.294 40.5855 0
      vertex 77 40.6 0
    endloop
  endfacet
  facet normal -0.970016 0.243043 0
    outer loop
      vertex 0.0576324 38.1853 0
      vertex 0.129166 38.4708 15.3
      vertex 0.129166 38.4708 0
    endloop
  endfacet
  facet normal -0.970016 0.243043 0
    outer loop
      vertex 0.129166 38.4708 15.3
      vertex 0.0576324 38.1853 0
      vertex 0.0576324 38.1853 15.3
    endloop
  endfacet
  facet normal 0.989231 0.146364 0
    outer loop
      vertex 79.9855 37.894 15.3
      vertex 79.9424 38.1853 0
      vertex 79.9424 38.1853 15.3
    endloop
  endfacet
  facet normal 0.989231 0.146364 0
    outer loop
      vertex 79.9424 38.1853 0
      vertex 79.9855 37.894 15.3
      vertex 79.9855 37.894 0
    endloop
  endfacet
  facet normal -0.904013 0.427505 0
    outer loop
      vertex 0.228348 38.748 0
      vertex 0.354233 39.0142 15.3
      vertex 0.354233 39.0142 0
    endloop
  endfacet
  facet normal -0.904013 0.427505 0
    outer loop
      vertex 0.354233 39.0142 15.3
      vertex 0.228348 38.748 0
      vertex 0.228348 38.748 15.3
    endloop
  endfacet
  facet normal 0.671607 0.740908 -0
    outer loop
      vertex 79.1213 39.7213 0
      vertex 78.9032 39.919 15.3
      vertex 79.1213 39.7213 15.3
    endloop
  endfacet
  facet normal 0.671607 0.740908 0
    outer loop
      vertex 78.9032 39.919 15.3
      vertex 79.1213 39.7213 0
      vertex 78.9032 39.919 0
    endloop
  endfacet
  facet normal 0.595631 -0.803258 0
    outer loop
      vertex 78.6667 0.505585 0
      vertex 78.9032 0.680954 15.3
      vertex 78.6667 0.505585 15.3
    endloop
  endfacet
  facet normal 0.595631 -0.803258 0
    outer loop
      vertex 78.9032 0.680954 15.3
      vertex 78.6667 0.505585 0
      vertex 78.9032 0.680954 0
    endloop
  endfacet
  facet normal 0.803208 0.595699 0
    outer loop
      vertex 79.4944 39.2667 15.3
      vertex 79.319 39.5032 0
      vertex 79.319 39.5032 15.3
    endloop
  endfacet
  facet normal 0.803208 0.595699 0
    outer loop
      vertex 79.319 39.5032 0
      vertex 79.4944 39.2667 15.3
      vertex 79.4944 39.2667 0
    endloop
  endfacet
  facet normal -0.941546 0.336885 0
    outer loop
      vertex 0.129166 38.4708 0
      vertex 0.228348 38.748 15.3
      vertex 0.228348 38.748 0
    endloop
  endfacet
  facet normal -0.941546 0.336885 0
    outer loop
      vertex 0.228348 38.748 15.3
      vertex 0.129166 38.4708 0
      vertex 0.129166 38.4708 15.3
    endloop
  endfacet
  facet normal -0.595764 0.80316 0
    outer loop
      vertex 1.33328 40.0944 0
      vertex 1.09682 39.919 15.3
      vertex 1.33328 40.0944 15.3
    endloop
  endfacet
  facet normal -0.595764 0.80316 0
    outer loop
      vertex 1.09682 39.919 15.3
      vertex 1.33328 40.0944 0
      vertex 1.09682 39.919 0
    endloop
  endfacet
  facet normal 0.514246 0.857643 -0
    outer loop
      vertex 78.6667 40.0944 0
      vertex 78.4142 40.2458 15.3
      vertex 78.6667 40.0944 15.3
    endloop
  endfacet
  facet normal 0.514246 0.857643 0
    outer loop
      vertex 78.4142 40.2458 15.3
      vertex 78.6667 40.0944 0
      vertex 78.4142 40.2458 0
    endloop
  endfacet
  facet normal 0.427269 0.904125 -0
    outer loop
      vertex 78.4142 40.2458 0
      vertex 78.148 40.3716 15.3
      vertex 78.4142 40.2458 15.3
    endloop
  endfacet
  facet normal 0.427269 0.904125 0
    outer loop
      vertex 78.148 40.3716 15.3
      vertex 78.4142 40.2458 0
      vertex 78.148 40.3716 0
    endloop
  endfacet
  facet normal -0.903976 -0.427583 0
    outer loop
      vertex 0.354233 1.5858 0
      vertex 0.228348 1.85194 15.3
      vertex 0.228348 1.85194 0
    endloop
  endfacet
  facet normal -0.903976 -0.427583 0
    outer loop
      vertex 0.228348 1.85194 15.3
      vertex 0.354233 1.5858 0
      vertex 0.354233 1.5858 15.3
    endloop
  endfacet
  facet normal 0.941527 -0.336939 0
    outer loop
      vertex 79.7716 1.85194 15.3
      vertex 79.8708 2.12914 0
      vertex 79.8708 2.12914 15.3
    endloop
  endfacet
  facet normal 0.941527 -0.336939 0
    outer loop
      vertex 79.8708 2.12914 0
      vertex 79.7716 1.85194 15.3
      vertex 79.7716 1.85194 0
    endloop
  endfacet
  facet normal 0.336939 0.941527 -0
    outer loop
      vertex 78.148 40.3716 0
      vertex 77.8708 40.4708 15.3
      vertex 78.148 40.3716 15.3
    endloop
  endfacet
  facet normal 0.336939 0.941527 0
    outer loop
      vertex 77.8708 40.4708 15.3
      vertex 78.148 40.3716 0
      vertex 77.8708 40.4708 0
    endloop
  endfacet
  facet normal 0.336885 -0.941546 0
    outer loop
      vertex 77.8708 0.129166 0
      vertex 78.148 0.228348 15.3
      vertex 77.8708 0.129166 15.3
    endloop
  endfacet
  facet normal 0.336885 -0.941546 0
    outer loop
      vertex 78.148 0.228348 15.3
      vertex 77.8708 0.129166 0
      vertex 78.148 0.228348 0
    endloop
  endfacet
  facet normal -0.857715 0.514126 0
    outer loop
      vertex 0.354233 39.0142 0
      vertex 0.505585 39.2667 15.3
      vertex 0.505585 39.2667 0
    endloop
  endfacet
  facet normal -0.857715 0.514126 0
    outer loop
      vertex 0.505585 39.2667 15.3
      vertex 0.354233 39.0142 0
      vertex 0.354233 39.0142 15.3
    endloop
  endfacet
  facet normal 0.514126 -0.857715 0
    outer loop
      vertex 78.4142 0.354233 0
      vertex 78.6667 0.505585 15.3
      vertex 78.4142 0.354233 15.3
    endloop
  endfacet
  facet normal 0.514126 -0.857715 0
    outer loop
      vertex 78.6667 0.505585 15.3
      vertex 78.4142 0.354233 0
      vertex 78.6667 0.505585 0
    endloop
  endfacet
  facet normal 0.427505 -0.904013 0
    outer loop
      vertex 78.148 0.228348 0
      vertex 78.4142 0.354233 15.3
      vertex 78.148 0.228348 15.3
    endloop
  endfacet
  facet normal 0.427505 -0.904013 0
    outer loop
      vertex 78.4142 0.354233 15.3
      vertex 78.148 0.228348 0
      vertex 78.4142 0.354233 0
    endloop
  endfacet
  facet normal -0.671534 0.740974 0
    outer loop
      vertex 1.09682 39.919 0
      vertex 0.878677 39.7213 15.3
      vertex 1.09682 39.919 15.3
    endloop
  endfacet
  facet normal -0.671534 0.740974 0
    outer loop
      vertex 0.878677 39.7213 15.3
      vertex 1.09682 39.919 0
      vertex 0.878677 39.7213 0
    endloop
  endfacet
  facet normal -0.80321 -0.595696 0
    outer loop
      vertex 0.680954 1.09682 0
      vertex 0.505585 1.33328 15.3
      vertex 0.505585 1.33328 0
    endloop
  endfacet
  facet normal -0.80321 -0.595696 0
    outer loop
      vertex 0.505585 1.33328 15.3
      vertex 0.680954 1.09682 0
      vertex 0.680954 1.09682 15.3
    endloop
  endfacet
  facet normal 0.595699 0.803208 -0
    outer loop
      vertex 78.9032 39.919 0
      vertex 78.6667 40.0944 15.3
      vertex 78.9032 39.919 15.3
    endloop
  endfacet
  facet normal 0.595699 0.803208 0
    outer loop
      vertex 78.6667 40.0944 15.3
      vertex 78.9032 39.919 0
      vertex 78.6667 40.0944 0
    endloop
  endfacet
  facet normal 0.998786 -0.0492515 0
    outer loop
      vertex 79.9855 2.70595 15.3
      vertex 80 3 0
      vertex 80 3 15.3
    endloop
  endfacet
  facet normal 0.998786 -0.0492515 0
    outer loop
      vertex 80 3 0
      vertex 79.9855 2.70595 15.3
      vertex 79.9855 2.70595 0
    endloop
  endfacet
  facet normal 0.857643 0.514246 0
    outer loop
      vertex 79.6458 39.0142 15.3
      vertex 79.4944 39.2667 0
      vertex 79.4944 39.2667 15.3
    endloop
  endfacet
  facet normal 0.857643 0.514246 0
    outer loop
      vertex 79.4944 39.2667 0
      vertex 79.6458 39.0142 15.3
      vertex 79.6458 39.0142 0
    endloop
  endfacet
  facet normal 0.904088 -0.427347 0
    outer loop
      vertex 79.6458 1.5858 15.3
      vertex 79.7716 1.85194 0
      vertex 79.7716 1.85194 15.3
    endloop
  endfacet
  facet normal 0.904088 -0.427347 0
    outer loop
      vertex 79.7716 1.85194 0
      vertex 79.6458 1.5858 15.3
      vertex 79.6458 1.5858 0
    endloop
  endfacet
  facet normal 0.80316 -0.595764 0
    outer loop
      vertex 79.319 1.09682 15.3
      vertex 79.4944 1.33328 0
      vertex 79.4944 1.33328 15.3
    endloop
  endfacet
  facet normal 0.80316 -0.595764 0
    outer loop
      vertex 79.4944 1.33328 0
      vertex 79.319 1.09682 15.3
      vertex 79.319 1.09682 0
    endloop
  endfacet
  facet normal 0.146696 0.989182 -0
    outer loop
      vertex 77.5853 40.5423 0
      vertex 77.294 40.5855 15.3
      vertex 77.5853 40.5423 15.3
    endloop
  endfacet
  facet normal 0.146696 0.989182 0
    outer loop
      vertex 77.294 40.5855 15.3
      vertex 77.5853 40.5423 0
      vertex 77.294 40.5855 0
    endloop
  endfacet
  facet normal -0.671577 -0.740935 0
    outer loop
      vertex 0.878677 0.878677 0
      vertex 1.09682 0.680954 15.3
      vertex 0.878677 0.878677 15.3
    endloop
  endfacet
  facet normal -0.671577 -0.740935 -0
    outer loop
      vertex 1.09682 0.680954 15.3
      vertex 0.878677 0.878677 0
      vertex 1.09682 0.680954 0
    endloop
  endfacet
  facet normal 0 0 1
    outer loop
      vertex 0 3 15.3
      vertex 2 3 15.3
      vertex 2 12 15.3
    endloop
  endfacet
  facet normal 0 -0 1
    outer loop
      vertex 0.0144348 2.70595 15.3
      vertex 2 3 15.3
      vertex 0 3 15.3
    endloop
  endfacet
  facet normal 0 0 1
    outer loop
      vertex 2 3 15.3
      vertex 1.5858 0.354233 15.3
      vertex 1.85194 0.228348 15.3
    endloop
  endfacet
  facet normal 0 0 1
    outer loop
      vertex 2 3 15.3
      vertex 1.33328 0.505585 15.3
      vertex 1.5858 0.354233 15.3
    endloop
  endfacet
  facet normal 0 0 1
    outer loop
      vertex 2 3 15.3
      vertex 1.09682 0.680954 15.3
      vertex 1.33328 0.505585 15.3
    endloop
  endfacet
  facet normal 0 0 1
    outer loop
      vertex 2 3 15.3
      vertex 0.878677 0.878677 15.3
      vertex 1.09682 0.680954 15.3
    endloop
  endfacet
  facet normal 0 0 1
    outer loop
      vertex 2 3 15.3
      vertex 0.680954 1.09682 15.3
      vertex 0.878677 0.878677 15.3
    endloop
  endfacet
  facet normal 0 0 1
    outer loop
      vertex 2 3 15.3
      vertex 0.505585 1.33328 15.3
      vertex 0.680954 1.09682 15.3
    endloop
  endfacet
  facet normal 0 0 1
    outer loop
      vertex 2 3 15.3
      vertex 0.354233 1.5858 15.3
      vertex 0.505585 1.33328 15.3
    endloop
  endfacet
  facet normal 0 0 1
    outer loop
      vertex 2 3 15.3
      vertex 0.228348 1.85194 15.3
      vertex 0.354233 1.5858 15.3
    endloop
  endfacet
  facet normal 0 0 1
    outer loop
      vertex 2 3 15.3
      vertex 0.129166 2.12914 15.3
      vertex 0.228348 1.85194 15.3
    endloop
  endfacet
  facet normal 0 0 1
    outer loop
      vertex 2 3 15.3
      vertex 0.0576324 2.41472 15.3
      vertex 0.129166 2.12914 15.3
    endloop
  endfacet
  facet normal 0 0 1
    outer loop
      vertex 0 3 15.3
      vertex 2 12 15.3
      vertex 0 12 15.3
    endloop
  endfacet
  facet normal 0 0 1
    outer loop
      vertex 2 3 15.3
      vertex 0.0144348 2.70595 15.3
      vertex 0.0576324 2.41472 15.3
    endloop
  endfacet
  facet normal 0 0 1
    outer loop
      vertex 78 37.6 15.3
      vertex 80 37.6 15.3
      vertex 79.9855 37.894 15.3
    endloop
  endfacet
  facet normal 0 0 1
    outer loop
      vertex 80 37.6 15.3
      vertex 78 37.6 15.3
      vertex 80 3 15.3
    endloop
  endfacet
  facet normal 0 0 1
    outer loop
      vertex 77.9952 37.698 15.3
      vertex 79.9855 37.894 15.3
      vertex 79.9424 38.1853 15.3
    endloop
  endfacet
  facet normal 0 0 1
    outer loop
      vertex 78 3 15.3
      vertex 80 3 15.3
      vertex 78 37.6 15.3
    endloop
  endfacet
  facet normal 0 0 1
    outer loop
      vertex 77.9808 37.7951 15.3
      vertex 79.9424 38.1853 15.3
      vertex 79.8708 38.4708 15.3
    endloop
  endfacet
  facet normal 0 0 1
    outer loop
      vertex 80 3 15.3
      vertex 78 3 15.3
      vertex 79.9855 2.70595 15.3
    endloop
  endfacet
  facet normal 0 0 1
    outer loop
      vertex 77.9569 37.8903 15.3
      vertex 79.8708 38.4708 15.3
      vertex 79.7716 38.748 15.3
    endloop
  endfacet
  facet normal -0 0 1
    outer loop
      vertex 77.9952 2.90198 15.3
      vertex 79.9855 2.70595 15.3
      vertex 78 3 15.3
    endloop
  endfacet
  facet normal 0 0 1
    outer loop
      vertex 77.9239 37.9827 15.3
      vertex 79.7716 38.748 15.3
      vertex 79.6458 39.0142 15.3
    endloop
  endfacet
  facet normal 0 0 1
    outer loop
      vertex 79.9855 2.70595 15.3
      vertex 77.9952 2.90198 15.3
      vertex 79.9424 2.41472 15.3
    endloop
  endfacet
  facet normal 0 0 1
    outer loop
      vertex 77.8819 38.0714 15.3
      vertex 79.6458 39.0142 15.3
      vertex 79.4944 39.2667 15.3
    endloop
  endfacet
  facet normal -0 0 1
    outer loop
      vertex 77.9808 2.8049 15.3
      vertex 79.9424 2.41472 15.3
      vertex 77.9952 2.90198 15.3
    endloop
  endfacet
  facet normal 0 0 1
    outer loop
      vertex 77.8315 38.1556 15.3
      vertex 79.4944 39.2667 15.3
      vertex 79.319 39.5032 15.3
    endloop
  endfacet
  facet normal 0 0 1
    outer loop
      vertex 79.9424 2.41472 15.3
      vertex 77.9808 2.8049 15.3
      vertex 79.8708 2.12914 15.3
    endloop
  endfacet
  facet normal 0 0 1
    outer loop
      vertex 77.773 38.2344 15.3
      vertex 79.319 39.5032 15.3
      vertex 79.1213 39.7213 15.3
    endloop
  endfacet
  facet normal -0 0 1
    outer loop
      vertex 77.9569 2.7097 15.3
      vertex 79.8708 2.12914 15.3
      vertex 77.9808 2.8049 15.3
    endloop
  endfacet
  facet normal 0 0 1
    outer loop
      vertex 77.7071 38.3071 15.3
      vertex 79.1213 39.7213 15.3
      vertex 78.9032 39.919 15.3
    endloop
  endfacet
  facet normal 0 0 1
    outer loop
      vertex 79.8708 2.12914 15.3
      vertex 77.9569 2.7097 15.3
      vertex 79.7716 1.85194 15.3
    endloop
  endfacet
  facet normal 0 0 1
    outer loop
      vertex 77.6344 38.373 15.3
      vertex 78.9032 39.919 15.3
      vertex 78.6667 40.0944 15.3
    endloop
  endfacet
  facet normal -0 0 1
    outer loop
      vertex 77.9239 2.61731 15.3
      vertex 79.7716 1.85194 15.3
      vertex 77.9569 2.7097 15.3
    endloop
  endfacet
  facet normal 0 0 1
    outer loop
      vertex 77.5556 38.4315 15.3
      vertex 78.6667 40.0944 15.3
      vertex 78.4142 40.2458 15.3
    endloop
  endfacet
  facet normal 0 0 1
    outer loop
      vertex 79.7716 1.85194 15.3
      vertex 77.9239 2.61731 15.3
      vertex 79.6458 1.5858 15.3
    endloop
  endfacet
  facet normal 0 0 1
    outer loop
      vertex 77.4714 38.4819 15.3
      vertex 78.4142 40.2458 15.3
      vertex 78.148 40.3716 15.3
    endloop
  endfacet
  facet normal -0 0 1
    outer loop
      vertex 77.8819 2.52859 15.3
      vertex 79.6458 1.5858 15.3
      vertex 77.9239 2.61731 15.3
    endloop
  endfacet
  facet normal 0 0 1
    outer loop
      vertex 79.6458 1.5858 15.3
      vertex 77.8819 2.52859 15.3
      vertex 79.4944 1.33328 15.3
    endloop
  endfacet
  facet normal 0 0 1
    outer loop
      vertex 79.9855 37.894 15.3
      vertex 77.9952 37.698 15.3
      vertex 78 37.6 15.3
    endloop
  endfacet
  facet normal 0 0 1
    outer loop
      vertex 79.9424 38.1853 15.3
      vertex 77.9808 37.7951 15.3
      vertex 77.9952 37.698 15.3
    endloop
  endfacet
  facet normal 0 0 1
    outer loop
      vertex 79.8708 38.4708 15.3
      vertex 77.9569 37.8903 15.3
      vertex 77.9808 37.7951 15.3
    endloop
  endfacet
  facet normal 0 0 1
    outer loop
      vertex 79.7716 38.748 15.3
      vertex 77.9239 37.9827 15.3
      vertex 77.9569 37.8903 15.3
    endloop
  endfacet
  facet normal 0 0 1
    outer loop
      vertex 79.6458 39.0142 15.3
      vertex 77.8819 38.0714 15.3
      vertex 77.9239 37.9827 15.3
    endloop
  endfacet
  facet normal 0 0 1
    outer loop
      vertex 77.3827 38.5239 15.3
      vertex 78.148 40.3716 15.3
      vertex 77.8708 40.4708 15.3
    endloop
  endfacet
  facet normal 0 0 1
    outer loop
      vertex 79.4944 39.2667 15.3
      vertex 77.8315 38.1556 15.3
      vertex 77.8819 38.0714 15.3
    endloop
  endfacet
  facet normal 0 0 1
    outer loop
      vertex 79.319 39.5032 15.3
      vertex 77.773 38.2344 15.3
      vertex 77.8315 38.1556 15.3
    endloop
  endfacet
  facet normal 0 0 1
    outer loop
      vertex 79.1213 39.7213 15.3
      vertex 77.7071 38.3071 15.3
      vertex 77.773 38.2344 15.3
    endloop
  endfacet
  facet normal 0 0 1
    outer loop
      vertex 78.9032 39.919 15.3
      vertex 77.6344 38.373 15.3
      vertex 77.7071 38.3071 15.3
    endloop
  endfacet
  facet normal 0 0 1
    outer loop
      vertex 77.2903 38.5569 15.3
      vertex 77.8708 40.4708 15.3
      vertex 77.5853 40.5423 15.3
    endloop
  endfacet
  facet normal 0 0 1
    outer loop
      vertex 78.6667 40.0944 15.3
      vertex 77.5556 38.4315 15.3
      vertex 77.6344 38.373 15.3
    endloop
  endfacet
  facet normal 0 0 1
    outer loop
      vertex 78.4142 40.2458 15.3
      vertex 77.4714 38.4819 15.3
      vertex 77.5556 38.4315 15.3
    endloop
  endfacet
  facet normal 0 0 1
    outer loop
      vertex 78.148 40.3716 15.3
      vertex 77.3827 38.5239 15.3
      vertex 77.4714 38.4819 15.3
    endloop
  endfacet
  facet normal 0 0 1
    outer loop
      vertex 77.1951 38.5808 15.3
      vertex 77.5853 40.5423 15.3
      vertex 77.294 40.5855 15.3
    endloop
  endfacet
  facet normal 0 0 1
    outer loop
      vertex 77.8708 40.4708 15.3
      vertex 77.2903 38.5569 15.3
      vertex 77.3827 38.5239 15.3
    endloop
  endfacet
  facet normal 0 0 1
    outer loop
      vertex 77.5853 40.5423 15.3
      vertex 77.1951 38.5808 15.3
      vertex 77.2903 38.5569 15.3
    endloop
  endfacet
  facet normal 0 0 1
    outer loop
      vertex 77.294 40.5855 15.3
      vertex 77.098 38.5952 15.3
      vertex 77.1951 38.5808 15.3
    endloop
  endfacet
  facet normal 0 0 1
    outer loop
      vertex 77 40.6 15.3
      vertex 77.098 38.5952 15.3
      vertex 77.294 40.5855 15.3
    endloop
  endfacet
  facet normal 0 0 1
    outer loop
      vertex 77 40.6 15.3
      vertex 77 38.6 15.3
      vertex 77.098 38.5952 15.3
    endloop
  endfacet
  facet normal -0 0 1
    outer loop
      vertex 3 40.6 15.3
      vertex 77 38.6 15.3
      vertex 77 40.6 15.3
    endloop
  endfacet
  facet normal 0 0 1
    outer loop
      vertex 3 40.6 15.3
      vertex 3 38.6 15.3
      vertex 77 38.6 15.3
    endloop
  endfacet
  facet normal 0 0 1
    outer loop
      vertex 3 40.6 15.3
      vertex 2.90198 38.5952 15.3
      vertex 3 38.6 15.3
    endloop
  endfacet
  facet normal -0 0 1
    outer loop
      vertex 2.70595 40.5855 15.3
      vertex 2.90198 38.5952 15.3
      vertex 3 40.6 15.3
    endloop
  endfacet
  facet normal 0 0 1
    outer loop
      vertex 2.90198 38.5952 15.3
      vertex 2.70595 40.5855 15.3
      vertex 2.8049 38.5808 15.3
    endloop
  endfacet
  facet normal -0 0 1
    outer loop
      vertex 2.41472 40.5423 15.3
      vertex 2.8049 38.5808 15.3
      vertex 2.70595 40.5855 15.3
    endloop
  endfacet
  facet normal 0 0 1
    outer loop
      vertex 2.8049 38.5808 15.3
      vertex 2.41472 40.5423 15.3
      vertex 2.7097 38.5569 15.3
    endloop
  endfacet
  facet normal -0 0 1
    outer loop
      vertex 2.12914 40.4708 15.3
      vertex 2.7097 38.5569 15.3
      vertex 2.41472 40.5423 15.3
    endloop
  endfacet
  facet normal 0 0 1
    outer loop
      vertex 2.7097 38.5569 15.3
      vertex 2.12914 40.4708 15.3
      vertex 2.61731 38.5239 15.3
    endloop
  endfacet
  facet normal -0 0 1
    outer loop
      vertex 1.85194 40.3716 15.3
      vertex 2.61731 38.5239 15.3
      vertex 2.12914 40.4708 15.3
    endloop
  endfacet
  facet normal 0 0 1
    outer loop
      vertex 2.61731 38.5239 15.3
      vertex 1.85194 40.3716 15.3
      vertex 2.52859 38.4819 15.3
    endloop
  endfacet
  facet normal -0 0 1
    outer loop
      vertex 1.5858 40.2458 15.3
      vertex 2.52859 38.4819 15.3
      vertex 1.85194 40.3716 15.3
    endloop
  endfacet
  facet normal 0 0 1
    outer loop
      vertex 2.52859 38.4819 15.3
      vertex 1.5858 40.2458 15.3
      vertex 2.44443 38.4315 15.3
    endloop
  endfacet
  facet normal -0 0 1
    outer loop
      vertex 1.33328 40.0944 15.3
      vertex 2.44443 38.4315 15.3
      vertex 1.5858 40.2458 15.3
    endloop
  endfacet
  facet normal 0 0 1
    outer loop
      vertex 2.44443 38.4315 15.3
      vertex 1.33328 40.0944 15.3
      vertex 2.3656 38.373 15.3
    endloop
  endfacet
  facet normal -0 0 1
    outer loop
      vertex 1.09682 39.919 15.3
      vertex 2.3656 38.373 15.3
      vertex 1.33328 40.0944 15.3
    endloop
  endfacet
  facet normal 0 0 1
    outer loop
      vertex 2.3656 38.373 15.3
      vertex 1.09682 39.919 15.3
      vertex 2.29289 38.3071 15.3
    endloop
  endfacet
  facet normal -0 0 1
    outer loop
      vertex 0.878677 39.7213 15.3
      vertex 2.29289 38.3071 15.3
      vertex 1.09682 39.919 15.3
    endloop
  endfacet
  facet normal 0 0 1
    outer loop
      vertex 2.29289 38.3071 15.3
      vertex 0.878677 39.7213 15.3
      vertex 2.22697 38.2344 15.3
    endloop
  endfacet
  facet normal -0 0 1
    outer loop
      vertex 0.680954 39.5032 15.3
      vertex 2.22697 38.2344 15.3
      vertex 0.878677 39.7213 15.3
    endloop
  endfacet
  facet normal 0 0 1
    outer loop
      vertex 2.22697 38.2344 15.3
      vertex 0.680954 39.5032 15.3
      vertex 2.16852 38.1556 15.3
    endloop
  endfacet
  facet normal -0 0 1
    outer loop
      vertex 0.505585 39.2667 15.3
      vertex 2.16852 38.1556 15.3
      vertex 0.680954 39.5032 15.3
    endloop
  endfacet
  facet normal 0 0 1
    outer loop
      vertex 2.16852 38.1556 15.3
      vertex 0.505585 39.2667 15.3
      vertex 2.11807 38.0714 15.3
    endloop
  endfacet
  facet normal -0 0 1
    outer loop
      vertex 0.354233 39.0142 15.3
      vertex 2.11807 38.0714 15.3
      vertex 0.505585 39.2667 15.3
    endloop
  endfacet
  facet normal 0 0 1
    outer loop
      vertex 2.11807 38.0714 15.3
      vertex 0.354233 39.0142 15.3
      vertex 2.07611 37.9827 15.3
    endloop
  endfacet
  facet normal -0 0 1
    outer loop
      vertex 0.228348 38.748 15.3
      vertex 2.07611 37.9827 15.3
      vertex 0.354233 39.0142 15.3
    endloop
  endfacet
  facet normal 0 0 1
    outer loop
      vertex 2.07611 37.9827 15.3
      vertex 0.228348 38.748 15.3
      vertex 2.04305 37.8903 15.3
    endloop
  endfacet
  facet normal -0 0 1
    outer loop
      vertex 0.129166 38.4708 15.3
      vertex 2.04305 37.8903 15.3
      vertex 0.228348 38.748 15.3
    endloop
  endfacet
  facet normal 0 0 1
    outer loop
      vertex 2.04305 37.8903 15.3
      vertex 0.129166 38.4708 15.3
      vertex 2.01921 37.7951 15.3
    endloop
  endfacet
  facet normal -0 0 1
    outer loop
      vertex 0.0576324 38.1853 15.3
      vertex 2.01921 37.7951 15.3
      vertex 0.129166 38.4708 15.3
    endloop
  endfacet
  facet normal 0 0 1
    outer loop
      vertex 2.01921 37.7951 15.3
      vertex 0.0576324 38.1853 15.3
      vertex 2.00481 37.698 15.3
    endloop
  endfacet
  facet normal -0 0 1
    outer loop
      vertex 0.0144348 37.894 15.3
      vertex 2.00481 37.698 15.3
      vertex 0.0576324 38.1853 15.3
    endloop
  endfacet
  facet normal 0 0 1
    outer loop
      vertex 2.00481 37.698 15.3
      vertex 0.0144348 37.894 15.3
      vertex 2 37.6 15.3
    endloop
  endfacet
  facet normal 0 0 1
    outer loop
      vertex 2 37.6 15.3
      vertex 0.0144348 37.894 15.3
      vertex 0 37.6 15.3
    endloop
  endfacet
  facet normal 0 0 1
    outer loop
      vertex 2 37.6 15.3
      vertex 0 37.6 15.3
      vertex 2 28 15.3
    endloop
  endfacet
  facet normal 0 0 1
    outer loop
      vertex 2 28 15.3
      vertex 0 37.6 15.3
      vertex 0 28 15.3
    endloop
  endfacet
  facet normal -0 0 1
    outer loop
      vertex 77.8315 2.44443 15.3
      vertex 79.4944 1.33328 15.3
      vertex 77.8819 2.52859 15.3
    endloop
  endfacet
  facet normal 0 0 1
    outer loop
      vertex 79.4944 1.33328 15.3
      vertex 77.8315 2.44443 15.3
      vertex 79.319 1.09682 15.3
    endloop
  endfacet
  facet normal -0 0 1
    outer loop
      vertex 77.773 2.3656 15.3
      vertex 79.319 1.09682 15.3
      vertex 77.8315 2.44443 15.3
    endloop
  endfacet
  facet normal 0 0 1
    outer loop
      vertex 79.319 1.09682 15.3
      vertex 77.773 2.3656 15.3
      vertex 79.1213 0.878677 15.3
    endloop
  endfacet
  facet normal -0 0 1
    outer loop
      vertex 77.7071 2.29289 15.3
      vertex 79.1213 0.878677 15.3
      vertex 77.773 2.3656 15.3
    endloop
  endfacet
  facet normal 0 0 1
    outer loop
      vertex 79.1213 0.878677 15.3
      vertex 77.7071 2.29289 15.3
      vertex 78.9032 0.680954 15.3
    endloop
  endfacet
  facet normal -0 0 1
    outer loop
      vertex 77.6344 2.22697 15.3
      vertex 78.9032 0.680954 15.3
      vertex 77.7071 2.29289 15.3
    endloop
  endfacet
  facet normal 0 0 1
    outer loop
      vertex 78.9032 0.680954 15.3
      vertex 77.6344 2.22697 15.3
      vertex 78.6667 0.505585 15.3
    endloop
  endfacet
  facet normal -0 0 1
    outer loop
      vertex 77.5556 2.16852 15.3
      vertex 78.6667 0.505585 15.3
      vertex 77.6344 2.22697 15.3
    endloop
  endfacet
  facet normal 0 0 1
    outer loop
      vertex 78.6667 0.505585 15.3
      vertex 77.5556 2.16852 15.3
      vertex 78.4142 0.354233 15.3
    endloop
  endfacet
  facet normal -0 0 1
    outer loop
      vertex 77.4714 2.11807 15.3
      vertex 78.4142 0.354233 15.3
      vertex 77.5556 2.16852 15.3
    endloop
  endfacet
  facet normal 0 0 1
    outer loop
      vertex 78.4142 0.354233 15.3
      vertex 77.4714 2.11807 15.3
      vertex 78.148 0.228348 15.3
    endloop
  endfacet
  facet normal -0 0 1
    outer loop
      vertex 77.3827 2.07611 15.3
      vertex 78.148 0.228348 15.3
      vertex 77.4714 2.11807 15.3
    endloop
  endfacet
  facet normal 0 0 1
    outer loop
      vertex 78.148 0.228348 15.3
      vertex 77.3827 2.07611 15.3
      vertex 77.8708 0.129166 15.3
    endloop
  endfacet
  facet normal -0 0 1
    outer loop
      vertex 77.2903 2.04305 15.3
      vertex 77.8708 0.129166 15.3
      vertex 77.3827 2.07611 15.3
    endloop
  endfacet
  facet normal 0 0 1
    outer loop
      vertex 77.8708 0.129166 15.3
      vertex 77.2903 2.04305 15.3
      vertex 77.5853 0.0576324 15.3
    endloop
  endfacet
  facet normal -0 0 1
    outer loop
      vertex 77.1951 2.01921 15.3
      vertex 77.5853 0.0576324 15.3
      vertex 77.2903 2.04305 15.3
    endloop
  endfacet
  facet normal 0 0 1
    outer loop
      vertex 77.5853 0.0576324 15.3
      vertex 77.1951 2.01921 15.3
      vertex 77.294 0.0144348 15.3
    endloop
  endfacet
  facet normal -0 0 1
    outer loop
      vertex 77.098 2.00481 15.3
      vertex 77.294 0.0144348 15.3
      vertex 77.1951 2.01921 15.3
    endloop
  endfacet
  facet normal -0 0 1
    outer loop
      vertex 77 2 15.3
      vertex 77.294 0.0144348 15.3
      vertex 77.098 2.00481 15.3
    endloop
  endfacet
  facet normal 0 0 1
    outer loop
      vertex 77 2 15.3
      vertex 77 0 15.3
      vertex 77.294 0.0144348 15.3
    endloop
  endfacet
  facet normal -0 0 1
    outer loop
      vertex 3 2 15.3
      vertex 77 0 15.3
      vertex 77 2 15.3
    endloop
  endfacet
  facet normal 0 0 1
    outer loop
      vertex 3 2 15.3
      vertex 3 0 15.3
      vertex 77 0 15.3
    endloop
  endfacet
  facet normal 0 0 1
    outer loop
      vertex 2.90198 2.00481 15.3
      vertex 3 0 15.3
      vertex 3 2 15.3
    endloop
  endfacet
  facet normal 0 0 1
    outer loop
      vertex 2.70595 0.0144348 15.3
      vertex 2.90198 2.00481 15.3
      vertex 2.8049 2.01921 15.3
    endloop
  endfacet
  facet normal 0 0 1
    outer loop
      vertex 2.41472 0.0576324 15.3
      vertex 2.8049 2.01921 15.3
      vertex 2.7097 2.04305 15.3
    endloop
  endfacet
  facet normal 0 0 1
    outer loop
      vertex 2.90198 2.00481 15.3
      vertex 2.70595 0.0144348 15.3
      vertex 3 0 15.3
    endloop
  endfacet
  facet normal 0 0 1
    outer loop
      vertex 2.12914 0.129166 15.3
      vertex 2.7097 2.04305 15.3
      vertex 2.61731 2.07611 15.3
    endloop
  endfacet
  facet normal 0 0 1
    outer loop
      vertex 1.85194 0.228348 15.3
      vertex 2.61731 2.07611 15.3
      vertex 2.52859 2.11807 15.3
    endloop
  endfacet
  facet normal 0 0 1
    outer loop
      vertex 1.85194 0.228348 15.3
      vertex 2.52859 2.11807 15.3
      vertex 2.44443 2.16852 15.3
    endloop
  endfacet
  facet normal 0 0 1
    outer loop
      vertex 2.8049 2.01921 15.3
      vertex 2.41472 0.0576324 15.3
      vertex 2.70595 0.0144348 15.3
    endloop
  endfacet
  facet normal 0 0 1
    outer loop
      vertex 1.85194 0.228348 15.3
      vertex 2.44443 2.16852 15.3
      vertex 2.3656 2.22697 15.3
    endloop
  endfacet
  facet normal 0 0 1
    outer loop
      vertex 1.85194 0.228348 15.3
      vertex 2.3656 2.22697 15.3
      vertex 2.29289 2.29289 15.3
    endloop
  endfacet
  facet normal 0 0 1
    outer loop
      vertex 1.85194 0.228348 15.3
      vertex 2.29289 2.29289 15.3
      vertex 2.22697 2.3656 15.3
    endloop
  endfacet
  facet normal 0 0 1
    outer loop
      vertex 1.85194 0.228348 15.3
      vertex 2.22697 2.3656 15.3
      vertex 2.16852 2.44443 15.3
    endloop
  endfacet
  facet normal 0 0 1
    outer loop
      vertex 2.7097 2.04305 15.3
      vertex 2.12914 0.129166 15.3
      vertex 2.41472 0.0576324 15.3
    endloop
  endfacet
  facet normal 0 0 1
    outer loop
      vertex 1.85194 0.228348 15.3
      vertex 2.16852 2.44443 15.3
      vertex 2.11807 2.52859 15.3
    endloop
  endfacet
  facet normal 0 0 1
    outer loop
      vertex 1.85194 0.228348 15.3
      vertex 2.11807 2.52859 15.3
      vertex 2.07611 2.61731 15.3
    endloop
  endfacet
  facet normal 0 0 1
    outer loop
      vertex 1.85194 0.228348 15.3
      vertex 2.07611 2.61731 15.3
      vertex 2.04305 2.7097 15.3
    endloop
  endfacet
  facet normal 0 0 1
    outer loop
      vertex 1.85194 0.228348 15.3
      vertex 2.04305 2.7097 15.3
      vertex 2.01921 2.8049 15.3
    endloop
  endfacet
  facet normal 0 0 1
    outer loop
      vertex 1.85194 0.228348 15.3
      vertex 2.01921 2.8049 15.3
      vertex 2.00481 2.90198 15.3
    endloop
  endfacet
  facet normal 0 0 1
    outer loop
      vertex 1.85194 0.228348 15.3
      vertex 2.00481 2.90198 15.3
      vertex 2 3 15.3
    endloop
  endfacet
  facet normal 0 0 1
    outer loop
      vertex 2.61731 2.07611 15.3
      vertex 1.85194 0.228348 15.3
      vertex 2.12914 0.129166 15.3
    endloop
  endfacet
  facet normal -0.514096 -0.857733 0
    outer loop
      vertex 1.33328 0.505585 0
      vertex 1.5858 0.354233 15.3
      vertex 1.33328 0.505585 15.3
    endloop
  endfacet
  facet normal -0.514096 -0.857733 -0
    outer loop
      vertex 1.5858 0.354233 15.3
      vertex 1.33328 0.505585 0
      vertex 1.5858 0.354233 0
    endloop
  endfacet
  facet normal 0.242935 0.970042 -0
    outer loop
      vertex 77.8708 40.4708 0
      vertex 77.5853 40.5423 15.3
      vertex 77.8708 40.4708 15.3
    endloop
  endfacet
  facet normal 0.242935 0.970042 0
    outer loop
      vertex 77.5853 40.5423 15.3
      vertex 77.8708 40.4708 0
      vertex 77.5853 40.5423 0
    endloop
  endfacet
  facet normal -0.427583 -0.903976 0
    outer loop
      vertex 1.5858 0.354233 0
      vertex 1.85194 0.228348 15.3
      vertex 1.5858 0.354233 15.3
    endloop
  endfacet
  facet normal -0.427583 -0.903976 -0
    outer loop
      vertex 1.85194 0.228348 15.3
      vertex 1.5858 0.354233 0
      vertex 1.85194 0.228348 0
    endloop
  endfacet
  facet normal -0.146723 -0.989178 0
    outer loop
      vertex 2.41472 0.0576324 0
      vertex 2.70595 0.0144348 15.3
      vertex 2.41472 0.0576324 15.3
    endloop
  endfacet
  facet normal -0.146723 -0.989178 -0
    outer loop
      vertex 2.70595 0.0144348 15.3
      vertex 2.41472 0.0576324 0
      vertex 2.70595 0.0144348 0
    endloop
  endfacet
  facet normal -0.740935 -0.671577 0
    outer loop
      vertex 0.878677 0.878677 0
      vertex 0.680954 1.09682 15.3
      vertex 0.680954 1.09682 0
    endloop
  endfacet
  facet normal -0.740935 -0.671577 0
    outer loop
      vertex 0.680954 1.09682 15.3
      vertex 0.878677 0.878677 0
      vertex 0.878677 0.878677 15.3
    endloop
  endfacet
  facet normal 0.740974 -0.671534 0
    outer loop
      vertex 79.1213 0.878677 15.3
      vertex 79.319 1.09682 0
      vertex 79.319 1.09682 15.3
    endloop
  endfacet
  facet normal 0.740974 -0.671534 0
    outer loop
      vertex 79.319 1.09682 0
      vertex 79.1213 0.878677 15.3
      vertex 79.1213 0.878677 0
    endloop
  endfacet
  facet normal -0.0490306 -0.998797 0
    outer loop
      vertex 2.70595 0.0144348 0
      vertex 3 0 15.3
      vertex 2.70595 0.0144348 15.3
    endloop
  endfacet
  facet normal -0.0490306 -0.998797 -0
    outer loop
      vertex 3 0 15.3
      vertex 2.70595 0.0144348 0
      vertex 3 0 0
    endloop
  endfacet
  facet normal -0.857733 -0.514096 0
    outer loop
      vertex 0.505585 1.33328 0
      vertex 0.354233 1.5858 15.3
      vertex 0.354233 1.5858 0
    endloop
  endfacet
  facet normal -0.857733 -0.514096 0
    outer loop
      vertex 0.354233 1.5858 15.3
      vertex 0.505585 1.33328 0
      vertex 0.505585 1.33328 15.3
    endloop
  endfacet
  facet normal 0.857661 -0.514216 0
    outer loop
      vertex 79.4944 1.33328 15.3
      vertex 79.6458 1.5858 0
      vertex 79.6458 1.5858 15.3
    endloop
  endfacet
  facet normal 0.857661 -0.514216 0
    outer loop
      vertex 79.6458 1.5858 0
      vertex 79.4944 1.33328 15.3
      vertex 79.4944 1.33328 0
    endloop
  endfacet
  facet normal -0.970032 -0.242979 0
    outer loop
      vertex 0.129166 2.12914 0
      vertex 0.0576324 2.41472 15.3
      vertex 0.0576324 2.41472 0
    endloop
  endfacet
  facet normal -0.970032 -0.242979 0
    outer loop
      vertex 0.0576324 2.41472 15.3
      vertex 0.129166 2.12914 0
      vertex 0.129166 2.12914 15.3
    endloop
  endfacet
  facet normal -0.242979 -0.970032 0
    outer loop
      vertex 2.12914 0.129166 0
      vertex 2.41472 0.0576324 15.3
      vertex 2.12914 0.129166 15.3
    endloop
  endfacet
  facet normal -0.242979 -0.970032 -0
    outer loop
      vertex 2.41472 0.0576324 15.3
      vertex 2.12914 0.129166 0
      vertex 2.41472 0.0576324 0
    endloop
  endfacet
  facet normal 0 0 -1
    outer loop
      vertex 77 0 0
      vertex 80 3 0
      vertex 79.9855 2.70595 0
    endloop
  endfacet
  facet normal -0 0 -1
    outer loop
      vertex 80 3 0
      vertex 77 0 0
      vertex 80 37.6 0
    endloop
  endfacet
  facet normal 0 0 -1
    outer loop
      vertex 77 0 0
      vertex 79.9855 2.70595 0
      vertex 79.9424 2.41472 0
    endloop
  endfacet
  facet normal 0 0 -1
    outer loop
      vertex 77 40.6 0
      vertex 80 37.6 0
      vertex 77 0 0
    endloop
  endfacet
  facet normal 0 0 -1
    outer loop
      vertex 77 0 0
      vertex 79.9424 2.41472 0
      vertex 79.8708 2.12914 0
    endloop
  endfacet
  facet normal 0 0 -1
    outer loop
      vertex 80 37.6 0
      vertex 77 40.6 0
      vertex 79.9855 37.894 0
    endloop
  endfacet
  facet normal 0 0 -1
    outer loop
      vertex 77 0 0
      vertex 79.8708 2.12914 0
      vertex 79.7716 1.85194 0
    endloop
  endfacet
  facet normal 0 0 -1
    outer loop
      vertex 79.9855 37.894 0
      vertex 77 40.6 0
      vertex 79.9424 38.1853 0
    endloop
  endfacet
  facet normal 0 0 -1
    outer loop
      vertex 77 0 0
      vertex 79.7716 1.85194 0
      vertex 79.6458 1.5858 0
    endloop
  endfacet
  facet normal 0 0 -1
    outer loop
      vertex 79.9424 38.1853 0
      vertex 77 40.6 0
      vertex 79.8708 38.4708 0
    endloop
  endfacet
  facet normal 0 0 -1
    outer loop
      vertex 77 0 0
      vertex 79.6458 1.5858 0
      vertex 79.4944 1.33328 0
    endloop
  endfacet
  facet normal 0 0 -1
    outer loop
      vertex 79.8708 38.4708 0
      vertex 77 40.6 0
      vertex 79.7716 38.748 0
    endloop
  endfacet
  facet normal 0 0 -1
    outer loop
      vertex 77 0 0
      vertex 79.4944 1.33328 0
      vertex 79.319 1.09682 0
    endloop
  endfacet
  facet normal 0 0 -1
    outer loop
      vertex 79.7716 38.748 0
      vertex 77 40.6 0
      vertex 79.6458 39.0142 0
    endloop
  endfacet
  facet normal 0 0 -1
    outer loop
      vertex 77 0 0
      vertex 79.319 1.09682 0
      vertex 79.1213 0.878677 0
    endloop
  endfacet
  facet normal 0 0 -1
    outer loop
      vertex 79.6458 39.0142 0
      vertex 77 40.6 0
      vertex 79.4944 39.2667 0
    endloop
  endfacet
  facet normal 0 0 -1
    outer loop
      vertex 77 0 0
      vertex 79.1213 0.878677 0
      vertex 78.9032 0.680954 0
    endloop
  endfacet
  facet normal 0 0 -1
    outer loop
      vertex 79.4944 39.2667 0
      vertex 77 40.6 0
      vertex 79.319 39.5032 0
    endloop
  endfacet
  facet normal 0 0 -1
    outer loop
      vertex 77 0 0
      vertex 78.9032 0.680954 0
      vertex 78.6667 0.505585 0
    endloop
  endfacet
  facet normal 0 0 -1
    outer loop
      vertex 79.319 39.5032 0
      vertex 77 40.6 0
      vertex 79.1213 39.7213 0
    endloop
  endfacet
  facet normal 0 0 -1
    outer loop
      vertex 77 0 0
      vertex 78.6667 0.505585 0
      vertex 78.4142 0.354233 0
    endloop
  endfacet
  facet normal 0 0 -1
    outer loop
      vertex 79.1213 39.7213 0
      vertex 77 40.6 0
      vertex 78.9032 39.919 0
    endloop
  endfacet
  facet normal 0 0 -1
    outer loop
      vertex 77 0 0
      vertex 78.4142 0.354233 0
      vertex 78.148 0.228348 0
    endloop
  endfacet
  facet normal 0 0 -1
    outer loop
      vertex 78.9032 39.919 0
      vertex 77 40.6 0
      vertex 78.6667 40.0944 0
    endloop
  endfacet
  facet normal 0 0 -1
    outer loop
      vertex 77 0 0
      vertex 78.148 0.228348 0
      vertex 77.8708 0.129166 0
    endloop
  endfacet
  facet normal 0 0 -1
    outer loop
      vertex 78.6667 40.0944 0
      vertex 77 40.6 0
      vertex 78.4142 40.2458 0
    endloop
  endfacet
  facet normal 0 0 -1
    outer loop
      vertex 77 0 0
      vertex 77.8708 0.129166 0
      vertex 77.5853 0.0576324 0
    endloop
  endfacet
  facet normal 0 0 -1
    outer loop
      vertex 78.4142 40.2458 0
      vertex 77 40.6 0
      vertex 78.148 40.3716 0
    endloop
  endfacet
  facet normal 0 0 -1
    outer loop
      vertex 77 0 0
      vertex 77.5853 0.0576324 0
      vertex 77.294 0.0144348 0
    endloop
  endfacet
  facet normal 0 0 -1
    outer loop
      vertex 78.148 40.3716 0
      vertex 77 40.6 0
      vertex 77.8708 40.4708 0
    endloop
  endfacet
  facet normal 0 0 -1
    outer loop
      vertex 77.8708 40.4708 0
      vertex 77 40.6 0
      vertex 77.5853 40.5423 0
    endloop
  endfacet
  facet normal 0 0 -1
    outer loop
      vertex 77.5853 40.5423 0
      vertex 77 40.6 0
      vertex 77.294 40.5855 0
    endloop
  endfacet
  facet normal 0 0 -1
    outer loop
      vertex 3 0 0
      vertex 77 40.6 0
      vertex 77 0 0
    endloop
  endfacet
  facet normal 0 0 -1
    outer loop
      vertex 3 0 0
      vertex 3 40.6 0
      vertex 77 40.6 0
    endloop
  endfacet
  facet normal 0 0 -1
    outer loop
      vertex 0 3 0
      vertex 3 0 0
      vertex 2.70595 0.0144348 0
    endloop
  endfacet
  facet normal 0 0 -1
    outer loop
      vertex 3 0 0
      vertex 0 3 0
      vertex 3 40.6 0
    endloop
  endfacet
  facet normal 0 0 -1
    outer loop
      vertex 0 3 0
      vertex 2.70595 0.0144348 0
      vertex 2.41472 0.0576324 0
    endloop
  endfacet
  facet normal 0 0 -1
    outer loop
      vertex 0 37.6 0
      vertex 3 40.6 0
      vertex 0 3 0
    endloop
  endfacet
  facet normal 0 0 -1
    outer loop
      vertex 0 3 0
      vertex 2.41472 0.0576324 0
      vertex 2.12914 0.129166 0
    endloop
  endfacet
  facet normal 0 0 -1
    outer loop
      vertex 3 40.6 0
      vertex 0 37.6 0
      vertex 2.70595 40.5855 0
    endloop
  endfacet
  facet normal 0 0 -1
    outer loop
      vertex 0 3 0
      vertex 2.12914 0.129166 0
      vertex 1.85194 0.228348 0
    endloop
  endfacet
  facet normal 0 0 -1
    outer loop
      vertex 2.70595 40.5855 0
      vertex 0 37.6 0
      vertex 2.41472 40.5423 0
    endloop
  endfacet
  facet normal 0 0 -1
    outer loop
      vertex 0 3 0
      vertex 1.85194 0.228348 0
      vertex 1.5858 0.354233 0
    endloop
  endfacet
  facet normal 0 0 -1
    outer loop
      vertex 2.41472 40.5423 0
      vertex 0 37.6 0
      vertex 2.12914 40.4708 0
    endloop
  endfacet
  facet normal 0 0 -1
    outer loop
      vertex 0 3 0
      vertex 1.5858 0.354233 0
      vertex 1.33328 0.505585 0
    endloop
  endfacet
  facet normal 0 0 -1
    outer loop
      vertex 2.12914 40.4708 0
      vertex 0 37.6 0
      vertex 1.85194 40.3716 0
    endloop
  endfacet
  facet normal 0 0 -1
    outer loop
      vertex 0 3 0
      vertex 1.33328 0.505585 0
      vertex 1.09682 0.680954 0
    endloop
  endfacet
  facet normal 0 0 -1
    outer loop
      vertex 1.85194 40.3716 0
      vertex 0 37.6 0
      vertex 1.5858 40.2458 0
    endloop
  endfacet
  facet normal 0 0 -1
    outer loop
      vertex 0 3 0
      vertex 1.09682 0.680954 0
      vertex 0.878677 0.878677 0
    endloop
  endfacet
  facet normal 0 0 -1
    outer loop
      vertex 1.5858 40.2458 0
      vertex 0 37.6 0
      vertex 1.33328 40.0944 0
    endloop
  endfacet
  facet normal 0 0 -1
    outer loop
      vertex 0 3 0
      vertex 0.878677 0.878677 0
      vertex 0.680954 1.09682 0
    endloop
  endfacet
  facet normal 0 0 -1
    outer loop
      vertex 1.33328 40.0944 0
      vertex 0 37.6 0
      vertex 1.09682 39.919 0
    endloop
  endfacet
  facet normal 0 0 -1
    outer loop
      vertex 0 3 0
      vertex 0.680954 1.09682 0
      vertex 0.505585 1.33328 0
    endloop
  endfacet
  facet normal 0 0 -1
    outer loop
      vertex 1.09682 39.919 0
      vertex 0 37.6 0
      vertex 0.878677 39.7213 0
    endloop
  endfacet
  facet normal 0 0 -1
    outer loop
      vertex 0 3 0
      vertex 0.505585 1.33328 0
      vertex 0.354233 1.5858 0
    endloop
  endfacet
  facet normal 0 0 -1
    outer loop
      vertex 0.878677 39.7213 0
      vertex 0 37.6 0
      vertex 0.680954 39.5032 0
    endloop
  endfacet
  facet normal 0 0 -1
    outer loop
      vertex 0 3 0
      vertex 0.354233 1.5858 0
      vertex 0.228348 1.85194 0
    endloop
  endfacet
  facet normal 0 0 -1
    outer loop
      vertex 0.680954 39.5032 0
      vertex 0 37.6 0
      vertex 0.505585 39.2667 0
    endloop
  endfacet
  facet normal 0 0 -1
    outer loop
      vertex 0 3 0
      vertex 0.228348 1.85194 0
      vertex 0.129166 2.12914 0
    endloop
  endfacet
  facet normal 0 0 -1
    outer loop
      vertex 0.505585 39.2667 0
      vertex 0 37.6 0
      vertex 0.354233 39.0142 0
    endloop
  endfacet
  facet normal 0 0 -1
    outer loop
      vertex 0 3 0
      vertex 0.129166 2.12914 0
      vertex 0.0576324 2.41472 0
    endloop
  endfacet
  facet normal 0 0 -1
    outer loop
      vertex 0.354233 39.0142 0
      vertex 0 37.6 0
      vertex 0.228348 38.748 0
    endloop
  endfacet
  facet normal 0 0 -1
    outer loop
      vertex 0 3 0
      vertex 0.0576324 2.41472 0
      vertex 0.0144348 2.70595 0
    endloop
  endfacet
  facet normal 0 0 -1
    outer loop
      vertex 0.228348 38.748 0
      vertex 0 37.6 0
      vertex 0.129166 38.4708 0
    endloop
  endfacet
  facet normal 0 0 -1
    outer loop
      vertex 0.129166 38.4708 0
      vertex 0 37.6 0
      vertex 0.0576324 38.1853 0
    endloop
  endfacet
  facet normal 0 0 -1
    outer loop
      vertex 0.0576324 38.1853 0
      vertex 0 37.6 0
      vertex 0.0144348 37.894 0
    endloop
  endfacet
  facet normal -0.941546 -0.336885 0
    outer loop
      vertex 0.228348 1.85194 0
      vertex 0.129166 2.12914 15.3
      vertex 0.129166 2.12914 0
    endloop
  endfacet
  facet normal -0.941546 -0.336885 0
    outer loop
      vertex 0.129166 2.12914 15.3
      vertex 0.228348 1.85194 0
      vertex 0.228348 1.85194 15.3
    endloop
  endfacet
  facet normal -0.595751 0.803169 0
    outer loop
      vertex 77.6344 2.22697 7
      vertex 77.5556 2.16852 15.3
      vertex 77.6344 2.22697 15.3
    endloop
  endfacet
  facet normal -0.595751 0.803169 0
    outer loop
      vertex 77.5556 2.16852 15.3
      vertex 77.6344 2.22697 7
      vertex 77.5556 2.16852 7
    endloop
  endfacet
  facet normal 0.989177 0.146726 0
    outer loop
      vertex 2.01921 2.8049 15.3
      vertex 2.00481 2.90198 7
      vertex 2.00481 2.90198 15.3
    endloop
  endfacet
  facet normal 0.989177 0.146726 0
    outer loop
      vertex 2.00481 2.90198 7
      vertex 2.01921 2.8049 15.3
      vertex 2.01921 2.8049 7
    endloop
  endfacet
  facet normal 0.740806 -0.671719 0
    outer loop
      vertex 2.22697 38.2344 15.3
      vertex 2.29289 38.3071 7
      vertex 2.29289 38.3071 15.3
    endloop
  endfacet
  facet normal 0.740806 -0.671719 0
    outer loop
      vertex 2.29289 38.3071 7
      vertex 2.22697 38.2344 15.3
      vertex 2.22697 38.2344 7
    endloop
  endfacet
  facet normal 1 0 0
    outer loop
      vertex 2 12 15.3
      vertex 2 9 7
      vertex 2 12 5.6
    endloop
  endfacet
  facet normal 1 -0 0
    outer loop
      vertex 2 3 15.3
      vertex 2 9 7
      vertex 2 12 15.3
    endloop
  endfacet
  facet normal 1 0 0
    outer loop
      vertex 2 9 7
      vertex 2 3 15.3
      vertex 2 3 7
    endloop
  endfacet
  facet normal 1 0 0
    outer loop
      vertex 2 37.6 15.3
      vertex 2 31.6 7
      vertex 2 37.6 7
    endloop
  endfacet
  facet normal 1 -0 0
    outer loop
      vertex 2 28 15.3
      vertex 2 31.6 7
      vertex 2 37.6 15.3
    endloop
  endfacet
  facet normal 1 0 0
    outer loop
      vertex 2 28 5.6
      vertex 2 31.6 7
      vertex 2 28 15.3
    endloop
  endfacet
  facet normal 1 0 0
    outer loop
      vertex 2 31.6 7
      vertex 2 28 5.6
      vertex 2 31.6 2
    endloop
  endfacet
  facet normal 1 0 0
    outer loop
      vertex 2 9 2
      vertex 2 28 5.6
      vertex 2 12 5.6
    endloop
  endfacet
  facet normal 1 0 0
    outer loop
      vertex 2 28 5.6
      vertex 2 9 2
      vertex 2 31.6 2
    endloop
  endfacet
  facet normal 1 0 0
    outer loop
      vertex 2 9 2
      vertex 2 12 5.6
      vertex 2 9 7
    endloop
  endfacet
  facet normal 0.998798 0.0490126 0
    outer loop
      vertex 2.00481 2.90198 15.3
      vertex 2 3 7
      vertex 2 3 15.3
    endloop
  endfacet
  facet normal 0.998798 0.0490126 0
    outer loop
      vertex 2 3 7
      vertex 2.00481 2.90198 15.3
      vertex 2.00481 2.90198 7
    endloop
  endfacet
  facet normal 0.427876 -0.903837 0
    outer loop
      vertex 2.52859 38.4819 7
      vertex 2.61731 38.5239 15.3
      vertex 2.52859 38.4819 15.3
    endloop
  endfacet
  facet normal 0.427876 -0.903837 0
    outer loop
      vertex 2.61731 38.5239 15.3
      vertex 2.52859 38.4819 7
      vertex 2.61731 38.5239 7
    endloop
  endfacet
  facet normal 0 -1 0
    outer loop
      vertex 9 38.6 2
      vertex 71 38.6 7
      vertex 9 38.6 7
    endloop
  endfacet
  facet normal 0 -1 -0
    outer loop
      vertex 71 38.6 7
      vertex 9 38.6 2
      vertex 71 38.6 2
    endloop
  endfacet
  facet normal 0 -1 0
    outer loop
      vertex 9 38.6 7
      vertex 3 38.6 15.3
      vertex 3 38.6 7
    endloop
  endfacet
  facet normal 0 -1 0
    outer loop
      vertex 3 38.6 15.3
      vertex 9 38.6 7
      vertex 77 38.6 15.3
    endloop
  endfacet
  facet normal 0 -1 0
    outer loop
      vertex 71 38.6 7
      vertex 77 38.6 15.3
      vertex 9 38.6 7
    endloop
  endfacet
  facet normal 0 -1 -0
    outer loop
      vertex 77 38.6 15.3
      vertex 71 38.6 7
      vertex 77 38.6 7
    endloop
  endfacet
  facet normal 0.243494 -0.969902 0
    outer loop
      vertex 2.7097 38.5569 7
      vertex 2.8049 38.5808 15.3
      vertex 2.7097 38.5569 15.3
    endloop
  endfacet
  facet normal 0.243494 -0.969902 0
    outer loop
      vertex 2.8049 38.5808 15.3
      vertex 2.7097 38.5569 7
      vertex 2.8049 38.5808 7
    endloop
  endfacet
  facet normal -0.989182 -0.146696 0
    outer loop
      vertex 77.9952 37.698 7
      vertex 77.9808 37.7951 15.3
      vertex 77.9808 37.7951 7
    endloop
  endfacet
  facet normal -0.989182 -0.146696 0
    outer loop
      vertex 77.9808 37.7951 15.3
      vertex 77.9952 37.698 7
      vertex 77.9952 37.698 15.3
    endloop
  endfacet
  facet normal 0.427543 0.903995 -0
    outer loop
      vertex 2.61731 2.07611 7
      vertex 2.52859 2.11807 15.3
      vertex 2.61731 2.07611 15.3
    endloop
  endfacet
  facet normal 0.427543 0.903995 0
    outer loop
      vertex 2.52859 2.11807 15.3
      vertex 2.61731 2.07611 7
      vertex 2.52859 2.11807 7
    endloop
  endfacet
  facet normal 0.048911 -0.998803 0
    outer loop
      vertex 2.90198 38.5952 7
      vertex 3 38.6 15.3
      vertex 2.90198 38.5952 15.3
    endloop
  endfacet
  facet normal 0.048911 -0.998803 0
    outer loop
      vertex 3 38.6 15.3
      vertex 2.90198 38.5952 7
      vertex 3 38.6 7
    endloop
  endfacet
  facet normal 0.970047 0.242919 0
    outer loop
      vertex 2.04305 2.7097 15.3
      vertex 2.01921 2.8049 7
      vertex 2.01921 2.8049 15.3
    endloop
  endfacet
  facet normal 0.970047 0.242919 0
    outer loop
      vertex 2.01921 2.8049 7
      vertex 2.04305 2.7097 15.3
      vertex 2.04305 2.7097 7
    endloop
  endfacet
  facet normal -0.903837 0.427876 0
    outer loop
      vertex 77.8819 2.52859 7
      vertex 77.9239 2.61731 15.3
      vertex 77.9239 2.61731 7
    endloop
  endfacet
  facet normal -0.903837 0.427876 0
    outer loop
      vertex 77.9239 2.61731 15.3
      vertex 77.8819 2.52859 7
      vertex 77.8819 2.52859 15.3
    endloop
  endfacet
  facet normal 0.903958 -0.427622 0
    outer loop
      vertex 2.07611 37.9827 15.3
      vertex 2.11807 38.0714 7
      vertex 2.11807 38.0714 15.3
    endloop
  endfacet
  facet normal 0.903958 -0.427622 0
    outer loop
      vertex 2.11807 38.0714 7
      vertex 2.07611 37.9827 15.3
      vertex 2.07611 37.9827 7
    endloop
  endfacet
  facet normal -1 0 0
    outer loop
      vertex 78 31.6 2
      vertex 78 9 2
      vertex 78 31.6 7
    endloop
  endfacet
  facet normal -1 0 0
    outer loop
      vertex 78 31.6 7
      vertex 78 37.6 15.3
      vertex 78 37.6 7
    endloop
  endfacet
  facet normal -1 0 0
    outer loop
      vertex 78 9 7
      vertex 78 31.6 7
      vertex 78 9 2
    endloop
  endfacet
  facet normal -1 0 0
    outer loop
      vertex 78 31.6 7
      vertex 78 9 7
      vertex 78 37.6 15.3
    endloop
  endfacet
  facet normal -1 0 0
    outer loop
      vertex 78 3 15.3
      vertex 78 9 7
      vertex 78 3 7
    endloop
  endfacet
  facet normal -1 0 0
    outer loop
      vertex 78 9 7
      vertex 78 3 15.3
      vertex 78 37.6 15.3
    endloop
  endfacet
  facet normal 0 1 -0
    outer loop
      vertex 71 2 2
      vertex 9 2 7
      vertex 71 2 7
    endloop
  endfacet
  facet normal 0 1 0
    outer loop
      vertex 9 2 7
      vertex 71 2 2
      vertex 9 2 2
    endloop
  endfacet
  facet normal 0 1 0
    outer loop
      vertex 71 2 7
      vertex 77 2 15.3
      vertex 77 2 7
    endloop
  endfacet
  facet normal 0 1 0
    outer loop
      vertex 77 2 15.3
      vertex 71 2 7
      vertex 3 2 15.3
    endloop
  endfacet
  facet normal 0 1 -0
    outer loop
      vertex 9 2 7
      vertex 3 2 15.3
      vertex 71 2 7
    endloop
  endfacet
  facet normal 0 1 0
    outer loop
      vertex 3 2 15.3
      vertex 9 2 7
      vertex 3 2 7
    endloop
  endfacet
  facet normal -0.857924 0.513776 0
    outer loop
      vertex 77.8315 2.44443 7
      vertex 77.8819 2.52859 15.3
      vertex 77.8819 2.52859 7
    endloop
  endfacet
  facet normal -0.857924 0.513776 0
    outer loop
      vertex 77.8819 2.52859 15.3
      vertex 77.8315 2.44443 7
      vertex 77.8315 2.44443 15.3
    endloop
  endfacet
  facet normal -0.998803 -0.0489209 0
    outer loop
      vertex 78 37.6 7
      vertex 77.9952 37.698 15.3
      vertex 77.9952 37.698 7
    endloop
  endfacet
  facet normal -0.998803 -0.0489209 0
    outer loop
      vertex 77.9952 37.698 15.3
      vertex 78 37.6 7
      vertex 78 37.6 15.3
    endloop
  endfacet
  facet normal -0.242919 0.970047 0
    outer loop
      vertex 77.2903 2.04305 7
      vertex 77.1951 2.01921 15.3
      vertex 77.2903 2.04305 15.3
    endloop
  endfacet
  facet normal -0.242919 0.970047 0
    outer loop
      vertex 77.1951 2.01921 15.3
      vertex 77.2903 2.04305 7
      vertex 77.1951 2.01921 7
    endloop
  endfacet
  facet normal -0.513596 -0.858032 0
    outer loop
      vertex 77.4714 38.4819 7
      vertex 77.5556 38.4315 15.3
      vertex 77.4714 38.4819 15.3
    endloop
  endfacet
  facet normal -0.513596 -0.858032 -0
    outer loop
      vertex 77.5556 38.4315 15.3
      vertex 77.4714 38.4819 7
      vertex 77.5556 38.4315 7
    endloop
  endfacet
  facet normal -0.969902 -0.243494 0
    outer loop
      vertex 77.9808 37.7951 7
      vertex 77.9569 37.8903 15.3
      vertex 77.9569 37.8903 7
    endloop
  endfacet
  facet normal -0.969902 -0.243494 0
    outer loop
      vertex 77.9569 37.8903 15.3
      vertex 77.9808 37.7951 7
      vertex 77.9808 37.7951 15.3
    endloop
  endfacet
  facet normal -0.0490226 0.998798 0
    outer loop
      vertex 77.098 2.00481 7
      vertex 77 2 15.3
      vertex 77.098 2.00481 15.3
    endloop
  endfacet
  facet normal -0.0490226 0.998798 0
    outer loop
      vertex 77 2 15.3
      vertex 77.098 2.00481 7
      vertex 77 2 7
    endloop
  endfacet
  facet normal 0.514151 0.8577 -0
    outer loop
      vertex 2.52859 2.11807 7
      vertex 2.44443 2.16852 15.3
      vertex 2.52859 2.11807 15.3
    endloop
  endfacet
  facet normal 0.514151 0.8577 0
    outer loop
      vertex 2.44443 2.16852 15.3
      vertex 2.52859 2.11807 7
      vertex 2.44443 2.16852 7
    endloop
  endfacet
  facet normal 0.146726 -0.989177 0
    outer loop
      vertex 2.8049 38.5808 7
      vertex 2.90198 38.5952 15.3
      vertex 2.8049 38.5808 15.3
    endloop
  endfacet
  facet normal 0.146726 -0.989177 0
    outer loop
      vertex 2.90198 38.5952 15.3
      vertex 2.8049 38.5808 7
      vertex 2.90198 38.5952 7
    endloop
  endfacet
  facet normal 0.941548 -0.336879 0
    outer loop
      vertex 2.04305 37.8903 15.3
      vertex 2.07611 37.9827 7
      vertex 2.07611 37.9827 15.3
    endloop
  endfacet
  facet normal 0.941548 -0.336879 0
    outer loop
      vertex 2.07611 37.9827 7
      vertex 2.04305 37.8903 15.3
      vertex 2.04305 37.8903 7
    endloop
  endfacet
  facet normal -0.336336 -0.941742 0
    outer loop
      vertex 77.2903 38.5569 7
      vertex 77.3827 38.5239 15.3
      vertex 77.2903 38.5569 15.3
    endloop
  endfacet
  facet normal -0.336336 -0.941742 -0
    outer loop
      vertex 77.3827 38.5239 15.3
      vertex 77.2903 38.5569 7
      vertex 77.3827 38.5239 7
    endloop
  endfacet
  facet normal -0.740954 0.671556 0
    outer loop
      vertex 77.7071 2.29289 7
      vertex 77.773 2.3656 15.3
      vertex 77.773 2.3656 7
    endloop
  endfacet
  facet normal -0.740954 0.671556 0
    outer loop
      vertex 77.773 2.3656 15.3
      vertex 77.7071 2.29289 7
      vertex 77.7071 2.29289 15.3
    endloop
  endfacet
  facet normal 0.970047 -0.242919 0
    outer loop
      vertex 2.01921 37.7951 15.3
      vertex 2.04305 37.8903 7
      vertex 2.04305 37.8903 15.3
    endloop
  endfacet
  facet normal 0.970047 -0.242919 0
    outer loop
      vertex 2.04305 37.8903 7
      vertex 2.01921 37.7951 15.3
      vertex 2.01921 37.7951 7
    endloop
  endfacet
  facet normal -0.671719 0.740806 0
    outer loop
      vertex 77.7071 2.29289 7
      vertex 77.6344 2.22697 15.3
      vertex 77.7071 2.29289 15.3
    endloop
  endfacet
  facet normal -0.671719 0.740806 0
    outer loop
      vertex 77.6344 2.22697 15.3
      vertex 77.7071 2.29289 7
      vertex 77.6344 2.22697 7
    endloop
  endfacet
  facet normal 0.903995 0.427543 0
    outer loop
      vertex 2.11807 2.52859 15.3
      vertex 2.07611 2.61731 7
      vertex 2.07611 2.61731 15.3
    endloop
  endfacet
  facet normal 0.903995 0.427543 0
    outer loop
      vertex 2.07611 2.61731 7
      vertex 2.11807 2.52859 15.3
      vertex 2.11807 2.52859 7
    endloop
  endfacet
  facet normal -0.989177 0.146726 0
    outer loop
      vertex 77.9808 2.8049 7
      vertex 77.9952 2.90198 15.3
      vertex 77.9952 2.90198 7
    endloop
  endfacet
  facet normal -0.989177 0.146726 0
    outer loop
      vertex 77.9952 2.90198 15.3
      vertex 77.9808 2.8049 7
      vertex 77.9808 2.8049 15.3
    endloop
  endfacet
  facet normal -0.243494 -0.969902 0
    outer loop
      vertex 77.1951 38.5808 7
      vertex 77.2903 38.5569 15.3
      vertex 77.1951 38.5808 15.3
    endloop
  endfacet
  facet normal -0.243494 -0.969902 -0
    outer loop
      vertex 77.2903 38.5569 15.3
      vertex 77.1951 38.5808 7
      vertex 77.2903 38.5569 7
    endloop
  endfacet
  facet normal 0.803169 -0.595751 0
    outer loop
      vertex 2.16852 38.1556 15.3
      vertex 2.22697 38.2344 7
      vertex 2.22697 38.2344 15.3
    endloop
  endfacet
  facet normal 0.803169 -0.595751 0
    outer loop
      vertex 2.22697 38.2344 7
      vertex 2.16852 38.1556 15.3
      vertex 2.16852 38.1556 7
    endloop
  endfacet
  facet normal 0.671556 -0.740954 0
    outer loop
      vertex 2.29289 38.3071 7
      vertex 2.3656 38.373 15.3
      vertex 2.29289 38.3071 15.3
    endloop
  endfacet
  facet normal 0.671556 -0.740954 0
    outer loop
      vertex 2.3656 38.373 15.3
      vertex 2.29289 38.3071 7
      vertex 2.3656 38.373 7
    endloop
  endfacet
  facet normal 0.8577 0.514151 0
    outer loop
      vertex 2.16852 2.44443 15.3
      vertex 2.11807 2.52859 7
      vertex 2.11807 2.52859 15.3
    endloop
  endfacet
  facet normal 0.8577 0.514151 0
    outer loop
      vertex 2.11807 2.52859 7
      vertex 2.16852 2.44443 15.3
      vertex 2.16852 2.44443 7
    endloop
  endfacet
  facet normal -0.941742 -0.336336 0
    outer loop
      vertex 77.9569 37.8903 7
      vertex 77.9239 37.9827 15.3
      vertex 77.9239 37.9827 7
    endloop
  endfacet
  facet normal -0.941742 -0.336336 0
    outer loop
      vertex 77.9239 37.9827 15.3
      vertex 77.9569 37.8903 7
      vertex 77.9569 37.8903 15.3
    endloop
  endfacet
  facet normal -0.0489209 -0.998803 0
    outer loop
      vertex 77 38.6 7
      vertex 77.098 38.5952 15.3
      vertex 77 38.6 15.3
    endloop
  endfacet
  facet normal -0.0489209 -0.998803 -0
    outer loop
      vertex 77.098 38.5952 15.3
      vertex 77 38.6 7
      vertex 77.098 38.5952 7
    endloop
  endfacet
  facet normal -0.146696 0.989182 0
    outer loop
      vertex 77.1951 2.01921 7
      vertex 77.098 2.00481 15.3
      vertex 77.1951 2.01921 15.3
    endloop
  endfacet
  facet normal -0.146696 0.989182 0
    outer loop
      vertex 77.098 2.00481 15.3
      vertex 77.1951 2.01921 7
      vertex 77.098 2.00481 7
    endloop
  endfacet
  facet normal -0.59608 -0.802925 0
    outer loop
      vertex 77.5556 38.4315 7
      vertex 77.6344 38.373 15.3
      vertex 77.5556 38.4315 15.3
    endloop
  endfacet
  facet normal -0.59608 -0.802925 -0
    outer loop
      vertex 77.6344 38.373 15.3
      vertex 77.5556 38.4315 7
      vertex 77.6344 38.373 7
    endloop
  endfacet
  facet normal 0.513776 -0.857924 0
    outer loop
      vertex 2.44443 38.4315 7
      vertex 2.52859 38.4819 15.3
      vertex 2.44443 38.4315 15.3
    endloop
  endfacet
  facet normal 0.513776 -0.857924 0
    outer loop
      vertex 2.52859 38.4819 15.3
      vertex 2.44443 38.4315 7
      vertex 2.52859 38.4819 7
    endloop
  endfacet
  facet normal 0.857807 -0.513971 0
    outer loop
      vertex 2.11807 38.0714 15.3
      vertex 2.16852 38.1556 7
      vertex 2.16852 38.1556 15.3
    endloop
  endfacet
  facet normal 0.857807 -0.513971 0
    outer loop
      vertex 2.16852 38.1556 7
      vertex 2.11807 38.0714 15.3
      vertex 2.11807 38.0714 7
    endloop
  endfacet
  facet normal -0.9038 -0.427955 0
    outer loop
      vertex 77.9239 37.9827 7
      vertex 77.8819 38.0714 15.3
      vertex 77.8819 38.0714 7
    endloop
  endfacet
  facet normal -0.9038 -0.427955 0
    outer loop
      vertex 77.8819 38.0714 15.3
      vertex 77.9239 37.9827 7
      vertex 77.9239 37.9827 15.3
    endloop
  endfacet
  facet normal 0.998798 -0.0490226 0
    outer loop
      vertex 2 37.6 15.3
      vertex 2.00481 37.698 7
      vertex 2.00481 37.698 15.3
    endloop
  endfacet
  facet normal 0.998798 -0.0490226 0
    outer loop
      vertex 2.00481 37.698 7
      vertex 2 37.6 15.3
      vertex 2 37.6 7
    endloop
  endfacet
  facet normal 0.595934 -0.803034 0
    outer loop
      vertex 2.3656 38.373 7
      vertex 2.44443 38.4315 15.3
      vertex 2.3656 38.373 15.3
    endloop
  endfacet
  facet normal 0.595934 -0.803034 0
    outer loop
      vertex 2.44443 38.4315 15.3
      vertex 2.3656 38.373 7
      vertex 2.44443 38.4315 7
    endloop
  endfacet
  facet normal 0.671668 0.740852 -0
    outer loop
      vertex 2.3656 2.22697 7
      vertex 2.29289 2.29289 15.3
      vertex 2.3656 2.22697 15.3
    endloop
  endfacet
  facet normal 0.671668 0.740852 0
    outer loop
      vertex 2.29289 2.29289 15.3
      vertex 2.3656 2.22697 7
      vertex 2.29289 2.29289 7
    endloop
  endfacet
  facet normal -0.802925 -0.59608 0
    outer loop
      vertex 77.8315 38.1556 7
      vertex 77.773 38.2344 15.3
      vertex 77.773 38.2344 7
    endloop
  endfacet
  facet normal -0.802925 -0.59608 0
    outer loop
      vertex 77.773 38.2344 15.3
      vertex 77.8315 38.1556 7
      vertex 77.8315 38.1556 15.3
    endloop
  endfacet
  facet normal 0 0 1
    outer loop
      vertex 4.95498 9.44498 2
      vertex 2 9 2
      vertex 4.62234 9.32597 2
    endloop
  endfacet
  facet normal 0 0 1
    outer loop
      vertex 4.62234 9.32597 2
      vertex 2 9 2
      vertex 3.85 9 2
    endloop
  endfacet
  facet normal -0 0 1
    outer loop
      vertex 8.99329 3.99995 2
      vertex 9 3.85 2
      vertex 9.17492 4.30297 2
    endloop
  endfacet
  facet normal 0 0 1
    outer loop
      vertex 9 3.85 2
      vertex 8.99329 3.99995 2
      vertex 8.88208 3.85 2
    endloop
  endfacet
  facet normal 0 0 1
    outer loop
      vertex 70.555 33.555 2
      vertex 9.44498 33.555 2
      vertex 70.674 33.2223 2
    endloop
  endfacet
  facet normal 0 0 1
    outer loop
      vertex 70.674 7.37766 2
      vertex 9.58266 6.35286 2
      vertex 9.6 6 2
    endloop
  endfacet
  facet normal 0 0 1
    outer loop
      vertex 9.32597 33.2223 2
      vertex 70.674 33.2223 2
      vertex 9.44498 33.555 2
    endloop
  endfacet
  facet normal 0 0 1
    outer loop
      vertex 70.674 7.37766 2
      vertex 9.53083 6.70232 2
      vertex 9.58266 6.35286 2
    endloop
  endfacet
  facet normal 0 0 1
    outer loop
      vertex 70.674 33.2223 2
      vertex 9.32597 33.2223 2
      vertex 70.674 7.37766 2
    endloop
  endfacet
  facet normal 0 0 1
    outer loop
      vertex 70.674 7.37766 2
      vertex 9.44498 7.04502 2
      vertex 9.53083 6.70232 2
    endloop
  endfacet
  facet normal 0 0 1
    outer loop
      vertex 9.32597 7.37766 2
      vertex 70.674 7.37766 2
      vertex 9.32597 33.2223 2
    endloop
  endfacet
  facet normal 0 0 1
    outer loop
      vertex 70.674 7.37766 2
      vertex 9.32597 7.37766 2
      vertex 9.44498 7.04502 2
    endloop
  endfacet
  facet normal -0 0 1
    outer loop
      vertex 9.17492 32.903 2
      vertex 9.32597 7.37766 2
      vertex 9.32597 33.2223 2
    endloop
  endfacet
  facet normal 0 0 1
    outer loop
      vertex 9.17492 32.903 2
      vertex 9.17492 7.69703 2
      vertex 9.32597 7.37766 2
    endloop
  endfacet
  facet normal -0 0 1
    outer loop
      vertex 8.99329 32.5999 2
      vertex 9.17492 7.69703 2
      vertex 9.17492 32.903 2
    endloop
  endfacet
  facet normal 0 0 1
    outer loop
      vertex 8.99329 32.5999 2
      vertex 8.99329 8.00005 2
      vertex 9.17492 7.69703 2
    endloop
  endfacet
  facet normal -0 0 1
    outer loop
      vertex 8.78284 32.3162 2
      vertex 8.99329 8.00005 2
      vertex 8.99329 32.5999 2
    endloop
  endfacet
  facet normal 0 0 1
    outer loop
      vertex 8.78284 32.3162 2
      vertex 8.78284 8.28382 2
      vertex 8.99329 8.00005 2
    endloop
  endfacet
  facet normal -0 0 1
    outer loop
      vertex 8.54558 32.0544 2
      vertex 8.78284 8.28382 2
      vertex 8.78284 32.3162 2
    endloop
  endfacet
  facet normal 0 0 1
    outer loop
      vertex 8.54558 32.0544 2
      vertex 8.54558 8.54558 2
      vertex 8.78284 8.28382 2
    endloop
  endfacet
  facet normal -0 0 1
    outer loop
      vertex 8.28382 31.8172 2
      vertex 8.54558 8.54558 2
      vertex 8.54558 32.0544 2
    endloop
  endfacet
  facet normal 0 0 1
    outer loop
      vertex 8.28382 31.8172 2
      vertex 8.28382 8.78284 2
      vertex 8.54558 8.54558 2
    endloop
  endfacet
  facet normal -0 0 1
    outer loop
      vertex 8.00005 31.6067 2
      vertex 8.28382 8.78284 2
      vertex 8.28382 31.8172 2
    endloop
  endfacet
  facet normal 0 0 1
    outer loop
      vertex 8.00005 31.6067 2
      vertex 8.00005 8.99329 2
      vertex 8.28382 8.78284 2
    endloop
  endfacet
  facet normal -0 0 1
    outer loop
      vertex 7.69703 31.4251 2
      vertex 8.00005 8.99329 2
      vertex 8.00005 31.6067 2
    endloop
  endfacet
  facet normal 0 0 1
    outer loop
      vertex 7.69703 31.4251 2
      vertex 7.69703 9.17492 2
      vertex 8.00005 8.99329 2
    endloop
  endfacet
  facet normal -0 0 1
    outer loop
      vertex 7.37766 31.274 2
      vertex 7.69703 9.17492 2
      vertex 7.69703 31.4251 2
    endloop
  endfacet
  facet normal 0 0 1
    outer loop
      vertex 7.37766 31.274 2
      vertex 7.37766 9.32597 2
      vertex 7.69703 9.17492 2
    endloop
  endfacet
  facet normal -0 0 1
    outer loop
      vertex 7.04502 31.155 2
      vertex 7.37766 9.32597 2
      vertex 7.37766 31.274 2
    endloop
  endfacet
  facet normal 0 0 1
    outer loop
      vertex 7.04502 31.155 2
      vertex 7.04502 9.44498 2
      vertex 7.37766 9.32597 2
    endloop
  endfacet
  facet normal -0 0 1
    outer loop
      vertex 6.70232 31.0692 2
      vertex 7.04502 9.44498 2
      vertex 7.04502 31.155 2
    endloop
  endfacet
  facet normal 0 0 1
    outer loop
      vertex 6.70232 31.0692 2
      vertex 6.70232 9.53083 2
      vertex 7.04502 9.44498 2
    endloop
  endfacet
  facet normal -0 0 1
    outer loop
      vertex 6.35286 31.0173 2
      vertex 6.70232 9.53083 2
      vertex 6.70232 31.0692 2
    endloop
  endfacet
  facet normal 0 0 1
    outer loop
      vertex 6.35286 31.0173 2
      vertex 6.35286 9.58266 2
      vertex 6.70232 9.53083 2
    endloop
  endfacet
  facet normal -0 0 1
    outer loop
      vertex 6 31 2
      vertex 6.35286 9.58266 2
      vertex 6.35286 31.0173 2
    endloop
  endfacet
  facet normal 0 0 1
    outer loop
      vertex 6 31 2
      vertex 6 9.6 2
      vertex 6.35286 9.58266 2
    endloop
  endfacet
  facet normal 0 0 1
    outer loop
      vertex 5.64714 31.0173 2
      vertex 6 9.6 2
      vertex 6 31 2
    endloop
  endfacet
  facet normal 0 0 1
    outer loop
      vertex 5.64714 31.0173 2
      vertex 5.64714 9.58266 2
      vertex 6 9.6 2
    endloop
  endfacet
  facet normal 0 0 1
    outer loop
      vertex 5.29768 31.0692 2
      vertex 5.64714 9.58266 2
      vertex 5.64714 31.0173 2
    endloop
  endfacet
  facet normal 0 0 1
    outer loop
      vertex 5.29768 31.0692 2
      vertex 5.29768 9.53083 2
      vertex 5.64714 9.58266 2
    endloop
  endfacet
  facet normal 0 0 1
    outer loop
      vertex 4.95498 31.155 2
      vertex 5.29768 9.53083 2
      vertex 5.29768 31.0692 2
    endloop
  endfacet
  facet normal 0 0 1
    outer loop
      vertex 4.95498 31.155 2
      vertex 4.95498 9.44498 2
      vertex 5.29768 9.53083 2
    endloop
  endfacet
  facet normal 0 0 1
    outer loop
      vertex 2 31.6 2
      vertex 4.95498 31.155 2
      vertex 4.62234 31.274 2
    endloop
  endfacet
  facet normal 0 0 1
    outer loop
      vertex 4.95498 31.155 2
      vertex 2 31.6 2
      vertex 4.95498 9.44498 2
    endloop
  endfacet
  facet normal -0 0 1
    outer loop
      vertex 2 31.6 2
      vertex 4.30297 31.4251 2
      vertex 3.85 31.6 2
    endloop
  endfacet
  facet normal 0 0 1
    outer loop
      vertex 4.30297 31.4251 2
      vertex 2 31.6 2
      vertex 4.62234 31.274 2
    endloop
  endfacet
  facet normal -0 0 1
    outer loop
      vertex 3.85 31.6 2
      vertex 4.30297 31.4251 2
      vertex 3.99995 31.6067 2
    endloop
  endfacet
  facet normal 0 0 1
    outer loop
      vertex 2 9 2
      vertex 4.95498 9.44498 2
      vertex 2 31.6 2
    endloop
  endfacet
  facet normal 0 0 1
    outer loop
      vertex 3.85 31.6 2
      vertex 3.99995 31.6067 2
      vertex 3.85 31.7179 2
    endloop
  endfacet
  facet normal 0 0 1
    outer loop
      vertex 4.62234 9.32597 2
      vertex 3.85 9 2
      vertex 4.30297 9.17492 2
    endloop
  endfacet
  facet normal 0 0 1
    outer loop
      vertex 4.30297 9.17492 2
      vertex 3.85 9 2
      vertex 3.99995 8.99329 2
    endloop
  endfacet
  facet normal 0 0 1
    outer loop
      vertex 3.99995 8.99329 2
      vertex 3.85 9 2
      vertex 3.85 8.88208 2
    endloop
  endfacet
  facet normal 0 0 1
    outer loop
      vertex 71 38.6 2
      vertex 70.8251 36.297 2
      vertex 71 36.75 2
    endloop
  endfacet
  facet normal 0 0 1
    outer loop
      vertex 71 38.6 2
      vertex 70.674 35.9777 2
      vertex 70.8251 36.297 2
    endloop
  endfacet
  facet normal 0 0 1
    outer loop
      vertex 71 38.6 2
      vertex 70.555 35.645 2
      vertex 70.674 35.9777 2
    endloop
  endfacet
  facet normal 0 0 1
    outer loop
      vertex 71 38.6 2
      vertex 70.4692 35.3023 2
      vertex 70.555 35.645 2
    endloop
  endfacet
  facet normal 0 0 1
    outer loop
      vertex 70.4692 6.70232 2
      vertex 9.6 6 2
      vertex 70.4173 6.35286 2
    endloop
  endfacet
  facet normal 0 0 1
    outer loop
      vertex 70.4173 34.9529 2
      vertex 9.6 34.6 2
      vertex 70.4 34.6 2
    endloop
  endfacet
  facet normal 0 0 1
    outer loop
      vertex 9.58266 34.9529 2
      vertex 70.4173 34.9529 2
      vertex 70.4692 35.3023 2
    endloop
  endfacet
  facet normal 0 0 1
    outer loop
      vertex 9.53083 35.3023 2
      vertex 70.4692 35.3023 2
      vertex 71 38.6 2
    endloop
  endfacet
  facet normal 0 0 1
    outer loop
      vertex 70.4173 34.9529 2
      vertex 9.58266 34.9529 2
      vertex 9.6 34.6 2
    endloop
  endfacet
  facet normal 0 0 1
    outer loop
      vertex 70.4692 35.3023 2
      vertex 9.53083 35.3023 2
      vertex 9.58266 34.9529 2
    endloop
  endfacet
  facet normal -0 0 1
    outer loop
      vertex 9 38.6 2
      vertex 9.53083 35.3023 2
      vertex 71 38.6 2
    endloop
  endfacet
  facet normal 0 0 1
    outer loop
      vertex 9.53083 35.3023 2
      vertex 9 38.6 2
      vertex 9.44498 35.645 2
    endloop
  endfacet
  facet normal 0 0 1
    outer loop
      vertex 9.44498 35.645 2
      vertex 9 38.6 2
      vertex 9.32597 35.9777 2
    endloop
  endfacet
  facet normal 0 0 1
    outer loop
      vertex 9.32597 35.9777 2
      vertex 9 38.6 2
      vertex 9.17492 36.297 2
    endloop
  endfacet
  facet normal -0 0 1
    outer loop
      vertex 9 36.75 2
      vertex 9.17492 36.297 2
      vertex 9 38.6 2
    endloop
  endfacet
  facet normal 0 0 1
    outer loop
      vertex 9 36.75 2
      vertex 8.99329 36.6001 2
      vertex 9.17492 36.297 2
    endloop
  endfacet
  facet normal 0 -0 1
    outer loop
      vertex 8.99329 36.6001 2
      vertex 9 36.75 2
      vertex 8.88208 36.75 2
    endloop
  endfacet
  facet normal -0 0 1
    outer loop
      vertex 71 36.75 2
      vertex 71.0067 36.6001 2
      vertex 71.1179 36.75 2
    endloop
  endfacet
  facet normal 0 0 1
    outer loop
      vertex 71.0067 36.6001 2
      vertex 71 36.75 2
      vertex 70.8251 36.297 2
    endloop
  endfacet
  facet normal -0 0 1
    outer loop
      vertex 76.0001 31.6067 2
      vertex 76.15 31.6 2
      vertex 76.15 31.7179 2
    endloop
  endfacet
  facet normal 0 0 1
    outer loop
      vertex 75.697 31.4251 2
      vertex 76.15 31.6 2
      vertex 76.0001 31.6067 2
    endloop
  endfacet
  facet normal 0 0 1
    outer loop
      vertex 75.3777 31.274 2
      vertex 76.15 31.6 2
      vertex 75.697 31.4251 2
    endloop
  endfacet
  facet normal 0 0 1
    outer loop
      vertex 76.15 9 2
      vertex 76.0001 8.99329 2
      vertex 76.15 8.88208 2
    endloop
  endfacet
  facet normal 0 0 1
    outer loop
      vertex 76.15 31.6 2
      vertex 75.3777 31.274 2
      vertex 76.15 9 2
    endloop
  endfacet
  facet normal 0 0 1
    outer loop
      vertex 76.15 9 2
      vertex 75.697 9.17492 2
      vertex 76.0001 8.99329 2
    endloop
  endfacet
  facet normal -0 0 1
    outer loop
      vertex 75.3777 9.32597 2
      vertex 76.15 9 2
      vertex 75.3777 31.274 2
    endloop
  endfacet
  facet normal 0 0 1
    outer loop
      vertex 76.15 9 2
      vertex 75.3777 9.32597 2
      vertex 75.697 9.17492 2
    endloop
  endfacet
  facet normal -0 0 1
    outer loop
      vertex 75.045 31.155 2
      vertex 75.3777 9.32597 2
      vertex 75.3777 31.274 2
    endloop
  endfacet
  facet normal 0 0 1
    outer loop
      vertex 75.045 31.155 2
      vertex 75.045 9.44498 2
      vertex 75.3777 9.32597 2
    endloop
  endfacet
  facet normal -0 0 1
    outer loop
      vertex 74.7023 31.0692 2
      vertex 75.045 9.44498 2
      vertex 75.045 31.155 2
    endloop
  endfacet
  facet normal 0 0 1
    outer loop
      vertex 74.7023 31.0692 2
      vertex 74.7023 9.53083 2
      vertex 75.045 9.44498 2
    endloop
  endfacet
  facet normal -0 0 1
    outer loop
      vertex 74.3529 31.0173 2
      vertex 74.7023 9.53083 2
      vertex 74.7023 31.0692 2
    endloop
  endfacet
  facet normal 0 0 1
    outer loop
      vertex 74.3529 31.0173 2
      vertex 74.3529 9.58266 2
      vertex 74.7023 9.53083 2
    endloop
  endfacet
  facet normal -0 0 1
    outer loop
      vertex 74 31 2
      vertex 74.3529 9.58266 2
      vertex 74.3529 31.0173 2
    endloop
  endfacet
  facet normal 0 0 1
    outer loop
      vertex 74 31 2
      vertex 74 9.6 2
      vertex 74.3529 9.58266 2
    endloop
  endfacet
  facet normal 0 0 1
    outer loop
      vertex 73.6471 31.0173 2
      vertex 74 9.6 2
      vertex 74 31 2
    endloop
  endfacet
  facet normal 0 0 1
    outer loop
      vertex 73.6471 31.0173 2
      vertex 73.6471 9.58266 2
      vertex 74 9.6 2
    endloop
  endfacet
  facet normal 0 0 1
    outer loop
      vertex 73.2977 31.0692 2
      vertex 73.6471 9.58266 2
      vertex 73.6471 31.0173 2
    endloop
  endfacet
  facet normal 0 0 1
    outer loop
      vertex 73.2977 31.0692 2
      vertex 73.2977 9.53083 2
      vertex 73.6471 9.58266 2
    endloop
  endfacet
  facet normal 0 0 1
    outer loop
      vertex 72.955 31.155 2
      vertex 73.2977 9.53083 2
      vertex 73.2977 31.0692 2
    endloop
  endfacet
  facet normal 0 0 1
    outer loop
      vertex 72.955 31.155 2
      vertex 72.955 9.44498 2
      vertex 73.2977 9.53083 2
    endloop
  endfacet
  facet normal 0 0 1
    outer loop
      vertex 72.6223 31.274 2
      vertex 72.955 9.44498 2
      vertex 72.955 31.155 2
    endloop
  endfacet
  facet normal 0 0 1
    outer loop
      vertex 72.6223 31.274 2
      vertex 72.6223 9.32597 2
      vertex 72.955 9.44498 2
    endloop
  endfacet
  facet normal 0 0 1
    outer loop
      vertex 72.303 31.4251 2
      vertex 72.6223 9.32597 2
      vertex 72.6223 31.274 2
    endloop
  endfacet
  facet normal 0 0 1
    outer loop
      vertex 72.303 31.4251 2
      vertex 72.303 9.17492 2
      vertex 72.6223 9.32597 2
    endloop
  endfacet
  facet normal 0 0 1
    outer loop
      vertex 71.9999 31.6067 2
      vertex 72.303 9.17492 2
      vertex 72.303 31.4251 2
    endloop
  endfacet
  facet normal 0 0 1
    outer loop
      vertex 71.9999 31.6067 2
      vertex 71.9999 8.99329 2
      vertex 72.303 9.17492 2
    endloop
  endfacet
  facet normal 0 0 1
    outer loop
      vertex 71.7162 31.8172 2
      vertex 71.9999 8.99329 2
      vertex 71.9999 31.6067 2
    endloop
  endfacet
  facet normal 0 0 1
    outer loop
      vertex 71.7162 31.8172 2
      vertex 71.7162 8.78284 2
      vertex 71.9999 8.99329 2
    endloop
  endfacet
  facet normal 0 0 1
    outer loop
      vertex 71.4544 32.0544 2
      vertex 71.7162 8.78284 2
      vertex 71.7162 31.8172 2
    endloop
  endfacet
  facet normal 0 0 1
    outer loop
      vertex 71.4544 32.0544 2
      vertex 71.4544 8.54558 2
      vertex 71.7162 8.78284 2
    endloop
  endfacet
  facet normal 0 0 1
    outer loop
      vertex 71.2172 32.3162 2
      vertex 71.4544 8.54558 2
      vertex 71.4544 32.0544 2
    endloop
  endfacet
  facet normal 0 0 1
    outer loop
      vertex 71.2172 32.3162 2
      vertex 71.2172 8.28382 2
      vertex 71.4544 8.54558 2
    endloop
  endfacet
  facet normal 0 0 1
    outer loop
      vertex 71.0067 32.5999 2
      vertex 71.2172 8.28382 2
      vertex 71.2172 32.3162 2
    endloop
  endfacet
  facet normal 0 0 1
    outer loop
      vertex 71.0067 32.5999 2
      vertex 71.0067 8.00005 2
      vertex 71.2172 8.28382 2
    endloop
  endfacet
  facet normal 0 0 1
    outer loop
      vertex 70.8251 32.903 2
      vertex 71.0067 8.00005 2
      vertex 71.0067 32.5999 2
    endloop
  endfacet
  facet normal 0 0 1
    outer loop
      vertex 70.8251 32.903 2
      vertex 70.8251 7.69703 2
      vertex 71.0067 8.00005 2
    endloop
  endfacet
  facet normal 0 0 1
    outer loop
      vertex 70.674 33.2223 2
      vertex 70.8251 7.69703 2
      vertex 70.8251 32.903 2
    endloop
  endfacet
  facet normal 0 0 1
    outer loop
      vertex 70.674 33.2223 2
      vertex 70.674 7.37766 2
      vertex 70.8251 7.69703 2
    endloop
  endfacet
  facet normal 0 0 1
    outer loop
      vertex 9.53083 33.8977 2
      vertex 70.4692 33.8977 2
      vertex 9.58266 34.2471 2
    endloop
  endfacet
  facet normal 0 0 1
    outer loop
      vertex 70.4692 33.8977 2
      vertex 9.53083 33.8977 2
      vertex 70.555 33.555 2
    endloop
  endfacet
  facet normal 0 0 1
    outer loop
      vertex 70.4173 34.2471 2
      vertex 9.58266 34.2471 2
      vertex 70.4692 33.8977 2
    endloop
  endfacet
  facet normal 0 0 1
    outer loop
      vertex 9.44498 33.555 2
      vertex 70.555 33.555 2
      vertex 9.53083 33.8977 2
    endloop
  endfacet
  facet normal 0 0 1
    outer loop
      vertex 9.58266 34.2471 2
      vertex 70.4173 34.2471 2
      vertex 9.6 34.6 2
    endloop
  endfacet
  facet normal 0 0 1
    outer loop
      vertex 70.674 7.37766 2
      vertex 9.6 6 2
      vertex 70.555 7.04502 2
    endloop
  endfacet
  facet normal -0 0 1
    outer loop
      vertex 9.6 34.6 2
      vertex 70.4173 34.2471 2
      vertex 70.4 34.6 2
    endloop
  endfacet
  facet normal 0 0 1
    outer loop
      vertex 70.555 7.04502 2
      vertex 9.6 6 2
      vertex 70.4692 6.70232 2
    endloop
  endfacet
  facet normal -0 0 1
    outer loop
      vertex 76.15 31.6 2
      vertex 78 9 2
      vertex 78 31.6 2
    endloop
  endfacet
  facet normal 0 0 1
    outer loop
      vertex 78 9 2
      vertex 76.15 31.6 2
      vertex 76.15 9 2
    endloop
  endfacet
  facet normal 0 0 1
    outer loop
      vertex 71.0067 3.99995 2
      vertex 71 3.85 2
      vertex 71.1179 3.85 2
    endloop
  endfacet
  facet normal 0 0 1
    outer loop
      vertex 70.8251 4.30297 2
      vertex 71 3.85 2
      vertex 71.0067 3.99995 2
    endloop
  endfacet
  facet normal 0 0 1
    outer loop
      vertex 70.8251 4.30297 2
      vertex 71 2 2
      vertex 71 3.85 2
    endloop
  endfacet
  facet normal 0 0 1
    outer loop
      vertex 70.674 4.62234 2
      vertex 71 2 2
      vertex 70.8251 4.30297 2
    endloop
  endfacet
  facet normal 0 0 1
    outer loop
      vertex 70.555 4.95498 2
      vertex 71 2 2
      vertex 70.674 4.62234 2
    endloop
  endfacet
  facet normal 0 0 1
    outer loop
      vertex 70.4692 5.29768 2
      vertex 71 2 2
      vertex 70.555 4.95498 2
    endloop
  endfacet
  facet normal 0 0 1
    outer loop
      vertex 70.4173 6.35286 2
      vertex 9.6 6 2
      vertex 70.4 6 2
    endloop
  endfacet
  facet normal 0 0 1
    outer loop
      vertex 70.4 6 2
      vertex 9.6 6 2
      vertex 70.4173 5.64714 2
    endloop
  endfacet
  facet normal 0 0 1
    outer loop
      vertex 9.58266 5.64714 2
      vertex 70.4173 5.64714 2
      vertex 9.6 6 2
    endloop
  endfacet
  facet normal 0 0 1
    outer loop
      vertex 70.4173 5.64714 2
      vertex 9.58266 5.64714 2
      vertex 70.4692 5.29768 2
    endloop
  endfacet
  facet normal 0 0 1
    outer loop
      vertex 9.53083 5.29768 2
      vertex 70.4692 5.29768 2
      vertex 9.58266 5.64714 2
    endloop
  endfacet
  facet normal 0 0 1
    outer loop
      vertex 70.4692 5.29768 2
      vertex 9.53083 5.29768 2
      vertex 71 2 2
    endloop
  endfacet
  facet normal 0 0 1
    outer loop
      vertex 9 2 2
      vertex 9.53083 5.29768 2
      vertex 9.44498 4.95498 2
    endloop
  endfacet
  facet normal 0 0 1
    outer loop
      vertex 9 2 2
      vertex 9.44498 4.95498 2
      vertex 9.32597 4.62234 2
    endloop
  endfacet
  facet normal 0 0 1
    outer loop
      vertex 9 2 2
      vertex 9.32597 4.62234 2
      vertex 9.17492 4.30297 2
    endloop
  endfacet
  facet normal 0 0 1
    outer loop
      vertex 9 2 2
      vertex 9.17492 4.30297 2
      vertex 9 3.85 2
    endloop
  endfacet
  facet normal 0 0 1
    outer loop
      vertex 9.53083 5.29768 2
      vertex 9 2 2
      vertex 71 2 2
    endloop
  endfacet
  facet normal -0.336879 0.941548 0
    outer loop
      vertex 77.3827 2.07611 7
      vertex 77.2903 2.04305 15.3
      vertex 77.3827 2.07611 15.3
    endloop
  endfacet
  facet normal -0.336879 0.941548 0
    outer loop
      vertex 77.2903 2.04305 15.3
      vertex 77.3827 2.07611 7
      vertex 77.2903 2.04305 7
    endloop
  endfacet
  facet normal -0.427622 0.903958 0
    outer loop
      vertex 77.4714 2.11807 7
      vertex 77.3827 2.07611 15.3
      vertex 77.4714 2.11807 15.3
    endloop
  endfacet
  facet normal -0.427622 0.903958 0
    outer loop
      vertex 77.3827 2.07611 15.3
      vertex 77.4714 2.11807 7
      vertex 77.3827 2.07611 7
    endloop
  endfacet
  facet normal -0.858032 -0.513596 0
    outer loop
      vertex 77.8819 38.0714 7
      vertex 77.8315 38.1556 15.3
      vertex 77.8315 38.1556 7
    endloop
  endfacet
  facet normal -0.858032 -0.513596 0
    outer loop
      vertex 77.8315 38.1556 15.3
      vertex 77.8819 38.0714 7
      vertex 77.8819 38.0714 15.3
    endloop
  endfacet
  facet normal 0.0490126 0.998798 -0
    outer loop
      vertex 3 2 7
      vertex 2.90198 2.00481 15.3
      vertex 3 2 15.3
    endloop
  endfacet
  facet normal 0.0490126 0.998798 0
    outer loop
      vertex 2.90198 2.00481 15.3
      vertex 3 2 7
      vertex 2.90198 2.00481 7
    endloop
  endfacet
  facet normal 0.336369 -0.94173 0
    outer loop
      vertex 2.61731 38.5239 7
      vertex 2.7097 38.5569 15.3
      vertex 2.61731 38.5239 15.3
    endloop
  endfacet
  facet normal 0.336369 -0.94173 0
    outer loop
      vertex 2.7097 38.5569 15.3
      vertex 2.61731 38.5239 7
      vertex 2.7097 38.5569 7
    endloop
  endfacet
  facet normal -0.803034 0.595934 0
    outer loop
      vertex 77.773 2.3656 7
      vertex 77.8315 2.44443 15.3
      vertex 77.8315 2.44443 7
    endloop
  endfacet
  facet normal -0.803034 0.595934 0
    outer loop
      vertex 77.8315 2.44443 15.3
      vertex 77.773 2.3656 7
      vertex 77.773 2.3656 15.3
    endloop
  endfacet
  facet normal -0.427955 -0.9038 0
    outer loop
      vertex 77.3827 38.5239 7
      vertex 77.4714 38.4819 15.3
      vertex 77.3827 38.5239 15.3
    endloop
  endfacet
  facet normal -0.427955 -0.9038 -0
    outer loop
      vertex 77.4714 38.4819 15.3
      vertex 77.3827 38.5239 7
      vertex 77.4714 38.4819 7
    endloop
  endfacet
  facet normal 0.242919 0.970047 -0
    outer loop
      vertex 2.8049 2.01921 7
      vertex 2.7097 2.04305 15.3
      vertex 2.8049 2.01921 15.3
    endloop
  endfacet
  facet normal 0.242919 0.970047 0
    outer loop
      vertex 2.7097 2.04305 15.3
      vertex 2.8049 2.01921 7
      vertex 2.7097 2.04305 7
    endloop
  endfacet
  facet normal -0.998803 0.048911 0
    outer loop
      vertex 77.9952 2.90198 7
      vertex 78 3 15.3
      vertex 78 3 7
    endloop
  endfacet
  facet normal -0.998803 0.048911 0
    outer loop
      vertex 78 3 15.3
      vertex 77.9952 2.90198 7
      vertex 77.9952 2.90198 15.3
    endloop
  endfacet
  facet normal -0.146696 -0.989182 0
    outer loop
      vertex 77.098 38.5952 7
      vertex 77.1951 38.5808 15.3
      vertex 77.098 38.5952 15.3
    endloop
  endfacet
  facet normal -0.146696 -0.989182 -0
    outer loop
      vertex 77.1951 38.5808 15.3
      vertex 77.098 38.5952 7
      vertex 77.1951 38.5808 7
    endloop
  endfacet
  facet normal 0.336911 0.941537 -0
    outer loop
      vertex 2.7097 2.04305 7
      vertex 2.61731 2.07611 15.3
      vertex 2.7097 2.04305 15.3
    endloop
  endfacet
  facet normal 0.336911 0.941537 0
    outer loop
      vertex 2.61731 2.07611 15.3
      vertex 2.7097 2.04305 7
      vertex 2.61731 2.07611 7
    endloop
  endfacet
  facet normal 0.803277 0.595605 0
    outer loop
      vertex 2.22697 2.3656 15.3
      vertex 2.16852 2.44443 7
      vertex 2.16852 2.44443 15.3
    endloop
  endfacet
  facet normal 0.803277 0.595605 0
    outer loop
      vertex 2.16852 2.44443 7
      vertex 2.22697 2.3656 15.3
      vertex 2.22697 2.3656 7
    endloop
  endfacet
  facet normal -0.513971 0.857807 0
    outer loop
      vertex 77.5556 2.16852 7
      vertex 77.4714 2.11807 15.3
      vertex 77.5556 2.16852 15.3
    endloop
  endfacet
  facet normal -0.513971 0.857807 0
    outer loop
      vertex 77.4714 2.11807 15.3
      vertex 77.5556 2.16852 7
      vertex 77.4714 2.11807 7
    endloop
  endfacet
  facet normal -0.969902 0.243494 0
    outer loop
      vertex 77.9569 2.7097 7
      vertex 77.9808 2.8049 15.3
      vertex 77.9808 2.8049 7
    endloop
  endfacet
  facet normal -0.969902 0.243494 0
    outer loop
      vertex 77.9808 2.8049 15.3
      vertex 77.9569 2.7097 7
      vertex 77.9569 2.7097 15.3
    endloop
  endfacet
  facet normal -0.740908 -0.671607 0
    outer loop
      vertex 77.773 38.2344 7
      vertex 77.7071 38.3071 15.3
      vertex 77.7071 38.3071 7
    endloop
  endfacet
  facet normal -0.740908 -0.671607 0
    outer loop
      vertex 77.7071 38.3071 15.3
      vertex 77.773 38.2344 7
      vertex 77.773 38.2344 15.3
    endloop
  endfacet
  facet normal -0.671607 -0.740908 0
    outer loop
      vertex 77.6344 38.373 7
      vertex 77.7071 38.3071 15.3
      vertex 77.6344 38.373 15.3
    endloop
  endfacet
  facet normal -0.671607 -0.740908 -0
    outer loop
      vertex 77.7071 38.3071 15.3
      vertex 77.6344 38.373 7
      vertex 77.7071 38.3071 7
    endloop
  endfacet
  facet normal -0.94173 0.336369 0
    outer loop
      vertex 77.9239 2.61731 7
      vertex 77.9569 2.7097 15.3
      vertex 77.9569 2.7097 7
    endloop
  endfacet
  facet normal -0.94173 0.336369 0
    outer loop
      vertex 77.9569 2.7097 15.3
      vertex 77.9239 2.61731 7
      vertex 77.9239 2.61731 15.3
    endloop
  endfacet
  facet normal 0.989182 -0.146696 0
    outer loop
      vertex 2.00481 37.698 15.3
      vertex 2.01921 37.7951 7
      vertex 2.01921 37.7951 15.3
    endloop
  endfacet
  facet normal 0.989182 -0.146696 0
    outer loop
      vertex 2.01921 37.7951 7
      vertex 2.00481 37.698 15.3
      vertex 2.00481 37.698 7
    endloop
  endfacet
  facet normal 0.740852 0.671668 0
    outer loop
      vertex 2.29289 2.29289 15.3
      vertex 2.22697 2.3656 7
      vertex 2.22697 2.3656 15.3
    endloop
  endfacet
  facet normal 0.740852 0.671668 0
    outer loop
      vertex 2.22697 2.3656 7
      vertex 2.29289 2.29289 15.3
      vertex 2.29289 2.29289 7
    endloop
  endfacet
  facet normal 0.941537 0.336911 0
    outer loop
      vertex 2.07611 2.61731 15.3
      vertex 2.04305 2.7097 7
      vertex 2.04305 2.7097 15.3
    endloop
  endfacet
  facet normal 0.941537 0.336911 0
    outer loop
      vertex 2.04305 2.7097 7
      vertex 2.07611 2.61731 15.3
      vertex 2.07611 2.61731 7
    endloop
  endfacet
  facet normal 0.595605 0.803277 -0
    outer loop
      vertex 2.44443 2.16852 7
      vertex 2.3656 2.22697 15.3
      vertex 2.44443 2.16852 15.3
    endloop
  endfacet
  facet normal 0.595605 0.803277 0
    outer loop
      vertex 2.3656 2.22697 15.3
      vertex 2.44443 2.16852 7
      vertex 2.3656 2.22697 7
    endloop
  endfacet
  facet normal 0.146726 0.989177 -0
    outer loop
      vertex 2.90198 2.00481 7
      vertex 2.8049 2.01921 15.3
      vertex 2.90198 2.00481 15.3
    endloop
  endfacet
  facet normal 0.146726 0.989177 0
    outer loop
      vertex 2.8049 2.01921 15.3
      vertex 2.90198 2.00481 7
      vertex 2.8049 2.01921 7
    endloop
  endfacet
  facet normal 0.98918 0.14671 0
    outer loop
      vertex 9.58266 6.35286 3
      vertex 9.53083 6.70232 2
      vertex 9.53083 6.70232 3
    endloop
  endfacet
  facet normal 0.98918 0.14671 0
    outer loop
      vertex 9.53083 6.70232 2
      vertex 9.58266 6.35286 3
      vertex 9.58266 6.35286 2
    endloop
  endfacet
  facet normal 0.998795 0.0490821 0
    outer loop
      vertex 9.6 6 3
      vertex 9.58266 6.35286 2
      vertex 9.58266 6.35286 3
    endloop
  endfacet
  facet normal 0.998795 0.0490821 0
    outer loop
      vertex 9.58266 6.35286 2
      vertex 9.6 6 3
      vertex 9.6 6 2
    endloop
  endfacet
  facet normal 0.970026 0.243002 0
    outer loop
      vertex 9.53083 6.70232 3
      vertex 9.44498 7.04502 2
      vertex 9.44498 7.04502 3
    endloop
  endfacet
  facet normal 0.970026 0.243002 0
    outer loop
      vertex 9.44498 7.04502 2
      vertex 9.53083 6.70232 3
      vertex 9.53083 6.70232 2
    endloop
  endfacet
  facet normal 0.998795 -0.0490821 0
    outer loop
      vertex 9.58266 5.64714 3
      vertex 9.6 6 2
      vertex 9.6 6 3
    endloop
  endfacet
  facet normal 0.998795 -0.0490821 0
    outer loop
      vertex 9.6 6 2
      vertex 9.58266 5.64714 3
      vertex 9.58266 5.64714 2
    endloop
  endfacet
  facet normal 0.941553 -0.336864 0
    outer loop
      vertex 9.32597 4.62234 3
      vertex 9.44498 4.95498 2
      vertex 9.44498 4.95498 3
    endloop
  endfacet
  facet normal 0.941553 -0.336864 0
    outer loop
      vertex 9.44498 4.95498 2
      vertex 9.32597 4.62234 3
      vertex 9.32597 4.62234 2
    endloop
  endfacet
  facet normal -0.336864 0.941553 0
    outer loop
      vertex 4.95498 9.44498 2
      vertex 4.62234 9.32597 4.8
      vertex 4.95498 9.44498 4.8
    endloop
  endfacet
  facet normal -0.336864 0.941553 0
    outer loop
      vertex 4.62234 9.32597 4.8
      vertex 4.95498 9.44498 2
      vertex 4.62234 9.32597 2
    endloop
  endfacet
  facet normal 0.740931 0.671582 0
    outer loop
      vertex 8.78284 8.28382 4.8
      vertex 8.54558 8.54558 2
      vertex 8.54558 8.54558 4.8
    endloop
  endfacet
  facet normal 0.740931 0.671582 0
    outer loop
      vertex 8.54558 8.54558 2
      vertex 8.78284 8.28382 4.8
      vertex 8.78284 8.28382 2
    endloop
  endfacet
  facet normal -0.243002 0.970026 0
    outer loop
      vertex 5.29768 9.53083 2
      vertex 4.95498 9.44498 4.8
      vertex 5.29768 9.53083 4.8
    endloop
  endfacet
  facet normal -0.243002 0.970026 0
    outer loop
      vertex 4.95498 9.44498 4.8
      vertex 5.29768 9.53083 2
      vertex 4.95498 9.44498 2
    endloop
  endfacet
  facet normal 0.90399 -0.427553 0
    outer loop
      vertex 9.17492 4.30297 3
      vertex 9.32597 4.62234 2
      vertex 9.32597 4.62234 3
    endloop
  endfacet
  facet normal 0.90399 -0.427553 0
    outer loop
      vertex 9.32597 4.62234 2
      vertex 9.17492 4.30297 3
      vertex 9.17492 4.30297 2
    endloop
  endfacet
  facet normal 0.98918 -0.14671 0
    outer loop
      vertex 9.53083 5.29768 3
      vertex 9.58266 5.64714 2
      vertex 9.58266 5.64714 3
    endloop
  endfacet
  facet normal 0.98918 -0.14671 0
    outer loop
      vertex 9.58266 5.64714 2
      vertex 9.53083 5.29768 3
      vertex 9.53083 5.29768 2
    endloop
  endfacet
  facet normal 0.14671 0.98918 -0
    outer loop
      vertex 6.70232 9.53083 2
      vertex 6.35286 9.58266 4.8
      vertex 6.70232 9.53083 4.8
    endloop
  endfacet
  facet normal 0.14671 0.98918 0
    outer loop
      vertex 6.35286 9.58266 4.8
      vertex 6.70232 9.53083 2
      vertex 6.35286 9.58266 2
    endloop
  endfacet
  facet normal 0.90399 0.427553 0
    outer loop
      vertex 9.32597 7.37766 3
      vertex 9.17492 7.69703 2
      vertex 9.17492 7.69703 3
    endloop
  endfacet
  facet normal 0.90399 0.427553 0
    outer loop
      vertex 9.17492 7.69703 2
      vertex 9.32597 7.37766 3
      vertex 9.32597 7.37766 2
    endloop
  endfacet
  facet normal 0.803231 0.595667 -0
    outer loop
      vertex 8.845 8.2 3
      vertex 8.78284 8.28382 4.8
      vertex 8.845 8.2 4.8
    endloop
  endfacet
  facet normal 0 0 -1
    outer loop
      vertex 8.99329 8.00005 4.8
      vertex 8.845 8.2 4.8
      vertex 8.78284 8.28382 4.8
    endloop
  endfacet
  facet normal 0.803231 0.595667 0
    outer loop
      vertex 8.78284 8.28382 4.8
      vertex 8.845 8.2 3
      vertex 8.78284 8.28382 2
    endloop
  endfacet
  facet normal 0.803213 0.595691 -0
    outer loop
      vertex 8.99329 8.00005 2
      vertex 8.845 8.2 3
      vertex 8.99329 8.00005 3
    endloop
  endfacet
  facet normal 0.803219 0.595684 2.19592e-06
    outer loop
      vertex 8.845 8.2 3
      vertex 8.99329 8.00005 2
      vertex 8.78284 8.28382 2
    endloop
  endfacet
  facet normal 0.803209 -0.595698 0
    outer loop
      vertex 8.88208 3.85 3
      vertex 8.99329 3.99995 2
      vertex 8.99329 3.99995 3
    endloop
  endfacet
  facet normal 0.803209 -0.595698 0
    outer loop
      vertex 8.99329 3.99995 2
      vertex 8.88208 3.85 3
      vertex 8.88208 3.85 2
    endloop
  endfacet
  facet normal 0.427553 0.90399 -0
    outer loop
      vertex 7.69703 9.17492 2
      vertex 7.37766 9.32597 4.8
      vertex 7.69703 9.17492 4.8
    endloop
  endfacet
  facet normal 0.427553 0.90399 0
    outer loop
      vertex 7.37766 9.32597 4.8
      vertex 7.69703 9.17492 2
      vertex 7.37766 9.32597 2
    endloop
  endfacet
  facet normal -0.595698 0.803209 0
    outer loop
      vertex 3.99995 8.99329 2
      vertex 3.85 8.88208 4.8
      vertex 3.99995 8.99329 4.8
    endloop
  endfacet
  facet normal -0.595698 0.803209 0
    outer loop
      vertex 3.85 8.88208 4.8
      vertex 3.99995 8.99329 2
      vertex 3.85 8.88208 2
    endloop
  endfacet
  facet normal 0.514117 0.85772 -0
    outer loop
      vertex 8.00005 8.99329 2
      vertex 7.69703 9.17492 4.8
      vertex 8.00005 8.99329 4.8
    endloop
  endfacet
  facet normal 0.514117 0.85772 0
    outer loop
      vertex 7.69703 9.17492 4.8
      vertex 8.00005 8.99329 2
      vertex 7.69703 9.17492 2
    endloop
  endfacet
  facet normal 0.941553 0.336864 0
    outer loop
      vertex 9.44498 7.04502 3
      vertex 9.32597 7.37766 2
      vertex 9.32597 7.37766 3
    endloop
  endfacet
  facet normal 0.941553 0.336864 0
    outer loop
      vertex 9.32597 7.37766 2
      vertex 9.44498 7.04502 3
      vertex 9.44498 7.04502 2
    endloop
  endfacet
  facet normal -0.514117 0.85772 0
    outer loop
      vertex 4.30297 9.17492 2
      vertex 3.99995 8.99329 4.8
      vertex 4.30297 9.17492 4.8
    endloop
  endfacet
  facet normal -0.514117 0.85772 0
    outer loop
      vertex 3.99995 8.99329 4.8
      vertex 4.30297 9.17492 2
      vertex 3.99995 8.99329 2
    endloop
  endfacet
  facet normal 0.595684 0.803219 -0
    outer loop
      vertex 8.28382 8.78284 2
      vertex 8.00005 8.99329 4.8
      vertex 8.28382 8.78284 4.8
    endloop
  endfacet
  facet normal 0.595684 0.803219 0
    outer loop
      vertex 8.00005 8.99329 4.8
      vertex 8.28382 8.78284 2
      vertex 8.00005 8.99329 2
    endloop
  endfacet
  facet normal 0.336864 0.941553 -0
    outer loop
      vertex 7.37766 9.32597 2
      vertex 7.04502 9.44498 4.8
      vertex 7.37766 9.32597 4.8
    endloop
  endfacet
  facet normal 0.336864 0.941553 0
    outer loop
      vertex 7.04502 9.44498 4.8
      vertex 7.37766 9.32597 2
      vertex 7.04502 9.44498 2
    endloop
  endfacet
  facet normal 0.671582 0.740931 -0
    outer loop
      vertex 8.54558 8.54558 2
      vertex 8.28382 8.78284 4.8
      vertex 8.54558 8.54558 4.8
    endloop
  endfacet
  facet normal 0.671582 0.740931 0
    outer loop
      vertex 8.28382 8.78284 4.8
      vertex 8.54558 8.54558 2
      vertex 8.28382 8.78284 2
    endloop
  endfacet
  facet normal -0.14671 0.98918 0
    outer loop
      vertex 5.64714 9.58266 2
      vertex 5.29768 9.53083 4.8
      vertex 5.64714 9.58266 4.8
    endloop
  endfacet
  facet normal -0.14671 0.98918 0
    outer loop
      vertex 5.29768 9.53083 4.8
      vertex 5.64714 9.58266 2
      vertex 5.29768 9.53083 2
    endloop
  endfacet
  facet normal 0.970026 -0.243002 0
    outer loop
      vertex 9.44498 4.95498 3
      vertex 9.53083 5.29768 2
      vertex 9.53083 5.29768 3
    endloop
  endfacet
  facet normal 0.970026 -0.243002 0
    outer loop
      vertex 9.53083 5.29768 2
      vertex 9.44498 4.95498 3
      vertex 9.44498 4.95498 2
    endloop
  endfacet
  facet normal -0.427553 0.90399 0
    outer loop
      vertex 4.62234 9.32597 2
      vertex 4.30297 9.17492 4.8
      vertex 4.62234 9.32597 4.8
    endloop
  endfacet
  facet normal -0.427553 0.90399 0
    outer loop
      vertex 4.30297 9.17492 4.8
      vertex 4.62234 9.32597 2
      vertex 4.30297 9.17492 2
    endloop
  endfacet
  facet normal 0.0490821 0.998795 -0
    outer loop
      vertex 6.35286 9.58266 2
      vertex 6 9.6 4.8
      vertex 6.35286 9.58266 4.8
    endloop
  endfacet
  facet normal 0.0490821 0.998795 0
    outer loop
      vertex 6 9.6 4.8
      vertex 6.35286 9.58266 2
      vertex 6 9.6 2
    endloop
  endfacet
  facet normal 0.85772 0.514117 0
    outer loop
      vertex 9.17492 7.69703 3
      vertex 8.99329 8.00005 2
      vertex 8.99329 8.00005 3
    endloop
  endfacet
  facet normal 0.85772 0.514117 0
    outer loop
      vertex 8.99329 8.00005 2
      vertex 9.17492 7.69703 3
      vertex 9.17492 7.69703 2
    endloop
  endfacet
  facet normal 0.85772 -0.514117 0
    outer loop
      vertex 8.99329 3.99995 3
      vertex 9.17492 4.30297 2
      vertex 9.17492 4.30297 3
    endloop
  endfacet
  facet normal 0.85772 -0.514117 0
    outer loop
      vertex 9.17492 4.30297 2
      vertex 8.99329 3.99995 3
      vertex 8.99329 3.99995 2
    endloop
  endfacet
  facet normal 0.243002 0.970026 -0
    outer loop
      vertex 7.04502 9.44498 2
      vertex 6.70232 9.53083 4.8
      vertex 7.04502 9.44498 4.8
    endloop
  endfacet
  facet normal 0.243002 0.970026 0
    outer loop
      vertex 6.70232 9.53083 4.8
      vertex 7.04502 9.44498 2
      vertex 6.70232 9.53083 2
    endloop
  endfacet
  facet normal -0.0490821 0.998795 0
    outer loop
      vertex 6 9.6 2
      vertex 5.64714 9.58266 4.8
      vertex 6 9.6 4.8
    endloop
  endfacet
  facet normal -0.0490821 0.998795 0
    outer loop
      vertex 5.64714 9.58266 4.8
      vertex 6 9.6 2
      vertex 5.64714 9.58266 2
    endloop
  endfacet
  facet normal 0.736671 0.036201 0.675282
    outer loop
      vertex 9.58266 6.35286 4.8
      vertex 8.5 6 6
      vertex 9.6 6 4.8
    endloop
  endfacet
  facet normal 0.179229 0.715453 0.675281
    outer loop
      vertex 7.04502 9.44498 4.8
      vertex 6.70232 9.53083 4.8
      vertex 6.72571 8.39235 6
    endloop
  endfacet
  facet normal -0.495316 0.546497 0.67528
    outer loop
      vertex 3.85 8.51962 5.11117
      vertex 3.85 8.15 5.4103
      vertex 4.23223 7.76777 6
    endloop
  endfacet
  facet normal 0.592422 0.439353 0.675282
    outer loop
      vertex 8.78284 8.28382 4.8
      vertex 8.07867 7.38893 6
      vertex 8.99329 8.00005 4.8
    endloop
  endfacet
  facet normal -0.592416 -0.439359 0.675282
    outer loop
      vertex 3.85 4.52043 5.87845
      vertex 4.06747 4.41402 6
      vertex 3.92133 4.61107 6
    endloop
  endfacet
  facet normal -0.592417 -0.439362 0.67528
    outer loop
      vertex 4.06747 4.41402 6
      vertex 3.85 4.52043 5.87845
      vertex 3.85 4.23554 5.69309
    endloop
  endfacet
  facet normal 0.729575 0.108223 0.675284
    outer loop
      vertex 9.53083 6.70232 4.8
      vertex 8.45196 6.48773 6
      vertex 8.48796 6.24504 6
    endloop
  endfacet
  facet normal 0.72958 -0.108207 0.675281
    outer loop
      vertex 9.58266 5.64714 4.8
      vertex 8.48796 5.75496 6
      vertex 9.53083 5.29768 4.8
    endloop
  endfacet
  facet normal 0.546502 0.495306 0.675284
    outer loop
      vertex 8.78284 8.28382 4.8
      vertex 7.76777 7.76777 6
      vertex 7.93253 7.58598 6
    endloop
  endfacet
  facet normal -0.0361962 0.736672 0.675281
    outer loop
      vertex 6 8.5 6
      vertex 5.64714 9.58266 4.8
      vertex 5.75496 8.48796 6
    endloop
  endfacet
  facet normal 0.036201 0.736671 0.675282
    outer loop
      vertex 6 9.6 4.8
      vertex 6 8.5 6
      vertex 6.35286 9.58266 4.8
    endloop
  endfacet
  facet normal 0.694448 0.248468 0.675282
    outer loop
      vertex 9.32597 7.37766 4.8
      vertex 8.3097 6.95671 6
      vertex 8.39235 6.72571 6
    endloop
  endfacet
  facet normal 0.632628 0.379174 0.675285
    outer loop
      vertex 9.17492 7.69703 4.8
      vertex 8.07867 7.38893 6
      vertex 8.2048 7.17849 6
    endloop
  endfacet
  facet normal 0.108207 0.72958 0.675281
    outer loop
      vertex 6.35286 9.58266 4.8
      vertex 6.24504 8.48796 6
      vertex 6.70232 9.53083 4.8
    endloop
  endfacet
  facet normal 0.546483 0.495333 0.675279
    outer loop
      vertex 8.54558 8.54558 4.8
      vertex 7.76777 7.76777 6
      vertex 8.78284 8.28382 4.8
    endloop
  endfacet
  facet normal -0.439359 -0.592416 0.675282
    outer loop
      vertex 4.41402 4.06747 6
      vertex 4.52043 3.85 5.87845
      vertex 4.61107 3.92133 6
    endloop
  endfacet
  facet normal -0.439362 -0.592417 0.67528
    outer loop
      vertex 4.52043 3.85 5.87845
      vertex 4.41402 4.06747 6
      vertex 4.23554 3.85 5.69309
    endloop
  endfacet
  facet normal 0.37918 -0.63264 0.675269
    outer loop
      vertex 7.38893 3.92133 6
      vertex 7.26992 3.85 6
      vertex 7.40897 3.85 5.92192
    endloop
  endfacet
  facet normal 0.736671 -0.036201 0.675282
    outer loop
      vertex 9.6 6 4.8
      vertex 8.5 6 6
      vertex 9.58266 5.64714 4.8
    endloop
  endfacet
  facet normal 0.592416 0.439359 0.675283
    outer loop
      vertex 8.78284 8.28382 4.8
      vertex 7.93253 7.58598 6
      vertex 8.07867 7.38893 6
    endloop
  endfacet
  facet normal 0.379192 0.63262 0.675282
    outer loop
      vertex 7.69703 9.17492 4.8
      vertex 7.38893 8.07867 6
      vertex 8.00005 8.99329 4.8
    endloop
  endfacet
  facet normal -0.379192 0.63262 0.675282
    outer loop
      vertex 4.30297 9.17492 4.8
      vertex 3.99995 8.99329 4.8
      vertex 4.61107 8.07867 6
    endloop
  endfacet
  facet normal -0.379174 0.632628 0.675285
    outer loop
      vertex 4.82151 8.2048 6
      vertex 4.30297 9.17492 4.8
      vertex 4.61107 8.07867 6
    endloop
  endfacet
  facet normal -0.036201 0.736671 0.675282
    outer loop
      vertex 6 9.6 4.8
      vertex 5.64714 9.58266 4.8
      vertex 6 8.5 6
    endloop
  endfacet
  facet normal 0.715455 -0.17921 0.675283
    outer loop
      vertex 8.45196 5.51227 6
      vertex 8.39235 5.27429 6
      vertex 9.53083 5.29768 4.8
    endloop
  endfacet
  facet normal -0.632677 -0.379097 0.675281
    outer loop
      vertex 3.85 4.59103 5.92192
      vertex 3.85 4.56342 5.90642
      vertex 3.92133 4.61107 6
    endloop
  endfacet
  facet normal -0.17921 0.715455 0.675283
    outer loop
      vertex 5.29768 9.53083 4.8
      vertex 5.27429 8.39235 6
      vertex 5.51227 8.45196 6
    endloop
  endfacet
  facet normal -0.495307 -0.546503 0.675281
    outer loop
      vertex 4.23223 4.23223 6
      vertex 4.23554 3.85 5.69309
      vertex 4.41402 4.06747 6
    endloop
  endfacet
  facet normal -0.495312 -0.546502 0.675279
    outer loop
      vertex 4.23554 3.85 5.69309
      vertex 4.23223 4.23223 6
      vertex 4.03791 3.85 5.54813
    endloop
  endfacet
  facet normal 0.666746 0.315346 0.675283
    outer loop
      vertex 9.17492 7.69703 4.8
      vertex 8.3097 6.95671 6
      vertex 9.32597 7.37766 4.8
    endloop
  endfacet
  facet normal 0.694448 -0.248468 0.675282
    outer loop
      vertex 8.39235 5.27429 6
      vertex 8.3097 5.04329 6
      vertex 9.32597 4.62234 4.8
    endloop
  endfacet
  facet normal 0.0361962 0.736672 0.675281
    outer loop
      vertex 6.35286 9.58266 4.8
      vertex 6 8.5 6
      vertex 6.24504 8.48796 6
    endloop
  endfacet
  facet normal 0.736672 -0.0361962 0.675281
    outer loop
      vertex 8.5 6 6
      vertex 8.48796 5.75496 6
      vertex 9.58266 5.64714 4.8
    endloop
  endfacet
  facet normal 0.315346 0.666746 0.675283
    outer loop
      vertex 7.37766 9.32597 4.8
      vertex 6.95671 8.3097 6
      vertex 7.69703 9.17492 4.8
    endloop
  endfacet
  facet normal 0.379097 -0.632677 0.675281
    outer loop
      vertex 7.43658 3.85 5.90642
      vertex 7.38893 3.92133 6
      vertex 7.40897 3.85 5.92192
    endloop
  endfacet
  facet normal 0.248468 0.694448 0.675282
    outer loop
      vertex 7.37766 9.32597 4.8
      vertex 6.72571 8.39235 6
      vertex 6.95671 8.3097 6
    endloop
  endfacet
  facet normal 0.439359 0.592416 0.675283
    outer loop
      vertex 8.28382 8.78284 4.8
      vertex 7.38893 8.07867 6
      vertex 7.58598 7.93253 6
    endloop
  endfacet
  facet normal -0.49531 -0.546503 0.675279
    outer loop
      vertex 4.23223 4.23223 6
      vertex 3.85 3.85 5.4103
      vertex 4.03791 3.85 5.54813
    endloop
  endfacet
  facet normal -0.546503 0.49531 0.675279
    outer loop
      vertex 3.85 8.15 5.4103
      vertex 3.85 7.96209 5.54813
      vertex 4.23223 7.76777 6
    endloop
  endfacet
  facet normal 0.49531 -0.546503 0.675279
    outer loop
      vertex 8.15 3.85 5.4103
      vertex 7.76777 4.23223 6
      vertex 7.96209 3.85 5.54813
    endloop
  endfacet
  facet normal -0.179229 0.715453 0.675281
    outer loop
      vertex 5.29768 9.53083 4.8
      vertex 4.95498 9.44498 4.8
      vertex 5.27429 8.39235 6
    endloop
  endfacet
  facet normal 0.715453 -0.179229 0.675281
    outer loop
      vertex 9.53083 5.29768 4.8
      vertex 8.39235 5.27429 6
      vertex 9.44498 4.95498 4.8
    endloop
  endfacet
  facet normal 0.495333 0.546483 0.675279
    outer loop
      vertex 8.28382 8.78284 4.8
      vertex 7.76777 7.76777 6
      vertex 8.54558 8.54558 4.8
    endloop
  endfacet
  facet normal -0.546502 0.495312 0.675279
    outer loop
      vertex 3.85 7.76446 5.69309
      vertex 4.23223 7.76777 6
      vertex 3.85 7.96209 5.54813
    endloop
  endfacet
  facet normal -0.546503 0.495307 0.675281
    outer loop
      vertex 4.23223 7.76777 6
      vertex 3.85 7.76446 5.69309
      vertex 4.06747 7.58598 6
    endloop
  endfacet
  facet normal -0.108207 0.72958 0.675281
    outer loop
      vertex 5.64714 9.58266 4.8
      vertex 5.29768 9.53083 4.8
      vertex 5.75496 8.48796 6
    endloop
  endfacet
  facet normal -0.248457 0.694453 0.675281
    outer loop
      vertex 4.95498 9.44498 4.8
      vertex 4.62234 9.32597 4.8
      vertex 5.27429 8.39235 6
    endloop
  endfacet
  facet normal 0.248457 0.694453 0.675281
    outer loop
      vertex 7.04502 9.44498 4.8
      vertex 6.72571 8.39235 6
      vertex 7.37766 9.32597 4.8
    endloop
  endfacet
  facet normal 0.592415 -0.439363 0.675282
    outer loop
      vertex 8.99329 3.99995 4.8
      vertex 8.67754 3.85 4.97944
      vertex 8.88208 3.85 4.8
    endloop
  endfacet
  facet normal 0.592415 -0.439363 0.675281
    outer loop
      vertex 8.67754 3.85 4.97944
      vertex 8.99329 3.99995 4.8
      vertex 8.07867 4.61107 6
    endloop
  endfacet
  facet normal 0.694453 0.248457 0.675281
    outer loop
      vertex 9.32597 7.37766 4.8
      vertex 8.39235 6.72571 6
      vertex 9.44498 7.04502 4.8
    endloop
  endfacet
  facet normal 0.63262 0.379192 0.675282
    outer loop
      vertex 8.99329 8.00005 4.8
      vertex 8.07867 7.38893 6
      vertex 9.17492 7.69703 4.8
    endloop
  endfacet
  facet normal 0.694453 -0.248457 0.675281
    outer loop
      vertex 9.44498 4.95498 4.8
      vertex 8.39235 5.27429 6
      vertex 9.32597 4.62234 4.8
    endloop
  endfacet
  facet normal -0.546503 -0.49531 0.675279
    outer loop
      vertex 3.85 4.03791 5.54813
      vertex 3.85 3.85 5.4103
      vertex 4.23223 4.23223 6
    endloop
  endfacet
  facet normal -0.315361 0.666737 0.675285
    outer loop
      vertex 5.04329 8.3097 6
      vertex 4.30297 9.17492 4.8
      vertex 4.82151 8.2048 6
    endloop
  endfacet
  facet normal -0.495302 0.546508 0.675281
    outer loop
      vertex 3.85 8.51962 5.11117
      vertex 4.41402 7.93253 6
      vertex 3.85 8.61978 5.03011
    endloop
  endfacet
  facet normal -0.495307 0.546504 0.675281
    outer loop
      vertex 4.41402 7.93253 6
      vertex 3.85 8.51962 5.11117
      vertex 4.23223 7.76777 6
    endloop
  endfacet
  facet normal 0.666737 0.315361 0.675285
    outer loop
      vertex 9.17492 7.69703 4.8
      vertex 8.2048 7.17849 6
      vertex 8.3097 6.95671 6
    endloop
  endfacet
  facet normal 0.495312 -0.546502 0.675279
    outer loop
      vertex 7.76777 4.23223 6
      vertex 7.76446 3.85 5.69309
      vertex 7.96209 3.85 5.54813
    endloop
  endfacet
  facet normal 0.495307 -0.546503 0.675281
    outer loop
      vertex 7.76446 3.85 5.69309
      vertex 7.76777 4.23223 6
      vertex 7.58598 4.06747 6
    endloop
  endfacet
  facet normal 0.715453 0.179229 0.675281
    outer loop
      vertex 9.44498 7.04502 4.8
      vertex 8.39235 6.72571 6
      vertex 9.53083 6.70232 4.8
    endloop
  endfacet
  facet normal 0.729575 -0.108223 0.675284
    outer loop
      vertex 8.48796 5.75496 6
      vertex 8.45196 5.51227 6
      vertex 9.53083 5.29768 4.8
    endloop
  endfacet
  facet normal 0.63262 -0.379192 0.675282
    outer loop
      vertex 9.17492 4.30297 4.8
      vertex 8.07867 4.61107 6
      vertex 8.99329 3.99995 4.8
    endloop
  endfacet
  facet normal 0.439353 0.592422 0.675282
    outer loop
      vertex 8.00005 8.99329 4.8
      vertex 7.38893 8.07867 6
      vertex 8.28382 8.78284 4.8
    endloop
  endfacet
  facet normal 0.592395 -0.439384 0.675285
    outer loop
      vertex 8.07867 4.61107 6
      vertex 8.61978 3.85 5.03011
      vertex 8.67754 3.85 4.97944
    endloop
  endfacet
  facet normal 0.592418 -0.43936 0.67528
    outer loop
      vertex 8.61978 3.85 5.03011
      vertex 8.07867 4.61107 6
      vertex 7.93253 4.41402 6
    endloop
  endfacet
  facet normal 0.715455 0.17921 0.675283
    outer loop
      vertex 9.53083 6.70232 4.8
      vertex 8.39235 6.72571 6
      vertex 8.45196 6.48773 6
    endloop
  endfacet
  facet normal -0.632677 0.379097 0.675281
    outer loop
      vertex 3.85 7.43658 5.90642
      vertex 3.85 7.40897 5.92192
      vertex 3.92133 7.38893 6
    endloop
  endfacet
  facet normal 0.17921 0.715455 0.675283
    outer loop
      vertex 6.70232 9.53083 4.8
      vertex 6.48773 8.45196 6
      vertex 6.72571 8.39235 6
    endloop
  endfacet
  facet normal 0.546497 -0.495316 0.67528
    outer loop
      vertex 8.51962 3.85 5.11117
      vertex 7.76777 4.23223 6
      vertex 8.15 3.85 5.4103
    endloop
  endfacet
  facet normal -0.315346 0.666746 0.675283
    outer loop
      vertex 4.62234 9.32597 4.8
      vertex 4.30297 9.17492 4.8
      vertex 5.04329 8.3097 6
    endloop
  endfacet
  facet normal -0.592427 0.439349 0.67528
    outer loop
      vertex 3.85 7.47957 5.87845
      vertex 3.85 7.43658 5.90642
      vertex 3.92133 7.38893 6
    endloop
  endfacet
  facet normal -0.546503 -0.495307 0.675281
    outer loop
      vertex 3.85 4.23554 5.69309
      vertex 4.23223 4.23223 6
      vertex 4.06747 4.41402 6
    endloop
  endfacet
  facet normal -0.546502 -0.495312 0.675279
    outer loop
      vertex 4.23223 4.23223 6
      vertex 3.85 4.23554 5.69309
      vertex 3.85 4.03791 5.54813
    endloop
  endfacet
  facet normal 0.736672 0.0361962 0.675281
    outer loop
      vertex 9.58266 6.35286 4.8
      vertex 8.48796 6.24504 6
      vertex 8.5 6 6
    endloop
  endfacet
  facet normal -0.592417 0.439362 0.67528
    outer loop
      vertex 3.85 7.47957 5.87845
      vertex 4.06747 7.58598 6
      vertex 3.85 7.76446 5.69309
    endloop
  endfacet
  facet normal -0.592416 0.439359 0.675282
    outer loop
      vertex 4.06747 7.58598 6
      vertex 3.85 7.47957 5.87845
      vertex 3.92133 7.38893 6
    endloop
  endfacet
  facet normal 0.379174 0.632628 0.675285
    outer loop
      vertex 7.69703 9.17492 4.8
      vertex 7.17849 8.2048 6
      vertex 7.38893 8.07867 6
    endloop
  endfacet
  facet normal 0.546508 -0.495302 0.675281
    outer loop
      vertex 7.93253 4.41402 6
      vertex 8.51962 3.85 5.11117
      vertex 8.61978 3.85 5.03011
    endloop
  endfacet
  facet normal 0.546504 -0.495307 0.675281
    outer loop
      vertex 8.51962 3.85 5.11117
      vertex 7.93253 4.41402 6
      vertex 7.76777 4.23223 6
    endloop
  endfacet
  facet normal 0.108223 0.729575 0.675284
    outer loop
      vertex 6.70232 9.53083 4.8
      vertex 6.24504 8.48796 6
      vertex 6.48773 8.45196 6
    endloop
  endfacet
  facet normal -0.592427 -0.439349 0.67528
    outer loop
      vertex 3.85 4.56342 5.90642
      vertex 3.85 4.52043 5.87845
      vertex 3.92133 4.61107 6
    endloop
  endfacet
  facet normal -0.248468 0.694448 0.675282
    outer loop
      vertex 5.27429 8.39235 6
      vertex 4.62234 9.32597 4.8
      vertex 5.04329 8.3097 6
    endloop
  endfacet
  facet normal 0.666737 -0.315361 0.675285
    outer loop
      vertex 8.3097 5.04329 6
      vertex 8.2048 4.82151 6
      vertex 9.17492 4.30297 4.8
    endloop
  endfacet
  facet normal -0.108223 0.729575 0.675284
    outer loop
      vertex 5.75496 8.48796 6
      vertex 5.29768 9.53083 4.8
      vertex 5.51227 8.45196 6
    endloop
  endfacet
  facet normal -0.439363 0.592415 0.675282
    outer loop
      vertex 3.85 8.67754 4.97944
      vertex 3.99995 8.99329 4.8
      vertex 3.85 8.88208 4.8
    endloop
  endfacet
  facet normal -0.439363 0.592415 0.675281
    outer loop
      vertex 3.99995 8.99329 4.8
      vertex 3.85 8.67754 4.97944
      vertex 4.61107 8.07867 6
    endloop
  endfacet
  facet normal 0.666746 -0.315346 0.675283
    outer loop
      vertex 9.32597 4.62234 4.8
      vertex 8.3097 5.04329 6
      vertex 9.17492 4.30297 4.8
    endloop
  endfacet
  facet normal 0.72958 0.108207 0.675281
    outer loop
      vertex 9.53083 6.70232 4.8
      vertex 8.48796 6.24504 6
      vertex 9.58266 6.35286 4.8
    endloop
  endfacet
  facet normal -0.63264 0.37918 0.675269
    outer loop
      vertex 3.85 7.40897 5.92192
      vertex 3.85 7.26992 6
      vertex 3.92133 7.38893 6
    endloop
  endfacet
  facet normal 0.632628 -0.379174 0.675285
    outer loop
      vertex 8.2048 4.82151 6
      vertex 8.07867 4.61107 6
      vertex 9.17492 4.30297 4.8
    endloop
  endfacet
  facet normal -0.63264 -0.37918 0.675269
    outer loop
      vertex 3.85 4.73008 6
      vertex 3.85 4.59103 5.92192
      vertex 3.92133 4.61107 6
    endloop
  endfacet
  facet normal -0.439384 0.592395 0.675285
    outer loop
      vertex 3.85 8.61978 5.03011
      vertex 4.61107 8.07867 6
      vertex 3.85 8.67754 4.97944
    endloop
  endfacet
  facet normal -0.43936 0.592418 0.67528
    outer loop
      vertex 4.61107 8.07867 6
      vertex 3.85 8.61978 5.03011
      vertex 4.41402 7.93253 6
    endloop
  endfacet
  facet normal -0.379097 -0.632677 0.675281
    outer loop
      vertex 4.61107 3.92133 6
      vertex 4.56342 3.85 5.90642
      vertex 4.59103 3.85 5.92192
    endloop
  endfacet
  facet normal 0.315361 0.666737 0.675285
    outer loop
      vertex 7.69703 9.17492 4.8
      vertex 6.95671 8.3097 6
      vertex 7.17849 8.2048 6
    endloop
  endfacet
  facet normal 0 0 1
    outer loop
      vertex 7.2 6 6
      vertex 8.5 6 6
      vertex 8.48796 6.24504 6
    endloop
  endfacet
  facet normal 0 0 1
    outer loop
      vertex 7.19422 6.11762 6
      vertex 8.48796 6.24504 6
      vertex 8.45196 6.48773 6
    endloop
  endfacet
  facet normal 0 0 1
    outer loop
      vertex 8.5 6 6
      vertex 7.2 6 6
      vertex 8.48796 5.75496 6
    endloop
  endfacet
  facet normal 0 0 1
    outer loop
      vertex 7.17694 6.23411 6
      vertex 8.45196 6.48773 6
      vertex 8.39235 6.72571 6
    endloop
  endfacet
  facet normal -0 0 1
    outer loop
      vertex 7.19422 5.88238 6
      vertex 8.48796 5.75496 6
      vertex 7.2 6 6
    endloop
  endfacet
  facet normal 0 0 1
    outer loop
      vertex 7.14833 6.34834 6
      vertex 8.39235 6.72571 6
      vertex 8.3097 6.95671 6
    endloop
  endfacet
  facet normal 0 0 1
    outer loop
      vertex 8.48796 5.75496 6
      vertex 7.19422 5.88238 6
      vertex 8.45196 5.51227 6
    endloop
  endfacet
  facet normal 0 0 1
    outer loop
      vertex 7.10865 6.45922 6
      vertex 8.3097 6.95671 6
      vertex 8.2048 7.17849 6
    endloop
  endfacet
  facet normal -0 0 1
    outer loop
      vertex 7.17694 5.76589 6
      vertex 8.45196 5.51227 6
      vertex 7.19422 5.88238 6
    endloop
  endfacet
  facet normal 0 0 1
    outer loop
      vertex 7.0583 6.56568 6
      vertex 8.2048 7.17849 6
      vertex 8.07867 7.38893 6
    endloop
  endfacet
  facet normal 0 0 1
    outer loop
      vertex 8.45196 5.51227 6
      vertex 7.17694 5.76589 6
      vertex 8.39235 5.27429 6
    endloop
  endfacet
  facet normal 0 0 1
    outer loop
      vertex 6.99776 6.66668 6
      vertex 8.07867 7.38893 6
      vertex 7.93253 7.58598 6
    endloop
  endfacet
  facet normal -0 0 1
    outer loop
      vertex 7.14833 5.65166 6
      vertex 8.39235 5.27429 6
      vertex 7.17694 5.76589 6
    endloop
  endfacet
  facet normal 0 0 1
    outer loop
      vertex 6.92761 6.76127 6
      vertex 7.93253 7.58598 6
      vertex 7.76777 7.76777 6
    endloop
  endfacet
  facet normal 0 0 1
    outer loop
      vertex 8.39235 5.27429 6
      vertex 7.14833 5.65166 6
      vertex 8.3097 5.04329 6
    endloop
  endfacet
  facet normal 0 0 1
    outer loop
      vertex 6.84853 6.84853 6
      vertex 7.76777 7.76777 6
      vertex 7.58598 7.93253 6
    endloop
  endfacet
  facet normal -0 0 1
    outer loop
      vertex 7.10865 5.54078 6
      vertex 8.3097 5.04329 6
      vertex 7.14833 5.65166 6
    endloop
  endfacet
  facet normal 0 0 1
    outer loop
      vertex 6.76127 6.92761 6
      vertex 7.58598 7.93253 6
      vertex 7.38893 8.07867 6
    endloop
  endfacet
  facet normal 0 0 1
    outer loop
      vertex 8.3097 5.04329 6
      vertex 7.10865 5.54078 6
      vertex 8.2048 4.82151 6
    endloop
  endfacet
  facet normal -0 0 1
    outer loop
      vertex 7.0583 5.43432 6
      vertex 8.2048 4.82151 6
      vertex 7.10865 5.54078 6
    endloop
  endfacet
  facet normal 0 0 1
    outer loop
      vertex 8.2048 4.82151 6
      vertex 7.0583 5.43432 6
      vertex 8.07867 4.61107 6
    endloop
  endfacet
  facet normal 0 0 1
    outer loop
      vertex 8.48796 6.24504 6
      vertex 7.19422 6.11762 6
      vertex 7.2 6 6
    endloop
  endfacet
  facet normal 0 0 1
    outer loop
      vertex 6.66668 6.99776 6
      vertex 7.38893 8.07867 6
      vertex 7.17849 8.2048 6
    endloop
  endfacet
  facet normal 0 0 1
    outer loop
      vertex 8.45196 6.48773 6
      vertex 7.17694 6.23411 6
      vertex 7.19422 6.11762 6
    endloop
  endfacet
  facet normal 0 0 1
    outer loop
      vertex 8.39235 6.72571 6
      vertex 7.14833 6.34834 6
      vertex 7.17694 6.23411 6
    endloop
  endfacet
  facet normal 0 0 1
    outer loop
      vertex 8.3097 6.95671 6
      vertex 7.10865 6.45922 6
      vertex 7.14833 6.34834 6
    endloop
  endfacet
  facet normal 0 0 1
    outer loop
      vertex 8.2048 7.17849 6
      vertex 7.0583 6.56568 6
      vertex 7.10865 6.45922 6
    endloop
  endfacet
  facet normal 0 0 1
    outer loop
      vertex 8.07867 7.38893 6
      vertex 6.99776 6.66668 6
      vertex 7.0583 6.56568 6
    endloop
  endfacet
  facet normal 0 0 1
    outer loop
      vertex 6.56568 7.0583 6
      vertex 7.17849 8.2048 6
      vertex 6.95671 8.3097 6
    endloop
  endfacet
  facet normal 0 0 1
    outer loop
      vertex 7.93253 7.58598 6
      vertex 6.92761 6.76127 6
      vertex 6.99776 6.66668 6
    endloop
  endfacet
  facet normal 0 0 1
    outer loop
      vertex 7.76777 7.76777 6
      vertex 6.84853 6.84853 6
      vertex 6.92761 6.76127 6
    endloop
  endfacet
  facet normal 0 0 1
    outer loop
      vertex 7.58598 7.93253 6
      vertex 6.76127 6.92761 6
      vertex 6.84853 6.84853 6
    endloop
  endfacet
  facet normal 0 0 1
    outer loop
      vertex 6.45922 7.10865 6
      vertex 6.95671 8.3097 6
      vertex 6.72571 8.39235 6
    endloop
  endfacet
  facet normal 0 0 1
    outer loop
      vertex 7.38893 8.07867 6
      vertex 6.66668 6.99776 6
      vertex 6.76127 6.92761 6
    endloop
  endfacet
  facet normal 0 0 1
    outer loop
      vertex 7.17849 8.2048 6
      vertex 6.56568 7.0583 6
      vertex 6.66668 6.99776 6
    endloop
  endfacet
  facet normal 0 0 1
    outer loop
      vertex 6.34834 7.14833 6
      vertex 6.72571 8.39235 6
      vertex 6.48773 8.45196 6
    endloop
  endfacet
  facet normal 0 0 1
    outer loop
      vertex 6.95671 8.3097 6
      vertex 6.45922 7.10865 6
      vertex 6.56568 7.0583 6
    endloop
  endfacet
  facet normal 0 0 1
    outer loop
      vertex 6.72571 8.39235 6
      vertex 6.34834 7.14833 6
      vertex 6.45922 7.10865 6
    endloop
  endfacet
  facet normal 0 0 1
    outer loop
      vertex 6.23411 7.17694 6
      vertex 6.48773 8.45196 6
      vertex 6.24504 8.48796 6
    endloop
  endfacet
  facet normal 0 0 1
    outer loop
      vertex 6.48773 8.45196 6
      vertex 6.23411 7.17694 6
      vertex 6.34834 7.14833 6
    endloop
  endfacet
  facet normal 0 0 1
    outer loop
      vertex 6.24504 8.48796 6
      vertex 6.11762 7.19422 6
      vertex 6.23411 7.17694 6
    endloop
  endfacet
  facet normal 0 0 1
    outer loop
      vertex 6 8.5 6
      vertex 6.11762 7.19422 6
      vertex 6.24504 8.48796 6
    endloop
  endfacet
  facet normal 0 0 1
    outer loop
      vertex 6 8.5 6
      vertex 6 7.2 6
      vertex 6.11762 7.19422 6
    endloop
  endfacet
  facet normal 0 0 1
    outer loop
      vertex 6 8.5 6
      vertex 5.88238 7.19422 6
      vertex 6 7.2 6
    endloop
  endfacet
  facet normal -0 0 1
    outer loop
      vertex 5.75496 8.48796 6
      vertex 5.88238 7.19422 6
      vertex 6 8.5 6
    endloop
  endfacet
  facet normal 0 0 1
    outer loop
      vertex 5.88238 7.19422 6
      vertex 5.75496 8.48796 6
      vertex 5.76589 7.17694 6
    endloop
  endfacet
  facet normal -0 0 1
    outer loop
      vertex 5.51227 8.45196 6
      vertex 5.76589 7.17694 6
      vertex 5.75496 8.48796 6
    endloop
  endfacet
  facet normal 0 0 1
    outer loop
      vertex 5.76589 7.17694 6
      vertex 5.51227 8.45196 6
      vertex 5.65166 7.14833 6
    endloop
  endfacet
  facet normal -0 0 1
    outer loop
      vertex 5.27429 8.39235 6
      vertex 5.65166 7.14833 6
      vertex 5.51227 8.45196 6
    endloop
  endfacet
  facet normal 0 0 1
    outer loop
      vertex 5.65166 7.14833 6
      vertex 5.27429 8.39235 6
      vertex 5.54078 7.10865 6
    endloop
  endfacet
  facet normal -0 0 1
    outer loop
      vertex 5.04329 8.3097 6
      vertex 5.54078 7.10865 6
      vertex 5.27429 8.39235 6
    endloop
  endfacet
  facet normal 0 0 1
    outer loop
      vertex 5.54078 7.10865 6
      vertex 5.04329 8.3097 6
      vertex 5.43432 7.0583 6
    endloop
  endfacet
  facet normal -0 0 1
    outer loop
      vertex 4.82151 8.2048 6
      vertex 5.43432 7.0583 6
      vertex 5.04329 8.3097 6
    endloop
  endfacet
  facet normal 0 0 1
    outer loop
      vertex 5.43432 7.0583 6
      vertex 4.82151 8.2048 6
      vertex 5.33331 6.99776 6
    endloop
  endfacet
  facet normal -0 0 1
    outer loop
      vertex 4.61107 8.07867 6
      vertex 5.33331 6.99776 6
      vertex 4.82151 8.2048 6
    endloop
  endfacet
  facet normal 0 0 1
    outer loop
      vertex 5.33331 6.99776 6
      vertex 4.61107 8.07867 6
      vertex 5.23873 6.92761 6
    endloop
  endfacet
  facet normal -0 0 1
    outer loop
      vertex 4.41402 7.93253 6
      vertex 5.23873 6.92761 6
      vertex 4.61107 8.07867 6
    endloop
  endfacet
  facet normal 0 0 1
    outer loop
      vertex 5.23873 6.92761 6
      vertex 4.41402 7.93253 6
      vertex 5.15147 6.84853 6
    endloop
  endfacet
  facet normal -0 0 1
    outer loop
      vertex 4.23223 7.76777 6
      vertex 5.15147 6.84853 6
      vertex 4.41402 7.93253 6
    endloop
  endfacet
  facet normal 0 0 1
    outer loop
      vertex 5.15147 6.84853 6
      vertex 4.23223 7.76777 6
      vertex 5.07239 6.76127 6
    endloop
  endfacet
  facet normal -0 0 1
    outer loop
      vertex 4.06747 7.58598 6
      vertex 5.07239 6.76127 6
      vertex 4.23223 7.76777 6
    endloop
  endfacet
  facet normal 0 0 1
    outer loop
      vertex 5.07239 6.76127 6
      vertex 4.06747 7.58598 6
      vertex 5.00224 6.66668 6
    endloop
  endfacet
  facet normal -0 0 1
    outer loop
      vertex 3.92133 7.38893 6
      vertex 5.00224 6.66668 6
      vertex 4.06747 7.58598 6
    endloop
  endfacet
  facet normal -0 0 1
    outer loop
      vertex 3.85 7.26992 6
      vertex 5.00224 6.66668 6
      vertex 3.92133 7.38893 6
    endloop
  endfacet
  facet normal 0 0 1
    outer loop
      vertex 5.00224 6.66668 6
      vertex 3.85 7.26992 6
      vertex 4.94169 6.56568 6
    endloop
  endfacet
  facet normal 0 0 1
    outer loop
      vertex 4.94169 6.56568 6
      vertex 3.85 7.26992 6
      vertex 4.89134 6.45922 6
    endloop
  endfacet
  facet normal 0 0 1
    outer loop
      vertex 4.89134 6.45922 6
      vertex 3.85 7.26992 6
      vertex 4.85167 6.34834 6
    endloop
  endfacet
  facet normal 0 -0 1
    outer loop
      vertex 4.61107 3.92133 6
      vertex 4.8 6 6
      vertex 4.41402 4.06747 6
    endloop
  endfacet
  facet normal 0 0 1
    outer loop
      vertex 4.8 6 6
      vertex 4.61107 3.92133 6
      vertex 4.73008 3.85 6
    endloop
  endfacet
  facet normal 0 0 1
    outer loop
      vertex 4.85167 6.34834 6
      vertex 3.85 7.26992 6
      vertex 4.82306 6.23411 6
    endloop
  endfacet
  facet normal 0 0 1
    outer loop
      vertex 4.8 6 6
      vertex 4.23223 4.23223 6
      vertex 4.41402 4.06747 6
    endloop
  endfacet
  facet normal 0 0 1
    outer loop
      vertex 4.82306 6.23411 6
      vertex 3.85 7.26992 6
      vertex 4.80578 6.11762 6
    endloop
  endfacet
  facet normal 0 0 1
    outer loop
      vertex 4.8 6 6
      vertex 4.06747 4.41402 6
      vertex 4.23223 4.23223 6
    endloop
  endfacet
  facet normal 0 0 1
    outer loop
      vertex 4.80578 6.11762 6
      vertex 3.85 7.26992 6
      vertex 4.8 6 6
    endloop
  endfacet
  facet normal 0 0 1
    outer loop
      vertex 3.85 4.73008 6
      vertex 4.8 6 6
      vertex 3.85 7.26992 6
    endloop
  endfacet
  facet normal 0 -0 1
    outer loop
      vertex 3.92133 4.61107 6
      vertex 4.8 6 6
      vertex 3.85 4.73008 6
    endloop
  endfacet
  facet normal 0 0 1
    outer loop
      vertex 4.8 6 6
      vertex 3.92133 4.61107 6
      vertex 4.06747 4.41402 6
    endloop
  endfacet
  facet normal -0 0 1
    outer loop
      vertex 6.99776 5.33331 6
      vertex 8.07867 4.61107 6
      vertex 7.0583 5.43432 6
    endloop
  endfacet
  facet normal 0 0 1
    outer loop
      vertex 8.07867 4.61107 6
      vertex 6.99776 5.33331 6
      vertex 7.93253 4.41402 6
    endloop
  endfacet
  facet normal -0 0 1
    outer loop
      vertex 6.92761 5.23873 6
      vertex 7.93253 4.41402 6
      vertex 6.99776 5.33331 6
    endloop
  endfacet
  facet normal 0 0 1
    outer loop
      vertex 7.93253 4.41402 6
      vertex 6.92761 5.23873 6
      vertex 7.76777 4.23223 6
    endloop
  endfacet
  facet normal -0 0 1
    outer loop
      vertex 6.84853 5.15147 6
      vertex 7.76777 4.23223 6
      vertex 6.92761 5.23873 6
    endloop
  endfacet
  facet normal 0 0 1
    outer loop
      vertex 7.76777 4.23223 6
      vertex 6.84853 5.15147 6
      vertex 7.58598 4.06747 6
    endloop
  endfacet
  facet normal -0 0 1
    outer loop
      vertex 6.76127 5.07239 6
      vertex 7.58598 4.06747 6
      vertex 6.84853 5.15147 6
    endloop
  endfacet
  facet normal 0 0 1
    outer loop
      vertex 7.58598 4.06747 6
      vertex 6.76127 5.07239 6
      vertex 7.38893 3.92133 6
    endloop
  endfacet
  facet normal -0 0 1
    outer loop
      vertex 6.66668 5.00224 6
      vertex 7.38893 3.92133 6
      vertex 6.76127 5.07239 6
    endloop
  endfacet
  facet normal 0 0 1
    outer loop
      vertex 7.38893 3.92133 6
      vertex 6.66668 5.00224 6
      vertex 7.26992 3.85 6
    endloop
  endfacet
  facet normal -0 0 1
    outer loop
      vertex 6.56568 4.94169 6
      vertex 7.26992 3.85 6
      vertex 6.66668 5.00224 6
    endloop
  endfacet
  facet normal -0 0 1
    outer loop
      vertex 6.45922 4.89134 6
      vertex 7.26992 3.85 6
      vertex 6.56568 4.94169 6
    endloop
  endfacet
  facet normal -0 0 1
    outer loop
      vertex 6.34834 4.85167 6
      vertex 7.26992 3.85 6
      vertex 6.45922 4.89134 6
    endloop
  endfacet
  facet normal -0 0 1
    outer loop
      vertex 6.23411 4.82306 6
      vertex 7.26992 3.85 6
      vertex 6.34834 4.85167 6
    endloop
  endfacet
  facet normal -0 0 1
    outer loop
      vertex 6.11762 4.80578 6
      vertex 7.26992 3.85 6
      vertex 6.23411 4.82306 6
    endloop
  endfacet
  facet normal -0 0 1
    outer loop
      vertex 6 4.8 6
      vertex 7.26992 3.85 6
      vertex 6.11762 4.80578 6
    endloop
  endfacet
  facet normal 0 0 1
    outer loop
      vertex 4.73008 3.85 6
      vertex 6 4.8 6
      vertex 5.88238 4.80578 6
    endloop
  endfacet
  facet normal 0 0 1
    outer loop
      vertex 4.73008 3.85 6
      vertex 5.88238 4.80578 6
      vertex 5.76589 4.82306 6
    endloop
  endfacet
  facet normal 0 0 1
    outer loop
      vertex 4.73008 3.85 6
      vertex 5.76589 4.82306 6
      vertex 5.65166 4.85167 6
    endloop
  endfacet
  facet normal 0 0 1
    outer loop
      vertex 4.73008 3.85 6
      vertex 5.65166 4.85167 6
      vertex 5.54078 4.89134 6
    endloop
  endfacet
  facet normal 0 0 1
    outer loop
      vertex 4.73008 3.85 6
      vertex 5.54078 4.89134 6
      vertex 5.43432 4.94169 6
    endloop
  endfacet
  facet normal 0 0 1
    outer loop
      vertex 6 4.8 6
      vertex 4.73008 3.85 6
      vertex 7.26992 3.85 6
    endloop
  endfacet
  facet normal 0 0 1
    outer loop
      vertex 5.33331 5.00224 6
      vertex 4.73008 3.85 6
      vertex 5.43432 4.94169 6
    endloop
  endfacet
  facet normal 0 0 1
    outer loop
      vertex 5.23873 5.07239 6
      vertex 4.73008 3.85 6
      vertex 5.33331 5.00224 6
    endloop
  endfacet
  facet normal 0 0 1
    outer loop
      vertex 5.15147 5.15147 6
      vertex 4.73008 3.85 6
      vertex 5.23873 5.07239 6
    endloop
  endfacet
  facet normal 0 0 1
    outer loop
      vertex 5.07239 5.23873 6
      vertex 4.73008 3.85 6
      vertex 5.15147 5.15147 6
    endloop
  endfacet
  facet normal 0 0 1
    outer loop
      vertex 5.00224 5.33331 6
      vertex 4.73008 3.85 6
      vertex 5.07239 5.23873 6
    endloop
  endfacet
  facet normal 0 0 1
    outer loop
      vertex 4.94169 5.43432 6
      vertex 4.73008 3.85 6
      vertex 5.00224 5.33331 6
    endloop
  endfacet
  facet normal 0 0 1
    outer loop
      vertex 4.89134 5.54078 6
      vertex 4.73008 3.85 6
      vertex 4.94169 5.43432 6
    endloop
  endfacet
  facet normal 0 0 1
    outer loop
      vertex 4.85167 5.65166 6
      vertex 4.73008 3.85 6
      vertex 4.89134 5.54078 6
    endloop
  endfacet
  facet normal 0 0 1
    outer loop
      vertex 4.82306 5.76589 6
      vertex 4.73008 3.85 6
      vertex 4.85167 5.65166 6
    endloop
  endfacet
  facet normal 0 0 1
    outer loop
      vertex 4.80578 5.88238 6
      vertex 4.73008 3.85 6
      vertex 4.82306 5.76589 6
    endloop
  endfacet
  facet normal 0 0 1
    outer loop
      vertex 4.73008 3.85 6
      vertex 4.80578 5.88238 6
      vertex 4.8 6 6
    endloop
  endfacet
  facet normal 0.495306 0.546502 0.675284
    outer loop
      vertex 8.28382 8.78284 4.8
      vertex 7.58598 7.93253 6
      vertex 7.76777 7.76777 6
    endloop
  endfacet
  facet normal -0.439349 -0.592427 0.67528
    outer loop
      vertex 4.61107 3.92133 6
      vertex 4.52043 3.85 5.87845
      vertex 4.56342 3.85 5.90642
    endloop
  endfacet
  facet normal -0.37918 -0.63264 0.675269
    outer loop
      vertex 4.61107 3.92133 6
      vertex 4.59103 3.85 5.92192
      vertex 4.73008 3.85 6
    endloop
  endfacet
  facet normal 0.439349 -0.592427 0.67528
    outer loop
      vertex 7.47957 3.85 5.87845
      vertex 7.38893 3.92133 6
      vertex 7.43658 3.85 5.90642
    endloop
  endfacet
  facet normal 0.439362 -0.592417 0.67528
    outer loop
      vertex 7.58598 4.06747 6
      vertex 7.47957 3.85 5.87845
      vertex 7.76446 3.85 5.69309
    endloop
  endfacet
  facet normal 0.439359 -0.592416 0.675282
    outer loop
      vertex 7.47957 3.85 5.87845
      vertex 7.58598 4.06747 6
      vertex 7.38893 3.92133 6
    endloop
  endfacet
  facet normal -0.33681 0.941573 0
    outer loop
      vertex 72.955 9.44498 2
      vertex 72.6223 9.32597 4.8
      vertex 72.955 9.44498 4.8
    endloop
  endfacet
  facet normal -0.33681 0.941573 0
    outer loop
      vertex 72.6223 9.32597 4.8
      vertex 72.955 9.44498 2
      vertex 72.6223 9.32597 2
    endloop
  endfacet
  facet normal -0.970059 -0.242869 0
    outer loop
      vertex 70.555 4.95498 2
      vertex 70.4692 5.29768 3
      vertex 70.4692 5.29768 2
    endloop
  endfacet
  facet normal -0.970059 -0.242869 0
    outer loop
      vertex 70.4692 5.29768 3
      vertex 70.555 4.95498 2
      vertex 70.555 4.95498 3
    endloop
  endfacet
  facet normal -0.857758 0.514054 0
    outer loop
      vertex 70.8251 7.69703 2
      vertex 71.0067 8.00005 3
      vertex 71.0067 8.00005 2
    endloop
  endfacet
  facet normal -0.857758 0.514054 0
    outer loop
      vertex 71.0067 8.00005 3
      vertex 70.8251 7.69703 2
      vertex 70.8251 7.69703 3
    endloop
  endfacet
  facet normal -0.941562 0.336838 0
    outer loop
      vertex 70.555 7.04502 2
      vertex 70.674 7.37766 3
      vertex 70.674 7.37766 2
    endloop
  endfacet
  facet normal -0.941562 0.336838 0
    outer loop
      vertex 70.674 7.37766 3
      vertex 70.555 7.04502 2
      vertex 70.555 7.04502 3
    endloop
  endfacet
  facet normal -0.671525 0.740982 0
    outer loop
      vertex 71.7162 8.78284 2
      vertex 71.4544 8.54558 4.8
      vertex 71.7162 8.78284 4.8
    endloop
  endfacet
  facet normal -0.671525 0.740982 0
    outer loop
      vertex 71.4544 8.54558 4.8
      vertex 71.7162 8.78284 2
      vertex 71.4544 8.54558 2
    endloop
  endfacet
  facet normal -0.243002 0.970026 0
    outer loop
      vertex 73.2977 9.53083 2
      vertex 72.955 9.44498 4.8
      vertex 73.2977 9.53083 4.8
    endloop
  endfacet
  facet normal -0.243002 0.970026 0
    outer loop
      vertex 72.955 9.44498 4.8
      vertex 73.2977 9.53083 2
      vertex 72.955 9.44498 2
    endloop
  endfacet
  facet normal -0.803234 -0.595663 0
    outer loop
      vertex 71.1179 3.85 2
      vertex 71.0067 3.99995 3
      vertex 71.0067 3.99995 2
    endloop
  endfacet
  facet normal -0.803234 -0.595663 0
    outer loop
      vertex 71.0067 3.99995 3
      vertex 71.1179 3.85 2
      vertex 71.1179 3.85 3
    endloop
  endfacet
  facet normal 0.146734 0.989176 -0
    outer loop
      vertex 74.7023 9.53083 2
      vertex 74.3529 9.58266 4.8
      vertex 74.7023 9.53083 4.8
    endloop
  endfacet
  facet normal 0.146734 0.989176 0
    outer loop
      vertex 74.3529 9.58266 4.8
      vertex 74.7023 9.53083 2
      vertex 74.3529 9.58266 2
    endloop
  endfacet
  facet normal -0.970059 0.242869 0
    outer loop
      vertex 70.4692 6.70232 2
      vertex 70.555 7.04502 3
      vertex 70.555 7.04502 2
    endloop
  endfacet
  facet normal -0.970059 0.242869 0
    outer loop
      vertex 70.555 7.04502 3
      vertex 70.4692 6.70232 2
      vertex 70.4692 6.70232 3
    endloop
  endfacet
  facet normal -0.989151 -0.146904 0
    outer loop
      vertex 70.4692 5.29768 2
      vertex 70.4173 5.64714 3
      vertex 70.4173 5.64714 2
    endloop
  endfacet
  facet normal -0.989151 -0.146904 0
    outer loop
      vertex 70.4173 5.64714 3
      vertex 70.4692 5.29768 2
      vertex 70.4692 5.29768 3
    endloop
  endfacet
  facet normal -0.941562 -0.336838 0
    outer loop
      vertex 70.674 4.62234 2
      vertex 70.555 4.95498 3
      vertex 70.555 4.95498 2
    endloop
  endfacet
  facet normal -0.941562 -0.336838 0
    outer loop
      vertex 70.555 4.95498 3
      vertex 70.674 4.62234 2
      vertex 70.674 4.62234 3
    endloop
  endfacet
  facet normal 0.42763 0.903954 -0
    outer loop
      vertex 75.697 9.17492 2
      vertex 75.3777 9.32597 4.8
      vertex 75.697 9.17492 4.8
    endloop
  endfacet
  facet normal 0.42763 0.903954 0
    outer loop
      vertex 75.3777 9.32597 4.8
      vertex 75.697 9.17492 2
      vertex 75.3777 9.32597 2
    endloop
  endfacet
  facet normal -0.595779 0.803148 0
    outer loop
      vertex 71.9999 8.99329 2
      vertex 71.7162 8.78284 4.8
      vertex 71.9999 8.99329 4.8
    endloop
  endfacet
  facet normal -0.595779 0.803148 0
    outer loop
      vertex 71.7162 8.78284 4.8
      vertex 71.9999 8.99329 2
      vertex 71.7162 8.78284 2
    endloop
  endfacet
  facet normal -0.903935 -0.427669 0
    outer loop
      vertex 70.8251 4.30297 2
      vertex 70.674 4.62234 3
      vertex 70.674 4.62234 2
    endloop
  endfacet
  facet normal -0.903935 -0.427669 0
    outer loop
      vertex 70.674 4.62234 3
      vertex 70.8251 4.30297 2
      vertex 70.8251 4.30297 3
    endloop
  endfacet
  facet normal 0.514017 0.85778 -0
    outer loop
      vertex 76.0001 8.99329 2
      vertex 75.697 9.17492 4.8
      vertex 76.0001 8.99329 4.8
    endloop
  endfacet
  facet normal 0.514017 0.85778 0
    outer loop
      vertex 75.697 9.17492 4.8
      vertex 76.0001 8.99329 2
      vertex 75.697 9.17492 2
    endloop
  endfacet
  facet normal -0.514017 0.85778 0
    outer loop
      vertex 72.303 9.17492 2
      vertex 71.9999 8.99329 4.8
      vertex 72.303 9.17492 4.8
    endloop
  endfacet
  facet normal -0.514017 0.85778 0
    outer loop
      vertex 71.9999 8.99329 4.8
      vertex 72.303 9.17492 2
      vertex 71.9999 8.99329 2
    endloop
  endfacet
  facet normal 0.595826 0.803114 -0
    outer loop
      vertex 76.15 8.88208 2
      vertex 76.0001 8.99329 4.8
      vertex 76.15 8.88208 4.8
    endloop
  endfacet
  facet normal 0.595826 0.803114 0
    outer loop
      vertex 76.0001 8.99329 4.8
      vertex 76.15 8.88208 2
      vertex 76.0001 8.99329 2
    endloop
  endfacet
  facet normal 0.33681 0.941573 -0
    outer loop
      vertex 75.3777 9.32597 2
      vertex 75.045 9.44498 4.8
      vertex 75.3777 9.32597 4.8
    endloop
  endfacet
  facet normal 0.33681 0.941573 0
    outer loop
      vertex 75.045 9.44498 4.8
      vertex 75.3777 9.32597 2
      vertex 75.045 9.44498 2
    endloop
  endfacet
  facet normal -0.146734 0.989176 0
    outer loop
      vertex 73.6471 9.58266 2
      vertex 73.2977 9.53083 4.8
      vertex 73.6471 9.58266 4.8
    endloop
  endfacet
  facet normal -0.146734 0.989176 0
    outer loop
      vertex 73.2977 9.53083 4.8
      vertex 73.6471 9.58266 2
      vertex 73.2977 9.53083 2
    endloop
  endfacet
  facet normal -0.42763 0.903954 0
    outer loop
      vertex 72.6223 9.32597 2
      vertex 72.303 9.17492 4.8
      vertex 72.6223 9.32597 4.8
    endloop
  endfacet
  facet normal -0.42763 0.903954 0
    outer loop
      vertex 72.303 9.17492 4.8
      vertex 72.6223 9.32597 2
      vertex 72.303 9.17492 2
    endloop
  endfacet
  facet normal -0.903935 0.427669 0
    outer loop
      vertex 70.674 7.37766 2
      vertex 70.8251 7.69703 3
      vertex 70.8251 7.69703 2
    endloop
  endfacet
  facet normal -0.903935 0.427669 0
    outer loop
      vertex 70.8251 7.69703 3
      vertex 70.674 7.37766 2
      vertex 70.674 7.37766 3
    endloop
  endfacet
  facet normal 0.0490765 0.998795 -0
    outer loop
      vertex 74.3529 9.58266 2
      vertex 74 9.6 4.8
      vertex 74.3529 9.58266 4.8
    endloop
  endfacet
  facet normal 0.0490765 0.998795 0
    outer loop
      vertex 74 9.6 4.8
      vertex 74.3529 9.58266 2
      vertex 74 9.6 2
    endloop
  endfacet
  facet normal -0.803048 0.595915 0
    outer loop
      vertex 71.2172 8.28382 2
      vertex 71.155 8.2 3
      vertex 71.2172 8.28382 4.8
    endloop
  endfacet
  facet normal -0.803151 0.595776 -1.80686e-05
    outer loop
      vertex 71.0067 8.00005 2
      vertex 71.155 8.2 3
      vertex 71.2172 8.28382 2
    endloop
  endfacet
  facet normal -0.803194 0.595717 0
    outer loop
      vertex 71.155 8.2 3
      vertex 71.0067 8.00005 2
      vertex 71.0067 8.00005 3
    endloop
  endfacet
  facet normal -0.803048 0.595915 0
    outer loop
      vertex 71.155 8.2 4.8
      vertex 71.2172 8.28382 4.8
      vertex 71.155 8.2 3
    endloop
  endfacet
  facet normal -0 0 1
    outer loop
      vertex 71.155 8.2 4.8
      vertex 71.0067 8.00005 4.8
      vertex 71.2172 8.28382 4.8
    endloop
  endfacet
  facet normal -0.741015 0.671488 0
    outer loop
      vertex 71.2172 8.28382 2
      vertex 71.4544 8.54558 4.8
      vertex 71.4544 8.54558 2
    endloop
  endfacet
  facet normal -0.741015 0.671488 0
    outer loop
      vertex 71.4544 8.54558 4.8
      vertex 71.2172 8.28382 2
      vertex 71.2172 8.28382 4.8
    endloop
  endfacet
  facet normal -0.9988 -0.0489691 0
    outer loop
      vertex 70.4173 5.64714 2
      vertex 70.4 6 3
      vertex 70.4 6 2
    endloop
  endfacet
  facet normal -0.9988 -0.0489691 0
    outer loop
      vertex 70.4 6 3
      vertex 70.4173 5.64714 2
      vertex 70.4173 5.64714 3
    endloop
  endfacet
  facet normal 0.243002 0.970026 -0
    outer loop
      vertex 75.045 9.44498 2
      vertex 74.7023 9.53083 4.8
      vertex 75.045 9.44498 4.8
    endloop
  endfacet
  facet normal 0.243002 0.970026 0
    outer loop
      vertex 74.7023 9.53083 4.8
      vertex 75.045 9.44498 2
      vertex 74.7023 9.53083 2
    endloop
  endfacet
  facet normal -0.0490765 0.998795 0
    outer loop
      vertex 74 9.6 2
      vertex 73.6471 9.58266 4.8
      vertex 74 9.6 4.8
    endloop
  endfacet
  facet normal -0.0490765 0.998795 0
    outer loop
      vertex 73.6471 9.58266 4.8
      vertex 74 9.6 2
      vertex 73.6471 9.58266 2
    endloop
  endfacet
  facet normal -0.989151 0.146904 0
    outer loop
      vertex 70.4173 6.35286 2
      vertex 70.4692 6.70232 3
      vertex 70.4692 6.70232 2
    endloop
  endfacet
  facet normal -0.989151 0.146904 0
    outer loop
      vertex 70.4692 6.70232 3
      vertex 70.4173 6.35286 2
      vertex 70.4173 6.35286 3
    endloop
  endfacet
  facet normal -0.9988 0.0489691 0
    outer loop
      vertex 70.4 6 2
      vertex 70.4173 6.35286 3
      vertex 70.4173 6.35286 2
    endloop
  endfacet
  facet normal -0.9988 0.0489691 0
    outer loop
      vertex 70.4173 6.35286 3
      vertex 70.4 6 2
      vertex 70.4 6 3
    endloop
  endfacet
  facet normal -0.857758 -0.514054 0
    outer loop
      vertex 71.0067 3.99995 2
      vertex 70.8251 4.30297 3
      vertex 70.8251 4.30297 2
    endloop
  endfacet
  facet normal -0.857758 -0.514054 0
    outer loop
      vertex 70.8251 4.30297 3
      vertex 71.0067 3.99995 2
      vertex 71.0067 3.99995 3
    endloop
  endfacet
  facet normal 0.179229 0.715454 0.67528
    outer loop
      vertex 75.045 9.44498 4.8
      vertex 74.7023 9.53083 4.8
      vertex 74.7257 8.39235 6
    endloop
  endfacet
  facet normal -0.729596 0.108226 0.67526
    outer loop
      vertex 71.548 6.48773 6
      vertex 70.4692 6.70232 4.8
      vertex 71.512 6.24504 6
    endloop
  endfacet
  facet normal -0.495294 0.546523 0.675275
    outer loop
      vertex 71.7162 8.78284 4.8
      vertex 71.4544 8.54558 4.8
      vertex 72.2322 7.76777 6
    endloop
  endfacet
  facet normal 0.592588 0.439284 0.675181
    outer loop
      vertex 76.15 7.47957 5.87845
      vertex 76.0787 7.38893 6
      vertex 76.15 7.43658 5.90642
    endloop
  endfacet
  facet normal -0.592317 -0.439466 0.6753
    outer loop
      vertex 71.9213 4.61107 6
      vertex 71.3802 3.85 5.03011
      vertex 72.0675 4.41402 6
    endloop
  endfacet
  facet normal -0.592906 -0.438876 0.675166
    outer loop
      vertex 71.3802 3.85 5.03011
      vertex 71.9213 4.61107 6
      vertex 71.3225 3.85 4.97944
    endloop
  endfacet
  facet normal 0.546532 0.4953 0.675263
    outer loop
      vertex 75.7678 7.76777 6
      vertex 76.15 7.76446 5.69309
      vertex 76.15 7.96209 5.54813
    endloop
  endfacet
  facet normal 0.546571 0.495188 0.675314
    outer loop
      vertex 76.15 7.76446 5.69309
      vertex 75.7678 7.76777 6
      vertex 75.9325 7.58598 6
    endloop
  endfacet
  facet normal -0.0362021 0.73667 0.675283
    outer loop
      vertex 74 8.5 6
      vertex 73.6471 9.58266 4.8
      vertex 73.755 8.48796 6
    endloop
  endfacet
  facet normal 0.0361969 0.736671 0.675282
    outer loop
      vertex 74 9.6 4.8
      vertex 74 8.5 6
      vertex 74.3529 9.58266 4.8
    endloop
  endfacet
  facet normal 0.6328 0.379116 0.675155
    outer loop
      vertex 76.15 7.40897 5.92192
      vertex 76.0787 7.38893 6
      vertex 76.15 7.26992 6
    endloop
  endfacet
  facet normal 0.108225 0.729574 0.675285
    outer loop
      vertex 74.3529 9.58266 4.8
      vertex 74.245 8.48796 6
      vertex 74.7023 9.53083 4.8
    endloop
  endfacet
  facet normal -0.6667 0.315429 0.675289
    outer loop
      vertex 70.8251 7.69703 4.8
      vertex 70.674 7.37766 4.8
      vertex 71.6903 6.95671 6
    endloop
  endfacet
  facet normal -0.69449 0.248333 0.675288
    outer loop
      vertex 71.6903 6.95671 6
      vertex 70.674 7.37766 4.8
      vertex 71.6077 6.72571 6
    endloop
  endfacet
  facet normal 0.546533 0.495299 0.675264
    outer loop
      vertex 76.15 8.15 5.4103
      vertex 75.7678 7.76777 6
      vertex 76.15 7.96209 5.54813
    endloop
  endfacet
  facet normal -0.43923 -0.592392 0.675388
    outer loop
      vertex 72.414 4.06747 6
      vertex 72.5204 3.85 5.87845
      vertex 72.6111 3.92133 6
    endloop
  endfacet
  facet normal -0.439357 -0.592403 0.675296
    outer loop
      vertex 72.5204 3.85 5.87845
      vertex 72.414 4.06747 6
      vertex 72.2355 3.85 5.69309
    endloop
  endfacet
  facet normal 0.379131 -0.632505 0.675424
    outer loop
      vertex 75.3889 3.92133 6
      vertex 75.2699 3.85 6
      vertex 75.409 3.85 5.92192
    endloop
  endfacet
  facet normal 0.592364 0.439384 0.675313
    outer loop
      vertex 75.9325 7.58598 6
      vertex 76.15 7.47957 5.87845
      vertex 76.15 7.76446 5.69309
    endloop
  endfacet
  facet normal 0.592374 0.439508 0.675223
    outer loop
      vertex 76.15 7.47957 5.87845
      vertex 75.9325 7.58598 6
      vertex 76.0787 7.38893 6
    endloop
  endfacet
  facet normal 0.379113 0.632655 0.675294
    outer loop
      vertex 75.697 9.17492 4.8
      vertex 75.3889 8.07867 6
      vertex 76.0001 8.99329 4.8
    endloop
  endfacet
  facet normal -0.379113 0.632655 0.675294
    outer loop
      vertex 72.303 9.17492 4.8
      vertex 71.9999 8.99329 4.8
      vertex 72.6111 8.07867 6
    endloop
  endfacet
  facet normal -0.379231 0.632603 0.675276
    outer loop
      vertex 72.8215 8.2048 6
      vertex 72.303 9.17492 4.8
      vertex 72.6111 8.07867 6
    endloop
  endfacet
  facet normal -0.0361969 0.736671 0.675282
    outer loop
      vertex 74 9.6 4.8
      vertex 73.6471 9.58266 4.8
      vertex 74 8.5 6
    endloop
  endfacet
  facet normal -0.666742 0.315363 0.675279
    outer loop
      vertex 71.7952 7.17849 6
      vertex 70.8251 7.69703 4.8
      vertex 71.6903 6.95671 6
    endloop
  endfacet
  facet normal -0.729562 -0.108351 0.675278
    outer loop
      vertex 71.512 5.75496 6
      vertex 70.4173 5.64714 4.8
      vertex 70.4692 5.29768 4.8
    endloop
  endfacet
  facet normal -0.632653 -0.379149 0.675275
    outer loop
      vertex 71.9213 4.61107 6
      vertex 70.8251 4.30297 4.8
      vertex 71.0067 3.99995 4.8
    endloop
  endfacet
  facet normal -0.179195 0.715458 0.675284
    outer loop
      vertex 73.2977 9.53083 4.8
      vertex 73.2743 8.39235 6
      vertex 73.5123 8.45196 6
    endloop
  endfacet
  facet normal -0.495281 -0.546505 0.675299
    outer loop
      vertex 72.2322 4.23223 6
      vertex 72.2355 3.85 5.69309
      vertex 72.414 4.06747 6
    endloop
  endfacet
  facet normal -0.495372 -0.546473 0.675259
    outer loop
      vertex 72.2355 3.85 5.69309
      vertex 72.2322 4.23223 6
      vertex 72.0379 3.85 5.54813
    endloop
  endfacet
  facet normal -0.69444 0.248432 0.675303
    outer loop
      vertex 70.674 7.37766 4.8
      vertex 70.555 7.04502 4.8
      vertex 71.6077 6.72571 6
    endloop
  endfacet
  facet normal 0.0362021 0.73667 0.675283
    outer loop
      vertex 74.3529 9.58266 4.8
      vertex 74 8.5 6
      vertex 74.245 8.48796 6
    endloop
  endfacet
  facet normal -0.73668 -0.0360764 0.675278
    outer loop
      vertex 71.5 6 6
      vertex 70.4173 5.64714 4.8
      vertex 71.512 5.75496 6
    endloop
  endfacet
  facet normal -0.715417 0.179471 0.675254
    outer loop
      vertex 71.6077 6.72571 6
      vertex 70.4692 6.70232 4.8
      vertex 71.548 6.48773 6
    endloop
  endfacet
  facet normal 0.3154 0.666715 0.675288
    outer loop
      vertex 75.3777 9.32597 4.8
      vertex 74.9567 8.3097 6
      vertex 75.697 9.17492 4.8
    endloop
  endfacet
  facet normal 0.3793 -0.63243 0.675399
    outer loop
      vertex 75.4366 3.85 5.90642
      vertex 75.3889 3.92133 6
      vertex 75.409 3.85 5.92192
    endloop
  endfacet
  facet normal 0.248466 0.694443 0.675288
    outer loop
      vertex 75.3777 9.32597 4.8
      vertex 74.7257 8.39235 6
      vertex 74.9567 8.3097 6
    endloop
  endfacet
  facet normal 0.43937 0.592399 0.675291
    outer loop
      vertex 75.3889 8.07867 6
      vertex 76.15 8.61978 5.03011
      vertex 76.15 8.67754 4.97944
    endloop
  endfacet
  facet normal 0.439292 0.592477 0.675273
    outer loop
      vertex 76.15 8.61978 5.03011
      vertex 75.3889 8.07867 6
      vertex 75.586 7.93253 6
    endloop
  endfacet
  facet normal -0.71546 0.179126 0.675301
    outer loop
      vertex 70.555 7.04502 4.8
      vertex 70.4692 6.70232 4.8
      vertex 71.6077 6.72571 6
    endloop
  endfacet
  facet normal -0.495327 -0.546505 0.675266
    outer loop
      vertex 72.2322 4.23223 6
      vertex 71.85 3.85 5.4103
      vertex 72.0379 3.85 5.54813
    endloop
  endfacet
  facet normal -0.736673 0.0361176 0.675284
    outer loop
      vertex 70.4173 6.35286 4.8
      vertex 70.4 6 4.8
      vertex 71.5 6 6
    endloop
  endfacet
  facet normal -0.546548 0.495267 0.675274
    outer loop
      vertex 71.4544 8.54558 4.8
      vertex 71.2172 8.28382 4.8
      vertex 72.2322 7.76777 6
    endloop
  endfacet
  facet normal -0.71546 -0.179126 0.675301
    outer loop
      vertex 71.6077 5.27429 6
      vertex 70.4692 5.29768 4.8
      vertex 70.555 4.95498 4.8
    endloop
  endfacet
  facet normal 0.495327 -0.546505 0.675266
    outer loop
      vertex 76.15 3.85 5.4103
      vertex 75.7678 4.23223 6
      vertex 75.9621 3.85 5.54813
    endloop
  endfacet
  facet normal -0.179229 0.715454 0.67528
    outer loop
      vertex 73.2977 9.53083 4.8
      vertex 72.955 9.44498 4.8
      vertex 73.2743 8.39235 6
    endloop
  endfacet
  facet normal 0.495345 0.546487 0.675267
    outer loop
      vertex 76.15 8.51962 5.11117
      vertex 75.7678 7.76777 6
      vertex 76.15 8.15 5.4103
    endloop
  endfacet
  facet normal -0.546591 0.495206 0.675284
    outer loop
      vertex 72.2322 7.76777 6
      vertex 71.2172 8.28382 4.8
      vertex 72.0675 7.58598 6
    endloop
  endfacet
  facet normal -0.108225 0.729574 0.675285
    outer loop
      vertex 73.6471 9.58266 4.8
      vertex 73.2977 9.53083 4.8
      vertex 73.755 8.48796 6
    endloop
  endfacet
  facet normal -0.248418 0.694467 0.675281
    outer loop
      vertex 72.955 9.44498 4.8
      vertex 72.6223 9.32597 4.8
      vertex 73.2743 8.39235 6
    endloop
  endfacet
  facet normal 0.248418 0.694467 0.675281
    outer loop
      vertex 75.045 9.44498 4.8
      vertex 74.7257 8.39235 6
      vertex 75.3777 9.32597 4.8
    endloop
  endfacet
  facet normal 0.592588 -0.439284 0.675181
    outer loop
      vertex 76.15 4.56342 5.90642
      vertex 76.0787 4.61107 6
      vertex 76.15 4.52043 5.87845
    endloop
  endfacet
  facet normal 0.632837 0.379033 0.675168
    outer loop
      vertex 76.15 7.43658 5.90642
      vertex 76.0787 7.38893 6
      vertex 76.15 7.40897 5.92192
    endloop
  endfacet
  facet normal -0.546515 -0.495318 0.675264
    outer loop
      vertex 72.2322 4.23223 6
      vertex 71.4804 3.85 5.11117
      vertex 71.85 3.85 5.4103
    endloop
  endfacet
  facet normal -0.31534 0.666753 0.675279
    outer loop
      vertex 73.0433 8.3097 6
      vertex 72.303 9.17492 4.8
      vertex 72.8215 8.2048 6
    endloop
  endfacet
  facet normal -0.73668 0.0360764 0.675278
    outer loop
      vertex 71.512 6.24504 6
      vertex 70.4173 6.35286 4.8
      vertex 71.5 6 6
    endloop
  endfacet
  facet normal -0.495296 0.546521 0.675275
    outer loop
      vertex 72.414 7.93253 6
      vertex 71.7162 8.78284 4.8
      vertex 72.2322 7.76777 6
    endloop
  endfacet
  facet normal -0.729562 0.108351 0.675278
    outer loop
      vertex 70.4692 6.70232 4.8
      vertex 70.4173 6.35286 4.8
      vertex 71.512 6.24504 6
    endloop
  endfacet
  facet normal 0.495372 -0.546473 0.675259
    outer loop
      vertex 75.7678 4.23223 6
      vertex 75.7645 3.85 5.69309
      vertex 75.9621 3.85 5.54813
    endloop
  endfacet
  facet normal 0.495281 -0.546505 0.675299
    outer loop
      vertex 75.7645 3.85 5.69309
      vertex 75.7678 4.23223 6
      vertex 75.586 4.06747 6
    endloop
  endfacet
  facet normal 0.632837 -0.379033 0.675168
    outer loop
      vertex 76.15 4.59103 5.92192
      vertex 76.0787 4.61107 6
      vertex 76.15 4.56342 5.90642
    endloop
  endfacet
  facet normal 0.439481 0.592377 0.675238
    outer loop
      vertex 76.0001 8.99329 4.8
      vertex 76.15 8.67754 4.97944
      vertex 76.15 8.88208 4.8
    endloop
  endfacet
  facet normal 0.4394 0.592371 0.675296
    outer loop
      vertex 76.15 8.67754 4.97944
      vertex 76.0001 8.99329 4.8
      vertex 75.3889 8.07867 6
    endloop
  endfacet
  facet normal -0.736673 -0.0361176 0.675284
    outer loop
      vertex 71.5 6 6
      vertex 70.4 6 4.8
      vertex 70.4173 5.64714 4.8
    endloop
  endfacet
  facet normal 0.592374 -0.439508 0.675223
    outer loop
      vertex 75.9325 4.41402 6
      vertex 76.15 4.52043 5.87845
      vertex 76.0787 4.61107 6
    endloop
  endfacet
  facet normal 0.592364 -0.439384 0.675313
    outer loop
      vertex 76.15 4.52043 5.87845
      vertex 75.9325 4.41402 6
      vertex 76.15 4.23554 5.69309
    endloop
  endfacet
  facet normal -0.715417 -0.179471 0.675254
    outer loop
      vertex 71.548 5.51227 6
      vertex 70.4692 5.29768 4.8
      vertex 71.6077 5.27429 6
    endloop
  endfacet
  facet normal -0.632653 0.379149 0.675275
    outer loop
      vertex 71.0067 8.00005 4.8
      vertex 70.8251 7.69703 4.8
      vertex 71.9213 7.38893 6
    endloop
  endfacet
  facet normal 0.179195 0.715458 0.675284
    outer loop
      vertex 74.7023 9.53083 4.8
      vertex 74.4877 8.45196 6
      vertex 74.7257 8.39235 6
    endloop
  endfacet
  facet normal 0.546533 -0.495299 0.675264
    outer loop
      vertex 76.15 4.03791 5.54813
      vertex 75.7678 4.23223 6
      vertex 76.15 3.85 5.4103
    endloop
  endfacet
  facet normal -0.3154 0.666715 0.675288
    outer loop
      vertex 72.6223 9.32597 4.8
      vertex 72.303 9.17492 4.8
      vertex 73.0433 8.3097 6
    endloop
  endfacet
  facet normal -0.592377 0.439424 0.675274
    outer loop
      vertex 71.2172 8.28382 4.8
      vertex 71.0067 8.00005 4.8
      vertex 71.9213 7.38893 6
    endloop
  endfacet
  facet normal -0.546592 -0.495207 0.675282
    outer loop
      vertex 72.0675 4.41402 6
      vertex 71.4804 3.85 5.11117
      vertex 72.2322 4.23223 6
    endloop
  endfacet
  facet normal -0.546296 -0.495525 0.675289
    outer loop
      vertex 71.4804 3.85 5.11117
      vertex 72.0675 4.41402 6
      vertex 71.3802 3.85 5.03011
    endloop
  endfacet
  facet normal -0.592329 0.439475 0.675284
    outer loop
      vertex 72.0675 7.58598 6
      vertex 71.2172 8.28382 4.8
      vertex 71.9213 7.38893 6
    endloop
  endfacet
  facet normal 0.379231 0.632603 0.675276
    outer loop
      vertex 75.697 9.17492 4.8
      vertex 75.1785 8.2048 6
      vertex 75.3889 8.07867 6
    endloop
  endfacet
  facet normal -0.729596 -0.108226 0.67526
    outer loop
      vertex 71.512 5.75496 6
      vertex 70.4692 5.29768 4.8
      vertex 71.548 5.51227 6
    endloop
  endfacet
  facet normal 0.546571 -0.495188 0.675314
    outer loop
      vertex 75.7678 4.23223 6
      vertex 76.15 4.23554 5.69309
      vertex 75.9325 4.41402 6
    endloop
  endfacet
  facet normal 0.546532 -0.4953 0.675263
    outer loop
      vertex 76.15 4.23554 5.69309
      vertex 75.7678 4.23223 6
      vertex 76.15 4.03791 5.54813
    endloop
  endfacet
  facet normal 0.108219 0.729575 0.675284
    outer loop
      vertex 74.7023 9.53083 4.8
      vertex 74.245 8.48796 6
      vertex 74.4877 8.45196 6
    endloop
  endfacet
  facet normal -0.592358 -0.439451 0.675274
    outer loop
      vertex 71.0067 3.99995 4.8
      vertex 71.3225 3.85 4.97944
      vertex 71.9213 4.61107 6
    endloop
  endfacet
  facet normal -0.592346 -0.439272 0.675401
    outer loop
      vertex 71.3225 3.85 4.97944
      vertex 71.0067 3.99995 4.8
      vertex 71.1179 3.85 4.8
    endloop
  endfacet
  facet normal -0.248466 0.694443 0.675288
    outer loop
      vertex 73.2743 8.39235 6
      vertex 72.6223 9.32597 4.8
      vertex 73.0433 8.3097 6
    endloop
  endfacet
  facet normal -0.108219 0.729575 0.675284
    outer loop
      vertex 73.755 8.48796 6
      vertex 73.2977 9.53083 4.8
      vertex 73.5123 8.45196 6
    endloop
  endfacet
  facet normal -0.69444 -0.248432 0.675303
    outer loop
      vertex 71.6077 5.27429 6
      vertex 70.555 4.95498 4.8
      vertex 70.674 4.62234 4.8
    endloop
  endfacet
  facet normal -0.439415 0.59236 0.675296
    outer loop
      vertex 71.9999 8.99329 4.8
      vertex 71.7162 8.78284 4.8
      vertex 72.6111 8.07867 6
    endloop
  endfacet
  facet normal -0.632671 0.379109 0.675281
    outer loop
      vertex 71.9213 7.38893 6
      vertex 70.8251 7.69703 4.8
      vertex 71.7952 7.17849 6
    endloop
  endfacet
  facet normal 0.6328 -0.379116 0.675155
    outer loop
      vertex 76.15 4.73008 6
      vertex 76.0787 4.61107 6
      vertex 76.15 4.59103 5.92192
    endloop
  endfacet
  facet normal -0.632671 -0.379109 0.675281
    outer loop
      vertex 71.7952 4.82151 6
      vertex 70.8251 4.30297 4.8
      vertex 71.9213 4.61107 6
    endloop
  endfacet
  facet normal -0.439293 0.592477 0.675273
    outer loop
      vertex 72.6111 8.07867 6
      vertex 71.7162 8.78284 4.8
      vertex 72.414 7.93253 6
    endloop
  endfacet
  facet normal -0.3793 -0.63243 0.675399
    outer loop
      vertex 72.6111 3.92133 6
      vertex 72.5634 3.85 5.90642
      vertex 72.591 3.85 5.92192
    endloop
  endfacet
  facet normal -0.666742 -0.315363 0.675279
    outer loop
      vertex 71.6903 5.04329 6
      vertex 70.8251 4.30297 4.8
      vertex 71.7952 4.82151 6
    endloop
  endfacet
  facet normal -0.69449 -0.248333 0.675288
    outer loop
      vertex 71.6077 5.27429 6
      vertex 70.674 4.62234 4.8
      vertex 71.6903 5.04329 6
    endloop
  endfacet
  facet normal 0.31534 0.666753 0.675279
    outer loop
      vertex 75.697 9.17492 4.8
      vertex 74.9567 8.3097 6
      vertex 75.1785 8.2048 6
    endloop
  endfacet
  facet normal 0 0 1
    outer loop
      vertex 74.9978 6.66668 6
      vertex 76.15 7.26992 6
      vertex 76.0787 7.38893 6
    endloop
  endfacet
  facet normal 0 0 1
    outer loop
      vertex 76.15 7.26992 6
      vertex 75.2 6 6
      vertex 76.15 4.73008 6
    endloop
  endfacet
  facet normal 0 0 1
    outer loop
      vertex 74.9978 6.66668 6
      vertex 76.0787 7.38893 6
      vertex 75.9325 7.58598 6
    endloop
  endfacet
  facet normal -0 0 1
    outer loop
      vertex 75.1942 5.88238 6
      vertex 76.15 4.73008 6
      vertex 75.2 6 6
    endloop
  endfacet
  facet normal 0 0 1
    outer loop
      vertex 74.9276 6.76127 6
      vertex 75.9325 7.58598 6
      vertex 75.7678 7.76777 6
    endloop
  endfacet
  facet normal -0 0 1
    outer loop
      vertex 75.1769 5.76589 6
      vertex 76.15 4.73008 6
      vertex 75.1942 5.88238 6
    endloop
  endfacet
  facet normal 0 0 1
    outer loop
      vertex 74.8485 6.84853 6
      vertex 75.7678 7.76777 6
      vertex 75.586 7.93253 6
    endloop
  endfacet
  facet normal -0 0 1
    outer loop
      vertex 75.1483 5.65166 6
      vertex 76.15 4.73008 6
      vertex 75.1769 5.76589 6
    endloop
  endfacet
  facet normal 0 0 1
    outer loop
      vertex 74.7613 6.92761 6
      vertex 75.586 7.93253 6
      vertex 75.3889 8.07867 6
    endloop
  endfacet
  facet normal -0 0 1
    outer loop
      vertex 75.1087 5.54078 6
      vertex 76.15 4.73008 6
      vertex 75.1483 5.65166 6
    endloop
  endfacet
  facet normal -0 0 1
    outer loop
      vertex 75.0583 5.43432 6
      vertex 76.15 4.73008 6
      vertex 75.1087 5.54078 6
    endloop
  endfacet
  facet normal -0 0 1
    outer loop
      vertex 74.9978 5.33331 6
      vertex 76.15 4.73008 6
      vertex 75.0583 5.43432 6
    endloop
  endfacet
  facet normal 0 0 1
    outer loop
      vertex 76.15 7.26992 6
      vertex 75.1942 6.11762 6
      vertex 75.2 6 6
    endloop
  endfacet
  facet normal 0 0 1
    outer loop
      vertex 74.6667 6.99776 6
      vertex 75.3889 8.07867 6
      vertex 75.1785 8.2048 6
    endloop
  endfacet
  facet normal 0 0 1
    outer loop
      vertex 76.15 7.26992 6
      vertex 75.1769 6.23411 6
      vertex 75.1942 6.11762 6
    endloop
  endfacet
  facet normal 0 0 1
    outer loop
      vertex 76.15 7.26992 6
      vertex 75.1483 6.34834 6
      vertex 75.1769 6.23411 6
    endloop
  endfacet
  facet normal 0 0 1
    outer loop
      vertex 76.15 7.26992 6
      vertex 75.1087 6.45922 6
      vertex 75.1483 6.34834 6
    endloop
  endfacet
  facet normal 0 0 1
    outer loop
      vertex 76.15 7.26992 6
      vertex 75.0583 6.56568 6
      vertex 75.1087 6.45922 6
    endloop
  endfacet
  facet normal 0 0 1
    outer loop
      vertex 76.15 7.26992 6
      vertex 74.9978 6.66668 6
      vertex 75.0583 6.56568 6
    endloop
  endfacet
  facet normal 0 0 1
    outer loop
      vertex 74.5657 7.0583 6
      vertex 75.1785 8.2048 6
      vertex 74.9567 8.3097 6
    endloop
  endfacet
  facet normal 0 0 1
    outer loop
      vertex 75.9325 7.58598 6
      vertex 74.9276 6.76127 6
      vertex 74.9978 6.66668 6
    endloop
  endfacet
  facet normal 0 0 1
    outer loop
      vertex 75.7678 7.76777 6
      vertex 74.8485 6.84853 6
      vertex 74.9276 6.76127 6
    endloop
  endfacet
  facet normal 0 0 1
    outer loop
      vertex 75.586 7.93253 6
      vertex 74.7613 6.92761 6
      vertex 74.8485 6.84853 6
    endloop
  endfacet
  facet normal 0 0 1
    outer loop
      vertex 74.4592 7.10865 6
      vertex 74.9567 8.3097 6
      vertex 74.7257 8.39235 6
    endloop
  endfacet
  facet normal 0 0 1
    outer loop
      vertex 75.3889 8.07867 6
      vertex 74.6667 6.99776 6
      vertex 74.7613 6.92761 6
    endloop
  endfacet
  facet normal 0 0 1
    outer loop
      vertex 75.1785 8.2048 6
      vertex 74.5657 7.0583 6
      vertex 74.6667 6.99776 6
    endloop
  endfacet
  facet normal 0 0 1
    outer loop
      vertex 74.3483 7.14833 6
      vertex 74.7257 8.39235 6
      vertex 74.4877 8.45196 6
    endloop
  endfacet
  facet normal 0 0 1
    outer loop
      vertex 74.9567 8.3097 6
      vertex 74.4592 7.10865 6
      vertex 74.5657 7.0583 6
    endloop
  endfacet
  facet normal 0 0 1
    outer loop
      vertex 74.7257 8.39235 6
      vertex 74.3483 7.14833 6
      vertex 74.4592 7.10865 6
    endloop
  endfacet
  facet normal 0 0 1
    outer loop
      vertex 74.2341 7.17694 6
      vertex 74.4877 8.45196 6
      vertex 74.245 8.48796 6
    endloop
  endfacet
  facet normal 0 0 1
    outer loop
      vertex 74.4877 8.45196 6
      vertex 74.2341 7.17694 6
      vertex 74.3483 7.14833 6
    endloop
  endfacet
  facet normal 0 0 1
    outer loop
      vertex 74.245 8.48796 6
      vertex 74.1176 7.19422 6
      vertex 74.2341 7.17694 6
    endloop
  endfacet
  facet normal 0 0 1
    outer loop
      vertex 74 8.5 6
      vertex 74.1176 7.19422 6
      vertex 74.245 8.48796 6
    endloop
  endfacet
  facet normal 0 0 1
    outer loop
      vertex 74 8.5 6
      vertex 74 7.2 6
      vertex 74.1176 7.19422 6
    endloop
  endfacet
  facet normal 0 0 1
    outer loop
      vertex 74 8.5 6
      vertex 73.8824 7.19422 6
      vertex 74 7.2 6
    endloop
  endfacet
  facet normal -0 0 1
    outer loop
      vertex 73.755 8.48796 6
      vertex 73.8824 7.19422 6
      vertex 74 8.5 6
    endloop
  endfacet
  facet normal 0 0 1
    outer loop
      vertex 73.8824 7.19422 6
      vertex 73.755 8.48796 6
      vertex 73.7659 7.17694 6
    endloop
  endfacet
  facet normal -0 0 1
    outer loop
      vertex 73.5123 8.45196 6
      vertex 73.7659 7.17694 6
      vertex 73.755 8.48796 6
    endloop
  endfacet
  facet normal 0 0 1
    outer loop
      vertex 73.7659 7.17694 6
      vertex 73.5123 8.45196 6
      vertex 73.6517 7.14833 6
    endloop
  endfacet
  facet normal -0 0 1
    outer loop
      vertex 73.2743 8.39235 6
      vertex 73.6517 7.14833 6
      vertex 73.5123 8.45196 6
    endloop
  endfacet
  facet normal 0 0 1
    outer loop
      vertex 73.6517 7.14833 6
      vertex 73.2743 8.39235 6
      vertex 73.5408 7.10865 6
    endloop
  endfacet
  facet normal -0 0 1
    outer loop
      vertex 73.0433 8.3097 6
      vertex 73.5408 7.10865 6
      vertex 73.2743 8.39235 6
    endloop
  endfacet
  facet normal 0 0 1
    outer loop
      vertex 73.5408 7.10865 6
      vertex 73.0433 8.3097 6
      vertex 73.4343 7.0583 6
    endloop
  endfacet
  facet normal -0 0 1
    outer loop
      vertex 72.8215 8.2048 6
      vertex 73.4343 7.0583 6
      vertex 73.0433 8.3097 6
    endloop
  endfacet
  facet normal 0 0 1
    outer loop
      vertex 73.4343 7.0583 6
      vertex 72.8215 8.2048 6
      vertex 73.3333 6.99776 6
    endloop
  endfacet
  facet normal -0 0 1
    outer loop
      vertex 72.6111 8.07867 6
      vertex 73.3333 6.99776 6
      vertex 72.8215 8.2048 6
    endloop
  endfacet
  facet normal 0 0 1
    outer loop
      vertex 73.3333 6.99776 6
      vertex 72.6111 8.07867 6
      vertex 73.2387 6.92761 6
    endloop
  endfacet
  facet normal -0 0 1
    outer loop
      vertex 72.414 7.93253 6
      vertex 73.2387 6.92761 6
      vertex 72.6111 8.07867 6
    endloop
  endfacet
  facet normal 0 0 1
    outer loop
      vertex 73.2387 6.92761 6
      vertex 72.414 7.93253 6
      vertex 73.1515 6.84853 6
    endloop
  endfacet
  facet normal -0 0 1
    outer loop
      vertex 72.2322 7.76777 6
      vertex 73.1515 6.84853 6
      vertex 72.414 7.93253 6
    endloop
  endfacet
  facet normal 0 0 1
    outer loop
      vertex 73.1515 6.84853 6
      vertex 72.2322 7.76777 6
      vertex 73.0724 6.76127 6
    endloop
  endfacet
  facet normal -0 0 1
    outer loop
      vertex 72.0675 7.58598 6
      vertex 73.0724 6.76127 6
      vertex 72.2322 7.76777 6
    endloop
  endfacet
  facet normal 0 0 1
    outer loop
      vertex 73.0724 6.76127 6
      vertex 72.0675 7.58598 6
      vertex 73.0022 6.66668 6
    endloop
  endfacet
  facet normal -0 0 1
    outer loop
      vertex 71.9213 7.38893 6
      vertex 73.0022 6.66668 6
      vertex 72.0675 7.58598 6
    endloop
  endfacet
  facet normal 0 0 1
    outer loop
      vertex 73.0022 6.66668 6
      vertex 71.9213 7.38893 6
      vertex 72.9417 6.56568 6
    endloop
  endfacet
  facet normal -0 0 1
    outer loop
      vertex 71.7952 7.17849 6
      vertex 72.9417 6.56568 6
      vertex 71.9213 7.38893 6
    endloop
  endfacet
  facet normal 0 0 1
    outer loop
      vertex 72.9417 6.56568 6
      vertex 71.7952 7.17849 6
      vertex 72.8913 6.45922 6
    endloop
  endfacet
  facet normal -0 0 1
    outer loop
      vertex 71.6903 6.95671 6
      vertex 72.8913 6.45922 6
      vertex 71.7952 7.17849 6
    endloop
  endfacet
  facet normal 0 -0 1
    outer loop
      vertex 72.6111 3.92133 6
      vertex 72.8 6 6
      vertex 72.414 4.06747 6
    endloop
  endfacet
  facet normal 0 0 1
    outer loop
      vertex 72.8 6 6
      vertex 72.6111 3.92133 6
      vertex 72.7301 3.85 6
    endloop
  endfacet
  facet normal 0 0 1
    outer loop
      vertex 72.8913 6.45922 6
      vertex 71.6903 6.95671 6
      vertex 72.8517 6.34834 6
    endloop
  endfacet
  facet normal 0 0 1
    outer loop
      vertex 72.8 6 6
      vertex 72.2322 4.23223 6
      vertex 72.414 4.06747 6
    endloop
  endfacet
  facet normal -0 0 1
    outer loop
      vertex 71.6077 6.72571 6
      vertex 72.8517 6.34834 6
      vertex 71.6903 6.95671 6
    endloop
  endfacet
  facet normal 0 0 1
    outer loop
      vertex 72.8 6 6
      vertex 72.0675 4.41402 6
      vertex 72.2322 4.23223 6
    endloop
  endfacet
  facet normal 0 0 1
    outer loop
      vertex 72.8517 6.34834 6
      vertex 71.6077 6.72571 6
      vertex 72.8231 6.23411 6
    endloop
  endfacet
  facet normal 0 0 1
    outer loop
      vertex 72.8 6 6
      vertex 71.9213 4.61107 6
      vertex 72.0675 4.41402 6
    endloop
  endfacet
  facet normal -0 0 1
    outer loop
      vertex 71.548 6.48773 6
      vertex 72.8231 6.23411 6
      vertex 71.6077 6.72571 6
    endloop
  endfacet
  facet normal 0 0 1
    outer loop
      vertex 72.8 6 6
      vertex 71.7952 4.82151 6
      vertex 71.9213 4.61107 6
    endloop
  endfacet
  facet normal 0 0 1
    outer loop
      vertex 72.8231 6.23411 6
      vertex 71.548 6.48773 6
      vertex 72.8058 6.11762 6
    endloop
  endfacet
  facet normal 0 0 1
    outer loop
      vertex 72.8 6 6
      vertex 71.6903 5.04329 6
      vertex 71.7952 4.82151 6
    endloop
  endfacet
  facet normal -0 0 1
    outer loop
      vertex 71.512 6.24504 6
      vertex 72.8058 6.11762 6
      vertex 71.548 6.48773 6
    endloop
  endfacet
  facet normal 0 0 1
    outer loop
      vertex 72.8 6 6
      vertex 71.6077 5.27429 6
      vertex 71.6903 5.04329 6
    endloop
  endfacet
  facet normal 0 0 1
    outer loop
      vertex 72.8058 6.11762 6
      vertex 71.512 6.24504 6
      vertex 72.8 6 6
    endloop
  endfacet
  facet normal 0 0 1
    outer loop
      vertex 72.8 6 6
      vertex 71.548 5.51227 6
      vertex 71.6077 5.27429 6
    endloop
  endfacet
  facet normal 0 0 1
    outer loop
      vertex 71.5 6 6
      vertex 72.8 6 6
      vertex 71.512 6.24504 6
    endloop
  endfacet
  facet normal 0 0 1
    outer loop
      vertex 72.8 6 6
      vertex 71.512 5.75496 6
      vertex 71.548 5.51227 6
    endloop
  endfacet
  facet normal 0 0 1
    outer loop
      vertex 72.8 6 6
      vertex 71.5 6 6
      vertex 71.512 5.75496 6
    endloop
  endfacet
  facet normal 0 0 1
    outer loop
      vertex 76.15 4.73008 6
      vertex 74.9978 5.33331 6
      vertex 76.0787 4.61107 6
    endloop
  endfacet
  facet normal 0 0 1
    outer loop
      vertex 76.0787 4.61107 6
      vertex 74.9978 5.33331 6
      vertex 75.9325 4.41402 6
    endloop
  endfacet
  facet normal -0 0 1
    outer loop
      vertex 74.9276 5.23873 6
      vertex 75.9325 4.41402 6
      vertex 74.9978 5.33331 6
    endloop
  endfacet
  facet normal 0 0 1
    outer loop
      vertex 75.9325 4.41402 6
      vertex 74.9276 5.23873 6
      vertex 75.7678 4.23223 6
    endloop
  endfacet
  facet normal -0 0 1
    outer loop
      vertex 74.8485 5.15147 6
      vertex 75.7678 4.23223 6
      vertex 74.9276 5.23873 6
    endloop
  endfacet
  facet normal 0 0 1
    outer loop
      vertex 75.7678 4.23223 6
      vertex 74.8485 5.15147 6
      vertex 75.586 4.06747 6
    endloop
  endfacet
  facet normal -0 0 1
    outer loop
      vertex 74.7613 5.07239 6
      vertex 75.586 4.06747 6
      vertex 74.8485 5.15147 6
    endloop
  endfacet
  facet normal 0 0 1
    outer loop
      vertex 75.586 4.06747 6
      vertex 74.7613 5.07239 6
      vertex 75.3889 3.92133 6
    endloop
  endfacet
  facet normal -0 0 1
    outer loop
      vertex 74.6667 5.00224 6
      vertex 75.3889 3.92133 6
      vertex 74.7613 5.07239 6
    endloop
  endfacet
  facet normal 0 0 1
    outer loop
      vertex 75.3889 3.92133 6
      vertex 74.6667 5.00224 6
      vertex 75.2699 3.85 6
    endloop
  endfacet
  facet normal -0 0 1
    outer loop
      vertex 74.5657 4.94169 6
      vertex 75.2699 3.85 6
      vertex 74.6667 5.00224 6
    endloop
  endfacet
  facet normal -0 0 1
    outer loop
      vertex 74.4592 4.89134 6
      vertex 75.2699 3.85 6
      vertex 74.5657 4.94169 6
    endloop
  endfacet
  facet normal -0 0 1
    outer loop
      vertex 74.3483 4.85167 6
      vertex 75.2699 3.85 6
      vertex 74.4592 4.89134 6
    endloop
  endfacet
  facet normal -0 0 1
    outer loop
      vertex 74.2341 4.82306 6
      vertex 75.2699 3.85 6
      vertex 74.3483 4.85167 6
    endloop
  endfacet
  facet normal -0 0 1
    outer loop
      vertex 74.1176 4.80578 6
      vertex 75.2699 3.85 6
      vertex 74.2341 4.82306 6
    endloop
  endfacet
  facet normal -0 0 1
    outer loop
      vertex 74 4.8 6
      vertex 75.2699 3.85 6
      vertex 74.1176 4.80578 6
    endloop
  endfacet
  facet normal 0 0 1
    outer loop
      vertex 72.7301 3.85 6
      vertex 74 4.8 6
      vertex 73.8824 4.80578 6
    endloop
  endfacet
  facet normal 0 0 1
    outer loop
      vertex 72.7301 3.85 6
      vertex 73.8824 4.80578 6
      vertex 73.7659 4.82306 6
    endloop
  endfacet
  facet normal 0 0 1
    outer loop
      vertex 72.7301 3.85 6
      vertex 73.7659 4.82306 6
      vertex 73.6517 4.85167 6
    endloop
  endfacet
  facet normal 0 0 1
    outer loop
      vertex 72.7301 3.85 6
      vertex 73.6517 4.85167 6
      vertex 73.5408 4.89134 6
    endloop
  endfacet
  facet normal 0 0 1
    outer loop
      vertex 72.7301 3.85 6
      vertex 73.5408 4.89134 6
      vertex 73.4343 4.94169 6
    endloop
  endfacet
  facet normal 0 0 1
    outer loop
      vertex 74 4.8 6
      vertex 72.7301 3.85 6
      vertex 75.2699 3.85 6
    endloop
  endfacet
  facet normal 0 0 1
    outer loop
      vertex 73.3333 5.00224 6
      vertex 72.7301 3.85 6
      vertex 73.4343 4.94169 6
    endloop
  endfacet
  facet normal 0 0 1
    outer loop
      vertex 73.2387 5.07239 6
      vertex 72.7301 3.85 6
      vertex 73.3333 5.00224 6
    endloop
  endfacet
  facet normal 0 0 1
    outer loop
      vertex 73.1515 5.15147 6
      vertex 72.7301 3.85 6
      vertex 73.2387 5.07239 6
    endloop
  endfacet
  facet normal 0 0 1
    outer loop
      vertex 73.0724 5.23873 6
      vertex 72.7301 3.85 6
      vertex 73.1515 5.15147 6
    endloop
  endfacet
  facet normal 0 0 1
    outer loop
      vertex 73.0022 5.33331 6
      vertex 72.7301 3.85 6
      vertex 73.0724 5.23873 6
    endloop
  endfacet
  facet normal 0 0 1
    outer loop
      vertex 72.9417 5.43432 6
      vertex 72.7301 3.85 6
      vertex 73.0022 5.33331 6
    endloop
  endfacet
  facet normal 0 0 1
    outer loop
      vertex 72.8913 5.54078 6
      vertex 72.7301 3.85 6
      vertex 72.9417 5.43432 6
    endloop
  endfacet
  facet normal 0 0 1
    outer loop
      vertex 72.8517 5.65166 6
      vertex 72.7301 3.85 6
      vertex 72.8913 5.54078 6
    endloop
  endfacet
  facet normal 0 0 1
    outer loop
      vertex 72.8231 5.76589 6
      vertex 72.7301 3.85 6
      vertex 72.8517 5.65166 6
    endloop
  endfacet
  facet normal 0 0 1
    outer loop
      vertex 72.8058 5.88238 6
      vertex 72.7301 3.85 6
      vertex 72.8231 5.76589 6
    endloop
  endfacet
  facet normal 0 0 1
    outer loop
      vertex 72.7301 3.85 6
      vertex 72.8058 5.88238 6
      vertex 72.8 6 6
    endloop
  endfacet
  facet normal 0.495316 0.546504 0.675275
    outer loop
      vertex 75.586 7.93253 6
      vertex 76.15 8.51962 5.11117
      vertex 76.15 8.61978 5.03011
    endloop
  endfacet
  facet normal 0.495296 0.546521 0.675275
    outer loop
      vertex 76.15 8.51962 5.11117
      vertex 75.586 7.93253 6
      vertex 75.7678 7.76777 6
    endloop
  endfacet
  facet normal -0.6667 -0.315429 0.675289
    outer loop
      vertex 71.6903 5.04329 6
      vertex 70.674 4.62234 4.8
      vertex 70.8251 4.30297 4.8
    endloop
  endfacet
  facet normal -0.439328 -0.592298 0.675407
    outer loop
      vertex 72.6111 3.92133 6
      vertex 72.5204 3.85 5.87845
      vertex 72.5634 3.85 5.90642
    endloop
  endfacet
  facet normal -0.379131 -0.632505 0.675424
    outer loop
      vertex 72.6111 3.92133 6
      vertex 72.591 3.85 5.92192
      vertex 72.7301 3.85 6
    endloop
  endfacet
  facet normal 0.439328 -0.592298 0.675407
    outer loop
      vertex 75.4796 3.85 5.87845
      vertex 75.3889 3.92133 6
      vertex 75.4366 3.85 5.90642
    endloop
  endfacet
  facet normal 0.439357 -0.592403 0.675296
    outer loop
      vertex 75.586 4.06747 6
      vertex 75.4796 3.85 5.87845
      vertex 75.7645 3.85 5.69309
    endloop
  endfacet
  facet normal 0.43923 -0.592392 0.675388
    outer loop
      vertex 75.4796 3.85 5.87845
      vertex 75.586 4.06747 6
      vertex 75.3889 3.92133 6
    endloop
  endfacet
  facet normal 0.146928 -0.989147 0
    outer loop
      vertex 74.3529 31.0173 2
      vertex 74.7023 31.0692 4.8
      vertex 74.3529 31.0173 4.8
    endloop
  endfacet
  facet normal 0.146928 -0.989147 0
    outer loop
      vertex 74.7023 31.0692 4.8
      vertex 74.3529 31.0173 2
      vertex 74.7023 31.0692 2
    endloop
  endfacet
  facet normal -0.970059 -0.242869 0
    outer loop
      vertex 70.555 33.555 2
      vertex 70.4692 33.8977 3
      vertex 70.4692 33.8977 2
    endloop
  endfacet
  facet normal -0.970059 -0.242869 0
    outer loop
      vertex 70.4692 33.8977 3
      vertex 70.555 33.555 2
      vertex 70.555 33.555 3
    endloop
  endfacet
  facet normal -0.857817 0.513955 0
    outer loop
      vertex 70.8251 36.297 2
      vertex 71.0067 36.6001 3
      vertex 71.0067 36.6001 2
    endloop
  endfacet
  facet normal -0.857817 0.513955 0
    outer loop
      vertex 71.0067 36.6001 3
      vertex 70.8251 36.297 2
      vertex 70.8251 36.297 3
    endloop
  endfacet
  facet normal -0.146928 -0.989147 0
    outer loop
      vertex 73.2977 31.0692 2
      vertex 73.6471 31.0173 4.8
      vertex 73.2977 31.0692 4.8
    endloop
  endfacet
  facet normal -0.146928 -0.989147 -0
    outer loop
      vertex 73.6471 31.0173 4.8
      vertex 73.2977 31.0692 2
      vertex 73.6471 31.0173 2
    endloop
  endfacet
  facet normal -0.59587 -0.803081 0
    outer loop
      vertex 71.7162 31.8172 2
      vertex 71.9999 31.6067 4.8
      vertex 71.7162 31.8172 4.8
    endloop
  endfacet
  facet normal -0.59587 -0.803081 -0
    outer loop
      vertex 71.9999 31.6067 4.8
      vertex 71.7162 31.8172 2
      vertex 71.9999 31.6067 2
    endloop
  endfacet
  facet normal -0.941582 0.336785 0
    outer loop
      vertex 70.555 35.645 2
      vertex 70.674 35.9777 3
      vertex 70.674 35.9777 2
    endloop
  endfacet
  facet normal -0.941582 0.336785 0
    outer loop
      vertex 70.674 35.9777 3
      vertex 70.555 35.645 2
      vertex 70.555 35.645 3
    endloop
  endfacet
  facet normal -0.803123 -0.595813 0
    outer loop
      vertex 71.0067 32.5999 2
      vertex 71.155 32.4 3
      vertex 71.0067 32.5999 3
    endloop
  endfacet
  facet normal -0.80298 -0.596006 -0
    outer loop
      vertex 71.2172 32.3162 4.8
      vertex 71.155 32.4 3
      vertex 71.2172 32.3162 2
    endloop
  endfacet
  facet normal -0.803081 -0.59587 -1.76638e-05
    outer loop
      vertex 71.2172 32.3162 2
      vertex 71.155 32.4 3
      vertex 71.0067 32.5999 2
    endloop
  endfacet
  facet normal -0 -0 1
    outer loop
      vertex 71.155 32.4 4.8
      vertex 71.2172 32.3162 4.8
      vertex 71.0067 32.5999 4.8
    endloop
  endfacet
  facet normal -0.80298 -0.596006 0
    outer loop
      vertex 71.155 32.4 3
      vertex 71.2172 32.3162 4.8
      vertex 71.155 32.4 4.8
    endloop
  endfacet
  facet normal 0.336785 -0.941582 0
    outer loop
      vertex 75.045 31.155 2
      vertex 75.3777 31.274 4.8
      vertex 75.045 31.155 4.8
    endloop
  endfacet
  facet normal 0.336785 -0.941582 0
    outer loop
      vertex 75.3777 31.274 4.8
      vertex 75.045 31.155 2
      vertex 75.3777 31.274 2
    endloop
  endfacet
  facet normal 0.0489636 -0.998801 0
    outer loop
      vertex 74 31 2
      vertex 74.3529 31.0173 4.8
      vertex 74 31 4.8
    endloop
  endfacet
  facet normal 0.0489636 -0.998801 0
    outer loop
      vertex 74.3529 31.0173 4.8
      vertex 74 31 2
      vertex 74.3529 31.0173 2
    endloop
  endfacet
  facet normal 0.595791 -0.803139 0
    outer loop
      vertex 76.0001 31.6067 2
      vertex 76.15 31.7179 4.8
      vertex 76.0001 31.6067 4.8
    endloop
  endfacet
  facet normal 0.595791 -0.803139 0
    outer loop
      vertex 76.15 31.7179 4.8
      vertex 76.0001 31.6067 2
      vertex 76.15 31.7179 2
    endloop
  endfacet
  facet normal -0.970059 0.242869 0
    outer loop
      vertex 70.4692 35.3023 2
      vertex 70.555 35.645 3
      vertex 70.555 35.645 2
    endloop
  endfacet
  facet normal -0.970059 0.242869 0
    outer loop
      vertex 70.555 35.645 3
      vertex 70.4692 35.3023 2
      vertex 70.4692 35.3023 3
    endloop
  endfacet
  facet normal -0.989147 -0.146928 0
    outer loop
      vertex 70.4692 33.8977 2
      vertex 70.4173 34.2471 3
      vertex 70.4173 34.2471 2
    endloop
  endfacet
  facet normal -0.989147 -0.146928 0
    outer loop
      vertex 70.4173 34.2471 3
      vertex 70.4692 33.8977 2
      vertex 70.4692 33.8977 3
    endloop
  endfacet
  facet normal -0.941582 -0.336785 0
    outer loop
      vertex 70.674 33.2223 2
      vertex 70.555 33.555 3
      vertex 70.555 33.555 2
    endloop
  endfacet
  facet normal -0.941582 -0.336785 0
    outer loop
      vertex 70.555 33.555 3
      vertex 70.674 33.2223 2
      vertex 70.674 33.2223 3
    endloop
  endfacet
  facet normal -0.741066 -0.671432 0
    outer loop
      vertex 71.4544 32.0544 2
      vertex 71.2172 32.3162 4.8
      vertex 71.2172 32.3162 2
    endloop
  endfacet
  facet normal -0.741066 -0.671432 0
    outer loop
      vertex 71.2172 32.3162 4.8
      vertex 71.4544 32.0544 2
      vertex 71.4544 32.0544 4.8
    endloop
  endfacet
  facet normal -0.903899 -0.427746 0
    outer loop
      vertex 70.8251 32.903 2
      vertex 70.674 33.2223 3
      vertex 70.674 33.2223 2
    endloop
  endfacet
  facet normal -0.903899 -0.427746 0
    outer loop
      vertex 70.674 33.2223 3
      vertex 70.8251 32.903 2
      vertex 70.8251 32.903 3
    endloop
  endfacet
  facet normal 0.427746 -0.903899 0
    outer loop
      vertex 75.3777 31.274 2
      vertex 75.697 31.4251 4.8
      vertex 75.3777 31.274 4.8
    endloop
  endfacet
  facet normal 0.427746 -0.903899 0
    outer loop
      vertex 75.697 31.4251 4.8
      vertex 75.3777 31.274 2
      vertex 75.697 31.4251 2
    endloop
  endfacet
  facet normal -0.903899 0.427746 0
    outer loop
      vertex 70.674 35.9777 2
      vertex 70.8251 36.297 3
      vertex 70.8251 36.297 2
    endloop
  endfacet
  facet normal -0.903899 0.427746 0
    outer loop
      vertex 70.8251 36.297 3
      vertex 70.674 35.9777 2
      vertex 70.674 35.9777 3
    endloop
  endfacet
  facet normal -0.513955 -0.857817 0
    outer loop
      vertex 71.9999 31.6067 2
      vertex 72.303 31.4251 4.8
      vertex 71.9999 31.6067 4.8
    endloop
  endfacet
  facet normal -0.513955 -0.857817 -0
    outer loop
      vertex 72.303 31.4251 4.8
      vertex 71.9999 31.6067 2
      vertex 72.303 31.4251 2
    endloop
  endfacet
  facet normal -0.427746 -0.903899 0
    outer loop
      vertex 72.303 31.4251 2
      vertex 72.6223 31.274 4.8
      vertex 72.303 31.4251 4.8
    endloop
  endfacet
  facet normal -0.427746 -0.903899 -0
    outer loop
      vertex 72.6223 31.274 4.8
      vertex 72.303 31.4251 2
      vertex 72.6223 31.274 2
    endloop
  endfacet
  facet normal -0.803139 0.595791 0
    outer loop
      vertex 71.0067 36.6001 2
      vertex 71.1179 36.75 3
      vertex 71.1179 36.75 2
    endloop
  endfacet
  facet normal -0.803139 0.595791 0
    outer loop
      vertex 71.1179 36.75 3
      vertex 71.0067 36.6001 2
      vertex 71.0067 36.6001 3
    endloop
  endfacet
  facet normal -0.671432 -0.741066 0
    outer loop
      vertex 71.4544 32.0544 2
      vertex 71.7162 31.8172 4.8
      vertex 71.4544 32.0544 4.8
    endloop
  endfacet
  facet normal -0.671432 -0.741066 -0
    outer loop
      vertex 71.7162 31.8172 4.8
      vertex 71.4544 32.0544 2
      vertex 71.7162 31.8172 2
    endloop
  endfacet
  facet normal -0.998801 -0.0489636 0
    outer loop
      vertex 70.4173 34.2471 2
      vertex 70.4 34.6 3
      vertex 70.4 34.6 2
    endloop
  endfacet
  facet normal -0.998801 -0.0489636 0
    outer loop
      vertex 70.4 34.6 3
      vertex 70.4173 34.2471 2
      vertex 70.4173 34.2471 3
    endloop
  endfacet
  facet normal -0.242869 -0.970059 0
    outer loop
      vertex 72.955 31.155 2
      vertex 73.2977 31.0692 4.8
      vertex 72.955 31.155 4.8
    endloop
  endfacet
  facet normal -0.242869 -0.970059 -0
    outer loop
      vertex 73.2977 31.0692 4.8
      vertex 72.955 31.155 2
      vertex 73.2977 31.0692 2
    endloop
  endfacet
  facet normal 0.513955 -0.857817 0
    outer loop
      vertex 75.697 31.4251 2
      vertex 76.0001 31.6067 4.8
      vertex 75.697 31.4251 4.8
    endloop
  endfacet
  facet normal 0.513955 -0.857817 0
    outer loop
      vertex 76.0001 31.6067 4.8
      vertex 75.697 31.4251 2
      vertex 76.0001 31.6067 2
    endloop
  endfacet
  facet normal -0.989147 0.146928 0
    outer loop
      vertex 70.4173 34.9529 2
      vertex 70.4692 35.3023 3
      vertex 70.4692 35.3023 2
    endloop
  endfacet
  facet normal -0.989147 0.146928 0
    outer loop
      vertex 70.4692 35.3023 3
      vertex 70.4173 34.9529 2
      vertex 70.4173 34.9529 3
    endloop
  endfacet
  facet normal -0.0489636 -0.998801 0
    outer loop
      vertex 73.6471 31.0173 2
      vertex 74 31 4.8
      vertex 73.6471 31.0173 4.8
    endloop
  endfacet
  facet normal -0.0489636 -0.998801 -0
    outer loop
      vertex 74 31 4.8
      vertex 73.6471 31.0173 2
      vertex 74 31 2
    endloop
  endfacet
  facet normal 0.242869 -0.970059 0
    outer loop
      vertex 74.7023 31.0692 2
      vertex 75.045 31.155 4.8
      vertex 74.7023 31.0692 4.8
    endloop
  endfacet
  facet normal 0.242869 -0.970059 0
    outer loop
      vertex 75.045 31.155 4.8
      vertex 74.7023 31.0692 2
      vertex 75.045 31.155 2
    endloop
  endfacet
  facet normal -0.998801 0.0489636 0
    outer loop
      vertex 70.4 34.6 2
      vertex 70.4173 34.9529 3
      vertex 70.4173 34.9529 2
    endloop
  endfacet
  facet normal -0.998801 0.0489636 0
    outer loop
      vertex 70.4173 34.9529 3
      vertex 70.4 34.6 2
      vertex 70.4 34.6 3
    endloop
  endfacet
  facet normal -0.336785 -0.941582 0
    outer loop
      vertex 72.6223 31.274 2
      vertex 72.955 31.155 4.8
      vertex 72.6223 31.274 4.8
    endloop
  endfacet
  facet normal -0.336785 -0.941582 -0
    outer loop
      vertex 72.955 31.155 4.8
      vertex 72.6223 31.274 2
      vertex 72.955 31.155 2
    endloop
  endfacet
  facet normal -0.857817 -0.513955 0
    outer loop
      vertex 71.0067 32.5999 2
      vertex 70.8251 32.903 3
      vertex 70.8251 32.903 2
    endloop
  endfacet
  facet normal -0.857817 -0.513955 0
    outer loop
      vertex 70.8251 32.903 3
      vertex 71.0067 32.5999 2
      vertex 71.0067 32.5999 3
    endloop
  endfacet
  facet normal -0.729596 0.108222 0.675261
    outer loop
      vertex 71.548 35.0877 6
      vertex 70.4692 35.3023 4.8
      vertex 71.512 34.845 6
    endloop
  endfacet
  facet normal -0.495315 0.546535 0.67525
    outer loop
      vertex 72.0379 36.75 5.54813
      vertex 71.85 36.75 5.4103
      vertex 72.2322 36.3678 6
    endloop
  endfacet
  facet normal 0.315483 -0.666669 0.675295
    outer loop
      vertex 75.697 31.4251 4.8
      vertex 74.9567 32.2903 6
      vertex 75.3777 31.274 4.8
    endloop
  endfacet
  facet normal 0.592459 0.439264 0.675307
    outer loop
      vertex 76.15 36.0796 5.87845
      vertex 76.0787 35.9889 6
      vertex 76.15 36.0366 5.90642
    endloop
  endfacet
  facet normal -0.59239 -0.439408 0.675274
    outer loop
      vertex 71.9213 33.2111 6
      vertex 71.2172 32.3162 4.8
      vertex 72.0675 33.014 6
    endloop
  endfacet
  facet normal 0.546503 0.49536 0.675243
    outer loop
      vertex 75.7678 36.3678 6
      vertex 76.15 36.3645 5.69309
      vertex 76.15 36.5621 5.54813
    endloop
  endfacet
  facet normal 0.546573 0.495162 0.675332
    outer loop
      vertex 76.15 36.3645 5.69309
      vertex 75.7678 36.3678 6
      vertex 75.9325 36.186 6
    endloop
  endfacet
  facet normal -0.108222 -0.729596 0.675261
    outer loop
      vertex 73.5123 32.148 6
      vertex 73.2977 31.0692 4.8
      vertex 73.755 32.112 6
    endloop
  endfacet
  facet normal 0.632664 0.379067 0.67531
    outer loop
      vertex 76.15 36.009 5.92192
      vertex 76.0787 35.9889 6
      vertex 76.15 35.8699 6
    endloop
  endfacet
  facet normal -0.666669 0.315483 0.675295
    outer loop
      vertex 70.8251 36.297 4.8
      vertex 70.674 35.9777 4.8
      vertex 71.6903 35.5567 6
    endloop
  endfacet
  facet normal -0.694485 0.248331 0.675294
    outer loop
      vertex 71.6903 35.5567 6
      vertex 70.674 35.9777 4.8
      vertex 71.6077 35.3257 6
    endloop
  endfacet
  facet normal 0.546535 0.495315 0.67525
    outer loop
      vertex 76.15 36.75 5.4103
      vertex 75.7678 36.3678 6
      vertex 76.15 36.5621 5.54813
    endloop
  endfacet
  facet normal -0.439408 -0.59239 0.675274
    outer loop
      vertex 72.414 32.6675 6
      vertex 71.7162 31.8172 4.8
      vertex 72.6111 32.5213 6
    endloop
  endfacet
  facet normal 0.379166 -0.632645 0.675272
    outer loop
      vertex 75.3889 32.5213 6
      vertex 75.1785 32.3952 6
      vertex 75.697 31.4251 4.8
    endloop
  endfacet
  facet normal 0.59235 0.439378 0.675329
    outer loop
      vertex 75.9325 36.186 6
      vertex 76.15 36.0796 5.87845
      vertex 76.15 36.3645 5.69309
    endloop
  endfacet
  facet normal 0.59235 0.439379 0.675328
    outer loop
      vertex 76.15 36.0796 5.87845
      vertex 75.9325 36.186 6
      vertex 76.0787 35.9889 6
    endloop
  endfacet
  facet normal -0.248595 -0.694384 0.675301
    outer loop
      vertex 73.0433 32.2903 6
      vertex 72.6223 31.274 4.8
      vertex 73.2743 32.2076 6
    endloop
  endfacet
  facet normal 0.0360822 -0.736679 0.67528
    outer loop
      vertex 74.245 32.112 6
      vertex 74 32.1 6
      vertex 74.3529 31.0173 4.8
    endloop
  endfacet
  facet normal -0.108368 -0.729556 0.675281
    outer loop
      vertex 73.755 32.112 6
      vertex 73.2977 31.0692 4.8
      vertex 73.6471 31.0173 4.8
    endloop
  endfacet
  facet normal 0.379236 0.632589 0.675285
    outer loop
      vertex 75.409 36.75 5.92192
      vertex 75.3889 36.6787 6
      vertex 75.4366 36.75 5.90642
    endloop
  endfacet
  facet normal -0.379236 0.632589 0.675285
    outer loop
      vertex 72.591 36.75 5.92192
      vertex 72.5634 36.75 5.90642
      vertex 72.6111 36.6787 6
    endloop
  endfacet
  facet normal -0.379067 0.632664 0.67531
    outer loop
      vertex 72.7301 36.75 6
      vertex 72.591 36.75 5.92192
      vertex 72.6111 36.6787 6
    endloop
  endfacet
  facet normal -0.666758 0.315342 0.675272
    outer loop
      vertex 71.7952 35.7785 6
      vertex 70.8251 36.297 4.8
      vertex 71.6903 35.5567 6
    endloop
  endfacet
  facet normal -0.729556 -0.108368 0.675281
    outer loop
      vertex 71.512 34.355 6
      vertex 70.4173 34.2471 4.8
      vertex 70.4692 33.8977 4.8
    endloop
  endfacet
  facet normal -0.632688 -0.37907 0.675287
    outer loop
      vertex 71.9213 33.2111 6
      vertex 70.8251 32.903 4.8
      vertex 71.0067 32.5999 4.8
    endloop
  endfacet
  facet normal -0.495197 -0.54661 0.675276
    outer loop
      vertex 72.2322 32.8322 6
      vertex 71.7162 31.8172 4.8
      vertex 72.414 32.6675 6
    endloop
  endfacet
  facet normal -0.694454 0.248392 0.675303
    outer loop
      vertex 70.674 35.9777 4.8
      vertex 70.555 35.645 4.8
      vertex 71.6077 35.3257 6
    endloop
  endfacet
  facet normal 0.179133 -0.715489 0.675268
    outer loop
      vertex 74.7257 32.2076 6
      vertex 74.7023 31.0692 4.8
      vertex 75.045 31.155 4.8
    endloop
  endfacet
  facet normal -0.736679 -0.0360822 0.67528
    outer loop
      vertex 71.5 34.6 6
      vertex 70.4173 34.2471 4.8
      vertex 71.512 34.355 6
    endloop
  endfacet
  facet normal -0.71542 0.179456 0.675255
    outer loop
      vertex 71.6077 35.3257 6
      vertex 70.4692 35.3023 4.8
      vertex 71.548 35.0877 6
    endloop
  endfacet
  facet normal 0.37907 -0.632688 0.675287
    outer loop
      vertex 76.0001 31.6067 4.8
      vertex 75.3889 32.5213 6
      vertex 75.697 31.4251 4.8
    endloop
  endfacet
  facet normal -0.179133 -0.715489 0.675268
    outer loop
      vertex 73.2743 32.2076 6
      vertex 72.955 31.155 4.8
      vertex 73.2977 31.0692 4.8
    endloop
  endfacet
  facet normal 0.439378 0.59235 0.675329
    outer loop
      vertex 75.4796 36.75 5.87845
      vertex 75.586 36.5325 6
      vertex 75.7645 36.75 5.69309
    endloop
  endfacet
  facet normal 0.439379 0.59235 0.675328
    outer loop
      vertex 75.586 36.5325 6
      vertex 75.4796 36.75 5.87845
      vertex 75.3889 36.6787 6
    endloop
  endfacet
  facet normal -0.248402 -0.694482 0.675272
    outer loop
      vertex 73.2743 32.2076 6
      vertex 72.6223 31.274 4.8
      vertex 72.955 31.155 4.8
    endloop
  endfacet
  facet normal -0.71546 0.179126 0.6753
    outer loop
      vertex 70.555 35.645 4.8
      vertex 70.4692 35.3023 4.8
      vertex 71.6077 35.3257 6
    endloop
  endfacet
  facet normal -0.495228 -0.546588 0.675271
    outer loop
      vertex 72.2322 32.8322 6
      vertex 71.4544 32.0544 4.8
      vertex 71.7162 31.8172 4.8
    endloop
  endfacet
  facet normal -0.736673 0.0361135 0.675284
    outer loop
      vertex 70.4173 34.9529 4.8
      vertex 70.4 34.6 4.8
      vertex 71.5 34.6 6
    endloop
  endfacet
  facet normal -0.546504 0.495347 0.675251
    outer loop
      vertex 71.85 36.75 5.4103
      vertex 71.4804 36.75 5.11117
      vertex 72.2322 36.3678 6
    endloop
  endfacet
  facet normal -0.71546 -0.179126 0.6753
    outer loop
      vertex 71.6077 33.8743 6
      vertex 70.4692 33.8977 4.8
      vertex 70.555 33.555 4.8
    endloop
  endfacet
  facet normal 0.495347 -0.546504 0.675251
    outer loop
      vertex 76.15 32.45 5.4103
      vertex 75.7678 32.8322 6
      vertex 76.15 32.0804 5.11117
    endloop
  endfacet
  facet normal 0.495315 0.546535 0.67525
    outer loop
      vertex 75.9621 36.75 5.54813
      vertex 75.7678 36.3678 6
      vertex 76.15 36.75 5.4103
    endloop
  endfacet
  facet normal -0.54661 0.495196 0.675276
    outer loop
      vertex 71.4804 36.75 5.11117
      vertex 72.0675 36.186 6
      vertex 72.2322 36.3678 6
    endloop
  endfacet
  facet normal -0.546292 0.495539 0.675283
    outer loop
      vertex 72.0675 36.186 6
      vertex 71.4804 36.75 5.11117
      vertex 71.3802 36.75 5.03011
    endloop
  endfacet
  facet normal 0.592459 -0.439264 0.675307
    outer loop
      vertex 76.15 33.1634 5.90642
      vertex 76.0787 33.2111 6
      vertex 76.15 33.1204 5.87845
    endloop
  endfacet
  facet normal 0.632589 0.379236 0.675285
    outer loop
      vertex 76.15 36.0366 5.90642
      vertex 76.0787 35.9889 6
      vertex 76.15 36.009 5.92192
    endloop
  endfacet
  facet normal -0.546588 -0.495228 0.675271
    outer loop
      vertex 72.2322 32.8322 6
      vertex 71.2172 32.3162 4.8
      vertex 71.4544 32.0544 4.8
    endloop
  endfacet
  facet normal -0.736679 0.0360822 0.67528
    outer loop
      vertex 71.512 34.845 6
      vertex 70.4173 34.9529 4.8
      vertex 71.5 34.6 6
    endloop
  endfacet
  facet normal -0.495162 0.546573 0.675332
    outer loop
      vertex 72.2355 36.75 5.69309
      vertex 72.2322 36.3678 6
      vertex 72.414 36.5325 6
    endloop
  endfacet
  facet normal -0.49536 0.546503 0.675243
    outer loop
      vertex 72.2322 36.3678 6
      vertex 72.2355 36.75 5.69309
      vertex 72.0379 36.75 5.54813
    endloop
  endfacet
  facet normal -0.0361135 -0.736673 0.675284
    outer loop
      vertex 74 32.1 6
      vertex 73.6471 31.0173 4.8
      vertex 74 31 4.8
    endloop
  endfacet
  facet normal -0.729556 0.108368 0.675281
    outer loop
      vertex 70.4692 35.3023 4.8
      vertex 70.4173 34.9529 4.8
      vertex 71.512 34.845 6
    endloop
  endfacet
  facet normal 0.495196 -0.54661 0.675276
    outer loop
      vertex 75.586 32.6675 6
      vertex 76.15 32.0804 5.11117
      vertex 75.7678 32.8322 6
    endloop
  endfacet
  facet normal 0.495539 -0.546292 0.675283
    outer loop
      vertex 76.15 32.0804 5.11117
      vertex 75.586 32.6675 6
      vertex 76.15 31.9802 5.03011
    endloop
  endfacet
  facet normal 0.632589 -0.379236 0.675285
    outer loop
      vertex 76.15 33.191 5.92192
      vertex 76.0787 33.2111 6
      vertex 76.15 33.1634 5.90642
    endloop
  endfacet
  facet normal 0.439264 0.592459 0.675307
    outer loop
      vertex 75.4366 36.75 5.90642
      vertex 75.3889 36.6787 6
      vertex 75.4796 36.75 5.87845
    endloop
  endfacet
  facet normal -0.736673 -0.0361135 0.675284
    outer loop
      vertex 71.5 34.6 6
      vertex 70.4 34.6 4.8
      vertex 70.4173 34.2471 4.8
    endloop
  endfacet
  facet normal 0.59235 -0.439379 0.675328
    outer loop
      vertex 75.9325 33.014 6
      vertex 76.15 33.1204 5.87845
      vertex 76.0787 33.2111 6
    endloop
  endfacet
  facet normal 0.59235 -0.439378 0.675329
    outer loop
      vertex 76.15 33.1204 5.87845
      vertex 75.9325 33.014 6
      vertex 76.15 32.8355 5.69309
    endloop
  endfacet
  facet normal -0.71542 -0.179456 0.675255
    outer loop
      vertex 71.548 34.1123 6
      vertex 70.4692 33.8977 4.8
      vertex 71.6077 33.8743 6
    endloop
  endfacet
  facet normal 0.0361135 -0.736673 0.675284
    outer loop
      vertex 74 32.1 6
      vertex 74 31 4.8
      vertex 74.3529 31.0173 4.8
    endloop
  endfacet
  facet normal -0.632688 0.37907 0.675287
    outer loop
      vertex 71.0067 36.6001 4.8
      vertex 70.8251 36.297 4.8
      vertex 71.9213 35.9889 6
    endloop
  endfacet
  facet normal 0.546535 -0.495315 0.67525
    outer loop
      vertex 76.15 32.6379 5.54813
      vertex 75.7678 32.8322 6
      vertex 76.15 32.45 5.4103
    endloop
  endfacet
  facet normal 0.315342 -0.666758 0.675272
    outer loop
      vertex 75.1785 32.3952 6
      vertex 74.9567 32.2903 6
      vertex 75.697 31.4251 4.8
    endloop
  endfacet
  facet normal -0.592308 0.43939 0.675357
    outer loop
      vertex 71.0067 36.6001 4.8
      vertex 71.3225 36.75 4.97944
      vertex 71.1179 36.75 4.8
    endloop
  endfacet
  facet normal -0.592314 0.439488 0.675288
    outer loop
      vertex 71.3225 36.75 4.97944
      vertex 71.0067 36.6001 4.8
      vertex 71.9213 35.9889 6
    endloop
  endfacet
  facet normal -0.54661 -0.495197 0.675276
    outer loop
      vertex 72.0675 33.014 6
      vertex 71.2172 32.3162 4.8
      vertex 72.2322 32.8322 6
    endloop
  endfacet
  facet normal -0.592376 0.439398 0.675293
    outer loop
      vertex 71.3802 36.75 5.03011
      vertex 71.9213 35.9889 6
      vertex 72.0675 36.186 6
    endloop
  endfacet
  facet normal -0.592911 0.438862 0.675172
    outer loop
      vertex 71.9213 35.9889 6
      vertex 71.3802 36.75 5.03011
      vertex 71.3225 36.75 4.97944
    endloop
  endfacet
  facet normal 0.379067 0.632664 0.67531
    outer loop
      vertex 75.409 36.75 5.92192
      vertex 75.2699 36.75 6
      vertex 75.3889 36.6787 6
    endloop
  endfacet
  facet normal -0.729596 -0.108222 0.675261
    outer loop
      vertex 71.512 34.355 6
      vertex 70.4692 33.8977 4.8
      vertex 71.548 34.1123 6
    endloop
  endfacet
  facet normal 0.546573 -0.495162 0.675332
    outer loop
      vertex 75.7678 32.8322 6
      vertex 76.15 32.8355 5.69309
      vertex 75.9325 33.014 6
    endloop
  endfacet
  facet normal 0.546503 -0.49536 0.675243
    outer loop
      vertex 76.15 32.8355 5.69309
      vertex 75.7678 32.8322 6
      vertex 76.15 32.6379 5.54813
    endloop
  endfacet
  facet normal -0.592315 -0.439487 0.675288
    outer loop
      vertex 71.9213 33.2111 6
      vertex 71.0067 32.5999 4.8
      vertex 71.2172 32.3162 4.8
    endloop
  endfacet
  facet normal -0.694454 -0.248392 0.675303
    outer loop
      vertex 71.6077 33.8743 6
      vertex 70.555 33.555 4.8
      vertex 70.674 33.2223 4.8
    endloop
  endfacet
  facet normal 0.108368 -0.729556 0.675281
    outer loop
      vertex 74.7023 31.0692 4.8
      vertex 74.245 32.112 6
      vertex 74.3529 31.0173 4.8
    endloop
  endfacet
  facet normal -0.439264 0.592459 0.675307
    outer loop
      vertex 72.5634 36.75 5.90642
      vertex 72.5204 36.75 5.87845
      vertex 72.6111 36.6787 6
    endloop
  endfacet
  facet normal -0.632645 0.379166 0.675272
    outer loop
      vertex 71.9213 35.9889 6
      vertex 70.8251 36.297 4.8
      vertex 71.7952 35.7785 6
    endloop
  endfacet
  facet normal 0.632664 -0.379067 0.67531
    outer loop
      vertex 76.15 33.3301 6
      vertex 76.0787 33.2111 6
      vertex 76.15 33.191 5.92192
    endloop
  endfacet
  facet normal -0.632645 -0.379166 0.675272
    outer loop
      vertex 71.7952 33.4215 6
      vertex 70.8251 32.903 4.8
      vertex 71.9213 33.2111 6
    endloop
  endfacet
  facet normal -0.439379 0.59235 0.675328
    outer loop
      vertex 72.5204 36.75 5.87845
      vertex 72.414 36.5325 6
      vertex 72.6111 36.6787 6
    endloop
  endfacet
  facet normal -0.439378 0.59235 0.675329
    outer loop
      vertex 72.414 36.5325 6
      vertex 72.5204 36.75 5.87845
      vertex 72.2355 36.75 5.69309
    endloop
  endfacet
  facet normal -0.37907 -0.632688 0.675287
    outer loop
      vertex 72.6111 32.5213 6
      vertex 71.9999 31.6067 4.8
      vertex 72.303 31.4251 4.8
    endloop
  endfacet
  facet normal -0.666758 -0.315342 0.675272
    outer loop
      vertex 71.6903 33.6433 6
      vertex 70.8251 32.903 4.8
      vertex 71.7952 33.4215 6
    endloop
  endfacet
  facet normal -0.694485 -0.248331 0.675294
    outer loop
      vertex 71.6077 33.8743 6
      vertex 70.674 33.2223 4.8
      vertex 71.6903 33.6433 6
    endloop
  endfacet
  facet normal -0.0360822 -0.736679 0.67528
    outer loop
      vertex 73.755 32.112 6
      vertex 73.6471 31.0173 4.8
      vertex 74 32.1 6
    endloop
  endfacet
  facet normal 0.248402 -0.694482 0.675272
    outer loop
      vertex 75.3777 31.274 4.8
      vertex 74.7257 32.2076 6
      vertex 75.045 31.155 4.8
    endloop
  endfacet
  facet normal 0.248595 -0.694384 0.675301
    outer loop
      vertex 74.9567 32.2903 6
      vertex 74.7257 32.2076 6
      vertex 75.3777 31.274 4.8
    endloop
  endfacet
  facet normal 0 0 1
    outer loop
      vertex 76.15 35.8699 6
      vertex 75.1942 34.7176 6
      vertex 75.2 34.6 6
    endloop
  endfacet
  facet normal 0 0 1
    outer loop
      vertex 75.3889 36.6787 6
      vertex 75.1769 34.8341 6
      vertex 75.1942 34.7176 6
    endloop
  endfacet
  facet normal 0 0 1
    outer loop
      vertex 75.3889 36.6787 6
      vertex 75.1483 34.9483 6
      vertex 75.1769 34.8341 6
    endloop
  endfacet
  facet normal 0 0 1
    outer loop
      vertex 75.3889 36.6787 6
      vertex 75.1087 35.0592 6
      vertex 75.1483 34.9483 6
    endloop
  endfacet
  facet normal 0 0 1
    outer loop
      vertex 75.3889 36.6787 6
      vertex 75.0583 35.1657 6
      vertex 75.1087 35.0592 6
    endloop
  endfacet
  facet normal 0 0 1
    outer loop
      vertex 75.3889 36.6787 6
      vertex 74.9978 35.2667 6
      vertex 75.0583 35.1657 6
    endloop
  endfacet
  facet normal 0 0 1
    outer loop
      vertex 75.3889 36.6787 6
      vertex 74.9276 35.3613 6
      vertex 74.9978 35.2667 6
    endloop
  endfacet
  facet normal 0 0 1
    outer loop
      vertex 75.3889 36.6787 6
      vertex 74.8485 35.4485 6
      vertex 74.9276 35.3613 6
    endloop
  endfacet
  facet normal 0 0 1
    outer loop
      vertex 75.3889 36.6787 6
      vertex 74.7613 35.5276 6
      vertex 74.8485 35.4485 6
    endloop
  endfacet
  facet normal 0 0 1
    outer loop
      vertex 75.3889 36.6787 6
      vertex 74.6667 35.5978 6
      vertex 74.7613 35.5276 6
    endloop
  endfacet
  facet normal 0 0 1
    outer loop
      vertex 75.2699 36.75 6
      vertex 74.5657 35.6583 6
      vertex 74.6667 35.5978 6
    endloop
  endfacet
  facet normal 0 0 1
    outer loop
      vertex 75.2699 36.75 6
      vertex 74.4592 35.7087 6
      vertex 74.5657 35.6583 6
    endloop
  endfacet
  facet normal 0 0 1
    outer loop
      vertex 75.2699 36.75 6
      vertex 74.3483 35.7483 6
      vertex 74.4592 35.7087 6
    endloop
  endfacet
  facet normal 0 0 1
    outer loop
      vertex 75.2699 36.75 6
      vertex 74.2341 35.7769 6
      vertex 74.3483 35.7483 6
    endloop
  endfacet
  facet normal 0 0 1
    outer loop
      vertex 75.2699 36.75 6
      vertex 74.1176 35.7942 6
      vertex 74.2341 35.7769 6
    endloop
  endfacet
  facet normal 0 0 1
    outer loop
      vertex 75.2699 36.75 6
      vertex 74 35.8 6
      vertex 74.1176 35.7942 6
    endloop
  endfacet
  facet normal -0 0 1
    outer loop
      vertex 72.7301 36.75 6
      vertex 74 35.8 6
      vertex 75.2699 36.75 6
    endloop
  endfacet
  facet normal 0 0 1
    outer loop
      vertex 74 35.8 6
      vertex 72.7301 36.75 6
      vertex 73.8824 35.7942 6
    endloop
  endfacet
  facet normal 0 0 1
    outer loop
      vertex 73.8824 35.7942 6
      vertex 72.7301 36.75 6
      vertex 73.7659 35.7769 6
    endloop
  endfacet
  facet normal 0 0 1
    outer loop
      vertex 73.7659 35.7769 6
      vertex 72.7301 36.75 6
      vertex 73.6517 35.7483 6
    endloop
  endfacet
  facet normal 0 0 1
    outer loop
      vertex 73.6517 35.7483 6
      vertex 72.7301 36.75 6
      vertex 73.5408 35.7087 6
    endloop
  endfacet
  facet normal 0 0 1
    outer loop
      vertex 73.0022 35.2667 6
      vertex 71.9213 35.9889 6
      vertex 72.9417 35.1657 6
    endloop
  endfacet
  facet normal -0 0 1
    outer loop
      vertex 71.9213 35.9889 6
      vertex 73.0022 35.2667 6
      vertex 72.0675 36.186 6
    endloop
  endfacet
  facet normal 0 0 1
    outer loop
      vertex 73.0724 35.3613 6
      vertex 72.0675 36.186 6
      vertex 73.0022 35.2667 6
    endloop
  endfacet
  facet normal -0 0 1
    outer loop
      vertex 72.0675 36.186 6
      vertex 73.0724 35.3613 6
      vertex 72.2322 36.3678 6
    endloop
  endfacet
  facet normal 0 0 1
    outer loop
      vertex 73.1515 35.4485 6
      vertex 72.2322 36.3678 6
      vertex 73.0724 35.3613 6
    endloop
  endfacet
  facet normal -0 0 1
    outer loop
      vertex 72.2322 36.3678 6
      vertex 73.1515 35.4485 6
      vertex 72.414 36.5325 6
    endloop
  endfacet
  facet normal 0 0 1
    outer loop
      vertex 73.2387 35.5276 6
      vertex 72.414 36.5325 6
      vertex 73.1515 35.4485 6
    endloop
  endfacet
  facet normal -0 0 1
    outer loop
      vertex 72.414 36.5325 6
      vertex 73.2387 35.5276 6
      vertex 72.6111 36.6787 6
    endloop
  endfacet
  facet normal 0 0 1
    outer loop
      vertex 73.3333 35.5978 6
      vertex 72.6111 36.6787 6
      vertex 73.2387 35.5276 6
    endloop
  endfacet
  facet normal -0 0 1
    outer loop
      vertex 72.6111 36.6787 6
      vertex 73.3333 35.5978 6
      vertex 72.7301 36.75 6
    endloop
  endfacet
  facet normal 0 0 1
    outer loop
      vertex 73.4343 35.6583 6
      vertex 72.7301 36.75 6
      vertex 73.3333 35.5978 6
    endloop
  endfacet
  facet normal 0 0 1
    outer loop
      vertex 73.5408 35.7087 6
      vertex 72.7301 36.75 6
      vertex 73.4343 35.6583 6
    endloop
  endfacet
  facet normal 0 0 1
    outer loop
      vertex 75.1942 34.7176 6
      vertex 76.15 35.8699 6
      vertex 76.0787 35.9889 6
    endloop
  endfacet
  facet normal 0 0 1
    outer loop
      vertex 76.15 35.8699 6
      vertex 75.2 34.6 6
      vertex 76.15 33.3301 6
    endloop
  endfacet
  facet normal 0 0 1
    outer loop
      vertex 75.1942 34.7176 6
      vertex 76.0787 35.9889 6
      vertex 75.9325 36.186 6
    endloop
  endfacet
  facet normal -0 0 1
    outer loop
      vertex 75.1942 34.4824 6
      vertex 76.15 33.3301 6
      vertex 75.2 34.6 6
    endloop
  endfacet
  facet normal 0 0 1
    outer loop
      vertex 75.1942 34.7176 6
      vertex 75.9325 36.186 6
      vertex 75.7678 36.3678 6
    endloop
  endfacet
  facet normal -0 0 1
    outer loop
      vertex 75.1769 34.3659 6
      vertex 76.15 33.3301 6
      vertex 75.1942 34.4824 6
    endloop
  endfacet
  facet normal 0 0 1
    outer loop
      vertex 75.1942 34.7176 6
      vertex 75.7678 36.3678 6
      vertex 75.586 36.5325 6
    endloop
  endfacet
  facet normal -0 0 1
    outer loop
      vertex 75.1483 34.2517 6
      vertex 76.15 33.3301 6
      vertex 75.1769 34.3659 6
    endloop
  endfacet
  facet normal 0 0 1
    outer loop
      vertex 75.1942 34.7176 6
      vertex 75.586 36.5325 6
      vertex 75.3889 36.6787 6
    endloop
  endfacet
  facet normal -0 0 1
    outer loop
      vertex 75.1087 34.1408 6
      vertex 76.15 33.3301 6
      vertex 75.1483 34.2517 6
    endloop
  endfacet
  facet normal 0 0 1
    outer loop
      vertex 74.6667 35.5978 6
      vertex 75.3889 36.6787 6
      vertex 75.2699 36.75 6
    endloop
  endfacet
  facet normal -0 0 1
    outer loop
      vertex 75.0583 34.0343 6
      vertex 76.15 33.3301 6
      vertex 75.1087 34.1408 6
    endloop
  endfacet
  facet normal -0 0 1
    outer loop
      vertex 74.9978 33.9333 6
      vertex 76.15 33.3301 6
      vertex 75.0583 34.0343 6
    endloop
  endfacet
  facet normal 0 0 1
    outer loop
      vertex 76.15 33.3301 6
      vertex 74.9978 33.9333 6
      vertex 76.0787 33.2111 6
    endloop
  endfacet
  facet normal 0 0 1
    outer loop
      vertex 76.0787 33.2111 6
      vertex 74.9978 33.9333 6
      vertex 75.9325 33.014 6
    endloop
  endfacet
  facet normal -0 0 1
    outer loop
      vertex 74.9276 33.8387 6
      vertex 75.9325 33.014 6
      vertex 74.9978 33.9333 6
    endloop
  endfacet
  facet normal 0 0 1
    outer loop
      vertex 75.9325 33.014 6
      vertex 74.9276 33.8387 6
      vertex 75.7678 32.8322 6
    endloop
  endfacet
  facet normal -0 0 1
    outer loop
      vertex 74.8485 33.7515 6
      vertex 75.7678 32.8322 6
      vertex 74.9276 33.8387 6
    endloop
  endfacet
  facet normal 0 0 1
    outer loop
      vertex 75.7678 32.8322 6
      vertex 74.8485 33.7515 6
      vertex 75.586 32.6675 6
    endloop
  endfacet
  facet normal -0 0 1
    outer loop
      vertex 74.7613 33.6724 6
      vertex 75.586 32.6675 6
      vertex 74.8485 33.7515 6
    endloop
  endfacet
  facet normal 0 0 1
    outer loop
      vertex 75.586 32.6675 6
      vertex 74.7613 33.6724 6
      vertex 75.3889 32.5213 6
    endloop
  endfacet
  facet normal -0 0 1
    outer loop
      vertex 74.6667 33.6022 6
      vertex 75.3889 32.5213 6
      vertex 74.7613 33.6724 6
    endloop
  endfacet
  facet normal 0 0 1
    outer loop
      vertex 75.3889 32.5213 6
      vertex 74.6667 33.6022 6
      vertex 75.1785 32.3952 6
    endloop
  endfacet
  facet normal -0 0 1
    outer loop
      vertex 74.5657 33.5417 6
      vertex 75.1785 32.3952 6
      vertex 74.6667 33.6022 6
    endloop
  endfacet
  facet normal 0 0 1
    outer loop
      vertex 75.1785 32.3952 6
      vertex 74.5657 33.5417 6
      vertex 74.9567 32.2903 6
    endloop
  endfacet
  facet normal -0 0 1
    outer loop
      vertex 74.4592 33.4913 6
      vertex 74.9567 32.2903 6
      vertex 74.5657 33.5417 6
    endloop
  endfacet
  facet normal 0 0 1
    outer loop
      vertex 74.9567 32.2903 6
      vertex 74.4592 33.4913 6
      vertex 74.7257 32.2076 6
    endloop
  endfacet
  facet normal -0 0 1
    outer loop
      vertex 74.3483 33.4517 6
      vertex 74.7257 32.2076 6
      vertex 74.4592 33.4913 6
    endloop
  endfacet
  facet normal 0 0 1
    outer loop
      vertex 74.7257 32.2076 6
      vertex 74.3483 33.4517 6
      vertex 74.4877 32.148 6
    endloop
  endfacet
  facet normal -0 0 1
    outer loop
      vertex 74.2341 33.4231 6
      vertex 74.4877 32.148 6
      vertex 74.3483 33.4517 6
    endloop
  endfacet
  facet normal 0 0 1
    outer loop
      vertex 74.4877 32.148 6
      vertex 74.2341 33.4231 6
      vertex 74.245 32.112 6
    endloop
  endfacet
  facet normal -0 0 1
    outer loop
      vertex 74.1176 33.4058 6
      vertex 74.245 32.112 6
      vertex 74.2341 33.4231 6
    endloop
  endfacet
  facet normal -0 0 1
    outer loop
      vertex 74 33.4 6
      vertex 74.245 32.112 6
      vertex 74.1176 33.4058 6
    endloop
  endfacet
  facet normal 0 0 1
    outer loop
      vertex 74 33.4 6
      vertex 74 32.1 6
      vertex 74.245 32.112 6
    endloop
  endfacet
  facet normal 0 0 1
    outer loop
      vertex 73.8824 33.4058 6
      vertex 74 32.1 6
      vertex 74 33.4 6
    endloop
  endfacet
  facet normal 0 0 1
    outer loop
      vertex 73.755 32.112 6
      vertex 73.8824 33.4058 6
      vertex 73.7659 33.4231 6
    endloop
  endfacet
  facet normal 0 0 1
    outer loop
      vertex 73.8824 33.4058 6
      vertex 73.755 32.112 6
      vertex 74 32.1 6
    endloop
  endfacet
  facet normal 0 0 1
    outer loop
      vertex 73.5123 32.148 6
      vertex 73.7659 33.4231 6
      vertex 73.6517 33.4517 6
    endloop
  endfacet
  facet normal 0 0 1
    outer loop
      vertex 73.2743 32.2076 6
      vertex 73.6517 33.4517 6
      vertex 73.5408 33.4913 6
    endloop
  endfacet
  facet normal 0 0 1
    outer loop
      vertex 73.7659 33.4231 6
      vertex 73.5123 32.148 6
      vertex 73.755 32.112 6
    endloop
  endfacet
  facet normal 0 0 1
    outer loop
      vertex 73.0433 32.2903 6
      vertex 73.5408 33.4913 6
      vertex 73.4343 33.5417 6
    endloop
  endfacet
  facet normal 0 0 1
    outer loop
      vertex 72.8215 32.3952 6
      vertex 73.4343 33.5417 6
      vertex 73.3333 33.6022 6
    endloop
  endfacet
  facet normal 0 0 1
    outer loop
      vertex 73.6517 33.4517 6
      vertex 73.2743 32.2076 6
      vertex 73.5123 32.148 6
    endloop
  endfacet
  facet normal 0 0 1
    outer loop
      vertex 72.6111 32.5213 6
      vertex 73.3333 33.6022 6
      vertex 73.2387 33.6724 6
    endloop
  endfacet
  facet normal 0 0 1
    outer loop
      vertex 72.414 32.6675 6
      vertex 73.2387 33.6724 6
      vertex 73.1515 33.7515 6
    endloop
  endfacet
  facet normal 0 0 1
    outer loop
      vertex 72.2322 32.8322 6
      vertex 73.1515 33.7515 6
      vertex 73.0724 33.8387 6
    endloop
  endfacet
  facet normal 0 0 1
    outer loop
      vertex 73.5408 33.4913 6
      vertex 73.0433 32.2903 6
      vertex 73.2743 32.2076 6
    endloop
  endfacet
  facet normal 0 0 1
    outer loop
      vertex 72.0675 33.014 6
      vertex 73.0724 33.8387 6
      vertex 73.0022 33.9333 6
    endloop
  endfacet
  facet normal 0 0 1
    outer loop
      vertex 71.9213 33.2111 6
      vertex 73.0022 33.9333 6
      vertex 72.9417 34.0343 6
    endloop
  endfacet
  facet normal 0 0 1
    outer loop
      vertex 71.7952 33.4215 6
      vertex 72.9417 34.0343 6
      vertex 72.8913 34.1408 6
    endloop
  endfacet
  facet normal 0 0 1
    outer loop
      vertex 71.6903 33.6433 6
      vertex 72.8913 34.1408 6
      vertex 72.8517 34.2517 6
    endloop
  endfacet
  facet normal 0 0 1
    outer loop
      vertex 71.6077 33.8743 6
      vertex 72.8517 34.2517 6
      vertex 72.8231 34.3659 6
    endloop
  endfacet
  facet normal 0 0 1
    outer loop
      vertex 73.4343 33.5417 6
      vertex 72.8215 32.3952 6
      vertex 73.0433 32.2903 6
    endloop
  endfacet
  facet normal 0 0 1
    outer loop
      vertex 71.548 34.1123 6
      vertex 72.8231 34.3659 6
      vertex 72.8058 34.4824 6
    endloop
  endfacet
  facet normal 0 0 1
    outer loop
      vertex 71.512 34.355 6
      vertex 72.8058 34.4824 6
      vertex 72.8 34.6 6
    endloop
  endfacet
  facet normal -0 0 1
    outer loop
      vertex 71.7952 35.7785 6
      vertex 72.9417 35.1657 6
      vertex 71.9213 35.9889 6
    endloop
  endfacet
  facet normal 0 0 1
    outer loop
      vertex 72.9417 35.1657 6
      vertex 71.7952 35.7785 6
      vertex 72.8913 35.0592 6
    endloop
  endfacet
  facet normal 0 0 1
    outer loop
      vertex 73.3333 33.6022 6
      vertex 72.6111 32.5213 6
      vertex 72.8215 32.3952 6
    endloop
  endfacet
  facet normal -0 0 1
    outer loop
      vertex 71.6903 35.5567 6
      vertex 72.8913 35.0592 6
      vertex 71.7952 35.7785 6
    endloop
  endfacet
  facet normal 0 0 1
    outer loop
      vertex 73.2387 33.6724 6
      vertex 72.414 32.6675 6
      vertex 72.6111 32.5213 6
    endloop
  endfacet
  facet normal 0 0 1
    outer loop
      vertex 72.8913 35.0592 6
      vertex 71.6903 35.5567 6
      vertex 72.8517 34.9483 6
    endloop
  endfacet
  facet normal 0 0 1
    outer loop
      vertex 73.1515 33.7515 6
      vertex 72.2322 32.8322 6
      vertex 72.414 32.6675 6
    endloop
  endfacet
  facet normal -0 0 1
    outer loop
      vertex 71.6077 35.3257 6
      vertex 72.8517 34.9483 6
      vertex 71.6903 35.5567 6
    endloop
  endfacet
  facet normal 0 0 1
    outer loop
      vertex 73.0724 33.8387 6
      vertex 72.0675 33.014 6
      vertex 72.2322 32.8322 6
    endloop
  endfacet
  facet normal 0 0 1
    outer loop
      vertex 72.8517 34.9483 6
      vertex 71.6077 35.3257 6
      vertex 72.8231 34.8341 6
    endloop
  endfacet
  facet normal 0 0 1
    outer loop
      vertex 73.0022 33.9333 6
      vertex 71.9213 33.2111 6
      vertex 72.0675 33.014 6
    endloop
  endfacet
  facet normal -0 0 1
    outer loop
      vertex 71.548 35.0877 6
      vertex 72.8231 34.8341 6
      vertex 71.6077 35.3257 6
    endloop
  endfacet
  facet normal 0 0 1
    outer loop
      vertex 72.9417 34.0343 6
      vertex 71.7952 33.4215 6
      vertex 71.9213 33.2111 6
    endloop
  endfacet
  facet normal 0 0 1
    outer loop
      vertex 72.8231 34.8341 6
      vertex 71.548 35.0877 6
      vertex 72.8058 34.7176 6
    endloop
  endfacet
  facet normal 0 0 1
    outer loop
      vertex 72.8913 34.1408 6
      vertex 71.6903 33.6433 6
      vertex 71.7952 33.4215 6
    endloop
  endfacet
  facet normal -0 0 1
    outer loop
      vertex 71.512 34.845 6
      vertex 72.8058 34.7176 6
      vertex 71.548 35.0877 6
    endloop
  endfacet
  facet normal 0 0 1
    outer loop
      vertex 72.8517 34.2517 6
      vertex 71.6077 33.8743 6
      vertex 71.6903 33.6433 6
    endloop
  endfacet
  facet normal 0 0 1
    outer loop
      vertex 72.8058 34.7176 6
      vertex 71.512 34.845 6
      vertex 72.8 34.6 6
    endloop
  endfacet
  facet normal 0 0 1
    outer loop
      vertex 72.8231 34.3659 6
      vertex 71.548 34.1123 6
      vertex 71.6077 33.8743 6
    endloop
  endfacet
  facet normal 0 0 1
    outer loop
      vertex 71.5 34.6 6
      vertex 72.8 34.6 6
      vertex 71.512 34.845 6
    endloop
  endfacet
  facet normal 0 0 1
    outer loop
      vertex 72.8058 34.4824 6
      vertex 71.512 34.355 6
      vertex 71.548 34.1123 6
    endloop
  endfacet
  facet normal 0 0 1
    outer loop
      vertex 72.8 34.6 6
      vertex 71.5 34.6 6
      vertex 71.512 34.355 6
    endloop
  endfacet
  facet normal 0.108222 -0.729596 0.675261
    outer loop
      vertex 74.4877 32.148 6
      vertex 74.245 32.112 6
      vertex 74.7023 31.0692 4.8
    endloop
  endfacet
  facet normal 0.49536 0.546503 0.675243
    outer loop
      vertex 75.7645 36.75 5.69309
      vertex 75.7678 36.3678 6
      vertex 75.9621 36.75 5.54813
    endloop
  endfacet
  facet normal 0.495162 0.546573 0.675332
    outer loop
      vertex 75.7678 36.3678 6
      vertex 75.7645 36.75 5.69309
      vertex 75.586 36.5325 6
    endloop
  endfacet
  facet normal -0.666669 -0.315483 0.675295
    outer loop
      vertex 71.6903 33.6433 6
      vertex 70.674 33.2223 4.8
      vertex 70.8251 32.903 4.8
    endloop
  endfacet
  facet normal -0.315483 -0.666669 0.675295
    outer loop
      vertex 73.0433 32.2903 6
      vertex 72.303 31.4251 4.8
      vertex 72.6223 31.274 4.8
    endloop
  endfacet
  facet normal -0.179172 -0.715485 0.675262
    outer loop
      vertex 73.5123 32.148 6
      vertex 73.2743 32.2076 6
      vertex 73.2977 31.0692 4.8
    endloop
  endfacet
  facet normal -0.315342 -0.666758 0.675272
    outer loop
      vertex 72.8215 32.3952 6
      vertex 72.303 31.4251 4.8
      vertex 73.0433 32.2903 6
    endloop
  endfacet
  facet normal -0.439487 -0.592315 0.675288
    outer loop
      vertex 72.6111 32.5213 6
      vertex 71.7162 31.8172 4.8
      vertex 71.9999 31.6067 4.8
    endloop
  endfacet
  facet normal -0.379166 -0.632645 0.675272
    outer loop
      vertex 72.6111 32.5213 6
      vertex 72.303 31.4251 4.8
      vertex 72.8215 32.3952 6
    endloop
  endfacet
  facet normal 0.43939 -0.592308 0.675357
    outer loop
      vertex 76.15 31.9225 4.97944
      vertex 76.0001 31.6067 4.8
      vertex 76.15 31.7179 4.8
    endloop
  endfacet
  facet normal 0.439488 -0.592314 0.675288
    outer loop
      vertex 76.0001 31.6067 4.8
      vertex 76.15 31.9225 4.97944
      vertex 75.3889 32.5213 6
    endloop
  endfacet
  facet normal 0.439398 -0.592376 0.675293
    outer loop
      vertex 75.3889 32.5213 6
      vertex 76.15 31.9802 5.03011
      vertex 75.586 32.6675 6
    endloop
  endfacet
  facet normal 0.438862 -0.592911 0.675172
    outer loop
      vertex 76.15 31.9802 5.03011
      vertex 75.3889 32.5213 6
      vertex 76.15 31.9225 4.97944
    endloop
  endfacet
  facet normal 0.179172 -0.715485 0.675262
    outer loop
      vertex 74.7257 32.2076 6
      vertex 74.4877 32.148 6
      vertex 74.7023 31.0692 4.8
    endloop
  endfacet
  facet normal 0.989176 0.146734 0
    outer loop
      vertex 9.58266 34.9529 3
      vertex 9.53083 35.3023 2
      vertex 9.53083 35.3023 3
    endloop
  endfacet
  facet normal 0.989176 0.146734 0
    outer loop
      vertex 9.53083 35.3023 2
      vertex 9.58266 34.9529 3
      vertex 9.58266 34.9529 2
    endloop
  endfacet
  facet normal 0.998795 0.0490765 0
    outer loop
      vertex 9.6 34.6 3
      vertex 9.58266 34.9529 2
      vertex 9.58266 34.9529 3
    endloop
  endfacet
  facet normal 0.998795 0.0490765 0
    outer loop
      vertex 9.58266 34.9529 2
      vertex 9.6 34.6 3
      vertex 9.6 34.6 2
    endloop
  endfacet
  facet normal 0.970026 0.243002 0
    outer loop
      vertex 9.53083 35.3023 3
      vertex 9.44498 35.645 2
      vertex 9.44498 35.645 3
    endloop
  endfacet
  facet normal 0.970026 0.243002 0
    outer loop
      vertex 9.44498 35.645 2
      vertex 9.53083 35.3023 3
      vertex 9.53083 35.3023 2
    endloop
  endfacet
  facet normal 0.998795 -0.0490765 0
    outer loop
      vertex 9.58266 34.2471 3
      vertex 9.6 34.6 2
      vertex 9.6 34.6 3
    endloop
  endfacet
  facet normal 0.998795 -0.0490765 0
    outer loop
      vertex 9.6 34.6 2
      vertex 9.58266 34.2471 3
      vertex 9.58266 34.2471 2
    endloop
  endfacet
  facet normal 0.671488 -0.741015 0
    outer loop
      vertex 8.28382 31.8172 2
      vertex 8.54558 32.0544 4.8
      vertex 8.28382 31.8172 4.8
    endloop
  endfacet
  facet normal 0.671488 -0.741015 0
    outer loop
      vertex 8.54558 32.0544 4.8
      vertex 8.28382 31.8172 2
      vertex 8.54558 32.0544 2
    endloop
  endfacet
  facet normal 0.941573 -0.33681 0
    outer loop
      vertex 9.32597 33.2223 3
      vertex 9.44498 33.555 2
      vertex 9.44498 33.555 3
    endloop
  endfacet
  facet normal 0.941573 -0.33681 0
    outer loop
      vertex 9.44498 33.555 2
      vertex 9.32597 33.2223 3
      vertex 9.32597 33.2223 2
    endloop
  endfacet
  facet normal 0.146904 -0.989151 0
    outer loop
      vertex 6.35286 31.0173 2
      vertex 6.70232 31.0692 4.8
      vertex 6.35286 31.0173 4.8
    endloop
  endfacet
  facet normal 0.146904 -0.989151 0
    outer loop
      vertex 6.70232 31.0692 4.8
      vertex 6.35286 31.0173 2
      vertex 6.70232 31.0692 2
    endloop
  endfacet
  facet normal -0.146904 -0.989151 0
    outer loop
      vertex 5.29768 31.0692 2
      vertex 5.64714 31.0173 4.8
      vertex 5.29768 31.0692 4.8
    endloop
  endfacet
  facet normal -0.146904 -0.989151 -0
    outer loop
      vertex 5.64714 31.0173 4.8
      vertex 5.29768 31.0692 2
      vertex 5.64714 31.0173 2
    endloop
  endfacet
  facet normal -0.595663 -0.803234 0
    outer loop
      vertex 3.85 31.7179 2
      vertex 3.99995 31.6067 4.8
      vertex 3.85 31.7179 4.8
    endloop
  endfacet
  facet normal -0.595663 -0.803234 -0
    outer loop
      vertex 3.99995 31.6067 4.8
      vertex 3.85 31.7179 2
      vertex 3.99995 31.6067 2
    endloop
  endfacet
  facet normal 0.903954 -0.42763 0
    outer loop
      vertex 9.17492 32.903 3
      vertex 9.32597 33.2223 2
      vertex 9.32597 33.2223 3
    endloop
  endfacet
  facet normal 0.903954 -0.42763 0
    outer loop
      vertex 9.32597 33.2223 2
      vertex 9.17492 32.903 3
      vertex 9.17492 32.903 2
    endloop
  endfacet
  facet normal 0.336838 -0.941562 0
    outer loop
      vertex 7.04502 31.155 2
      vertex 7.37766 31.274 4.8
      vertex 7.04502 31.155 4.8
    endloop
  endfacet
  facet normal 0.336838 -0.941562 0
    outer loop
      vertex 7.37766 31.274 4.8
      vertex 7.04502 31.155 2
      vertex 7.37766 31.274 2
    endloop
  endfacet
  facet normal 0.989176 -0.146734 0
    outer loop
      vertex 9.53083 33.8977 3
      vertex 9.58266 34.2471 2
      vertex 9.58266 34.2471 3
    endloop
  endfacet
  facet normal 0.989176 -0.146734 0
    outer loop
      vertex 9.58266 34.2471 2
      vertex 9.53083 33.8977 3
      vertex 9.53083 33.8977 2
    endloop
  endfacet
  facet normal 0.0489691 -0.9988 0
    outer loop
      vertex 6 31 2
      vertex 6.35286 31.0173 4.8
      vertex 6 31 4.8
    endloop
  endfacet
  facet normal 0.0489691 -0.9988 0
    outer loop
      vertex 6.35286 31.0173 4.8
      vertex 6 31 2
      vertex 6.35286 31.0173 2
    endloop
  endfacet
  facet normal 0.595776 -0.803151 0
    outer loop
      vertex 8.00005 31.6067 2
      vertex 8.28382 31.8172 4.8
      vertex 8.00005 31.6067 4.8
    endloop
  endfacet
  facet normal 0.595776 -0.803151 0
    outer loop
      vertex 8.28382 31.8172 4.8
      vertex 8.00005 31.6067 2
      vertex 8.28382 31.8172 2
    endloop
  endfacet
  facet normal 0.740982 -0.671525 0
    outer loop
      vertex 8.54558 32.0544 4.8
      vertex 8.78284 32.3162 2
      vertex 8.78284 32.3162 4.8
    endloop
  endfacet
  facet normal 0.740982 -0.671525 0
    outer loop
      vertex 8.78284 32.3162 2
      vertex 8.54558 32.0544 4.8
      vertex 8.54558 32.0544 2
    endloop
  endfacet
  facet normal 0.903954 0.42763 0
    outer loop
      vertex 9.32597 35.9777 3
      vertex 9.17492 36.297 2
      vertex 9.17492 36.297 3
    endloop
  endfacet
  facet normal 0.903954 0.42763 0
    outer loop
      vertex 9.17492 36.297 2
      vertex 9.32597 35.9777 3
      vertex 9.32597 35.9777 2
    endloop
  endfacet
  facet normal 0.803114 0.595826 0
    outer loop
      vertex 8.99329 36.6001 3
      vertex 8.88208 36.75 2
      vertex 8.88208 36.75 3
    endloop
  endfacet
  facet normal 0.803114 0.595826 0
    outer loop
      vertex 8.88208 36.75 2
      vertex 8.99329 36.6001 3
      vertex 8.99329 36.6001 2
    endloop
  endfacet
  facet normal 0.803163 -0.595759 0
    outer loop
      vertex 8.845 32.4 4.8
      vertex 8.78284 32.3162 4.8
      vertex 8.845 32.4 3
    endloop
  endfacet
  facet normal 0 0 -1
    outer loop
      vertex 8.78284 32.3162 4.8
      vertex 8.845 32.4 4.8
      vertex 8.99329 32.5999 4.8
    endloop
  endfacet
  facet normal 0.803142 -0.595788 0
    outer loop
      vertex 8.845 32.4 3
      vertex 8.99329 32.5999 2
      vertex 8.99329 32.5999 3
    endloop
  endfacet
  facet normal 0.803148 -0.595779 2.59884e-06
    outer loop
      vertex 8.845 32.4 3
      vertex 8.78284 32.3162 2
      vertex 8.99329 32.5999 2
    endloop
  endfacet
  facet normal 0.803163 -0.595759 0
    outer loop
      vertex 8.78284 32.3162 2
      vertex 8.845 32.4 3
      vertex 8.78284 32.3162 4.8
    endloop
  endfacet
  facet normal 0.941573 0.33681 0
    outer loop
      vertex 9.44498 35.645 3
      vertex 9.32597 35.9777 2
      vertex 9.32597 35.9777 3
    endloop
  endfacet
  facet normal 0.941573 0.33681 0
    outer loop
      vertex 9.32597 35.9777 2
      vertex 9.44498 35.645 3
      vertex 9.44498 35.645 2
    endloop
  endfacet
  facet normal 0.427669 -0.903935 0
    outer loop
      vertex 7.37766 31.274 2
      vertex 7.69703 31.4251 4.8
      vertex 7.37766 31.274 4.8
    endloop
  endfacet
  facet normal 0.427669 -0.903935 0
    outer loop
      vertex 7.69703 31.4251 4.8
      vertex 7.37766 31.274 2
      vertex 7.69703 31.4251 2
    endloop
  endfacet
  facet normal 0.970026 -0.243002 0
    outer loop
      vertex 9.44498 33.555 3
      vertex 9.53083 33.8977 2
      vertex 9.53083 33.8977 3
    endloop
  endfacet
  facet normal 0.970026 -0.243002 0
    outer loop
      vertex 9.53083 33.8977 2
      vertex 9.44498 33.555 3
      vertex 9.44498 33.555 2
    endloop
  endfacet
  facet normal 0.85778 0.514017 0
    outer loop
      vertex 9.17492 36.297 3
      vertex 8.99329 36.6001 2
      vertex 8.99329 36.6001 3
    endloop
  endfacet
  facet normal 0.85778 0.514017 0
    outer loop
      vertex 8.99329 36.6001 2
      vertex 9.17492 36.297 3
      vertex 9.17492 36.297 2
    endloop
  endfacet
  facet normal -0.514054 -0.857758 0
    outer loop
      vertex 3.99995 31.6067 2
      vertex 4.30297 31.4251 4.8
      vertex 3.99995 31.6067 4.8
    endloop
  endfacet
  facet normal -0.514054 -0.857758 -0
    outer loop
      vertex 4.30297 31.4251 4.8
      vertex 3.99995 31.6067 2
      vertex 4.30297 31.4251 2
    endloop
  endfacet
  facet normal -0.427669 -0.903935 0
    outer loop
      vertex 4.30297 31.4251 2
      vertex 4.62234 31.274 4.8
      vertex 4.30297 31.4251 4.8
    endloop
  endfacet
  facet normal -0.427669 -0.903935 -0
    outer loop
      vertex 4.62234 31.274 4.8
      vertex 4.30297 31.4251 2
      vertex 4.62234 31.274 2
    endloop
  endfacet
  facet normal 0.85778 -0.514017 0
    outer loop
      vertex 8.99329 32.5999 3
      vertex 9.17492 32.903 2
      vertex 9.17492 32.903 3
    endloop
  endfacet
  facet normal 0.85778 -0.514017 0
    outer loop
      vertex 9.17492 32.903 2
      vertex 8.99329 32.5999 3
      vertex 8.99329 32.5999 2
    endloop
  endfacet
  facet normal -0.242869 -0.970059 0
    outer loop
      vertex 4.95498 31.155 2
      vertex 5.29768 31.0692 4.8
      vertex 4.95498 31.155 4.8
    endloop
  endfacet
  facet normal -0.242869 -0.970059 -0
    outer loop
      vertex 5.29768 31.0692 4.8
      vertex 4.95498 31.155 2
      vertex 5.29768 31.0692 2
    endloop
  endfacet
  facet normal 0.514054 -0.857758 0
    outer loop
      vertex 7.69703 31.4251 2
      vertex 8.00005 31.6067 4.8
      vertex 7.69703 31.4251 4.8
    endloop
  endfacet
  facet normal 0.514054 -0.857758 0
    outer loop
      vertex 8.00005 31.6067 4.8
      vertex 7.69703 31.4251 2
      vertex 8.00005 31.6067 2
    endloop
  endfacet
  facet normal -0.0489691 -0.9988 0
    outer loop
      vertex 5.64714 31.0173 2
      vertex 6 31 4.8
      vertex 5.64714 31.0173 4.8
    endloop
  endfacet
  facet normal -0.0489691 -0.9988 -0
    outer loop
      vertex 6 31 4.8
      vertex 5.64714 31.0173 2
      vertex 6 31 2
    endloop
  endfacet
  facet normal 0.242869 -0.970059 0
    outer loop
      vertex 6.70232 31.0692 2
      vertex 7.04502 31.155 4.8
      vertex 6.70232 31.0692 4.8
    endloop
  endfacet
  facet normal 0.242869 -0.970059 0
    outer loop
      vertex 7.04502 31.155 4.8
      vertex 6.70232 31.0692 2
      vertex 7.04502 31.155 2
    endloop
  endfacet
  facet normal -0.336838 -0.941562 0
    outer loop
      vertex 4.62234 31.274 2
      vertex 4.95498 31.155 4.8
      vertex 4.62234 31.274 4.8
    endloop
  endfacet
  facet normal -0.336838 -0.941562 -0
    outer loop
      vertex 4.95498 31.155 4.8
      vertex 4.62234 31.274 2
      vertex 4.95498 31.155 2
    endloop
  endfacet
  facet normal 0.736671 0.0361969 0.675282
    outer loop
      vertex 9.58266 34.9529 4.8
      vertex 8.5 34.6 6
      vertex 9.6 34.6 4.8
    endloop
  endfacet
  facet normal -0.495299 0.546533 0.675264
    outer loop
      vertex 4.03791 36.75 5.54813
      vertex 3.85 36.75 5.4103
      vertex 4.23223 36.3678 6
    endloop
  endfacet
  facet normal 0.315429 -0.6667 0.675289
    outer loop
      vertex 7.69703 31.4251 4.8
      vertex 6.95671 32.2903 6
      vertex 7.37766 31.274 4.8
    endloop
  endfacet
  facet normal 0.592377 0.439481 0.675238
    outer loop
      vertex 8.67754 36.75 4.97944
      vertex 8.99329 36.6001 4.8
      vertex 8.88208 36.75 4.8
    endloop
  endfacet
  facet normal 0.592371 0.4394 0.675296
    outer loop
      vertex 8.99329 36.6001 4.8
      vertex 8.67754 36.75 4.97944
      vertex 8.07867 35.9889 6
    endloop
  endfacet
  facet normal -0.592392 -0.43923 0.675388
    outer loop
      vertex 3.85 33.1204 5.87845
      vertex 4.06747 33.014 6
      vertex 3.92133 33.2111 6
    endloop
  endfacet
  facet normal -0.592403 -0.439357 0.675296
    outer loop
      vertex 4.06747 33.014 6
      vertex 3.85 33.1204 5.87845
      vertex 3.85 32.8355 5.69309
    endloop
  endfacet
  facet normal 0.729575 0.108219 0.675284
    outer loop
      vertex 9.53083 35.3023 4.8
      vertex 8.45196 35.0877 6
      vertex 8.48796 34.845 6
    endloop
  endfacet
  facet normal 0.729574 -0.108225 0.675285
    outer loop
      vertex 9.58266 34.2471 4.8
      vertex 8.48796 34.355 6
      vertex 9.53083 33.8977 4.8
    endloop
  endfacet
  facet normal 0.546504 0.495316 0.675275
    outer loop
      vertex 8.51962 36.75 5.11117
      vertex 7.93253 36.186 6
      vertex 8.61978 36.75 5.03011
    endloop
  endfacet
  facet normal 0.546521 0.495296 0.675275
    outer loop
      vertex 7.93253 36.186 6
      vertex 8.51962 36.75 5.11117
      vertex 7.76777 36.3678 6
    endloop
  endfacet
  facet normal 0.694443 0.248466 0.675288
    outer loop
      vertex 9.32597 35.9777 4.8
      vertex 8.3097 35.5567 6
      vertex 8.39235 35.3257 6
    endloop
  endfacet
  facet normal -0.108226 -0.729596 0.67526
    outer loop
      vertex 5.51227 32.148 6
      vertex 5.29768 31.0692 4.8
      vertex 5.75496 32.112 6
    endloop
  endfacet
  facet normal 0.632603 0.379231 0.675276
    outer loop
      vertex 9.17492 36.297 4.8
      vertex 8.07867 35.9889 6
      vertex 8.2048 35.7785 6
    endloop
  endfacet
  facet normal 0.546487 0.495345 0.675267
    outer loop
      vertex 8.15 36.75 5.4103
      vertex 7.76777 36.3678 6
      vertex 8.51962 36.75 5.11117
    endloop
  endfacet
  facet normal -0.439466 -0.592317 0.6753
    outer loop
      vertex 3.85 31.9802 5.03011
      vertex 4.61107 32.5213 6
      vertex 4.41402 32.6675 6
    endloop
  endfacet
  facet normal -0.438876 -0.592906 0.675166
    outer loop
      vertex 4.61107 32.5213 6
      vertex 3.85 31.9802 5.03011
      vertex 3.85 31.9225 4.97944
    endloop
  endfacet
  facet normal 0.379109 -0.632671 0.675281
    outer loop
      vertex 7.38893 32.5213 6
      vertex 7.17849 32.3952 6
      vertex 7.69703 31.4251 4.8
    endloop
  endfacet
  facet normal 0.736671 -0.0361969 0.675282
    outer loop
      vertex 9.6 34.6 4.8
      vertex 8.5 34.6 6
      vertex 9.58266 34.2471 4.8
    endloop
  endfacet
  facet normal 0.592399 0.43937 0.675291
    outer loop
      vertex 8.61978 36.75 5.03011
      vertex 8.07867 35.9889 6
      vertex 8.67754 36.75 4.97944
    endloop
  endfacet
  facet normal 0.592477 0.439292 0.675273
    outer loop
      vertex 8.07867 35.9889 6
      vertex 8.61978 36.75 5.03011
      vertex 7.93253 36.186 6
    endloop
  endfacet
  facet normal -0.248597 -0.694389 0.675295
    outer loop
      vertex 5.04329 32.2903 6
      vertex 4.62234 31.274 4.8
      vertex 5.27429 32.2076 6
    endloop
  endfacet
  facet normal 0.0360764 -0.73668 0.675278
    outer loop
      vertex 6.24504 32.112 6
      vertex 6 32.1 6
      vertex 6.35286 31.0173 4.8
    endloop
  endfacet
  facet normal -0.108351 -0.729562 0.675278
    outer loop
      vertex 5.75496 32.112 6
      vertex 5.29768 31.0692 4.8
      vertex 5.64714 31.0173 4.8
    endloop
  endfacet
  facet normal 0.379033 0.632837 0.675168
    outer loop
      vertex 7.40897 36.75 5.92192
      vertex 7.38893 36.6787 6
      vertex 7.43658 36.75 5.90642
    endloop
  endfacet
  facet normal -0.379033 0.632837 0.675168
    outer loop
      vertex 4.59103 36.75 5.92192
      vertex 4.56342 36.75 5.90642
      vertex 4.61107 36.6787 6
    endloop
  endfacet
  facet normal -0.379116 0.6328 0.675155
    outer loop
      vertex 4.73008 36.75 6
      vertex 4.59103 36.75 5.92192
      vertex 4.61107 36.6787 6
    endloop
  endfacet
  facet normal 0.715458 -0.179195 0.675284
    outer loop
      vertex 8.45196 34.1123 6
      vertex 8.39235 33.8743 6
      vertex 9.53083 33.8977 4.8
    endloop
  endfacet
  facet normal -0.63243 -0.3793 0.675399
    outer loop
      vertex 3.85 33.191 5.92192
      vertex 3.85 33.1634 5.90642
      vertex 3.92133 33.2111 6
    endloop
  endfacet
  facet normal -0.495207 -0.546592 0.675282
    outer loop
      vertex 3.85 32.0804 5.11117
      vertex 4.41402 32.6675 6
      vertex 4.23223 32.8322 6
    endloop
  endfacet
  facet normal -0.495525 -0.546296 0.675289
    outer loop
      vertex 4.41402 32.6675 6
      vertex 3.85 32.0804 5.11117
      vertex 3.85 31.9802 5.03011
    endloop
  endfacet
  facet normal 0.666715 0.3154 0.675288
    outer loop
      vertex 9.17492 36.297 4.8
      vertex 8.3097 35.5567 6
      vertex 9.32597 35.9777 4.8
    endloop
  endfacet
  facet normal 0.694443 -0.248466 0.675288
    outer loop
      vertex 8.39235 33.8743 6
      vertex 8.3097 33.6433 6
      vertex 9.32597 33.2223 4.8
    endloop
  endfacet
  facet normal 0.179133 -0.715489 0.675268
    outer loop
      vertex 6.72571 32.2076 6
      vertex 6.70232 31.0692 4.8
      vertex 7.04502 31.155 4.8
    endloop
  endfacet
  facet normal 0.73667 -0.0362021 0.675283
    outer loop
      vertex 8.5 34.6 6
      vertex 8.48796 34.355 6
      vertex 9.58266 34.2471 4.8
    endloop
  endfacet
  facet normal 0.379149 -0.632653 0.675275
    outer loop
      vertex 8.00005 31.6067 4.8
      vertex 7.38893 32.5213 6
      vertex 7.69703 31.4251 4.8
    endloop
  endfacet
  facet normal -0.179133 -0.715489 0.675268
    outer loop
      vertex 5.27429 32.2076 6
      vertex 4.95498 31.155 4.8
      vertex 5.29768 31.0692 4.8
    endloop
  endfacet
  facet normal 0.439384 0.592364 0.675313
    outer loop
      vertex 7.47957 36.75 5.87845
      vertex 7.58598 36.5325 6
      vertex 7.76446 36.75 5.69309
    endloop
  endfacet
  facet normal 0.439508 0.592374 0.675223
    outer loop
      vertex 7.58598 36.5325 6
      vertex 7.47957 36.75 5.87845
      vertex 7.38893 36.6787 6
    endloop
  endfacet
  facet normal -0.248442 -0.694467 0.675272
    outer loop
      vertex 5.27429 32.2076 6
      vertex 4.62234 31.274 4.8
      vertex 4.95498 31.155 4.8
    endloop
  endfacet
  facet normal -0.495318 -0.546515 0.675264
    outer loop
      vertex 3.85 32.45 5.4103
      vertex 3.85 32.0804 5.11117
      vertex 4.23223 32.8322 6
    endloop
  endfacet
  facet normal -0.546505 0.495327 0.675266
    outer loop
      vertex 3.85 36.75 5.4103
      vertex 3.85 36.5621 5.54813
      vertex 4.23223 36.3678 6
    endloop
  endfacet
  facet normal 0.495267 -0.546548 0.675274
    outer loop
      vertex 8.54558 32.0544 4.8
      vertex 7.76777 32.8322 6
      vertex 8.28382 31.8172 4.8
    endloop
  endfacet
  facet normal 0.715454 -0.179229 0.67528
    outer loop
      vertex 9.53083 33.8977 4.8
      vertex 8.39235 33.8743 6
      vertex 9.44498 33.555 4.8
    endloop
  endfacet
  facet normal 0.495299 0.546533 0.675264
    outer loop
      vertex 7.96209 36.75 5.54813
      vertex 7.76777 36.3678 6
      vertex 8.15 36.75 5.4103
    endloop
  endfacet
  facet normal -0.546473 0.495372 0.675259
    outer loop
      vertex 3.85 36.3645 5.69309
      vertex 4.23223 36.3678 6
      vertex 3.85 36.5621 5.54813
    endloop
  endfacet
  facet normal -0.546505 0.495281 0.675299
    outer loop
      vertex 4.23223 36.3678 6
      vertex 3.85 36.3645 5.69309
      vertex 4.06747 36.186 6
    endloop
  endfacet
  facet normal 0.59236 -0.439415 0.675296
    outer loop
      vertex 8.99329 32.5999 4.8
      vertex 8.07867 33.2111 6
      vertex 8.78284 32.3162 4.8
    endloop
  endfacet
  facet normal 0.694467 0.248418 0.675281
    outer loop
      vertex 9.32597 35.9777 4.8
      vertex 8.39235 35.3257 6
      vertex 9.44498 35.645 4.8
    endloop
  endfacet
  facet normal 0.632655 0.379113 0.675294
    outer loop
      vertex 8.99329 36.6001 4.8
      vertex 8.07867 35.9889 6
      vertex 9.17492 36.297 4.8
    endloop
  endfacet
  facet normal 0.694467 -0.248418 0.675281
    outer loop
      vertex 9.44498 33.555 4.8
      vertex 8.39235 33.8743 6
      vertex 9.32597 33.2223 4.8
    endloop
  endfacet
  facet normal -0.546505 -0.495327 0.675266
    outer loop
      vertex 3.85 32.6379 5.54813
      vertex 3.85 32.45 5.4103
      vertex 4.23223 32.8322 6
    endloop
  endfacet
  facet normal -0.495188 0.546571 0.675314
    outer loop
      vertex 4.23554 36.75 5.69309
      vertex 4.23223 36.3678 6
      vertex 4.41402 36.5325 6
    endloop
  endfacet
  facet normal -0.4953 0.546532 0.675263
    outer loop
      vertex 4.23223 36.3678 6
      vertex 4.23554 36.75 5.69309
      vertex 4.03791 36.75 5.54813
    endloop
  endfacet
  facet normal 0.666753 0.31534 0.675279
    outer loop
      vertex 9.17492 36.297 4.8
      vertex 8.2048 35.7785 6
      vertex 8.3097 35.5567 6
    endloop
  endfacet
  facet normal -0.0361176 -0.736673 0.675284
    outer loop
      vertex 6 32.1 6
      vertex 5.64714 31.0173 4.8
      vertex 6 31 4.8
    endloop
  endfacet
  facet normal 0.495206 -0.546591 0.675284
    outer loop
      vertex 7.76777 32.8322 6
      vertex 7.58598 32.6675 6
      vertex 8.28382 31.8172 4.8
    endloop
  endfacet
  facet normal 0.715454 0.179229 0.67528
    outer loop
      vertex 9.44498 35.645 4.8
      vertex 8.39235 35.3257 6
      vertex 9.53083 35.3023 4.8
    endloop
  endfacet
  facet normal 0.729575 -0.108219 0.675284
    outer loop
      vertex 8.48796 34.355 6
      vertex 8.45196 34.1123 6
      vertex 9.53083 33.8977 4.8
    endloop
  endfacet
  facet normal 0.632655 -0.379113 0.675294
    outer loop
      vertex 9.17492 32.903 4.8
      vertex 8.07867 33.2111 6
      vertex 8.99329 32.5999 4.8
    endloop
  endfacet
  facet normal 0.439284 0.592588 0.675181
    outer loop
      vertex 7.43658 36.75 5.90642
      vertex 7.38893 36.6787 6
      vertex 7.47957 36.75 5.87845
    endloop
  endfacet
  facet normal 0.592477 -0.439293 0.675273
    outer loop
      vertex 8.07867 33.2111 6
      vertex 7.93253 33.014 6
      vertex 8.78284 32.3162 4.8
    endloop
  endfacet
  facet normal 0.715458 0.179195 0.675284
    outer loop
      vertex 9.53083 35.3023 4.8
      vertex 8.39235 35.3257 6
      vertex 8.45196 35.0877 6
    endloop
  endfacet
  facet normal 0.0361176 -0.736673 0.675284
    outer loop
      vertex 6 32.1 6
      vertex 6 31 4.8
      vertex 6.35286 31.0173 4.8
    endloop
  endfacet
  facet normal -0.63243 0.3793 0.675399
    outer loop
      vertex 3.85 36.0366 5.90642
      vertex 3.85 36.009 5.92192
      vertex 3.92133 35.9889 6
    endloop
  endfacet
  facet normal 0.546523 -0.495294 0.675275
    outer loop
      vertex 8.78284 32.3162 4.8
      vertex 7.76777 32.8322 6
      vertex 8.54558 32.0544 4.8
    endloop
  endfacet
  facet normal 0.315363 -0.666742 0.675279
    outer loop
      vertex 7.17849 32.3952 6
      vertex 6.95671 32.2903 6
      vertex 7.69703 31.4251 4.8
    endloop
  endfacet
  facet normal -0.592298 0.439328 0.675407
    outer loop
      vertex 3.85 36.0796 5.87845
      vertex 3.85 36.0366 5.90642
      vertex 3.92133 35.9889 6
    endloop
  endfacet
  facet normal -0.546505 -0.495281 0.675299
    outer loop
      vertex 3.85 32.8355 5.69309
      vertex 4.23223 32.8322 6
      vertex 4.06747 33.014 6
    endloop
  endfacet
  facet normal -0.546473 -0.495372 0.675259
    outer loop
      vertex 4.23223 32.8322 6
      vertex 3.85 32.8355 5.69309
      vertex 3.85 32.6379 5.54813
    endloop
  endfacet
  facet normal 0.73667 0.0362021 0.675283
    outer loop
      vertex 9.58266 34.9529 4.8
      vertex 8.48796 34.845 6
      vertex 8.5 34.6 6
    endloop
  endfacet
  facet normal -0.592403 0.439357 0.675296
    outer loop
      vertex 3.85 36.0796 5.87845
      vertex 4.06747 36.186 6
      vertex 3.85 36.3645 5.69309
    endloop
  endfacet
  facet normal -0.592392 0.43923 0.675388
    outer loop
      vertex 4.06747 36.186 6
      vertex 3.85 36.0796 5.87845
      vertex 3.92133 35.9889 6
    endloop
  endfacet
  facet normal 0.379116 0.6328 0.675155
    outer loop
      vertex 7.40897 36.75 5.92192
      vertex 7.26992 36.75 6
      vertex 7.38893 36.6787 6
    endloop
  endfacet
  facet normal 0.546521 -0.495296 0.675275
    outer loop
      vertex 7.93253 33.014 6
      vertex 7.76777 32.8322 6
      vertex 8.78284 32.3162 4.8
    endloop
  endfacet
  facet normal -0.592298 -0.439328 0.675407
    outer loop
      vertex 3.85 33.1634 5.90642
      vertex 3.85 33.1204 5.87845
      vertex 3.92133 33.2111 6
    endloop
  endfacet
  facet normal 0.666753 -0.31534 0.675279
    outer loop
      vertex 8.3097 33.6433 6
      vertex 8.2048 33.4215 6
      vertex 9.17492 32.903 4.8
    endloop
  endfacet
  facet normal 0.108351 -0.729562 0.675278
    outer loop
      vertex 6.70232 31.0692 4.8
      vertex 6.24504 32.112 6
      vertex 6.35286 31.0173 4.8
    endloop
  endfacet
  facet normal -0.439284 0.592588 0.675181
    outer loop
      vertex 4.56342 36.75 5.90642
      vertex 4.52043 36.75 5.87845
      vertex 4.61107 36.6787 6
    endloop
  endfacet
  facet normal 0.666715 -0.3154 0.675288
    outer loop
      vertex 9.32597 33.2223 4.8
      vertex 8.3097 33.6433 6
      vertex 9.17492 32.903 4.8
    endloop
  endfacet
  facet normal 0.729574 0.108225 0.675285
    outer loop
      vertex 9.53083 35.3023 4.8
      vertex 8.48796 34.845 6
      vertex 9.58266 34.9529 4.8
    endloop
  endfacet
  facet normal -0.632505 0.379131 0.675424
    outer loop
      vertex 3.85 36.009 5.92192
      vertex 3.85 35.8699 6
      vertex 3.92133 35.9889 6
    endloop
  endfacet
  facet normal 0.632603 -0.379231 0.675276
    outer loop
      vertex 8.2048 33.4215 6
      vertex 8.07867 33.2111 6
      vertex 9.17492 32.903 4.8
    endloop
  endfacet
  facet normal -0.632505 -0.379131 0.675424
    outer loop
      vertex 3.85 33.3301 6
      vertex 3.85 33.191 5.92192
      vertex 3.92133 33.2111 6
    endloop
  endfacet
  facet normal -0.439508 0.592374 0.675223
    outer loop
      vertex 4.52043 36.75 5.87845
      vertex 4.41402 36.5325 6
      vertex 4.61107 36.6787 6
    endloop
  endfacet
  facet normal -0.439384 0.592364 0.675313
    outer loop
      vertex 4.41402 36.5325 6
      vertex 4.52043 36.75 5.87845
      vertex 4.23554 36.75 5.69309
    endloop
  endfacet
  facet normal -0.379149 -0.632653 0.675275
    outer loop
      vertex 4.61107 32.5213 6
      vertex 3.99995 31.6067 4.8
      vertex 4.30297 31.4251 4.8
    endloop
  endfacet
  facet normal -0.0360764 -0.73668 0.675278
    outer loop
      vertex 5.75496 32.112 6
      vertex 5.64714 31.0173 4.8
      vertex 6 32.1 6
    endloop
  endfacet
  facet normal 0.248442 -0.694467 0.675272
    outer loop
      vertex 7.37766 31.274 4.8
      vertex 6.72571 32.2076 6
      vertex 7.04502 31.155 4.8
    endloop
  endfacet
  facet normal 0.248597 -0.694389 0.675295
    outer loop
      vertex 6.95671 32.2903 6
      vertex 6.72571 32.2076 6
      vertex 7.37766 31.274 4.8
    endloop
  endfacet
  facet normal 0 0 1
    outer loop
      vertex 8.48796 34.845 6
      vertex 7.19422 34.7176 6
      vertex 7.2 34.6 6
    endloop
  endfacet
  facet normal 0 0 1
    outer loop
      vertex 7.38893 36.6787 6
      vertex 7.17694 34.8341 6
      vertex 7.19422 34.7176 6
    endloop
  endfacet
  facet normal 0 0 1
    outer loop
      vertex 7.38893 36.6787 6
      vertex 7.14833 34.9483 6
      vertex 7.17694 34.8341 6
    endloop
  endfacet
  facet normal 0 0 1
    outer loop
      vertex 7.38893 36.6787 6
      vertex 7.10865 35.0592 6
      vertex 7.14833 34.9483 6
    endloop
  endfacet
  facet normal 0 0 1
    outer loop
      vertex 7.38893 36.6787 6
      vertex 7.0583 35.1657 6
      vertex 7.10865 35.0592 6
    endloop
  endfacet
  facet normal 0 0 1
    outer loop
      vertex 7.38893 36.6787 6
      vertex 6.99776 35.2667 6
      vertex 7.0583 35.1657 6
    endloop
  endfacet
  facet normal 0 0 1
    outer loop
      vertex 7.38893 36.6787 6
      vertex 6.92761 35.3613 6
      vertex 6.99776 35.2667 6
    endloop
  endfacet
  facet normal 0 0 1
    outer loop
      vertex 7.38893 36.6787 6
      vertex 6.84853 35.4485 6
      vertex 6.92761 35.3613 6
    endloop
  endfacet
  facet normal 0 0 1
    outer loop
      vertex 7.38893 36.6787 6
      vertex 6.76127 35.5276 6
      vertex 6.84853 35.4485 6
    endloop
  endfacet
  facet normal 0 0 1
    outer loop
      vertex 7.38893 36.6787 6
      vertex 6.66668 35.5978 6
      vertex 6.76127 35.5276 6
    endloop
  endfacet
  facet normal 0 0 1
    outer loop
      vertex 7.26992 36.75 6
      vertex 6.56568 35.6583 6
      vertex 6.66668 35.5978 6
    endloop
  endfacet
  facet normal 0 0 1
    outer loop
      vertex 7.26992 36.75 6
      vertex 6.45922 35.7087 6
      vertex 6.56568 35.6583 6
    endloop
  endfacet
  facet normal 0 0 1
    outer loop
      vertex 7.26992 36.75 6
      vertex 6.34834 35.7483 6
      vertex 6.45922 35.7087 6
    endloop
  endfacet
  facet normal 0 0 1
    outer loop
      vertex 7.26992 36.75 6
      vertex 6.23411 35.7769 6
      vertex 6.34834 35.7483 6
    endloop
  endfacet
  facet normal 0 0 1
    outer loop
      vertex 7.26992 36.75 6
      vertex 6.11762 35.7942 6
      vertex 6.23411 35.7769 6
    endloop
  endfacet
  facet normal 0 0 1
    outer loop
      vertex 7.26992 36.75 6
      vertex 6 35.8 6
      vertex 6.11762 35.7942 6
    endloop
  endfacet
  facet normal -0 0 1
    outer loop
      vertex 4.73008 36.75 6
      vertex 6 35.8 6
      vertex 7.26992 36.75 6
    endloop
  endfacet
  facet normal 0 0 1
    outer loop
      vertex 6 35.8 6
      vertex 4.73008 36.75 6
      vertex 5.88238 35.7942 6
    endloop
  endfacet
  facet normal 0 0 1
    outer loop
      vertex 5.88238 35.7942 6
      vertex 4.73008 36.75 6
      vertex 5.76589 35.7769 6
    endloop
  endfacet
  facet normal 0 0 1
    outer loop
      vertex 5.76589 35.7769 6
      vertex 4.73008 36.75 6
      vertex 5.65166 35.7483 6
    endloop
  endfacet
  facet normal 0 0 1
    outer loop
      vertex 5.65166 35.7483 6
      vertex 4.73008 36.75 6
      vertex 5.54078 35.7087 6
    endloop
  endfacet
  facet normal -0 0 1
    outer loop
      vertex 3.85 35.8699 6
      vertex 5.00224 35.2667 6
      vertex 3.92133 35.9889 6
    endloop
  endfacet
  facet normal -0 0 1
    outer loop
      vertex 3.92133 35.9889 6
      vertex 5.00224 35.2667 6
      vertex 4.06747 36.186 6
    endloop
  endfacet
  facet normal 0 0 1
    outer loop
      vertex 5.07239 35.3613 6
      vertex 4.06747 36.186 6
      vertex 5.00224 35.2667 6
    endloop
  endfacet
  facet normal -0 0 1
    outer loop
      vertex 4.06747 36.186 6
      vertex 5.07239 35.3613 6
      vertex 4.23223 36.3678 6
    endloop
  endfacet
  facet normal 0 0 1
    outer loop
      vertex 5.15147 35.4485 6
      vertex 4.23223 36.3678 6
      vertex 5.07239 35.3613 6
    endloop
  endfacet
  facet normal -0 0 1
    outer loop
      vertex 4.23223 36.3678 6
      vertex 5.15147 35.4485 6
      vertex 4.41402 36.5325 6
    endloop
  endfacet
  facet normal 0 0 1
    outer loop
      vertex 5.23873 35.5276 6
      vertex 4.41402 36.5325 6
      vertex 5.15147 35.4485 6
    endloop
  endfacet
  facet normal -0 0 1
    outer loop
      vertex 4.41402 36.5325 6
      vertex 5.23873 35.5276 6
      vertex 4.61107 36.6787 6
    endloop
  endfacet
  facet normal 0 0 1
    outer loop
      vertex 5.33331 35.5978 6
      vertex 4.61107 36.6787 6
      vertex 5.23873 35.5276 6
    endloop
  endfacet
  facet normal -0 0 1
    outer loop
      vertex 4.61107 36.6787 6
      vertex 5.33331 35.5978 6
      vertex 4.73008 36.75 6
    endloop
  endfacet
  facet normal 0 0 1
    outer loop
      vertex 5.43432 35.6583 6
      vertex 4.73008 36.75 6
      vertex 5.33331 35.5978 6
    endloop
  endfacet
  facet normal 0 0 1
    outer loop
      vertex 5.54078 35.7087 6
      vertex 4.73008 36.75 6
      vertex 5.43432 35.6583 6
    endloop
  endfacet
  facet normal 0 0 1
    outer loop
      vertex 7.2 34.6 6
      vertex 8.5 34.6 6
      vertex 8.48796 34.845 6
    endloop
  endfacet
  facet normal 0 0 1
    outer loop
      vertex 7.19422 34.7176 6
      vertex 8.48796 34.845 6
      vertex 8.45196 35.0877 6
    endloop
  endfacet
  facet normal 0 0 1
    outer loop
      vertex 8.5 34.6 6
      vertex 7.2 34.6 6
      vertex 8.48796 34.355 6
    endloop
  endfacet
  facet normal 0 0 1
    outer loop
      vertex 7.19422 34.7176 6
      vertex 8.45196 35.0877 6
      vertex 8.39235 35.3257 6
    endloop
  endfacet
  facet normal -0 0 1
    outer loop
      vertex 7.19422 34.4824 6
      vertex 8.48796 34.355 6
      vertex 7.2 34.6 6
    endloop
  endfacet
  facet normal 0 0 1
    outer loop
      vertex 7.19422 34.7176 6
      vertex 8.39235 35.3257 6
      vertex 8.3097 35.5567 6
    endloop
  endfacet
  facet normal 0 0 1
    outer loop
      vertex 8.48796 34.355 6
      vertex 7.19422 34.4824 6
      vertex 8.45196 34.1123 6
    endloop
  endfacet
  facet normal 0 0 1
    outer loop
      vertex 7.19422 34.7176 6
      vertex 8.3097 35.5567 6
      vertex 8.2048 35.7785 6
    endloop
  endfacet
  facet normal -0 0 1
    outer loop
      vertex 7.17694 34.3659 6
      vertex 8.45196 34.1123 6
      vertex 7.19422 34.4824 6
    endloop
  endfacet
  facet normal 0 0 1
    outer loop
      vertex 7.19422 34.7176 6
      vertex 8.2048 35.7785 6
      vertex 8.07867 35.9889 6
    endloop
  endfacet
  facet normal 0 0 1
    outer loop
      vertex 8.45196 34.1123 6
      vertex 7.17694 34.3659 6
      vertex 8.39235 33.8743 6
    endloop
  endfacet
  facet normal 0 0 1
    outer loop
      vertex 7.19422 34.7176 6
      vertex 8.07867 35.9889 6
      vertex 7.93253 36.186 6
    endloop
  endfacet
  facet normal -0 0 1
    outer loop
      vertex 7.14833 34.2517 6
      vertex 8.39235 33.8743 6
      vertex 7.17694 34.3659 6
    endloop
  endfacet
  facet normal 0 0 1
    outer loop
      vertex 7.19422 34.7176 6
      vertex 7.93253 36.186 6
      vertex 7.76777 36.3678 6
    endloop
  endfacet
  facet normal 0 0 1
    outer loop
      vertex 8.39235 33.8743 6
      vertex 7.14833 34.2517 6
      vertex 8.3097 33.6433 6
    endloop
  endfacet
  facet normal 0 0 1
    outer loop
      vertex 7.19422 34.7176 6
      vertex 7.76777 36.3678 6
      vertex 7.58598 36.5325 6
    endloop
  endfacet
  facet normal -0 0 1
    outer loop
      vertex 7.10865 34.1408 6
      vertex 8.3097 33.6433 6
      vertex 7.14833 34.2517 6
    endloop
  endfacet
  facet normal 0 0 1
    outer loop
      vertex 7.19422 34.7176 6
      vertex 7.58598 36.5325 6
      vertex 7.38893 36.6787 6
    endloop
  endfacet
  facet normal 0 0 1
    outer loop
      vertex 8.3097 33.6433 6
      vertex 7.10865 34.1408 6
      vertex 8.2048 33.4215 6
    endloop
  endfacet
  facet normal 0 0 1
    outer loop
      vertex 6.66668 35.5978 6
      vertex 7.38893 36.6787 6
      vertex 7.26992 36.75 6
    endloop
  endfacet
  facet normal -0 0 1
    outer loop
      vertex 7.0583 34.0343 6
      vertex 8.2048 33.4215 6
      vertex 7.10865 34.1408 6
    endloop
  endfacet
  facet normal 0 0 1
    outer loop
      vertex 8.2048 33.4215 6
      vertex 7.0583 34.0343 6
      vertex 8.07867 33.2111 6
    endloop
  endfacet
  facet normal -0 0 1
    outer loop
      vertex 6.99776 33.9333 6
      vertex 8.07867 33.2111 6
      vertex 7.0583 34.0343 6
    endloop
  endfacet
  facet normal 0 0 1
    outer loop
      vertex 8.07867 33.2111 6
      vertex 6.99776 33.9333 6
      vertex 7.93253 33.014 6
    endloop
  endfacet
  facet normal -0 0 1
    outer loop
      vertex 6.92761 33.8387 6
      vertex 7.93253 33.014 6
      vertex 6.99776 33.9333 6
    endloop
  endfacet
  facet normal 0 0 1
    outer loop
      vertex 7.93253 33.014 6
      vertex 6.92761 33.8387 6
      vertex 7.76777 32.8322 6
    endloop
  endfacet
  facet normal -0 0 1
    outer loop
      vertex 6.84853 33.7515 6
      vertex 7.76777 32.8322 6
      vertex 6.92761 33.8387 6
    endloop
  endfacet
  facet normal 0 0 1
    outer loop
      vertex 7.76777 32.8322 6
      vertex 6.84853 33.7515 6
      vertex 7.58598 32.6675 6
    endloop
  endfacet
  facet normal -0 0 1
    outer loop
      vertex 6.76127 33.6724 6
      vertex 7.58598 32.6675 6
      vertex 6.84853 33.7515 6
    endloop
  endfacet
  facet normal 0 0 1
    outer loop
      vertex 7.58598 32.6675 6
      vertex 6.76127 33.6724 6
      vertex 7.38893 32.5213 6
    endloop
  endfacet
  facet normal -0 0 1
    outer loop
      vertex 6.66668 33.6022 6
      vertex 7.38893 32.5213 6
      vertex 6.76127 33.6724 6
    endloop
  endfacet
  facet normal 0 0 1
    outer loop
      vertex 7.38893 32.5213 6
      vertex 6.66668 33.6022 6
      vertex 7.17849 32.3952 6
    endloop
  endfacet
  facet normal -0 0 1
    outer loop
      vertex 6.56568 33.5417 6
      vertex 7.17849 32.3952 6
      vertex 6.66668 33.6022 6
    endloop
  endfacet
  facet normal 0 0 1
    outer loop
      vertex 7.17849 32.3952 6
      vertex 6.56568 33.5417 6
      vertex 6.95671 32.2903 6
    endloop
  endfacet
  facet normal -0 0 1
    outer loop
      vertex 6.45922 33.4913 6
      vertex 6.95671 32.2903 6
      vertex 6.56568 33.5417 6
    endloop
  endfacet
  facet normal 0 0 1
    outer loop
      vertex 6.95671 32.2903 6
      vertex 6.45922 33.4913 6
      vertex 6.72571 32.2076 6
    endloop
  endfacet
  facet normal -0 0 1
    outer loop
      vertex 6.34834 33.4517 6
      vertex 6.72571 32.2076 6
      vertex 6.45922 33.4913 6
    endloop
  endfacet
  facet normal 0 0 1
    outer loop
      vertex 6.72571 32.2076 6
      vertex 6.34834 33.4517 6
      vertex 6.48773 32.148 6
    endloop
  endfacet
  facet normal -0 0 1
    outer loop
      vertex 6.23411 33.4231 6
      vertex 6.48773 32.148 6
      vertex 6.34834 33.4517 6
    endloop
  endfacet
  facet normal 0 0 1
    outer loop
      vertex 6.48773 32.148 6
      vertex 6.23411 33.4231 6
      vertex 6.24504 32.112 6
    endloop
  endfacet
  facet normal -0 0 1
    outer loop
      vertex 6.11762 33.4058 6
      vertex 6.24504 32.112 6
      vertex 6.23411 33.4231 6
    endloop
  endfacet
  facet normal -0 0 1
    outer loop
      vertex 6 33.4 6
      vertex 6.24504 32.112 6
      vertex 6.11762 33.4058 6
    endloop
  endfacet
  facet normal 0 0 1
    outer loop
      vertex 6 33.4 6
      vertex 6 32.1 6
      vertex 6.24504 32.112 6
    endloop
  endfacet
  facet normal 0 0 1
    outer loop
      vertex 5.88238 33.4058 6
      vertex 6 32.1 6
      vertex 6 33.4 6
    endloop
  endfacet
  facet normal 0 0 1
    outer loop
      vertex 5.75496 32.112 6
      vertex 5.88238 33.4058 6
      vertex 5.76589 33.4231 6
    endloop
  endfacet
  facet normal 0 0 1
    outer loop
      vertex 5.88238 33.4058 6
      vertex 5.75496 32.112 6
      vertex 6 32.1 6
    endloop
  endfacet
  facet normal 0 0 1
    outer loop
      vertex 5.51227 32.148 6
      vertex 5.76589 33.4231 6
      vertex 5.65166 33.4517 6
    endloop
  endfacet
  facet normal 0 0 1
    outer loop
      vertex 5.27429 32.2076 6
      vertex 5.65166 33.4517 6
      vertex 5.54078 33.4913 6
    endloop
  endfacet
  facet normal 0 0 1
    outer loop
      vertex 5.76589 33.4231 6
      vertex 5.51227 32.148 6
      vertex 5.75496 32.112 6
    endloop
  endfacet
  facet normal 0 0 1
    outer loop
      vertex 5.04329 32.2903 6
      vertex 5.54078 33.4913 6
      vertex 5.43432 33.5417 6
    endloop
  endfacet
  facet normal 0 0 1
    outer loop
      vertex 4.82151 32.3952 6
      vertex 5.43432 33.5417 6
      vertex 5.33331 33.6022 6
    endloop
  endfacet
  facet normal 0 0 1
    outer loop
      vertex 5.65166 33.4517 6
      vertex 5.27429 32.2076 6
      vertex 5.51227 32.148 6
    endloop
  endfacet
  facet normal 0 0 1
    outer loop
      vertex 4.61107 32.5213 6
      vertex 5.33331 33.6022 6
      vertex 5.23873 33.6724 6
    endloop
  endfacet
  facet normal 0 0 1
    outer loop
      vertex 4.41402 32.6675 6
      vertex 5.23873 33.6724 6
      vertex 5.15147 33.7515 6
    endloop
  endfacet
  facet normal 0 0 1
    outer loop
      vertex 4.23223 32.8322 6
      vertex 5.15147 33.7515 6
      vertex 5.07239 33.8387 6
    endloop
  endfacet
  facet normal 0 0 1
    outer loop
      vertex 5.54078 33.4913 6
      vertex 5.04329 32.2903 6
      vertex 5.27429 32.2076 6
    endloop
  endfacet
  facet normal 0 0 1
    outer loop
      vertex 4.06747 33.014 6
      vertex 5.07239 33.8387 6
      vertex 5.00224 33.9333 6
    endloop
  endfacet
  facet normal 0 0 1
    outer loop
      vertex 3.85 33.3301 6
      vertex 5.00224 33.9333 6
      vertex 4.94169 34.0343 6
    endloop
  endfacet
  facet normal 0 0 1
    outer loop
      vertex 3.85 33.3301 6
      vertex 4.94169 34.0343 6
      vertex 4.89134 34.1408 6
    endloop
  endfacet
  facet normal 0 0 1
    outer loop
      vertex 3.85 33.3301 6
      vertex 4.89134 34.1408 6
      vertex 4.85167 34.2517 6
    endloop
  endfacet
  facet normal 0 0 1
    outer loop
      vertex 3.85 33.3301 6
      vertex 4.85167 34.2517 6
      vertex 4.82306 34.3659 6
    endloop
  endfacet
  facet normal 0 0 1
    outer loop
      vertex 5.43432 33.5417 6
      vertex 4.82151 32.3952 6
      vertex 5.04329 32.2903 6
    endloop
  endfacet
  facet normal 0 0 1
    outer loop
      vertex 3.85 33.3301 6
      vertex 4.82306 34.3659 6
      vertex 4.80578 34.4824 6
    endloop
  endfacet
  facet normal 0 0 1
    outer loop
      vertex 3.85 33.3301 6
      vertex 4.80578 34.4824 6
      vertex 4.8 34.6 6
    endloop
  endfacet
  facet normal 0 0 1
    outer loop
      vertex 5.00224 35.2667 6
      vertex 3.85 35.8699 6
      vertex 4.94169 35.1657 6
    endloop
  endfacet
  facet normal 0 0 1
    outer loop
      vertex 4.94169 35.1657 6
      vertex 3.85 35.8699 6
      vertex 4.89134 35.0592 6
    endloop
  endfacet
  facet normal 0 0 1
    outer loop
      vertex 5.33331 33.6022 6
      vertex 4.61107 32.5213 6
      vertex 4.82151 32.3952 6
    endloop
  endfacet
  facet normal 0 0 1
    outer loop
      vertex 4.89134 35.0592 6
      vertex 3.85 35.8699 6
      vertex 4.85167 34.9483 6
    endloop
  endfacet
  facet normal 0 0 1
    outer loop
      vertex 5.23873 33.6724 6
      vertex 4.41402 32.6675 6
      vertex 4.61107 32.5213 6
    endloop
  endfacet
  facet normal 0 0 1
    outer loop
      vertex 4.85167 34.9483 6
      vertex 3.85 35.8699 6
      vertex 4.82306 34.8341 6
    endloop
  endfacet
  facet normal 0 0 1
    outer loop
      vertex 5.15147 33.7515 6
      vertex 4.23223 32.8322 6
      vertex 4.41402 32.6675 6
    endloop
  endfacet
  facet normal 0 0 1
    outer loop
      vertex 4.82306 34.8341 6
      vertex 3.85 35.8699 6
      vertex 4.80578 34.7176 6
    endloop
  endfacet
  facet normal 0 0 1
    outer loop
      vertex 5.07239 33.8387 6
      vertex 4.06747 33.014 6
      vertex 4.23223 32.8322 6
    endloop
  endfacet
  facet normal 0 0 1
    outer loop
      vertex 4.80578 34.7176 6
      vertex 3.85 35.8699 6
      vertex 4.8 34.6 6
    endloop
  endfacet
  facet normal 0 0 1
    outer loop
      vertex 3.85 33.3301 6
      vertex 4.8 34.6 6
      vertex 3.85 35.8699 6
    endloop
  endfacet
  facet normal 0 0 1
    outer loop
      vertex 5.00224 33.9333 6
      vertex 3.85 33.3301 6
      vertex 3.92133 33.2111 6
    endloop
  endfacet
  facet normal 0 0 1
    outer loop
      vertex 5.00224 33.9333 6
      vertex 3.92133 33.2111 6
      vertex 4.06747 33.014 6
    endloop
  endfacet
  facet normal 0.108226 -0.729596 0.67526
    outer loop
      vertex 6.48773 32.148 6
      vertex 6.24504 32.112 6
      vertex 6.70232 31.0692 4.8
    endloop
  endfacet
  facet normal 0.4953 0.546532 0.675263
    outer loop
      vertex 7.76446 36.75 5.69309
      vertex 7.76777 36.3678 6
      vertex 7.96209 36.75 5.54813
    endloop
  endfacet
  facet normal 0.495188 0.546571 0.675314
    outer loop
      vertex 7.76777 36.3678 6
      vertex 7.76446 36.75 5.69309
      vertex 7.58598 36.5325 6
    endloop
  endfacet
  facet normal -0.315429 -0.6667 0.675289
    outer loop
      vertex 5.04329 32.2903 6
      vertex 4.30297 31.4251 4.8
      vertex 4.62234 31.274 4.8
    endloop
  endfacet
  facet normal -0.179186 -0.715482 0.675261
    outer loop
      vertex 5.51227 32.148 6
      vertex 5.27429 32.2076 6
      vertex 5.29768 31.0692 4.8
    endloop
  endfacet
  facet normal -0.315363 -0.666742 0.675279
    outer loop
      vertex 4.82151 32.3952 6
      vertex 4.30297 31.4251 4.8
      vertex 5.04329 32.2903 6
    endloop
  endfacet
  facet normal -0.439451 -0.592358 0.675274
    outer loop
      vertex 3.85 31.9225 4.97944
      vertex 3.99995 31.6067 4.8
      vertex 4.61107 32.5213 6
    endloop
  endfacet
  facet normal -0.439272 -0.592346 0.675401
    outer loop
      vertex 3.99995 31.6067 4.8
      vertex 3.85 31.9225 4.97944
      vertex 3.85 31.7179 4.8
    endloop
  endfacet
  facet normal -0.379109 -0.632671 0.675281
    outer loop
      vertex 4.61107 32.5213 6
      vertex 4.30297 31.4251 4.8
      vertex 4.82151 32.3952 6
    endloop
  endfacet
  facet normal 0.439424 -0.592377 0.675274
    outer loop
      vertex 8.28382 31.8172 4.8
      vertex 7.38893 32.5213 6
      vertex 8.00005 31.6067 4.8
    endloop
  endfacet
  facet normal 0.439475 -0.592329 0.675284
    outer loop
      vertex 7.58598 32.6675 6
      vertex 7.38893 32.5213 6
      vertex 8.28382 31.8172 4.8
    endloop
  endfacet
  facet normal 0.179186 -0.715482 0.675261
    outer loop
      vertex 6.72571 32.2076 6
      vertex 6.48773 32.148 6
      vertex 6.70232 31.0692 4.8
    endloop
  endfacet
  facet normal -1 0 0
    outer loop
      vertex 76.15 31.7179 2
      vertex 76.15 31.6 2
      vertex 76.15 31.7179 4.8
    endloop
  endfacet
  facet normal -1 0 0
    outer loop
      vertex 76.15 36.5621 5.54813
      vertex 76.15 36.75 6.6
      vertex 76.15 36.75 5.4103
    endloop
  endfacet
  facet normal -1 0 0
    outer loop
      vertex 76.15 36.3645 5.69309
      vertex 76.15 36.75 6.6
      vertex 76.15 36.5621 5.54813
    endloop
  endfacet
  facet normal -1 0 0
    outer loop
      vertex 76.15 36.0796 5.87845
      vertex 76.15 36.75 6.6
      vertex 76.15 36.3645 5.69309
    endloop
  endfacet
  facet normal -1 0 0
    outer loop
      vertex 76.15 36.0366 5.90642
      vertex 76.15 36.75 6.6
      vertex 76.15 36.0796 5.87845
    endloop
  endfacet
  facet normal -1 0 0
    outer loop
      vertex 76.15 36.009 5.92192
      vertex 76.15 36.75 6.6
      vertex 76.15 36.0366 5.90642
    endloop
  endfacet
  facet normal -1 0 0
    outer loop
      vertex 76.15 35.8699 6
      vertex 76.15 36.75 6.6
      vertex 76.15 36.009 5.92192
    endloop
  endfacet
  facet normal -1 0 0
    outer loop
      vertex 76.15 33.3301 6
      vertex 76.15 36.75 6.6
      vertex 76.15 35.8699 6
    endloop
  endfacet
  facet normal -1 0 0
    outer loop
      vertex 76.15 31.6 6.6
      vertex 76.15 33.191 5.92192
      vertex 76.15 33.1634 5.90642
    endloop
  endfacet
  facet normal -1 0 0
    outer loop
      vertex 76.15 31.6 6.6
      vertex 76.15 33.1204 5.87845
      vertex 76.15 32.8355 5.69309
    endloop
  endfacet
  facet normal -1 0 0
    outer loop
      vertex 76.15 31.6 6.6
      vertex 76.15 32.6379 5.54813
      vertex 76.15 32.45 5.4103
    endloop
  endfacet
  facet normal -1 0 0
    outer loop
      vertex 76.15 31.6 6.6
      vertex 76.15 32.0804 5.11117
      vertex 76.15 31.9802 5.03011
    endloop
  endfacet
  facet normal -1 0 0
    outer loop
      vertex 76.15 31.6 6.6
      vertex 76.15 31.9225 4.97944
      vertex 76.15 31.7179 4.8
    endloop
  endfacet
  facet normal -1 0 0
    outer loop
      vertex 76.15 33.3301 6
      vertex 76.15 31.6 6.6
      vertex 76.15 36.75 6.6
    endloop
  endfacet
  facet normal -1 0 0
    outer loop
      vertex 76.15 33.191 5.92192
      vertex 76.15 31.6 6.6
      vertex 76.15 33.3301 6
    endloop
  endfacet
  facet normal -1 0 0
    outer loop
      vertex 76.15 33.1204 5.87845
      vertex 76.15 31.6 6.6
      vertex 76.15 33.1634 5.90642
    endloop
  endfacet
  facet normal -1 0 0
    outer loop
      vertex 76.15 32.6379 5.54813
      vertex 76.15 31.6 6.6
      vertex 76.15 32.8355 5.69309
    endloop
  endfacet
  facet normal -1 0 0
    outer loop
      vertex 76.15 32.0804 5.11117
      vertex 76.15 31.6 6.6
      vertex 76.15 32.45 5.4103
    endloop
  endfacet
  facet normal -1 0 0
    outer loop
      vertex 76.15 31.9225 4.97944
      vertex 76.15 31.6 6.6
      vertex 76.15 31.9802 5.03011
    endloop
  endfacet
  facet normal -1 0 0
    outer loop
      vertex 76.15 31.6 6.6
      vertex 76.15 31.7179 4.8
      vertex 76.15 31.6 2
    endloop
  endfacet
  facet normal 0 -1 0
    outer loop
      vertex 76.15 31.6 6.6
      vertex 78 31.6 7
      vertex 76.55 31.6 7
    endloop
  endfacet
  facet normal 0 -1 0
    outer loop
      vertex 78 31.6 2
      vertex 76.15 31.6 6.6
      vertex 76.15 31.6 2
    endloop
  endfacet
  facet normal 0 -1 0
    outer loop
      vertex 76.15 31.6 6.6
      vertex 78 31.6 2
      vertex 78 31.6 7
    endloop
  endfacet
  facet normal -0.707107 0 0.707107
    outer loop
      vertex 76.15 36.75 6.6
      vertex 76.55 31.6 7
      vertex 76.55 37.15 7
    endloop
  endfacet
  facet normal -0.707107 0 0.707107
    outer loop
      vertex 76.55 31.6 7
      vertex 76.15 36.75 6.6
      vertex 76.15 31.6 6.6
    endloop
  endfacet
  facet normal -0 0 1
    outer loop
      vertex 71 38.6 7
      vertex 76.55 37.15 7
      vertex 77 38.6 7
    endloop
  endfacet
  facet normal 0 0 1
    outer loop
      vertex 76.55 37.15 7
      vertex 71 38.6 7
      vertex 71 37.15 7
    endloop
  endfacet
  facet normal 0 0 1
    outer loop
      vertex 76.55 37.15 7
      vertex 78 37.6 7
      vertex 77.9952 37.698 7
    endloop
  endfacet
  facet normal 0 0 1
    outer loop
      vertex 76.55 37.15 7
      vertex 77.9952 37.698 7
      vertex 77.9808 37.7951 7
    endloop
  endfacet
  facet normal 0 0 1
    outer loop
      vertex 76.55 37.15 7
      vertex 77.9808 37.7951 7
      vertex 77.9569 37.8903 7
    endloop
  endfacet
  facet normal 0 0 1
    outer loop
      vertex 76.55 37.15 7
      vertex 77.9569 37.8903 7
      vertex 77.9239 37.9827 7
    endloop
  endfacet
  facet normal 0 0 1
    outer loop
      vertex 76.55 37.15 7
      vertex 77.9239 37.9827 7
      vertex 77.8819 38.0714 7
    endloop
  endfacet
  facet normal 0 0 1
    outer loop
      vertex 76.55 37.15 7
      vertex 77.8819 38.0714 7
      vertex 77.8315 38.1556 7
    endloop
  endfacet
  facet normal 0 0 1
    outer loop
      vertex 76.55 37.15 7
      vertex 77.8315 38.1556 7
      vertex 77.773 38.2344 7
    endloop
  endfacet
  facet normal 0 0 1
    outer loop
      vertex 76.55 37.15 7
      vertex 77.773 38.2344 7
      vertex 77.7071 38.3071 7
    endloop
  endfacet
  facet normal 0 0 1
    outer loop
      vertex 76.55 37.15 7
      vertex 77.7071 38.3071 7
      vertex 77.6344 38.373 7
    endloop
  endfacet
  facet normal 0 0 1
    outer loop
      vertex 76.55 37.15 7
      vertex 77.6344 38.373 7
      vertex 77.5556 38.4315 7
    endloop
  endfacet
  facet normal 0 0 1
    outer loop
      vertex 76.55 37.15 7
      vertex 77.5556 38.4315 7
      vertex 77.4714 38.4819 7
    endloop
  endfacet
  facet normal 0 0 1
    outer loop
      vertex 76.55 37.15 7
      vertex 77.4714 38.4819 7
      vertex 77.3827 38.5239 7
    endloop
  endfacet
  facet normal 0 0 1
    outer loop
      vertex 76.55 37.15 7
      vertex 77.3827 38.5239 7
      vertex 77.2903 38.5569 7
    endloop
  endfacet
  facet normal 0 0 1
    outer loop
      vertex 76.55 37.15 7
      vertex 77.2903 38.5569 7
      vertex 77.1951 38.5808 7
    endloop
  endfacet
  facet normal 0 0 1
    outer loop
      vertex 76.55 37.15 7
      vertex 77.1951 38.5808 7
      vertex 77.098 38.5952 7
    endloop
  endfacet
  facet normal 0 0 1
    outer loop
      vertex 76.55 37.15 7
      vertex 77.098 38.5952 7
      vertex 77 38.6 7
    endloop
  endfacet
  facet normal 0 0 1
    outer loop
      vertex 78 37.6 7
      vertex 76.55 37.15 7
      vertex 78 31.6 7
    endloop
  endfacet
  facet normal 0 0 1
    outer loop
      vertex 78 31.6 7
      vertex 76.55 37.15 7
      vertex 76.55 31.6 7
    endloop
  endfacet
  facet normal 0 -1 0
    outer loop
      vertex 71 36.75 6.6
      vertex 72.7301 36.75 6
      vertex 76.15 36.75 6.6
    endloop
  endfacet
  facet normal 0 -1 0
    outer loop
      vertex 71 36.75 6.6
      vertex 72.591 36.75 5.92192
      vertex 72.7301 36.75 6
    endloop
  endfacet
  facet normal 0 -1 0
    outer loop
      vertex 71 36.75 6.6
      vertex 72.5634 36.75 5.90642
      vertex 72.591 36.75 5.92192
    endloop
  endfacet
  facet normal 0 -1 0
    outer loop
      vertex 71 36.75 6.6
      vertex 72.5204 36.75 5.87845
      vertex 72.5634 36.75 5.90642
    endloop
  endfacet
  facet normal 0 -1 0
    outer loop
      vertex 71 36.75 6.6
      vertex 72.2355 36.75 5.69309
      vertex 72.5204 36.75 5.87845
    endloop
  endfacet
  facet normal 0 -1 0
    outer loop
      vertex 71 36.75 6.6
      vertex 72.0379 36.75 5.54813
      vertex 72.2355 36.75 5.69309
    endloop
  endfacet
  facet normal 0 -1 0
    outer loop
      vertex 71 36.75 6.6
      vertex 71.85 36.75 5.4103
      vertex 72.0379 36.75 5.54813
    endloop
  endfacet
  facet normal 0 -1 0
    outer loop
      vertex 71 36.75 6.6
      vertex 71.4804 36.75 5.11117
      vertex 71.85 36.75 5.4103
    endloop
  endfacet
  facet normal 0 -1 0
    outer loop
      vertex 71 36.75 6.6
      vertex 71.3802 36.75 5.03011
      vertex 71.4804 36.75 5.11117
    endloop
  endfacet
  facet normal 0 -1 0
    outer loop
      vertex 71 36.75 6.6
      vertex 71.3225 36.75 4.97944
      vertex 71.3802 36.75 5.03011
    endloop
  endfacet
  facet normal 0 -1 0
    outer loop
      vertex 71 36.75 4.8
      vertex 71.3225 36.75 4.97944
      vertex 71 36.75 6.6
    endloop
  endfacet
  facet normal 0 -1 0
    outer loop
      vertex 71.3225 36.75 4.97944
      vertex 71 36.75 4.8
      vertex 71.1179 36.75 4.8
    endloop
  endfacet
  facet normal 0 -1 0
    outer loop
      vertex 75.2699 36.75 6
      vertex 76.15 36.75 6.6
      vertex 72.7301 36.75 6
    endloop
  endfacet
  facet normal 0 -1 0
    outer loop
      vertex 75.409 36.75 5.92192
      vertex 76.15 36.75 6.6
      vertex 75.2699 36.75 6
    endloop
  endfacet
  facet normal 0 -1 0
    outer loop
      vertex 75.4366 36.75 5.90642
      vertex 76.15 36.75 6.6
      vertex 75.409 36.75 5.92192
    endloop
  endfacet
  facet normal 0 -1 0
    outer loop
      vertex 75.4796 36.75 5.87845
      vertex 76.15 36.75 6.6
      vertex 75.4366 36.75 5.90642
    endloop
  endfacet
  facet normal 0 -1 0
    outer loop
      vertex 75.7645 36.75 5.69309
      vertex 76.15 36.75 6.6
      vertex 75.4796 36.75 5.87845
    endloop
  endfacet
  facet normal 0 -1 0
    outer loop
      vertex 75.9621 36.75 5.54813
      vertex 76.15 36.75 6.6
      vertex 75.7645 36.75 5.69309
    endloop
  endfacet
  facet normal 0 -1 -0
    outer loop
      vertex 76.15 36.75 6.6
      vertex 75.9621 36.75 5.54813
      vertex 76.15 36.75 5.4103
    endloop
  endfacet
  facet normal 0 -1 0
    outer loop
      vertex 71 36.75 2
      vertex 71.1179 36.75 3
      vertex 71 36.75 3
    endloop
  endfacet
  facet normal 0 -1 -0
    outer loop
      vertex 71.1179 36.75 3
      vertex 71 36.75 2
      vertex 71.1179 36.75 2
    endloop
  endfacet
  facet normal -1 0 0
    outer loop
      vertex 71 36.8 4.8
      vertex 71 38.6 7
      vertex 71 38.6 2
    endloop
  endfacet
  facet normal -1 0 0
    outer loop
      vertex 71 36.8 4.8
      vertex 71 38.6 2
      vertex 71 36.8 3
    endloop
  endfacet
  facet normal -1 0 0
    outer loop
      vertex 71 36.75 2
      vertex 71 36.8 3
      vertex 71 38.6 2
    endloop
  endfacet
  facet normal -1 -0 0
    outer loop
      vertex 71 36.8 3
      vertex 71 36.75 2
      vertex 71 36.75 3
    endloop
  endfacet
  facet normal -1 0 0
    outer loop
      vertex 71 36.75 6.6
      vertex 71 38.6 7
      vertex 71 36.8 4.8
    endloop
  endfacet
  facet normal -1 0 0
    outer loop
      vertex 71 36.75 6.6
      vertex 71 36.8 4.8
      vertex 71 36.75 4.8
    endloop
  endfacet
  facet normal -1 -0 0
    outer loop
      vertex 71 38.6 7
      vertex 71 36.75 6.6
      vertex 71 37.15 7
    endloop
  endfacet
  facet normal 0 -0.707107 0.707107
    outer loop
      vertex 76.15 36.75 6.6
      vertex 71 37.15 7
      vertex 71 36.75 6.6
    endloop
  endfacet
  facet normal 0 -0.707107 0.707107
    outer loop
      vertex 71 37.15 7
      vertex 76.15 36.75 6.6
      vertex 76.55 37.15 7
    endloop
  endfacet
  facet normal -1 0 0
    outer loop
      vertex 76.15 8.88208 4.8
      vertex 76.15 9 2
      vertex 76.15 8.88208 2
    endloop
  endfacet
  facet normal -1 0 0
    outer loop
      vertex 76.15 9 2
      vertex 76.15 8.88208 4.8
      vertex 76.15 9 6.6
    endloop
  endfacet
  facet normal -1 0 0
    outer loop
      vertex 76.15 8.67754 4.97944
      vertex 76.15 9 6.6
      vertex 76.15 8.88208 4.8
    endloop
  endfacet
  facet normal -1 0 0
    outer loop
      vertex 76.15 8.61978 5.03011
      vertex 76.15 9 6.6
      vertex 76.15 8.67754 4.97944
    endloop
  endfacet
  facet normal -1 0 0
    outer loop
      vertex 76.15 8.51962 5.11117
      vertex 76.15 9 6.6
      vertex 76.15 8.61978 5.03011
    endloop
  endfacet
  facet normal -1 0 0
    outer loop
      vertex 76.15 8.15 5.4103
      vertex 76.15 9 6.6
      vertex 76.15 8.51962 5.11117
    endloop
  endfacet
  facet normal -1 0 0
    outer loop
      vertex 76.15 7.96209 5.54813
      vertex 76.15 9 6.6
      vertex 76.15 8.15 5.4103
    endloop
  endfacet
  facet normal -1 0 0
    outer loop
      vertex 76.15 7.76446 5.69309
      vertex 76.15 9 6.6
      vertex 76.15 7.96209 5.54813
    endloop
  endfacet
  facet normal -1 0 0
    outer loop
      vertex 76.15 7.47957 5.87845
      vertex 76.15 9 6.6
      vertex 76.15 7.76446 5.69309
    endloop
  endfacet
  facet normal -1 0 0
    outer loop
      vertex 76.15 7.43658 5.90642
      vertex 76.15 9 6.6
      vertex 76.15 7.47957 5.87845
    endloop
  endfacet
  facet normal -1 0 0
    outer loop
      vertex 76.15 7.40897 5.92192
      vertex 76.15 9 6.6
      vertex 76.15 7.43658 5.90642
    endloop
  endfacet
  facet normal -1 0 0
    outer loop
      vertex 76.15 7.26992 6
      vertex 76.15 9 6.6
      vertex 76.15 7.40897 5.92192
    endloop
  endfacet
  facet normal -1 0 0
    outer loop
      vertex 76.15 3.85 6.6
      vertex 76.15 7.26992 6
      vertex 76.15 4.73008 6
    endloop
  endfacet
  facet normal -1 0 0
    outer loop
      vertex 76.15 3.85 6.6
      vertex 76.15 4.59103 5.92192
      vertex 76.15 4.56342 5.90642
    endloop
  endfacet
  facet normal -1 0 0
    outer loop
      vertex 76.15 7.26992 6
      vertex 76.15 3.85 6.6
      vertex 76.15 9 6.6
    endloop
  endfacet
  facet normal -1 0 0
    outer loop
      vertex 76.15 4.59103 5.92192
      vertex 76.15 3.85 6.6
      vertex 76.15 4.73008 6
    endloop
  endfacet
  facet normal -1 0 0
    outer loop
      vertex 76.15 4.52043 5.87845
      vertex 76.15 3.85 6.6
      vertex 76.15 4.56342 5.90642
    endloop
  endfacet
  facet normal -1 0 0
    outer loop
      vertex 76.15 4.23554 5.69309
      vertex 76.15 3.85 6.6
      vertex 76.15 4.52043 5.87845
    endloop
  endfacet
  facet normal -1 0 0
    outer loop
      vertex 76.15 4.03791 5.54813
      vertex 76.15 3.85 6.6
      vertex 76.15 4.23554 5.69309
    endloop
  endfacet
  facet normal -1 0 0
    outer loop
      vertex 76.15 3.85 6.6
      vertex 76.15 4.03791 5.54813
      vertex 76.15 3.85 5.4103
    endloop
  endfacet
  facet normal 0 1 0
    outer loop
      vertex 78 9 7
      vertex 76.15 9 6.6
      vertex 76.55 9 7
    endloop
  endfacet
  facet normal 0 1 -0
    outer loop
      vertex 78 9 2
      vertex 76.15 9 6.6
      vertex 78 9 7
    endloop
  endfacet
  facet normal 0 1 0
    outer loop
      vertex 76.15 9 6.6
      vertex 78 9 2
      vertex 76.15 9 2
    endloop
  endfacet
  facet normal -0.707107 0 0.707107
    outer loop
      vertex 76.15 3.85 6.6
      vertex 76.55 9 7
      vertex 76.15 9 6.6
    endloop
  endfacet
  facet normal -0.707107 0 0.707107
    outer loop
      vertex 76.55 9 7
      vertex 76.15 3.85 6.6
      vertex 76.55 3.45 7
    endloop
  endfacet
  facet normal -0 0 1
    outer loop
      vertex 76.55 3.45 7
      vertex 78 3 7
      vertex 78 9 7
    endloop
  endfacet
  facet normal 0 0 1
    outer loop
      vertex 78 3 7
      vertex 76.55 3.45 7
      vertex 77.9952 2.90198 7
    endloop
  endfacet
  facet normal 0 0 1
    outer loop
      vertex 77.9952 2.90198 7
      vertex 76.55 3.45 7
      vertex 77.9808 2.8049 7
    endloop
  endfacet
  facet normal 0 0 1
    outer loop
      vertex 77.9808 2.8049 7
      vertex 76.55 3.45 7
      vertex 77.9569 2.7097 7
    endloop
  endfacet
  facet normal 0 0 1
    outer loop
      vertex 77.9569 2.7097 7
      vertex 76.55 3.45 7
      vertex 77.9239 2.61731 7
    endloop
  endfacet
  facet normal 0 0 1
    outer loop
      vertex 77.9239 2.61731 7
      vertex 76.55 3.45 7
      vertex 77.8819 2.52859 7
    endloop
  endfacet
  facet normal 0 0 1
    outer loop
      vertex 77.8819 2.52859 7
      vertex 76.55 3.45 7
      vertex 77.8315 2.44443 7
    endloop
  endfacet
  facet normal 0 0 1
    outer loop
      vertex 77.8315 2.44443 7
      vertex 76.55 3.45 7
      vertex 77.773 2.3656 7
    endloop
  endfacet
  facet normal 0 0 1
    outer loop
      vertex 77.773 2.3656 7
      vertex 76.55 3.45 7
      vertex 77.7071 2.29289 7
    endloop
  endfacet
  facet normal 0 0 1
    outer loop
      vertex 77.7071 2.29289 7
      vertex 76.55 3.45 7
      vertex 77.6344 2.22697 7
    endloop
  endfacet
  facet normal 0 0 1
    outer loop
      vertex 77.6344 2.22697 7
      vertex 76.55 3.45 7
      vertex 77.5556 2.16852 7
    endloop
  endfacet
  facet normal 0 0 1
    outer loop
      vertex 77.5556 2.16852 7
      vertex 76.55 3.45 7
      vertex 77.4714 2.11807 7
    endloop
  endfacet
  facet normal 0 0 1
    outer loop
      vertex 77.4714 2.11807 7
      vertex 76.55 3.45 7
      vertex 77.3827 2.07611 7
    endloop
  endfacet
  facet normal 0 0 1
    outer loop
      vertex 77.3827 2.07611 7
      vertex 76.55 3.45 7
      vertex 77.2903 2.04305 7
    endloop
  endfacet
  facet normal 0 0 1
    outer loop
      vertex 77.2903 2.04305 7
      vertex 76.55 3.45 7
      vertex 77.1951 2.01921 7
    endloop
  endfacet
  facet normal 0 0 1
    outer loop
      vertex 77.1951 2.01921 7
      vertex 76.55 3.45 7
      vertex 77.098 2.00481 7
    endloop
  endfacet
  facet normal 0 0 1
    outer loop
      vertex 76.55 3.45 7
      vertex 78 9 7
      vertex 76.55 9 7
    endloop
  endfacet
  facet normal 0 0 1
    outer loop
      vertex 77.098 2.00481 7
      vertex 76.55 3.45 7
      vertex 77 2 7
    endloop
  endfacet
  facet normal 0 0 1
    outer loop
      vertex 71 2 7
      vertex 76.55 3.45 7
      vertex 71 3.45 7
    endloop
  endfacet
  facet normal 0 0 1
    outer loop
      vertex 76.55 3.45 7
      vertex 71 2 7
      vertex 77 2 7
    endloop
  endfacet
  facet normal 0 1 0
    outer loop
      vertex 72.7301 3.85 6
      vertex 76.15 3.85 6.6
      vertex 75.2699 3.85 6
    endloop
  endfacet
  facet normal 0 1 0
    outer loop
      vertex 76.15 3.85 6.6
      vertex 75.409 3.85 5.92192
      vertex 75.2699 3.85 6
    endloop
  endfacet
  facet normal 0 1 0
    outer loop
      vertex 76.15 3.85 6.6
      vertex 75.4366 3.85 5.90642
      vertex 75.409 3.85 5.92192
    endloop
  endfacet
  facet normal 0 1 0
    outer loop
      vertex 76.15 3.85 6.6
      vertex 75.4796 3.85 5.87845
      vertex 75.4366 3.85 5.90642
    endloop
  endfacet
  facet normal 0 1 0
    outer loop
      vertex 76.15 3.85 6.6
      vertex 75.7645 3.85 5.69309
      vertex 75.4796 3.85 5.87845
    endloop
  endfacet
  facet normal 0 1 0
    outer loop
      vertex 76.15 3.85 6.6
      vertex 75.9621 3.85 5.54813
      vertex 75.7645 3.85 5.69309
    endloop
  endfacet
  facet normal -0 1 0
    outer loop
      vertex 75.9621 3.85 5.54813
      vertex 76.15 3.85 6.6
      vertex 76.15 3.85 5.4103
    endloop
  endfacet
  facet normal 0 1 0
    outer loop
      vertex 76.15 3.85 6.6
      vertex 72.7301 3.85 6
      vertex 71 3.85 6.6
    endloop
  endfacet
  facet normal 0 1 -0
    outer loop
      vertex 72.591 3.85 5.92192
      vertex 71 3.85 6.6
      vertex 72.7301 3.85 6
    endloop
  endfacet
  facet normal 0 1 -0
    outer loop
      vertex 72.5634 3.85 5.90642
      vertex 71 3.85 6.6
      vertex 72.591 3.85 5.92192
    endloop
  endfacet
  facet normal 0 1 -0
    outer loop
      vertex 72.5204 3.85 5.87845
      vertex 71 3.85 6.6
      vertex 72.5634 3.85 5.90642
    endloop
  endfacet
  facet normal 0 1 -0
    outer loop
      vertex 72.2355 3.85 5.69309
      vertex 71 3.85 6.6
      vertex 72.5204 3.85 5.87845
    endloop
  endfacet
  facet normal 0 1 -0
    outer loop
      vertex 72.0379 3.85 5.54813
      vertex 71 3.85 6.6
      vertex 72.2355 3.85 5.69309
    endloop
  endfacet
  facet normal 0 1 -0
    outer loop
      vertex 71.85 3.85 5.4103
      vertex 71 3.85 6.6
      vertex 72.0379 3.85 5.54813
    endloop
  endfacet
  facet normal 0 1 -0
    outer loop
      vertex 71.4804 3.85 5.11117
      vertex 71 3.85 6.6
      vertex 71.85 3.85 5.4103
    endloop
  endfacet
  facet normal 0 1 -0
    outer loop
      vertex 71.3802 3.85 5.03011
      vertex 71 3.85 6.6
      vertex 71.4804 3.85 5.11117
    endloop
  endfacet
  facet normal 0 1 -0
    outer loop
      vertex 71.3225 3.85 4.97944
      vertex 71 3.85 6.6
      vertex 71.3802 3.85 5.03011
    endloop
  endfacet
  facet normal 0 1 0
    outer loop
      vertex 71 3.85 4.8
      vertex 71.3225 3.85 4.97944
      vertex 71.1179 3.85 4.8
    endloop
  endfacet
  facet normal 0 1 0
    outer loop
      vertex 71.3225 3.85 4.97944
      vertex 71 3.85 4.8
      vertex 71 3.85 6.6
    endloop
  endfacet
  facet normal 0 1 -0
    outer loop
      vertex 71.1179 3.85 2
      vertex 71 3.85 3
      vertex 71.1179 3.85 3
    endloop
  endfacet
  facet normal 0 1 0
    outer loop
      vertex 71 3.85 3
      vertex 71.1179 3.85 2
      vertex 71 3.85 2
    endloop
  endfacet
  facet normal -1 0 0
    outer loop
      vertex 71 3.85 2
      vertex 71 3.8 3
      vertex 71 3.85 3
    endloop
  endfacet
  facet normal -1 0 0
    outer loop
      vertex 71 2 2
      vertex 71 3.8 4.8
      vertex 71 3.8 3
    endloop
  endfacet
  facet normal -1 0 0
    outer loop
      vertex 71 2 2
      vertex 71 3.8 3
      vertex 71 3.85 2
    endloop
  endfacet
  facet normal -1 -0 0
    outer loop
      vertex 71 3.8 4.8
      vertex 71 2 2
      vertex 71 2 7
    endloop
  endfacet
  facet normal -1 0 0
    outer loop
      vertex 71 3.8 4.8
      vertex 71 2 7
      vertex 71 3.45 7
    endloop
  endfacet
  facet normal -1 0 0
    outer loop
      vertex 71 3.8 4.8
      vertex 71 3.85 6.6
      vertex 71 3.85 4.8
    endloop
  endfacet
  facet normal -1 -0 0
    outer loop
      vertex 71 3.85 6.6
      vertex 71 3.8 4.8
      vertex 71 3.45 7
    endloop
  endfacet
  facet normal 0 0.707107 0.707107
    outer loop
      vertex 76.15 3.85 6.6
      vertex 71 3.45 7
      vertex 76.55 3.45 7
    endloop
  endfacet
  facet normal 0 0.707107 0.707107
    outer loop
      vertex 71 3.45 7
      vertex 76.15 3.85 6.6
      vertex 71 3.85 6.6
    endloop
  endfacet
  facet normal 1 0 0
    outer loop
      vertex 3.85 36.75 6.6
      vertex 3.85 36.5621 5.54813
      vertex 3.85 36.75 5.4103
    endloop
  endfacet
  facet normal 1 0 0
    outer loop
      vertex 3.85 36.75 6.6
      vertex 3.85 36.3645 5.69309
      vertex 3.85 36.5621 5.54813
    endloop
  endfacet
  facet normal 1 0 0
    outer loop
      vertex 3.85 36.75 6.6
      vertex 3.85 36.0796 5.87845
      vertex 3.85 36.3645 5.69309
    endloop
  endfacet
  facet normal 1 0 0
    outer loop
      vertex 3.85 36.75 6.6
      vertex 3.85 36.0366 5.90642
      vertex 3.85 36.0796 5.87845
    endloop
  endfacet
  facet normal 1 0 0
    outer loop
      vertex 3.85 36.75 6.6
      vertex 3.85 36.009 5.92192
      vertex 3.85 36.0366 5.90642
    endloop
  endfacet
  facet normal 1 0 0
    outer loop
      vertex 3.85 36.75 6.6
      vertex 3.85 35.8699 6
      vertex 3.85 36.009 5.92192
    endloop
  endfacet
  facet normal 1 0 0
    outer loop
      vertex 3.85 36.75 6.6
      vertex 3.85 33.3301 6
      vertex 3.85 35.8699 6
    endloop
  endfacet
  facet normal 1 0 0
    outer loop
      vertex 3.85 31.6 6.6
      vertex 3.85 33.191 5.92192
      vertex 3.85 33.3301 6
    endloop
  endfacet
  facet normal 1 0 0
    outer loop
      vertex 3.85 31.6 6.6
      vertex 3.85 33.1204 5.87845
      vertex 3.85 33.1634 5.90642
    endloop
  endfacet
  facet normal 1 0 0
    outer loop
      vertex 3.85 31.6 6.6
      vertex 3.85 32.6379 5.54813
      vertex 3.85 32.8355 5.69309
    endloop
  endfacet
  facet normal 1 0 0
    outer loop
      vertex 3.85 31.6 6.6
      vertex 3.85 32.0804 5.11117
      vertex 3.85 32.45 5.4103
    endloop
  endfacet
  facet normal 1 0 0
    outer loop
      vertex 3.85 31.6 6.6
      vertex 3.85 31.9225 4.97944
      vertex 3.85 31.9802 5.03011
    endloop
  endfacet
  facet normal 1 -0 0
    outer loop
      vertex 3.85 31.6 6.6
      vertex 3.85 33.3301 6
      vertex 3.85 36.75 6.6
    endloop
  endfacet
  facet normal 1 0 0
    outer loop
      vertex 3.85 33.191 5.92192
      vertex 3.85 31.6 6.6
      vertex 3.85 33.1634 5.90642
    endloop
  endfacet
  facet normal 1 0 0
    outer loop
      vertex 3.85 33.1204 5.87845
      vertex 3.85 31.6 6.6
      vertex 3.85 32.8355 5.69309
    endloop
  endfacet
  facet normal 1 0 0
    outer loop
      vertex 3.85 32.6379 5.54813
      vertex 3.85 31.6 6.6
      vertex 3.85 32.45 5.4103
    endloop
  endfacet
  facet normal 1 0 0
    outer loop
      vertex 3.85 32.0804 5.11117
      vertex 3.85 31.6 6.6
      vertex 3.85 31.9802 5.03011
    endloop
  endfacet
  facet normal 1 0 0
    outer loop
      vertex 3.85 31.9225 4.97944
      vertex 3.85 31.6 6.6
      vertex 3.85 31.7179 4.8
    endloop
  endfacet
  facet normal 1 0 0
    outer loop
      vertex 3.85 31.6 2
      vertex 3.85 31.7179 4.8
      vertex 3.85 31.6 6.6
    endloop
  endfacet
  facet normal 1 0 0
    outer loop
      vertex 3.85 31.7179 4.8
      vertex 3.85 31.6 2
      vertex 3.85 31.7179 2
    endloop
  endfacet
  facet normal 0 -1 0
    outer loop
      vertex 2 31.6 7
      vertex 3.85 31.6 6.6
      vertex 3.45 31.6 7
    endloop
  endfacet
  facet normal 0 -1 0
    outer loop
      vertex 2 31.6 2
      vertex 3.85 31.6 6.6
      vertex 2 31.6 7
    endloop
  endfacet
  facet normal 0 -1 -0
    outer loop
      vertex 3.85 31.6 6.6
      vertex 2 31.6 2
      vertex 3.85 31.6 2
    endloop
  endfacet
  facet normal 0.707107 -0 0.707107
    outer loop
      vertex 3.45 31.6 7
      vertex 3.85 36.75 6.6
      vertex 3.45 37.15 7
    endloop
  endfacet
  facet normal 0.707107 0 0.707107
    outer loop
      vertex 3.85 36.75 6.6
      vertex 3.45 31.6 7
      vertex 3.85 31.6 6.6
    endloop
  endfacet
  facet normal 0 0 1
    outer loop
      vertex 9 38.6 7
      vertex 3.45 37.15 7
      vertex 9 37.15 7
    endloop
  endfacet
  facet normal -0 0 1
    outer loop
      vertex 3 38.6 7
      vertex 3.45 37.15 7
      vertex 9 38.6 7
    endloop
  endfacet
  facet normal -0 0 1
    outer loop
      vertex 2.90198 38.5952 7
      vertex 3.45 37.15 7
      vertex 3 38.6 7
    endloop
  endfacet
  facet normal -0 0 1
    outer loop
      vertex 2.8049 38.5808 7
      vertex 3.45 37.15 7
      vertex 2.90198 38.5952 7
    endloop
  endfacet
  facet normal -0 0 1
    outer loop
      vertex 2.7097 38.5569 7
      vertex 3.45 37.15 7
      vertex 2.8049 38.5808 7
    endloop
  endfacet
  facet normal -0 0 1
    outer loop
      vertex 2.61731 38.5239 7
      vertex 3.45 37.15 7
      vertex 2.7097 38.5569 7
    endloop
  endfacet
  facet normal -0 0 1
    outer loop
      vertex 2.52859 38.4819 7
      vertex 3.45 37.15 7
      vertex 2.61731 38.5239 7
    endloop
  endfacet
  facet normal -0 0 1
    outer loop
      vertex 2.44443 38.4315 7
      vertex 3.45 37.15 7
      vertex 2.52859 38.4819 7
    endloop
  endfacet
  facet normal -0 0 1
    outer loop
      vertex 2.3656 38.373 7
      vertex 3.45 37.15 7
      vertex 2.44443 38.4315 7
    endloop
  endfacet
  facet normal -0 0 1
    outer loop
      vertex 2.29289 38.3071 7
      vertex 3.45 37.15 7
      vertex 2.3656 38.373 7
    endloop
  endfacet
  facet normal -0 0 1
    outer loop
      vertex 2.22697 38.2344 7
      vertex 3.45 37.15 7
      vertex 2.29289 38.3071 7
    endloop
  endfacet
  facet normal -0 0 1
    outer loop
      vertex 2.16852 38.1556 7
      vertex 3.45 37.15 7
      vertex 2.22697 38.2344 7
    endloop
  endfacet
  facet normal -0 0 1
    outer loop
      vertex 2.11807 38.0714 7
      vertex 3.45 37.15 7
      vertex 2.16852 38.1556 7
    endloop
  endfacet
  facet normal -0 0 1
    outer loop
      vertex 2.07611 37.9827 7
      vertex 3.45 37.15 7
      vertex 2.11807 38.0714 7
    endloop
  endfacet
  facet normal -0 0 1
    outer loop
      vertex 2.04305 37.8903 7
      vertex 3.45 37.15 7
      vertex 2.07611 37.9827 7
    endloop
  endfacet
  facet normal -0 0 1
    outer loop
      vertex 2.01921 37.7951 7
      vertex 3.45 37.15 7
      vertex 2.04305 37.8903 7
    endloop
  endfacet
  facet normal -0 0 1
    outer loop
      vertex 2.00481 37.698 7
      vertex 3.45 37.15 7
      vertex 2.01921 37.7951 7
    endloop
  endfacet
  facet normal 0 0 1
    outer loop
      vertex 3.45 37.15 7
      vertex 2.00481 37.698 7
      vertex 2 37.6 7
    endloop
  endfacet
  facet normal 0 0 1
    outer loop
      vertex 2 31.6 7
      vertex 3.45 37.15 7
      vertex 2 37.6 7
    endloop
  endfacet
  facet normal 0 0 1
    outer loop
      vertex 3.45 37.15 7
      vertex 2 31.6 7
      vertex 3.45 31.6 7
    endloop
  endfacet
  facet normal 0 -1 0
    outer loop
      vertex 7.26992 36.75 6
      vertex 3.85 36.75 6.6
      vertex 4.73008 36.75 6
    endloop
  endfacet
  facet normal 0 -1 0
    outer loop
      vertex 3.85 36.75 6.6
      vertex 4.59103 36.75 5.92192
      vertex 4.73008 36.75 6
    endloop
  endfacet
  facet normal 0 -1 0
    outer loop
      vertex 3.85 36.75 6.6
      vertex 4.56342 36.75 5.90642
      vertex 4.59103 36.75 5.92192
    endloop
  endfacet
  facet normal 0 -1 0
    outer loop
      vertex 3.85 36.75 6.6
      vertex 4.52043 36.75 5.87845
      vertex 4.56342 36.75 5.90642
    endloop
  endfacet
  facet normal 0 -1 0
    outer loop
      vertex 3.85 36.75 6.6
      vertex 4.23554 36.75 5.69309
      vertex 4.52043 36.75 5.87845
    endloop
  endfacet
  facet normal 0 -1 0
    outer loop
      vertex 3.85 36.75 6.6
      vertex 4.03791 36.75 5.54813
      vertex 4.23554 36.75 5.69309
    endloop
  endfacet
  facet normal -0 -1 0
    outer loop
      vertex 4.03791 36.75 5.54813
      vertex 3.85 36.75 6.6
      vertex 3.85 36.75 5.4103
    endloop
  endfacet
  facet normal 0 -1 0
    outer loop
      vertex 3.85 36.75 6.6
      vertex 7.26992 36.75 6
      vertex 9 36.75 6.6
    endloop
  endfacet
  facet normal 0 -1 0
    outer loop
      vertex 7.40897 36.75 5.92192
      vertex 9 36.75 6.6
      vertex 7.26992 36.75 6
    endloop
  endfacet
  facet normal 0 -1 0
    outer loop
      vertex 7.43658 36.75 5.90642
      vertex 9 36.75 6.6
      vertex 7.40897 36.75 5.92192
    endloop
  endfacet
  facet normal 0 -1 0
    outer loop
      vertex 7.47957 36.75 5.87845
      vertex 9 36.75 6.6
      vertex 7.43658 36.75 5.90642
    endloop
  endfacet
  facet normal 0 -1 0
    outer loop
      vertex 7.76446 36.75 5.69309
      vertex 9 36.75 6.6
      vertex 7.47957 36.75 5.87845
    endloop
  endfacet
  facet normal 0 -1 0
    outer loop
      vertex 7.96209 36.75 5.54813
      vertex 9 36.75 6.6
      vertex 7.76446 36.75 5.69309
    endloop
  endfacet
  facet normal 0 -1 0
    outer loop
      vertex 8.15 36.75 5.4103
      vertex 9 36.75 6.6
      vertex 7.96209 36.75 5.54813
    endloop
  endfacet
  facet normal 0 -1 0
    outer loop
      vertex 8.51962 36.75 5.11117
      vertex 9 36.75 6.6
      vertex 8.15 36.75 5.4103
    endloop
  endfacet
  facet normal 0 -1 0
    outer loop
      vertex 8.61978 36.75 5.03011
      vertex 9 36.75 6.6
      vertex 8.51962 36.75 5.11117
    endloop
  endfacet
  facet normal 0 -1 0
    outer loop
      vertex 8.67754 36.75 4.97944
      vertex 9 36.75 6.6
      vertex 8.61978 36.75 5.03011
    endloop
  endfacet
  facet normal 0 -1 0
    outer loop
      vertex 9 36.75 4.8
      vertex 8.67754 36.75 4.97944
      vertex 8.88208 36.75 4.8
    endloop
  endfacet
  facet normal 0 -1 0
    outer loop
      vertex 8.67754 36.75 4.97944
      vertex 9 36.75 4.8
      vertex 9 36.75 6.6
    endloop
  endfacet
  facet normal 0 -1 0
    outer loop
      vertex 8.88208 36.75 2
      vertex 9 36.75 3
      vertex 8.88208 36.75 3
    endloop
  endfacet
  facet normal 0 -1 -0
    outer loop
      vertex 9 36.75 3
      vertex 8.88208 36.75 2
      vertex 9 36.75 2
    endloop
  endfacet
  facet normal 1 0 0
    outer loop
      vertex 9 38.6 7
      vertex 9 36.75 6.6
      vertex 9 36.8 4.8
    endloop
  endfacet
  facet normal 1 0 0
    outer loop
      vertex 9 36.8 4.8
      vertex 9 36.75 6.6
      vertex 9 36.75 4.8
    endloop
  endfacet
  facet normal 1 0 0
    outer loop
      vertex 9 36.75 6.6
      vertex 9 38.6 7
      vertex 9 37.15 7
    endloop
  endfacet
  facet normal 1 0 0
    outer loop
      vertex 9 38.6 7
      vertex 9 36.8 4.8
      vertex 9 38.6 2
    endloop
  endfacet
  facet normal 1 -0 0
    outer loop
      vertex 9 36.8 3
      vertex 9 38.6 2
      vertex 9 36.8 4.8
    endloop
  endfacet
  facet normal 1 0 0
    outer loop
      vertex 9 36.75 2
      vertex 9 36.8 3
      vertex 9 36.75 3
    endloop
  endfacet
  facet normal 1 0 0
    outer loop
      vertex 9 36.8 3
      vertex 9 36.75 2
      vertex 9 38.6 2
    endloop
  endfacet
  facet normal 0 -0.707107 0.707107
    outer loop
      vertex 3.85 36.75 6.6
      vertex 9 37.15 7
      vertex 3.45 37.15 7
    endloop
  endfacet
  facet normal 0 -0.707107 0.707107
    outer loop
      vertex 9 37.15 7
      vertex 3.85 36.75 6.6
      vertex 9 36.75 6.6
    endloop
  endfacet
  facet normal 1 0 0
    outer loop
      vertex 3.85 9 6.6
      vertex 3.85 8.88208 4.8
      vertex 3.85 9 2
    endloop
  endfacet
  facet normal 1 0 0
    outer loop
      vertex 3.85 9 6.6
      vertex 3.85 8.67754 4.97944
      vertex 3.85 8.88208 4.8
    endloop
  endfacet
  facet normal 1 0 0
    outer loop
      vertex 3.85 9 6.6
      vertex 3.85 8.61978 5.03011
      vertex 3.85 8.67754 4.97944
    endloop
  endfacet
  facet normal 1 0 0
    outer loop
      vertex 3.85 9 6.6
      vertex 3.85 8.51962 5.11117
      vertex 3.85 8.61978 5.03011
    endloop
  endfacet
  facet normal 1 0 0
    outer loop
      vertex 3.85 9 6.6
      vertex 3.85 8.15 5.4103
      vertex 3.85 8.51962 5.11117
    endloop
  endfacet
  facet normal 1 0 0
    outer loop
      vertex 3.85 9 6.6
      vertex 3.85 7.96209 5.54813
      vertex 3.85 8.15 5.4103
    endloop
  endfacet
  facet normal 1 0 0
    outer loop
      vertex 3.85 9 6.6
      vertex 3.85 7.76446 5.69309
      vertex 3.85 7.96209 5.54813
    endloop
  endfacet
  facet normal 1 0 0
    outer loop
      vertex 3.85 9 6.6
      vertex 3.85 7.47957 5.87845
      vertex 3.85 7.76446 5.69309
    endloop
  endfacet
  facet normal 1 0 0
    outer loop
      vertex 3.85 9 6.6
      vertex 3.85 7.43658 5.90642
      vertex 3.85 7.47957 5.87845
    endloop
  endfacet
  facet normal 1 0 0
    outer loop
      vertex 3.85 9 6.6
      vertex 3.85 7.40897 5.92192
      vertex 3.85 7.43658 5.90642
    endloop
  endfacet
  facet normal 1 0 0
    outer loop
      vertex 3.85 9 6.6
      vertex 3.85 7.26992 6
      vertex 3.85 7.40897 5.92192
    endloop
  endfacet
  facet normal 1 -0 0
    outer loop
      vertex 3.85 3.85 6.6
      vertex 3.85 7.26992 6
      vertex 3.85 9 6.6
    endloop
  endfacet
  facet normal 1 0 0
    outer loop
      vertex 3.85 3.85 6.6
      vertex 3.85 4.59103 5.92192
      vertex 3.85 4.73008 6
    endloop
  endfacet
  facet normal 1 0 0
    outer loop
      vertex 3.85 7.26992 6
      vertex 3.85 3.85 6.6
      vertex 3.85 4.73008 6
    endloop
  endfacet
  facet normal 1 0 0
    outer loop
      vertex 3.85 4.59103 5.92192
      vertex 3.85 3.85 6.6
      vertex 3.85 4.56342 5.90642
    endloop
  endfacet
  facet normal 1 0 0
    outer loop
      vertex 3.85 3.85 6.6
      vertex 3.85 4.52043 5.87845
      vertex 3.85 4.56342 5.90642
    endloop
  endfacet
  facet normal 1 0 0
    outer loop
      vertex 3.85 3.85 6.6
      vertex 3.85 4.23554 5.69309
      vertex 3.85 4.52043 5.87845
    endloop
  endfacet
  facet normal 1 0 0
    outer loop
      vertex 3.85 3.85 6.6
      vertex 3.85 4.03791 5.54813
      vertex 3.85 4.23554 5.69309
    endloop
  endfacet
  facet normal 1 0 0
    outer loop
      vertex 3.85 4.03791 5.54813
      vertex 3.85 3.85 6.6
      vertex 3.85 3.85 5.4103
    endloop
  endfacet
  facet normal 1 0 0
    outer loop
      vertex 3.85 9 2
      vertex 3.85 8.88208 4.8
      vertex 3.85 8.88208 2
    endloop
  endfacet
  facet normal 0 1 0
    outer loop
      vertex 3.85 9 6.6
      vertex 2 9 7
      vertex 3.45 9 7
    endloop
  endfacet
  facet normal 0 1 0
    outer loop
      vertex 2 9 2
      vertex 3.85 9 6.6
      vertex 3.85 9 2
    endloop
  endfacet
  facet normal 0 1 0
    outer loop
      vertex 3.85 9 6.6
      vertex 2 9 2
      vertex 2 9 7
    endloop
  endfacet
  facet normal 0.707107 0 0.707107
    outer loop
      vertex 3.45 9 7
      vertex 3.85 3.85 6.6
      vertex 3.85 9 6.6
    endloop
  endfacet
  facet normal 0.707107 0 0.707107
    outer loop
      vertex 3.85 3.85 6.6
      vertex 3.45 9 7
      vertex 3.45 3.45 7
    endloop
  endfacet
  facet normal -0 0 1
    outer loop
      vertex 2 9 7
      vertex 3.45 3.45 7
      vertex 3.45 9 7
    endloop
  endfacet
  facet normal 0 -0 1
    outer loop
      vertex 2.00481 2.90198 7
      vertex 3.45 3.45 7
      vertex 2 3 7
    endloop
  endfacet
  facet normal 0 0 1
    outer loop
      vertex 3.45 3.45 7
      vertex 2.90198 2.00481 7
      vertex 3 2 7
    endloop
  endfacet
  facet normal 0 0 1
    outer loop
      vertex 3.45 3.45 7
      vertex 2.8049 2.01921 7
      vertex 2.90198 2.00481 7
    endloop
  endfacet
  facet normal 0 0 1
    outer loop
      vertex 3.45 3.45 7
      vertex 2.7097 2.04305 7
      vertex 2.8049 2.01921 7
    endloop
  endfacet
  facet normal 0 0 1
    outer loop
      vertex 3.45 3.45 7
      vertex 2.61731 2.07611 7
      vertex 2.7097 2.04305 7
    endloop
  endfacet
  facet normal 0 0 1
    outer loop
      vertex 3.45 3.45 7
      vertex 2.52859 2.11807 7
      vertex 2.61731 2.07611 7
    endloop
  endfacet
  facet normal 0 0 1
    outer loop
      vertex 3.45 3.45 7
      vertex 2.44443 2.16852 7
      vertex 2.52859 2.11807 7
    endloop
  endfacet
  facet normal 0 0 1
    outer loop
      vertex 3.45 3.45 7
      vertex 2.3656 2.22697 7
      vertex 2.44443 2.16852 7
    endloop
  endfacet
  facet normal 0 0 1
    outer loop
      vertex 3.45 3.45 7
      vertex 2.29289 2.29289 7
      vertex 2.3656 2.22697 7
    endloop
  endfacet
  facet normal 0 0 1
    outer loop
      vertex 3.45 3.45 7
      vertex 2.22697 2.3656 7
      vertex 2.29289 2.29289 7
    endloop
  endfacet
  facet normal 0 0 1
    outer loop
      vertex 3.45 3.45 7
      vertex 2.16852 2.44443 7
      vertex 2.22697 2.3656 7
    endloop
  endfacet
  facet normal 0 0 1
    outer loop
      vertex 3.45 3.45 7
      vertex 2.11807 2.52859 7
      vertex 2.16852 2.44443 7
    endloop
  endfacet
  facet normal 0 0 1
    outer loop
      vertex 3.45 3.45 7
      vertex 2.07611 2.61731 7
      vertex 2.11807 2.52859 7
    endloop
  endfacet
  facet normal 0 0 1
    outer loop
      vertex 3.45 3.45 7
      vertex 2.04305 2.7097 7
      vertex 2.07611 2.61731 7
    endloop
  endfacet
  facet normal 0 0 1
    outer loop
      vertex 3.45 3.45 7
      vertex 2.01921 2.8049 7
      vertex 2.04305 2.7097 7
    endloop
  endfacet
  facet normal 0 0 1
    outer loop
      vertex 3.45 3.45 7
      vertex 2 9 7
      vertex 2 3 7
    endloop
  endfacet
  facet normal 0 0 1
    outer loop
      vertex 3.45 3.45 7
      vertex 2.00481 2.90198 7
      vertex 2.01921 2.8049 7
    endloop
  endfacet
  facet normal -0 0 1
    outer loop
      vertex 3.45 3.45 7
      vertex 9 2 7
      vertex 9 3.45 7
    endloop
  endfacet
  facet normal 0 0 1
    outer loop
      vertex 9 2 7
      vertex 3.45 3.45 7
      vertex 3 2 7
    endloop
  endfacet
  facet normal 0 1 0
    outer loop
      vertex 9 3.85 6.6
      vertex 7.26992 3.85 6
      vertex 3.85 3.85 6.6
    endloop
  endfacet
  facet normal 0 1 0
    outer loop
      vertex 9 3.85 6.6
      vertex 7.40897 3.85 5.92192
      vertex 7.26992 3.85 6
    endloop
  endfacet
  facet normal 0 1 0
    outer loop
      vertex 9 3.85 6.6
      vertex 7.43658 3.85 5.90642
      vertex 7.40897 3.85 5.92192
    endloop
  endfacet
  facet normal 0 1 0
    outer loop
      vertex 9 3.85 6.6
      vertex 7.47957 3.85 5.87845
      vertex 7.43658 3.85 5.90642
    endloop
  endfacet
  facet normal 0 1 0
    outer loop
      vertex 9 3.85 6.6
      vertex 7.76446 3.85 5.69309
      vertex 7.47957 3.85 5.87845
    endloop
  endfacet
  facet normal 0 1 0
    outer loop
      vertex 9 3.85 6.6
      vertex 7.96209 3.85 5.54813
      vertex 7.76446 3.85 5.69309
    endloop
  endfacet
  facet normal 0 1 0
    outer loop
      vertex 9 3.85 6.6
      vertex 8.15 3.85 5.4103
      vertex 7.96209 3.85 5.54813
    endloop
  endfacet
  facet normal 0 1 0
    outer loop
      vertex 9 3.85 6.6
      vertex 8.51962 3.85 5.11117
      vertex 8.15 3.85 5.4103
    endloop
  endfacet
  facet normal 0 1 0
    outer loop
      vertex 9 3.85 6.6
      vertex 8.61978 3.85 5.03011
      vertex 8.51962 3.85 5.11117
    endloop
  endfacet
  facet normal 0 1 0
    outer loop
      vertex 9 3.85 6.6
      vertex 8.67754 3.85 4.97944
      vertex 8.61978 3.85 5.03011
    endloop
  endfacet
  facet normal 0 1 -0
    outer loop
      vertex 9 3.85 4.8
      vertex 8.67754 3.85 4.97944
      vertex 9 3.85 6.6
    endloop
  endfacet
  facet normal 0 1 0
    outer loop
      vertex 8.67754 3.85 4.97944
      vertex 9 3.85 4.8
      vertex 8.88208 3.85 4.8
    endloop
  endfacet
  facet normal 0 1 -0
    outer loop
      vertex 4.73008 3.85 6
      vertex 3.85 3.85 6.6
      vertex 7.26992 3.85 6
    endloop
  endfacet
  facet normal 0 1 -0
    outer loop
      vertex 4.59103 3.85 5.92192
      vertex 3.85 3.85 6.6
      vertex 4.73008 3.85 6
    endloop
  endfacet
  facet normal 0 1 -0
    outer loop
      vertex 4.56342 3.85 5.90642
      vertex 3.85 3.85 6.6
      vertex 4.59103 3.85 5.92192
    endloop
  endfacet
  facet normal 0 1 -0
    outer loop
      vertex 4.52043 3.85 5.87845
      vertex 3.85 3.85 6.6
      vertex 4.56342 3.85 5.90642
    endloop
  endfacet
  facet normal 0 1 -0
    outer loop
      vertex 4.23554 3.85 5.69309
      vertex 3.85 3.85 6.6
      vertex 4.52043 3.85 5.87845
    endloop
  endfacet
  facet normal 0 1 -0
    outer loop
      vertex 4.03791 3.85 5.54813
      vertex 3.85 3.85 6.6
      vertex 4.23554 3.85 5.69309
    endloop
  endfacet
  facet normal 0 1 0
    outer loop
      vertex 3.85 3.85 6.6
      vertex 4.03791 3.85 5.54813
      vertex 3.85 3.85 5.4103
    endloop
  endfacet
  facet normal 0 1 -0
    outer loop
      vertex 9 3.85 2
      vertex 8.88208 3.85 3
      vertex 9 3.85 3
    endloop
  endfacet
  facet normal 0 1 0
    outer loop
      vertex 8.88208 3.85 3
      vertex 9 3.85 2
      vertex 8.88208 3.85 2
    endloop
  endfacet
  facet normal 1 0 0
    outer loop
      vertex 9 3.85 6.6
      vertex 9 3.8 4.8
      vertex 9 3.85 4.8
    endloop
  endfacet
  facet normal 1 0 0
    outer loop
      vertex 9 3.85 6.6
      vertex 9 2 7
      vertex 9 3.8 4.8
    endloop
  endfacet
  facet normal 1 -0 0
    outer loop
      vertex 9 2 7
      vertex 9 3.85 6.6
      vertex 9 3.45 7
    endloop
  endfacet
  facet normal 1 -0 0
    outer loop
      vertex 9 3.8 3
      vertex 9 3.85 2
      vertex 9 3.85 3
    endloop
  endfacet
  facet normal 1 0 0
    outer loop
      vertex 9 2 2
      vertex 9 3.8 4.8
      vertex 9 2 7
    endloop
  endfacet
  facet normal 1 0 0
    outer loop
      vertex 9 3.8 4.8
      vertex 9 2 2
      vertex 9 3.8 3
    endloop
  endfacet
  facet normal 1 0 0
    outer loop
      vertex 9 3.8 3
      vertex 9 2 2
      vertex 9 3.85 2
    endloop
  endfacet
  facet normal -0 0.707107 0.707107
    outer loop
      vertex 3.85 3.85 6.6
      vertex 9 3.45 7
      vertex 9 3.85 6.6
    endloop
  endfacet
  facet normal 0 0.707107 0.707107
    outer loop
      vertex 9 3.45 7
      vertex 3.85 3.85 6.6
      vertex 3.45 3.45 7
    endloop
  endfacet
  facet normal 0.336864 0.941553 -0
    outer loop
      vertex 5.65166 4.85167 1
      vertex 5.54078 4.89134 3
      vertex 5.65166 4.85167 3
    endloop
  endfacet
  facet normal 0.336864 0.941553 0
    outer loop
      vertex 5.54078 4.89134 3
      vertex 5.65166 4.85167 1
      vertex 5.54078 4.89134 1
    endloop
  endfacet
  facet normal 0.336864 0.941553 -0
    outer loop
      vertex 5.65166 4.85167 4.8
      vertex 5.54078 4.89134 6
      vertex 5.65166 4.85167 6
    endloop
  endfacet
  facet normal 0.336864 0.941553 0
    outer loop
      vertex 5.54078 4.89134 6
      vertex 5.65166 4.85167 4.8
      vertex 5.54078 4.89134 4.8
    endloop
  endfacet
  facet normal -0.989176 -0.146733 0
    outer loop
      vertex 7.19422 6.11762 1
      vertex 7.17694 6.23411 3
      vertex 7.17694 6.23411 1
    endloop
  endfacet
  facet normal -0.989176 -0.146733 0
    outer loop
      vertex 7.17694 6.23411 3
      vertex 7.19422 6.11762 1
      vertex 7.19422 6.11762 3
    endloop
  endfacet
  facet normal -0.989176 -0.146733 0
    outer loop
      vertex 7.19422 6.11762 4.8
      vertex 7.17694 6.23411 6
      vertex 7.17694 6.23411 4.8
    endloop
  endfacet
  facet normal -0.989176 -0.146733 0
    outer loop
      vertex 7.17694 6.23411 6
      vertex 7.19422 6.11762 4.8
      vertex 7.19422 6.11762 6
    endloop
  endfacet
  facet normal -0.998795 -0.0490821 0
    outer loop
      vertex 7.2 6 1
      vertex 7.19422 6.11762 3
      vertex 7.19422 6.11762 1
    endloop
  endfacet
  facet normal -0.998795 -0.0490821 0
    outer loop
      vertex 7.19422 6.11762 3
      vertex 7.2 6 1
      vertex 7.2 6 3
    endloop
  endfacet
  facet normal -0.998795 -0.0490821 0
    outer loop
      vertex 7.2 6 4.8
      vertex 7.19422 6.11762 6
      vertex 7.19422 6.11762 4.8
    endloop
  endfacet
  facet normal -0.998795 -0.0490821 0
    outer loop
      vertex 7.19422 6.11762 6
      vertex 7.2 6 4.8
      vertex 7.2 6 6
    endloop
  endfacet
  facet normal -0.970038 -0.242955 0
    outer loop
      vertex 7.17694 6.23411 1
      vertex 7.14833 6.34834 3
      vertex 7.14833 6.34834 1
    endloop
  endfacet
  facet normal -0.970038 -0.242955 0
    outer loop
      vertex 7.14833 6.34834 3
      vertex 7.17694 6.23411 1
      vertex 7.17694 6.23411 3
    endloop
  endfacet
  facet normal -0.970038 -0.242955 0
    outer loop
      vertex 7.17694 6.23411 4.8
      vertex 7.14833 6.34834 6
      vertex 7.14833 6.34834 4.8
    endloop
  endfacet
  facet normal -0.970038 -0.242955 0
    outer loop
      vertex 7.14833 6.34834 6
      vertex 7.17694 6.23411 4.8
      vertex 7.17694 6.23411 6
    endloop
  endfacet
  facet normal 0.989176 -0.146733 0
    outer loop
      vertex 4.80578 6.11762 3
      vertex 4.82306 6.23411 1
      vertex 4.82306 6.23411 3
    endloop
  endfacet
  facet normal 0.989176 -0.146733 0
    outer loop
      vertex 4.82306 6.23411 1
      vertex 4.80578 6.11762 3
      vertex 4.80578 6.11762 1
    endloop
  endfacet
  facet normal 0.989176 -0.146733 0
    outer loop
      vertex 4.80578 6.11762 6
      vertex 4.82306 6.23411 4.8
      vertex 4.82306 6.23411 6
    endloop
  endfacet
  facet normal 0.989176 -0.146733 0
    outer loop
      vertex 4.82306 6.23411 4.8
      vertex 4.80578 6.11762 6
      vertex 4.80578 6.11762 4.8
    endloop
  endfacet
  facet normal 0.242955 0.970038 -0
    outer loop
      vertex 5.76589 4.82306 1
      vertex 5.65166 4.85167 3
      vertex 5.76589 4.82306 3
    endloop
  endfacet
  facet normal 0.242955 0.970038 0
    outer loop
      vertex 5.65166 4.85167 3
      vertex 5.76589 4.82306 1
      vertex 5.65166 4.85167 1
    endloop
  endfacet
  facet normal 0.242955 0.970038 -0
    outer loop
      vertex 5.76589 4.82306 4.8
      vertex 5.65166 4.85167 6
      vertex 5.76589 4.82306 6
    endloop
  endfacet
  facet normal 0.242955 0.970038 0
    outer loop
      vertex 5.65166 4.85167 6
      vertex 5.76589 4.82306 4.8
      vertex 5.65166 4.85167 4.8
    endloop
  endfacet
  facet normal -0.336939 -0.941527 0
    outer loop
      vertex 6.34834 7.14833 1
      vertex 6.45922 7.10865 3
      vertex 6.34834 7.14833 3
    endloop
  endfacet
  facet normal -0.336939 -0.941527 -0
    outer loop
      vertex 6.45922 7.10865 3
      vertex 6.34834 7.14833 1
      vertex 6.45922 7.10865 1
    endloop
  endfacet
  facet normal -0.336939 -0.941527 0
    outer loop
      vertex 6.34834 7.14833 4.8
      vertex 6.45922 7.10865 6
      vertex 6.34834 7.14833 6
    endloop
  endfacet
  facet normal -0.336939 -0.941527 -0
    outer loop
      vertex 6.45922 7.10865 6
      vertex 6.34834 7.14833 4.8
      vertex 6.45922 7.10865 4.8
    endloop
  endfacet
  facet normal 0.514084 -0.85774 0
    outer loop
      vertex 5.33331 6.99776 1
      vertex 5.43432 7.0583 3
      vertex 5.33331 6.99776 3
    endloop
  endfacet
  facet normal 0.514084 -0.85774 0
    outer loop
      vertex 5.43432 7.0583 3
      vertex 5.33331 6.99776 1
      vertex 5.43432 7.0583 1
    endloop
  endfacet
  facet normal 0.514084 -0.85774 0
    outer loop
      vertex 5.33331 6.99776 4.8
      vertex 5.43432 7.0583 6
      vertex 5.33331 6.99776 6
    endloop
  endfacet
  facet normal 0.514084 -0.85774 0
    outer loop
      vertex 5.43432 7.0583 6
      vertex 5.33331 6.99776 4.8
      vertex 5.43432 7.0583 4.8
    endloop
  endfacet
  facet normal 0.903995 0.427542 0
    outer loop
      vertex 4.94169 5.43432 3
      vertex 4.89134 5.54078 1
      vertex 4.89134 5.54078 3
    endloop
  endfacet
  facet normal 0.903995 0.427542 0
    outer loop
      vertex 4.89134 5.54078 1
      vertex 4.94169 5.43432 3
      vertex 4.94169 5.43432 1
    endloop
  endfacet
  facet normal 0.903995 0.427542 0
    outer loop
      vertex 4.94169 5.43432 6
      vertex 4.89134 5.54078 4.8
      vertex 4.89134 5.54078 6
    endloop
  endfacet
  facet normal 0.903995 0.427542 0
    outer loop
      vertex 4.89134 5.54078 4.8
      vertex 4.94169 5.43432 6
      vertex 4.94169 5.43432 4.8
    endloop
  endfacet
  facet normal 0.242955 -0.970038 0
    outer loop
      vertex 5.65166 7.14833 1
      vertex 5.76589 7.17694 3
      vertex 5.65166 7.14833 3
    endloop
  endfacet
  facet normal 0.242955 -0.970038 0
    outer loop
      vertex 5.76589 7.17694 3
      vertex 5.65166 7.14833 1
      vertex 5.76589 7.17694 1
    endloop
  endfacet
  facet normal 0.242955 -0.970038 0
    outer loop
      vertex 5.65166 7.14833 4.8
      vertex 5.76589 7.17694 6
      vertex 5.65166 7.14833 6
    endloop
  endfacet
  facet normal 0.242955 -0.970038 0
    outer loop
      vertex 5.76589 7.17694 6
      vertex 5.65166 7.14833 4.8
      vertex 5.76589 7.17694 4.8
    endloop
  endfacet
  facet normal 0.857703 0.514146 0
    outer loop
      vertex 5.00224 5.33331 3
      vertex 4.94169 5.43432 1
      vertex 4.94169 5.43432 3
    endloop
  endfacet
  facet normal 0.857703 0.514146 0
    outer loop
      vertex 4.94169 5.43432 1
      vertex 5.00224 5.33331 3
      vertex 5.00224 5.33331 1
    endloop
  endfacet
  facet normal 0.857703 0.514146 0
    outer loop
      vertex 5.00224 5.33331 6
      vertex 4.94169 5.43432 4.8
      vertex 4.94169 5.43432 6
    endloop
  endfacet
  facet normal 0.857703 0.514146 0
    outer loop
      vertex 4.94169 5.43432 4.8
      vertex 5.00224 5.33331 6
      vertex 5.00224 5.33331 4.8
    endloop
  endfacet
  facet normal -0.242955 0.970038 0
    outer loop
      vertex 6.34834 4.85167 1
      vertex 6.23411 4.82306 3
      vertex 6.34834 4.85167 3
    endloop
  endfacet
  facet normal -0.242955 0.970038 0
    outer loop
      vertex 6.23411 4.82306 3
      vertex 6.34834 4.85167 1
      vertex 6.23411 4.82306 1
    endloop
  endfacet
  facet normal -0.242955 0.970038 0
    outer loop
      vertex 6.34834 4.85167 4.8
      vertex 6.23411 4.82306 6
      vertex 6.34834 4.85167 6
    endloop
  endfacet
  facet normal -0.242955 0.970038 0
    outer loop
      vertex 6.23411 4.82306 6
      vertex 6.34834 4.85167 4.8
      vertex 6.23411 4.82306 4.8
    endloop
  endfacet
  facet normal 0.595725 0.803188 -0
    outer loop
      vertex 5.33331 5.00224 1
      vertex 5.23873 5.07239 3
      vertex 5.33331 5.00224 3
    endloop
  endfacet
  facet normal 0.595725 0.803188 0
    outer loop
      vertex 5.23873 5.07239 3
      vertex 5.33331 5.00224 1
      vertex 5.23873 5.07239 1
    endloop
  endfacet
  facet normal 0.595725 0.803188 -0
    outer loop
      vertex 5.33331 5.00224 4.8
      vertex 5.23873 5.07239 6
      vertex 5.33331 5.00224 6
    endloop
  endfacet
  facet normal 0.595725 0.803188 0
    outer loop
      vertex 5.23873 5.07239 6
      vertex 5.33331 5.00224 4.8
      vertex 5.23873 5.07239 4.8
    endloop
  endfacet
  facet normal -0.514184 0.85768 0
    outer loop
      vertex 6.66668 5.00224 1
      vertex 6.56568 4.94169 3
      vertex 6.66668 5.00224 3
    endloop
  endfacet
  facet normal -0.514184 0.85768 0
    outer loop
      vertex 6.56568 4.94169 3
      vertex 6.66668 5.00224 1
      vertex 6.56568 4.94169 1
    endloop
  endfacet
  facet normal -0.514184 0.85768 0
    outer loop
      vertex 6.66668 5.00224 4.8
      vertex 6.56568 4.94169 6
      vertex 6.66668 5.00224 6
    endloop
  endfacet
  facet normal -0.514184 0.85768 0
    outer loop
      vertex 6.56568 4.94169 6
      vertex 6.66668 5.00224 4.8
      vertex 6.56568 4.94169 4.8
    endloop
  endfacet
  facet normal -0.803188 0.595725 0
    outer loop
      vertex 6.92761 5.23873 1
      vertex 6.99776 5.33331 3
      vertex 6.99776 5.33331 1
    endloop
  endfacet
  facet normal -0.803188 0.595725 0
    outer loop
      vertex 6.99776 5.33331 3
      vertex 6.92761 5.23873 1
      vertex 6.92761 5.23873 3
    endloop
  endfacet
  facet normal -0.803188 0.595725 0
    outer loop
      vertex 6.92761 5.23873 4.8
      vertex 6.99776 5.33331 6
      vertex 6.99776 5.33331 4.8
    endloop
  endfacet
  facet normal -0.803188 0.595725 0
    outer loop
      vertex 6.99776 5.33331 6
      vertex 6.92761 5.23873 4.8
      vertex 6.92761 5.23873 6
    endloop
  endfacet
  facet normal -0.146733 -0.989176 0
    outer loop
      vertex 6.11762 7.19422 1
      vertex 6.23411 7.17694 3
      vertex 6.11762 7.19422 3
    endloop
  endfacet
  facet normal -0.146733 -0.989176 -0
    outer loop
      vertex 6.23411 7.17694 3
      vertex 6.11762 7.19422 1
      vertex 6.23411 7.17694 1
    endloop
  endfacet
  facet normal -0.146733 -0.989176 0
    outer loop
      vertex 6.11762 7.19422 4.8
      vertex 6.23411 7.17694 6
      vertex 6.11762 7.19422 6
    endloop
  endfacet
  facet normal -0.146733 -0.989176 -0
    outer loop
      vertex 6.23411 7.17694 6
      vertex 6.11762 7.19422 4.8
      vertex 6.23411 7.17694 4.8
    endloop
  endfacet
  facet normal 0.595725 -0.803188 0
    outer loop
      vertex 5.23873 6.92761 1
      vertex 5.33331 6.99776 3
      vertex 5.23873 6.92761 3
    endloop
  endfacet
  facet normal 0.595725 -0.803188 0
    outer loop
      vertex 5.33331 6.99776 3
      vertex 5.23873 6.92761 1
      vertex 5.33331 6.99776 1
    endloop
  endfacet
  facet normal 0.595725 -0.803188 0
    outer loop
      vertex 5.23873 6.92761 4.8
      vertex 5.33331 6.99776 6
      vertex 5.23873 6.92761 6
    endloop
  endfacet
  facet normal 0.595725 -0.803188 0
    outer loop
      vertex 5.33331 6.99776 6
      vertex 5.23873 6.92761 4.8
      vertex 5.33331 6.99776 4.8
    endloop
  endfacet
  facet normal -0.427542 0.903995 0
    outer loop
      vertex 6.56568 4.94169 1
      vertex 6.45922 4.89134 3
      vertex 6.56568 4.94169 3
    endloop
  endfacet
  facet normal -0.427542 0.903995 0
    outer loop
      vertex 6.45922 4.89134 3
      vertex 6.56568 4.94169 1
      vertex 6.45922 4.89134 1
    endloop
  endfacet
  facet normal -0.427542 0.903995 0
    outer loop
      vertex 6.56568 4.94169 4.8
      vertex 6.45922 4.89134 6
      vertex 6.56568 4.94169 6
    endloop
  endfacet
  facet normal -0.427542 0.903995 0
    outer loop
      vertex 6.45922 4.89134 6
      vertex 6.56568 4.94169 4.8
      vertex 6.45922 4.89134 4.8
    endloop
  endfacet
  facet normal 0.803219 -0.595684 0
    outer loop
      vertex 5.00224 6.66668 3
      vertex 5.07239 6.76127 1
      vertex 5.07239 6.76127 3
    endloop
  endfacet
  facet normal 0.803219 -0.595684 0
    outer loop
      vertex 5.07239 6.76127 1
      vertex 5.00224 6.66668 3
      vertex 5.00224 6.66668 1
    endloop
  endfacet
  facet normal 0.803219 -0.595684 0
    outer loop
      vertex 5.00224 6.66668 6
      vertex 5.07239 6.76127 4.8
      vertex 5.07239 6.76127 6
    endloop
  endfacet
  facet normal 0.803219 -0.595684 0
    outer loop
      vertex 5.07239 6.76127 4.8
      vertex 5.00224 6.66668 6
      vertex 5.00224 6.66668 4.8
    endloop
  endfacet
  facet normal -0.989176 0.146733 0
    outer loop
      vertex 7.17694 5.76589 1
      vertex 7.19422 5.88238 3
      vertex 7.19422 5.88238 1
    endloop
  endfacet
  facet normal -0.989176 0.146733 0
    outer loop
      vertex 7.19422 5.88238 3
      vertex 7.17694 5.76589 1
      vertex 7.17694 5.76589 3
    endloop
  endfacet
  facet normal -0.989176 0.146733 0
    outer loop
      vertex 7.17694 5.76589 4.8
      vertex 7.19422 5.88238 6
      vertex 7.19422 5.88238 4.8
    endloop
  endfacet
  facet normal -0.989176 0.146733 0
    outer loop
      vertex 7.19422 5.88238 6
      vertex 7.17694 5.76589 4.8
      vertex 7.17694 5.76589 6
    endloop
  endfacet
  facet normal 0.941553 -0.336864 0
    outer loop
      vertex 4.85167 6.34834 3
      vertex 4.89134 6.45922 1
      vertex 4.89134 6.45922 3
    endloop
  endfacet
  facet normal 0.941553 -0.336864 0
    outer loop
      vertex 4.89134 6.45922 1
      vertex 4.85167 6.34834 3
      vertex 4.85167 6.34834 1
    endloop
  endfacet
  facet normal 0.941553 -0.336864 0
    outer loop
      vertex 4.85167 6.34834 6
      vertex 4.89134 6.45922 4.8
      vertex 4.89134 6.45922 6
    endloop
  endfacet
  facet normal 0.941553 -0.336864 0
    outer loop
      vertex 4.89134 6.45922 4.8
      vertex 4.85167 6.34834 6
      vertex 4.85167 6.34834 4.8
    endloop
  endfacet
  facet normal -0.427542 -0.903995 0
    outer loop
      vertex 6.45922 7.10865 1
      vertex 6.56568 7.0583 3
      vertex 6.45922 7.10865 3
    endloop
  endfacet
  facet normal -0.427542 -0.903995 -0
    outer loop
      vertex 6.56568 7.0583 3
      vertex 6.45922 7.10865 1
      vertex 6.56568 7.0583 1
    endloop
  endfacet
  facet normal -0.427542 -0.903995 0
    outer loop
      vertex 6.45922 7.10865 4.8
      vertex 6.56568 7.0583 6
      vertex 6.45922 7.10865 6
    endloop
  endfacet
  facet normal -0.427542 -0.903995 -0
    outer loop
      vertex 6.56568 7.0583 6
      vertex 6.45922 7.10865 4.8
      vertex 6.56568 7.0583 4.8
    endloop
  endfacet
  facet normal 0.941553 0.336864 0
    outer loop
      vertex 4.89134 5.54078 3
      vertex 4.85167 5.65166 1
      vertex 4.85167 5.65166 3
    endloop
  endfacet
  facet normal 0.941553 0.336864 0
    outer loop
      vertex 4.85167 5.65166 1
      vertex 4.89134 5.54078 3
      vertex 4.89134 5.54078 1
    endloop
  endfacet
  facet normal 0.941553 0.336864 0
    outer loop
      vertex 4.89134 5.54078 6
      vertex 4.85167 5.65166 4.8
      vertex 4.85167 5.65166 6
    endloop
  endfacet
  facet normal 0.941553 0.336864 0
    outer loop
      vertex 4.85167 5.65166 4.8
      vertex 4.89134 5.54078 6
      vertex 4.89134 5.54078 4.8
    endloop
  endfacet
  facet normal -0.970038 0.242955 0
    outer loop
      vertex 7.14833 5.65166 1
      vertex 7.17694 5.76589 3
      vertex 7.17694 5.76589 1
    endloop
  endfacet
  facet normal -0.970038 0.242955 0
    outer loop
      vertex 7.17694 5.76589 3
      vertex 7.14833 5.65166 1
      vertex 7.14833 5.65166 3
    endloop
  endfacet
  facet normal -0.970038 0.242955 0
    outer loop
      vertex 7.14833 5.65166 4.8
      vertex 7.17694 5.76589 6
      vertex 7.17694 5.76589 4.8
    endloop
  endfacet
  facet normal -0.970038 0.242955 0
    outer loop
      vertex 7.17694 5.76589 6
      vertex 7.14833 5.65166 4.8
      vertex 7.14833 5.65166 6
    endloop
  endfacet
  facet normal 0.0490821 -0.998795 0
    outer loop
      vertex 5.88238 7.19422 1
      vertex 6 7.2 3
      vertex 5.88238 7.19422 3
    endloop
  endfacet
  facet normal 0.0490821 -0.998795 0
    outer loop
      vertex 6 7.2 3
      vertex 5.88238 7.19422 1
      vertex 6 7.2 1
    endloop
  endfacet
  facet normal 0.0490821 -0.998795 0
    outer loop
      vertex 5.88238 7.19422 4.8
      vertex 6 7.2 6
      vertex 5.88238 7.19422 6
    endloop
  endfacet
  facet normal 0.0490821 -0.998795 0
    outer loop
      vertex 6 7.2 6
      vertex 5.88238 7.19422 4.8
      vertex 6 7.2 4.8
    endloop
  endfacet
  facet normal 0.427542 -0.903995 0
    outer loop
      vertex 5.43432 7.0583 1
      vertex 5.54078 7.10865 3
      vertex 5.43432 7.0583 3
    endloop
  endfacet
  facet normal 0.427542 -0.903995 0
    outer loop
      vertex 5.54078 7.10865 3
      vertex 5.43432 7.0583 1
      vertex 5.54078 7.10865 1
    endloop
  endfacet
  facet normal 0.427542 -0.903995 0
    outer loop
      vertex 5.43432 7.0583 4.8
      vertex 5.54078 7.10865 6
      vertex 5.43432 7.0583 6
    endloop
  endfacet
  facet normal 0.427542 -0.903995 0
    outer loop
      vertex 5.54078 7.10865 6
      vertex 5.43432 7.0583 4.8
      vertex 5.54078 7.10865 4.8
    endloop
  endfacet
  facet normal 0.671522 -0.740984 0
    outer loop
      vertex 5.15147 6.84853 1
      vertex 5.23873 6.92761 3
      vertex 5.15147 6.84853 3
    endloop
  endfacet
  facet normal 0.671522 -0.740984 0
    outer loop
      vertex 5.23873 6.92761 3
      vertex 5.15147 6.84853 1
      vertex 5.23873 6.92761 1
    endloop
  endfacet
  facet normal 0.671522 -0.740984 0
    outer loop
      vertex 5.15147 6.84853 4.8
      vertex 5.23873 6.92761 6
      vertex 5.15147 6.84853 6
    endloop
  endfacet
  facet normal 0.671522 -0.740984 0
    outer loop
      vertex 5.23873 6.92761 6
      vertex 5.15147 6.84853 4.8
      vertex 5.23873 6.92761 4.8
    endloop
  endfacet
  facet normal -0.336864 0.941553 0
    outer loop
      vertex 6.45922 4.89134 1
      vertex 6.34834 4.85167 3
      vertex 6.45922 4.89134 3
    endloop
  endfacet
  facet normal -0.336864 0.941553 0
    outer loop
      vertex 6.34834 4.85167 3
      vertex 6.45922 4.89134 1
      vertex 6.34834 4.85167 1
    endloop
  endfacet
  facet normal -0.336864 0.941553 0
    outer loop
      vertex 6.45922 4.89134 4.8
      vertex 6.34834 4.85167 6
      vertex 6.45922 4.89134 6
    endloop
  endfacet
  facet normal -0.336864 0.941553 0
    outer loop
      vertex 6.34834 4.85167 6
      vertex 6.45922 4.89134 4.8
      vertex 6.34834 4.85167 4.8
    endloop
  endfacet
  facet normal 0.336939 -0.941527 0
    outer loop
      vertex 5.54078 7.10865 1
      vertex 5.65166 7.14833 3
      vertex 5.54078 7.10865 3
    endloop
  endfacet
  facet normal 0.336939 -0.941527 0
    outer loop
      vertex 5.65166 7.14833 3
      vertex 5.54078 7.10865 1
      vertex 5.65166 7.14833 1
    endloop
  endfacet
  facet normal 0.336939 -0.941527 0
    outer loop
      vertex 5.54078 7.10865 4.8
      vertex 5.65166 7.14833 6
      vertex 5.54078 7.10865 6
    endloop
  endfacet
  facet normal 0.336939 -0.941527 0
    outer loop
      vertex 5.65166 7.14833 6
      vertex 5.54078 7.10865 4.8
      vertex 5.65166 7.14833 4.8
    endloop
  endfacet
  facet normal -0.803219 -0.595684 0
    outer loop
      vertex 6.99776 6.66668 1
      vertex 6.92761 6.76127 3
      vertex 6.92761 6.76127 1
    endloop
  endfacet
  facet normal -0.803219 -0.595684 0
    outer loop
      vertex 6.92761 6.76127 3
      vertex 6.99776 6.66668 1
      vertex 6.99776 6.66668 3
    endloop
  endfacet
  facet normal -0.803219 -0.595684 0
    outer loop
      vertex 6.99776 6.66668 4.8
      vertex 6.92761 6.76127 6
      vertex 6.92761 6.76127 4.8
    endloop
  endfacet
  facet normal -0.803219 -0.595684 0
    outer loop
      vertex 6.92761 6.76127 6
      vertex 6.99776 6.66668 4.8
      vertex 6.99776 6.66668 6
    endloop
  endfacet
  facet normal 0.85768 -0.514184 0
    outer loop
      vertex 4.94169 6.56568 3
      vertex 5.00224 6.66668 1
      vertex 5.00224 6.66668 3
    endloop
  endfacet
  facet normal 0.85768 -0.514184 0
    outer loop
      vertex 5.00224 6.66668 1
      vertex 4.94169 6.56568 3
      vertex 4.94169 6.56568 1
    endloop
  endfacet
  facet normal 0.85768 -0.514184 0
    outer loop
      vertex 4.94169 6.56568 6
      vertex 5.00224 6.66668 4.8
      vertex 5.00224 6.66668 6
    endloop
  endfacet
  facet normal 0.85768 -0.514184 0
    outer loop
      vertex 5.00224 6.66668 4.8
      vertex 4.94169 6.56568 6
      vertex 4.94169 6.56568 4.8
    endloop
  endfacet
  facet normal -0.998795 0.0490821 0
    outer loop
      vertex 7.19422 5.88238 1
      vertex 7.2 6 3
      vertex 7.2 6 1
    endloop
  endfacet
  facet normal -0.998795 0.0490821 0
    outer loop
      vertex 7.2 6 3
      vertex 7.19422 5.88238 1
      vertex 7.19422 5.88238 3
    endloop
  endfacet
  facet normal -0.998795 0.0490821 0
    outer loop
      vertex 7.19422 5.88238 4.8
      vertex 7.2 6 6
      vertex 7.2 6 4.8
    endloop
  endfacet
  facet normal -0.998795 0.0490821 0
    outer loop
      vertex 7.2 6 6
      vertex 7.19422 5.88238 4.8
      vertex 7.19422 5.88238 6
    endloop
  endfacet
  facet normal -0.903995 0.427542 0
    outer loop
      vertex 7.0583 5.43432 1
      vertex 7.10865 5.54078 3
      vertex 7.10865 5.54078 1
    endloop
  endfacet
  facet normal -0.903995 0.427542 0
    outer loop
      vertex 7.10865 5.54078 3
      vertex 7.0583 5.43432 1
      vertex 7.0583 5.43432 3
    endloop
  endfacet
  facet normal -0.903995 0.427542 0
    outer loop
      vertex 7.0583 5.43432 4.8
      vertex 7.10865 5.54078 6
      vertex 7.10865 5.54078 4.8
    endloop
  endfacet
  facet normal -0.903995 0.427542 0
    outer loop
      vertex 7.10865 5.54078 6
      vertex 7.0583 5.43432 4.8
      vertex 7.0583 5.43432 6
    endloop
  endfacet
  facet normal -0.857718 -0.514121 0
    outer loop
      vertex 7.0583 6.56568 1
      vertex 6.99776 6.66668 3
      vertex 6.99776 6.66668 1
    endloop
  endfacet
  facet normal -0.857718 -0.514121 0
    outer loop
      vertex 6.99776 6.66668 3
      vertex 7.0583 6.56568 1
      vertex 7.0583 6.56568 3
    endloop
  endfacet
  facet normal -0.857718 -0.514121 0
    outer loop
      vertex 7.0583 6.56568 4.8
      vertex 6.99776 6.66668 6
      vertex 6.99776 6.66668 4.8
    endloop
  endfacet
  facet normal -0.857718 -0.514121 0
    outer loop
      vertex 6.99776 6.66668 6
      vertex 7.0583 6.56568 4.8
      vertex 7.0583 6.56568 6
    endloop
  endfacet
  facet normal -0.595684 -0.803219 0
    outer loop
      vertex 6.66668 6.99776 1
      vertex 6.76127 6.92761 3
      vertex 6.66668 6.99776 3
    endloop
  endfacet
  facet normal -0.595684 -0.803219 -0
    outer loop
      vertex 6.76127 6.92761 3
      vertex 6.66668 6.99776 1
      vertex 6.76127 6.92761 1
    endloop
  endfacet
  facet normal -0.595684 -0.803219 0
    outer loop
      vertex 6.66668 6.99776 4.8
      vertex 6.76127 6.92761 6
      vertex 6.66668 6.99776 6
    endloop
  endfacet
  facet normal -0.595684 -0.803219 -0
    outer loop
      vertex 6.76127 6.92761 6
      vertex 6.66668 6.99776 4.8
      vertex 6.76127 6.92761 4.8
    endloop
  endfacet
  facet normal 0.514146 0.857703 -0
    outer loop
      vertex 5.43432 4.94169 1
      vertex 5.33331 5.00224 3
      vertex 5.43432 4.94169 3
    endloop
  endfacet
  facet normal 0.514146 0.857703 0
    outer loop
      vertex 5.33331 5.00224 3
      vertex 5.43432 4.94169 1
      vertex 5.33331 5.00224 1
    endloop
  endfacet
  facet normal 0.514146 0.857703 -0
    outer loop
      vertex 5.43432 4.94169 4.8
      vertex 5.33331 5.00224 6
      vertex 5.43432 4.94169 6
    endloop
  endfacet
  facet normal 0.514146 0.857703 0
    outer loop
      vertex 5.33331 5.00224 6
      vertex 5.43432 4.94169 4.8
      vertex 5.33331 5.00224 4.8
    endloop
  endfacet
  facet normal -0.514121 -0.857718 0
    outer loop
      vertex 6.56568 7.0583 1
      vertex 6.66668 6.99776 3
      vertex 6.56568 7.0583 3
    endloop
  endfacet
  facet normal -0.514121 -0.857718 -0
    outer loop
      vertex 6.66668 6.99776 3
      vertex 6.56568 7.0583 1
      vertex 6.66668 6.99776 1
    endloop
  endfacet
  facet normal -0.514121 -0.857718 0
    outer loop
      vertex 6.56568 7.0583 4.8
      vertex 6.66668 6.99776 6
      vertex 6.56568 7.0583 6
    endloop
  endfacet
  facet normal -0.514121 -0.857718 -0
    outer loop
      vertex 6.66668 6.99776 6
      vertex 6.56568 7.0583 4.8
      vertex 6.66668 6.99776 4.8
    endloop
  endfacet
  facet normal -0.146733 0.989176 0
    outer loop
      vertex 6.23411 4.82306 1
      vertex 6.11762 4.80578 3
      vertex 6.23411 4.82306 3
    endloop
  endfacet
  facet normal -0.146733 0.989176 0
    outer loop
      vertex 6.11762 4.80578 3
      vertex 6.23411 4.82306 1
      vertex 6.11762 4.80578 1
    endloop
  endfacet
  facet normal -0.146733 0.989176 0
    outer loop
      vertex 6.23411 4.82306 4.8
      vertex 6.11762 4.80578 6
      vertex 6.23411 4.82306 6
    endloop
  endfacet
  facet normal -0.146733 0.989176 0
    outer loop
      vertex 6.11762 4.80578 6
      vertex 6.23411 4.82306 4.8
      vertex 6.11762 4.80578 4.8
    endloop
  endfacet
  facet normal -0.941527 -0.336939 0
    outer loop
      vertex 7.14833 6.34834 1
      vertex 7.10865 6.45922 3
      vertex 7.10865 6.45922 1
    endloop
  endfacet
  facet normal -0.941527 -0.336939 0
    outer loop
      vertex 7.10865 6.45922 3
      vertex 7.14833 6.34834 1
      vertex 7.14833 6.34834 3
    endloop
  endfacet
  facet normal -0.941527 -0.336939 0
    outer loop
      vertex 7.14833 6.34834 4.8
      vertex 7.10865 6.45922 6
      vertex 7.10865 6.45922 4.8
    endloop
  endfacet
  facet normal -0.941527 -0.336939 0
    outer loop
      vertex 7.10865 6.45922 6
      vertex 7.14833 6.34834 4.8
      vertex 7.14833 6.34834 6
    endloop
  endfacet
  facet normal -0.85774 0.514084 0
    outer loop
      vertex 6.99776 5.33331 1
      vertex 7.0583 5.43432 3
      vertex 7.0583 5.43432 1
    endloop
  endfacet
  facet normal -0.85774 0.514084 0
    outer loop
      vertex 7.0583 5.43432 3
      vertex 6.99776 5.33331 1
      vertex 6.99776 5.33331 3
    endloop
  endfacet
  facet normal -0.85774 0.514084 0
    outer loop
      vertex 6.99776 5.33331 4.8
      vertex 7.0583 5.43432 6
      vertex 7.0583 5.43432 4.8
    endloop
  endfacet
  facet normal -0.85774 0.514084 0
    outer loop
      vertex 7.0583 5.43432 6
      vertex 6.99776 5.33331 4.8
      vertex 6.99776 5.33331 6
    endloop
  endfacet
  facet normal 0.998795 0.0490821 0
    outer loop
      vertex 4.80578 5.88238 3
      vertex 4.8 6 1
      vertex 4.8 6 3
    endloop
  endfacet
  facet normal 0.998795 0.0490821 0
    outer loop
      vertex 4.8 6 1
      vertex 4.80578 5.88238 3
      vertex 4.80578 5.88238 1
    endloop
  endfacet
  facet normal 0.998795 0.0490821 0
    outer loop
      vertex 4.80578 5.88238 6
      vertex 4.8 6 4.8
      vertex 4.8 6 6
    endloop
  endfacet
  facet normal 0.998795 0.0490821 0
    outer loop
      vertex 4.8 6 4.8
      vertex 4.80578 5.88238 6
      vertex 4.80578 5.88238 4.8
    endloop
  endfacet
  facet normal -0.941527 0.336939 0
    outer loop
      vertex 7.10865 5.54078 1
      vertex 7.14833 5.65166 3
      vertex 7.14833 5.65166 1
    endloop
  endfacet
  facet normal -0.941527 0.336939 0
    outer loop
      vertex 7.14833 5.65166 3
      vertex 7.10865 5.54078 1
      vertex 7.10865 5.54078 3
    endloop
  endfacet
  facet normal -0.941527 0.336939 0
    outer loop
      vertex 7.10865 5.54078 4.8
      vertex 7.14833 5.65166 6
      vertex 7.14833 5.65166 4.8
    endloop
  endfacet
  facet normal -0.941527 0.336939 0
    outer loop
      vertex 7.14833 5.65166 6
      vertex 7.10865 5.54078 4.8
      vertex 7.10865 5.54078 6
    endloop
  endfacet
  facet normal 0.146733 -0.989176 0
    outer loop
      vertex 5.76589 7.17694 1
      vertex 5.88238 7.19422 3
      vertex 5.76589 7.17694 3
    endloop
  endfacet
  facet normal 0.146733 -0.989176 0
    outer loop
      vertex 5.88238 7.19422 3
      vertex 5.76589 7.17694 1
      vertex 5.88238 7.19422 1
    endloop
  endfacet
  facet normal 0.146733 -0.989176 0
    outer loop
      vertex 5.76589 7.17694 4.8
      vertex 5.88238 7.19422 6
      vertex 5.76589 7.17694 6
    endloop
  endfacet
  facet normal 0.146733 -0.989176 0
    outer loop
      vertex 5.88238 7.19422 6
      vertex 5.76589 7.17694 4.8
      vertex 5.88238 7.19422 4.8
    endloop
  endfacet
  facet normal -0.740984 -0.671522 0
    outer loop
      vertex 6.92761 6.76127 1
      vertex 6.84853 6.84853 3
      vertex 6.84853 6.84853 1
    endloop
  endfacet
  facet normal -0.740984 -0.671522 0
    outer loop
      vertex 6.84853 6.84853 3
      vertex 6.92761 6.76127 1
      vertex 6.92761 6.76127 3
    endloop
  endfacet
  facet normal -0.740984 -0.671522 0
    outer loop
      vertex 6.92761 6.76127 4.8
      vertex 6.84853 6.84853 6
      vertex 6.84853 6.84853 4.8
    endloop
  endfacet
  facet normal -0.740984 -0.671522 0
    outer loop
      vertex 6.84853 6.84853 6
      vertex 6.92761 6.76127 4.8
      vertex 6.92761 6.76127 6
    endloop
  endfacet
  facet normal -0.0490821 -0.998795 0
    outer loop
      vertex 6 7.2 1
      vertex 6.11762 7.19422 3
      vertex 6 7.2 3
    endloop
  endfacet
  facet normal -0.0490821 -0.998795 -0
    outer loop
      vertex 6.11762 7.19422 3
      vertex 6 7.2 1
      vertex 6.11762 7.19422 1
    endloop
  endfacet
  facet normal -0.0490821 -0.998795 0
    outer loop
      vertex 6 7.2 4.8
      vertex 6.11762 7.19422 6
      vertex 6 7.2 6
    endloop
  endfacet
  facet normal -0.0490821 -0.998795 -0
    outer loop
      vertex 6.11762 7.19422 6
      vertex 6 7.2 4.8
      vertex 6.11762 7.19422 4.8
    endloop
  endfacet
  facet normal -0.903995 -0.427542 0
    outer loop
      vertex 7.10865 6.45922 1
      vertex 7.0583 6.56568 3
      vertex 7.0583 6.56568 1
    endloop
  endfacet
  facet normal -0.903995 -0.427542 0
    outer loop
      vertex 7.0583 6.56568 3
      vertex 7.10865 6.45922 1
      vertex 7.10865 6.45922 3
    endloop
  endfacet
  facet normal -0.903995 -0.427542 0
    outer loop
      vertex 7.10865 6.45922 4.8
      vertex 7.0583 6.56568 6
      vertex 7.0583 6.56568 4.8
    endloop
  endfacet
  facet normal -0.903995 -0.427542 0
    outer loop
      vertex 7.0583 6.56568 6
      vertex 7.10865 6.45922 4.8
      vertex 7.10865 6.45922 6
    endloop
  endfacet
  facet normal 0.146733 0.989176 -0
    outer loop
      vertex 5.88238 4.80578 1
      vertex 5.76589 4.82306 3
      vertex 5.88238 4.80578 3
    endloop
  endfacet
  facet normal 0.146733 0.989176 0
    outer loop
      vertex 5.76589 4.82306 3
      vertex 5.88238 4.80578 1
      vertex 5.76589 4.82306 1
    endloop
  endfacet
  facet normal 0.146733 0.989176 -0
    outer loop
      vertex 5.88238 4.80578 4.8
      vertex 5.76589 4.82306 6
      vertex 5.88238 4.80578 6
    endloop
  endfacet
  facet normal 0.146733 0.989176 0
    outer loop
      vertex 5.76589 4.82306 6
      vertex 5.88238 4.80578 4.8
      vertex 5.76589 4.82306 4.8
    endloop
  endfacet
  facet normal -0.671522 0.740984 0
    outer loop
      vertex 6.84853 5.15147 1
      vertex 6.76127 5.07239 3
      vertex 6.84853 5.15147 3
    endloop
  endfacet
  facet normal -0.671522 0.740984 0
    outer loop
      vertex 6.76127 5.07239 3
      vertex 6.84853 5.15147 1
      vertex 6.76127 5.07239 1
    endloop
  endfacet
  facet normal -0.671522 0.740984 0
    outer loop
      vertex 6.84853 5.15147 4.8
      vertex 6.76127 5.07239 6
      vertex 6.84853 5.15147 6
    endloop
  endfacet
  facet normal -0.671522 0.740984 0
    outer loop
      vertex 6.76127 5.07239 6
      vertex 6.84853 5.15147 4.8
      vertex 6.76127 5.07239 4.8
    endloop
  endfacet
  facet normal 0.0490821 0.998795 -0
    outer loop
      vertex 6 4.8 1
      vertex 5.88238 4.80578 3
      vertex 6 4.8 3
    endloop
  endfacet
  facet normal 0.0490821 0.998795 0
    outer loop
      vertex 5.88238 4.80578 3
      vertex 6 4.8 1
      vertex 5.88238 4.80578 1
    endloop
  endfacet
  facet normal 0.0490821 0.998795 -0
    outer loop
      vertex 6 4.8 4.8
      vertex 5.88238 4.80578 6
      vertex 6 4.8 6
    endloop
  endfacet
  facet normal 0.0490821 0.998795 0
    outer loop
      vertex 5.88238 4.80578 6
      vertex 6 4.8 4.8
      vertex 5.88238 4.80578 4.8
    endloop
  endfacet
  facet normal 0.740984 -0.671522 0
    outer loop
      vertex 5.07239 6.76127 3
      vertex 5.15147 6.84853 1
      vertex 5.15147 6.84853 3
    endloop
  endfacet
  facet normal 0.740984 -0.671522 0
    outer loop
      vertex 5.15147 6.84853 1
      vertex 5.07239 6.76127 3
      vertex 5.07239 6.76127 1
    endloop
  endfacet
  facet normal 0.740984 -0.671522 0
    outer loop
      vertex 5.07239 6.76127 6
      vertex 5.15147 6.84853 4.8
      vertex 5.15147 6.84853 6
    endloop
  endfacet
  facet normal 0.740984 -0.671522 0
    outer loop
      vertex 5.15147 6.84853 4.8
      vertex 5.07239 6.76127 6
      vertex 5.07239 6.76127 4.8
    endloop
  endfacet
  facet normal -0.671522 -0.740984 0
    outer loop
      vertex 6.76127 6.92761 1
      vertex 6.84853 6.84853 3
      vertex 6.76127 6.92761 3
    endloop
  endfacet
  facet normal -0.671522 -0.740984 -0
    outer loop
      vertex 6.84853 6.84853 3
      vertex 6.76127 6.92761 1
      vertex 6.84853 6.84853 1
    endloop
  endfacet
  facet normal -0.671522 -0.740984 0
    outer loop
      vertex 6.76127 6.92761 4.8
      vertex 6.84853 6.84853 6
      vertex 6.76127 6.92761 6
    endloop
  endfacet
  facet normal -0.671522 -0.740984 -0
    outer loop
      vertex 6.84853 6.84853 6
      vertex 6.76127 6.92761 4.8
      vertex 6.84853 6.84853 4.8
    endloop
  endfacet
  facet normal 0.903995 -0.427542 0
    outer loop
      vertex 4.89134 6.45922 3
      vertex 4.94169 6.56568 1
      vertex 4.94169 6.56568 3
    endloop
  endfacet
  facet normal 0.903995 -0.427542 0
    outer loop
      vertex 4.94169 6.56568 1
      vertex 4.89134 6.45922 3
      vertex 4.89134 6.45922 1
    endloop
  endfacet
  facet normal 0.903995 -0.427542 0
    outer loop
      vertex 4.89134 6.45922 6
      vertex 4.94169 6.56568 4.8
      vertex 4.94169 6.56568 6
    endloop
  endfacet
  facet normal 0.903995 -0.427542 0
    outer loop
      vertex 4.94169 6.56568 4.8
      vertex 4.89134 6.45922 6
      vertex 4.89134 6.45922 4.8
    endloop
  endfacet
  facet normal 0.671522 0.740984 -0
    outer loop
      vertex 5.23873 5.07239 1
      vertex 5.15147 5.15147 3
      vertex 5.23873 5.07239 3
    endloop
  endfacet
  facet normal 0.671522 0.740984 0
    outer loop
      vertex 5.15147 5.15147 3
      vertex 5.23873 5.07239 1
      vertex 5.15147 5.15147 1
    endloop
  endfacet
  facet normal 0.671522 0.740984 -0
    outer loop
      vertex 5.23873 5.07239 4.8
      vertex 5.15147 5.15147 6
      vertex 5.23873 5.07239 6
    endloop
  endfacet
  facet normal 0.671522 0.740984 0
    outer loop
      vertex 5.15147 5.15147 6
      vertex 5.23873 5.07239 4.8
      vertex 5.15147 5.15147 4.8
    endloop
  endfacet
  facet normal 0.970038 -0.242955 0
    outer loop
      vertex 4.82306 6.23411 3
      vertex 4.85167 6.34834 1
      vertex 4.85167 6.34834 3
    endloop
  endfacet
  facet normal 0.970038 -0.242955 0
    outer loop
      vertex 4.85167 6.34834 1
      vertex 4.82306 6.23411 3
      vertex 4.82306 6.23411 1
    endloop
  endfacet
  facet normal 0.970038 -0.242955 0
    outer loop
      vertex 4.82306 6.23411 6
      vertex 4.85167 6.34834 4.8
      vertex 4.85167 6.34834 6
    endloop
  endfacet
  facet normal 0.970038 -0.242955 0
    outer loop
      vertex 4.85167 6.34834 4.8
      vertex 4.82306 6.23411 6
      vertex 4.82306 6.23411 4.8
    endloop
  endfacet
  facet normal -0.242955 -0.970038 0
    outer loop
      vertex 6.23411 7.17694 1
      vertex 6.34834 7.14833 3
      vertex 6.23411 7.17694 3
    endloop
  endfacet
  facet normal -0.242955 -0.970038 -0
    outer loop
      vertex 6.34834 7.14833 3
      vertex 6.23411 7.17694 1
      vertex 6.34834 7.14833 1
    endloop
  endfacet
  facet normal -0.242955 -0.970038 0
    outer loop
      vertex 6.23411 7.17694 4.8
      vertex 6.34834 7.14833 6
      vertex 6.23411 7.17694 6
    endloop
  endfacet
  facet normal -0.242955 -0.970038 -0
    outer loop
      vertex 6.34834 7.14833 6
      vertex 6.23411 7.17694 4.8
      vertex 6.34834 7.14833 4.8
    endloop
  endfacet
  facet normal 0.970038 0.242955 0
    outer loop
      vertex 4.85167 5.65166 3
      vertex 4.82306 5.76589 1
      vertex 4.82306 5.76589 3
    endloop
  endfacet
  facet normal 0.970038 0.242955 0
    outer loop
      vertex 4.82306 5.76589 1
      vertex 4.85167 5.65166 3
      vertex 4.85167 5.65166 1
    endloop
  endfacet
  facet normal 0.970038 0.242955 0
    outer loop
      vertex 4.85167 5.65166 6
      vertex 4.82306 5.76589 4.8
      vertex 4.82306 5.76589 6
    endloop
  endfacet
  facet normal 0.970038 0.242955 0
    outer loop
      vertex 4.82306 5.76589 4.8
      vertex 4.85167 5.65166 6
      vertex 4.85167 5.65166 4.8
    endloop
  endfacet
  facet normal 0.427542 0.903995 -0
    outer loop
      vertex 5.54078 4.89134 1
      vertex 5.43432 4.94169 3
      vertex 5.54078 4.89134 3
    endloop
  endfacet
  facet normal 0.427542 0.903995 0
    outer loop
      vertex 5.43432 4.94169 3
      vertex 5.54078 4.89134 1
      vertex 5.43432 4.94169 1
    endloop
  endfacet
  facet normal 0.427542 0.903995 -0
    outer loop
      vertex 5.54078 4.89134 4.8
      vertex 5.43432 4.94169 6
      vertex 5.54078 4.89134 6
    endloop
  endfacet
  facet normal 0.427542 0.903995 0
    outer loop
      vertex 5.43432 4.94169 6
      vertex 5.54078 4.89134 4.8
      vertex 5.43432 4.94169 4.8
    endloop
  endfacet
  facet normal 0.740984 0.671522 0
    outer loop
      vertex 5.15147 5.15147 3
      vertex 5.07239 5.23873 1
      vertex 5.07239 5.23873 3
    endloop
  endfacet
  facet normal 0.740984 0.671522 0
    outer loop
      vertex 5.07239 5.23873 1
      vertex 5.15147 5.15147 3
      vertex 5.15147 5.15147 1
    endloop
  endfacet
  facet normal 0.740984 0.671522 0
    outer loop
      vertex 5.15147 5.15147 6
      vertex 5.07239 5.23873 4.8
      vertex 5.07239 5.23873 6
    endloop
  endfacet
  facet normal 0.740984 0.671522 0
    outer loop
      vertex 5.07239 5.23873 4.8
      vertex 5.15147 5.15147 6
      vertex 5.15147 5.15147 4.8
    endloop
  endfacet
  facet normal -0.0490821 0.998795 0
    outer loop
      vertex 6.11762 4.80578 1
      vertex 6 4.8 3
      vertex 6.11762 4.80578 3
    endloop
  endfacet
  facet normal -0.0490821 0.998795 0
    outer loop
      vertex 6 4.8 3
      vertex 6.11762 4.80578 1
      vertex 6 4.8 1
    endloop
  endfacet
  facet normal -0.0490821 0.998795 0
    outer loop
      vertex 6.11762 4.80578 4.8
      vertex 6 4.8 6
      vertex 6.11762 4.80578 6
    endloop
  endfacet
  facet normal -0.0490821 0.998795 0
    outer loop
      vertex 6 4.8 6
      vertex 6.11762 4.80578 4.8
      vertex 6 4.8 4.8
    endloop
  endfacet
  facet normal 0.989176 0.146733 0
    outer loop
      vertex 4.82306 5.76589 3
      vertex 4.80578 5.88238 1
      vertex 4.80578 5.88238 3
    endloop
  endfacet
  facet normal 0.989176 0.146733 0
    outer loop
      vertex 4.80578 5.88238 1
      vertex 4.82306 5.76589 3
      vertex 4.82306 5.76589 1
    endloop
  endfacet
  facet normal 0.989176 0.146733 0
    outer loop
      vertex 4.82306 5.76589 6
      vertex 4.80578 5.88238 4.8
      vertex 4.80578 5.88238 6
    endloop
  endfacet
  facet normal 0.989176 0.146733 0
    outer loop
      vertex 4.80578 5.88238 4.8
      vertex 4.82306 5.76589 6
      vertex 4.82306 5.76589 4.8
    endloop
  endfacet
  facet normal -0.595684 0.803219 0
    outer loop
      vertex 6.76127 5.07239 1
      vertex 6.66668 5.00224 3
      vertex 6.76127 5.07239 3
    endloop
  endfacet
  facet normal -0.595684 0.803219 0
    outer loop
      vertex 6.66668 5.00224 3
      vertex 6.76127 5.07239 1
      vertex 6.66668 5.00224 1
    endloop
  endfacet
  facet normal -0.595684 0.803219 0
    outer loop
      vertex 6.76127 5.07239 4.8
      vertex 6.66668 5.00224 6
      vertex 6.76127 5.07239 6
    endloop
  endfacet
  facet normal -0.595684 0.803219 0
    outer loop
      vertex 6.66668 5.00224 6
      vertex 6.76127 5.07239 4.8
      vertex 6.66668 5.00224 4.8
    endloop
  endfacet
  facet normal 0 0 1
    outer loop
      vertex 7.19422 6.11762 1
      vertex 7.19422 5.88238 1
      vertex 7.2 6 1
    endloop
  endfacet
  facet normal 0 0 1
    outer loop
      vertex 7.17694 6.23411 1
      vertex 7.19422 5.88238 1
      vertex 7.19422 6.11762 1
    endloop
  endfacet
  facet normal 0 0 1
    outer loop
      vertex 7.17694 6.23411 1
      vertex 7.17694 5.76589 1
      vertex 7.19422 5.88238 1
    endloop
  endfacet
  facet normal 0 0 1
    outer loop
      vertex 7.14833 6.34834 1
      vertex 7.17694 5.76589 1
      vertex 7.17694 6.23411 1
    endloop
  endfacet
  facet normal 0 0 1
    outer loop
      vertex 7.14833 6.34834 1
      vertex 7.14833 5.65166 1
      vertex 7.17694 5.76589 1
    endloop
  endfacet
  facet normal 0 0 1
    outer loop
      vertex 7.10865 6.45922 1
      vertex 7.14833 5.65166 1
      vertex 7.14833 6.34834 1
    endloop
  endfacet
  facet normal 0 0 1
    outer loop
      vertex 7.10865 6.45922 1
      vertex 7.10865 5.54078 1
      vertex 7.14833 5.65166 1
    endloop
  endfacet
  facet normal 0 0 1
    outer loop
      vertex 7.0583 6.56568 1
      vertex 7.10865 5.54078 1
      vertex 7.10865 6.45922 1
    endloop
  endfacet
  facet normal 0 0 1
    outer loop
      vertex 7.0583 6.56568 1
      vertex 7.0583 5.43432 1
      vertex 7.10865 5.54078 1
    endloop
  endfacet
  facet normal 0 0 1
    outer loop
      vertex 6.99776 6.66668 1
      vertex 7.0583 5.43432 1
      vertex 7.0583 6.56568 1
    endloop
  endfacet
  facet normal 0 0 1
    outer loop
      vertex 6.99776 6.66668 1
      vertex 6.99776 5.33331 1
      vertex 7.0583 5.43432 1
    endloop
  endfacet
  facet normal 0 0 1
    outer loop
      vertex 6.92761 6.76127 1
      vertex 6.99776 5.33331 1
      vertex 6.99776 6.66668 1
    endloop
  endfacet
  facet normal 0 0 1
    outer loop
      vertex 6.92761 6.76127 1
      vertex 6.92761 5.23873 1
      vertex 6.99776 5.33331 1
    endloop
  endfacet
  facet normal 0 0 1
    outer loop
      vertex 6.84853 6.84853 1
      vertex 6.92761 5.23873 1
      vertex 6.92761 6.76127 1
    endloop
  endfacet
  facet normal 0 0 1
    outer loop
      vertex 6.84853 6.84853 1
      vertex 6.84853 5.15147 1
      vertex 6.92761 5.23873 1
    endloop
  endfacet
  facet normal 0 0 1
    outer loop
      vertex 6.76127 6.92761 1
      vertex 6.84853 5.15147 1
      vertex 6.84853 6.84853 1
    endloop
  endfacet
  facet normal 0 0 1
    outer loop
      vertex 6.76127 6.92761 1
      vertex 6.76127 5.07239 1
      vertex 6.84853 5.15147 1
    endloop
  endfacet
  facet normal 0 0 1
    outer loop
      vertex 6.66668 6.99776 1
      vertex 6.76127 5.07239 1
      vertex 6.76127 6.92761 1
    endloop
  endfacet
  facet normal 0 0 1
    outer loop
      vertex 6.66668 6.99776 1
      vertex 6.66668 5.00224 1
      vertex 6.76127 5.07239 1
    endloop
  endfacet
  facet normal 0 0 1
    outer loop
      vertex 6.56568 7.0583 1
      vertex 6.66668 5.00224 1
      vertex 6.66668 6.99776 1
    endloop
  endfacet
  facet normal 0 0 1
    outer loop
      vertex 6.56568 7.0583 1
      vertex 6.56568 4.94169 1
      vertex 6.66668 5.00224 1
    endloop
  endfacet
  facet normal 0 0 1
    outer loop
      vertex 6.45922 7.10865 1
      vertex 6.56568 4.94169 1
      vertex 6.56568 7.0583 1
    endloop
  endfacet
  facet normal 0 0 1
    outer loop
      vertex 6.45922 7.10865 1
      vertex 6.45922 4.89134 1
      vertex 6.56568 4.94169 1
    endloop
  endfacet
  facet normal 0 0 1
    outer loop
      vertex 6.34834 7.14833 1
      vertex 6.45922 4.89134 1
      vertex 6.45922 7.10865 1
    endloop
  endfacet
  facet normal 0 0 1
    outer loop
      vertex 6.34834 7.14833 1
      vertex 6.34834 4.85167 1
      vertex 6.45922 4.89134 1
    endloop
  endfacet
  facet normal 0 0 1
    outer loop
      vertex 6.23411 7.17694 1
      vertex 6.34834 4.85167 1
      vertex 6.34834 7.14833 1
    endloop
  endfacet
  facet normal 0 0 1
    outer loop
      vertex 6.23411 7.17694 1
      vertex 6.23411 4.82306 1
      vertex 6.34834 4.85167 1
    endloop
  endfacet
  facet normal 0 0 1
    outer loop
      vertex 6.11762 7.19422 1
      vertex 6.23411 4.82306 1
      vertex 6.23411 7.17694 1
    endloop
  endfacet
  facet normal 0 0 1
    outer loop
      vertex 6.11762 7.19422 1
      vertex 6.11762 4.80578 1
      vertex 6.23411 4.82306 1
    endloop
  endfacet
  facet normal 0 0 1
    outer loop
      vertex 6 7.2 1
      vertex 6.11762 4.80578 1
      vertex 6.11762 7.19422 1
    endloop
  endfacet
  facet normal 0 0 1
    outer loop
      vertex 6 7.2 1
      vertex 6 4.8 1
      vertex 6.11762 4.80578 1
    endloop
  endfacet
  facet normal -0 0 1
    outer loop
      vertex 5.88238 7.19422 1
      vertex 6 4.8 1
      vertex 6 7.2 1
    endloop
  endfacet
  facet normal 0 0 1
    outer loop
      vertex 5.88238 7.19422 1
      vertex 5.88238 4.80578 1
      vertex 6 4.8 1
    endloop
  endfacet
  facet normal -0 0 1
    outer loop
      vertex 5.76589 7.17694 1
      vertex 5.88238 4.80578 1
      vertex 5.88238 7.19422 1
    endloop
  endfacet
  facet normal 0 0 1
    outer loop
      vertex 5.76589 7.17694 1
      vertex 5.76589 4.82306 1
      vertex 5.88238 4.80578 1
    endloop
  endfacet
  facet normal -0 0 1
    outer loop
      vertex 5.65166 7.14833 1
      vertex 5.76589 4.82306 1
      vertex 5.76589 7.17694 1
    endloop
  endfacet
  facet normal 0 0 1
    outer loop
      vertex 5.65166 7.14833 1
      vertex 5.65166 4.85167 1
      vertex 5.76589 4.82306 1
    endloop
  endfacet
  facet normal -0 0 1
    outer loop
      vertex 5.54078 7.10865 1
      vertex 5.65166 4.85167 1
      vertex 5.65166 7.14833 1
    endloop
  endfacet
  facet normal 0 0 1
    outer loop
      vertex 5.54078 7.10865 1
      vertex 5.54078 4.89134 1
      vertex 5.65166 4.85167 1
    endloop
  endfacet
  facet normal -0 0 1
    outer loop
      vertex 5.43432 7.0583 1
      vertex 5.54078 4.89134 1
      vertex 5.54078 7.10865 1
    endloop
  endfacet
  facet normal 0 0 1
    outer loop
      vertex 5.43432 7.0583 1
      vertex 5.43432 4.94169 1
      vertex 5.54078 4.89134 1
    endloop
  endfacet
  facet normal -0 0 1
    outer loop
      vertex 5.33331 6.99776 1
      vertex 5.43432 4.94169 1
      vertex 5.43432 7.0583 1
    endloop
  endfacet
  facet normal 0 0 1
    outer loop
      vertex 5.33331 6.99776 1
      vertex 5.33331 5.00224 1
      vertex 5.43432 4.94169 1
    endloop
  endfacet
  facet normal -0 0 1
    outer loop
      vertex 5.23873 6.92761 1
      vertex 5.33331 5.00224 1
      vertex 5.33331 6.99776 1
    endloop
  endfacet
  facet normal 0 0 1
    outer loop
      vertex 5.23873 6.92761 1
      vertex 5.23873 5.07239 1
      vertex 5.33331 5.00224 1
    endloop
  endfacet
  facet normal -0 0 1
    outer loop
      vertex 5.15147 6.84853 1
      vertex 5.23873 5.07239 1
      vertex 5.23873 6.92761 1
    endloop
  endfacet
  facet normal 0 0 1
    outer loop
      vertex 5.15147 6.84853 1
      vertex 5.15147 5.15147 1
      vertex 5.23873 5.07239 1
    endloop
  endfacet
  facet normal -0 0 1
    outer loop
      vertex 5.07239 6.76127 1
      vertex 5.15147 5.15147 1
      vertex 5.15147 6.84853 1
    endloop
  endfacet
  facet normal 0 0 1
    outer loop
      vertex 5.07239 6.76127 1
      vertex 5.07239 5.23873 1
      vertex 5.15147 5.15147 1
    endloop
  endfacet
  facet normal -0 0 1
    outer loop
      vertex 5.00224 6.66668 1
      vertex 5.07239 5.23873 1
      vertex 5.07239 6.76127 1
    endloop
  endfacet
  facet normal 0 0 1
    outer loop
      vertex 5.00224 6.66668 1
      vertex 5.00224 5.33331 1
      vertex 5.07239 5.23873 1
    endloop
  endfacet
  facet normal -0 0 1
    outer loop
      vertex 4.94169 6.56568 1
      vertex 5.00224 5.33331 1
      vertex 5.00224 6.66668 1
    endloop
  endfacet
  facet normal 0 0 1
    outer loop
      vertex 4.94169 6.56568 1
      vertex 4.94169 5.43432 1
      vertex 5.00224 5.33331 1
    endloop
  endfacet
  facet normal -0 0 1
    outer loop
      vertex 4.89134 6.45922 1
      vertex 4.94169 5.43432 1
      vertex 4.94169 6.56568 1
    endloop
  endfacet
  facet normal 0 0 1
    outer loop
      vertex 4.89134 6.45922 1
      vertex 4.89134 5.54078 1
      vertex 4.94169 5.43432 1
    endloop
  endfacet
  facet normal -0 0 1
    outer loop
      vertex 4.85167 6.34834 1
      vertex 4.89134 5.54078 1
      vertex 4.89134 6.45922 1
    endloop
  endfacet
  facet normal 0 0 1
    outer loop
      vertex 4.85167 6.34834 1
      vertex 4.85167 5.65166 1
      vertex 4.89134 5.54078 1
    endloop
  endfacet
  facet normal -0 0 1
    outer loop
      vertex 4.82306 6.23411 1
      vertex 4.85167 5.65166 1
      vertex 4.85167 6.34834 1
    endloop
  endfacet
  facet normal 0 0 1
    outer loop
      vertex 4.82306 6.23411 1
      vertex 4.82306 5.76589 1
      vertex 4.85167 5.65166 1
    endloop
  endfacet
  facet normal -0 0 1
    outer loop
      vertex 4.80578 6.11762 1
      vertex 4.82306 5.76589 1
      vertex 4.82306 6.23411 1
    endloop
  endfacet
  facet normal 0 0 1
    outer loop
      vertex 4.80578 6.11762 1
      vertex 4.80578 5.88238 1
      vertex 4.82306 5.76589 1
    endloop
  endfacet
  facet normal 0 -0 1
    outer loop
      vertex 4.80578 5.88238 1
      vertex 4.80578 6.11762 1
      vertex 4.8 6 1
    endloop
  endfacet
  facet normal 0.803188 0.595725 0
    outer loop
      vertex 5.07239 5.23873 3
      vertex 5.00224 5.33331 1
      vertex 5.00224 5.33331 3
    endloop
  endfacet
  facet normal 0.803188 0.595725 0
    outer loop
      vertex 5.00224 5.33331 1
      vertex 5.07239 5.23873 3
      vertex 5.07239 5.23873 1
    endloop
  endfacet
  facet normal 0.803188 0.595725 0
    outer loop
      vertex 5.07239 5.23873 6
      vertex 5.00224 5.33331 4.8
      vertex 5.00224 5.33331 6
    endloop
  endfacet
  facet normal 0.803188 0.595725 0
    outer loop
      vertex 5.00224 5.33331 4.8
      vertex 5.07239 5.23873 6
      vertex 5.07239 5.23873 4.8
    endloop
  endfacet
  facet normal 0.998795 -0.0490821 0
    outer loop
      vertex 4.8 6 3
      vertex 4.80578 6.11762 1
      vertex 4.80578 6.11762 3
    endloop
  endfacet
  facet normal 0.998795 -0.0490821 0
    outer loop
      vertex 4.80578 6.11762 1
      vertex 4.8 6 3
      vertex 4.8 6 1
    endloop
  endfacet
  facet normal 0.998795 -0.0490821 0
    outer loop
      vertex 4.8 6 6
      vertex 4.80578 6.11762 4.8
      vertex 4.80578 6.11762 6
    endloop
  endfacet
  facet normal 0.998795 -0.0490821 0
    outer loop
      vertex 4.80578 6.11762 4.8
      vertex 4.8 6 6
      vertex 4.8 6 4.8
    endloop
  endfacet
  facet normal -0.740984 0.671522 0
    outer loop
      vertex 6.84853 5.15147 1
      vertex 6.92761 5.23873 3
      vertex 6.92761 5.23873 1
    endloop
  endfacet
  facet normal -0.740984 0.671522 0
    outer loop
      vertex 6.92761 5.23873 3
      vertex 6.84853 5.15147 1
      vertex 6.84853 5.15147 3
    endloop
  endfacet
  facet normal -0.740984 0.671522 0
    outer loop
      vertex 6.84853 5.15147 4.8
      vertex 6.92761 5.23873 6
      vertex 6.92761 5.23873 4.8
    endloop
  endfacet
  facet normal -0.740984 0.671522 0
    outer loop
      vertex 6.92761 5.23873 6
      vertex 6.84853 5.15147 4.8
      vertex 6.84853 5.15147 6
    endloop
  endfacet
  facet normal 0.998786 -0.0492515 0
    outer loop
      vertex 72.8 6 3
      vertex 72.8058 6.11762 1
      vertex 72.8058 6.11762 3
    endloop
  endfacet
  facet normal 0.998786 -0.0492515 0
    outer loop
      vertex 72.8058 6.11762 1
      vertex 72.8 6 3
      vertex 72.8 6 1
    endloop
  endfacet
  facet normal 0.998786 -0.0492515 0
    outer loop
      vertex 72.8 6 6
      vertex 72.8058 6.11762 4.8
      vertex 72.8058 6.11762 6
    endloop
  endfacet
  facet normal 0.998786 -0.0492515 0
    outer loop
      vertex 72.8058 6.11762 4.8
      vertex 72.8 6 6
      vertex 72.8 6 4.8
    endloop
  endfacet
  facet normal -0.989151 -0.146899 0
    outer loop
      vertex 75.1942 6.11762 1
      vertex 75.1769 6.23411 3
      vertex 75.1769 6.23411 1
    endloop
  endfacet
  facet normal -0.989151 -0.146899 0
    outer loop
      vertex 75.1769 6.23411 3
      vertex 75.1942 6.11762 1
      vertex 75.1942 6.11762 3
    endloop
  endfacet
  facet normal -0.989151 -0.146899 0
    outer loop
      vertex 75.1942 6.11762 4.8
      vertex 75.1769 6.23411 6
      vertex 75.1769 6.23411 4.8
    endloop
  endfacet
  facet normal -0.989151 -0.146899 0
    outer loop
      vertex 75.1769 6.23411 6
      vertex 75.1942 6.11762 4.8
      vertex 75.1942 6.11762 6
    endloop
  endfacet
  facet normal -0.0490904 0.998794 0
    outer loop
      vertex 74.1176 4.80578 1
      vertex 74 4.8 3
      vertex 74.1176 4.80578 3
    endloop
  endfacet
  facet normal -0.0490904 0.998794 0
    outer loop
      vertex 74 4.8 3
      vertex 74.1176 4.80578 1
      vertex 74 4.8 1
    endloop
  endfacet
  facet normal -0.0490904 0.998794 0
    outer loop
      vertex 74.1176 4.80578 4.8
      vertex 74 4.8 6
      vertex 74.1176 4.80578 6
    endloop
  endfacet
  facet normal -0.0490904 0.998794 0
    outer loop
      vertex 74 4.8 6
      vertex 74.1176 4.80578 4.8
      vertex 74 4.8 4.8
    endloop
  endfacet
  facet normal -0.7409 0.671616 0
    outer loop
      vertex 74.8485 5.15147 1
      vertex 74.9276 5.23873 3
      vertex 74.9276 5.23873 1
    endloop
  endfacet
  facet normal -0.7409 0.671616 0
    outer loop
      vertex 74.9276 5.23873 3
      vertex 74.8485 5.15147 1
      vertex 74.8485 5.15147 3
    endloop
  endfacet
  facet normal -0.7409 0.671616 0
    outer loop
      vertex 74.8485 5.15147 4.8
      vertex 74.9276 5.23873 6
      vertex 74.9276 5.23873 4.8
    endloop
  endfacet
  facet normal -0.7409 0.671616 0
    outer loop
      vertex 74.9276 5.23873 6
      vertex 74.8485 5.15147 4.8
      vertex 74.8485 5.15147 6
    endloop
  endfacet
  facet normal -0.802985 0.595999 0
    outer loop
      vertex 74.9276 5.23873 1
      vertex 74.9978 5.33331 3
      vertex 74.9978 5.33331 1
    endloop
  endfacet
  facet normal -0.802985 0.595999 0
    outer loop
      vertex 74.9978 5.33331 3
      vertex 74.9276 5.23873 1
      vertex 74.9276 5.23873 3
    endloop
  endfacet
  facet normal -0.802985 0.595999 0
    outer loop
      vertex 74.9276 5.23873 4.8
      vertex 74.9978 5.33331 6
      vertex 74.9978 5.33331 4.8
    endloop
  endfacet
  facet normal -0.802985 0.595999 0
    outer loop
      vertex 74.9978 5.33331 6
      vertex 74.9276 5.23873 4.8
      vertex 74.9276 5.23873 6
    endloop
  endfacet
  facet normal 0.903831 0.427889 0
    outer loop
      vertex 72.9417 5.43432 3
      vertex 72.8913 5.54078 1
      vertex 72.8913 5.54078 3
    endloop
  endfacet
  facet normal 0.903831 0.427889 0
    outer loop
      vertex 72.8913 5.54078 1
      vertex 72.9417 5.43432 3
      vertex 72.9417 5.43432 1
    endloop
  endfacet
  facet normal 0.903831 0.427889 0
    outer loop
      vertex 72.9417 5.43432 6
      vertex 72.8913 5.54078 4.8
      vertex 72.8913 5.54078 6
    endloop
  endfacet
  facet normal 0.903831 0.427889 0
    outer loop
      vertex 72.8913 5.54078 4.8
      vertex 72.9417 5.43432 6
      vertex 72.9417 5.43432 4.8
    endloop
  endfacet
  facet normal -0.941742 -0.336336 0
    outer loop
      vertex 75.1483 6.34834 1
      vertex 75.1087 6.45922 3
      vertex 75.1087 6.45922 1
    endloop
  endfacet
  facet normal -0.941742 -0.336336 0
    outer loop
      vertex 75.1087 6.45922 3
      vertex 75.1483 6.34834 1
      vertex 75.1483 6.34834 3
    endloop
  endfacet
  facet normal -0.941742 -0.336336 0
    outer loop
      vertex 75.1483 6.34834 4.8
      vertex 75.1087 6.45922 6
      vertex 75.1087 6.45922 4.8
    endloop
  endfacet
  facet normal -0.941742 -0.336336 0
    outer loop
      vertex 75.1087 6.45922 6
      vertex 75.1483 6.34834 4.8
      vertex 75.1483 6.34834 6
    endloop
  endfacet
  facet normal -0.671776 -0.740754 0
    outer loop
      vertex 74.7613 6.92761 1
      vertex 74.8485 6.84853 3
      vertex 74.7613 6.92761 3
    endloop
  endfacet
  facet normal -0.671776 -0.740754 -0
    outer loop
      vertex 74.8485 6.84853 3
      vertex 74.7613 6.92761 1
      vertex 74.8485 6.84853 1
    endloop
  endfacet
  facet normal -0.671776 -0.740754 0
    outer loop
      vertex 74.7613 6.92761 4.8
      vertex 74.8485 6.84853 6
      vertex 74.7613 6.92761 6
    endloop
  endfacet
  facet normal -0.671776 -0.740754 -0
    outer loop
      vertex 74.8485 6.84853 6
      vertex 74.7613 6.92761 4.8
      vertex 74.8485 6.84853 4.8
    endloop
  endfacet
  facet normal 0.941742 0.336336 0
    outer loop
      vertex 72.8913 5.54078 3
      vertex 72.8517 5.65166 1
      vertex 72.8517 5.65166 3
    endloop
  endfacet
  facet normal 0.941742 0.336336 0
    outer loop
      vertex 72.8517 5.65166 1
      vertex 72.8913 5.54078 3
      vertex 72.8913 5.54078 1
    endloop
  endfacet
  facet normal 0.941742 0.336336 0
    outer loop
      vertex 72.8913 5.54078 6
      vertex 72.8517 5.65166 4.8
      vertex 72.8517 5.65166 6
    endloop
  endfacet
  facet normal 0.941742 0.336336 0
    outer loop
      vertex 72.8517 5.65166 4.8
      vertex 72.8913 5.54078 6
      vertex 72.8913 5.54078 4.8
    endloop
  endfacet
  facet normal -0.336885 -0.941546 0
    outer loop
      vertex 74.3483 7.14833 1
      vertex 74.4592 7.10865 3
      vertex 74.3483 7.14833 3
    endloop
  endfacet
  facet normal -0.336885 -0.941546 -0
    outer loop
      vertex 74.4592 7.10865 3
      vertex 74.3483 7.14833 1
      vertex 74.4592 7.10865 1
    endloop
  endfacet
  facet normal -0.336885 -0.941546 0
    outer loop
      vertex 74.3483 7.14833 4.8
      vertex 74.4592 7.10865 6
      vertex 74.3483 7.14833 6
    endloop
  endfacet
  facet normal -0.336885 -0.941546 -0
    outer loop
      vertex 74.4592 7.10865 6
      vertex 74.3483 7.14833 4.8
      vertex 74.4592 7.10865 4.8
    endloop
  endfacet
  facet normal -0.989151 0.146899 0
    outer loop
      vertex 75.1769 5.76589 1
      vertex 75.1942 5.88238 3
      vertex 75.1942 5.88238 1
    endloop
  endfacet
  facet normal -0.989151 0.146899 0
    outer loop
      vertex 75.1942 5.88238 3
      vertex 75.1769 5.76589 1
      vertex 75.1769 5.76589 3
    endloop
  endfacet
  facet normal -0.989151 0.146899 0
    outer loop
      vertex 75.1769 5.76589 4.8
      vertex 75.1942 5.88238 6
      vertex 75.1942 5.88238 4.8
    endloop
  endfacet
  facet normal -0.989151 0.146899 0
    outer loop
      vertex 75.1942 5.88238 6
      vertex 75.1769 5.76589 4.8
      vertex 75.1769 5.76589 6
    endloop
  endfacet
  facet normal 0.595644 0.803249 -0
    outer loop
      vertex 73.3333 5.00224 1
      vertex 73.2387 5.07239 3
      vertex 73.3333 5.00224 3
    endloop
  endfacet
  facet normal 0.595644 0.803249 0
    outer loop
      vertex 73.2387 5.07239 3
      vertex 73.3333 5.00224 1
      vertex 73.2387 5.07239 1
    endloop
  endfacet
  facet normal 0.595644 0.803249 -0
    outer loop
      vertex 73.3333 5.00224 4.8
      vertex 73.2387 5.07239 6
      vertex 73.3333 5.00224 6
    endloop
  endfacet
  facet normal 0.595644 0.803249 0
    outer loop
      vertex 73.2387 5.07239 6
      vertex 73.3333 5.00224 4.8
      vertex 73.2387 5.07239 4.8
    endloop
  endfacet
  facet normal 0.85789 0.513834 0
    outer loop
      vertex 73.0022 5.33331 3
      vertex 72.9417 5.43432 1
      vertex 72.9417 5.43432 3
    endloop
  endfacet
  facet normal 0.85789 0.513834 0
    outer loop
      vertex 72.9417 5.43432 1
      vertex 73.0022 5.33331 3
      vertex 73.0022 5.33331 1
    endloop
  endfacet
  facet normal 0.85789 0.513834 0
    outer loop
      vertex 73.0022 5.33331 6
      vertex 72.9417 5.43432 4.8
      vertex 72.9417 5.43432 6
    endloop
  endfacet
  facet normal 0.85789 0.513834 0
    outer loop
      vertex 72.9417 5.43432 4.8
      vertex 73.0022 5.33331 6
      vertex 73.0022 5.33331 4.8
    endloop
  endfacet
  facet normal -0.998786 -0.0492515 0
    outer loop
      vertex 75.2 6 1
      vertex 75.1942 6.11762 3
      vertex 75.1942 6.11762 1
    endloop
  endfacet
  facet normal -0.998786 -0.0492515 0
    outer loop
      vertex 75.1942 6.11762 3
      vertex 75.2 6 1
      vertex 75.2 6 3
    endloop
  endfacet
  facet normal -0.998786 -0.0492515 0
    outer loop
      vertex 75.2 6 4.8
      vertex 75.1942 6.11762 6
      vertex 75.1942 6.11762 4.8
    endloop
  endfacet
  facet normal -0.998786 -0.0492515 0
    outer loop
      vertex 75.1942 6.11762 6
      vertex 75.2 6 4.8
      vertex 75.2 6 6
    endloop
  endfacet
  facet normal -0.7409 -0.671616 0
    outer loop
      vertex 74.9276 6.76127 1
      vertex 74.8485 6.84853 3
      vertex 74.8485 6.84853 1
    endloop
  endfacet
  facet normal -0.7409 -0.671616 0
    outer loop
      vertex 74.8485 6.84853 3
      vertex 74.9276 6.76127 1
      vertex 74.9276 6.76127 3
    endloop
  endfacet
  facet normal -0.7409 -0.671616 0
    outer loop
      vertex 74.9276 6.76127 4.8
      vertex 74.8485 6.84853 6
      vertex 74.8485 6.84853 4.8
    endloop
  endfacet
  facet normal -0.7409 -0.671616 0
    outer loop
      vertex 74.8485 6.84853 6
      vertex 74.9276 6.76127 4.8
      vertex 74.9276 6.76127 6
    endloop
  endfacet
  facet normal -0.970058 -0.242875 0
    outer loop
      vertex 75.1769 6.23411 1
      vertex 75.1483 6.34834 3
      vertex 75.1483 6.34834 1
    endloop
  endfacet
  facet normal -0.970058 -0.242875 0
    outer loop
      vertex 75.1483 6.34834 3
      vertex 75.1769 6.23411 1
      vertex 75.1769 6.23411 3
    endloop
  endfacet
  facet normal -0.970058 -0.242875 0
    outer loop
      vertex 75.1769 6.23411 4.8
      vertex 75.1483 6.34834 6
      vertex 75.1483 6.34834 4.8
    endloop
  endfacet
  facet normal -0.970058 -0.242875 0
    outer loop
      vertex 75.1483 6.34834 6
      vertex 75.1769 6.23411 4.8
      vertex 75.1769 6.23411 6
    endloop
  endfacet
  facet normal 0.427411 0.904057 -0
    outer loop
      vertex 73.5408 4.89134 1
      vertex 73.4343 4.94169 3
      vertex 73.5408 4.89134 3
    endloop
  endfacet
  facet normal 0.427411 0.904057 0
    outer loop
      vertex 73.4343 4.94169 3
      vertex 73.5408 4.89134 1
      vertex 73.4343 4.94169 1
    endloop
  endfacet
  facet normal 0.427411 0.904057 -0
    outer loop
      vertex 73.5408 4.89134 4.8
      vertex 73.4343 4.94169 6
      vertex 73.5408 4.89134 6
    endloop
  endfacet
  facet normal 0.427411 0.904057 0
    outer loop
      vertex 73.4343 4.94169 6
      vertex 73.5408 4.89134 4.8
      vertex 73.4343 4.94169 4.8
    endloop
  endfacet
  facet normal 0.146721 -0.989178 0
    outer loop
      vertex 73.7659 7.17694 1
      vertex 73.8824 7.19422 3
      vertex 73.7659 7.17694 3
    endloop
  endfacet
  facet normal 0.146721 -0.989178 0
    outer loop
      vertex 73.8824 7.19422 3
      vertex 73.7659 7.17694 1
      vertex 73.8824 7.19422 1
    endloop
  endfacet
  facet normal 0.146721 -0.989178 0
    outer loop
      vertex 73.7659 7.17694 4.8
      vertex 73.8824 7.19422 6
      vertex 73.7659 7.17694 6
    endloop
  endfacet
  facet normal 0.146721 -0.989178 0
    outer loop
      vertex 73.8824 7.19422 6
      vertex 73.7659 7.17694 4.8
      vertex 73.8824 7.19422 4.8
    endloop
  endfacet
  facet normal 0.243015 -0.970022 0
    outer loop
      vertex 73.6517 7.14833 1
      vertex 73.7659 7.17694 3
      vertex 73.6517 7.14833 3
    endloop
  endfacet
  facet normal 0.243015 -0.970022 0
    outer loop
      vertex 73.7659 7.17694 3
      vertex 73.6517 7.14833 1
      vertex 73.7659 7.17694 1
    endloop
  endfacet
  facet normal 0.243015 -0.970022 0
    outer loop
      vertex 73.6517 7.14833 4.8
      vertex 73.7659 7.17694 6
      vertex 73.6517 7.14833 6
    endloop
  endfacet
  facet normal 0.243015 -0.970022 0
    outer loop
      vertex 73.7659 7.17694 6
      vertex 73.6517 7.14833 4.8
      vertex 73.7659 7.17694 4.8
    endloop
  endfacet
  facet normal 0.0490904 -0.998794 0
    outer loop
      vertex 73.8824 7.19422 1
      vertex 74 7.2 3
      vertex 73.8824 7.19422 3
    endloop
  endfacet
  facet normal 0.0490904 -0.998794 0
    outer loop
      vertex 74 7.2 3
      vertex 73.8824 7.19422 1
      vertex 74 7.2 1
    endloop
  endfacet
  facet normal 0.0490904 -0.998794 0
    outer loop
      vertex 73.8824 7.19422 4.8
      vertex 74 7.2 6
      vertex 73.8824 7.19422 6
    endloop
  endfacet
  facet normal 0.0490904 -0.998794 0
    outer loop
      vertex 74 7.2 6
      vertex 73.8824 7.19422 4.8
      vertex 74 7.2 4.8
    endloop
  endfacet
  facet normal 0.7409 0.671616 0
    outer loop
      vertex 73.1515 5.15147 3
      vertex 73.0724 5.23873 1
      vertex 73.0724 5.23873 3
    endloop
  endfacet
  facet normal 0.7409 0.671616 0
    outer loop
      vertex 73.0724 5.23873 1
      vertex 73.1515 5.15147 3
      vertex 73.1515 5.15147 1
    endloop
  endfacet
  facet normal 0.7409 0.671616 0
    outer loop
      vertex 73.1515 5.15147 6
      vertex 73.0724 5.23873 4.8
      vertex 73.0724 5.23873 6
    endloop
  endfacet
  facet normal 0.7409 0.671616 0
    outer loop
      vertex 73.0724 5.23873 4.8
      vertex 73.1515 5.15147 6
      vertex 73.1515 5.15147 4.8
    endloop
  endfacet
  facet normal 0.33681 0.941573 -0
    outer loop
      vertex 73.6517 4.85167 1
      vertex 73.5408 4.89134 3
      vertex 73.6517 4.85167 3
    endloop
  endfacet
  facet normal 0.33681 0.941573 0
    outer loop
      vertex 73.5408 4.89134 3
      vertex 73.6517 4.85167 1
      vertex 73.5408 4.89134 1
    endloop
  endfacet
  facet normal 0.33681 0.941573 -0
    outer loop
      vertex 73.6517 4.85167 4.8
      vertex 73.5408 4.89134 6
      vertex 73.6517 4.85167 6
    endloop
  endfacet
  facet normal 0.33681 0.941573 0
    outer loop
      vertex 73.5408 4.89134 6
      vertex 73.6517 4.85167 4.8
      vertex 73.5408 4.89134 4.8
    endloop
  endfacet
  facet normal 0.336885 -0.941546 0
    outer loop
      vertex 73.5408 7.10865 1
      vertex 73.6517 7.14833 3
      vertex 73.5408 7.10865 3
    endloop
  endfacet
  facet normal 0.336885 -0.941546 0
    outer loop
      vertex 73.6517 7.14833 3
      vertex 73.5408 7.10865 1
      vertex 73.6517 7.14833 1
    endloop
  endfacet
  facet normal 0.336885 -0.941546 0
    outer loop
      vertex 73.5408 7.10865 4.8
      vertex 73.6517 7.14833 6
      vertex 73.5408 7.10865 6
    endloop
  endfacet
  facet normal 0.336885 -0.941546 0
    outer loop
      vertex 73.6517 7.14833 6
      vertex 73.5408 7.10865 4.8
      vertex 73.6517 7.14833 4.8
    endloop
  endfacet
  facet normal -0.595644 -0.803249 0
    outer loop
      vertex 74.6667 6.99776 1
      vertex 74.7613 6.92761 3
      vertex 74.6667 6.99776 3
    endloop
  endfacet
  facet normal -0.595644 -0.803249 -0
    outer loop
      vertex 74.7613 6.92761 3
      vertex 74.6667 6.99776 1
      vertex 74.7613 6.92761 1
    endloop
  endfacet
  facet normal -0.595644 -0.803249 0
    outer loop
      vertex 74.6667 6.99776 4.8
      vertex 74.7613 6.92761 6
      vertex 74.6667 6.99776 6
    endloop
  endfacet
  facet normal -0.595644 -0.803249 -0
    outer loop
      vertex 74.7613 6.92761 6
      vertex 74.6667 6.99776 4.8
      vertex 74.7613 6.92761 4.8
    endloop
  endfacet
  facet normal 0.671776 0.740754 -0
    outer loop
      vertex 73.2387 5.07239 1
      vertex 73.1515 5.15147 3
      vertex 73.2387 5.07239 3
    endloop
  endfacet
  facet normal 0.671776 0.740754 0
    outer loop
      vertex 73.1515 5.15147 3
      vertex 73.2387 5.07239 1
      vertex 73.1515 5.15147 1
    endloop
  endfacet
  facet normal 0.671776 0.740754 -0
    outer loop
      vertex 73.2387 5.07239 4.8
      vertex 73.1515 5.15147 6
      vertex 73.2387 5.07239 6
    endloop
  endfacet
  facet normal 0.671776 0.740754 0
    outer loop
      vertex 73.1515 5.15147 6
      vertex 73.2387 5.07239 4.8
      vertex 73.1515 5.15147 4.8
    endloop
  endfacet
  facet normal -0.243015 0.970022 0
    outer loop
      vertex 74.3483 4.85167 1
      vertex 74.2341 4.82306 3
      vertex 74.3483 4.85167 3
    endloop
  endfacet
  facet normal -0.243015 0.970022 0
    outer loop
      vertex 74.2341 4.82306 3
      vertex 74.3483 4.85167 1
      vertex 74.2341 4.82306 1
    endloop
  endfacet
  facet normal -0.243015 0.970022 0
    outer loop
      vertex 74.3483 4.85167 4.8
      vertex 74.2341 4.82306 6
      vertex 74.3483 4.85167 6
    endloop
  endfacet
  facet normal -0.243015 0.970022 0
    outer loop
      vertex 74.2341 4.82306 6
      vertex 74.3483 4.85167 4.8
      vertex 74.2341 4.82306 4.8
    endloop
  endfacet
  facet normal -0.970058 0.242875 0
    outer loop
      vertex 75.1483 5.65166 1
      vertex 75.1769 5.76589 3
      vertex 75.1769 5.76589 1
    endloop
  endfacet
  facet normal -0.970058 0.242875 0
    outer loop
      vertex 75.1769 5.76589 3
      vertex 75.1483 5.65166 1
      vertex 75.1483 5.65166 3
    endloop
  endfacet
  facet normal -0.970058 0.242875 0
    outer loop
      vertex 75.1483 5.65166 4.8
      vertex 75.1769 5.76589 6
      vertex 75.1769 5.76589 4.8
    endloop
  endfacet
  facet normal -0.970058 0.242875 0
    outer loop
      vertex 75.1769 5.76589 6
      vertex 75.1483 5.65166 4.8
      vertex 75.1483 5.65166 6
    endloop
  endfacet
  facet normal -0.595644 0.803249 0
    outer loop
      vertex 74.7613 5.07239 1
      vertex 74.6667 5.00224 3
      vertex 74.7613 5.07239 3
    endloop
  endfacet
  facet normal -0.595644 0.803249 0
    outer loop
      vertex 74.6667 5.00224 3
      vertex 74.7613 5.07239 1
      vertex 74.6667 5.00224 1
    endloop
  endfacet
  facet normal -0.595644 0.803249 0
    outer loop
      vertex 74.7613 5.07239 4.8
      vertex 74.6667 5.00224 6
      vertex 74.7613 5.07239 6
    endloop
  endfacet
  facet normal -0.595644 0.803249 0
    outer loop
      vertex 74.6667 5.00224 6
      vertex 74.7613 5.07239 4.8
      vertex 74.6667 5.00224 4.8
    endloop
  endfacet
  facet normal -0.941742 0.336336 0
    outer loop
      vertex 75.1087 5.54078 1
      vertex 75.1483 5.65166 3
      vertex 75.1483 5.65166 1
    endloop
  endfacet
  facet normal -0.941742 0.336336 0
    outer loop
      vertex 75.1483 5.65166 3
      vertex 75.1087 5.54078 1
      vertex 75.1087 5.54078 3
    endloop
  endfacet
  facet normal -0.941742 0.336336 0
    outer loop
      vertex 75.1087 5.54078 4.8
      vertex 75.1483 5.65166 6
      vertex 75.1483 5.65166 4.8
    endloop
  endfacet
  facet normal -0.941742 0.336336 0
    outer loop
      vertex 75.1483 5.65166 6
      vertex 75.1087 5.54078 4.8
      vertex 75.1087 5.54078 6
    endloop
  endfacet
  facet normal 0.802985 0.595999 0
    outer loop
      vertex 73.0724 5.23873 3
      vertex 73.0022 5.33331 1
      vertex 73.0022 5.33331 3
    endloop
  endfacet
  facet normal 0.802985 0.595999 0
    outer loop
      vertex 73.0022 5.33331 1
      vertex 73.0724 5.23873 3
      vertex 73.0724 5.23873 1
    endloop
  endfacet
  facet normal 0.802985 0.595999 0
    outer loop
      vertex 73.0724 5.23873 6
      vertex 73.0022 5.33331 4.8
      vertex 73.0022 5.33331 6
    endloop
  endfacet
  facet normal 0.802985 0.595999 0
    outer loop
      vertex 73.0022 5.33331 4.8
      vertex 73.0724 5.23873 6
      vertex 73.0724 5.23873 4.8
    endloop
  endfacet
  facet normal 0.7409 -0.671616 0
    outer loop
      vertex 73.0724 6.76127 3
      vertex 73.1515 6.84853 1
      vertex 73.1515 6.84853 3
    endloop
  endfacet
  facet normal 0.7409 -0.671616 0
    outer loop
      vertex 73.1515 6.84853 1
      vertex 73.0724 6.76127 3
      vertex 73.0724 6.76127 1
    endloop
  endfacet
  facet normal 0.7409 -0.671616 0
    outer loop
      vertex 73.0724 6.76127 6
      vertex 73.1515 6.84853 4.8
      vertex 73.1515 6.84853 6
    endloop
  endfacet
  facet normal 0.7409 -0.671616 0
    outer loop
      vertex 73.1515 6.84853 4.8
      vertex 73.0724 6.76127 6
      vertex 73.0724 6.76127 4.8
    endloop
  endfacet
  facet normal -0.998786 0.0492515 0
    outer loop
      vertex 75.1942 5.88238 1
      vertex 75.2 6 3
      vertex 75.2 6 1
    endloop
  endfacet
  facet normal -0.998786 0.0492515 0
    outer loop
      vertex 75.2 6 3
      vertex 75.1942 5.88238 1
      vertex 75.1942 5.88238 3
    endloop
  endfacet
  facet normal -0.998786 0.0492515 0
    outer loop
      vertex 75.1942 5.88238 4.8
      vertex 75.2 6 6
      vertex 75.2 6 4.8
    endloop
  endfacet
  facet normal -0.998786 0.0492515 0
    outer loop
      vertex 75.2 6 6
      vertex 75.1942 5.88238 4.8
      vertex 75.1942 5.88238 6
    endloop
  endfacet
  facet normal -0.33681 0.941573 0
    outer loop
      vertex 74.4592 4.89134 1
      vertex 74.3483 4.85167 3
      vertex 74.4592 4.89134 3
    endloop
  endfacet
  facet normal -0.33681 0.941573 0
    outer loop
      vertex 74.3483 4.85167 3
      vertex 74.4592 4.89134 1
      vertex 74.3483 4.85167 1
    endloop
  endfacet
  facet normal -0.33681 0.941573 0
    outer loop
      vertex 74.4592 4.89134 4.8
      vertex 74.3483 4.85167 6
      vertex 74.4592 4.89134 6
    endloop
  endfacet
  facet normal -0.33681 0.941573 0
    outer loop
      vertex 74.3483 4.85167 6
      vertex 74.4592 4.89134 4.8
      vertex 74.3483 4.85167 4.8
    endloop
  endfacet
  facet normal -0.427411 -0.904057 0
    outer loop
      vertex 74.4592 7.10865 1
      vertex 74.5657 7.0583 3
      vertex 74.4592 7.10865 3
    endloop
  endfacet
  facet normal -0.427411 -0.904057 -0
    outer loop
      vertex 74.5657 7.0583 3
      vertex 74.4592 7.10865 1
      vertex 74.5657 7.0583 1
    endloop
  endfacet
  facet normal -0.427411 -0.904057 0
    outer loop
      vertex 74.4592 7.10865 4.8
      vertex 74.5657 7.0583 6
      vertex 74.4592 7.10865 6
    endloop
  endfacet
  facet normal -0.427411 -0.904057 -0
    outer loop
      vertex 74.5657 7.0583 6
      vertex 74.4592 7.10865 4.8
      vertex 74.5657 7.0583 4.8
    endloop
  endfacet
  facet normal 0.998786 0.0492515 0
    outer loop
      vertex 72.8058 5.88238 3
      vertex 72.8 6 1
      vertex 72.8 6 3
    endloop
  endfacet
  facet normal 0.998786 0.0492515 0
    outer loop
      vertex 72.8 6 1
      vertex 72.8058 5.88238 3
      vertex 72.8058 5.88238 1
    endloop
  endfacet
  facet normal 0.998786 0.0492515 0
    outer loop
      vertex 72.8058 5.88238 6
      vertex 72.8 6 4.8
      vertex 72.8 6 6
    endloop
  endfacet
  facet normal 0.998786 0.0492515 0
    outer loop
      vertex 72.8 6 4.8
      vertex 72.8058 5.88238 6
      vertex 72.8058 5.88238 4.8
    endloop
  endfacet
  facet normal -0.903831 -0.427889 0
    outer loop
      vertex 75.1087 6.45922 1
      vertex 75.0583 6.56568 3
      vertex 75.0583 6.56568 1
    endloop
  endfacet
  facet normal -0.903831 -0.427889 0
    outer loop
      vertex 75.0583 6.56568 3
      vertex 75.1087 6.45922 1
      vertex 75.1087 6.45922 3
    endloop
  endfacet
  facet normal -0.903831 -0.427889 0
    outer loop
      vertex 75.1087 6.45922 4.8
      vertex 75.0583 6.56568 6
      vertex 75.0583 6.56568 4.8
    endloop
  endfacet
  facet normal -0.903831 -0.427889 0
    outer loop
      vertex 75.0583 6.56568 6
      vertex 75.1087 6.45922 4.8
      vertex 75.1087 6.45922 6
    endloop
  endfacet
  facet normal -0.146721 0.989178 0
    outer loop
      vertex 74.2341 4.82306 1
      vertex 74.1176 4.80578 3
      vertex 74.2341 4.82306 3
    endloop
  endfacet
  facet normal -0.146721 0.989178 0
    outer loop
      vertex 74.1176 4.80578 3
      vertex 74.2341 4.82306 1
      vertex 74.1176 4.80578 1
    endloop
  endfacet
  facet normal -0.146721 0.989178 0
    outer loop
      vertex 74.2341 4.82306 4.8
      vertex 74.1176 4.80578 6
      vertex 74.2341 4.82306 6
    endloop
  endfacet
  facet normal -0.146721 0.989178 0
    outer loop
      vertex 74.1176 4.80578 6
      vertex 74.2341 4.82306 4.8
      vertex 74.1176 4.80578 4.8
    endloop
  endfacet
  facet normal 0.989151 0.146899 0
    outer loop
      vertex 72.8231 5.76589 3
      vertex 72.8058 5.88238 1
      vertex 72.8058 5.88238 3
    endloop
  endfacet
  facet normal 0.989151 0.146899 0
    outer loop
      vertex 72.8058 5.88238 1
      vertex 72.8231 5.76589 3
      vertex 72.8231 5.76589 1
    endloop
  endfacet
  facet normal 0.989151 0.146899 0
    outer loop
      vertex 72.8231 5.76589 6
      vertex 72.8058 5.88238 4.8
      vertex 72.8058 5.88238 6
    endloop
  endfacet
  facet normal 0.989151 0.146899 0
    outer loop
      vertex 72.8058 5.88238 4.8
      vertex 72.8231 5.76589 6
      vertex 72.8231 5.76589 4.8
    endloop
  endfacet
  facet normal 0.941742 -0.336336 0
    outer loop
      vertex 72.8517 6.34834 3
      vertex 72.8913 6.45922 1
      vertex 72.8913 6.45922 3
    endloop
  endfacet
  facet normal 0.941742 -0.336336 0
    outer loop
      vertex 72.8913 6.45922 1
      vertex 72.8517 6.34834 3
      vertex 72.8517 6.34834 1
    endloop
  endfacet
  facet normal 0.941742 -0.336336 0
    outer loop
      vertex 72.8517 6.34834 6
      vertex 72.8913 6.45922 4.8
      vertex 72.8913 6.45922 6
    endloop
  endfacet
  facet normal 0.941742 -0.336336 0
    outer loop
      vertex 72.8913 6.45922 4.8
      vertex 72.8517 6.34834 6
      vertex 72.8517 6.34834 4.8
    endloop
  endfacet
  facet normal -0.514121 -0.857718 0
    outer loop
      vertex 74.5657 7.0583 1
      vertex 74.6667 6.99776 3
      vertex 74.5657 7.0583 3
    endloop
  endfacet
  facet normal -0.514121 -0.857718 -0
    outer loop
      vertex 74.6667 6.99776 3
      vertex 74.5657 7.0583 1
      vertex 74.6667 6.99776 1
    endloop
  endfacet
  facet normal -0.514121 -0.857718 0
    outer loop
      vertex 74.5657 7.0583 4.8
      vertex 74.6667 6.99776 6
      vertex 74.5657 7.0583 6
    endloop
  endfacet
  facet normal -0.514121 -0.857718 -0
    outer loop
      vertex 74.6667 6.99776 6
      vertex 74.5657 7.0583 4.8
      vertex 74.6667 6.99776 4.8
    endloop
  endfacet
  facet normal 0 0 1
    outer loop
      vertex 75.1942 6.11762 1
      vertex 75.1942 5.88238 1
      vertex 75.2 6 1
    endloop
  endfacet
  facet normal 0 0 1
    outer loop
      vertex 75.1769 6.23411 1
      vertex 75.1942 5.88238 1
      vertex 75.1942 6.11762 1
    endloop
  endfacet
  facet normal 0 0 1
    outer loop
      vertex 75.1769 6.23411 1
      vertex 75.1769 5.76589 1
      vertex 75.1942 5.88238 1
    endloop
  endfacet
  facet normal 0 0 1
    outer loop
      vertex 75.1483 6.34834 1
      vertex 75.1769 5.76589 1
      vertex 75.1769 6.23411 1
    endloop
  endfacet
  facet normal 0 0 1
    outer loop
      vertex 75.1483 6.34834 1
      vertex 75.1483 5.65166 1
      vertex 75.1769 5.76589 1
    endloop
  endfacet
  facet normal 0 0 1
    outer loop
      vertex 75.1087 6.45922 1
      vertex 75.1483 5.65166 1
      vertex 75.1483 6.34834 1
    endloop
  endfacet
  facet normal 0 0 1
    outer loop
      vertex 75.1087 6.45922 1
      vertex 75.1087 5.54078 1
      vertex 75.1483 5.65166 1
    endloop
  endfacet
  facet normal 0 0 1
    outer loop
      vertex 75.0583 6.56568 1
      vertex 75.1087 5.54078 1
      vertex 75.1087 6.45922 1
    endloop
  endfacet
  facet normal 0 0 1
    outer loop
      vertex 75.0583 6.56568 1
      vertex 75.0583 5.43432 1
      vertex 75.1087 5.54078 1
    endloop
  endfacet
  facet normal 0 0 1
    outer loop
      vertex 74.9978 6.66668 1
      vertex 75.0583 5.43432 1
      vertex 75.0583 6.56568 1
    endloop
  endfacet
  facet normal 0 0 1
    outer loop
      vertex 74.9978 6.66668 1
      vertex 74.9978 5.33331 1
      vertex 75.0583 5.43432 1
    endloop
  endfacet
  facet normal 0 0 1
    outer loop
      vertex 74.9276 6.76127 1
      vertex 74.9978 5.33331 1
      vertex 74.9978 6.66668 1
    endloop
  endfacet
  facet normal 0 0 1
    outer loop
      vertex 74.9276 6.76127 1
      vertex 74.9276 5.23873 1
      vertex 74.9978 5.33331 1
    endloop
  endfacet
  facet normal 0 0 1
    outer loop
      vertex 74.8485 6.84853 1
      vertex 74.9276 5.23873 1
      vertex 74.9276 6.76127 1
    endloop
  endfacet
  facet normal 0 0 1
    outer loop
      vertex 74.8485 6.84853 1
      vertex 74.8485 5.15147 1
      vertex 74.9276 5.23873 1
    endloop
  endfacet
  facet normal 0 0 1
    outer loop
      vertex 74.7613 6.92761 1
      vertex 74.8485 5.15147 1
      vertex 74.8485 6.84853 1
    endloop
  endfacet
  facet normal 0 0 1
    outer loop
      vertex 74.7613 6.92761 1
      vertex 74.7613 5.07239 1
      vertex 74.8485 5.15147 1
    endloop
  endfacet
  facet normal 0 0 1
    outer loop
      vertex 74.6667 6.99776 1
      vertex 74.7613 5.07239 1
      vertex 74.7613 6.92761 1
    endloop
  endfacet
  facet normal 0 0 1
    outer loop
      vertex 74.6667 6.99776 1
      vertex 74.6667 5.00224 1
      vertex 74.7613 5.07239 1
    endloop
  endfacet
  facet normal 0 0 1
    outer loop
      vertex 74.5657 7.0583 1
      vertex 74.6667 5.00224 1
      vertex 74.6667 6.99776 1
    endloop
  endfacet
  facet normal 0 0 1
    outer loop
      vertex 74.5657 7.0583 1
      vertex 74.5657 4.94169 1
      vertex 74.6667 5.00224 1
    endloop
  endfacet
  facet normal 0 0 1
    outer loop
      vertex 74.4592 7.10865 1
      vertex 74.5657 4.94169 1
      vertex 74.5657 7.0583 1
    endloop
  endfacet
  facet normal 0 0 1
    outer loop
      vertex 74.4592 7.10865 1
      vertex 74.4592 4.89134 1
      vertex 74.5657 4.94169 1
    endloop
  endfacet
  facet normal 0 0 1
    outer loop
      vertex 74.3483 7.14833 1
      vertex 74.4592 4.89134 1
      vertex 74.4592 7.10865 1
    endloop
  endfacet
  facet normal 0 0 1
    outer loop
      vertex 74.3483 7.14833 1
      vertex 74.3483 4.85167 1
      vertex 74.4592 4.89134 1
    endloop
  endfacet
  facet normal 0 0 1
    outer loop
      vertex 74.2341 7.17694 1
      vertex 74.3483 4.85167 1
      vertex 74.3483 7.14833 1
    endloop
  endfacet
  facet normal 0 0 1
    outer loop
      vertex 74.2341 7.17694 1
      vertex 74.2341 4.82306 1
      vertex 74.3483 4.85167 1
    endloop
  endfacet
  facet normal 0 0 1
    outer loop
      vertex 74.1176 7.19422 1
      vertex 74.2341 4.82306 1
      vertex 74.2341 7.17694 1
    endloop
  endfacet
  facet normal 0 0 1
    outer loop
      vertex 74.1176 7.19422 1
      vertex 74.1176 4.80578 1
      vertex 74.2341 4.82306 1
    endloop
  endfacet
  facet normal 0 0 1
    outer loop
      vertex 74 7.2 1
      vertex 74.1176 4.80578 1
      vertex 74.1176 7.19422 1
    endloop
  endfacet
  facet normal 0 0 1
    outer loop
      vertex 74 7.2 1
      vertex 74 4.8 1
      vertex 74.1176 4.80578 1
    endloop
  endfacet
  facet normal -0 0 1
    outer loop
      vertex 73.8824 7.19422 1
      vertex 74 4.8 1
      vertex 74 7.2 1
    endloop
  endfacet
  facet normal 0 0 1
    outer loop
      vertex 73.8824 7.19422 1
      vertex 73.8824 4.80578 1
      vertex 74 4.8 1
    endloop
  endfacet
  facet normal -0 0 1
    outer loop
      vertex 73.7659 7.17694 1
      vertex 73.8824 4.80578 1
      vertex 73.8824 7.19422 1
    endloop
  endfacet
  facet normal 0 0 1
    outer loop
      vertex 73.7659 7.17694 1
      vertex 73.7659 4.82306 1
      vertex 73.8824 4.80578 1
    endloop
  endfacet
  facet normal -0 0 1
    outer loop
      vertex 73.6517 7.14833 1
      vertex 73.7659 4.82306 1
      vertex 73.7659 7.17694 1
    endloop
  endfacet
  facet normal 0 0 1
    outer loop
      vertex 73.6517 7.14833 1
      vertex 73.6517 4.85167 1
      vertex 73.7659 4.82306 1
    endloop
  endfacet
  facet normal -0 0 1
    outer loop
      vertex 73.5408 7.10865 1
      vertex 73.6517 4.85167 1
      vertex 73.6517 7.14833 1
    endloop
  endfacet
  facet normal 0 0 1
    outer loop
      vertex 73.5408 7.10865 1
      vertex 73.5408 4.89134 1
      vertex 73.6517 4.85167 1
    endloop
  endfacet
  facet normal -0 0 1
    outer loop
      vertex 73.4343 7.0583 1
      vertex 73.5408 4.89134 1
      vertex 73.5408 7.10865 1
    endloop
  endfacet
  facet normal 0 0 1
    outer loop
      vertex 73.4343 7.0583 1
      vertex 73.4343 4.94169 1
      vertex 73.5408 4.89134 1
    endloop
  endfacet
  facet normal -0 0 1
    outer loop
      vertex 73.3333 6.99776 1
      vertex 73.4343 4.94169 1
      vertex 73.4343 7.0583 1
    endloop
  endfacet
  facet normal 0 0 1
    outer loop
      vertex 73.3333 6.99776 1
      vertex 73.3333 5.00224 1
      vertex 73.4343 4.94169 1
    endloop
  endfacet
  facet normal -0 0 1
    outer loop
      vertex 73.2387 6.92761 1
      vertex 73.3333 5.00224 1
      vertex 73.3333 6.99776 1
    endloop
  endfacet
  facet normal 0 0 1
    outer loop
      vertex 73.2387 6.92761 1
      vertex 73.2387 5.07239 1
      vertex 73.3333 5.00224 1
    endloop
  endfacet
  facet normal -0 0 1
    outer loop
      vertex 73.1515 6.84853 1
      vertex 73.2387 5.07239 1
      vertex 73.2387 6.92761 1
    endloop
  endfacet
  facet normal 0 0 1
    outer loop
      vertex 73.1515 6.84853 1
      vertex 73.1515 5.15147 1
      vertex 73.2387 5.07239 1
    endloop
  endfacet
  facet normal -0 0 1
    outer loop
      vertex 73.0724 6.76127 1
      vertex 73.1515 5.15147 1
      vertex 73.1515 6.84853 1
    endloop
  endfacet
  facet normal 0 0 1
    outer loop
      vertex 73.0724 6.76127 1
      vertex 73.0724 5.23873 1
      vertex 73.1515 5.15147 1
    endloop
  endfacet
  facet normal -0 0 1
    outer loop
      vertex 73.0022 6.66668 1
      vertex 73.0724 5.23873 1
      vertex 73.0724 6.76127 1
    endloop
  endfacet
  facet normal 0 0 1
    outer loop
      vertex 73.0022 6.66668 1
      vertex 73.0022 5.33331 1
      vertex 73.0724 5.23873 1
    endloop
  endfacet
  facet normal -0 0 1
    outer loop
      vertex 72.9417 6.56568 1
      vertex 73.0022 5.33331 1
      vertex 73.0022 6.66668 1
    endloop
  endfacet
  facet normal 0 0 1
    outer loop
      vertex 72.9417 6.56568 1
      vertex 72.9417 5.43432 1
      vertex 73.0022 5.33331 1
    endloop
  endfacet
  facet normal -0 0 1
    outer loop
      vertex 72.8913 6.45922 1
      vertex 72.9417 5.43432 1
      vertex 72.9417 6.56568 1
    endloop
  endfacet
  facet normal 0 0 1
    outer loop
      vertex 72.8913 6.45922 1
      vertex 72.8913 5.54078 1
      vertex 72.9417 5.43432 1
    endloop
  endfacet
  facet normal -0 0 1
    outer loop
      vertex 72.8517 6.34834 1
      vertex 72.8913 5.54078 1
      vertex 72.8913 6.45922 1
    endloop
  endfacet
  facet normal 0 0 1
    outer loop
      vertex 72.8517 6.34834 1
      vertex 72.8517 5.65166 1
      vertex 72.8913 5.54078 1
    endloop
  endfacet
  facet normal -0 0 1
    outer loop
      vertex 72.8231 6.23411 1
      vertex 72.8517 5.65166 1
      vertex 72.8517 6.34834 1
    endloop
  endfacet
  facet normal 0 0 1
    outer loop
      vertex 72.8231 6.23411 1
      vertex 72.8231 5.76589 1
      vertex 72.8517 5.65166 1
    endloop
  endfacet
  facet normal -0 0 1
    outer loop
      vertex 72.8058 6.11762 1
      vertex 72.8231 5.76589 1
      vertex 72.8231 6.23411 1
    endloop
  endfacet
  facet normal 0 0 1
    outer loop
      vertex 72.8058 6.11762 1
      vertex 72.8058 5.88238 1
      vertex 72.8231 5.76589 1
    endloop
  endfacet
  facet normal 0 -0 1
    outer loop
      vertex 72.8058 5.88238 1
      vertex 72.8058 6.11762 1
      vertex 72.8 6 1
    endloop
  endfacet
  facet normal -0.803015 -0.595958 0
    outer loop
      vertex 74.9978 6.66668 1
      vertex 74.9276 6.76127 3
      vertex 74.9276 6.76127 1
    endloop
  endfacet
  facet normal -0.803015 -0.595958 0
    outer loop
      vertex 74.9276 6.76127 3
      vertex 74.9978 6.66668 1
      vertex 74.9978 6.66668 3
    endloop
  endfacet
  facet normal -0.803015 -0.595958 0
    outer loop
      vertex 74.9978 6.66668 4.8
      vertex 74.9276 6.76127 6
      vertex 74.9276 6.76127 4.8
    endloop
  endfacet
  facet normal -0.803015 -0.595958 0
    outer loop
      vertex 74.9276 6.76127 6
      vertex 74.9978 6.66668 4.8
      vertex 74.9978 6.66668 6
    endloop
  endfacet
  facet normal 0.0490904 0.998794 -0
    outer loop
      vertex 74 4.8 1
      vertex 73.8824 4.80578 3
      vertex 74 4.8 3
    endloop
  endfacet
  facet normal 0.0490904 0.998794 0
    outer loop
      vertex 73.8824 4.80578 3
      vertex 74 4.8 1
      vertex 73.8824 4.80578 1
    endloop
  endfacet
  facet normal 0.0490904 0.998794 -0
    outer loop
      vertex 74 4.8 4.8
      vertex 73.8824 4.80578 6
      vertex 74 4.8 6
    endloop
  endfacet
  facet normal 0.0490904 0.998794 0
    outer loop
      vertex 73.8824 4.80578 6
      vertex 74 4.8 4.8
      vertex 73.8824 4.80578 4.8
    endloop
  endfacet
  facet normal -0.85789 0.513834 0
    outer loop
      vertex 74.9978 5.33331 1
      vertex 75.0583 5.43432 3
      vertex 75.0583 5.43432 1
    endloop
  endfacet
  facet normal -0.85789 0.513834 0
    outer loop
      vertex 75.0583 5.43432 3
      vertex 74.9978 5.33331 1
      vertex 74.9978 5.33331 3
    endloop
  endfacet
  facet normal -0.85789 0.513834 0
    outer loop
      vertex 74.9978 5.33331 4.8
      vertex 75.0583 5.43432 6
      vertex 75.0583 5.43432 4.8
    endloop
  endfacet
  facet normal -0.85789 0.513834 0
    outer loop
      vertex 75.0583 5.43432 6
      vertex 74.9978 5.33331 4.8
      vertex 74.9978 5.33331 6
    endloop
  endfacet
  facet normal -0.903831 0.427889 0
    outer loop
      vertex 75.0583 5.43432 1
      vertex 75.1087 5.54078 3
      vertex 75.1087 5.54078 1
    endloop
  endfacet
  facet normal -0.903831 0.427889 0
    outer loop
      vertex 75.1087 5.54078 3
      vertex 75.0583 5.43432 1
      vertex 75.0583 5.43432 3
    endloop
  endfacet
  facet normal -0.903831 0.427889 0
    outer loop
      vertex 75.0583 5.43432 4.8
      vertex 75.1087 5.54078 6
      vertex 75.1087 5.54078 4.8
    endloop
  endfacet
  facet normal -0.903831 0.427889 0
    outer loop
      vertex 75.1087 5.54078 6
      vertex 75.0583 5.43432 4.8
      vertex 75.0583 5.43432 6
    endloop
  endfacet
  facet normal -0.857867 -0.513871 0
    outer loop
      vertex 75.0583 6.56568 1
      vertex 74.9978 6.66668 3
      vertex 74.9978 6.66668 1
    endloop
  endfacet
  facet normal -0.857867 -0.513871 0
    outer loop
      vertex 74.9978 6.66668 3
      vertex 75.0583 6.56568 1
      vertex 75.0583 6.56568 3
    endloop
  endfacet
  facet normal -0.857867 -0.513871 0
    outer loop
      vertex 75.0583 6.56568 4.8
      vertex 74.9978 6.66668 6
      vertex 74.9978 6.66668 4.8
    endloop
  endfacet
  facet normal -0.857867 -0.513871 0
    outer loop
      vertex 74.9978 6.66668 6
      vertex 75.0583 6.56568 4.8
      vertex 75.0583 6.56568 6
    endloop
  endfacet
  facet normal 0.803015 -0.595958 0
    outer loop
      vertex 73.0022 6.66668 3
      vertex 73.0724 6.76127 1
      vertex 73.0724 6.76127 3
    endloop
  endfacet
  facet normal 0.803015 -0.595958 0
    outer loop
      vertex 73.0724 6.76127 1
      vertex 73.0022 6.66668 3
      vertex 73.0022 6.66668 1
    endloop
  endfacet
  facet normal 0.803015 -0.595958 0
    outer loop
      vertex 73.0022 6.66668 6
      vertex 73.0724 6.76127 4.8
      vertex 73.0724 6.76127 6
    endloop
  endfacet
  facet normal 0.803015 -0.595958 0
    outer loop
      vertex 73.0724 6.76127 4.8
      vertex 73.0022 6.66668 6
      vertex 73.0022 6.66668 4.8
    endloop
  endfacet
  facet normal -0.0490904 -0.998794 0
    outer loop
      vertex 74 7.2 1
      vertex 74.1176 7.19422 3
      vertex 74 7.2 3
    endloop
  endfacet
  facet normal -0.0490904 -0.998794 -0
    outer loop
      vertex 74.1176 7.19422 3
      vertex 74 7.2 1
      vertex 74.1176 7.19422 1
    endloop
  endfacet
  facet normal -0.0490904 -0.998794 0
    outer loop
      vertex 74 7.2 4.8
      vertex 74.1176 7.19422 6
      vertex 74 7.2 6
    endloop
  endfacet
  facet normal -0.0490904 -0.998794 -0
    outer loop
      vertex 74.1176 7.19422 6
      vertex 74 7.2 4.8
      vertex 74.1176 7.19422 4.8
    endloop
  endfacet
  facet normal 0.243015 0.970022 -0
    outer loop
      vertex 73.7659 4.82306 1
      vertex 73.6517 4.85167 3
      vertex 73.7659 4.82306 3
    endloop
  endfacet
  facet normal 0.243015 0.970022 0
    outer loop
      vertex 73.6517 4.85167 3
      vertex 73.7659 4.82306 1
      vertex 73.6517 4.85167 1
    endloop
  endfacet
  facet normal 0.243015 0.970022 -0
    outer loop
      vertex 73.7659 4.82306 4.8
      vertex 73.6517 4.85167 6
      vertex 73.7659 4.82306 6
    endloop
  endfacet
  facet normal 0.243015 0.970022 0
    outer loop
      vertex 73.6517 4.85167 6
      vertex 73.7659 4.82306 4.8
      vertex 73.6517 4.85167 4.8
    endloop
  endfacet
  facet normal 0.671776 -0.740754 0
    outer loop
      vertex 73.1515 6.84853 1
      vertex 73.2387 6.92761 3
      vertex 73.1515 6.84853 3
    endloop
  endfacet
  facet normal 0.671776 -0.740754 0
    outer loop
      vertex 73.2387 6.92761 3
      vertex 73.1515 6.84853 1
      vertex 73.2387 6.92761 1
    endloop
  endfacet
  facet normal 0.671776 -0.740754 0
    outer loop
      vertex 73.1515 6.84853 4.8
      vertex 73.2387 6.92761 6
      vertex 73.1515 6.84853 6
    endloop
  endfacet
  facet normal 0.671776 -0.740754 0
    outer loop
      vertex 73.2387 6.92761 6
      vertex 73.1515 6.84853 4.8
      vertex 73.2387 6.92761 4.8
    endloop
  endfacet
  facet normal -0.146721 -0.989178 0
    outer loop
      vertex 74.1176 7.19422 1
      vertex 74.2341 7.17694 3
      vertex 74.1176 7.19422 3
    endloop
  endfacet
  facet normal -0.146721 -0.989178 -0
    outer loop
      vertex 74.2341 7.17694 3
      vertex 74.1176 7.19422 1
      vertex 74.2341 7.17694 1
    endloop
  endfacet
  facet normal -0.146721 -0.989178 0
    outer loop
      vertex 74.1176 7.19422 4.8
      vertex 74.2341 7.17694 6
      vertex 74.1176 7.19422 6
    endloop
  endfacet
  facet normal -0.146721 -0.989178 -0
    outer loop
      vertex 74.2341 7.17694 6
      vertex 74.1176 7.19422 4.8
      vertex 74.2341 7.17694 4.8
    endloop
  endfacet
  facet normal 0.857867 -0.513871 0
    outer loop
      vertex 72.9417 6.56568 3
      vertex 73.0022 6.66668 1
      vertex 73.0022 6.66668 3
    endloop
  endfacet
  facet normal 0.857867 -0.513871 0
    outer loop
      vertex 73.0022 6.66668 1
      vertex 72.9417 6.56568 3
      vertex 72.9417 6.56568 1
    endloop
  endfacet
  facet normal 0.857867 -0.513871 0
    outer loop
      vertex 72.9417 6.56568 6
      vertex 73.0022 6.66668 4.8
      vertex 73.0022 6.66668 6
    endloop
  endfacet
  facet normal 0.857867 -0.513871 0
    outer loop
      vertex 73.0022 6.66668 4.8
      vertex 72.9417 6.56568 6
      vertex 72.9417 6.56568 4.8
    endloop
  endfacet
  facet normal 0.989151 -0.146899 0
    outer loop
      vertex 72.8058 6.11762 3
      vertex 72.8231 6.23411 1
      vertex 72.8231 6.23411 3
    endloop
  endfacet
  facet normal 0.989151 -0.146899 0
    outer loop
      vertex 72.8231 6.23411 1
      vertex 72.8058 6.11762 3
      vertex 72.8058 6.11762 1
    endloop
  endfacet
  facet normal 0.989151 -0.146899 0
    outer loop
      vertex 72.8058 6.11762 6
      vertex 72.8231 6.23411 4.8
      vertex 72.8231 6.23411 6
    endloop
  endfacet
  facet normal 0.989151 -0.146899 0
    outer loop
      vertex 72.8231 6.23411 4.8
      vertex 72.8058 6.11762 6
      vertex 72.8058 6.11762 4.8
    endloop
  endfacet
  facet normal 0.970058 -0.242875 0
    outer loop
      vertex 72.8231 6.23411 3
      vertex 72.8517 6.34834 1
      vertex 72.8517 6.34834 3
    endloop
  endfacet
  facet normal 0.970058 -0.242875 0
    outer loop
      vertex 72.8517 6.34834 1
      vertex 72.8231 6.23411 3
      vertex 72.8231 6.23411 1
    endloop
  endfacet
  facet normal 0.970058 -0.242875 0
    outer loop
      vertex 72.8231 6.23411 6
      vertex 72.8517 6.34834 4.8
      vertex 72.8517 6.34834 6
    endloop
  endfacet
  facet normal 0.970058 -0.242875 0
    outer loop
      vertex 72.8517 6.34834 4.8
      vertex 72.8231 6.23411 6
      vertex 72.8231 6.23411 4.8
    endloop
  endfacet
  facet normal -0.671776 0.740754 0
    outer loop
      vertex 74.8485 5.15147 1
      vertex 74.7613 5.07239 3
      vertex 74.8485 5.15147 3
    endloop
  endfacet
  facet normal -0.671776 0.740754 0
    outer loop
      vertex 74.7613 5.07239 3
      vertex 74.8485 5.15147 1
      vertex 74.7613 5.07239 1
    endloop
  endfacet
  facet normal -0.671776 0.740754 0
    outer loop
      vertex 74.8485 5.15147 4.8
      vertex 74.7613 5.07239 6
      vertex 74.8485 5.15147 6
    endloop
  endfacet
  facet normal -0.671776 0.740754 0
    outer loop
      vertex 74.7613 5.07239 6
      vertex 74.8485 5.15147 4.8
      vertex 74.7613 5.07239 4.8
    endloop
  endfacet
  facet normal 0.146721 0.989178 -0
    outer loop
      vertex 73.8824 4.80578 1
      vertex 73.7659 4.82306 3
      vertex 73.8824 4.80578 3
    endloop
  endfacet
  facet normal 0.146721 0.989178 0
    outer loop
      vertex 73.7659 4.82306 3
      vertex 73.8824 4.80578 1
      vertex 73.7659 4.82306 1
    endloop
  endfacet
  facet normal 0.146721 0.989178 -0
    outer loop
      vertex 73.8824 4.80578 4.8
      vertex 73.7659 4.82306 6
      vertex 73.8824 4.80578 6
    endloop
  endfacet
  facet normal 0.146721 0.989178 0
    outer loop
      vertex 73.7659 4.82306 6
      vertex 73.8824 4.80578 4.8
      vertex 73.7659 4.82306 4.8
    endloop
  endfacet
  facet normal 0.427411 -0.904057 0
    outer loop
      vertex 73.4343 7.0583 1
      vertex 73.5408 7.10865 3
      vertex 73.4343 7.0583 3
    endloop
  endfacet
  facet normal 0.427411 -0.904057 0
    outer loop
      vertex 73.5408 7.10865 3
      vertex 73.4343 7.0583 1
      vertex 73.5408 7.10865 1
    endloop
  endfacet
  facet normal 0.427411 -0.904057 0
    outer loop
      vertex 73.4343 7.0583 4.8
      vertex 73.5408 7.10865 6
      vertex 73.4343 7.0583 6
    endloop
  endfacet
  facet normal 0.427411 -0.904057 0
    outer loop
      vertex 73.5408 7.10865 6
      vertex 73.4343 7.0583 4.8
      vertex 73.5408 7.10865 4.8
    endloop
  endfacet
  facet normal 0.970058 0.242875 0
    outer loop
      vertex 72.8517 5.65166 3
      vertex 72.8231 5.76589 1
      vertex 72.8231 5.76589 3
    endloop
  endfacet
  facet normal 0.970058 0.242875 0
    outer loop
      vertex 72.8231 5.76589 1
      vertex 72.8517 5.65166 3
      vertex 72.8517 5.65166 1
    endloop
  endfacet
  facet normal 0.970058 0.242875 0
    outer loop
      vertex 72.8517 5.65166 6
      vertex 72.8231 5.76589 4.8
      vertex 72.8231 5.76589 6
    endloop
  endfacet
  facet normal 0.970058 0.242875 0
    outer loop
      vertex 72.8231 5.76589 4.8
      vertex 72.8517 5.65166 6
      vertex 72.8517 5.65166 4.8
    endloop
  endfacet
  facet normal -0.243015 -0.970022 0
    outer loop
      vertex 74.2341 7.17694 1
      vertex 74.3483 7.14833 3
      vertex 74.2341 7.17694 3
    endloop
  endfacet
  facet normal -0.243015 -0.970022 -0
    outer loop
      vertex 74.3483 7.14833 3
      vertex 74.2341 7.17694 1
      vertex 74.3483 7.14833 1
    endloop
  endfacet
  facet normal -0.243015 -0.970022 0
    outer loop
      vertex 74.2341 7.17694 4.8
      vertex 74.3483 7.14833 6
      vertex 74.2341 7.17694 6
    endloop
  endfacet
  facet normal -0.243015 -0.970022 -0
    outer loop
      vertex 74.3483 7.14833 6
      vertex 74.2341 7.17694 4.8
      vertex 74.3483 7.14833 4.8
    endloop
  endfacet
  facet normal -0.427411 0.904057 0
    outer loop
      vertex 74.5657 4.94169 1
      vertex 74.4592 4.89134 3
      vertex 74.5657 4.94169 3
    endloop
  endfacet
  facet normal -0.427411 0.904057 0
    outer loop
      vertex 74.4592 4.89134 3
      vertex 74.5657 4.94169 1
      vertex 74.4592 4.89134 1
    endloop
  endfacet
  facet normal -0.427411 0.904057 0
    outer loop
      vertex 74.5657 4.94169 4.8
      vertex 74.4592 4.89134 6
      vertex 74.5657 4.94169 6
    endloop
  endfacet
  facet normal -0.427411 0.904057 0
    outer loop
      vertex 74.4592 4.89134 6
      vertex 74.5657 4.94169 4.8
      vertex 74.4592 4.89134 4.8
    endloop
  endfacet
  facet normal -0.514184 0.85768 0
    outer loop
      vertex 74.6667 5.00224 1
      vertex 74.5657 4.94169 3
      vertex 74.6667 5.00224 3
    endloop
  endfacet
  facet normal -0.514184 0.85768 0
    outer loop
      vertex 74.5657 4.94169 3
      vertex 74.6667 5.00224 1
      vertex 74.5657 4.94169 1
    endloop
  endfacet
  facet normal -0.514184 0.85768 0
    outer loop
      vertex 74.6667 5.00224 4.8
      vertex 74.5657 4.94169 6
      vertex 74.6667 5.00224 6
    endloop
  endfacet
  facet normal -0.514184 0.85768 0
    outer loop
      vertex 74.5657 4.94169 6
      vertex 74.6667 5.00224 4.8
      vertex 74.5657 4.94169 4.8
    endloop
  endfacet
  facet normal 0.595644 -0.803249 0
    outer loop
      vertex 73.2387 6.92761 1
      vertex 73.3333 6.99776 3
      vertex 73.2387 6.92761 3
    endloop
  endfacet
  facet normal 0.595644 -0.803249 0
    outer loop
      vertex 73.3333 6.99776 3
      vertex 73.2387 6.92761 1
      vertex 73.3333 6.99776 1
    endloop
  endfacet
  facet normal 0.595644 -0.803249 0
    outer loop
      vertex 73.2387 6.92761 4.8
      vertex 73.3333 6.99776 6
      vertex 73.2387 6.92761 6
    endloop
  endfacet
  facet normal 0.595644 -0.803249 0
    outer loop
      vertex 73.3333 6.99776 6
      vertex 73.2387 6.92761 4.8
      vertex 73.3333 6.99776 4.8
    endloop
  endfacet
  facet normal 0.514121 -0.857718 0
    outer loop
      vertex 73.3333 6.99776 1
      vertex 73.4343 7.0583 3
      vertex 73.3333 6.99776 3
    endloop
  endfacet
  facet normal 0.514121 -0.857718 0
    outer loop
      vertex 73.4343 7.0583 3
      vertex 73.3333 6.99776 1
      vertex 73.4343 7.0583 1
    endloop
  endfacet
  facet normal 0.514121 -0.857718 0
    outer loop
      vertex 73.3333 6.99776 4.8
      vertex 73.4343 7.0583 6
      vertex 73.3333 6.99776 6
    endloop
  endfacet
  facet normal 0.514121 -0.857718 0
    outer loop
      vertex 73.4343 7.0583 6
      vertex 73.3333 6.99776 4.8
      vertex 73.4343 7.0583 4.8
    endloop
  endfacet
  facet normal 0.903831 -0.427889 0
    outer loop
      vertex 72.8913 6.45922 3
      vertex 72.9417 6.56568 1
      vertex 72.9417 6.56568 3
    endloop
  endfacet
  facet normal 0.903831 -0.427889 0
    outer loop
      vertex 72.9417 6.56568 1
      vertex 72.8913 6.45922 3
      vertex 72.8913 6.45922 1
    endloop
  endfacet
  facet normal 0.903831 -0.427889 0
    outer loop
      vertex 72.8913 6.45922 6
      vertex 72.9417 6.56568 4.8
      vertex 72.9417 6.56568 6
    endloop
  endfacet
  facet normal 0.903831 -0.427889 0
    outer loop
      vertex 72.9417 6.56568 4.8
      vertex 72.8913 6.45922 6
      vertex 72.8913 6.45922 4.8
    endloop
  endfacet
  facet normal 0.514184 0.85768 -0
    outer loop
      vertex 73.4343 4.94169 1
      vertex 73.3333 5.00224 3
      vertex 73.4343 4.94169 3
    endloop
  endfacet
  facet normal 0.514184 0.85768 0
    outer loop
      vertex 73.3333 5.00224 3
      vertex 73.4343 4.94169 1
      vertex 73.3333 5.00224 1
    endloop
  endfacet
  facet normal 0.514184 0.85768 -0
    outer loop
      vertex 73.4343 4.94169 4.8
      vertex 73.3333 5.00224 6
      vertex 73.4343 4.94169 6
    endloop
  endfacet
  facet normal 0.514184 0.85768 0
    outer loop
      vertex 73.3333 5.00224 6
      vertex 73.4343 4.94169 4.8
      vertex 73.3333 5.00224 4.8
    endloop
  endfacet
  facet normal 0.857867 -0.513871 0
    outer loop
      vertex 72.9417 35.1657 3
      vertex 73.0022 35.2667 1
      vertex 73.0022 35.2667 3
    endloop
  endfacet
  facet normal 0.857867 -0.513871 0
    outer loop
      vertex 73.0022 35.2667 1
      vertex 72.9417 35.1657 3
      vertex 72.9417 35.1657 1
    endloop
  endfacet
  facet normal 0.857867 -0.513871 0
    outer loop
      vertex 72.9417 35.1657 6
      vertex 73.0022 35.2667 4.8
      vertex 73.0022 35.2667 6
    endloop
  endfacet
  facet normal 0.857867 -0.513871 0
    outer loop
      vertex 73.0022 35.2667 4.8
      vertex 72.9417 35.1657 6
      vertex 72.9417 35.1657 4.8
    endloop
  endfacet
  facet normal -0.989153 -0.146887 0
    outer loop
      vertex 75.1942 34.7176 1
      vertex 75.1769 34.8341 3
      vertex 75.1769 34.8341 1
    endloop
  endfacet
  facet normal -0.989153 -0.146887 0
    outer loop
      vertex 75.1769 34.8341 3
      vertex 75.1942 34.7176 1
      vertex 75.1942 34.7176 3
    endloop
  endfacet
  facet normal -0.989153 -0.146887 0
    outer loop
      vertex 75.1942 34.7176 4.8
      vertex 75.1769 34.8341 6
      vertex 75.1769 34.8341 4.8
    endloop
  endfacet
  facet normal -0.989153 -0.146887 0
    outer loop
      vertex 75.1769 34.8341 6
      vertex 75.1942 34.7176 4.8
      vertex 75.1942 34.7176 6
    endloop
  endfacet
  facet normal -0.998786 -0.0492599 0
    outer loop
      vertex 75.2 34.6 1
      vertex 75.1942 34.7176 3
      vertex 75.1942 34.7176 1
    endloop
  endfacet
  facet normal -0.998786 -0.0492599 0
    outer loop
      vertex 75.1942 34.7176 3
      vertex 75.2 34.6 1
      vertex 75.2 34.6 3
    endloop
  endfacet
  facet normal -0.998786 -0.0492599 0
    outer loop
      vertex 75.2 34.6 4.8
      vertex 75.1942 34.7176 6
      vertex 75.1942 34.7176 4.8
    endloop
  endfacet
  facet normal -0.998786 -0.0492599 0
    outer loop
      vertex 75.1942 34.7176 6
      vertex 75.2 34.6 4.8
      vertex 75.2 34.6 6
    endloop
  endfacet
  facet normal -0.970042 -0.242935 0
    outer loop
      vertex 75.1769 34.8341 1
      vertex 75.1483 34.9483 3
      vertex 75.1483 34.9483 1
    endloop
  endfacet
  facet normal -0.970042 -0.242935 0
    outer loop
      vertex 75.1483 34.9483 3
      vertex 75.1769 34.8341 1
      vertex 75.1769 34.8341 3
    endloop
  endfacet
  facet normal -0.970042 -0.242935 0
    outer loop
      vertex 75.1769 34.8341 4.8
      vertex 75.1483 34.9483 6
      vertex 75.1483 34.9483 4.8
    endloop
  endfacet
  facet normal -0.970042 -0.242935 0
    outer loop
      vertex 75.1483 34.9483 6
      vertex 75.1769 34.8341 4.8
      vertex 75.1769 34.8341 6
    endloop
  endfacet
  facet normal -0.242935 -0.970042 0
    outer loop
      vertex 74.2341 35.7769 1
      vertex 74.3483 35.7483 3
      vertex 74.2341 35.7769 3
    endloop
  endfacet
  facet normal -0.242935 -0.970042 -0
    outer loop
      vertex 74.3483 35.7483 3
      vertex 74.2341 35.7769 1
      vertex 74.3483 35.7483 1
    endloop
  endfacet
  facet normal -0.242935 -0.970042 0
    outer loop
      vertex 74.2341 35.7769 4.8
      vertex 74.3483 35.7483 6
      vertex 74.2341 35.7769 6
    endloop
  endfacet
  facet normal -0.242935 -0.970042 -0
    outer loop
      vertex 74.3483 35.7483 6
      vertex 74.2341 35.7769 4.8
      vertex 74.3483 35.7483 4.8
    endloop
  endfacet
  facet normal -0.803046 -0.595918 0
    outer loop
      vertex 74.9978 35.2667 1
      vertex 74.9276 35.3613 3
      vertex 74.9276 35.3613 1
    endloop
  endfacet
  facet normal -0.803046 -0.595918 0
    outer loop
      vertex 74.9276 35.3613 3
      vertex 74.9978 35.2667 1
      vertex 74.9978 35.2667 3
    endloop
  endfacet
  facet normal -0.803046 -0.595918 0
    outer loop
      vertex 74.9978 35.2667 4.8
      vertex 74.9276 35.3613 6
      vertex 74.9276 35.3613 4.8
    endloop
  endfacet
  facet normal -0.803046 -0.595918 0
    outer loop
      vertex 74.9276 35.3613 6
      vertex 74.9978 35.2667 4.8
      vertex 74.9978 35.2667 6
    endloop
  endfacet
  facet normal -0.595918 -0.803046 0
    outer loop
      vertex 74.6667 35.5978 1
      vertex 74.7613 35.5276 3
      vertex 74.6667 35.5978 3
    endloop
  endfacet
  facet normal -0.595918 -0.803046 -0
    outer loop
      vertex 74.7613 35.5276 3
      vertex 74.6667 35.5978 1
      vertex 74.7613 35.5276 1
    endloop
  endfacet
  facet normal -0.595918 -0.803046 0
    outer loop
      vertex 74.6667 35.5978 4.8
      vertex 74.7613 35.5276 6
      vertex 74.6667 35.5978 6
    endloop
  endfacet
  facet normal -0.595918 -0.803046 -0
    outer loop
      vertex 74.7613 35.5276 6
      vertex 74.6667 35.5978 4.8
      vertex 74.7613 35.5276 4.8
    endloop
  endfacet
  facet normal -0.671869 0.74067 0
    outer loop
      vertex 74.8485 33.7515 1
      vertex 74.7613 33.6724 3
      vertex 74.8485 33.7515 3
    endloop
  endfacet
  facet normal -0.671869 0.74067 0
    outer loop
      vertex 74.7613 33.6724 3
      vertex 74.8485 33.7515 1
      vertex 74.7613 33.6724 1
    endloop
  endfacet
  facet normal -0.671869 0.74067 0
    outer loop
      vertex 74.8485 33.7515 4.8
      vertex 74.7613 33.6724 6
      vertex 74.8485 33.7515 6
    endloop
  endfacet
  facet normal -0.671869 0.74067 0
    outer loop
      vertex 74.7613 33.6724 6
      vertex 74.8485 33.7515 4.8
      vertex 74.7613 33.6724 4.8
    endloop
  endfacet
  facet normal -0.671869 -0.74067 0
    outer loop
      vertex 74.7613 35.5276 1
      vertex 74.8485 35.4485 3
      vertex 74.7613 35.5276 3
    endloop
  endfacet
  facet normal -0.671869 -0.74067 -0
    outer loop
      vertex 74.8485 35.4485 3
      vertex 74.7613 35.5276 1
      vertex 74.8485 35.4485 1
    endloop
  endfacet
  facet normal -0.671869 -0.74067 0
    outer loop
      vertex 74.7613 35.5276 4.8
      vertex 74.8485 35.4485 6
      vertex 74.7613 35.5276 6
    endloop
  endfacet
  facet normal -0.671869 -0.74067 -0
    outer loop
      vertex 74.8485 35.4485 6
      vertex 74.7613 35.5276 4.8
      vertex 74.8485 35.4485 4.8
    endloop
  endfacet
  facet normal -0.998786 0.0492599 0
    outer loop
      vertex 75.1942 34.4824 1
      vertex 75.2 34.6 3
      vertex 75.2 34.6 1
    endloop
  endfacet
  facet normal -0.998786 0.0492599 0
    outer loop
      vertex 75.2 34.6 3
      vertex 75.1942 34.4824 1
      vertex 75.1942 34.4824 3
    endloop
  endfacet
  facet normal -0.998786 0.0492599 0
    outer loop
      vertex 75.1942 34.4824 4.8
      vertex 75.2 34.6 6
      vertex 75.2 34.6 4.8
    endloop
  endfacet
  facet normal -0.998786 0.0492599 0
    outer loop
      vertex 75.2 34.6 6
      vertex 75.1942 34.4824 4.8
      vertex 75.1942 34.4824 6
    endloop
  endfacet
  facet normal -0.427758 -0.903893 0
    outer loop
      vertex 74.4592 35.7087 1
      vertex 74.5657 35.6583 3
      vertex 74.4592 35.7087 3
    endloop
  endfacet
  facet normal -0.427758 -0.903893 -0
    outer loop
      vertex 74.5657 35.6583 3
      vertex 74.4592 35.7087 1
      vertex 74.5657 35.6583 1
    endloop
  endfacet
  facet normal -0.427758 -0.903893 0
    outer loop
      vertex 74.4592 35.7087 4.8
      vertex 74.5657 35.6583 6
      vertex 74.4592 35.7087 6
    endloop
  endfacet
  facet normal -0.427758 -0.903893 -0
    outer loop
      vertex 74.5657 35.6583 6
      vertex 74.4592 35.7087 4.8
      vertex 74.5657 35.6583 4.8
    endloop
  endfacet
  facet normal 0.941761 0.336283 0
    outer loop
      vertex 72.8913 34.1408 3
      vertex 72.8517 34.2517 1
      vertex 72.8517 34.2517 3
    endloop
  endfacet
  facet normal 0.941761 0.336283 0
    outer loop
      vertex 72.8517 34.2517 1
      vertex 72.8913 34.1408 3
      vertex 72.8913 34.1408 1
    endloop
  endfacet
  facet normal 0.941761 0.336283 0
    outer loop
      vertex 72.8913 34.1408 6
      vertex 72.8517 34.2517 4.8
      vertex 72.8517 34.2517 6
    endloop
  endfacet
  facet normal 0.941761 0.336283 0
    outer loop
      vertex 72.8517 34.2517 4.8
      vertex 72.8913 34.1408 6
      vertex 72.8913 34.1408 4.8
    endloop
  endfacet
  facet normal 0.74067 -0.671869 0
    outer loop
      vertex 73.0724 35.3613 3
      vertex 73.1515 35.4485 1
      vertex 73.1515 35.4485 3
    endloop
  endfacet
  facet normal 0.74067 -0.671869 0
    outer loop
      vertex 73.1515 35.4485 1
      vertex 73.0724 35.3613 3
      vertex 73.0724 35.3613 1
    endloop
  endfacet
  facet normal 0.74067 -0.671869 0
    outer loop
      vertex 73.0724 35.3613 6
      vertex 73.1515 35.4485 4.8
      vertex 73.1515 35.4485 6
    endloop
  endfacet
  facet normal 0.74067 -0.671869 0
    outer loop
      vertex 73.1515 35.4485 4.8
      vertex 73.0724 35.3613 6
      vertex 73.0724 35.3613 4.8
    endloop
  endfacet
  facet normal -0.0492599 -0.998786 0
    outer loop
      vertex 74 35.8 1
      vertex 74.1176 35.7942 3
      vertex 74 35.8 3
    endloop
  endfacet
  facet normal -0.0492599 -0.998786 -0
    outer loop
      vertex 74.1176 35.7942 3
      vertex 74 35.8 1
      vertex 74.1176 35.7942 1
    endloop
  endfacet
  facet normal -0.0492599 -0.998786 0
    outer loop
      vertex 74 35.8 4.8
      vertex 74.1176 35.7942 6
      vertex 74 35.8 6
    endloop
  endfacet
  facet normal -0.0492599 -0.998786 -0
    outer loop
      vertex 74.1176 35.7942 6
      vertex 74 35.8 4.8
      vertex 74.1176 35.7942 4.8
    endloop
  endfacet
  facet normal -0.336283 0.941761 0
    outer loop
      vertex 74.4592 33.4913 1
      vertex 74.3483 33.4517 3
      vertex 74.4592 33.4913 3
    endloop
  endfacet
  facet normal -0.336283 0.941761 0
    outer loop
      vertex 74.3483 33.4517 3
      vertex 74.4592 33.4913 1
      vertex 74.3483 33.4517 1
    endloop
  endfacet
  facet normal -0.336283 0.941761 0
    outer loop
      vertex 74.4592 33.4913 4.8
      vertex 74.3483 33.4517 6
      vertex 74.4592 33.4913 6
    endloop
  endfacet
  facet normal -0.336283 0.941761 0
    outer loop
      vertex 74.3483 33.4517 6
      vertex 74.4592 33.4913 4.8
      vertex 74.3483 33.4517 4.8
    endloop
  endfacet
  facet normal 0.595918 -0.803046 0
    outer loop
      vertex 73.2387 35.5276 1
      vertex 73.3333 35.5978 3
      vertex 73.2387 35.5276 3
    endloop
  endfacet
  facet normal 0.595918 -0.803046 0
    outer loop
      vertex 73.3333 35.5978 3
      vertex 73.2387 35.5276 1
      vertex 73.3333 35.5978 1
    endloop
  endfacet
  facet normal 0.595918 -0.803046 0
    outer loop
      vertex 73.2387 35.5276 4.8
      vertex 73.3333 35.5978 6
      vertex 73.2387 35.5276 6
    endloop
  endfacet
  facet normal 0.595918 -0.803046 0
    outer loop
      vertex 73.3333 35.5978 6
      vertex 73.2387 35.5276 4.8
      vertex 73.3333 35.5978 4.8
    endloop
  endfacet
  facet normal 0.146887 0.989153 -0
    outer loop
      vertex 73.8824 33.4058 1
      vertex 73.7659 33.4231 3
      vertex 73.8824 33.4058 3
    endloop
  endfacet
  facet normal 0.146887 0.989153 0
    outer loop
      vertex 73.7659 33.4231 3
      vertex 73.8824 33.4058 1
      vertex 73.7659 33.4231 1
    endloop
  endfacet
  facet normal 0.146887 0.989153 -0
    outer loop
      vertex 73.8824 33.4058 4.8
      vertex 73.7659 33.4231 6
      vertex 73.8824 33.4058 6
    endloop
  endfacet
  facet normal 0.146887 0.989153 0
    outer loop
      vertex 73.7659 33.4231 6
      vertex 73.8824 33.4058 4.8
      vertex 73.7659 33.4231 4.8
    endloop
  endfacet
  facet normal 0.146887 -0.989153 0
    outer loop
      vertex 73.7659 35.7769 1
      vertex 73.8824 35.7942 3
      vertex 73.7659 35.7769 3
    endloop
  endfacet
  facet normal 0.146887 -0.989153 0
    outer loop
      vertex 73.8824 35.7942 3
      vertex 73.7659 35.7769 1
      vertex 73.8824 35.7942 1
    endloop
  endfacet
  facet normal 0.146887 -0.989153 0
    outer loop
      vertex 73.7659 35.7769 4.8
      vertex 73.8824 35.7942 6
      vertex 73.7659 35.7769 6
    endloop
  endfacet
  facet normal 0.146887 -0.989153 0
    outer loop
      vertex 73.8824 35.7942 6
      vertex 73.7659 35.7769 4.8
      vertex 73.8824 35.7942 4.8
    endloop
  endfacet
  facet normal 0.513871 -0.857867 0
    outer loop
      vertex 73.3333 35.5978 1
      vertex 73.4343 35.6583 3
      vertex 73.3333 35.5978 3
    endloop
  endfacet
  facet normal 0.513871 -0.857867 0
    outer loop
      vertex 73.4343 35.6583 3
      vertex 73.3333 35.5978 1
      vertex 73.4343 35.6583 1
    endloop
  endfacet
  facet normal 0.513871 -0.857867 0
    outer loop
      vertex 73.3333 35.5978 4.8
      vertex 73.4343 35.6583 6
      vertex 73.3333 35.5978 6
    endloop
  endfacet
  facet normal 0.513871 -0.857867 0
    outer loop
      vertex 73.4343 35.6583 6
      vertex 73.3333 35.5978 4.8
      vertex 73.4343 35.6583 4.8
    endloop
  endfacet
  facet normal -0.427758 0.903893 0
    outer loop
      vertex 74.5657 33.5417 1
      vertex 74.4592 33.4913 3
      vertex 74.5657 33.5417 3
    endloop
  endfacet
  facet normal -0.427758 0.903893 0
    outer loop
      vertex 74.4592 33.4913 3
      vertex 74.5657 33.5417 1
      vertex 74.4592 33.4913 1
    endloop
  endfacet
  facet normal -0.427758 0.903893 0
    outer loop
      vertex 74.5657 33.5417 4.8
      vertex 74.4592 33.4913 6
      vertex 74.5657 33.5417 6
    endloop
  endfacet
  facet normal -0.427758 0.903893 0
    outer loop
      vertex 74.4592 33.4913 6
      vertex 74.5657 33.5417 4.8
      vertex 74.4592 33.4913 4.8
    endloop
  endfacet
  facet normal 0.803046 0.595918 0
    outer loop
      vertex 73.0724 33.8387 3
      vertex 73.0022 33.9333 1
      vertex 73.0022 33.9333 3
    endloop
  endfacet
  facet normal 0.803046 0.595918 0
    outer loop
      vertex 73.0022 33.9333 1
      vertex 73.0724 33.8387 3
      vertex 73.0724 33.8387 1
    endloop
  endfacet
  facet normal 0.803046 0.595918 0
    outer loop
      vertex 73.0724 33.8387 6
      vertex 73.0022 33.9333 4.8
      vertex 73.0022 33.9333 6
    endloop
  endfacet
  facet normal 0.803046 0.595918 0
    outer loop
      vertex 73.0022 33.9333 4.8
      vertex 73.0724 33.8387 6
      vertex 73.0724 33.8387 4.8
    endloop
  endfacet
  facet normal -0.336283 -0.941761 0
    outer loop
      vertex 74.3483 35.7483 1
      vertex 74.4592 35.7087 3
      vertex 74.3483 35.7483 3
    endloop
  endfacet
  facet normal -0.336283 -0.941761 -0
    outer loop
      vertex 74.4592 35.7087 3
      vertex 74.3483 35.7483 1
      vertex 74.4592 35.7087 1
    endloop
  endfacet
  facet normal -0.336283 -0.941761 0
    outer loop
      vertex 74.3483 35.7483 4.8
      vertex 74.4592 35.7087 6
      vertex 74.3483 35.7483 6
    endloop
  endfacet
  facet normal -0.336283 -0.941761 -0
    outer loop
      vertex 74.4592 35.7087 6
      vertex 74.3483 35.7483 4.8
      vertex 74.4592 35.7087 4.8
    endloop
  endfacet
  facet normal 0.427758 -0.903893 0
    outer loop
      vertex 73.4343 35.6583 1
      vertex 73.5408 35.7087 3
      vertex 73.4343 35.6583 3
    endloop
  endfacet
  facet normal 0.427758 -0.903893 0
    outer loop
      vertex 73.5408 35.7087 3
      vertex 73.4343 35.6583 1
      vertex 73.5408 35.7087 1
    endloop
  endfacet
  facet normal 0.427758 -0.903893 0
    outer loop
      vertex 73.4343 35.6583 4.8
      vertex 73.5408 35.7087 6
      vertex 73.4343 35.6583 6
    endloop
  endfacet
  facet normal 0.427758 -0.903893 0
    outer loop
      vertex 73.5408 35.7087 6
      vertex 73.4343 35.6583 4.8
      vertex 73.5408 35.7087 4.8
    endloop
  endfacet
  facet normal -0.146887 -0.989153 0
    outer loop
      vertex 74.1176 35.7942 1
      vertex 74.2341 35.7769 3
      vertex 74.1176 35.7942 3
    endloop
  endfacet
  facet normal -0.146887 -0.989153 -0
    outer loop
      vertex 74.2341 35.7769 3
      vertex 74.1176 35.7942 1
      vertex 74.2341 35.7769 1
    endloop
  endfacet
  facet normal -0.146887 -0.989153 0
    outer loop
      vertex 74.1176 35.7942 4.8
      vertex 74.2341 35.7769 6
      vertex 74.1176 35.7942 6
    endloop
  endfacet
  facet normal -0.146887 -0.989153 -0
    outer loop
      vertex 74.2341 35.7769 6
      vertex 74.1176 35.7942 4.8
      vertex 74.2341 35.7769 4.8
    endloop
  endfacet
  facet normal 0.989153 0.146887 0
    outer loop
      vertex 72.8231 34.3659 3
      vertex 72.8058 34.4824 1
      vertex 72.8058 34.4824 3
    endloop
  endfacet
  facet normal 0.989153 0.146887 0
    outer loop
      vertex 72.8058 34.4824 1
      vertex 72.8231 34.3659 3
      vertex 72.8231 34.3659 1
    endloop
  endfacet
  facet normal 0.989153 0.146887 0
    outer loop
      vertex 72.8231 34.3659 6
      vertex 72.8058 34.4824 4.8
      vertex 72.8058 34.4824 6
    endloop
  endfacet
  facet normal 0.989153 0.146887 0
    outer loop
      vertex 72.8058 34.4824 4.8
      vertex 72.8231 34.3659 6
      vertex 72.8231 34.3659 4.8
    endloop
  endfacet
  facet normal -0.970042 0.242935 0
    outer loop
      vertex 75.1483 34.2517 1
      vertex 75.1769 34.3659 3
      vertex 75.1769 34.3659 1
    endloop
  endfacet
  facet normal -0.970042 0.242935 0
    outer loop
      vertex 75.1769 34.3659 3
      vertex 75.1483 34.2517 1
      vertex 75.1483 34.2517 3
    endloop
  endfacet
  facet normal -0.970042 0.242935 0
    outer loop
      vertex 75.1483 34.2517 4.8
      vertex 75.1769 34.3659 6
      vertex 75.1769 34.3659 4.8
    endloop
  endfacet
  facet normal -0.970042 0.242935 0
    outer loop
      vertex 75.1769 34.3659 6
      vertex 75.1483 34.2517 4.8
      vertex 75.1483 34.2517 6
    endloop
  endfacet
  facet normal 0.242935 -0.970042 0
    outer loop
      vertex 73.6517 35.7483 1
      vertex 73.7659 35.7769 3
      vertex 73.6517 35.7483 3
    endloop
  endfacet
  facet normal 0.242935 -0.970042 0
    outer loop
      vertex 73.7659 35.7769 3
      vertex 73.6517 35.7483 1
      vertex 73.7659 35.7769 1
    endloop
  endfacet
  facet normal 0.242935 -0.970042 0
    outer loop
      vertex 73.6517 35.7483 4.8
      vertex 73.7659 35.7769 6
      vertex 73.6517 35.7483 6
    endloop
  endfacet
  facet normal 0.242935 -0.970042 0
    outer loop
      vertex 73.7659 35.7769 6
      vertex 73.6517 35.7483 4.8
      vertex 73.7659 35.7769 4.8
    endloop
  endfacet
  facet normal -0.595918 0.803046 0
    outer loop
      vertex 74.7613 33.6724 1
      vertex 74.6667 33.6022 3
      vertex 74.7613 33.6724 3
    endloop
  endfacet
  facet normal -0.595918 0.803046 0
    outer loop
      vertex 74.6667 33.6022 3
      vertex 74.7613 33.6724 1
      vertex 74.6667 33.6022 1
    endloop
  endfacet
  facet normal -0.595918 0.803046 0
    outer loop
      vertex 74.7613 33.6724 4.8
      vertex 74.6667 33.6022 6
      vertex 74.7613 33.6724 6
    endloop
  endfacet
  facet normal -0.595918 0.803046 0
    outer loop
      vertex 74.6667 33.6022 6
      vertex 74.7613 33.6724 4.8
      vertex 74.6667 33.6022 4.8
    endloop
  endfacet
  facet normal -0.903893 -0.427758 0
    outer loop
      vertex 75.1087 35.0592 1
      vertex 75.0583 35.1657 3
      vertex 75.0583 35.1657 1
    endloop
  endfacet
  facet normal -0.903893 -0.427758 0
    outer loop
      vertex 75.0583 35.1657 3
      vertex 75.1087 35.0592 1
      vertex 75.1087 35.0592 3
    endloop
  endfacet
  facet normal -0.903893 -0.427758 0
    outer loop
      vertex 75.1087 35.0592 4.8
      vertex 75.0583 35.1657 6
      vertex 75.0583 35.1657 4.8
    endloop
  endfacet
  facet normal -0.903893 -0.427758 0
    outer loop
      vertex 75.0583 35.1657 6
      vertex 75.1087 35.0592 4.8
      vertex 75.1087 35.0592 6
    endloop
  endfacet
  facet normal 0.74067 0.671869 0
    outer loop
      vertex 73.1515 33.7515 3
      vertex 73.0724 33.8387 1
      vertex 73.0724 33.8387 3
    endloop
  endfacet
  facet normal 0.74067 0.671869 0
    outer loop
      vertex 73.0724 33.8387 1
      vertex 73.1515 33.7515 3
      vertex 73.1515 33.7515 1
    endloop
  endfacet
  facet normal 0.74067 0.671869 0
    outer loop
      vertex 73.1515 33.7515 6
      vertex 73.0724 33.8387 4.8
      vertex 73.0724 33.8387 6
    endloop
  endfacet
  facet normal 0.74067 0.671869 0
    outer loop
      vertex 73.0724 33.8387 4.8
      vertex 73.1515 33.7515 6
      vertex 73.1515 33.7515 4.8
    endloop
  endfacet
  facet normal -0.857867 0.513871 0
    outer loop
      vertex 74.9978 33.9333 1
      vertex 75.0583 34.0343 3
      vertex 75.0583 34.0343 1
    endloop
  endfacet
  facet normal -0.857867 0.513871 0
    outer loop
      vertex 75.0583 34.0343 3
      vertex 74.9978 33.9333 1
      vertex 74.9978 33.9333 3
    endloop
  endfacet
  facet normal -0.857867 0.513871 0
    outer loop
      vertex 74.9978 33.9333 4.8
      vertex 75.0583 34.0343 6
      vertex 75.0583 34.0343 4.8
    endloop
  endfacet
  facet normal -0.857867 0.513871 0
    outer loop
      vertex 75.0583 34.0343 6
      vertex 74.9978 33.9333 4.8
      vertex 74.9978 33.9333 6
    endloop
  endfacet
  facet normal 0.989153 -0.146887 0
    outer loop
      vertex 72.8058 34.7176 3
      vertex 72.8231 34.8341 1
      vertex 72.8231 34.8341 3
    endloop
  endfacet
  facet normal 0.989153 -0.146887 0
    outer loop
      vertex 72.8231 34.8341 1
      vertex 72.8058 34.7176 3
      vertex 72.8058 34.7176 1
    endloop
  endfacet
  facet normal 0.989153 -0.146887 0
    outer loop
      vertex 72.8058 34.7176 6
      vertex 72.8231 34.8341 4.8
      vertex 72.8231 34.8341 6
    endloop
  endfacet
  facet normal 0.989153 -0.146887 0
    outer loop
      vertex 72.8231 34.8341 4.8
      vertex 72.8058 34.7176 6
      vertex 72.8058 34.7176 4.8
    endloop
  endfacet
  facet normal -0.146887 0.989153 0
    outer loop
      vertex 74.2341 33.4231 1
      vertex 74.1176 33.4058 3
      vertex 74.2341 33.4231 3
    endloop
  endfacet
  facet normal -0.146887 0.989153 0
    outer loop
      vertex 74.1176 33.4058 3
      vertex 74.2341 33.4231 1
      vertex 74.1176 33.4058 1
    endloop
  endfacet
  facet normal -0.146887 0.989153 0
    outer loop
      vertex 74.2341 33.4231 4.8
      vertex 74.1176 33.4058 6
      vertex 74.2341 33.4231 6
    endloop
  endfacet
  facet normal -0.146887 0.989153 0
    outer loop
      vertex 74.1176 33.4058 6
      vertex 74.2341 33.4231 4.8
      vertex 74.1176 33.4058 4.8
    endloop
  endfacet
  facet normal -0.242935 0.970042 0
    outer loop
      vertex 74.3483 33.4517 1
      vertex 74.2341 33.4231 3
      vertex 74.3483 33.4517 3
    endloop
  endfacet
  facet normal -0.242935 0.970042 0
    outer loop
      vertex 74.2341 33.4231 3
      vertex 74.3483 33.4517 1
      vertex 74.2341 33.4231 1
    endloop
  endfacet
  facet normal -0.242935 0.970042 0
    outer loop
      vertex 74.3483 33.4517 4.8
      vertex 74.2341 33.4231 6
      vertex 74.3483 33.4517 6
    endloop
  endfacet
  facet normal -0.242935 0.970042 0
    outer loop
      vertex 74.2341 33.4231 6
      vertex 74.3483 33.4517 4.8
      vertex 74.2341 33.4231 4.8
    endloop
  endfacet
  facet normal -0.941761 -0.336283 0
    outer loop
      vertex 75.1483 34.9483 1
      vertex 75.1087 35.0592 3
      vertex 75.1087 35.0592 1
    endloop
  endfacet
  facet normal -0.941761 -0.336283 0
    outer loop
      vertex 75.1087 35.0592 3
      vertex 75.1483 34.9483 1
      vertex 75.1483 34.9483 3
    endloop
  endfacet
  facet normal -0.941761 -0.336283 0
    outer loop
      vertex 75.1483 34.9483 4.8
      vertex 75.1087 35.0592 6
      vertex 75.1087 35.0592 4.8
    endloop
  endfacet
  facet normal -0.941761 -0.336283 0
    outer loop
      vertex 75.1087 35.0592 6
      vertex 75.1483 34.9483 4.8
      vertex 75.1483 34.9483 6
    endloop
  endfacet
  facet normal 0.336283 0.941761 -0
    outer loop
      vertex 73.6517 33.4517 1
      vertex 73.5408 33.4913 3
      vertex 73.6517 33.4517 3
    endloop
  endfacet
  facet normal 0.336283 0.941761 0
    outer loop
      vertex 73.5408 33.4913 3
      vertex 73.6517 33.4517 1
      vertex 73.5408 33.4913 1
    endloop
  endfacet
  facet normal 0.336283 0.941761 -0
    outer loop
      vertex 73.6517 33.4517 4.8
      vertex 73.5408 33.4913 6
      vertex 73.6517 33.4517 6
    endloop
  endfacet
  facet normal 0.336283 0.941761 0
    outer loop
      vertex 73.5408 33.4913 6
      vertex 73.6517 33.4517 4.8
      vertex 73.5408 33.4913 4.8
    endloop
  endfacet
  facet normal 0.671869 0.74067 -0
    outer loop
      vertex 73.2387 33.6724 1
      vertex 73.1515 33.7515 3
      vertex 73.2387 33.6724 3
    endloop
  endfacet
  facet normal 0.671869 0.74067 0
    outer loop
      vertex 73.1515 33.7515 3
      vertex 73.2387 33.6724 1
      vertex 73.1515 33.7515 1
    endloop
  endfacet
  facet normal 0.671869 0.74067 -0
    outer loop
      vertex 73.2387 33.6724 4.8
      vertex 73.1515 33.7515 6
      vertex 73.2387 33.6724 6
    endloop
  endfacet
  facet normal 0.671869 0.74067 0
    outer loop
      vertex 73.1515 33.7515 6
      vertex 73.2387 33.6724 4.8
      vertex 73.1515 33.7515 4.8
    endloop
  endfacet
  facet normal -0.513871 -0.857867 0
    outer loop
      vertex 74.5657 35.6583 1
      vertex 74.6667 35.5978 3
      vertex 74.5657 35.6583 3
    endloop
  endfacet
  facet normal -0.513871 -0.857867 -0
    outer loop
      vertex 74.6667 35.5978 3
      vertex 74.5657 35.6583 1
      vertex 74.6667 35.5978 1
    endloop
  endfacet
  facet normal -0.513871 -0.857867 0
    outer loop
      vertex 74.5657 35.6583 4.8
      vertex 74.6667 35.5978 6
      vertex 74.5657 35.6583 6
    endloop
  endfacet
  facet normal -0.513871 -0.857867 -0
    outer loop
      vertex 74.6667 35.5978 6
      vertex 74.5657 35.6583 4.8
      vertex 74.6667 35.5978 4.8
    endloop
  endfacet
  facet normal 0.595918 0.803046 -0
    outer loop
      vertex 73.3333 33.6022 1
      vertex 73.2387 33.6724 3
      vertex 73.3333 33.6022 3
    endloop
  endfacet
  facet normal 0.595918 0.803046 0
    outer loop
      vertex 73.2387 33.6724 3
      vertex 73.3333 33.6022 1
      vertex 73.2387 33.6724 1
    endloop
  endfacet
  facet normal 0.595918 0.803046 -0
    outer loop
      vertex 73.3333 33.6022 4.8
      vertex 73.2387 33.6724 6
      vertex 73.3333 33.6022 6
    endloop
  endfacet
  facet normal 0.595918 0.803046 0
    outer loop
      vertex 73.2387 33.6724 6
      vertex 73.3333 33.6022 4.8
      vertex 73.2387 33.6724 4.8
    endloop
  endfacet
  facet normal 0.0492599 -0.998786 0
    outer loop
      vertex 73.8824 35.7942 1
      vertex 74 35.8 3
      vertex 73.8824 35.7942 3
    endloop
  endfacet
  facet normal 0.0492599 -0.998786 0
    outer loop
      vertex 74 35.8 3
      vertex 73.8824 35.7942 1
      vertex 74 35.8 1
    endloop
  endfacet
  facet normal 0.0492599 -0.998786 0
    outer loop
      vertex 73.8824 35.7942 4.8
      vertex 74 35.8 6
      vertex 73.8824 35.7942 6
    endloop
  endfacet
  facet normal 0.0492599 -0.998786 0
    outer loop
      vertex 74 35.8 6
      vertex 73.8824 35.7942 4.8
      vertex 74 35.8 4.8
    endloop
  endfacet
  facet normal -0.74067 -0.671869 0
    outer loop
      vertex 74.9276 35.3613 1
      vertex 74.8485 35.4485 3
      vertex 74.8485 35.4485 1
    endloop
  endfacet
  facet normal -0.74067 -0.671869 0
    outer loop
      vertex 74.8485 35.4485 3
      vertex 74.9276 35.3613 1
      vertex 74.9276 35.3613 3
    endloop
  endfacet
  facet normal -0.74067 -0.671869 0
    outer loop
      vertex 74.9276 35.3613 4.8
      vertex 74.8485 35.4485 6
      vertex 74.8485 35.4485 4.8
    endloop
  endfacet
  facet normal -0.74067 -0.671869 0
    outer loop
      vertex 74.8485 35.4485 6
      vertex 74.9276 35.3613 4.8
      vertex 74.9276 35.3613 6
    endloop
  endfacet
  facet normal -0.857867 -0.513871 0
    outer loop
      vertex 75.0583 35.1657 1
      vertex 74.9978 35.2667 3
      vertex 74.9978 35.2667 1
    endloop
  endfacet
  facet normal -0.857867 -0.513871 0
    outer loop
      vertex 74.9978 35.2667 3
      vertex 75.0583 35.1657 1
      vertex 75.0583 35.1657 3
    endloop
  endfacet
  facet normal -0.857867 -0.513871 0
    outer loop
      vertex 75.0583 35.1657 4.8
      vertex 74.9978 35.2667 6
      vertex 74.9978 35.2667 4.8
    endloop
  endfacet
  facet normal -0.857867 -0.513871 0
    outer loop
      vertex 74.9978 35.2667 6
      vertex 75.0583 35.1657 4.8
      vertex 75.0583 35.1657 6
    endloop
  endfacet
  facet normal -0.989153 0.146887 0
    outer loop
      vertex 75.1769 34.3659 1
      vertex 75.1942 34.4824 3
      vertex 75.1942 34.4824 1
    endloop
  endfacet
  facet normal -0.989153 0.146887 0
    outer loop
      vertex 75.1942 34.4824 3
      vertex 75.1769 34.3659 1
      vertex 75.1769 34.3659 3
    endloop
  endfacet
  facet normal -0.989153 0.146887 0
    outer loop
      vertex 75.1769 34.3659 4.8
      vertex 75.1942 34.4824 6
      vertex 75.1942 34.4824 4.8
    endloop
  endfacet
  facet normal -0.989153 0.146887 0
    outer loop
      vertex 75.1942 34.4824 6
      vertex 75.1769 34.3659 4.8
      vertex 75.1769 34.3659 6
    endloop
  endfacet
  facet normal 0.970042 0.242935 0
    outer loop
      vertex 72.8517 34.2517 3
      vertex 72.8231 34.3659 1
      vertex 72.8231 34.3659 3
    endloop
  endfacet
  facet normal 0.970042 0.242935 0
    outer loop
      vertex 72.8231 34.3659 1
      vertex 72.8517 34.2517 3
      vertex 72.8517 34.2517 1
    endloop
  endfacet
  facet normal 0.970042 0.242935 0
    outer loop
      vertex 72.8517 34.2517 6
      vertex 72.8231 34.3659 4.8
      vertex 72.8231 34.3659 6
    endloop
  endfacet
  facet normal 0.970042 0.242935 0
    outer loop
      vertex 72.8231 34.3659 4.8
      vertex 72.8517 34.2517 6
      vertex 72.8517 34.2517 4.8
    endloop
  endfacet
  facet normal 0.970042 -0.242935 0
    outer loop
      vertex 72.8231 34.8341 3
      vertex 72.8517 34.9483 1
      vertex 72.8517 34.9483 3
    endloop
  endfacet
  facet normal 0.970042 -0.242935 0
    outer loop
      vertex 72.8517 34.9483 1
      vertex 72.8231 34.8341 3
      vertex 72.8231 34.8341 1
    endloop
  endfacet
  facet normal 0.970042 -0.242935 0
    outer loop
      vertex 72.8231 34.8341 6
      vertex 72.8517 34.9483 4.8
      vertex 72.8517 34.9483 6
    endloop
  endfacet
  facet normal 0.970042 -0.242935 0
    outer loop
      vertex 72.8517 34.9483 4.8
      vertex 72.8231 34.8341 6
      vertex 72.8231 34.8341 4.8
    endloop
  endfacet
  facet normal 0.336283 -0.941761 0
    outer loop
      vertex 73.5408 35.7087 1
      vertex 73.6517 35.7483 3
      vertex 73.5408 35.7087 3
    endloop
  endfacet
  facet normal 0.336283 -0.941761 0
    outer loop
      vertex 73.6517 35.7483 3
      vertex 73.5408 35.7087 1
      vertex 73.6517 35.7483 1
    endloop
  endfacet
  facet normal 0.336283 -0.941761 0
    outer loop
      vertex 73.5408 35.7087 4.8
      vertex 73.6517 35.7483 6
      vertex 73.5408 35.7087 6
    endloop
  endfacet
  facet normal 0.336283 -0.941761 0
    outer loop
      vertex 73.6517 35.7483 6
      vertex 73.5408 35.7087 4.8
      vertex 73.6517 35.7483 4.8
    endloop
  endfacet
  facet normal -0.513871 0.857867 0
    outer loop
      vertex 74.6667 33.6022 1
      vertex 74.5657 33.5417 3
      vertex 74.6667 33.6022 3
    endloop
  endfacet
  facet normal -0.513871 0.857867 0
    outer loop
      vertex 74.5657 33.5417 3
      vertex 74.6667 33.6022 1
      vertex 74.5657 33.5417 1
    endloop
  endfacet
  facet normal -0.513871 0.857867 0
    outer loop
      vertex 74.6667 33.6022 4.8
      vertex 74.5657 33.5417 6
      vertex 74.6667 33.6022 6
    endloop
  endfacet
  facet normal -0.513871 0.857867 0
    outer loop
      vertex 74.5657 33.5417 6
      vertex 74.6667 33.6022 4.8
      vertex 74.5657 33.5417 4.8
    endloop
  endfacet
  facet normal -0.941761 0.336283 0
    outer loop
      vertex 75.1087 34.1408 1
      vertex 75.1483 34.2517 3
      vertex 75.1483 34.2517 1
    endloop
  endfacet
  facet normal -0.941761 0.336283 0
    outer loop
      vertex 75.1483 34.2517 3
      vertex 75.1087 34.1408 1
      vertex 75.1087 34.1408 3
    endloop
  endfacet
  facet normal -0.941761 0.336283 0
    outer loop
      vertex 75.1087 34.1408 4.8
      vertex 75.1483 34.2517 6
      vertex 75.1483 34.2517 4.8
    endloop
  endfacet
  facet normal -0.941761 0.336283 0
    outer loop
      vertex 75.1483 34.2517 6
      vertex 75.1087 34.1408 4.8
      vertex 75.1087 34.1408 6
    endloop
  endfacet
  facet normal 0.0492599 0.998786 -0
    outer loop
      vertex 74 33.4 1
      vertex 73.8824 33.4058 3
      vertex 74 33.4 3
    endloop
  endfacet
  facet normal 0.0492599 0.998786 0
    outer loop
      vertex 73.8824 33.4058 3
      vertex 74 33.4 1
      vertex 73.8824 33.4058 1
    endloop
  endfacet
  facet normal 0.0492599 0.998786 -0
    outer loop
      vertex 74 33.4 4.8
      vertex 73.8824 33.4058 6
      vertex 74 33.4 6
    endloop
  endfacet
  facet normal 0.0492599 0.998786 0
    outer loop
      vertex 73.8824 33.4058 6
      vertex 74 33.4 4.8
      vertex 73.8824 33.4058 4.8
    endloop
  endfacet
  facet normal 0.998786 0.0492599 0
    outer loop
      vertex 72.8058 34.4824 3
      vertex 72.8 34.6 1
      vertex 72.8 34.6 3
    endloop
  endfacet
  facet normal 0.998786 0.0492599 0
    outer loop
      vertex 72.8 34.6 1
      vertex 72.8058 34.4824 3
      vertex 72.8058 34.4824 1
    endloop
  endfacet
  facet normal 0.998786 0.0492599 0
    outer loop
      vertex 72.8058 34.4824 6
      vertex 72.8 34.6 4.8
      vertex 72.8 34.6 6
    endloop
  endfacet
  facet normal 0.998786 0.0492599 0
    outer loop
      vertex 72.8 34.6 4.8
      vertex 72.8058 34.4824 6
      vertex 72.8058 34.4824 4.8
    endloop
  endfacet
  facet normal 0.998786 -0.0492599 0
    outer loop
      vertex 72.8 34.6 3
      vertex 72.8058 34.7176 1
      vertex 72.8058 34.7176 3
    endloop
  endfacet
  facet normal 0.998786 -0.0492599 0
    outer loop
      vertex 72.8058 34.7176 1
      vertex 72.8 34.6 3
      vertex 72.8 34.6 1
    endloop
  endfacet
  facet normal 0.998786 -0.0492599 0
    outer loop
      vertex 72.8 34.6 6
      vertex 72.8058 34.7176 4.8
      vertex 72.8058 34.7176 6
    endloop
  endfacet
  facet normal 0.998786 -0.0492599 0
    outer loop
      vertex 72.8058 34.7176 4.8
      vertex 72.8 34.6 6
      vertex 72.8 34.6 4.8
    endloop
  endfacet
  facet normal 0.671869 -0.74067 0
    outer loop
      vertex 73.1515 35.4485 1
      vertex 73.2387 35.5276 3
      vertex 73.1515 35.4485 3
    endloop
  endfacet
  facet normal 0.671869 -0.74067 0
    outer loop
      vertex 73.2387 35.5276 3
      vertex 73.1515 35.4485 1
      vertex 73.2387 35.5276 1
    endloop
  endfacet
  facet normal 0.671869 -0.74067 0
    outer loop
      vertex 73.1515 35.4485 4.8
      vertex 73.2387 35.5276 6
      vertex 73.1515 35.4485 6
    endloop
  endfacet
  facet normal 0.671869 -0.74067 0
    outer loop
      vertex 73.2387 35.5276 6
      vertex 73.1515 35.4485 4.8
      vertex 73.2387 35.5276 4.8
    endloop
  endfacet
  facet normal -0.0492599 0.998786 0
    outer loop
      vertex 74.1176 33.4058 1
      vertex 74 33.4 3
      vertex 74.1176 33.4058 3
    endloop
  endfacet
  facet normal -0.0492599 0.998786 0
    outer loop
      vertex 74 33.4 3
      vertex 74.1176 33.4058 1
      vertex 74 33.4 1
    endloop
  endfacet
  facet normal -0.0492599 0.998786 0
    outer loop
      vertex 74.1176 33.4058 4.8
      vertex 74 33.4 6
      vertex 74.1176 33.4058 6
    endloop
  endfacet
  facet normal -0.0492599 0.998786 0
    outer loop
      vertex 74 33.4 6
      vertex 74.1176 33.4058 4.8
      vertex 74 33.4 4.8
    endloop
  endfacet
  facet normal 0.857867 0.513871 0
    outer loop
      vertex 73.0022 33.9333 3
      vertex 72.9417 34.0343 1
      vertex 72.9417 34.0343 3
    endloop
  endfacet
  facet normal 0.857867 0.513871 0
    outer loop
      vertex 72.9417 34.0343 1
      vertex 73.0022 33.9333 3
      vertex 73.0022 33.9333 1
    endloop
  endfacet
  facet normal 0.857867 0.513871 0
    outer loop
      vertex 73.0022 33.9333 6
      vertex 72.9417 34.0343 4.8
      vertex 72.9417 34.0343 6
    endloop
  endfacet
  facet normal 0.857867 0.513871 0
    outer loop
      vertex 72.9417 34.0343 4.8
      vertex 73.0022 33.9333 6
      vertex 73.0022 33.9333 4.8
    endloop
  endfacet
  facet normal -0.903893 0.427758 0
    outer loop
      vertex 75.0583 34.0343 1
      vertex 75.1087 34.1408 3
      vertex 75.1087 34.1408 1
    endloop
  endfacet
  facet normal -0.903893 0.427758 0
    outer loop
      vertex 75.1087 34.1408 3
      vertex 75.0583 34.0343 1
      vertex 75.0583 34.0343 3
    endloop
  endfacet
  facet normal -0.903893 0.427758 0
    outer loop
      vertex 75.0583 34.0343 4.8
      vertex 75.1087 34.1408 6
      vertex 75.1087 34.1408 4.8
    endloop
  endfacet
  facet normal -0.903893 0.427758 0
    outer loop
      vertex 75.1087 34.1408 6
      vertex 75.0583 34.0343 4.8
      vertex 75.0583 34.0343 6
    endloop
  endfacet
  facet normal 0 0 1
    outer loop
      vertex 75.1942 34.7176 1
      vertex 75.1942 34.4824 1
      vertex 75.2 34.6 1
    endloop
  endfacet
  facet normal 0 0 1
    outer loop
      vertex 75.1769 34.8341 1
      vertex 75.1942 34.4824 1
      vertex 75.1942 34.7176 1
    endloop
  endfacet
  facet normal 0 0 1
    outer loop
      vertex 75.1769 34.8341 1
      vertex 75.1769 34.3659 1
      vertex 75.1942 34.4824 1
    endloop
  endfacet
  facet normal 0 0 1
    outer loop
      vertex 75.1483 34.9483 1
      vertex 75.1769 34.3659 1
      vertex 75.1769 34.8341 1
    endloop
  endfacet
  facet normal 0 0 1
    outer loop
      vertex 75.1483 34.9483 1
      vertex 75.1483 34.2517 1
      vertex 75.1769 34.3659 1
    endloop
  endfacet
  facet normal 0 0 1
    outer loop
      vertex 75.1087 35.0592 1
      vertex 75.1483 34.2517 1
      vertex 75.1483 34.9483 1
    endloop
  endfacet
  facet normal 0 0 1
    outer loop
      vertex 75.1087 35.0592 1
      vertex 75.1087 34.1408 1
      vertex 75.1483 34.2517 1
    endloop
  endfacet
  facet normal 0 0 1
    outer loop
      vertex 75.0583 35.1657 1
      vertex 75.1087 34.1408 1
      vertex 75.1087 35.0592 1
    endloop
  endfacet
  facet normal 0 0 1
    outer loop
      vertex 75.0583 35.1657 1
      vertex 75.0583 34.0343 1
      vertex 75.1087 34.1408 1
    endloop
  endfacet
  facet normal 0 0 1
    outer loop
      vertex 74.9978 35.2667 1
      vertex 75.0583 34.0343 1
      vertex 75.0583 35.1657 1
    endloop
  endfacet
  facet normal 0 0 1
    outer loop
      vertex 74.9978 35.2667 1
      vertex 74.9978 33.9333 1
      vertex 75.0583 34.0343 1
    endloop
  endfacet
  facet normal 0 0 1
    outer loop
      vertex 74.9276 35.3613 1
      vertex 74.9978 33.9333 1
      vertex 74.9978 35.2667 1
    endloop
  endfacet
  facet normal 0 0 1
    outer loop
      vertex 74.9276 35.3613 1
      vertex 74.9276 33.8387 1
      vertex 74.9978 33.9333 1
    endloop
  endfacet
  facet normal 0 0 1
    outer loop
      vertex 74.8485 35.4485 1
      vertex 74.9276 33.8387 1
      vertex 74.9276 35.3613 1
    endloop
  endfacet
  facet normal 0 0 1
    outer loop
      vertex 74.8485 35.4485 1
      vertex 74.8485 33.7515 1
      vertex 74.9276 33.8387 1
    endloop
  endfacet
  facet normal 0 0 1
    outer loop
      vertex 74.7613 35.5276 1
      vertex 74.8485 33.7515 1
      vertex 74.8485 35.4485 1
    endloop
  endfacet
  facet normal 0 0 1
    outer loop
      vertex 74.7613 35.5276 1
      vertex 74.7613 33.6724 1
      vertex 74.8485 33.7515 1
    endloop
  endfacet
  facet normal 0 0 1
    outer loop
      vertex 74.6667 35.5978 1
      vertex 74.7613 33.6724 1
      vertex 74.7613 35.5276 1
    endloop
  endfacet
  facet normal 0 0 1
    outer loop
      vertex 74.6667 35.5978 1
      vertex 74.6667 33.6022 1
      vertex 74.7613 33.6724 1
    endloop
  endfacet
  facet normal 0 0 1
    outer loop
      vertex 74.5657 35.6583 1
      vertex 74.6667 33.6022 1
      vertex 74.6667 35.5978 1
    endloop
  endfacet
  facet normal 0 0 1
    outer loop
      vertex 74.5657 35.6583 1
      vertex 74.5657 33.5417 1
      vertex 74.6667 33.6022 1
    endloop
  endfacet
  facet normal 0 0 1
    outer loop
      vertex 74.4592 35.7087 1
      vertex 74.5657 33.5417 1
      vertex 74.5657 35.6583 1
    endloop
  endfacet
  facet normal 0 0 1
    outer loop
      vertex 74.4592 35.7087 1
      vertex 74.4592 33.4913 1
      vertex 74.5657 33.5417 1
    endloop
  endfacet
  facet normal 0 0 1
    outer loop
      vertex 74.3483 35.7483 1
      vertex 74.4592 33.4913 1
      vertex 74.4592 35.7087 1
    endloop
  endfacet
  facet normal 0 0 1
    outer loop
      vertex 74.3483 35.7483 1
      vertex 74.3483 33.4517 1
      vertex 74.4592 33.4913 1
    endloop
  endfacet
  facet normal 0 0 1
    outer loop
      vertex 74.2341 35.7769 1
      vertex 74.3483 33.4517 1
      vertex 74.3483 35.7483 1
    endloop
  endfacet
  facet normal 0 0 1
    outer loop
      vertex 74.2341 35.7769 1
      vertex 74.2341 33.4231 1
      vertex 74.3483 33.4517 1
    endloop
  endfacet
  facet normal 0 0 1
    outer loop
      vertex 74.1176 35.7942 1
      vertex 74.2341 33.4231 1
      vertex 74.2341 35.7769 1
    endloop
  endfacet
  facet normal 0 0 1
    outer loop
      vertex 74.1176 35.7942 1
      vertex 74.1176 33.4058 1
      vertex 74.2341 33.4231 1
    endloop
  endfacet
  facet normal 0 0 1
    outer loop
      vertex 74 35.8 1
      vertex 74.1176 33.4058 1
      vertex 74.1176 35.7942 1
    endloop
  endfacet
  facet normal 0 0 1
    outer loop
      vertex 74 35.8 1
      vertex 74 33.4 1
      vertex 74.1176 33.4058 1
    endloop
  endfacet
  facet normal -0 0 1
    outer loop
      vertex 73.8824 35.7942 1
      vertex 74 33.4 1
      vertex 74 35.8 1
    endloop
  endfacet
  facet normal 0 0 1
    outer loop
      vertex 73.8824 35.7942 1
      vertex 73.8824 33.4058 1
      vertex 74 33.4 1
    endloop
  endfacet
  facet normal -0 0 1
    outer loop
      vertex 73.7659 35.7769 1
      vertex 73.8824 33.4058 1
      vertex 73.8824 35.7942 1
    endloop
  endfacet
  facet normal 0 0 1
    outer loop
      vertex 73.7659 35.7769 1
      vertex 73.7659 33.4231 1
      vertex 73.8824 33.4058 1
    endloop
  endfacet
  facet normal -0 0 1
    outer loop
      vertex 73.6517 35.7483 1
      vertex 73.7659 33.4231 1
      vertex 73.7659 35.7769 1
    endloop
  endfacet
  facet normal 0 0 1
    outer loop
      vertex 73.6517 35.7483 1
      vertex 73.6517 33.4517 1
      vertex 73.7659 33.4231 1
    endloop
  endfacet
  facet normal -0 0 1
    outer loop
      vertex 73.5408 35.7087 1
      vertex 73.6517 33.4517 1
      vertex 73.6517 35.7483 1
    endloop
  endfacet
  facet normal 0 0 1
    outer loop
      vertex 73.5408 35.7087 1
      vertex 73.5408 33.4913 1
      vertex 73.6517 33.4517 1
    endloop
  endfacet
  facet normal -0 0 1
    outer loop
      vertex 73.4343 35.6583 1
      vertex 73.5408 33.4913 1
      vertex 73.5408 35.7087 1
    endloop
  endfacet
  facet normal 0 0 1
    outer loop
      vertex 73.4343 35.6583 1
      vertex 73.4343 33.5417 1
      vertex 73.5408 33.4913 1
    endloop
  endfacet
  facet normal -0 0 1
    outer loop
      vertex 73.3333 35.5978 1
      vertex 73.4343 33.5417 1
      vertex 73.4343 35.6583 1
    endloop
  endfacet
  facet normal 0 0 1
    outer loop
      vertex 73.3333 35.5978 1
      vertex 73.3333 33.6022 1
      vertex 73.4343 33.5417 1
    endloop
  endfacet
  facet normal -0 0 1
    outer loop
      vertex 73.2387 35.5276 1
      vertex 73.3333 33.6022 1
      vertex 73.3333 35.5978 1
    endloop
  endfacet
  facet normal 0 0 1
    outer loop
      vertex 73.2387 35.5276 1
      vertex 73.2387 33.6724 1
      vertex 73.3333 33.6022 1
    endloop
  endfacet
  facet normal -0 0 1
    outer loop
      vertex 73.1515 35.4485 1
      vertex 73.2387 33.6724 1
      vertex 73.2387 35.5276 1
    endloop
  endfacet
  facet normal 0 0 1
    outer loop
      vertex 73.1515 35.4485 1
      vertex 73.1515 33.7515 1
      vertex 73.2387 33.6724 1
    endloop
  endfacet
  facet normal -0 0 1
    outer loop
      vertex 73.0724 35.3613 1
      vertex 73.1515 33.7515 1
      vertex 73.1515 35.4485 1
    endloop
  endfacet
  facet normal 0 0 1
    outer loop
      vertex 73.0724 35.3613 1
      vertex 73.0724 33.8387 1
      vertex 73.1515 33.7515 1
    endloop
  endfacet
  facet normal -0 0 1
    outer loop
      vertex 73.0022 35.2667 1
      vertex 73.0724 33.8387 1
      vertex 73.0724 35.3613 1
    endloop
  endfacet
  facet normal 0 0 1
    outer loop
      vertex 73.0022 35.2667 1
      vertex 73.0022 33.9333 1
      vertex 73.0724 33.8387 1
    endloop
  endfacet
  facet normal -0 0 1
    outer loop
      vertex 72.9417 35.1657 1
      vertex 73.0022 33.9333 1
      vertex 73.0022 35.2667 1
    endloop
  endfacet
  facet normal 0 0 1
    outer loop
      vertex 72.9417 35.1657 1
      vertex 72.9417 34.0343 1
      vertex 73.0022 33.9333 1
    endloop
  endfacet
  facet normal -0 0 1
    outer loop
      vertex 72.8913 35.0592 1
      vertex 72.9417 34.0343 1
      vertex 72.9417 35.1657 1
    endloop
  endfacet
  facet normal 0 0 1
    outer loop
      vertex 72.8913 35.0592 1
      vertex 72.8913 34.1408 1
      vertex 72.9417 34.0343 1
    endloop
  endfacet
  facet normal -0 0 1
    outer loop
      vertex 72.8517 34.9483 1
      vertex 72.8913 34.1408 1
      vertex 72.8913 35.0592 1
    endloop
  endfacet
  facet normal 0 0 1
    outer loop
      vertex 72.8517 34.9483 1
      vertex 72.8517 34.2517 1
      vertex 72.8913 34.1408 1
    endloop
  endfacet
  facet normal -0 0 1
    outer loop
      vertex 72.8231 34.8341 1
      vertex 72.8517 34.2517 1
      vertex 72.8517 34.9483 1
    endloop
  endfacet
  facet normal 0 0 1
    outer loop
      vertex 72.8231 34.8341 1
      vertex 72.8231 34.3659 1
      vertex 72.8517 34.2517 1
    endloop
  endfacet
  facet normal -0 0 1
    outer loop
      vertex 72.8058 34.7176 1
      vertex 72.8231 34.3659 1
      vertex 72.8231 34.8341 1
    endloop
  endfacet
  facet normal 0 0 1
    outer loop
      vertex 72.8058 34.7176 1
      vertex 72.8058 34.4824 1
      vertex 72.8231 34.3659 1
    endloop
  endfacet
  facet normal 0 -0 1
    outer loop
      vertex 72.8058 34.4824 1
      vertex 72.8058 34.7176 1
      vertex 72.8 34.6 1
    endloop
  endfacet
  facet normal -0.803046 0.595918 0
    outer loop
      vertex 74.9276 33.8387 1
      vertex 74.9978 33.9333 3
      vertex 74.9978 33.9333 1
    endloop
  endfacet
  facet normal -0.803046 0.595918 0
    outer loop
      vertex 74.9978 33.9333 3
      vertex 74.9276 33.8387 1
      vertex 74.9276 33.8387 3
    endloop
  endfacet
  facet normal -0.803046 0.595918 0
    outer loop
      vertex 74.9276 33.8387 4.8
      vertex 74.9978 33.9333 6
      vertex 74.9978 33.9333 4.8
    endloop
  endfacet
  facet normal -0.803046 0.595918 0
    outer loop
      vertex 74.9978 33.9333 6
      vertex 74.9276 33.8387 4.8
      vertex 74.9276 33.8387 6
    endloop
  endfacet
  facet normal 0.903893 0.427758 0
    outer loop
      vertex 72.9417 34.0343 3
      vertex 72.8913 34.1408 1
      vertex 72.8913 34.1408 3
    endloop
  endfacet
  facet normal 0.903893 0.427758 0
    outer loop
      vertex 72.8913 34.1408 1
      vertex 72.9417 34.0343 3
      vertex 72.9417 34.0343 1
    endloop
  endfacet
  facet normal 0.903893 0.427758 0
    outer loop
      vertex 72.9417 34.0343 6
      vertex 72.8913 34.1408 4.8
      vertex 72.8913 34.1408 6
    endloop
  endfacet
  facet normal 0.903893 0.427758 0
    outer loop
      vertex 72.8913 34.1408 4.8
      vertex 72.9417 34.0343 6
      vertex 72.9417 34.0343 4.8
    endloop
  endfacet
  facet normal 0.903893 -0.427758 0
    outer loop
      vertex 72.8913 35.0592 3
      vertex 72.9417 35.1657 1
      vertex 72.9417 35.1657 3
    endloop
  endfacet
  facet normal 0.903893 -0.427758 0
    outer loop
      vertex 72.9417 35.1657 1
      vertex 72.8913 35.0592 3
      vertex 72.8913 35.0592 1
    endloop
  endfacet
  facet normal 0.903893 -0.427758 0
    outer loop
      vertex 72.8913 35.0592 6
      vertex 72.9417 35.1657 4.8
      vertex 72.9417 35.1657 6
    endloop
  endfacet
  facet normal 0.903893 -0.427758 0
    outer loop
      vertex 72.9417 35.1657 4.8
      vertex 72.8913 35.0592 6
      vertex 72.8913 35.0592 4.8
    endloop
  endfacet
  facet normal -0.74067 0.671869 0
    outer loop
      vertex 74.8485 33.7515 1
      vertex 74.9276 33.8387 3
      vertex 74.9276 33.8387 1
    endloop
  endfacet
  facet normal -0.74067 0.671869 0
    outer loop
      vertex 74.9276 33.8387 3
      vertex 74.8485 33.7515 1
      vertex 74.8485 33.7515 3
    endloop
  endfacet
  facet normal -0.74067 0.671869 0
    outer loop
      vertex 74.8485 33.7515 4.8
      vertex 74.9276 33.8387 6
      vertex 74.9276 33.8387 4.8
    endloop
  endfacet
  facet normal -0.74067 0.671869 0
    outer loop
      vertex 74.9276 33.8387 6
      vertex 74.8485 33.7515 4.8
      vertex 74.8485 33.7515 6
    endloop
  endfacet
  facet normal 0.803046 -0.595918 0
    outer loop
      vertex 73.0022 35.2667 3
      vertex 73.0724 35.3613 1
      vertex 73.0724 35.3613 3
    endloop
  endfacet
  facet normal 0.803046 -0.595918 0
    outer loop
      vertex 73.0724 35.3613 1
      vertex 73.0022 35.2667 3
      vertex 73.0022 35.2667 1
    endloop
  endfacet
  facet normal 0.803046 -0.595918 0
    outer loop
      vertex 73.0022 35.2667 6
      vertex 73.0724 35.3613 4.8
      vertex 73.0724 35.3613 6
    endloop
  endfacet
  facet normal 0.803046 -0.595918 0
    outer loop
      vertex 73.0724 35.3613 4.8
      vertex 73.0022 35.2667 6
      vertex 73.0022 35.2667 4.8
    endloop
  endfacet
  facet normal 0.941761 -0.336283 0
    outer loop
      vertex 72.8517 34.9483 3
      vertex 72.8913 35.0592 1
      vertex 72.8913 35.0592 3
    endloop
  endfacet
  facet normal 0.941761 -0.336283 0
    outer loop
      vertex 72.8913 35.0592 1
      vertex 72.8517 34.9483 3
      vertex 72.8517 34.9483 1
    endloop
  endfacet
  facet normal 0.941761 -0.336283 0
    outer loop
      vertex 72.8517 34.9483 6
      vertex 72.8913 35.0592 4.8
      vertex 72.8913 35.0592 6
    endloop
  endfacet
  facet normal 0.941761 -0.336283 0
    outer loop
      vertex 72.8913 35.0592 4.8
      vertex 72.8517 34.9483 6
      vertex 72.8517 34.9483 4.8
    endloop
  endfacet
  facet normal 0.242935 0.970042 -0
    outer loop
      vertex 73.7659 33.4231 1
      vertex 73.6517 33.4517 3
      vertex 73.7659 33.4231 3
    endloop
  endfacet
  facet normal 0.242935 0.970042 0
    outer loop
      vertex 73.6517 33.4517 3
      vertex 73.7659 33.4231 1
      vertex 73.6517 33.4517 1
    endloop
  endfacet
  facet normal 0.242935 0.970042 -0
    outer loop
      vertex 73.7659 33.4231 4.8
      vertex 73.6517 33.4517 6
      vertex 73.7659 33.4231 6
    endloop
  endfacet
  facet normal 0.242935 0.970042 0
    outer loop
      vertex 73.6517 33.4517 6
      vertex 73.7659 33.4231 4.8
      vertex 73.6517 33.4517 4.8
    endloop
  endfacet
  facet normal 0.427758 0.903893 -0
    outer loop
      vertex 73.5408 33.4913 1
      vertex 73.4343 33.5417 3
      vertex 73.5408 33.4913 3
    endloop
  endfacet
  facet normal 0.427758 0.903893 0
    outer loop
      vertex 73.4343 33.5417 3
      vertex 73.5408 33.4913 1
      vertex 73.4343 33.5417 1
    endloop
  endfacet
  facet normal 0.427758 0.903893 -0
    outer loop
      vertex 73.5408 33.4913 4.8
      vertex 73.4343 33.5417 6
      vertex 73.5408 33.4913 6
    endloop
  endfacet
  facet normal 0.427758 0.903893 0
    outer loop
      vertex 73.4343 33.5417 6
      vertex 73.5408 33.4913 4.8
      vertex 73.4343 33.5417 4.8
    endloop
  endfacet
  facet normal 0.513871 0.857867 -0
    outer loop
      vertex 73.4343 33.5417 1
      vertex 73.3333 33.6022 3
      vertex 73.4343 33.5417 3
    endloop
  endfacet
  facet normal 0.513871 0.857867 0
    outer loop
      vertex 73.3333 33.6022 3
      vertex 73.4343 33.5417 1
      vertex 73.3333 33.6022 1
    endloop
  endfacet
  facet normal 0.513871 0.857867 -0
    outer loop
      vertex 73.4343 33.5417 4.8
      vertex 73.3333 33.6022 6
      vertex 73.4343 33.5417 6
    endloop
  endfacet
  facet normal 0.513871 0.857867 0
    outer loop
      vertex 73.3333 33.6022 6
      vertex 73.4343 33.5417 4.8
      vertex 73.3333 33.6022 4.8
    endloop
  endfacet
  facet normal -0.989178 -0.146721 0
    outer loop
      vertex 7.19422 34.7176 1
      vertex 7.17694 34.8341 3
      vertex 7.17694 34.8341 1
    endloop
  endfacet
  facet normal -0.989178 -0.146721 0
    outer loop
      vertex 7.17694 34.8341 3
      vertex 7.19422 34.7176 1
      vertex 7.19422 34.7176 3
    endloop
  endfacet
  facet normal -0.989178 -0.146721 0
    outer loop
      vertex 7.19422 34.7176 4.8
      vertex 7.17694 34.8341 6
      vertex 7.17694 34.8341 4.8
    endloop
  endfacet
  facet normal -0.989178 -0.146721 0
    outer loop
      vertex 7.17694 34.8341 6
      vertex 7.19422 34.7176 4.8
      vertex 7.19422 34.7176 6
    endloop
  endfacet
  facet normal -0.998794 -0.0490904 0
    outer loop
      vertex 7.2 34.6 1
      vertex 7.19422 34.7176 3
      vertex 7.19422 34.7176 1
    endloop
  endfacet
  facet normal -0.998794 -0.0490904 0
    outer loop
      vertex 7.19422 34.7176 3
      vertex 7.2 34.6 1
      vertex 7.2 34.6 3
    endloop
  endfacet
  facet normal -0.998794 -0.0490904 0
    outer loop
      vertex 7.2 34.6 4.8
      vertex 7.19422 34.7176 6
      vertex 7.19422 34.7176 4.8
    endloop
  endfacet
  facet normal -0.998794 -0.0490904 0
    outer loop
      vertex 7.19422 34.7176 6
      vertex 7.2 34.6 4.8
      vertex 7.2 34.6 6
    endloop
  endfacet
  facet normal -0.970022 -0.243015 0
    outer loop
      vertex 7.17694 34.8341 1
      vertex 7.14833 34.9483 3
      vertex 7.14833 34.9483 1
    endloop
  endfacet
  facet normal -0.970022 -0.243015 0
    outer loop
      vertex 7.14833 34.9483 3
      vertex 7.17694 34.8341 1
      vertex 7.17694 34.8341 3
    endloop
  endfacet
  facet normal -0.970022 -0.243015 0
    outer loop
      vertex 7.17694 34.8341 4.8
      vertex 7.14833 34.9483 6
      vertex 7.14833 34.9483 4.8
    endloop
  endfacet
  facet normal -0.970022 -0.243015 0
    outer loop
      vertex 7.14833 34.9483 6
      vertex 7.17694 34.8341 4.8
      vertex 7.17694 34.8341 6
    endloop
  endfacet
  facet normal -0.857718 0.514121 0
    outer loop
      vertex 6.99776 33.9333 1
      vertex 7.0583 34.0343 3
      vertex 7.0583 34.0343 1
    endloop
  endfacet
  facet normal -0.857718 0.514121 0
    outer loop
      vertex 7.0583 34.0343 3
      vertex 6.99776 33.9333 1
      vertex 6.99776 33.9333 3
    endloop
  endfacet
  facet normal -0.857718 0.514121 0
    outer loop
      vertex 6.99776 33.9333 4.8
      vertex 7.0583 34.0343 6
      vertex 7.0583 34.0343 4.8
    endloop
  endfacet
  facet normal -0.857718 0.514121 0
    outer loop
      vertex 7.0583 34.0343 6
      vertex 6.99776 33.9333 4.8
      vertex 6.99776 33.9333 6
    endloop
  endfacet
  facet normal -0.595958 0.803015 0
    outer loop
      vertex 6.76127 33.6724 1
      vertex 6.66668 33.6022 3
      vertex 6.76127 33.6724 3
    endloop
  endfacet
  facet normal -0.595958 0.803015 0
    outer loop
      vertex 6.66668 33.6022 3
      vertex 6.76127 33.6724 1
      vertex 6.66668 33.6022 1
    endloop
  endfacet
  facet normal -0.595958 0.803015 0
    outer loop
      vertex 6.76127 33.6724 4.8
      vertex 6.66668 33.6022 6
      vertex 6.76127 33.6724 6
    endloop
  endfacet
  facet normal -0.595958 0.803015 0
    outer loop
      vertex 6.66668 33.6022 6
      vertex 6.76127 33.6724 4.8
      vertex 6.66668 33.6022 4.8
    endloop
  endfacet
  facet normal -0.803249 -0.595644 0
    outer loop
      vertex 6.99776 35.2667 1
      vertex 6.92761 35.3613 3
      vertex 6.92761 35.3613 1
    endloop
  endfacet
  facet normal -0.803249 -0.595644 0
    outer loop
      vertex 6.92761 35.3613 3
      vertex 6.99776 35.2667 1
      vertex 6.99776 35.2667 3
    endloop
  endfacet
  facet normal -0.803249 -0.595644 0
    outer loop
      vertex 6.99776 35.2667 4.8
      vertex 6.92761 35.3613 6
      vertex 6.92761 35.3613 4.8
    endloop
  endfacet
  facet normal -0.803249 -0.595644 0
    outer loop
      vertex 6.92761 35.3613 6
      vertex 6.99776 35.2667 4.8
      vertex 6.99776 35.2667 6
    endloop
  endfacet
  facet normal -0.595958 -0.803015 0
    outer loop
      vertex 6.66668 35.5978 1
      vertex 6.76127 35.5276 3
      vertex 6.66668 35.5978 3
    endloop
  endfacet
  facet normal -0.595958 -0.803015 -0
    outer loop
      vertex 6.76127 35.5276 3
      vertex 6.66668 35.5978 1
      vertex 6.76127 35.5276 1
    endloop
  endfacet
  facet normal -0.595958 -0.803015 0
    outer loop
      vertex 6.66668 35.5978 4.8
      vertex 6.76127 35.5276 6
      vertex 6.66668 35.5978 6
    endloop
  endfacet
  facet normal -0.595958 -0.803015 -0
    outer loop
      vertex 6.76127 35.5276 6
      vertex 6.66668 35.5978 4.8
      vertex 6.76127 35.5276 4.8
    endloop
  endfacet
  facet normal -0.998794 0.0490904 0
    outer loop
      vertex 7.19422 34.4824 1
      vertex 7.2 34.6 3
      vertex 7.2 34.6 1
    endloop
  endfacet
  facet normal -0.998794 0.0490904 0
    outer loop
      vertex 7.2 34.6 3
      vertex 7.19422 34.4824 1
      vertex 7.19422 34.4824 3
    endloop
  endfacet
  facet normal -0.998794 0.0490904 0
    outer loop
      vertex 7.19422 34.4824 4.8
      vertex 7.2 34.6 6
      vertex 7.2 34.6 4.8
    endloop
  endfacet
  facet normal -0.998794 0.0490904 0
    outer loop
      vertex 7.2 34.6 6
      vertex 7.19422 34.4824 4.8
      vertex 7.19422 34.4824 6
    endloop
  endfacet
  facet normal -0.427889 -0.903831 0
    outer loop
      vertex 6.45922 35.7087 1
      vertex 6.56568 35.6583 3
      vertex 6.45922 35.7087 3
    endloop
  endfacet
  facet normal -0.427889 -0.903831 -0
    outer loop
      vertex 6.56568 35.6583 3
      vertex 6.45922 35.7087 1
      vertex 6.56568 35.6583 1
    endloop
  endfacet
  facet normal -0.427889 -0.903831 0
    outer loop
      vertex 6.45922 35.7087 4.8
      vertex 6.56568 35.6583 6
      vertex 6.45922 35.7087 6
    endloop
  endfacet
  facet normal -0.427889 -0.903831 -0
    outer loop
      vertex 6.56568 35.6583 6
      vertex 6.45922 35.7087 4.8
      vertex 6.56568 35.6583 4.8
    endloop
  endfacet
  facet normal -0.513871 0.857867 0
    outer loop
      vertex 6.66668 33.6022 1
      vertex 6.56568 33.5417 3
      vertex 6.66668 33.6022 3
    endloop
  endfacet
  facet normal -0.513871 0.857867 0
    outer loop
      vertex 6.56568 33.5417 3
      vertex 6.66668 33.6022 1
      vertex 6.56568 33.5417 1
    endloop
  endfacet
  facet normal -0.513871 0.857867 0
    outer loop
      vertex 6.66668 33.6022 4.8
      vertex 6.56568 33.5417 6
      vertex 6.66668 33.6022 6
    endloop
  endfacet
  facet normal -0.513871 0.857867 0
    outer loop
      vertex 6.56568 33.5417 6
      vertex 6.66668 33.6022 4.8
      vertex 6.56568 33.5417 4.8
    endloop
  endfacet
  facet normal -0.671616 0.7409 0
    outer loop
      vertex 6.84853 33.7515 1
      vertex 6.76127 33.6724 3
      vertex 6.84853 33.7515 3
    endloop
  endfacet
  facet normal -0.671616 0.7409 0
    outer loop
      vertex 6.76127 33.6724 3
      vertex 6.84853 33.7515 1
      vertex 6.76127 33.6724 1
    endloop
  endfacet
  facet normal -0.671616 0.7409 0
    outer loop
      vertex 6.84853 33.7515 4.8
      vertex 6.76127 33.6724 6
      vertex 6.84853 33.7515 6
    endloop
  endfacet
  facet normal -0.671616 0.7409 0
    outer loop
      vertex 6.76127 33.6724 6
      vertex 6.84853 33.7515 4.8
      vertex 6.76127 33.6724 4.8
    endloop
  endfacet
  facet normal -0.242875 0.970058 0
    outer loop
      vertex 6.34834 33.4517 1
      vertex 6.23411 33.4231 3
      vertex 6.34834 33.4517 3
    endloop
  endfacet
  facet normal -0.242875 0.970058 0
    outer loop
      vertex 6.23411 33.4231 3
      vertex 6.34834 33.4517 1
      vertex 6.23411 33.4231 1
    endloop
  endfacet
  facet normal -0.242875 0.970058 0
    outer loop
      vertex 6.34834 33.4517 4.8
      vertex 6.23411 33.4231 6
      vertex 6.34834 33.4517 6
    endloop
  endfacet
  facet normal -0.242875 0.970058 0
    outer loop
      vertex 6.23411 33.4231 6
      vertex 6.34834 33.4517 4.8
      vertex 6.23411 33.4231 4.8
    endloop
  endfacet
  facet normal 0.803249 0.595644 0
    outer loop
      vertex 5.07239 33.8387 3
      vertex 5.00224 33.9333 1
      vertex 5.00224 33.9333 3
    endloop
  endfacet
  facet normal 0.803249 0.595644 0
    outer loop
      vertex 5.00224 33.9333 1
      vertex 5.07239 33.8387 3
      vertex 5.07239 33.8387 1
    endloop
  endfacet
  facet normal 0.803249 0.595644 0
    outer loop
      vertex 5.07239 33.8387 6
      vertex 5.00224 33.9333 4.8
      vertex 5.00224 33.9333 6
    endloop
  endfacet
  facet normal 0.803249 0.595644 0
    outer loop
      vertex 5.00224 33.9333 4.8
      vertex 5.07239 33.8387 6
      vertex 5.07239 33.8387 4.8
    endloop
  endfacet
  facet normal 0.740754 -0.671776 0
    outer loop
      vertex 5.07239 35.3613 3
      vertex 5.15147 35.4485 1
      vertex 5.15147 35.4485 3
    endloop
  endfacet
  facet normal 0.740754 -0.671776 0
    outer loop
      vertex 5.15147 35.4485 1
      vertex 5.07239 35.3613 3
      vertex 5.07239 35.3613 1
    endloop
  endfacet
  facet normal 0.740754 -0.671776 0
    outer loop
      vertex 5.07239 35.3613 6
      vertex 5.15147 35.4485 4.8
      vertex 5.15147 35.4485 6
    endloop
  endfacet
  facet normal 0.740754 -0.671776 0
    outer loop
      vertex 5.15147 35.4485 4.8
      vertex 5.07239 35.3613 6
      vertex 5.07239 35.3613 4.8
    endloop
  endfacet
  facet normal -0.336336 0.941742 0
    outer loop
      vertex 6.45922 33.4913 1
      vertex 6.34834 33.4517 3
      vertex 6.45922 33.4913 3
    endloop
  endfacet
  facet normal -0.336336 0.941742 0
    outer loop
      vertex 6.34834 33.4517 3
      vertex 6.45922 33.4913 1
      vertex 6.34834 33.4517 1
    endloop
  endfacet
  facet normal -0.336336 0.941742 0
    outer loop
      vertex 6.45922 33.4913 4.8
      vertex 6.34834 33.4517 6
      vertex 6.45922 33.4913 6
    endloop
  endfacet
  facet normal -0.336336 0.941742 0
    outer loop
      vertex 6.34834 33.4517 6
      vertex 6.45922 33.4913 4.8
      vertex 6.34834 33.4517 4.8
    endloop
  endfacet
  facet normal 0.989178 -0.146721 0
    outer loop
      vertex 4.80578 34.7176 3
      vertex 4.82306 34.8341 1
      vertex 4.82306 34.8341 3
    endloop
  endfacet
  facet normal 0.989178 -0.146721 0
    outer loop
      vertex 4.82306 34.8341 1
      vertex 4.80578 34.7176 3
      vertex 4.80578 34.7176 1
    endloop
  endfacet
  facet normal 0.989178 -0.146721 0
    outer loop
      vertex 4.80578 34.7176 6
      vertex 4.82306 34.8341 4.8
      vertex 4.82306 34.8341 6
    endloop
  endfacet
  facet normal 0.989178 -0.146721 0
    outer loop
      vertex 4.82306 34.8341 4.8
      vertex 4.80578 34.7176 6
      vertex 4.80578 34.7176 4.8
    endloop
  endfacet
  facet normal 0.146899 -0.989151 0
    outer loop
      vertex 5.76589 35.7769 1
      vertex 5.88238 35.7942 3
      vertex 5.76589 35.7769 3
    endloop
  endfacet
  facet normal 0.146899 -0.989151 0
    outer loop
      vertex 5.88238 35.7942 3
      vertex 5.76589 35.7769 1
      vertex 5.88238 35.7942 1
    endloop
  endfacet
  facet normal 0.146899 -0.989151 0
    outer loop
      vertex 5.76589 35.7769 4.8
      vertex 5.88238 35.7942 6
      vertex 5.76589 35.7769 6
    endloop
  endfacet
  facet normal 0.146899 -0.989151 0
    outer loop
      vertex 5.88238 35.7942 6
      vertex 5.76589 35.7769 4.8
      vertex 5.88238 35.7942 4.8
    endloop
  endfacet
  facet normal -0.427889 0.903831 0
    outer loop
      vertex 6.56568 33.5417 1
      vertex 6.45922 33.4913 3
      vertex 6.56568 33.5417 3
    endloop
  endfacet
  facet normal -0.427889 0.903831 0
    outer loop
      vertex 6.45922 33.4913 3
      vertex 6.56568 33.5417 1
      vertex 6.45922 33.4913 1
    endloop
  endfacet
  facet normal -0.427889 0.903831 0
    outer loop
      vertex 6.56568 33.5417 4.8
      vertex 6.45922 33.4913 6
      vertex 6.56568 33.5417 6
    endloop
  endfacet
  facet normal -0.427889 0.903831 0
    outer loop
      vertex 6.45922 33.4913 6
      vertex 6.56568 33.5417 4.8
      vertex 6.45922 33.4913 4.8
    endloop
  endfacet
  facet normal 0.427889 0.903831 -0
    outer loop
      vertex 5.54078 33.4913 1
      vertex 5.43432 33.5417 3
      vertex 5.54078 33.4913 3
    endloop
  endfacet
  facet normal 0.427889 0.903831 0
    outer loop
      vertex 5.43432 33.5417 3
      vertex 5.54078 33.4913 1
      vertex 5.43432 33.5417 1
    endloop
  endfacet
  facet normal 0.427889 0.903831 -0
    outer loop
      vertex 5.54078 33.4913 4.8
      vertex 5.43432 33.5417 6
      vertex 5.54078 33.4913 6
    endloop
  endfacet
  facet normal 0.427889 0.903831 0
    outer loop
      vertex 5.43432 33.5417 6
      vertex 5.54078 33.4913 4.8
      vertex 5.43432 33.5417 4.8
    endloop
  endfacet
  facet normal -0.336336 -0.941742 0
    outer loop
      vertex 6.34834 35.7483 1
      vertex 6.45922 35.7087 3
      vertex 6.34834 35.7483 3
    endloop
  endfacet
  facet normal -0.336336 -0.941742 -0
    outer loop
      vertex 6.45922 35.7087 3
      vertex 6.34834 35.7483 1
      vertex 6.45922 35.7087 1
    endloop
  endfacet
  facet normal -0.336336 -0.941742 0
    outer loop
      vertex 6.34834 35.7483 4.8
      vertex 6.45922 35.7087 6
      vertex 6.34834 35.7483 6
    endloop
  endfacet
  facet normal -0.336336 -0.941742 -0
    outer loop
      vertex 6.45922 35.7087 6
      vertex 6.34834 35.7483 4.8
      vertex 6.45922 35.7087 4.8
    endloop
  endfacet
  facet normal 0.427889 -0.903831 0
    outer loop
      vertex 5.43432 35.6583 1
      vertex 5.54078 35.7087 3
      vertex 5.43432 35.6583 3
    endloop
  endfacet
  facet normal 0.427889 -0.903831 0
    outer loop
      vertex 5.54078 35.7087 3
      vertex 5.43432 35.6583 1
      vertex 5.54078 35.7087 1
    endloop
  endfacet
  facet normal 0.427889 -0.903831 0
    outer loop
      vertex 5.43432 35.6583 4.8
      vertex 5.54078 35.7087 6
      vertex 5.43432 35.6583 6
    endloop
  endfacet
  facet normal 0.427889 -0.903831 0
    outer loop
      vertex 5.54078 35.7087 6
      vertex 5.43432 35.6583 4.8
      vertex 5.54078 35.7087 4.8
    endloop
  endfacet
  facet normal 0.242875 0.970058 -0
    outer loop
      vertex 5.76589 33.4231 1
      vertex 5.65166 33.4517 3
      vertex 5.76589 33.4231 3
    endloop
  endfacet
  facet normal 0.242875 0.970058 0
    outer loop
      vertex 5.65166 33.4517 3
      vertex 5.76589 33.4231 1
      vertex 5.65166 33.4517 1
    endloop
  endfacet
  facet normal 0.242875 0.970058 -0
    outer loop
      vertex 5.76589 33.4231 4.8
      vertex 5.65166 33.4517 6
      vertex 5.76589 33.4231 6
    endloop
  endfacet
  facet normal 0.242875 0.970058 0
    outer loop
      vertex 5.65166 33.4517 6
      vertex 5.76589 33.4231 4.8
      vertex 5.65166 33.4517 4.8
    endloop
  endfacet
  facet normal 0.242875 -0.970058 0
    outer loop
      vertex 5.65166 35.7483 1
      vertex 5.76589 35.7769 3
      vertex 5.65166 35.7483 3
    endloop
  endfacet
  facet normal 0.242875 -0.970058 0
    outer loop
      vertex 5.76589 35.7769 3
      vertex 5.65166 35.7483 1
      vertex 5.76589 35.7769 1
    endloop
  endfacet
  facet normal 0.242875 -0.970058 0
    outer loop
      vertex 5.65166 35.7483 4.8
      vertex 5.76589 35.7769 6
      vertex 5.65166 35.7483 6
    endloop
  endfacet
  facet normal 0.242875 -0.970058 0
    outer loop
      vertex 5.76589 35.7769 6
      vertex 5.65166 35.7483 4.8
      vertex 5.76589 35.7769 4.8
    endloop
  endfacet
  facet normal -0.904057 -0.427411 0
    outer loop
      vertex 7.10865 35.0592 1
      vertex 7.0583 35.1657 3
      vertex 7.0583 35.1657 1
    endloop
  endfacet
  facet normal -0.904057 -0.427411 0
    outer loop
      vertex 7.0583 35.1657 3
      vertex 7.10865 35.0592 1
      vertex 7.10865 35.0592 3
    endloop
  endfacet
  facet normal -0.904057 -0.427411 0
    outer loop
      vertex 7.10865 35.0592 4.8
      vertex 7.0583 35.1657 6
      vertex 7.0583 35.1657 4.8
    endloop
  endfacet
  facet normal -0.904057 -0.427411 0
    outer loop
      vertex 7.0583 35.1657 6
      vertex 7.10865 35.0592 4.8
      vertex 7.10865 35.0592 6
    endloop
  endfacet
  facet normal -0.904057 0.427411 0
    outer loop
      vertex 7.0583 34.0343 1
      vertex 7.10865 34.1408 3
      vertex 7.10865 34.1408 1
    endloop
  endfacet
  facet normal -0.904057 0.427411 0
    outer loop
      vertex 7.10865 34.1408 3
      vertex 7.0583 34.0343 1
      vertex 7.0583 34.0343 3
    endloop
  endfacet
  facet normal -0.904057 0.427411 0
    outer loop
      vertex 7.0583 34.0343 4.8
      vertex 7.10865 34.1408 6
      vertex 7.10865 34.1408 4.8
    endloop
  endfacet
  facet normal -0.904057 0.427411 0
    outer loop
      vertex 7.10865 34.1408 6
      vertex 7.0583 34.0343 4.8
      vertex 7.0583 34.0343 6
    endloop
  endfacet
  facet normal -0.970022 0.243015 0
    outer loop
      vertex 7.14833 34.2517 1
      vertex 7.17694 34.3659 3
      vertex 7.17694 34.3659 1
    endloop
  endfacet
  facet normal -0.970022 0.243015 0
    outer loop
      vertex 7.17694 34.3659 3
      vertex 7.14833 34.2517 1
      vertex 7.14833 34.2517 3
    endloop
  endfacet
  facet normal -0.970022 0.243015 0
    outer loop
      vertex 7.14833 34.2517 4.8
      vertex 7.17694 34.3659 6
      vertex 7.17694 34.3659 4.8
    endloop
  endfacet
  facet normal -0.970022 0.243015 0
    outer loop
      vertex 7.17694 34.3659 6
      vertex 7.14833 34.2517 4.8
      vertex 7.14833 34.2517 6
    endloop
  endfacet
  facet normal 0.513834 0.85789 -0
    outer loop
      vertex 5.43432 33.5417 1
      vertex 5.33331 33.6022 3
      vertex 5.43432 33.5417 3
    endloop
  endfacet
  facet normal 0.513834 0.85789 0
    outer loop
      vertex 5.33331 33.6022 3
      vertex 5.43432 33.5417 1
      vertex 5.33331 33.6022 1
    endloop
  endfacet
  facet normal 0.513834 0.85789 -0
    outer loop
      vertex 5.43432 33.5417 4.8
      vertex 5.33331 33.6022 6
      vertex 5.43432 33.5417 6
    endloop
  endfacet
  facet normal 0.513834 0.85789 0
    outer loop
      vertex 5.33331 33.6022 6
      vertex 5.43432 33.5417 4.8
      vertex 5.33331 33.6022 4.8
    endloop
  endfacet
  facet normal 0.970022 0.243015 0
    outer loop
      vertex 4.85167 34.2517 3
      vertex 4.82306 34.3659 1
      vertex 4.82306 34.3659 3
    endloop
  endfacet
  facet normal 0.970022 0.243015 0
    outer loop
      vertex 4.82306 34.3659 1
      vertex 4.85167 34.2517 3
      vertex 4.85167 34.2517 1
    endloop
  endfacet
  facet normal 0.970022 0.243015 0
    outer loop
      vertex 4.85167 34.2517 6
      vertex 4.82306 34.3659 4.8
      vertex 4.82306 34.3659 6
    endloop
  endfacet
  facet normal 0.970022 0.243015 0
    outer loop
      vertex 4.82306 34.3659 4.8
      vertex 4.85167 34.2517 6
      vertex 4.85167 34.2517 4.8
    endloop
  endfacet
  facet normal -0.941546 -0.336885 0
    outer loop
      vertex 7.14833 34.9483 1
      vertex 7.10865 35.0592 3
      vertex 7.10865 35.0592 1
    endloop
  endfacet
  facet normal -0.941546 -0.336885 0
    outer loop
      vertex 7.10865 35.0592 3
      vertex 7.14833 34.9483 1
      vertex 7.14833 34.9483 3
    endloop
  endfacet
  facet normal -0.941546 -0.336885 0
    outer loop
      vertex 7.14833 34.9483 4.8
      vertex 7.10865 35.0592 6
      vertex 7.10865 35.0592 4.8
    endloop
  endfacet
  facet normal -0.941546 -0.336885 0
    outer loop
      vertex 7.10865 35.0592 6
      vertex 7.14833 34.9483 4.8
      vertex 7.14833 34.9483 6
    endloop
  endfacet
  facet normal -0.803249 0.595644 0
    outer loop
      vertex 6.92761 33.8387 1
      vertex 6.99776 33.9333 3
      vertex 6.99776 33.9333 1
    endloop
  endfacet
  facet normal -0.803249 0.595644 0
    outer loop
      vertex 6.99776 33.9333 3
      vertex 6.92761 33.8387 1
      vertex 6.92761 33.8387 3
    endloop
  endfacet
  facet normal -0.803249 0.595644 0
    outer loop
      vertex 6.92761 33.8387 4.8
      vertex 6.99776 33.9333 6
      vertex 6.99776 33.9333 4.8
    endloop
  endfacet
  facet normal -0.803249 0.595644 0
    outer loop
      vertex 6.99776 33.9333 6
      vertex 6.92761 33.8387 4.8
      vertex 6.92761 33.8387 6
    endloop
  endfacet
  facet normal 0.970022 -0.243015 0
    outer loop
      vertex 4.82306 34.8341 3
      vertex 4.85167 34.9483 1
      vertex 4.85167 34.9483 3
    endloop
  endfacet
  facet normal 0.970022 -0.243015 0
    outer loop
      vertex 4.85167 34.9483 1
      vertex 4.82306 34.8341 3
      vertex 4.82306 34.8341 1
    endloop
  endfacet
  facet normal 0.970022 -0.243015 0
    outer loop
      vertex 4.82306 34.8341 6
      vertex 4.85167 34.9483 4.8
      vertex 4.85167 34.9483 6
    endloop
  endfacet
  facet normal 0.970022 -0.243015 0
    outer loop
      vertex 4.85167 34.9483 4.8
      vertex 4.82306 34.8341 6
      vertex 4.82306 34.8341 4.8
    endloop
  endfacet
  facet normal 0.989178 0.146721 0
    outer loop
      vertex 4.82306 34.3659 3
      vertex 4.80578 34.4824 1
      vertex 4.80578 34.4824 3
    endloop
  endfacet
  facet normal 0.989178 0.146721 0
    outer loop
      vertex 4.80578 34.4824 1
      vertex 4.82306 34.3659 3
      vertex 4.82306 34.3659 1
    endloop
  endfacet
  facet normal 0.989178 0.146721 0
    outer loop
      vertex 4.82306 34.3659 6
      vertex 4.80578 34.4824 4.8
      vertex 4.80578 34.4824 6
    endloop
  endfacet
  facet normal 0.989178 0.146721 0
    outer loop
      vertex 4.80578 34.4824 4.8
      vertex 4.82306 34.3659 6
      vertex 4.82306 34.3659 4.8
    endloop
  endfacet
  facet normal 0.85768 0.514184 0
    outer loop
      vertex 5.00224 33.9333 3
      vertex 4.94169 34.0343 1
      vertex 4.94169 34.0343 3
    endloop
  endfacet
  facet normal 0.85768 0.514184 0
    outer loop
      vertex 4.94169 34.0343 1
      vertex 5.00224 33.9333 3
      vertex 5.00224 33.9333 1
    endloop
  endfacet
  facet normal 0.85768 0.514184 0
    outer loop
      vertex 5.00224 33.9333 6
      vertex 4.94169 34.0343 4.8
      vertex 4.94169 34.0343 6
    endloop
  endfacet
  facet normal 0.85768 0.514184 0
    outer loop
      vertex 4.94169 34.0343 4.8
      vertex 5.00224 33.9333 6
      vertex 5.00224 33.9333 4.8
    endloop
  endfacet
  facet normal -0.740754 -0.671776 0
    outer loop
      vertex 6.92761 35.3613 1
      vertex 6.84853 35.4485 3
      vertex 6.84853 35.4485 1
    endloop
  endfacet
  facet normal -0.740754 -0.671776 0
    outer loop
      vertex 6.84853 35.4485 3
      vertex 6.92761 35.3613 1
      vertex 6.92761 35.3613 3
    endloop
  endfacet
  facet normal -0.740754 -0.671776 0
    outer loop
      vertex 6.92761 35.3613 4.8
      vertex 6.84853 35.4485 6
      vertex 6.84853 35.4485 4.8
    endloop
  endfacet
  facet normal -0.740754 -0.671776 0
    outer loop
      vertex 6.84853 35.4485 6
      vertex 6.92761 35.3613 4.8
      vertex 6.92761 35.3613 6
    endloop
  endfacet
  facet normal -0.513871 -0.857867 0
    outer loop
      vertex 6.56568 35.6583 1
      vertex 6.66668 35.5978 3
      vertex 6.56568 35.6583 3
    endloop
  endfacet
  facet normal -0.513871 -0.857867 -0
    outer loop
      vertex 6.66668 35.5978 3
      vertex 6.56568 35.6583 1
      vertex 6.66668 35.5978 1
    endloop
  endfacet
  facet normal -0.513871 -0.857867 0
    outer loop
      vertex 6.56568 35.6583 4.8
      vertex 6.66668 35.5978 6
      vertex 6.56568 35.6583 6
    endloop
  endfacet
  facet normal -0.513871 -0.857867 -0
    outer loop
      vertex 6.66668 35.5978 6
      vertex 6.56568 35.6583 4.8
      vertex 6.66668 35.5978 4.8
    endloop
  endfacet
  facet normal 0.904057 0.427411 0
    outer loop
      vertex 4.94169 34.0343 3
      vertex 4.89134 34.1408 1
      vertex 4.89134 34.1408 3
    endloop
  endfacet
  facet normal 0.904057 0.427411 0
    outer loop
      vertex 4.89134 34.1408 1
      vertex 4.94169 34.0343 3
      vertex 4.94169 34.0343 1
    endloop
  endfacet
  facet normal 0.904057 0.427411 0
    outer loop
      vertex 4.94169 34.0343 6
      vertex 4.89134 34.1408 4.8
      vertex 4.89134 34.1408 6
    endloop
  endfacet
  facet normal 0.904057 0.427411 0
    outer loop
      vertex 4.89134 34.1408 4.8
      vertex 4.94169 34.0343 6
      vertex 4.94169 34.0343 4.8
    endloop
  endfacet
  facet normal -0.0492515 -0.998786 0
    outer loop
      vertex 6 35.8 1
      vertex 6.11762 35.7942 3
      vertex 6 35.8 3
    endloop
  endfacet
  facet normal -0.0492515 -0.998786 -0
    outer loop
      vertex 6.11762 35.7942 3
      vertex 6 35.8 1
      vertex 6.11762 35.7942 1
    endloop
  endfacet
  facet normal -0.0492515 -0.998786 0
    outer loop
      vertex 6 35.8 4.8
      vertex 6.11762 35.7942 6
      vertex 6 35.8 6
    endloop
  endfacet
  facet normal -0.0492515 -0.998786 -0
    outer loop
      vertex 6.11762 35.7942 6
      vertex 6 35.8 4.8
      vertex 6.11762 35.7942 4.8
    endloop
  endfacet
  facet normal 0.595999 0.802985 -0
    outer loop
      vertex 5.33331 33.6022 1
      vertex 5.23873 33.6724 3
      vertex 5.33331 33.6022 3
    endloop
  endfacet
  facet normal 0.595999 0.802985 0
    outer loop
      vertex 5.23873 33.6724 3
      vertex 5.33331 33.6022 1
      vertex 5.23873 33.6724 1
    endloop
  endfacet
  facet normal 0.595999 0.802985 -0
    outer loop
      vertex 5.33331 33.6022 4.8
      vertex 5.23873 33.6724 6
      vertex 5.33331 33.6022 6
    endloop
  endfacet
  facet normal 0.595999 0.802985 0
    outer loop
      vertex 5.23873 33.6724 6
      vertex 5.33331 33.6022 4.8
      vertex 5.23873 33.6724 4.8
    endloop
  endfacet
  facet normal -0.671616 -0.7409 0
    outer loop
      vertex 6.76127 35.5276 1
      vertex 6.84853 35.4485 3
      vertex 6.76127 35.5276 3
    endloop
  endfacet
  facet normal -0.671616 -0.7409 -0
    outer loop
      vertex 6.84853 35.4485 3
      vertex 6.76127 35.5276 1
      vertex 6.84853 35.4485 1
    endloop
  endfacet
  facet normal -0.671616 -0.7409 0
    outer loop
      vertex 6.76127 35.5276 4.8
      vertex 6.84853 35.4485 6
      vertex 6.76127 35.5276 6
    endloop
  endfacet
  facet normal -0.671616 -0.7409 -0
    outer loop
      vertex 6.84853 35.4485 6
      vertex 6.76127 35.5276 4.8
      vertex 6.84853 35.4485 4.8
    endloop
  endfacet
  facet normal -0.146899 0.989151 0
    outer loop
      vertex 6.23411 33.4231 1
      vertex 6.11762 33.4058 3
      vertex 6.23411 33.4231 3
    endloop
  endfacet
  facet normal -0.146899 0.989151 0
    outer loop
      vertex 6.11762 33.4058 3
      vertex 6.23411 33.4231 1
      vertex 6.11762 33.4058 1
    endloop
  endfacet
  facet normal -0.146899 0.989151 0
    outer loop
      vertex 6.23411 33.4231 4.8
      vertex 6.11762 33.4058 6
      vertex 6.23411 33.4231 6
    endloop
  endfacet
  facet normal -0.146899 0.989151 0
    outer loop
      vertex 6.11762 33.4058 6
      vertex 6.23411 33.4231 4.8
      vertex 6.11762 33.4058 4.8
    endloop
  endfacet
  facet normal -0.857718 -0.514121 0
    outer loop
      vertex 7.0583 35.1657 1
      vertex 6.99776 35.2667 3
      vertex 6.99776 35.2667 1
    endloop
  endfacet
  facet normal -0.857718 -0.514121 0
    outer loop
      vertex 6.99776 35.2667 3
      vertex 7.0583 35.1657 1
      vertex 7.0583 35.1657 3
    endloop
  endfacet
  facet normal -0.857718 -0.514121 0
    outer loop
      vertex 7.0583 35.1657 4.8
      vertex 6.99776 35.2667 6
      vertex 6.99776 35.2667 4.8
    endloop
  endfacet
  facet normal -0.857718 -0.514121 0
    outer loop
      vertex 6.99776 35.2667 6
      vertex 7.0583 35.1657 4.8
      vertex 7.0583 35.1657 6
    endloop
  endfacet
  facet normal 0.904057 -0.427411 0
    outer loop
      vertex 4.89134 35.0592 3
      vertex 4.94169 35.1657 1
      vertex 4.94169 35.1657 3
    endloop
  endfacet
  facet normal 0.904057 -0.427411 0
    outer loop
      vertex 4.94169 35.1657 1
      vertex 4.89134 35.0592 3
      vertex 4.89134 35.0592 1
    endloop
  endfacet
  facet normal 0.904057 -0.427411 0
    outer loop
      vertex 4.89134 35.0592 6
      vertex 4.94169 35.1657 4.8
      vertex 4.94169 35.1657 6
    endloop
  endfacet
  facet normal 0.904057 -0.427411 0
    outer loop
      vertex 4.94169 35.1657 4.8
      vertex 4.89134 35.0592 6
      vertex 4.89134 35.0592 4.8
    endloop
  endfacet
  facet normal -0.146899 -0.989151 0
    outer loop
      vertex 6.11762 35.7942 1
      vertex 6.23411 35.7769 3
      vertex 6.11762 35.7942 3
    endloop
  endfacet
  facet normal -0.146899 -0.989151 -0
    outer loop
      vertex 6.23411 35.7769 3
      vertex 6.11762 35.7942 1
      vertex 6.23411 35.7769 1
    endloop
  endfacet
  facet normal -0.146899 -0.989151 0
    outer loop
      vertex 6.11762 35.7942 4.8
      vertex 6.23411 35.7769 6
      vertex 6.11762 35.7942 6
    endloop
  endfacet
  facet normal -0.146899 -0.989151 -0
    outer loop
      vertex 6.23411 35.7769 6
      vertex 6.11762 35.7942 4.8
      vertex 6.23411 35.7769 4.8
    endloop
  endfacet
  facet normal 0.336336 -0.941742 0
    outer loop
      vertex 5.54078 35.7087 1
      vertex 5.65166 35.7483 3
      vertex 5.54078 35.7087 3
    endloop
  endfacet
  facet normal 0.336336 -0.941742 0
    outer loop
      vertex 5.65166 35.7483 3
      vertex 5.54078 35.7087 1
      vertex 5.65166 35.7483 1
    endloop
  endfacet
  facet normal 0.336336 -0.941742 0
    outer loop
      vertex 5.54078 35.7087 4.8
      vertex 5.65166 35.7483 6
      vertex 5.54078 35.7087 6
    endloop
  endfacet
  facet normal 0.336336 -0.941742 0
    outer loop
      vertex 5.65166 35.7483 6
      vertex 5.54078 35.7087 4.8
      vertex 5.65166 35.7483 4.8
    endloop
  endfacet
  facet normal 0.998794 0.0490904 0
    outer loop
      vertex 4.80578 34.4824 3
      vertex 4.8 34.6 1
      vertex 4.8 34.6 3
    endloop
  endfacet
  facet normal 0.998794 0.0490904 0
    outer loop
      vertex 4.8 34.6 1
      vertex 4.80578 34.4824 3
      vertex 4.80578 34.4824 1
    endloop
  endfacet
  facet normal 0.998794 0.0490904 0
    outer loop
      vertex 4.80578 34.4824 6
      vertex 4.8 34.6 4.8
      vertex 4.8 34.6 6
    endloop
  endfacet
  facet normal 0.998794 0.0490904 0
    outer loop
      vertex 4.8 34.6 4.8
      vertex 4.80578 34.4824 6
      vertex 4.80578 34.4824 4.8
    endloop
  endfacet
  facet normal 0.0492515 0.998786 -0
    outer loop
      vertex 6 33.4 1
      vertex 5.88238 33.4058 3
      vertex 6 33.4 3
    endloop
  endfacet
  facet normal 0.0492515 0.998786 0
    outer loop
      vertex 5.88238 33.4058 3
      vertex 6 33.4 1
      vertex 5.88238 33.4058 1
    endloop
  endfacet
  facet normal 0.0492515 0.998786 -0
    outer loop
      vertex 6 33.4 4.8
      vertex 5.88238 33.4058 6
      vertex 6 33.4 6
    endloop
  endfacet
  facet normal 0.0492515 0.998786 0
    outer loop
      vertex 5.88238 33.4058 6
      vertex 6 33.4 4.8
      vertex 5.88238 33.4058 4.8
    endloop
  endfacet
  facet normal -0.0492515 0.998786 0
    outer loop
      vertex 6.11762 33.4058 1
      vertex 6 33.4 3
      vertex 6.11762 33.4058 3
    endloop
  endfacet
  facet normal -0.0492515 0.998786 0
    outer loop
      vertex 6 33.4 3
      vertex 6.11762 33.4058 1
      vertex 6 33.4 1
    endloop
  endfacet
  facet normal -0.0492515 0.998786 0
    outer loop
      vertex 6.11762 33.4058 4.8
      vertex 6 33.4 6
      vertex 6.11762 33.4058 6
    endloop
  endfacet
  facet normal -0.0492515 0.998786 0
    outer loop
      vertex 6 33.4 6
      vertex 6.11762 33.4058 4.8
      vertex 6 33.4 4.8
    endloop
  endfacet
  facet normal 0.998794 -0.0490904 0
    outer loop
      vertex 4.8 34.6 3
      vertex 4.80578 34.7176 1
      vertex 4.80578 34.7176 3
    endloop
  endfacet
  facet normal 0.998794 -0.0490904 0
    outer loop
      vertex 4.80578 34.7176 1
      vertex 4.8 34.6 3
      vertex 4.8 34.6 1
    endloop
  endfacet
  facet normal 0.998794 -0.0490904 0
    outer loop
      vertex 4.8 34.6 6
      vertex 4.80578 34.7176 4.8
      vertex 4.80578 34.7176 6
    endloop
  endfacet
  facet normal 0.998794 -0.0490904 0
    outer loop
      vertex 4.80578 34.7176 4.8
      vertex 4.8 34.6 6
      vertex 4.8 34.6 4.8
    endloop
  endfacet
  facet normal 0.671616 -0.7409 0
    outer loop
      vertex 5.15147 35.4485 1
      vertex 5.23873 35.5276 3
      vertex 5.15147 35.4485 3
    endloop
  endfacet
  facet normal 0.671616 -0.7409 0
    outer loop
      vertex 5.23873 35.5276 3
      vertex 5.15147 35.4485 1
      vertex 5.23873 35.5276 1
    endloop
  endfacet
  facet normal 0.671616 -0.7409 0
    outer loop
      vertex 5.15147 35.4485 4.8
      vertex 5.23873 35.5276 6
      vertex 5.15147 35.4485 6
    endloop
  endfacet
  facet normal 0.671616 -0.7409 0
    outer loop
      vertex 5.23873 35.5276 6
      vertex 5.15147 35.4485 4.8
      vertex 5.23873 35.5276 4.8
    endloop
  endfacet
  facet normal 0.740754 0.671776 0
    outer loop
      vertex 5.15147 33.7515 3
      vertex 5.07239 33.8387 1
      vertex 5.07239 33.8387 3
    endloop
  endfacet
  facet normal 0.740754 0.671776 0
    outer loop
      vertex 5.07239 33.8387 1
      vertex 5.15147 33.7515 3
      vertex 5.15147 33.7515 1
    endloop
  endfacet
  facet normal 0.740754 0.671776 0
    outer loop
      vertex 5.15147 33.7515 6
      vertex 5.07239 33.8387 4.8
      vertex 5.07239 33.8387 6
    endloop
  endfacet
  facet normal 0.740754 0.671776 0
    outer loop
      vertex 5.07239 33.8387 4.8
      vertex 5.15147 33.7515 6
      vertex 5.15147 33.7515 4.8
    endloop
  endfacet
  facet normal -0.941546 0.336885 0
    outer loop
      vertex 7.10865 34.1408 1
      vertex 7.14833 34.2517 3
      vertex 7.14833 34.2517 1
    endloop
  endfacet
  facet normal -0.941546 0.336885 0
    outer loop
      vertex 7.14833 34.2517 3
      vertex 7.10865 34.1408 1
      vertex 7.10865 34.1408 3
    endloop
  endfacet
  facet normal -0.941546 0.336885 0
    outer loop
      vertex 7.10865 34.1408 4.8
      vertex 7.14833 34.2517 6
      vertex 7.14833 34.2517 4.8
    endloop
  endfacet
  facet normal -0.941546 0.336885 0
    outer loop
      vertex 7.14833 34.2517 6
      vertex 7.10865 34.1408 4.8
      vertex 7.10865 34.1408 6
    endloop
  endfacet
  facet normal 0.513834 -0.85789 0
    outer loop
      vertex 5.33331 35.5978 1
      vertex 5.43432 35.6583 3
      vertex 5.33331 35.5978 3
    endloop
  endfacet
  facet normal 0.513834 -0.85789 0
    outer loop
      vertex 5.43432 35.6583 3
      vertex 5.33331 35.5978 1
      vertex 5.43432 35.6583 1
    endloop
  endfacet
  facet normal 0.513834 -0.85789 0
    outer loop
      vertex 5.33331 35.5978 4.8
      vertex 5.43432 35.6583 6
      vertex 5.33331 35.5978 6
    endloop
  endfacet
  facet normal 0.513834 -0.85789 0
    outer loop
      vertex 5.43432 35.6583 6
      vertex 5.33331 35.5978 4.8
      vertex 5.43432 35.6583 4.8
    endloop
  endfacet
  facet normal -0.242875 -0.970058 0
    outer loop
      vertex 6.23411 35.7769 1
      vertex 6.34834 35.7483 3
      vertex 6.23411 35.7769 3
    endloop
  endfacet
  facet normal -0.242875 -0.970058 -0
    outer loop
      vertex 6.34834 35.7483 3
      vertex 6.23411 35.7769 1
      vertex 6.34834 35.7483 1
    endloop
  endfacet
  facet normal -0.242875 -0.970058 0
    outer loop
      vertex 6.23411 35.7769 4.8
      vertex 6.34834 35.7483 6
      vertex 6.23411 35.7769 6
    endloop
  endfacet
  facet normal -0.242875 -0.970058 -0
    outer loop
      vertex 6.34834 35.7483 6
      vertex 6.23411 35.7769 4.8
      vertex 6.34834 35.7483 4.8
    endloop
  endfacet
  facet normal 0.941573 0.33681 0
    outer loop
      vertex 4.89134 34.1408 3
      vertex 4.85167 34.2517 1
      vertex 4.85167 34.2517 3
    endloop
  endfacet
  facet normal 0.941573 0.33681 0
    outer loop
      vertex 4.85167 34.2517 1
      vertex 4.89134 34.1408 3
      vertex 4.89134 34.1408 1
    endloop
  endfacet
  facet normal 0.941573 0.33681 0
    outer loop
      vertex 4.89134 34.1408 6
      vertex 4.85167 34.2517 4.8
      vertex 4.85167 34.2517 6
    endloop
  endfacet
  facet normal 0.941573 0.33681 0
    outer loop
      vertex 4.85167 34.2517 4.8
      vertex 4.89134 34.1408 6
      vertex 4.89134 34.1408 4.8
    endloop
  endfacet
  facet normal 0.0492515 -0.998786 0
    outer loop
      vertex 5.88238 35.7942 1
      vertex 6 35.8 3
      vertex 5.88238 35.7942 3
    endloop
  endfacet
  facet normal 0.0492515 -0.998786 0
    outer loop
      vertex 6 35.8 3
      vertex 5.88238 35.7942 1
      vertex 6 35.8 1
    endloop
  endfacet
  facet normal 0.0492515 -0.998786 0
    outer loop
      vertex 5.88238 35.7942 4.8
      vertex 6 35.8 6
      vertex 5.88238 35.7942 6
    endloop
  endfacet
  facet normal 0.0492515 -0.998786 0
    outer loop
      vertex 6 35.8 6
      vertex 5.88238 35.7942 4.8
      vertex 6 35.8 4.8
    endloop
  endfacet
  facet normal 0.595999 -0.802985 0
    outer loop
      vertex 5.23873 35.5276 1
      vertex 5.33331 35.5978 3
      vertex 5.23873 35.5276 3
    endloop
  endfacet
  facet normal 0.595999 -0.802985 0
    outer loop
      vertex 5.33331 35.5978 3
      vertex 5.23873 35.5276 1
      vertex 5.33331 35.5978 1
    endloop
  endfacet
  facet normal 0.595999 -0.802985 0
    outer loop
      vertex 5.23873 35.5276 4.8
      vertex 5.33331 35.5978 6
      vertex 5.23873 35.5276 6
    endloop
  endfacet
  facet normal 0.595999 -0.802985 0
    outer loop
      vertex 5.33331 35.5978 6
      vertex 5.23873 35.5276 4.8
      vertex 5.33331 35.5978 4.8
    endloop
  endfacet
  facet normal 0.336336 0.941742 -0
    outer loop
      vertex 5.65166 33.4517 1
      vertex 5.54078 33.4913 3
      vertex 5.65166 33.4517 3
    endloop
  endfacet
  facet normal 0.336336 0.941742 0
    outer loop
      vertex 5.54078 33.4913 3
      vertex 5.65166 33.4517 1
      vertex 5.54078 33.4913 1
    endloop
  endfacet
  facet normal 0.336336 0.941742 -0
    outer loop
      vertex 5.65166 33.4517 4.8
      vertex 5.54078 33.4913 6
      vertex 5.65166 33.4517 6
    endloop
  endfacet
  facet normal 0.336336 0.941742 0
    outer loop
      vertex 5.54078 33.4913 6
      vertex 5.65166 33.4517 4.8
      vertex 5.54078 33.4913 4.8
    endloop
  endfacet
  facet normal 0 0 1
    outer loop
      vertex 7.19422 34.7176 1
      vertex 7.19422 34.4824 1
      vertex 7.2 34.6 1
    endloop
  endfacet
  facet normal 0 0 1
    outer loop
      vertex 7.17694 34.8341 1
      vertex 7.19422 34.4824 1
      vertex 7.19422 34.7176 1
    endloop
  endfacet
  facet normal 0 0 1
    outer loop
      vertex 7.17694 34.8341 1
      vertex 7.17694 34.3659 1
      vertex 7.19422 34.4824 1
    endloop
  endfacet
  facet normal 0 0 1
    outer loop
      vertex 7.14833 34.9483 1
      vertex 7.17694 34.3659 1
      vertex 7.17694 34.8341 1
    endloop
  endfacet
  facet normal 0 0 1
    outer loop
      vertex 7.14833 34.9483 1
      vertex 7.14833 34.2517 1
      vertex 7.17694 34.3659 1
    endloop
  endfacet
  facet normal 0 0 1
    outer loop
      vertex 7.10865 35.0592 1
      vertex 7.14833 34.2517 1
      vertex 7.14833 34.9483 1
    endloop
  endfacet
  facet normal 0 0 1
    outer loop
      vertex 7.10865 35.0592 1
      vertex 7.10865 34.1408 1
      vertex 7.14833 34.2517 1
    endloop
  endfacet
  facet normal 0 0 1
    outer loop
      vertex 7.0583 35.1657 1
      vertex 7.10865 34.1408 1
      vertex 7.10865 35.0592 1
    endloop
  endfacet
  facet normal 0 0 1
    outer loop
      vertex 7.0583 35.1657 1
      vertex 7.0583 34.0343 1
      vertex 7.10865 34.1408 1
    endloop
  endfacet
  facet normal 0 0 1
    outer loop
      vertex 6.99776 35.2667 1
      vertex 7.0583 34.0343 1
      vertex 7.0583 35.1657 1
    endloop
  endfacet
  facet normal 0 0 1
    outer loop
      vertex 6.99776 35.2667 1
      vertex 6.99776 33.9333 1
      vertex 7.0583 34.0343 1
    endloop
  endfacet
  facet normal 0 0 1
    outer loop
      vertex 6.92761 35.3613 1
      vertex 6.99776 33.9333 1
      vertex 6.99776 35.2667 1
    endloop
  endfacet
  facet normal 0 0 1
    outer loop
      vertex 6.92761 35.3613 1
      vertex 6.92761 33.8387 1
      vertex 6.99776 33.9333 1
    endloop
  endfacet
  facet normal 0 0 1
    outer loop
      vertex 6.84853 35.4485 1
      vertex 6.92761 33.8387 1
      vertex 6.92761 35.3613 1
    endloop
  endfacet
  facet normal 0 0 1
    outer loop
      vertex 6.84853 35.4485 1
      vertex 6.84853 33.7515 1
      vertex 6.92761 33.8387 1
    endloop
  endfacet
  facet normal 0 0 1
    outer loop
      vertex 6.76127 35.5276 1
      vertex 6.84853 33.7515 1
      vertex 6.84853 35.4485 1
    endloop
  endfacet
  facet normal 0 0 1
    outer loop
      vertex 6.76127 35.5276 1
      vertex 6.76127 33.6724 1
      vertex 6.84853 33.7515 1
    endloop
  endfacet
  facet normal 0 0 1
    outer loop
      vertex 6.66668 35.5978 1
      vertex 6.76127 33.6724 1
      vertex 6.76127 35.5276 1
    endloop
  endfacet
  facet normal 0 0 1
    outer loop
      vertex 6.66668 35.5978 1
      vertex 6.66668 33.6022 1
      vertex 6.76127 33.6724 1
    endloop
  endfacet
  facet normal 0 0 1
    outer loop
      vertex 6.56568 35.6583 1
      vertex 6.66668 33.6022 1
      vertex 6.66668 35.5978 1
    endloop
  endfacet
  facet normal 0 0 1
    outer loop
      vertex 6.56568 35.6583 1
      vertex 6.56568 33.5417 1
      vertex 6.66668 33.6022 1
    endloop
  endfacet
  facet normal 0 0 1
    outer loop
      vertex 6.45922 35.7087 1
      vertex 6.56568 33.5417 1
      vertex 6.56568 35.6583 1
    endloop
  endfacet
  facet normal 0 0 1
    outer loop
      vertex 6.45922 35.7087 1
      vertex 6.45922 33.4913 1
      vertex 6.56568 33.5417 1
    endloop
  endfacet
  facet normal 0 0 1
    outer loop
      vertex 6.34834 35.7483 1
      vertex 6.45922 33.4913 1
      vertex 6.45922 35.7087 1
    endloop
  endfacet
  facet normal 0 0 1
    outer loop
      vertex 6.34834 35.7483 1
      vertex 6.34834 33.4517 1
      vertex 6.45922 33.4913 1
    endloop
  endfacet
  facet normal 0 0 1
    outer loop
      vertex 6.23411 35.7769 1
      vertex 6.34834 33.4517 1
      vertex 6.34834 35.7483 1
    endloop
  endfacet
  facet normal 0 0 1
    outer loop
      vertex 6.23411 35.7769 1
      vertex 6.23411 33.4231 1
      vertex 6.34834 33.4517 1
    endloop
  endfacet
  facet normal 0 0 1
    outer loop
      vertex 6.11762 35.7942 1
      vertex 6.23411 33.4231 1
      vertex 6.23411 35.7769 1
    endloop
  endfacet
  facet normal 0 0 1
    outer loop
      vertex 6.11762 35.7942 1
      vertex 6.11762 33.4058 1
      vertex 6.23411 33.4231 1
    endloop
  endfacet
  facet normal 0 0 1
    outer loop
      vertex 6 35.8 1
      vertex 6.11762 33.4058 1
      vertex 6.11762 35.7942 1
    endloop
  endfacet
  facet normal 0 0 1
    outer loop
      vertex 6 35.8 1
      vertex 6 33.4 1
      vertex 6.11762 33.4058 1
    endloop
  endfacet
  facet normal -0 0 1
    outer loop
      vertex 5.88238 35.7942 1
      vertex 6 33.4 1
      vertex 6 35.8 1
    endloop
  endfacet
  facet normal 0 0 1
    outer loop
      vertex 5.88238 35.7942 1
      vertex 5.88238 33.4058 1
      vertex 6 33.4 1
    endloop
  endfacet
  facet normal -0 0 1
    outer loop
      vertex 5.76589 35.7769 1
      vertex 5.88238 33.4058 1
      vertex 5.88238 35.7942 1
    endloop
  endfacet
  facet normal 0 0 1
    outer loop
      vertex 5.76589 35.7769 1
      vertex 5.76589 33.4231 1
      vertex 5.88238 33.4058 1
    endloop
  endfacet
  facet normal -0 0 1
    outer loop
      vertex 5.65166 35.7483 1
      vertex 5.76589 33.4231 1
      vertex 5.76589 35.7769 1
    endloop
  endfacet
  facet normal 0 0 1
    outer loop
      vertex 5.65166 35.7483 1
      vertex 5.65166 33.4517 1
      vertex 5.76589 33.4231 1
    endloop
  endfacet
  facet normal -0 0 1
    outer loop
      vertex 5.54078 35.7087 1
      vertex 5.65166 33.4517 1
      vertex 5.65166 35.7483 1
    endloop
  endfacet
  facet normal 0 0 1
    outer loop
      vertex 5.54078 35.7087 1
      vertex 5.54078 33.4913 1
      vertex 5.65166 33.4517 1
    endloop
  endfacet
  facet normal -0 0 1
    outer loop
      vertex 5.43432 35.6583 1
      vertex 5.54078 33.4913 1
      vertex 5.54078 35.7087 1
    endloop
  endfacet
  facet normal 0 0 1
    outer loop
      vertex 5.43432 35.6583 1
      vertex 5.43432 33.5417 1
      vertex 5.54078 33.4913 1
    endloop
  endfacet
  facet normal -0 0 1
    outer loop
      vertex 5.33331 35.5978 1
      vertex 5.43432 33.5417 1
      vertex 5.43432 35.6583 1
    endloop
  endfacet
  facet normal 0 0 1
    outer loop
      vertex 5.33331 35.5978 1
      vertex 5.33331 33.6022 1
      vertex 5.43432 33.5417 1
    endloop
  endfacet
  facet normal -0 0 1
    outer loop
      vertex 5.23873 35.5276 1
      vertex 5.33331 33.6022 1
      vertex 5.33331 35.5978 1
    endloop
  endfacet
  facet normal 0 0 1
    outer loop
      vertex 5.23873 35.5276 1
      vertex 5.23873 33.6724 1
      vertex 5.33331 33.6022 1
    endloop
  endfacet
  facet normal -0 0 1
    outer loop
      vertex 5.15147 35.4485 1
      vertex 5.23873 33.6724 1
      vertex 5.23873 35.5276 1
    endloop
  endfacet
  facet normal 0 0 1
    outer loop
      vertex 5.15147 35.4485 1
      vertex 5.15147 33.7515 1
      vertex 5.23873 33.6724 1
    endloop
  endfacet
  facet normal -0 0 1
    outer loop
      vertex 5.07239 35.3613 1
      vertex 5.15147 33.7515 1
      vertex 5.15147 35.4485 1
    endloop
  endfacet
  facet normal 0 0 1
    outer loop
      vertex 5.07239 35.3613 1
      vertex 5.07239 33.8387 1
      vertex 5.15147 33.7515 1
    endloop
  endfacet
  facet normal -0 0 1
    outer loop
      vertex 5.00224 35.2667 1
      vertex 5.07239 33.8387 1
      vertex 5.07239 35.3613 1
    endloop
  endfacet
  facet normal 0 0 1
    outer loop
      vertex 5.00224 35.2667 1
      vertex 5.00224 33.9333 1
      vertex 5.07239 33.8387 1
    endloop
  endfacet
  facet normal -0 0 1
    outer loop
      vertex 4.94169 35.1657 1
      vertex 5.00224 33.9333 1
      vertex 5.00224 35.2667 1
    endloop
  endfacet
  facet normal 0 0 1
    outer loop
      vertex 4.94169 35.1657 1
      vertex 4.94169 34.0343 1
      vertex 5.00224 33.9333 1
    endloop
  endfacet
  facet normal -0 0 1
    outer loop
      vertex 4.89134 35.0592 1
      vertex 4.94169 34.0343 1
      vertex 4.94169 35.1657 1
    endloop
  endfacet
  facet normal 0 0 1
    outer loop
      vertex 4.89134 35.0592 1
      vertex 4.89134 34.1408 1
      vertex 4.94169 34.0343 1
    endloop
  endfacet
  facet normal -0 0 1
    outer loop
      vertex 4.85167 34.9483 1
      vertex 4.89134 34.1408 1
      vertex 4.89134 35.0592 1
    endloop
  endfacet
  facet normal 0 0 1
    outer loop
      vertex 4.85167 34.9483 1
      vertex 4.85167 34.2517 1
      vertex 4.89134 34.1408 1
    endloop
  endfacet
  facet normal -0 0 1
    outer loop
      vertex 4.82306 34.8341 1
      vertex 4.85167 34.2517 1
      vertex 4.85167 34.9483 1
    endloop
  endfacet
  facet normal 0 0 1
    outer loop
      vertex 4.82306 34.8341 1
      vertex 4.82306 34.3659 1
      vertex 4.85167 34.2517 1
    endloop
  endfacet
  facet normal -0 0 1
    outer loop
      vertex 4.80578 34.7176 1
      vertex 4.82306 34.3659 1
      vertex 4.82306 34.8341 1
    endloop
  endfacet
  facet normal 0 0 1
    outer loop
      vertex 4.80578 34.7176 1
      vertex 4.80578 34.4824 1
      vertex 4.82306 34.3659 1
    endloop
  endfacet
  facet normal 0 -0 1
    outer loop
      vertex 4.80578 34.4824 1
      vertex 4.80578 34.7176 1
      vertex 4.8 34.6 1
    endloop
  endfacet
  facet normal 0.941573 -0.33681 0
    outer loop
      vertex 4.85167 34.9483 3
      vertex 4.89134 35.0592 1
      vertex 4.89134 35.0592 3
    endloop
  endfacet
  facet normal 0.941573 -0.33681 0
    outer loop
      vertex 4.89134 35.0592 1
      vertex 4.85167 34.9483 3
      vertex 4.85167 34.9483 1
    endloop
  endfacet
  facet normal 0.941573 -0.33681 0
    outer loop
      vertex 4.85167 34.9483 6
      vertex 4.89134 35.0592 4.8
      vertex 4.89134 35.0592 6
    endloop
  endfacet
  facet normal 0.941573 -0.33681 0
    outer loop
      vertex 4.89134 35.0592 4.8
      vertex 4.85167 34.9483 6
      vertex 4.85167 34.9483 4.8
    endloop
  endfacet
  facet normal 0.671616 0.7409 -0
    outer loop
      vertex 5.23873 33.6724 1
      vertex 5.15147 33.7515 3
      vertex 5.23873 33.6724 3
    endloop
  endfacet
  facet normal 0.671616 0.7409 0
    outer loop
      vertex 5.15147 33.7515 3
      vertex 5.23873 33.6724 1
      vertex 5.15147 33.7515 1
    endloop
  endfacet
  facet normal 0.671616 0.7409 -0
    outer loop
      vertex 5.23873 33.6724 4.8
      vertex 5.15147 33.7515 6
      vertex 5.23873 33.6724 6
    endloop
  endfacet
  facet normal 0.671616 0.7409 0
    outer loop
      vertex 5.15147 33.7515 6
      vertex 5.23873 33.6724 4.8
      vertex 5.15147 33.7515 4.8
    endloop
  endfacet
  facet normal -0.740754 0.671776 0
    outer loop
      vertex 6.84853 33.7515 1
      vertex 6.92761 33.8387 3
      vertex 6.92761 33.8387 1
    endloop
  endfacet
  facet normal -0.740754 0.671776 0
    outer loop
      vertex 6.92761 33.8387 3
      vertex 6.84853 33.7515 1
      vertex 6.84853 33.7515 3
    endloop
  endfacet
  facet normal -0.740754 0.671776 0
    outer loop
      vertex 6.84853 33.7515 4.8
      vertex 6.92761 33.8387 6
      vertex 6.92761 33.8387 4.8
    endloop
  endfacet
  facet normal -0.740754 0.671776 0
    outer loop
      vertex 6.92761 33.8387 6
      vertex 6.84853 33.7515 4.8
      vertex 6.84853 33.7515 6
    endloop
  endfacet
  facet normal -0.989178 0.146721 0
    outer loop
      vertex 7.17694 34.3659 1
      vertex 7.19422 34.4824 3
      vertex 7.19422 34.4824 1
    endloop
  endfacet
  facet normal -0.989178 0.146721 0
    outer loop
      vertex 7.19422 34.4824 3
      vertex 7.17694 34.3659 1
      vertex 7.17694 34.3659 3
    endloop
  endfacet
  facet normal -0.989178 0.146721 0
    outer loop
      vertex 7.17694 34.3659 4.8
      vertex 7.19422 34.4824 6
      vertex 7.19422 34.4824 4.8
    endloop
  endfacet
  facet normal -0.989178 0.146721 0
    outer loop
      vertex 7.19422 34.4824 6
      vertex 7.17694 34.3659 4.8
      vertex 7.17694 34.3659 6
    endloop
  endfacet
  facet normal 0.85768 -0.514184 0
    outer loop
      vertex 4.94169 35.1657 3
      vertex 5.00224 35.2667 1
      vertex 5.00224 35.2667 3
    endloop
  endfacet
  facet normal 0.85768 -0.514184 0
    outer loop
      vertex 5.00224 35.2667 1
      vertex 4.94169 35.1657 3
      vertex 4.94169 35.1657 1
    endloop
  endfacet
  facet normal 0.85768 -0.514184 0
    outer loop
      vertex 4.94169 35.1657 6
      vertex 5.00224 35.2667 4.8
      vertex 5.00224 35.2667 6
    endloop
  endfacet
  facet normal 0.85768 -0.514184 0
    outer loop
      vertex 5.00224 35.2667 4.8
      vertex 4.94169 35.1657 6
      vertex 4.94169 35.1657 4.8
    endloop
  endfacet
  facet normal 0.803249 -0.595644 0
    outer loop
      vertex 5.00224 35.2667 3
      vertex 5.07239 35.3613 1
      vertex 5.07239 35.3613 3
    endloop
  endfacet
  facet normal 0.803249 -0.595644 0
    outer loop
      vertex 5.07239 35.3613 1
      vertex 5.00224 35.2667 3
      vertex 5.00224 35.2667 1
    endloop
  endfacet
  facet normal 0.803249 -0.595644 0
    outer loop
      vertex 5.00224 35.2667 6
      vertex 5.07239 35.3613 4.8
      vertex 5.07239 35.3613 6
    endloop
  endfacet
  facet normal 0.803249 -0.595644 0
    outer loop
      vertex 5.07239 35.3613 4.8
      vertex 5.00224 35.2667 6
      vertex 5.00224 35.2667 4.8
    endloop
  endfacet
  facet normal 0.146899 0.989151 -0
    outer loop
      vertex 5.88238 33.4058 1
      vertex 5.76589 33.4231 3
      vertex 5.88238 33.4058 3
    endloop
  endfacet
  facet normal 0.146899 0.989151 0
    outer loop
      vertex 5.76589 33.4231 3
      vertex 5.88238 33.4058 1
      vertex 5.76589 33.4231 1
    endloop
  endfacet
  facet normal 0.146899 0.989151 -0
    outer loop
      vertex 5.88238 33.4058 4.8
      vertex 5.76589 33.4231 6
      vertex 5.88238 33.4058 6
    endloop
  endfacet
  facet normal 0.146899 0.989151 0
    outer loop
      vertex 5.76589 33.4231 6
      vertex 5.88238 33.4058 4.8
      vertex 5.76589 33.4231 4.8
    endloop
  endfacet
  facet normal 0 1 -0
    outer loop
      vertex 9 3.8 3
      vertex 4.72983 3.8 4.8
      vertex 9 3.8 4.8
    endloop
  endfacet
  facet normal 0 1 0
    outer loop
      vertex 4.72983 3.8 4.8
      vertex 9 3.8 3
      vertex 4.72983 3.8 3
    endloop
  endfacet
  facet normal 0 -1 0
    outer loop
      vertex 4.72983 8.2 3
      vertex 8.845 8.2 4.8
      vertex 4.72983 8.2 4.8
    endloop
  endfacet
  facet normal 0 -1 -0
    outer loop
      vertex 8.845 8.2 4.8
      vertex 4.72983 8.2 3
      vertex 8.845 8.2 3
    endloop
  endfacet
  facet normal 0.866026 -0.5 0
    outer loop
      vertex 3.45966 6 4.8
      vertex 4.72983 8.2 3
      vertex 4.72983 8.2 4.8
    endloop
  endfacet
  facet normal 0.866026 -0.5 0
    outer loop
      vertex 4.72983 8.2 3
      vertex 3.45966 6 4.8
      vertex 3.45966 6 3
    endloop
  endfacet
  facet normal 0.866026 0.5 0
    outer loop
      vertex 4.72983 3.8 4.8
      vertex 3.45966 6 3
      vertex 3.45966 6 4.8
    endloop
  endfacet
  facet normal 0.866026 0.5 0
    outer loop
      vertex 3.45966 6 3
      vertex 4.72983 3.8 4.8
      vertex 4.72983 3.8 3
    endloop
  endfacet
  facet normal 0 0 -1
    outer loop
      vertex 9 3.8 4.8
      vertex 8.88208 3.85 4.8
      vertex 9 3.85 4.8
    endloop
  endfacet
  facet normal -0 0 -1
    outer loop
      vertex 9.44498 7.04502 4.8
      vertex 7.14833 6.34834 4.8
      vertex 9.32597 7.37766 4.8
    endloop
  endfacet
  facet normal 0 0 -1
    outer loop
      vertex 8.99329 3.99995 4.8
      vertex 7.19422 5.88238 4.8
      vertex 7.2 6 4.8
    endloop
  endfacet
  facet normal 0 0 -1
    outer loop
      vertex 8.99329 3.99995 4.8
      vertex 7.17694 5.76589 4.8
      vertex 7.19422 5.88238 4.8
    endloop
  endfacet
  facet normal 0 0 -1
    outer loop
      vertex 8.99329 3.99995 4.8
      vertex 7.14833 5.65166 4.8
      vertex 7.17694 5.76589 4.8
    endloop
  endfacet
  facet normal 0 0 -1
    outer loop
      vertex 8.99329 3.99995 4.8
      vertex 7.10865 5.54078 4.8
      vertex 7.14833 5.65166 4.8
    endloop
  endfacet
  facet normal 0 0 -1
    outer loop
      vertex 8.99329 3.99995 4.8
      vertex 7.0583 5.43432 4.8
      vertex 7.10865 5.54078 4.8
    endloop
  endfacet
  facet normal 0 0 -1
    outer loop
      vertex 8.99329 3.99995 4.8
      vertex 6.99776 5.33331 4.8
      vertex 7.0583 5.43432 4.8
    endloop
  endfacet
  facet normal 0 0 -1
    outer loop
      vertex 8.88208 3.85 4.8
      vertex 6.92761 5.23873 4.8
      vertex 6.99776 5.33331 4.8
    endloop
  endfacet
  facet normal 0 0 -1
    outer loop
      vertex 8.88208 3.85 4.8
      vertex 6.84853 5.15147 4.8
      vertex 6.92761 5.23873 4.8
    endloop
  endfacet
  facet normal 0 0 -1
    outer loop
      vertex 8.88208 3.85 4.8
      vertex 6.76127 5.07239 4.8
      vertex 6.84853 5.15147 4.8
    endloop
  endfacet
  facet normal 0 0 -1
    outer loop
      vertex 8.88208 3.85 4.8
      vertex 6.66668 5.00224 4.8
      vertex 6.76127 5.07239 4.8
    endloop
  endfacet
  facet normal 0 0 -1
    outer loop
      vertex 8.88208 3.85 4.8
      vertex 6.56568 4.94169 4.8
      vertex 6.66668 5.00224 4.8
    endloop
  endfacet
  facet normal 0 0 -1
    outer loop
      vertex 8.88208 3.85 4.8
      vertex 6.45922 4.89134 4.8
      vertex 6.56568 4.94169 4.8
    endloop
  endfacet
  facet normal 0 0 -1
    outer loop
      vertex 8.88208 3.85 4.8
      vertex 6.34834 4.85167 4.8
      vertex 6.45922 4.89134 4.8
    endloop
  endfacet
  facet normal 0 0 -1
    outer loop
      vertex 4.72983 3.8 4.8
      vertex 8.88208 3.85 4.8
      vertex 9 3.8 4.8
    endloop
  endfacet
  facet normal 0 0 -1
    outer loop
      vertex 8.88208 3.85 4.8
      vertex 6.23411 4.82306 4.8
      vertex 6.34834 4.85167 4.8
    endloop
  endfacet
  facet normal -0 0 -1
    outer loop
      vertex 8.88208 3.85 4.8
      vertex 4.72983 3.8 4.8
      vertex 6.23411 4.82306 4.8
    endloop
  endfacet
  facet normal 0 0 -1
    outer loop
      vertex 6.23411 4.82306 4.8
      vertex 4.72983 3.8 4.8
      vertex 6.11762 4.80578 4.8
    endloop
  endfacet
  facet normal 0 0 -1
    outer loop
      vertex 6.11762 4.80578 4.8
      vertex 4.72983 3.8 4.8
      vertex 6 4.8 4.8
    endloop
  endfacet
  facet normal -0 0 -1
    outer loop
      vertex 6 4.8 4.8
      vertex 4.72983 3.8 4.8
      vertex 5.88238 4.80578 4.8
    endloop
  endfacet
  facet normal -0 0 -1
    outer loop
      vertex 5.88238 4.80578 4.8
      vertex 4.72983 3.8 4.8
      vertex 5.76589 4.82306 4.8
    endloop
  endfacet
  facet normal 0 0 -1
    outer loop
      vertex 4.82306 5.76589 4.8
      vertex 3.45966 6 4.8
      vertex 4.80578 5.88238 4.8
    endloop
  endfacet
  facet normal 0 0 -1
    outer loop
      vertex 4.85167 5.65166 4.8
      vertex 3.45966 6 4.8
      vertex 4.82306 5.76589 4.8
    endloop
  endfacet
  facet normal 0 0 -1
    outer loop
      vertex 4.89134 5.54078 4.8
      vertex 3.45966 6 4.8
      vertex 4.85167 5.65166 4.8
    endloop
  endfacet
  facet normal 0 0 -1
    outer loop
      vertex 4.94169 5.43432 4.8
      vertex 3.45966 6 4.8
      vertex 4.89134 5.54078 4.8
    endloop
  endfacet
  facet normal 0 0 -1
    outer loop
      vertex 3.45966 6 4.8
      vertex 4.94169 5.43432 4.8
      vertex 4.72983 3.8 4.8
    endloop
  endfacet
  facet normal -0 0 -1
    outer loop
      vertex 5.00224 5.33331 4.8
      vertex 4.72983 3.8 4.8
      vertex 4.94169 5.43432 4.8
    endloop
  endfacet
  facet normal -0 0 -1
    outer loop
      vertex 5.07239 5.23873 4.8
      vertex 4.72983 3.8 4.8
      vertex 5.00224 5.33331 4.8
    endloop
  endfacet
  facet normal -0 0 -1
    outer loop
      vertex 5.15147 5.15147 4.8
      vertex 4.72983 3.8 4.8
      vertex 5.07239 5.23873 4.8
    endloop
  endfacet
  facet normal -0 0 -1
    outer loop
      vertex 5.23873 5.07239 4.8
      vertex 4.72983 3.8 4.8
      vertex 5.15147 5.15147 4.8
    endloop
  endfacet
  facet normal -0 0 -1
    outer loop
      vertex 5.33331 5.00224 4.8
      vertex 4.72983 3.8 4.8
      vertex 5.23873 5.07239 4.8
    endloop
  endfacet
  facet normal -0 0 -1
    outer loop
      vertex 5.43432 4.94169 4.8
      vertex 4.72983 3.8 4.8
      vertex 5.33331 5.00224 4.8
    endloop
  endfacet
  facet normal -0 0 -1
    outer loop
      vertex 5.54078 4.89134 4.8
      vertex 4.72983 3.8 4.8
      vertex 5.43432 4.94169 4.8
    endloop
  endfacet
  facet normal -0 0 -1
    outer loop
      vertex 5.65166 4.85167 4.8
      vertex 4.72983 3.8 4.8
      vertex 5.54078 4.89134 4.8
    endloop
  endfacet
  facet normal -0 0 -1
    outer loop
      vertex 5.76589 4.82306 4.8
      vertex 4.72983 3.8 4.8
      vertex 5.65166 4.85167 4.8
    endloop
  endfacet
  facet normal 0 0 -1
    outer loop
      vertex 7.2 6 4.8
      vertex 9.6 6 4.8
      vertex 9.58266 5.64714 4.8
    endloop
  endfacet
  facet normal 0 0 -1
    outer loop
      vertex 7.2 6 4.8
      vertex 9.58266 5.64714 4.8
      vertex 9.53083 5.29768 4.8
    endloop
  endfacet
  facet normal 0 0 -1
    outer loop
      vertex 9.6 6 4.8
      vertex 7.2 6 4.8
      vertex 9.58266 6.35286 4.8
    endloop
  endfacet
  facet normal 0 0 -1
    outer loop
      vertex 7.2 6 4.8
      vertex 9.53083 5.29768 4.8
      vertex 9.44498 4.95498 4.8
    endloop
  endfacet
  facet normal 0 0 -1
    outer loop
      vertex 7.19422 6.11762 4.8
      vertex 9.58266 6.35286 4.8
      vertex 7.2 6 4.8
    endloop
  endfacet
  facet normal 0 0 -1
    outer loop
      vertex 7.2 6 4.8
      vertex 9.44498 4.95498 4.8
      vertex 9.32597 4.62234 4.8
    endloop
  endfacet
  facet normal -0 0 -1
    outer loop
      vertex 9.58266 6.35286 4.8
      vertex 7.19422 6.11762 4.8
      vertex 9.53083 6.70232 4.8
    endloop
  endfacet
  facet normal 0 0 -1
    outer loop
      vertex 7.2 6 4.8
      vertex 9.32597 4.62234 4.8
      vertex 9.17492 4.30297 4.8
    endloop
  endfacet
  facet normal 0 0 -1
    outer loop
      vertex 7.17694 6.23411 4.8
      vertex 9.53083 6.70232 4.8
      vertex 7.19422 6.11762 4.8
    endloop
  endfacet
  facet normal 0 0 -1
    outer loop
      vertex 6.99776 5.33331 4.8
      vertex 8.99329 3.99995 4.8
      vertex 8.88208 3.85 4.8
    endloop
  endfacet
  facet normal 0 0 -1
    outer loop
      vertex 8.99329 3.99995 4.8
      vertex 7.2 6 4.8
      vertex 9.17492 4.30297 4.8
    endloop
  endfacet
  facet normal -0 0 -1
    outer loop
      vertex 9.53083 6.70232 4.8
      vertex 7.17694 6.23411 4.8
      vertex 9.44498 7.04502 4.8
    endloop
  endfacet
  facet normal 0 0 -1
    outer loop
      vertex 7.14833 6.34834 4.8
      vertex 9.44498 7.04502 4.8
      vertex 7.17694 6.23411 4.8
    endloop
  endfacet
  facet normal 0 0 -1
    outer loop
      vertex 7.10865 6.45922 4.8
      vertex 9.32597 7.37766 4.8
      vertex 7.14833 6.34834 4.8
    endloop
  endfacet
  facet normal -0 0 -1
    outer loop
      vertex 9.32597 7.37766 4.8
      vertex 7.10865 6.45922 4.8
      vertex 9.17492 7.69703 4.8
    endloop
  endfacet
  facet normal 0 0 -1
    outer loop
      vertex 7.0583 6.56568 4.8
      vertex 9.17492 7.69703 4.8
      vertex 7.10865 6.45922 4.8
    endloop
  endfacet
  facet normal -0 0 -1
    outer loop
      vertex 9.17492 7.69703 4.8
      vertex 7.0583 6.56568 4.8
      vertex 8.99329 8.00005 4.8
    endloop
  endfacet
  facet normal 0 0 -1
    outer loop
      vertex 6.99776 6.66668 4.8
      vertex 8.99329 8.00005 4.8
      vertex 7.0583 6.56568 4.8
    endloop
  endfacet
  facet normal -0 0 -1
    outer loop
      vertex 8.99329 8.00005 4.8
      vertex 6.99776 6.66668 4.8
      vertex 8.845 8.2 4.8
    endloop
  endfacet
  facet normal 0 0 -1
    outer loop
      vertex 6.92761 6.76127 4.8
      vertex 8.845 8.2 4.8
      vertex 6.99776 6.66668 4.8
    endloop
  endfacet
  facet normal 0 0 -1
    outer loop
      vertex 6.84853 6.84853 4.8
      vertex 8.845 8.2 4.8
      vertex 6.92761 6.76127 4.8
    endloop
  endfacet
  facet normal 0 0 -1
    outer loop
      vertex 6.76127 6.92761 4.8
      vertex 8.845 8.2 4.8
      vertex 6.84853 6.84853 4.8
    endloop
  endfacet
  facet normal 0 0 -1
    outer loop
      vertex 6.66668 6.99776 4.8
      vertex 8.845 8.2 4.8
      vertex 6.76127 6.92761 4.8
    endloop
  endfacet
  facet normal 0 0 -1
    outer loop
      vertex 6.56568 7.0583 4.8
      vertex 8.845 8.2 4.8
      vertex 6.66668 6.99776 4.8
    endloop
  endfacet
  facet normal 0 0 -1
    outer loop
      vertex 6.45922 7.10865 4.8
      vertex 8.845 8.2 4.8
      vertex 6.56568 7.0583 4.8
    endloop
  endfacet
  facet normal 0 0 -1
    outer loop
      vertex 6.34834 7.14833 4.8
      vertex 8.845 8.2 4.8
      vertex 6.45922 7.10865 4.8
    endloop
  endfacet
  facet normal 0 0 -1
    outer loop
      vertex 6.23411 7.17694 4.8
      vertex 8.845 8.2 4.8
      vertex 6.34834 7.14833 4.8
    endloop
  endfacet
  facet normal 0 0 -1
    outer loop
      vertex 4.72983 8.2 4.8
      vertex 6.23411 7.17694 4.8
      vertex 6.11762 7.19422 4.8
    endloop
  endfacet
  facet normal 0 0 -1
    outer loop
      vertex 4.72983 8.2 4.8
      vertex 6.11762 7.19422 4.8
      vertex 6 7.2 4.8
    endloop
  endfacet
  facet normal 0 0 -1
    outer loop
      vertex 4.72983 8.2 4.8
      vertex 6 7.2 4.8
      vertex 5.88238 7.19422 4.8
    endloop
  endfacet
  facet normal 0 0 -1
    outer loop
      vertex 4.72983 8.2 4.8
      vertex 5.88238 7.19422 4.8
      vertex 5.76589 7.17694 4.8
    endloop
  endfacet
  facet normal 0 0 -1
    outer loop
      vertex 4.72983 8.2 4.8
      vertex 5.76589 7.17694 4.8
      vertex 5.65166 7.14833 4.8
    endloop
  endfacet
  facet normal 0 0 -1
    outer loop
      vertex 6.23411 7.17694 4.8
      vertex 4.72983 8.2 4.8
      vertex 8.845 8.2 4.8
    endloop
  endfacet
  facet normal 0 0 -1
    outer loop
      vertex 5.54078 7.10865 4.8
      vertex 4.72983 8.2 4.8
      vertex 5.65166 7.14833 4.8
    endloop
  endfacet
  facet normal 0 0 -1
    outer loop
      vertex 5.43432 7.0583 4.8
      vertex 4.72983 8.2 4.8
      vertex 5.54078 7.10865 4.8
    endloop
  endfacet
  facet normal 0 0 -1
    outer loop
      vertex 5.33331 6.99776 4.8
      vertex 4.72983 8.2 4.8
      vertex 5.43432 7.0583 4.8
    endloop
  endfacet
  facet normal 0 0 -1
    outer loop
      vertex 5.23873 6.92761 4.8
      vertex 4.72983 8.2 4.8
      vertex 5.33331 6.99776 4.8
    endloop
  endfacet
  facet normal 0 0 -1
    outer loop
      vertex 5.15147 6.84853 4.8
      vertex 4.72983 8.2 4.8
      vertex 5.23873 6.92761 4.8
    endloop
  endfacet
  facet normal 0 0 -1
    outer loop
      vertex 5.07239 6.76127 4.8
      vertex 4.72983 8.2 4.8
      vertex 5.15147 6.84853 4.8
    endloop
  endfacet
  facet normal 0 0 -1
    outer loop
      vertex 5.00224 6.66668 4.8
      vertex 4.72983 8.2 4.8
      vertex 5.07239 6.76127 4.8
    endloop
  endfacet
  facet normal 0 0 -1
    outer loop
      vertex 4.94169 6.56568 4.8
      vertex 4.72983 8.2 4.8
      vertex 5.00224 6.66668 4.8
    endloop
  endfacet
  facet normal 0 0 -1
    outer loop
      vertex 3.45966 6 4.8
      vertex 4.94169 6.56568 4.8
      vertex 4.89134 6.45922 4.8
    endloop
  endfacet
  facet normal 0 0 -1
    outer loop
      vertex 3.45966 6 4.8
      vertex 4.89134 6.45922 4.8
      vertex 4.85167 6.34834 4.8
    endloop
  endfacet
  facet normal 0 0 -1
    outer loop
      vertex 3.45966 6 4.8
      vertex 4.85167 6.34834 4.8
      vertex 4.82306 6.23411 4.8
    endloop
  endfacet
  facet normal 0 0 -1
    outer loop
      vertex 3.45966 6 4.8
      vertex 4.82306 6.23411 4.8
      vertex 4.80578 6.11762 4.8
    endloop
  endfacet
  facet normal 0 0 -1
    outer loop
      vertex 3.45966 6 4.8
      vertex 4.80578 6.11762 4.8
      vertex 4.8 6 4.8
    endloop
  endfacet
  facet normal 0 0 -1
    outer loop
      vertex 4.80578 5.88238 4.8
      vertex 3.45966 6 4.8
      vertex 4.8 6 4.8
    endloop
  endfacet
  facet normal -0 0 -1
    outer loop
      vertex 4.94169 6.56568 4.8
      vertex 3.45966 6 4.8
      vertex 4.72983 8.2 4.8
    endloop
  endfacet
  facet normal 0 0 1
    outer loop
      vertex 7.2 6 3
      vertex 9.6 6 3
      vertex 9.58266 6.35286 3
    endloop
  endfacet
  facet normal 0 0 1
    outer loop
      vertex 7.19422 6.11762 3
      vertex 9.58266 6.35286 3
      vertex 9.53083 6.70232 3
    endloop
  endfacet
  facet normal 0 0 1
    outer loop
      vertex 9.6 6 3
      vertex 7.2 6 3
      vertex 9.58266 5.64714 3
    endloop
  endfacet
  facet normal 0 0 1
    outer loop
      vertex 7.17694 6.23411 3
      vertex 9.53083 6.70232 3
      vertex 9.44498 7.04502 3
    endloop
  endfacet
  facet normal -0 0 1
    outer loop
      vertex 7.19422 5.88238 3
      vertex 9.58266 5.64714 3
      vertex 7.2 6 3
    endloop
  endfacet
  facet normal 0 0 1
    outer loop
      vertex 7.14833 6.34834 3
      vertex 9.44498 7.04502 3
      vertex 9.32597 7.37766 3
    endloop
  endfacet
  facet normal 0 0 1
    outer loop
      vertex 9.58266 5.64714 3
      vertex 7.19422 5.88238 3
      vertex 9.53083 5.29768 3
    endloop
  endfacet
  facet normal 0 0 1
    outer loop
      vertex 7.10865 6.45922 3
      vertex 9.32597 7.37766 3
      vertex 9.17492 7.69703 3
    endloop
  endfacet
  facet normal -0 0 1
    outer loop
      vertex 7.17694 5.76589 3
      vertex 9.53083 5.29768 3
      vertex 7.19422 5.88238 3
    endloop
  endfacet
  facet normal 0 0 1
    outer loop
      vertex 7.0583 6.56568 3
      vertex 9.17492 7.69703 3
      vertex 8.99329 8.00005 3
    endloop
  endfacet
  facet normal 0 0 1
    outer loop
      vertex 9.53083 5.29768 3
      vertex 7.17694 5.76589 3
      vertex 9.44498 4.95498 3
    endloop
  endfacet
  facet normal -0 0 1
    outer loop
      vertex 7.14833 5.65166 3
      vertex 9.44498 4.95498 3
      vertex 7.17694 5.76589 3
    endloop
  endfacet
  facet normal 0 0 1
    outer loop
      vertex 6.99776 6.66668 3
      vertex 8.99329 8.00005 3
      vertex 8.845 8.2 3
    endloop
  endfacet
  facet normal -0 0 1
    outer loop
      vertex 8.88208 3.85 3
      vertex 9 3.8 3
      vertex 9 3.85 3
    endloop
  endfacet
  facet normal 0 0 1
    outer loop
      vertex 9.44498 4.95498 3
      vertex 7.14833 5.65166 3
      vertex 9.32597 4.62234 3
    endloop
  endfacet
  facet normal -0 0 1
    outer loop
      vertex 7.10865 5.54078 3
      vertex 9.32597 4.62234 3
      vertex 7.14833 5.65166 3
    endloop
  endfacet
  facet normal 0 0 1
    outer loop
      vertex 9.32597 4.62234 3
      vertex 7.10865 5.54078 3
      vertex 9.17492 4.30297 3
    endloop
  endfacet
  facet normal -0 0 1
    outer loop
      vertex 7.0583 5.43432 3
      vertex 9.17492 4.30297 3
      vertex 7.10865 5.54078 3
    endloop
  endfacet
  facet normal 0 0 1
    outer loop
      vertex 9.17492 4.30297 3
      vertex 7.0583 5.43432 3
      vertex 8.99329 3.99995 3
    endloop
  endfacet
  facet normal -0 0 1
    outer loop
      vertex 6.99776 5.33331 3
      vertex 8.99329 3.99995 3
      vertex 7.0583 5.43432 3
    endloop
  endfacet
  facet normal 0 0 1
    outer loop
      vertex 8.99329 3.99995 3
      vertex 6.99776 5.33331 3
      vertex 8.88208 3.85 3
    endloop
  endfacet
  facet normal -0 0 1
    outer loop
      vertex 6.92761 5.23873 3
      vertex 8.88208 3.85 3
      vertex 6.99776 5.33331 3
    endloop
  endfacet
  facet normal -0 0 1
    outer loop
      vertex 6.84853 5.15147 3
      vertex 8.88208 3.85 3
      vertex 6.92761 5.23873 3
    endloop
  endfacet
  facet normal -0 0 1
    outer loop
      vertex 6.76127 5.07239 3
      vertex 8.88208 3.85 3
      vertex 6.84853 5.15147 3
    endloop
  endfacet
  facet normal -0 0 1
    outer loop
      vertex 6.66668 5.00224 3
      vertex 8.88208 3.85 3
      vertex 6.76127 5.07239 3
    endloop
  endfacet
  facet normal -0 0 1
    outer loop
      vertex 6.56568 4.94169 3
      vertex 8.88208 3.85 3
      vertex 6.66668 5.00224 3
    endloop
  endfacet
  facet normal -0 0 1
    outer loop
      vertex 6.45922 4.89134 3
      vertex 8.88208 3.85 3
      vertex 6.56568 4.94169 3
    endloop
  endfacet
  facet normal -0 0 1
    outer loop
      vertex 6.34834 4.85167 3
      vertex 8.88208 3.85 3
      vertex 6.45922 4.89134 3
    endloop
  endfacet
  facet normal -0 0 1
    outer loop
      vertex 6.23411 4.82306 3
      vertex 8.88208 3.85 3
      vertex 6.34834 4.85167 3
    endloop
  endfacet
  facet normal 0 0 1
    outer loop
      vertex 4.72983 3.8 3
      vertex 8.88208 3.85 3
      vertex 6.23411 4.82306 3
    endloop
  endfacet
  facet normal 0 0 1
    outer loop
      vertex 4.72983 3.8 3
      vertex 6.23411 4.82306 3
      vertex 6.11762 4.80578 3
    endloop
  endfacet
  facet normal 0 0 1
    outer loop
      vertex 4.72983 3.8 3
      vertex 6.11762 4.80578 3
      vertex 6 4.8 3
    endloop
  endfacet
  facet normal 0 0 1
    outer loop
      vertex 4.72983 3.8 3
      vertex 6 4.8 3
      vertex 5.88238 4.80578 3
    endloop
  endfacet
  facet normal 0 0 1
    outer loop
      vertex 4.72983 3.8 3
      vertex 5.88238 4.80578 3
      vertex 5.76589 4.82306 3
    endloop
  endfacet
  facet normal 0 0 1
    outer loop
      vertex 4.72983 3.8 3
      vertex 5.76589 4.82306 3
      vertex 5.65166 4.85167 3
    endloop
  endfacet
  facet normal 0 0 1
    outer loop
      vertex 8.88208 3.85 3
      vertex 4.72983 3.8 3
      vertex 9 3.8 3
    endloop
  endfacet
  facet normal 0 0 1
    outer loop
      vertex 5.54078 4.89134 3
      vertex 4.72983 3.8 3
      vertex 5.65166 4.85167 3
    endloop
  endfacet
  facet normal 0 0 1
    outer loop
      vertex 5.43432 4.94169 3
      vertex 4.72983 3.8 3
      vertex 5.54078 4.89134 3
    endloop
  endfacet
  facet normal 0 0 1
    outer loop
      vertex 5.33331 5.00224 3
      vertex 4.72983 3.8 3
      vertex 5.43432 4.94169 3
    endloop
  endfacet
  facet normal 0 0 1
    outer loop
      vertex 5.23873 5.07239 3
      vertex 4.72983 3.8 3
      vertex 5.33331 5.00224 3
    endloop
  endfacet
  facet normal 0 0 1
    outer loop
      vertex 5.15147 5.15147 3
      vertex 4.72983 3.8 3
      vertex 5.23873 5.07239 3
    endloop
  endfacet
  facet normal 0 0 1
    outer loop
      vertex 5.07239 5.23873 3
      vertex 4.72983 3.8 3
      vertex 5.15147 5.15147 3
    endloop
  endfacet
  facet normal 0 0 1
    outer loop
      vertex 5.00224 5.33331 3
      vertex 4.72983 3.8 3
      vertex 5.07239 5.23873 3
    endloop
  endfacet
  facet normal 0 0 1
    outer loop
      vertex 4.94169 5.43432 3
      vertex 4.72983 3.8 3
      vertex 5.00224 5.33331 3
    endloop
  endfacet
  facet normal 0 0 1
    outer loop
      vertex 3.45966 6 3
      vertex 4.94169 5.43432 3
      vertex 4.89134 5.54078 3
    endloop
  endfacet
  facet normal 0 0 1
    outer loop
      vertex 3.45966 6 3
      vertex 4.89134 5.54078 3
      vertex 4.85167 5.65166 3
    endloop
  endfacet
  facet normal 0 0 1
    outer loop
      vertex 3.45966 6 3
      vertex 4.85167 5.65166 3
      vertex 4.82306 5.76589 3
    endloop
  endfacet
  facet normal 0 0 1
    outer loop
      vertex 3.45966 6 3
      vertex 4.82306 5.76589 3
      vertex 4.80578 5.88238 3
    endloop
  endfacet
  facet normal -0 0 1
    outer loop
      vertex 3.45966 6 3
      vertex 4.80578 5.88238 3
      vertex 4.8 6 3
    endloop
  endfacet
  facet normal 0 0 1
    outer loop
      vertex 4.80578 6.11762 3
      vertex 3.45966 6 3
      vertex 4.8 6 3
    endloop
  endfacet
  facet normal 0 0 1
    outer loop
      vertex 4.94169 5.43432 3
      vertex 3.45966 6 3
      vertex 4.72983 3.8 3
    endloop
  endfacet
  facet normal 0 0 1
    outer loop
      vertex 9.58266 6.35286 3
      vertex 7.19422 6.11762 3
      vertex 7.2 6 3
    endloop
  endfacet
  facet normal 0 0 1
    outer loop
      vertex 9.53083 6.70232 3
      vertex 7.17694 6.23411 3
      vertex 7.19422 6.11762 3
    endloop
  endfacet
  facet normal 0 0 1
    outer loop
      vertex 9.44498 7.04502 3
      vertex 7.14833 6.34834 3
      vertex 7.17694 6.23411 3
    endloop
  endfacet
  facet normal 0 0 1
    outer loop
      vertex 9.32597 7.37766 3
      vertex 7.10865 6.45922 3
      vertex 7.14833 6.34834 3
    endloop
  endfacet
  facet normal 0 0 1
    outer loop
      vertex 9.17492 7.69703 3
      vertex 7.0583 6.56568 3
      vertex 7.10865 6.45922 3
    endloop
  endfacet
  facet normal 0 0 1
    outer loop
      vertex 8.99329 8.00005 3
      vertex 6.99776 6.66668 3
      vertex 7.0583 6.56568 3
    endloop
  endfacet
  facet normal 0 0 1
    outer loop
      vertex 8.845 8.2 3
      vertex 6.92761 6.76127 3
      vertex 6.99776 6.66668 3
    endloop
  endfacet
  facet normal 0 0 1
    outer loop
      vertex 8.845 8.2 3
      vertex 6.84853 6.84853 3
      vertex 6.92761 6.76127 3
    endloop
  endfacet
  facet normal 0 0 1
    outer loop
      vertex 8.845 8.2 3
      vertex 6.76127 6.92761 3
      vertex 6.84853 6.84853 3
    endloop
  endfacet
  facet normal 0 0 1
    outer loop
      vertex 8.845 8.2 3
      vertex 6.66668 6.99776 3
      vertex 6.76127 6.92761 3
    endloop
  endfacet
  facet normal 0 0 1
    outer loop
      vertex 8.845 8.2 3
      vertex 6.56568 7.0583 3
      vertex 6.66668 6.99776 3
    endloop
  endfacet
  facet normal 0 0 1
    outer loop
      vertex 8.845 8.2 3
      vertex 6.45922 7.10865 3
      vertex 6.56568 7.0583 3
    endloop
  endfacet
  facet normal 0 0 1
    outer loop
      vertex 8.845 8.2 3
      vertex 6.34834 7.14833 3
      vertex 6.45922 7.10865 3
    endloop
  endfacet
  facet normal 0 0 1
    outer loop
      vertex 8.845 8.2 3
      vertex 6.23411 7.17694 3
      vertex 6.34834 7.14833 3
    endloop
  endfacet
  facet normal -0 0 1
    outer loop
      vertex 4.72983 8.2 3
      vertex 6.23411 7.17694 3
      vertex 8.845 8.2 3
    endloop
  endfacet
  facet normal 0 0 1
    outer loop
      vertex 6.23411 7.17694 3
      vertex 4.72983 8.2 3
      vertex 6.11762 7.19422 3
    endloop
  endfacet
  facet normal 0 0 1
    outer loop
      vertex 6.11762 7.19422 3
      vertex 4.72983 8.2 3
      vertex 6 7.2 3
    endloop
  endfacet
  facet normal 0 0 1
    outer loop
      vertex 6 7.2 3
      vertex 4.72983 8.2 3
      vertex 5.88238 7.19422 3
    endloop
  endfacet
  facet normal 0 0 1
    outer loop
      vertex 5.88238 7.19422 3
      vertex 4.72983 8.2 3
      vertex 5.76589 7.17694 3
    endloop
  endfacet
  facet normal 0 0 1
    outer loop
      vertex 4.82306 6.23411 3
      vertex 3.45966 6 3
      vertex 4.80578 6.11762 3
    endloop
  endfacet
  facet normal 0 0 1
    outer loop
      vertex 4.85167 6.34834 3
      vertex 3.45966 6 3
      vertex 4.82306 6.23411 3
    endloop
  endfacet
  facet normal 0 0 1
    outer loop
      vertex 4.89134 6.45922 3
      vertex 3.45966 6 3
      vertex 4.85167 6.34834 3
    endloop
  endfacet
  facet normal 0 0 1
    outer loop
      vertex 4.94169 6.56568 3
      vertex 3.45966 6 3
      vertex 4.89134 6.45922 3
    endloop
  endfacet
  facet normal 0 0 1
    outer loop
      vertex 3.45966 6 3
      vertex 4.94169 6.56568 3
      vertex 4.72983 8.2 3
    endloop
  endfacet
  facet normal 0 0 1
    outer loop
      vertex 5.00224 6.66668 3
      vertex 4.72983 8.2 3
      vertex 4.94169 6.56568 3
    endloop
  endfacet
  facet normal 0 0 1
    outer loop
      vertex 5.07239 6.76127 3
      vertex 4.72983 8.2 3
      vertex 5.00224 6.66668 3
    endloop
  endfacet
  facet normal 0 0 1
    outer loop
      vertex 5.15147 6.84853 3
      vertex 4.72983 8.2 3
      vertex 5.07239 6.76127 3
    endloop
  endfacet
  facet normal 0 0 1
    outer loop
      vertex 5.23873 6.92761 3
      vertex 4.72983 8.2 3
      vertex 5.15147 6.84853 3
    endloop
  endfacet
  facet normal 0 0 1
    outer loop
      vertex 5.33331 6.99776 3
      vertex 4.72983 8.2 3
      vertex 5.23873 6.92761 3
    endloop
  endfacet
  facet normal 0 0 1
    outer loop
      vertex 5.43432 7.0583 3
      vertex 4.72983 8.2 3
      vertex 5.33331 6.99776 3
    endloop
  endfacet
  facet normal 0 0 1
    outer loop
      vertex 5.54078 7.10865 3
      vertex 4.72983 8.2 3
      vertex 5.43432 7.0583 3
    endloop
  endfacet
  facet normal 0 0 1
    outer loop
      vertex 5.65166 7.14833 3
      vertex 4.72983 8.2 3
      vertex 5.54078 7.10865 3
    endloop
  endfacet
  facet normal 0 0 1
    outer loop
      vertex 5.76589 7.17694 3
      vertex 4.72983 8.2 3
      vertex 5.65166 7.14833 3
    endloop
  endfacet
  facet normal 0 -1 0
    outer loop
      vertex 71.155 8.2 3
      vertex 75.2702 8.2 4.8
      vertex 71.155 8.2 4.8
    endloop
  endfacet
  facet normal 0 -1 -0
    outer loop
      vertex 75.2702 8.2 4.8
      vertex 71.155 8.2 3
      vertex 75.2702 8.2 3
    endloop
  endfacet
  facet normal 0 1 -0
    outer loop
      vertex 75.2702 3.8 3
      vertex 71 3.8 4.8
      vertex 75.2702 3.8 4.8
    endloop
  endfacet
  facet normal 0 1 0
    outer loop
      vertex 71 3.8 4.8
      vertex 75.2702 3.8 3
      vertex 71 3.8 3
    endloop
  endfacet
  facet normal -0.866037 0.499979 0
    outer loop
      vertex 75.2702 3.8 3
      vertex 76.5403 6 4.8
      vertex 76.5403 6 3
    endloop
  endfacet
  facet normal -0.866037 0.499979 0
    outer loop
      vertex 76.5403 6 4.8
      vertex 75.2702 3.8 3
      vertex 75.2702 3.8 4.8
    endloop
  endfacet
  facet normal -0.866037 -0.499979 0
    outer loop
      vertex 76.5403 6 3
      vertex 75.2702 8.2 4.8
      vertex 75.2702 8.2 3
    endloop
  endfacet
  facet normal -0.866037 -0.499979 0
    outer loop
      vertex 75.2702 8.2 4.8
      vertex 76.5403 6 3
      vertex 76.5403 6 4.8
    endloop
  endfacet
  facet normal 0 0 -1
    outer loop
      vertex 75.0583 5.43432 4.8
      vertex 76.5403 6 4.8
      vertex 75.2702 3.8 4.8
    endloop
  endfacet
  facet normal 0 0 -1
    outer loop
      vertex 75.1942 6.11762 4.8
      vertex 76.5403 6 4.8
      vertex 75.2 6 4.8
    endloop
  endfacet
  facet normal -0 0 -1
    outer loop
      vertex 76.5403 6 4.8
      vertex 75.1942 5.88238 4.8
      vertex 75.2 6 4.8
    endloop
  endfacet
  facet normal 0 0 -1
    outer loop
      vertex 76.5403 6 4.8
      vertex 75.1769 5.76589 4.8
      vertex 75.1942 5.88238 4.8
    endloop
  endfacet
  facet normal 0 0 -1
    outer loop
      vertex 76.5403 6 4.8
      vertex 75.1483 5.65166 4.8
      vertex 75.1769 5.76589 4.8
    endloop
  endfacet
  facet normal 0 0 -1
    outer loop
      vertex 76.5403 6 4.8
      vertex 75.1087 5.54078 4.8
      vertex 75.1483 5.65166 4.8
    endloop
  endfacet
  facet normal 0 0 -1
    outer loop
      vertex 76.5403 6 4.8
      vertex 75.0583 5.43432 4.8
      vertex 75.1087 5.54078 4.8
    endloop
  endfacet
  facet normal 0 0 -1
    outer loop
      vertex 75.2702 3.8 4.8
      vertex 74.9978 5.33331 4.8
      vertex 75.0583 5.43432 4.8
    endloop
  endfacet
  facet normal 0 0 -1
    outer loop
      vertex 75.2702 3.8 4.8
      vertex 74.9276 5.23873 4.8
      vertex 74.9978 5.33331 4.8
    endloop
  endfacet
  facet normal 0 0 -1
    outer loop
      vertex 75.2702 3.8 4.8
      vertex 74.8485 5.15147 4.8
      vertex 74.9276 5.23873 4.8
    endloop
  endfacet
  facet normal 0 0 -1
    outer loop
      vertex 75.2702 3.8 4.8
      vertex 74.7613 5.07239 4.8
      vertex 74.8485 5.15147 4.8
    endloop
  endfacet
  facet normal 0 0 -1
    outer loop
      vertex 75.2702 3.8 4.8
      vertex 74.6667 5.00224 4.8
      vertex 74.7613 5.07239 4.8
    endloop
  endfacet
  facet normal 0 0 -1
    outer loop
      vertex 75.2702 3.8 4.8
      vertex 74.5657 4.94169 4.8
      vertex 74.6667 5.00224 4.8
    endloop
  endfacet
  facet normal 0 0 -1
    outer loop
      vertex 75.2702 3.8 4.8
      vertex 74.4592 4.89134 4.8
      vertex 74.5657 4.94169 4.8
    endloop
  endfacet
  facet normal 0 0 -1
    outer loop
      vertex 75.2702 3.8 4.8
      vertex 74.3483 4.85167 4.8
      vertex 74.4592 4.89134 4.8
    endloop
  endfacet
  facet normal 0 0 -1
    outer loop
      vertex 75.2702 3.8 4.8
      vertex 74.2341 4.82306 4.8
      vertex 74.3483 4.85167 4.8
    endloop
  endfacet
  facet normal 0 0 -1
    outer loop
      vertex 75.2702 3.8 4.8
      vertex 74.1176 4.80578 4.8
      vertex 74.2341 4.82306 4.8
    endloop
  endfacet
  facet normal 0 0 -1
    outer loop
      vertex 75.2702 3.8 4.8
      vertex 74 4.8 4.8
      vertex 74.1176 4.80578 4.8
    endloop
  endfacet
  facet normal 0 0 -1
    outer loop
      vertex 75.2702 3.8 4.8
      vertex 73.8824 4.80578 4.8
      vertex 74 4.8 4.8
    endloop
  endfacet
  facet normal 0 0 -1
    outer loop
      vertex 75.2702 3.8 4.8
      vertex 73.7659 4.82306 4.8
      vertex 73.8824 4.80578 4.8
    endloop
  endfacet
  facet normal 0 0 -1
    outer loop
      vertex 71.1179 3.85 4.8
      vertex 73.7659 4.82306 4.8
      vertex 75.2702 3.8 4.8
    endloop
  endfacet
  facet normal -0 0 -1
    outer loop
      vertex 73.7659 4.82306 4.8
      vertex 71.1179 3.85 4.8
      vertex 73.6517 4.85167 4.8
    endloop
  endfacet
  facet normal -0 0 -1
    outer loop
      vertex 73.6517 4.85167 4.8
      vertex 71.1179 3.85 4.8
      vertex 73.5408 4.89134 4.8
    endloop
  endfacet
  facet normal -0 0 -1
    outer loop
      vertex 73.5408 4.89134 4.8
      vertex 71.1179 3.85 4.8
      vertex 73.4343 4.94169 4.8
    endloop
  endfacet
  facet normal 0 0 -1
    outer loop
      vertex 70.4 6 4.8
      vertex 72.8 6 4.8
      vertex 72.8058 5.88238 4.8
    endloop
  endfacet
  facet normal 0 0 -1
    outer loop
      vertex 70.4173 5.64714 4.8
      vertex 72.8058 5.88238 4.8
      vertex 72.8231 5.76589 4.8
    endloop
  endfacet
  facet normal 0 0 -1
    outer loop
      vertex 70.4692 5.29768 4.8
      vertex 72.8231 5.76589 4.8
      vertex 72.8517 5.65166 4.8
    endloop
  endfacet
  facet normal 0 0 -1
    outer loop
      vertex 70.555 4.95498 4.8
      vertex 72.8517 5.65166 4.8
      vertex 72.8913 5.54078 4.8
    endloop
  endfacet
  facet normal 0 0 -1
    outer loop
      vertex 70.674 4.62234 4.8
      vertex 72.8913 5.54078 4.8
      vertex 72.9417 5.43432 4.8
    endloop
  endfacet
  facet normal 0 0 -1
    outer loop
      vertex 70.8251 4.30297 4.8
      vertex 72.9417 5.43432 4.8
      vertex 73.0022 5.33331 4.8
    endloop
  endfacet
  facet normal 0 0 -1
    outer loop
      vertex 71.0067 3.99995 4.8
      vertex 73.0022 5.33331 4.8
      vertex 71.1179 3.85 4.8
    endloop
  endfacet
  facet normal -0 0 -1
    outer loop
      vertex 73.0724 5.23873 4.8
      vertex 71.1179 3.85 4.8
      vertex 73.0022 5.33331 4.8
    endloop
  endfacet
  facet normal -0 0 -1
    outer loop
      vertex 73.1515 5.15147 4.8
      vertex 71.1179 3.85 4.8
      vertex 73.0724 5.23873 4.8
    endloop
  endfacet
  facet normal -0 0 -1
    outer loop
      vertex 73.2387 5.07239 4.8
      vertex 71.1179 3.85 4.8
      vertex 73.1515 5.15147 4.8
    endloop
  endfacet
  facet normal -0 0 -1
    outer loop
      vertex 73.3333 5.00224 4.8
      vertex 71.1179 3.85 4.8
      vertex 73.2387 5.07239 4.8
    endloop
  endfacet
  facet normal -0 0 -1
    outer loop
      vertex 73.4343 4.94169 4.8
      vertex 71.1179 3.85 4.8
      vertex 73.3333 5.00224 4.8
    endloop
  endfacet
  facet normal 0 0 -1
    outer loop
      vertex 71 3.8 4.8
      vertex 71.1179 3.85 4.8
      vertex 75.2702 3.8 4.8
    endloop
  endfacet
  facet normal -0 0 -1
    outer loop
      vertex 71.1179 3.85 4.8
      vertex 71 3.8 4.8
      vertex 71 3.85 4.8
    endloop
  endfacet
  facet normal 0 0 -1
    outer loop
      vertex 75.1769 6.23411 4.8
      vertex 76.5403 6 4.8
      vertex 75.1942 6.11762 4.8
    endloop
  endfacet
  facet normal 0 0 -1
    outer loop
      vertex 75.1483 6.34834 4.8
      vertex 76.5403 6 4.8
      vertex 75.1769 6.23411 4.8
    endloop
  endfacet
  facet normal 0 0 -1
    outer loop
      vertex 75.1087 6.45922 4.8
      vertex 76.5403 6 4.8
      vertex 75.1483 6.34834 4.8
    endloop
  endfacet
  facet normal 0 0 -1
    outer loop
      vertex 75.0583 6.56568 4.8
      vertex 76.5403 6 4.8
      vertex 75.1087 6.45922 4.8
    endloop
  endfacet
  facet normal 0 0 -1
    outer loop
      vertex 76.5403 6 4.8
      vertex 75.0583 6.56568 4.8
      vertex 75.2702 8.2 4.8
    endloop
  endfacet
  facet normal 0 0 -1
    outer loop
      vertex 74.9978 6.66668 4.8
      vertex 75.2702 8.2 4.8
      vertex 75.0583 6.56568 4.8
    endloop
  endfacet
  facet normal 0 0 -1
    outer loop
      vertex 74.9276 6.76127 4.8
      vertex 75.2702 8.2 4.8
      vertex 74.9978 6.66668 4.8
    endloop
  endfacet
  facet normal 0 0 -1
    outer loop
      vertex 74.8485 6.84853 4.8
      vertex 75.2702 8.2 4.8
      vertex 74.9276 6.76127 4.8
    endloop
  endfacet
  facet normal 0 0 -1
    outer loop
      vertex 74.7613 6.92761 4.8
      vertex 75.2702 8.2 4.8
      vertex 74.8485 6.84853 4.8
    endloop
  endfacet
  facet normal 0 0 -1
    outer loop
      vertex 74.6667 6.99776 4.8
      vertex 75.2702 8.2 4.8
      vertex 74.7613 6.92761 4.8
    endloop
  endfacet
  facet normal 0 0 -1
    outer loop
      vertex 74.5657 7.0583 4.8
      vertex 75.2702 8.2 4.8
      vertex 74.6667 6.99776 4.8
    endloop
  endfacet
  facet normal 0 0 -1
    outer loop
      vertex 74.4592 7.10865 4.8
      vertex 75.2702 8.2 4.8
      vertex 74.5657 7.0583 4.8
    endloop
  endfacet
  facet normal 0 0 -1
    outer loop
      vertex 74.3483 7.14833 4.8
      vertex 75.2702 8.2 4.8
      vertex 74.4592 7.10865 4.8
    endloop
  endfacet
  facet normal 0 0 -1
    outer loop
      vertex 74.2341 7.17694 4.8
      vertex 75.2702 8.2 4.8
      vertex 74.3483 7.14833 4.8
    endloop
  endfacet
  facet normal 0 0 -1
    outer loop
      vertex 74.1176 7.19422 4.8
      vertex 75.2702 8.2 4.8
      vertex 74.2341 7.17694 4.8
    endloop
  endfacet
  facet normal 0 0 -1
    outer loop
      vertex 74 7.2 4.8
      vertex 75.2702 8.2 4.8
      vertex 74.1176 7.19422 4.8
    endloop
  endfacet
  facet normal 0 0 -1
    outer loop
      vertex 73.8824 7.19422 4.8
      vertex 75.2702 8.2 4.8
      vertex 74 7.2 4.8
    endloop
  endfacet
  facet normal 0 0 -1
    outer loop
      vertex 73.7659 7.17694 4.8
      vertex 75.2702 8.2 4.8
      vertex 73.8824 7.19422 4.8
    endloop
  endfacet
  facet normal 0 0 -1
    outer loop
      vertex 71.155 8.2 4.8
      vertex 73.7659 7.17694 4.8
      vertex 73.6517 7.14833 4.8
    endloop
  endfacet
  facet normal 0 0 -1
    outer loop
      vertex 71.155 8.2 4.8
      vertex 73.6517 7.14833 4.8
      vertex 73.5408 7.10865 4.8
    endloop
  endfacet
  facet normal 0 0 -1
    outer loop
      vertex 71.155 8.2 4.8
      vertex 73.5408 7.10865 4.8
      vertex 73.4343 7.0583 4.8
    endloop
  endfacet
  facet normal 0 0 -1
    outer loop
      vertex 71.155 8.2 4.8
      vertex 73.4343 7.0583 4.8
      vertex 73.3333 6.99776 4.8
    endloop
  endfacet
  facet normal 0 0 -1
    outer loop
      vertex 73.7659 7.17694 4.8
      vertex 71.155 8.2 4.8
      vertex 75.2702 8.2 4.8
    endloop
  endfacet
  facet normal 0 0 -1
    outer loop
      vertex 73.2387 6.92761 4.8
      vertex 71.155 8.2 4.8
      vertex 73.3333 6.99776 4.8
    endloop
  endfacet
  facet normal 0 0 -1
    outer loop
      vertex 73.1515 6.84853 4.8
      vertex 71.155 8.2 4.8
      vertex 73.2387 6.92761 4.8
    endloop
  endfacet
  facet normal 0 0 -1
    outer loop
      vertex 73.0724 6.76127 4.8
      vertex 71.155 8.2 4.8
      vertex 73.1515 6.84853 4.8
    endloop
  endfacet
  facet normal 0 0 -1
    outer loop
      vertex 73.0022 6.66668 4.8
      vertex 71.155 8.2 4.8
      vertex 73.0724 6.76127 4.8
    endloop
  endfacet
  facet normal 0 0 -1
    outer loop
      vertex 72.9417 6.56568 4.8
      vertex 71.155 8.2 4.8
      vertex 73.0022 6.66668 4.8
    endloop
  endfacet
  facet normal 0 0 -1
    outer loop
      vertex 72.8913 6.45922 4.8
      vertex 71.155 8.2 4.8
      vertex 72.9417 6.56568 4.8
    endloop
  endfacet
  facet normal 0 0 -1
    outer loop
      vertex 72.8517 6.34834 4.8
      vertex 71.155 8.2 4.8
      vertex 72.8913 6.45922 4.8
    endloop
  endfacet
  facet normal 0 0 -1
    outer loop
      vertex 72.8231 6.23411 4.8
      vertex 71.155 8.2 4.8
      vertex 72.8517 6.34834 4.8
    endloop
  endfacet
  facet normal 0 0 -1
    outer loop
      vertex 72.8058 6.11762 4.8
      vertex 71.155 8.2 4.8
      vertex 72.8231 6.23411 4.8
    endloop
  endfacet
  facet normal 0 0 -1
    outer loop
      vertex 71.155 8.2 4.8
      vertex 72.8058 6.11762 4.8
      vertex 72.8 6 4.8
    endloop
  endfacet
  facet normal 0 0 -1
    outer loop
      vertex 73.0022 5.33331 4.8
      vertex 71.0067 3.99995 4.8
      vertex 70.8251 4.30297 4.8
    endloop
  endfacet
  facet normal 0 0 -1
    outer loop
      vertex 72.9417 5.43432 4.8
      vertex 70.8251 4.30297 4.8
      vertex 70.674 4.62234 4.8
    endloop
  endfacet
  facet normal 0 0 -1
    outer loop
      vertex 72.8 6 4.8
      vertex 70.8251 7.69703 4.8
      vertex 71.0067 8.00005 4.8
    endloop
  endfacet
  facet normal 0 0 -1
    outer loop
      vertex 72.8 6 4.8
      vertex 71.0067 8.00005 4.8
      vertex 71.155 8.2 4.8
    endloop
  endfacet
  facet normal 0 0 -1
    outer loop
      vertex 72.8913 5.54078 4.8
      vertex 70.674 4.62234 4.8
      vertex 70.555 4.95498 4.8
    endloop
  endfacet
  facet normal 0 0 -1
    outer loop
      vertex 72.8 6 4.8
      vertex 70.674 7.37766 4.8
      vertex 70.8251 7.69703 4.8
    endloop
  endfacet
  facet normal 0 0 -1
    outer loop
      vertex 72.8517 5.65166 4.8
      vertex 70.555 4.95498 4.8
      vertex 70.4692 5.29768 4.8
    endloop
  endfacet
  facet normal 0 0 -1
    outer loop
      vertex 72.8 6 4.8
      vertex 70.555 7.04502 4.8
      vertex 70.674 7.37766 4.8
    endloop
  endfacet
  facet normal 0 0 -1
    outer loop
      vertex 72.8231 5.76589 4.8
      vertex 70.4692 5.29768 4.8
      vertex 70.4173 5.64714 4.8
    endloop
  endfacet
  facet normal 0 0 -1
    outer loop
      vertex 72.8 6 4.8
      vertex 70.4692 6.70232 4.8
      vertex 70.555 7.04502 4.8
    endloop
  endfacet
  facet normal -0 0 -1
    outer loop
      vertex 72.8058 5.88238 4.8
      vertex 70.4173 5.64714 4.8
      vertex 70.4 6 4.8
    endloop
  endfacet
  facet normal 0 0 -1
    outer loop
      vertex 72.8 6 4.8
      vertex 70.4173 6.35286 4.8
      vertex 70.4692 6.70232 4.8
    endloop
  endfacet
  facet normal 0 0 -1
    outer loop
      vertex 72.8 6 4.8
      vertex 70.4 6 4.8
      vertex 70.4173 6.35286 4.8
    endloop
  endfacet
  facet normal 0 0 1
    outer loop
      vertex 72.8517 6.34834 3
      vertex 70.555 7.04502 3
      vertex 72.8231 6.23411 3
    endloop
  endfacet
  facet normal -0 0 1
    outer loop
      vertex 70.4692 6.70232 3
      vertex 72.8231 6.23411 3
      vertex 70.555 7.04502 3
    endloop
  endfacet
  facet normal 0 -0 1
    outer loop
      vertex 71.0067 3.99995 3
      vertex 72.8 6 3
      vertex 70.8251 4.30297 3
    endloop
  endfacet
  facet normal 0 0 1
    outer loop
      vertex 72.8 6 3
      vertex 71.0067 3.99995 3
      vertex 71.1179 3.85 3
    endloop
  endfacet
  facet normal 0 0 1
    outer loop
      vertex 72.8231 6.23411 3
      vertex 70.4692 6.70232 3
      vertex 72.8058 6.11762 3
    endloop
  endfacet
  facet normal 0 0 1
    outer loop
      vertex 72.8 6 3
      vertex 70.674 4.62234 3
      vertex 70.8251 4.30297 3
    endloop
  endfacet
  facet normal -0 0 1
    outer loop
      vertex 70.4173 6.35286 3
      vertex 72.8058 6.11762 3
      vertex 70.4692 6.70232 3
    endloop
  endfacet
  facet normal 0 0 1
    outer loop
      vertex 72.8 6 3
      vertex 70.555 4.95498 3
      vertex 70.674 4.62234 3
    endloop
  endfacet
  facet normal 0 0 1
    outer loop
      vertex 72.8058 6.11762 3
      vertex 70.4173 6.35286 3
      vertex 72.8 6 3
    endloop
  endfacet
  facet normal 0 0 1
    outer loop
      vertex 72.8 6 3
      vertex 70.4692 5.29768 3
      vertex 70.555 4.95498 3
    endloop
  endfacet
  facet normal 0 0 1
    outer loop
      vertex 70.4 6 3
      vertex 72.8 6 3
      vertex 70.4173 6.35286 3
    endloop
  endfacet
  facet normal 0 0 1
    outer loop
      vertex 72.8 6 3
      vertex 70.4173 5.64714 3
      vertex 70.4692 5.29768 3
    endloop
  endfacet
  facet normal 0 0 1
    outer loop
      vertex 72.8 6 3
      vertex 70.4 6 3
      vertex 70.4173 5.64714 3
    endloop
  endfacet
  facet normal -0 0 1
    outer loop
      vertex 75.0583 6.56568 3
      vertex 76.5403 6 3
      vertex 75.2702 8.2 3
    endloop
  endfacet
  facet normal 0 0 1
    outer loop
      vertex 75.1942 5.88238 3
      vertex 76.5403 6 3
      vertex 75.2 6 3
    endloop
  endfacet
  facet normal 0 0 1
    outer loop
      vertex 76.5403 6 3
      vertex 75.1942 6.11762 3
      vertex 75.2 6 3
    endloop
  endfacet
  facet normal 0 0 1
    outer loop
      vertex 76.5403 6 3
      vertex 75.1769 6.23411 3
      vertex 75.1942 6.11762 3
    endloop
  endfacet
  facet normal 0 0 1
    outer loop
      vertex 76.5403 6 3
      vertex 75.1483 6.34834 3
      vertex 75.1769 6.23411 3
    endloop
  endfacet
  facet normal 0 0 1
    outer loop
      vertex 76.5403 6 3
      vertex 75.1087 6.45922 3
      vertex 75.1483 6.34834 3
    endloop
  endfacet
  facet normal 0 0 1
    outer loop
      vertex 76.5403 6 3
      vertex 75.0583 6.56568 3
      vertex 75.1087 6.45922 3
    endloop
  endfacet
  facet normal 0 0 1
    outer loop
      vertex 75.2702 8.2 3
      vertex 74.9978 6.66668 3
      vertex 75.0583 6.56568 3
    endloop
  endfacet
  facet normal 0 0 1
    outer loop
      vertex 75.2702 8.2 3
      vertex 74.9276 6.76127 3
      vertex 74.9978 6.66668 3
    endloop
  endfacet
  facet normal 0 0 1
    outer loop
      vertex 75.2702 8.2 3
      vertex 74.8485 6.84853 3
      vertex 74.9276 6.76127 3
    endloop
  endfacet
  facet normal 0 0 1
    outer loop
      vertex 75.2702 8.2 3
      vertex 74.7613 6.92761 3
      vertex 74.8485 6.84853 3
    endloop
  endfacet
  facet normal 0 0 1
    outer loop
      vertex 75.2702 8.2 3
      vertex 74.6667 6.99776 3
      vertex 74.7613 6.92761 3
    endloop
  endfacet
  facet normal 0 0 1
    outer loop
      vertex 75.2702 8.2 3
      vertex 74.5657 7.0583 3
      vertex 74.6667 6.99776 3
    endloop
  endfacet
  facet normal 0 0 1
    outer loop
      vertex 75.2702 8.2 3
      vertex 74.4592 7.10865 3
      vertex 74.5657 7.0583 3
    endloop
  endfacet
  facet normal 0 0 1
    outer loop
      vertex 75.2702 8.2 3
      vertex 74.3483 7.14833 3
      vertex 74.4592 7.10865 3
    endloop
  endfacet
  facet normal 0 0 1
    outer loop
      vertex 75.2702 8.2 3
      vertex 74.2341 7.17694 3
      vertex 74.3483 7.14833 3
    endloop
  endfacet
  facet normal 0 0 1
    outer loop
      vertex 75.2702 8.2 3
      vertex 74.1176 7.19422 3
      vertex 74.2341 7.17694 3
    endloop
  endfacet
  facet normal 0 0 1
    outer loop
      vertex 75.2702 8.2 3
      vertex 74 7.2 3
      vertex 74.1176 7.19422 3
    endloop
  endfacet
  facet normal 0 0 1
    outer loop
      vertex 75.2702 8.2 3
      vertex 73.8824 7.19422 3
      vertex 74 7.2 3
    endloop
  endfacet
  facet normal 0 0 1
    outer loop
      vertex 75.2702 8.2 3
      vertex 73.7659 7.17694 3
      vertex 73.8824 7.19422 3
    endloop
  endfacet
  facet normal -0 0 1
    outer loop
      vertex 71.155 8.2 3
      vertex 73.7659 7.17694 3
      vertex 75.2702 8.2 3
    endloop
  endfacet
  facet normal 0 0 1
    outer loop
      vertex 73.7659 7.17694 3
      vertex 71.155 8.2 3
      vertex 73.6517 7.14833 3
    endloop
  endfacet
  facet normal 0 0 1
    outer loop
      vertex 73.6517 7.14833 3
      vertex 71.155 8.2 3
      vertex 73.5408 7.10865 3
    endloop
  endfacet
  facet normal 0 0 1
    outer loop
      vertex 73.5408 7.10865 3
      vertex 71.155 8.2 3
      vertex 73.4343 7.0583 3
    endloop
  endfacet
  facet normal 0 0 1
    outer loop
      vertex 72.8913 6.45922 3
      vertex 70.674 7.37766 3
      vertex 72.8517 6.34834 3
    endloop
  endfacet
  facet normal -0 0 1
    outer loop
      vertex 70.674 7.37766 3
      vertex 72.8913 6.45922 3
      vertex 70.8251 7.69703 3
    endloop
  endfacet
  facet normal 0 0 1
    outer loop
      vertex 72.9417 6.56568 3
      vertex 70.8251 7.69703 3
      vertex 72.8913 6.45922 3
    endloop
  endfacet
  facet normal -0 0 1
    outer loop
      vertex 70.8251 7.69703 3
      vertex 72.9417 6.56568 3
      vertex 71.0067 8.00005 3
    endloop
  endfacet
  facet normal 0 0 1
    outer loop
      vertex 73.0022 6.66668 3
      vertex 71.0067 8.00005 3
      vertex 72.9417 6.56568 3
    endloop
  endfacet
  facet normal -0 0 1
    outer loop
      vertex 71.0067 8.00005 3
      vertex 73.0022 6.66668 3
      vertex 71.155 8.2 3
    endloop
  endfacet
  facet normal 0 0 1
    outer loop
      vertex 73.0724 6.76127 3
      vertex 71.155 8.2 3
      vertex 73.0022 6.66668 3
    endloop
  endfacet
  facet normal 0 0 1
    outer loop
      vertex 73.1515 6.84853 3
      vertex 71.155 8.2 3
      vertex 73.0724 6.76127 3
    endloop
  endfacet
  facet normal 0 0 1
    outer loop
      vertex 73.2387 6.92761 3
      vertex 71.155 8.2 3
      vertex 73.1515 6.84853 3
    endloop
  endfacet
  facet normal 0 0 1
    outer loop
      vertex 73.3333 6.99776 3
      vertex 71.155 8.2 3
      vertex 73.2387 6.92761 3
    endloop
  endfacet
  facet normal 0 0 1
    outer loop
      vertex 73.4343 7.0583 3
      vertex 71.155 8.2 3
      vertex 73.3333 6.99776 3
    endloop
  endfacet
  facet normal 0 0 1
    outer loop
      vertex 75.1769 5.76589 3
      vertex 76.5403 6 3
      vertex 75.1942 5.88238 3
    endloop
  endfacet
  facet normal 0 0 1
    outer loop
      vertex 75.1483 5.65166 3
      vertex 76.5403 6 3
      vertex 75.1769 5.76589 3
    endloop
  endfacet
  facet normal 0 0 1
    outer loop
      vertex 75.1087 5.54078 3
      vertex 76.5403 6 3
      vertex 75.1483 5.65166 3
    endloop
  endfacet
  facet normal 0 0 1
    outer loop
      vertex 75.0583 5.43432 3
      vertex 76.5403 6 3
      vertex 75.1087 5.54078 3
    endloop
  endfacet
  facet normal 0 0 1
    outer loop
      vertex 76.5403 6 3
      vertex 75.0583 5.43432 3
      vertex 75.2702 3.8 3
    endloop
  endfacet
  facet normal -0 0 1
    outer loop
      vertex 74.9978 5.33331 3
      vertex 75.2702 3.8 3
      vertex 75.0583 5.43432 3
    endloop
  endfacet
  facet normal -0 0 1
    outer loop
      vertex 74.9276 5.23873 3
      vertex 75.2702 3.8 3
      vertex 74.9978 5.33331 3
    endloop
  endfacet
  facet normal -0 0 1
    outer loop
      vertex 74.8485 5.15147 3
      vertex 75.2702 3.8 3
      vertex 74.9276 5.23873 3
    endloop
  endfacet
  facet normal -0 0 1
    outer loop
      vertex 74.7613 5.07239 3
      vertex 75.2702 3.8 3
      vertex 74.8485 5.15147 3
    endloop
  endfacet
  facet normal -0 0 1
    outer loop
      vertex 74.6667 5.00224 3
      vertex 75.2702 3.8 3
      vertex 74.7613 5.07239 3
    endloop
  endfacet
  facet normal -0 0 1
    outer loop
      vertex 74.5657 4.94169 3
      vertex 75.2702 3.8 3
      vertex 74.6667 5.00224 3
    endloop
  endfacet
  facet normal -0 0 1
    outer loop
      vertex 74.4592 4.89134 3
      vertex 75.2702 3.8 3
      vertex 74.5657 4.94169 3
    endloop
  endfacet
  facet normal -0 0 1
    outer loop
      vertex 74.3483 4.85167 3
      vertex 75.2702 3.8 3
      vertex 74.4592 4.89134 3
    endloop
  endfacet
  facet normal -0 0 1
    outer loop
      vertex 74.2341 4.82306 3
      vertex 75.2702 3.8 3
      vertex 74.3483 4.85167 3
    endloop
  endfacet
  facet normal -0 0 1
    outer loop
      vertex 74.1176 4.80578 3
      vertex 75.2702 3.8 3
      vertex 74.2341 4.82306 3
    endloop
  endfacet
  facet normal -0 0 1
    outer loop
      vertex 74 4.8 3
      vertex 75.2702 3.8 3
      vertex 74.1176 4.80578 3
    endloop
  endfacet
  facet normal 0 0 1
    outer loop
      vertex 73.8824 4.80578 3
      vertex 75.2702 3.8 3
      vertex 74 4.8 3
    endloop
  endfacet
  facet normal 0 0 1
    outer loop
      vertex 73.7659 4.82306 3
      vertex 75.2702 3.8 3
      vertex 73.8824 4.80578 3
    endloop
  endfacet
  facet normal 0 0 1
    outer loop
      vertex 71.1179 3.85 3
      vertex 73.7659 4.82306 3
      vertex 73.6517 4.85167 3
    endloop
  endfacet
  facet normal 0 0 1
    outer loop
      vertex 71.1179 3.85 3
      vertex 73.6517 4.85167 3
      vertex 73.5408 4.89134 3
    endloop
  endfacet
  facet normal 0 0 1
    outer loop
      vertex 71.1179 3.85 3
      vertex 73.5408 4.89134 3
      vertex 73.4343 4.94169 3
    endloop
  endfacet
  facet normal 0 0 1
    outer loop
      vertex 71.1179 3.85 3
      vertex 73.4343 4.94169 3
      vertex 73.3333 5.00224 3
    endloop
  endfacet
  facet normal -0 0 1
    outer loop
      vertex 70.555 7.04502 3
      vertex 72.8517 6.34834 3
      vertex 70.674 7.37766 3
    endloop
  endfacet
  facet normal 0 0 1
    outer loop
      vertex 72.8 6 3
      vertex 71.1179 3.85 3
      vertex 72.8058 5.88238 3
    endloop
  endfacet
  facet normal 0 0 1
    outer loop
      vertex 72.8058 5.88238 3
      vertex 71.1179 3.85 3
      vertex 72.8231 5.76589 3
    endloop
  endfacet
  facet normal 0 0 1
    outer loop
      vertex 72.8231 5.76589 3
      vertex 71.1179 3.85 3
      vertex 72.8517 5.65166 3
    endloop
  endfacet
  facet normal 0 0 1
    outer loop
      vertex 72.8517 5.65166 3
      vertex 71.1179 3.85 3
      vertex 72.8913 5.54078 3
    endloop
  endfacet
  facet normal 0 0 1
    outer loop
      vertex 72.8913 5.54078 3
      vertex 71.1179 3.85 3
      vertex 72.9417 5.43432 3
    endloop
  endfacet
  facet normal 0 0 1
    outer loop
      vertex 72.9417 5.43432 3
      vertex 71.1179 3.85 3
      vertex 73.0022 5.33331 3
    endloop
  endfacet
  facet normal 0 0 1
    outer loop
      vertex 71.1179 3.85 3
      vertex 73.0724 5.23873 3
      vertex 73.0022 5.33331 3
    endloop
  endfacet
  facet normal 0 0 1
    outer loop
      vertex 71.1179 3.85 3
      vertex 73.1515 5.15147 3
      vertex 73.0724 5.23873 3
    endloop
  endfacet
  facet normal 0 0 1
    outer loop
      vertex 71.1179 3.85 3
      vertex 73.2387 5.07239 3
      vertex 73.1515 5.15147 3
    endloop
  endfacet
  facet normal 0 0 1
    outer loop
      vertex 71.1179 3.85 3
      vertex 73.3333 5.00224 3
      vertex 73.2387 5.07239 3
    endloop
  endfacet
  facet normal 0 0 1
    outer loop
      vertex 73.7659 4.82306 3
      vertex 71.1179 3.85 3
      vertex 75.2702 3.8 3
    endloop
  endfacet
  facet normal 0 0 1
    outer loop
      vertex 71 3.8 3
      vertex 71.1179 3.85 3
      vertex 71 3.85 3
    endloop
  endfacet
  facet normal 0 0 1
    outer loop
      vertex 71.1179 3.85 3
      vertex 71 3.8 3
      vertex 75.2702 3.8 3
    endloop
  endfacet
  facet normal 0 -1 0
    outer loop
      vertex 71 36.8 3
      vertex 75.2702 36.8 4.8
      vertex 71 36.8 4.8
    endloop
  endfacet
  facet normal 0 -1 -0
    outer loop
      vertex 75.2702 36.8 4.8
      vertex 71 36.8 3
      vertex 75.2702 36.8 3
    endloop
  endfacet
  facet normal 0 1 -0
    outer loop
      vertex 75.2702 32.4 3
      vertex 71.155 32.4 4.8
      vertex 75.2702 32.4 4.8
    endloop
  endfacet
  facet normal 0 1 0
    outer loop
      vertex 71.155 32.4 4.8
      vertex 75.2702 32.4 3
      vertex 71.155 32.4 3
    endloop
  endfacet
  facet normal -0.866037 0.499979 0
    outer loop
      vertex 75.2702 32.4 3
      vertex 76.5403 34.6 4.8
      vertex 76.5403 34.6 3
    endloop
  endfacet
  facet normal -0.866037 0.499979 0
    outer loop
      vertex 76.5403 34.6 4.8
      vertex 75.2702 32.4 3
      vertex 75.2702 32.4 4.8
    endloop
  endfacet
  facet normal -0.866037 -0.499979 0
    outer loop
      vertex 76.5403 34.6 3
      vertex 75.2702 36.8 4.8
      vertex 75.2702 36.8 3
    endloop
  endfacet
  facet normal -0.866037 -0.499979 0
    outer loop
      vertex 75.2702 36.8 4.8
      vertex 76.5403 34.6 3
      vertex 76.5403 34.6 4.8
    endloop
  endfacet
  facet normal -0 0 -1
    outer loop
      vertex 72.8517 34.2517 4.8
      vertex 70.555 33.555 4.8
      vertex 72.8231 34.3659 4.8
    endloop
  endfacet
  facet normal 0 0 -1
    outer loop
      vertex 70.4692 33.8977 4.8
      vertex 72.8231 34.3659 4.8
      vertex 70.555 33.555 4.8
    endloop
  endfacet
  facet normal 0 -0 -1
    outer loop
      vertex 71.0067 36.6001 4.8
      vertex 72.8 34.6 4.8
      vertex 70.8251 36.297 4.8
    endloop
  endfacet
  facet normal 0 0 -1
    outer loop
      vertex 72.8 34.6 4.8
      vertex 71.0067 36.6001 4.8
      vertex 71.1179 36.75 4.8
    endloop
  endfacet
  facet normal -0 0 -1
    outer loop
      vertex 72.8231 34.3659 4.8
      vertex 70.4692 33.8977 4.8
      vertex 72.8058 34.4824 4.8
    endloop
  endfacet
  facet normal 0 0 -1
    outer loop
      vertex 72.8 34.6 4.8
      vertex 70.674 35.9777 4.8
      vertex 70.8251 36.297 4.8
    endloop
  endfacet
  facet normal 0 0 -1
    outer loop
      vertex 70.4173 34.2471 4.8
      vertex 72.8058 34.4824 4.8
      vertex 70.4692 33.8977 4.8
    endloop
  endfacet
  facet normal 0 0 -1
    outer loop
      vertex 72.8 34.6 4.8
      vertex 70.555 35.645 4.8
      vertex 70.674 35.9777 4.8
    endloop
  endfacet
  facet normal -0 0 -1
    outer loop
      vertex 72.8058 34.4824 4.8
      vertex 70.4173 34.2471 4.8
      vertex 72.8 34.6 4.8
    endloop
  endfacet
  facet normal 0 0 -1
    outer loop
      vertex 72.8 34.6 4.8
      vertex 70.4692 35.3023 4.8
      vertex 70.555 35.645 4.8
    endloop
  endfacet
  facet normal 0 0 -1
    outer loop
      vertex 70.4 34.6 4.8
      vertex 72.8 34.6 4.8
      vertex 70.4173 34.2471 4.8
    endloop
  endfacet
  facet normal 0 0 -1
    outer loop
      vertex 72.8 34.6 4.8
      vertex 70.4173 34.9529 4.8
      vertex 70.4692 35.3023 4.8
    endloop
  endfacet
  facet normal 0 0 -1
    outer loop
      vertex 72.8 34.6 4.8
      vertex 70.4 34.6 4.8
      vertex 70.4173 34.9529 4.8
    endloop
  endfacet
  facet normal 0 0 -1
    outer loop
      vertex 75.0583 34.0343 4.8
      vertex 76.5403 34.6 4.8
      vertex 75.2702 32.4 4.8
    endloop
  endfacet
  facet normal 0 0 -1
    outer loop
      vertex 75.1942 34.7176 4.8
      vertex 76.5403 34.6 4.8
      vertex 75.2 34.6 4.8
    endloop
  endfacet
  facet normal -0 0 -1
    outer loop
      vertex 76.5403 34.6 4.8
      vertex 75.1942 34.4824 4.8
      vertex 75.2 34.6 4.8
    endloop
  endfacet
  facet normal 0 0 -1
    outer loop
      vertex 76.5403 34.6 4.8
      vertex 75.1769 34.3659 4.8
      vertex 75.1942 34.4824 4.8
    endloop
  endfacet
  facet normal 0 0 -1
    outer loop
      vertex 76.5403 34.6 4.8
      vertex 75.1483 34.2517 4.8
      vertex 75.1769 34.3659 4.8
    endloop
  endfacet
  facet normal 0 0 -1
    outer loop
      vertex 76.5403 34.6 4.8
      vertex 75.1087 34.1408 4.8
      vertex 75.1483 34.2517 4.8
    endloop
  endfacet
  facet normal 0 0 -1
    outer loop
      vertex 76.5403 34.6 4.8
      vertex 75.0583 34.0343 4.8
      vertex 75.1087 34.1408 4.8
    endloop
  endfacet
  facet normal 0 0 -1
    outer loop
      vertex 75.2702 32.4 4.8
      vertex 74.9978 33.9333 4.8
      vertex 75.0583 34.0343 4.8
    endloop
  endfacet
  facet normal 0 0 -1
    outer loop
      vertex 75.2702 32.4 4.8
      vertex 74.9276 33.8387 4.8
      vertex 74.9978 33.9333 4.8
    endloop
  endfacet
  facet normal 0 0 -1
    outer loop
      vertex 75.2702 32.4 4.8
      vertex 74.8485 33.7515 4.8
      vertex 74.9276 33.8387 4.8
    endloop
  endfacet
  facet normal 0 0 -1
    outer loop
      vertex 75.2702 32.4 4.8
      vertex 74.7613 33.6724 4.8
      vertex 74.8485 33.7515 4.8
    endloop
  endfacet
  facet normal 0 0 -1
    outer loop
      vertex 75.2702 32.4 4.8
      vertex 74.6667 33.6022 4.8
      vertex 74.7613 33.6724 4.8
    endloop
  endfacet
  facet normal 0 0 -1
    outer loop
      vertex 75.2702 32.4 4.8
      vertex 74.5657 33.5417 4.8
      vertex 74.6667 33.6022 4.8
    endloop
  endfacet
  facet normal 0 0 -1
    outer loop
      vertex 75.2702 32.4 4.8
      vertex 74.4592 33.4913 4.8
      vertex 74.5657 33.5417 4.8
    endloop
  endfacet
  facet normal 0 0 -1
    outer loop
      vertex 75.2702 32.4 4.8
      vertex 74.3483 33.4517 4.8
      vertex 74.4592 33.4913 4.8
    endloop
  endfacet
  facet normal 0 0 -1
    outer loop
      vertex 75.2702 32.4 4.8
      vertex 74.2341 33.4231 4.8
      vertex 74.3483 33.4517 4.8
    endloop
  endfacet
  facet normal 0 0 -1
    outer loop
      vertex 75.2702 32.4 4.8
      vertex 74.1176 33.4058 4.8
      vertex 74.2341 33.4231 4.8
    endloop
  endfacet
  facet normal 0 0 -1
    outer loop
      vertex 75.2702 32.4 4.8
      vertex 74 33.4 4.8
      vertex 74.1176 33.4058 4.8
    endloop
  endfacet
  facet normal 0 0 -1
    outer loop
      vertex 75.2702 32.4 4.8
      vertex 73.8824 33.4058 4.8
      vertex 74 33.4 4.8
    endloop
  endfacet
  facet normal 0 0 -1
    outer loop
      vertex 75.2702 32.4 4.8
      vertex 73.7659 33.4231 4.8
      vertex 73.8824 33.4058 4.8
    endloop
  endfacet
  facet normal 0 0 -1
    outer loop
      vertex 71.155 32.4 4.8
      vertex 73.7659 33.4231 4.8
      vertex 75.2702 32.4 4.8
    endloop
  endfacet
  facet normal -0 0 -1
    outer loop
      vertex 73.7659 33.4231 4.8
      vertex 71.155 32.4 4.8
      vertex 73.6517 33.4517 4.8
    endloop
  endfacet
  facet normal -0 0 -1
    outer loop
      vertex 73.6517 33.4517 4.8
      vertex 71.155 32.4 4.8
      vertex 73.5408 33.4913 4.8
    endloop
  endfacet
  facet normal -0 0 -1
    outer loop
      vertex 73.5408 33.4913 4.8
      vertex 71.155 32.4 4.8
      vertex 73.4343 33.5417 4.8
    endloop
  endfacet
  facet normal -0 0 -1
    outer loop
      vertex 72.8913 34.1408 4.8
      vertex 70.674 33.2223 4.8
      vertex 72.8517 34.2517 4.8
    endloop
  endfacet
  facet normal 0 0 -1
    outer loop
      vertex 70.674 33.2223 4.8
      vertex 72.8913 34.1408 4.8
      vertex 70.8251 32.903 4.8
    endloop
  endfacet
  facet normal -0 0 -1
    outer loop
      vertex 72.9417 34.0343 4.8
      vertex 70.8251 32.903 4.8
      vertex 72.8913 34.1408 4.8
    endloop
  endfacet
  facet normal 0 0 -1
    outer loop
      vertex 70.8251 32.903 4.8
      vertex 72.9417 34.0343 4.8
      vertex 71.0067 32.5999 4.8
    endloop
  endfacet
  facet normal -0 0 -1
    outer loop
      vertex 73.0022 33.9333 4.8
      vertex 71.0067 32.5999 4.8
      vertex 72.9417 34.0343 4.8
    endloop
  endfacet
  facet normal 0 0 -1
    outer loop
      vertex 71.0067 32.5999 4.8
      vertex 73.0022 33.9333 4.8
      vertex 71.155 32.4 4.8
    endloop
  endfacet
  facet normal -0 0 -1
    outer loop
      vertex 73.0724 33.8387 4.8
      vertex 71.155 32.4 4.8
      vertex 73.0022 33.9333 4.8
    endloop
  endfacet
  facet normal -0 0 -1
    outer loop
      vertex 73.1515 33.7515 4.8
      vertex 71.155 32.4 4.8
      vertex 73.0724 33.8387 4.8
    endloop
  endfacet
  facet normal -0 0 -1
    outer loop
      vertex 73.2387 33.6724 4.8
      vertex 71.155 32.4 4.8
      vertex 73.1515 33.7515 4.8
    endloop
  endfacet
  facet normal -0 0 -1
    outer loop
      vertex 73.3333 33.6022 4.8
      vertex 71.155 32.4 4.8
      vertex 73.2387 33.6724 4.8
    endloop
  endfacet
  facet normal -0 0 -1
    outer loop
      vertex 73.4343 33.5417 4.8
      vertex 71.155 32.4 4.8
      vertex 73.3333 33.6022 4.8
    endloop
  endfacet
  facet normal 0 0 -1
    outer loop
      vertex 75.1769 34.8341 4.8
      vertex 76.5403 34.6 4.8
      vertex 75.1942 34.7176 4.8
    endloop
  endfacet
  facet normal 0 0 -1
    outer loop
      vertex 75.1483 34.9483 4.8
      vertex 76.5403 34.6 4.8
      vertex 75.1769 34.8341 4.8
    endloop
  endfacet
  facet normal 0 0 -1
    outer loop
      vertex 75.1087 35.0592 4.8
      vertex 76.5403 34.6 4.8
      vertex 75.1483 34.9483 4.8
    endloop
  endfacet
  facet normal 0 0 -1
    outer loop
      vertex 75.0583 35.1657 4.8
      vertex 76.5403 34.6 4.8
      vertex 75.1087 35.0592 4.8
    endloop
  endfacet
  facet normal 0 0 -1
    outer loop
      vertex 76.5403 34.6 4.8
      vertex 75.0583 35.1657 4.8
      vertex 75.2702 36.8 4.8
    endloop
  endfacet
  facet normal 0 0 -1
    outer loop
      vertex 74.9978 35.2667 4.8
      vertex 75.2702 36.8 4.8
      vertex 75.0583 35.1657 4.8
    endloop
  endfacet
  facet normal 0 0 -1
    outer loop
      vertex 74.9276 35.3613 4.8
      vertex 75.2702 36.8 4.8
      vertex 74.9978 35.2667 4.8
    endloop
  endfacet
  facet normal 0 0 -1
    outer loop
      vertex 74.8485 35.4485 4.8
      vertex 75.2702 36.8 4.8
      vertex 74.9276 35.3613 4.8
    endloop
  endfacet
  facet normal 0 0 -1
    outer loop
      vertex 74.7613 35.5276 4.8
      vertex 75.2702 36.8 4.8
      vertex 74.8485 35.4485 4.8
    endloop
  endfacet
  facet normal 0 0 -1
    outer loop
      vertex 74.6667 35.5978 4.8
      vertex 75.2702 36.8 4.8
      vertex 74.7613 35.5276 4.8
    endloop
  endfacet
  facet normal 0 0 -1
    outer loop
      vertex 74.5657 35.6583 4.8
      vertex 75.2702 36.8 4.8
      vertex 74.6667 35.5978 4.8
    endloop
  endfacet
  facet normal 0 0 -1
    outer loop
      vertex 74.4592 35.7087 4.8
      vertex 75.2702 36.8 4.8
      vertex 74.5657 35.6583 4.8
    endloop
  endfacet
  facet normal 0 0 -1
    outer loop
      vertex 74.3483 35.7483 4.8
      vertex 75.2702 36.8 4.8
      vertex 74.4592 35.7087 4.8
    endloop
  endfacet
  facet normal 0 0 -1
    outer loop
      vertex 74.2341 35.7769 4.8
      vertex 75.2702 36.8 4.8
      vertex 74.3483 35.7483 4.8
    endloop
  endfacet
  facet normal 0 0 -1
    outer loop
      vertex 74.1176 35.7942 4.8
      vertex 75.2702 36.8 4.8
      vertex 74.2341 35.7769 4.8
    endloop
  endfacet
  facet normal 0 0 -1
    outer loop
      vertex 74 35.8 4.8
      vertex 75.2702 36.8 4.8
      vertex 74.1176 35.7942 4.8
    endloop
  endfacet
  facet normal 0 0 -1
    outer loop
      vertex 73.8824 35.7942 4.8
      vertex 75.2702 36.8 4.8
      vertex 74 35.8 4.8
    endloop
  endfacet
  facet normal 0 0 -1
    outer loop
      vertex 73.7659 35.7769 4.8
      vertex 75.2702 36.8 4.8
      vertex 73.8824 35.7942 4.8
    endloop
  endfacet
  facet normal 0 0 -1
    outer loop
      vertex 71.1179 36.75 4.8
      vertex 73.7659 35.7769 4.8
      vertex 73.6517 35.7483 4.8
    endloop
  endfacet
  facet normal 0 0 -1
    outer loop
      vertex 71.1179 36.75 4.8
      vertex 73.6517 35.7483 4.8
      vertex 73.5408 35.7087 4.8
    endloop
  endfacet
  facet normal 0 0 -1
    outer loop
      vertex 71.1179 36.75 4.8
      vertex 73.5408 35.7087 4.8
      vertex 73.4343 35.6583 4.8
    endloop
  endfacet
  facet normal 0 0 -1
    outer loop
      vertex 71.1179 36.75 4.8
      vertex 73.4343 35.6583 4.8
      vertex 73.3333 35.5978 4.8
    endloop
  endfacet
  facet normal 0 0 -1
    outer loop
      vertex 70.555 33.555 4.8
      vertex 72.8517 34.2517 4.8
      vertex 70.674 33.2223 4.8
    endloop
  endfacet
  facet normal 0 0 -1
    outer loop
      vertex 72.8 34.6 4.8
      vertex 71.1179 36.75 4.8
      vertex 72.8058 34.7176 4.8
    endloop
  endfacet
  facet normal 0 0 -1
    outer loop
      vertex 72.8058 34.7176 4.8
      vertex 71.1179 36.75 4.8
      vertex 72.8231 34.8341 4.8
    endloop
  endfacet
  facet normal 0 0 -1
    outer loop
      vertex 72.8231 34.8341 4.8
      vertex 71.1179 36.75 4.8
      vertex 72.8517 34.9483 4.8
    endloop
  endfacet
  facet normal 0 0 -1
    outer loop
      vertex 72.8517 34.9483 4.8
      vertex 71.1179 36.75 4.8
      vertex 72.8913 35.0592 4.8
    endloop
  endfacet
  facet normal 0 0 -1
    outer loop
      vertex 72.8913 35.0592 4.8
      vertex 71.1179 36.75 4.8
      vertex 72.9417 35.1657 4.8
    endloop
  endfacet
  facet normal 0 0 -1
    outer loop
      vertex 72.9417 35.1657 4.8
      vertex 71.1179 36.75 4.8
      vertex 73.0022 35.2667 4.8
    endloop
  endfacet
  facet normal 0 0 -1
    outer loop
      vertex 71.1179 36.75 4.8
      vertex 73.0724 35.3613 4.8
      vertex 73.0022 35.2667 4.8
    endloop
  endfacet
  facet normal 0 0 -1
    outer loop
      vertex 71.1179 36.75 4.8
      vertex 73.1515 35.4485 4.8
      vertex 73.0724 35.3613 4.8
    endloop
  endfacet
  facet normal 0 0 -1
    outer loop
      vertex 71.1179 36.75 4.8
      vertex 73.2387 35.5276 4.8
      vertex 73.1515 35.4485 4.8
    endloop
  endfacet
  facet normal 0 0 -1
    outer loop
      vertex 71.1179 36.75 4.8
      vertex 73.3333 35.5978 4.8
      vertex 73.2387 35.5276 4.8
    endloop
  endfacet
  facet normal 0 0 -1
    outer loop
      vertex 73.7659 35.7769 4.8
      vertex 71.1179 36.75 4.8
      vertex 75.2702 36.8 4.8
    endloop
  endfacet
  facet normal 0 0 -1
    outer loop
      vertex 71 36.8 4.8
      vertex 71.1179 36.75 4.8
      vertex 71 36.75 4.8
    endloop
  endfacet
  facet normal 0 0 -1
    outer loop
      vertex 71.1179 36.75 4.8
      vertex 71 36.8 4.8
      vertex 75.2702 36.8 4.8
    endloop
  endfacet
  facet normal -0 0 1
    outer loop
      vertex 75.0583 35.1657 3
      vertex 76.5403 34.6 3
      vertex 75.2702 36.8 3
    endloop
  endfacet
  facet normal 0 0 1
    outer loop
      vertex 75.1942 34.4824 3
      vertex 76.5403 34.6 3
      vertex 75.2 34.6 3
    endloop
  endfacet
  facet normal 0 0 1
    outer loop
      vertex 76.5403 34.6 3
      vertex 75.1942 34.7176 3
      vertex 75.2 34.6 3
    endloop
  endfacet
  facet normal 0 0 1
    outer loop
      vertex 76.5403 34.6 3
      vertex 75.1769 34.8341 3
      vertex 75.1942 34.7176 3
    endloop
  endfacet
  facet normal 0 0 1
    outer loop
      vertex 76.5403 34.6 3
      vertex 75.1483 34.9483 3
      vertex 75.1769 34.8341 3
    endloop
  endfacet
  facet normal 0 0 1
    outer loop
      vertex 76.5403 34.6 3
      vertex 75.1087 35.0592 3
      vertex 75.1483 34.9483 3
    endloop
  endfacet
  facet normal 0 0 1
    outer loop
      vertex 76.5403 34.6 3
      vertex 75.0583 35.1657 3
      vertex 75.1087 35.0592 3
    endloop
  endfacet
  facet normal 0 0 1
    outer loop
      vertex 75.2702 36.8 3
      vertex 74.9978 35.2667 3
      vertex 75.0583 35.1657 3
    endloop
  endfacet
  facet normal 0 0 1
    outer loop
      vertex 75.2702 36.8 3
      vertex 74.9276 35.3613 3
      vertex 74.9978 35.2667 3
    endloop
  endfacet
  facet normal 0 0 1
    outer loop
      vertex 75.2702 36.8 3
      vertex 74.8485 35.4485 3
      vertex 74.9276 35.3613 3
    endloop
  endfacet
  facet normal 0 0 1
    outer loop
      vertex 75.2702 36.8 3
      vertex 74.7613 35.5276 3
      vertex 74.8485 35.4485 3
    endloop
  endfacet
  facet normal 0 0 1
    outer loop
      vertex 75.2702 36.8 3
      vertex 74.6667 35.5978 3
      vertex 74.7613 35.5276 3
    endloop
  endfacet
  facet normal 0 0 1
    outer loop
      vertex 75.2702 36.8 3
      vertex 74.5657 35.6583 3
      vertex 74.6667 35.5978 3
    endloop
  endfacet
  facet normal 0 0 1
    outer loop
      vertex 75.2702 36.8 3
      vertex 74.4592 35.7087 3
      vertex 74.5657 35.6583 3
    endloop
  endfacet
  facet normal 0 0 1
    outer loop
      vertex 75.2702 36.8 3
      vertex 74.3483 35.7483 3
      vertex 74.4592 35.7087 3
    endloop
  endfacet
  facet normal 0 0 1
    outer loop
      vertex 75.2702 36.8 3
      vertex 74.2341 35.7769 3
      vertex 74.3483 35.7483 3
    endloop
  endfacet
  facet normal 0 0 1
    outer loop
      vertex 75.2702 36.8 3
      vertex 74.1176 35.7942 3
      vertex 74.2341 35.7769 3
    endloop
  endfacet
  facet normal 0 0 1
    outer loop
      vertex 75.2702 36.8 3
      vertex 74 35.8 3
      vertex 74.1176 35.7942 3
    endloop
  endfacet
  facet normal 0 0 1
    outer loop
      vertex 75.2702 36.8 3
      vertex 73.8824 35.7942 3
      vertex 74 35.8 3
    endloop
  endfacet
  facet normal 0 0 1
    outer loop
      vertex 75.2702 36.8 3
      vertex 73.7659 35.7769 3
      vertex 73.8824 35.7942 3
    endloop
  endfacet
  facet normal -0 0 1
    outer loop
      vertex 71.1179 36.75 3
      vertex 73.7659 35.7769 3
      vertex 75.2702 36.8 3
    endloop
  endfacet
  facet normal 0 0 1
    outer loop
      vertex 73.7659 35.7769 3
      vertex 71.1179 36.75 3
      vertex 73.6517 35.7483 3
    endloop
  endfacet
  facet normal 0 0 1
    outer loop
      vertex 73.6517 35.7483 3
      vertex 71.1179 36.75 3
      vertex 73.5408 35.7087 3
    endloop
  endfacet
  facet normal 0 0 1
    outer loop
      vertex 73.5408 35.7087 3
      vertex 71.1179 36.75 3
      vertex 73.4343 35.6583 3
    endloop
  endfacet
  facet normal 0 0 1
    outer loop
      vertex 70.4 34.6 3
      vertex 72.8 34.6 3
      vertex 72.8058 34.7176 3
    endloop
  endfacet
  facet normal 0 0 1
    outer loop
      vertex 70.4173 34.9529 3
      vertex 72.8058 34.7176 3
      vertex 72.8231 34.8341 3
    endloop
  endfacet
  facet normal 0 0 1
    outer loop
      vertex 70.4692 35.3023 3
      vertex 72.8231 34.8341 3
      vertex 72.8517 34.9483 3
    endloop
  endfacet
  facet normal 0 0 1
    outer loop
      vertex 70.555 35.645 3
      vertex 72.8517 34.9483 3
      vertex 72.8913 35.0592 3
    endloop
  endfacet
  facet normal 0 0 1
    outer loop
      vertex 70.674 35.9777 3
      vertex 72.8913 35.0592 3
      vertex 72.9417 35.1657 3
    endloop
  endfacet
  facet normal 0 0 1
    outer loop
      vertex 70.8251 36.297 3
      vertex 72.9417 35.1657 3
      vertex 73.0022 35.2667 3
    endloop
  endfacet
  facet normal -0 0 1
    outer loop
      vertex 71.0067 36.6001 3
      vertex 73.0022 35.2667 3
      vertex 71.1179 36.75 3
    endloop
  endfacet
  facet normal 0 0 1
    outer loop
      vertex 73.0724 35.3613 3
      vertex 71.1179 36.75 3
      vertex 73.0022 35.2667 3
    endloop
  endfacet
  facet normal 0 0 1
    outer loop
      vertex 73.1515 35.4485 3
      vertex 71.1179 36.75 3
      vertex 73.0724 35.3613 3
    endloop
  endfacet
  facet normal 0 0 1
    outer loop
      vertex 73.2387 35.5276 3
      vertex 71.1179 36.75 3
      vertex 73.1515 35.4485 3
    endloop
  endfacet
  facet normal 0 0 1
    outer loop
      vertex 73.3333 35.5978 3
      vertex 71.1179 36.75 3
      vertex 73.2387 35.5276 3
    endloop
  endfacet
  facet normal 0 0 1
    outer loop
      vertex 73.4343 35.6583 3
      vertex 71.1179 36.75 3
      vertex 73.3333 35.5978 3
    endloop
  endfacet
  facet normal -0 0 1
    outer loop
      vertex 71 36.8 3
      vertex 71.1179 36.75 3
      vertex 75.2702 36.8 3
    endloop
  endfacet
  facet normal 0 0 1
    outer loop
      vertex 71.1179 36.75 3
      vertex 71 36.8 3
      vertex 71 36.75 3
    endloop
  endfacet
  facet normal 0 0 1
    outer loop
      vertex 75.1769 34.3659 3
      vertex 76.5403 34.6 3
      vertex 75.1942 34.4824 3
    endloop
  endfacet
  facet normal 0 0 1
    outer loop
      vertex 75.1483 34.2517 3
      vertex 76.5403 34.6 3
      vertex 75.1769 34.3659 3
    endloop
  endfacet
  facet normal 0 0 1
    outer loop
      vertex 75.1087 34.1408 3
      vertex 76.5403 34.6 3
      vertex 75.1483 34.2517 3
    endloop
  endfacet
  facet normal 0 0 1
    outer loop
      vertex 75.0583 34.0343 3
      vertex 76.5403 34.6 3
      vertex 75.1087 34.1408 3
    endloop
  endfacet
  facet normal 0 0 1
    outer loop
      vertex 76.5403 34.6 3
      vertex 75.0583 34.0343 3
      vertex 75.2702 32.4 3
    endloop
  endfacet
  facet normal -0 0 1
    outer loop
      vertex 74.9978 33.9333 3
      vertex 75.2702 32.4 3
      vertex 75.0583 34.0343 3
    endloop
  endfacet
  facet normal -0 0 1
    outer loop
      vertex 74.9276 33.8387 3
      vertex 75.2702 32.4 3
      vertex 74.9978 33.9333 3
    endloop
  endfacet
  facet normal -0 0 1
    outer loop
      vertex 74.8485 33.7515 3
      vertex 75.2702 32.4 3
      vertex 74.9276 33.8387 3
    endloop
  endfacet
  facet normal -0 0 1
    outer loop
      vertex 74.7613 33.6724 3
      vertex 75.2702 32.4 3
      vertex 74.8485 33.7515 3
    endloop
  endfacet
  facet normal -0 0 1
    outer loop
      vertex 74.6667 33.6022 3
      vertex 75.2702 32.4 3
      vertex 74.7613 33.6724 3
    endloop
  endfacet
  facet normal -0 0 1
    outer loop
      vertex 74.5657 33.5417 3
      vertex 75.2702 32.4 3
      vertex 74.6667 33.6022 3
    endloop
  endfacet
  facet normal -0 0 1
    outer loop
      vertex 74.4592 33.4913 3
      vertex 75.2702 32.4 3
      vertex 74.5657 33.5417 3
    endloop
  endfacet
  facet normal -0 0 1
    outer loop
      vertex 74.3483 33.4517 3
      vertex 75.2702 32.4 3
      vertex 74.4592 33.4913 3
    endloop
  endfacet
  facet normal -0 0 1
    outer loop
      vertex 74.2341 33.4231 3
      vertex 75.2702 32.4 3
      vertex 74.3483 33.4517 3
    endloop
  endfacet
  facet normal -0 0 1
    outer loop
      vertex 74.1176 33.4058 3
      vertex 75.2702 32.4 3
      vertex 74.2341 33.4231 3
    endloop
  endfacet
  facet normal -0 0 1
    outer loop
      vertex 74 33.4 3
      vertex 75.2702 32.4 3
      vertex 74.1176 33.4058 3
    endloop
  endfacet
  facet normal 0 0 1
    outer loop
      vertex 73.8824 33.4058 3
      vertex 75.2702 32.4 3
      vertex 74 33.4 3
    endloop
  endfacet
  facet normal 0 0 1
    outer loop
      vertex 73.7659 33.4231 3
      vertex 75.2702 32.4 3
      vertex 73.8824 33.4058 3
    endloop
  endfacet
  facet normal 0 0 1
    outer loop
      vertex 71.155 32.4 3
      vertex 73.7659 33.4231 3
      vertex 73.6517 33.4517 3
    endloop
  endfacet
  facet normal 0 0 1
    outer loop
      vertex 71.155 32.4 3
      vertex 73.6517 33.4517 3
      vertex 73.5408 33.4913 3
    endloop
  endfacet
  facet normal 0 0 1
    outer loop
      vertex 71.155 32.4 3
      vertex 73.5408 33.4913 3
      vertex 73.4343 33.5417 3
    endloop
  endfacet
  facet normal 0 0 1
    outer loop
      vertex 71.155 32.4 3
      vertex 73.4343 33.5417 3
      vertex 73.3333 33.6022 3
    endloop
  endfacet
  facet normal 0 0 1
    outer loop
      vertex 73.7659 33.4231 3
      vertex 71.155 32.4 3
      vertex 75.2702 32.4 3
    endloop
  endfacet
  facet normal 0 0 1
    outer loop
      vertex 73.2387 33.6724 3
      vertex 71.155 32.4 3
      vertex 73.3333 33.6022 3
    endloop
  endfacet
  facet normal 0 0 1
    outer loop
      vertex 73.1515 33.7515 3
      vertex 71.155 32.4 3
      vertex 73.2387 33.6724 3
    endloop
  endfacet
  facet normal 0 0 1
    outer loop
      vertex 73.0724 33.8387 3
      vertex 71.155 32.4 3
      vertex 73.1515 33.7515 3
    endloop
  endfacet
  facet normal 0 0 1
    outer loop
      vertex 73.0022 33.9333 3
      vertex 71.155 32.4 3
      vertex 73.0724 33.8387 3
    endloop
  endfacet
  facet normal 0 0 1
    outer loop
      vertex 72.9417 34.0343 3
      vertex 71.155 32.4 3
      vertex 73.0022 33.9333 3
    endloop
  endfacet
  facet normal 0 0 1
    outer loop
      vertex 72.8913 34.1408 3
      vertex 71.155 32.4 3
      vertex 72.9417 34.0343 3
    endloop
  endfacet
  facet normal 0 0 1
    outer loop
      vertex 72.8517 34.2517 3
      vertex 71.155 32.4 3
      vertex 72.8913 34.1408 3
    endloop
  endfacet
  facet normal 0 0 1
    outer loop
      vertex 72.8231 34.3659 3
      vertex 71.155 32.4 3
      vertex 72.8517 34.2517 3
    endloop
  endfacet
  facet normal 0 0 1
    outer loop
      vertex 72.8058 34.4824 3
      vertex 71.155 32.4 3
      vertex 72.8231 34.3659 3
    endloop
  endfacet
  facet normal 0 0 1
    outer loop
      vertex 71.155 32.4 3
      vertex 72.8058 34.4824 3
      vertex 72.8 34.6 3
    endloop
  endfacet
  facet normal 0 0 1
    outer loop
      vertex 73.0022 35.2667 3
      vertex 71.0067 36.6001 3
      vertex 70.8251 36.297 3
    endloop
  endfacet
  facet normal 0 0 1
    outer loop
      vertex 72.9417 35.1657 3
      vertex 70.8251 36.297 3
      vertex 70.674 35.9777 3
    endloop
  endfacet
  facet normal 0 0 1
    outer loop
      vertex 72.8 34.6 3
      vertex 70.8251 32.903 3
      vertex 71.0067 32.5999 3
    endloop
  endfacet
  facet normal 0 0 1
    outer loop
      vertex 72.8 34.6 3
      vertex 71.0067 32.5999 3
      vertex 71.155 32.4 3
    endloop
  endfacet
  facet normal 0 0 1
    outer loop
      vertex 72.8913 35.0592 3
      vertex 70.674 35.9777 3
      vertex 70.555 35.645 3
    endloop
  endfacet
  facet normal 0 0 1
    outer loop
      vertex 72.8 34.6 3
      vertex 70.674 33.2223 3
      vertex 70.8251 32.903 3
    endloop
  endfacet
  facet normal 0 0 1
    outer loop
      vertex 72.8517 34.9483 3
      vertex 70.555 35.645 3
      vertex 70.4692 35.3023 3
    endloop
  endfacet
  facet normal 0 0 1
    outer loop
      vertex 72.8 34.6 3
      vertex 70.555 33.555 3
      vertex 70.674 33.2223 3
    endloop
  endfacet
  facet normal 0 0 1
    outer loop
      vertex 72.8231 34.8341 3
      vertex 70.4692 35.3023 3
      vertex 70.4173 34.9529 3
    endloop
  endfacet
  facet normal 0 0 1
    outer loop
      vertex 72.8 34.6 3
      vertex 70.4692 33.8977 3
      vertex 70.555 33.555 3
    endloop
  endfacet
  facet normal 0 0 1
    outer loop
      vertex 72.8058 34.7176 3
      vertex 70.4173 34.9529 3
      vertex 70.4 34.6 3
    endloop
  endfacet
  facet normal 0 0 1
    outer loop
      vertex 72.8 34.6 3
      vertex 70.4173 34.2471 3
      vertex 70.4692 33.8977 3
    endloop
  endfacet
  facet normal 0 0 1
    outer loop
      vertex 72.8 34.6 3
      vertex 70.4 34.6 3
      vertex 70.4173 34.2471 3
    endloop
  endfacet
  facet normal 0 1 -0
    outer loop
      vertex 8.845 32.4 3
      vertex 4.72983 32.4 4.8
      vertex 8.845 32.4 4.8
    endloop
  endfacet
  facet normal 0 1 0
    outer loop
      vertex 4.72983 32.4 4.8
      vertex 8.845 32.4 3
      vertex 4.72983 32.4 3
    endloop
  endfacet
  facet normal 0 -1 0
    outer loop
      vertex 4.72983 36.8 3
      vertex 9 36.8 4.8
      vertex 4.72983 36.8 4.8
    endloop
  endfacet
  facet normal 0 -1 -0
    outer loop
      vertex 9 36.8 4.8
      vertex 4.72983 36.8 3
      vertex 9 36.8 3
    endloop
  endfacet
  facet normal 0.866026 -0.5 0
    outer loop
      vertex 3.45966 34.6 4.8
      vertex 4.72983 36.8 3
      vertex 4.72983 36.8 4.8
    endloop
  endfacet
  facet normal 0.866026 -0.5 0
    outer loop
      vertex 4.72983 36.8 3
      vertex 3.45966 34.6 4.8
      vertex 3.45966 34.6 3
    endloop
  endfacet
  facet normal 0.866026 0.5 0
    outer loop
      vertex 4.72983 32.4 4.8
      vertex 3.45966 34.6 3
      vertex 3.45966 34.6 4.8
    endloop
  endfacet
  facet normal 0.866026 0.5 0
    outer loop
      vertex 3.45966 34.6 3
      vertex 4.72983 32.4 4.8
      vertex 4.72983 32.4 3
    endloop
  endfacet
  facet normal 0 0 -1
    outer loop
      vertex 7.2 34.6 4.8
      vertex 9.6 34.6 4.8
      vertex 9.58266 34.2471 4.8
    endloop
  endfacet
  facet normal 0 0 -1
    outer loop
      vertex 7.19422 34.4824 4.8
      vertex 9.58266 34.2471 4.8
      vertex 9.53083 33.8977 4.8
    endloop
  endfacet
  facet normal 0 0 -1
    outer loop
      vertex 9.6 34.6 4.8
      vertex 7.2 34.6 4.8
      vertex 9.58266 34.9529 4.8
    endloop
  endfacet
  facet normal 0 0 -1
    outer loop
      vertex 7.17694 34.3659 4.8
      vertex 9.53083 33.8977 4.8
      vertex 9.44498 33.555 4.8
    endloop
  endfacet
  facet normal 0 0 -1
    outer loop
      vertex 7.19422 34.7176 4.8
      vertex 9.58266 34.9529 4.8
      vertex 7.2 34.6 4.8
    endloop
  endfacet
  facet normal 0 0 -1
    outer loop
      vertex 7.14833 34.2517 4.8
      vertex 9.44498 33.555 4.8
      vertex 9.32597 33.2223 4.8
    endloop
  endfacet
  facet normal -0 0 -1
    outer loop
      vertex 9.58266 34.9529 4.8
      vertex 7.19422 34.7176 4.8
      vertex 9.53083 35.3023 4.8
    endloop
  endfacet
  facet normal 0 0 -1
    outer loop
      vertex 7.10865 34.1408 4.8
      vertex 9.32597 33.2223 4.8
      vertex 9.17492 32.903 4.8
    endloop
  endfacet
  facet normal 0 0 -1
    outer loop
      vertex 7.17694 34.8341 4.8
      vertex 9.53083 35.3023 4.8
      vertex 7.19422 34.7176 4.8
    endloop
  endfacet
  facet normal 0 0 -1
    outer loop
      vertex 7.0583 34.0343 4.8
      vertex 9.17492 32.903 4.8
      vertex 8.99329 32.5999 4.8
    endloop
  endfacet
  facet normal -0 0 -1
    outer loop
      vertex 9.53083 35.3023 4.8
      vertex 7.17694 34.8341 4.8
      vertex 9.44498 35.645 4.8
    endloop
  endfacet
  facet normal 0 0 -1
    outer loop
      vertex 7.14833 34.9483 4.8
      vertex 9.44498 35.645 4.8
      vertex 7.17694 34.8341 4.8
    endloop
  endfacet
  facet normal 0 0 -1
    outer loop
      vertex 6.99776 33.9333 4.8
      vertex 8.99329 32.5999 4.8
      vertex 8.845 32.4 4.8
    endloop
  endfacet
  facet normal 0 0 -1
    outer loop
      vertex 8.88208 36.75 4.8
      vertex 9 36.8 4.8
      vertex 9 36.75 4.8
    endloop
  endfacet
  facet normal -0 0 -1
    outer loop
      vertex 9.44498 35.645 4.8
      vertex 7.14833 34.9483 4.8
      vertex 9.32597 35.9777 4.8
    endloop
  endfacet
  facet normal 0 0 -1
    outer loop
      vertex 7.10865 35.0592 4.8
      vertex 9.32597 35.9777 4.8
      vertex 7.14833 34.9483 4.8
    endloop
  endfacet
  facet normal -0 0 -1
    outer loop
      vertex 9.32597 35.9777 4.8
      vertex 7.10865 35.0592 4.8
      vertex 9.17492 36.297 4.8
    endloop
  endfacet
  facet normal 0 0 -1
    outer loop
      vertex 7.0583 35.1657 4.8
      vertex 9.17492 36.297 4.8
      vertex 7.10865 35.0592 4.8
    endloop
  endfacet
  facet normal -0 0 -1
    outer loop
      vertex 9.17492 36.297 4.8
      vertex 7.0583 35.1657 4.8
      vertex 8.99329 36.6001 4.8
    endloop
  endfacet
  facet normal 0 0 -1
    outer loop
      vertex 6.99776 35.2667 4.8
      vertex 8.99329 36.6001 4.8
      vertex 7.0583 35.1657 4.8
    endloop
  endfacet
  facet normal -0 0 -1
    outer loop
      vertex 8.99329 36.6001 4.8
      vertex 6.99776 35.2667 4.8
      vertex 8.88208 36.75 4.8
    endloop
  endfacet
  facet normal 0 0 -1
    outer loop
      vertex 6.92761 35.3613 4.8
      vertex 8.88208 36.75 4.8
      vertex 6.99776 35.2667 4.8
    endloop
  endfacet
  facet normal 0 0 -1
    outer loop
      vertex 6.84853 35.4485 4.8
      vertex 8.88208 36.75 4.8
      vertex 6.92761 35.3613 4.8
    endloop
  endfacet
  facet normal 0 0 -1
    outer loop
      vertex 6.76127 35.5276 4.8
      vertex 8.88208 36.75 4.8
      vertex 6.84853 35.4485 4.8
    endloop
  endfacet
  facet normal 0 0 -1
    outer loop
      vertex 6.66668 35.5978 4.8
      vertex 8.88208 36.75 4.8
      vertex 6.76127 35.5276 4.8
    endloop
  endfacet
  facet normal 0 0 -1
    outer loop
      vertex 6.56568 35.6583 4.8
      vertex 8.88208 36.75 4.8
      vertex 6.66668 35.5978 4.8
    endloop
  endfacet
  facet normal 0 0 -1
    outer loop
      vertex 6.45922 35.7087 4.8
      vertex 8.88208 36.75 4.8
      vertex 6.56568 35.6583 4.8
    endloop
  endfacet
  facet normal 0 0 -1
    outer loop
      vertex 6.34834 35.7483 4.8
      vertex 8.88208 36.75 4.8
      vertex 6.45922 35.7087 4.8
    endloop
  endfacet
  facet normal 0 0 -1
    outer loop
      vertex 6.23411 35.7769 4.8
      vertex 8.88208 36.75 4.8
      vertex 6.34834 35.7483 4.8
    endloop
  endfacet
  facet normal 0 0 -1
    outer loop
      vertex 4.72983 36.8 4.8
      vertex 8.88208 36.75 4.8
      vertex 6.23411 35.7769 4.8
    endloop
  endfacet
  facet normal 0 0 -1
    outer loop
      vertex 4.72983 36.8 4.8
      vertex 6.23411 35.7769 4.8
      vertex 6.11762 35.7942 4.8
    endloop
  endfacet
  facet normal 0 0 -1
    outer loop
      vertex 4.72983 36.8 4.8
      vertex 6.11762 35.7942 4.8
      vertex 6 35.8 4.8
    endloop
  endfacet
  facet normal 0 0 -1
    outer loop
      vertex 4.72983 36.8 4.8
      vertex 6 35.8 4.8
      vertex 5.88238 35.7942 4.8
    endloop
  endfacet
  facet normal 0 0 -1
    outer loop
      vertex 4.72983 36.8 4.8
      vertex 5.88238 35.7942 4.8
      vertex 5.76589 35.7769 4.8
    endloop
  endfacet
  facet normal 0 0 -1
    outer loop
      vertex 4.72983 36.8 4.8
      vertex 5.76589 35.7769 4.8
      vertex 5.65166 35.7483 4.8
    endloop
  endfacet
  facet normal 0 0 -1
    outer loop
      vertex 8.88208 36.75 4.8
      vertex 4.72983 36.8 4.8
      vertex 9 36.8 4.8
    endloop
  endfacet
  facet normal 0 0 -1
    outer loop
      vertex 5.54078 35.7087 4.8
      vertex 4.72983 36.8 4.8
      vertex 5.65166 35.7483 4.8
    endloop
  endfacet
  facet normal 0 0 -1
    outer loop
      vertex 5.43432 35.6583 4.8
      vertex 4.72983 36.8 4.8
      vertex 5.54078 35.7087 4.8
    endloop
  endfacet
  facet normal 0 0 -1
    outer loop
      vertex 5.33331 35.5978 4.8
      vertex 4.72983 36.8 4.8
      vertex 5.43432 35.6583 4.8
    endloop
  endfacet
  facet normal 0 0 -1
    outer loop
      vertex 5.23873 35.5276 4.8
      vertex 4.72983 36.8 4.8
      vertex 5.33331 35.5978 4.8
    endloop
  endfacet
  facet normal 0 0 -1
    outer loop
      vertex 5.15147 35.4485 4.8
      vertex 4.72983 36.8 4.8
      vertex 5.23873 35.5276 4.8
    endloop
  endfacet
  facet normal 0 0 -1
    outer loop
      vertex 5.07239 35.3613 4.8
      vertex 4.72983 36.8 4.8
      vertex 5.15147 35.4485 4.8
    endloop
  endfacet
  facet normal 0 0 -1
    outer loop
      vertex 5.00224 35.2667 4.8
      vertex 4.72983 36.8 4.8
      vertex 5.07239 35.3613 4.8
    endloop
  endfacet
  facet normal 0 0 -1
    outer loop
      vertex 4.94169 35.1657 4.8
      vertex 4.72983 36.8 4.8
      vertex 5.00224 35.2667 4.8
    endloop
  endfacet
  facet normal 0 0 -1
    outer loop
      vertex 3.45966 34.6 4.8
      vertex 4.94169 35.1657 4.8
      vertex 4.89134 35.0592 4.8
    endloop
  endfacet
  facet normal 0 0 -1
    outer loop
      vertex 3.45966 34.6 4.8
      vertex 4.89134 35.0592 4.8
      vertex 4.85167 34.9483 4.8
    endloop
  endfacet
  facet normal 0 0 -1
    outer loop
      vertex 3.45966 34.6 4.8
      vertex 4.85167 34.9483 4.8
      vertex 4.82306 34.8341 4.8
    endloop
  endfacet
  facet normal 0 0 -1
    outer loop
      vertex 3.45966 34.6 4.8
      vertex 4.82306 34.8341 4.8
      vertex 4.80578 34.7176 4.8
    endloop
  endfacet
  facet normal 0 0 -1
    outer loop
      vertex 3.45966 34.6 4.8
      vertex 4.80578 34.7176 4.8
      vertex 4.8 34.6 4.8
    endloop
  endfacet
  facet normal 0 0 -1
    outer loop
      vertex 4.80578 34.4824 4.8
      vertex 3.45966 34.6 4.8
      vertex 4.8 34.6 4.8
    endloop
  endfacet
  facet normal -0 0 -1
    outer loop
      vertex 4.94169 35.1657 4.8
      vertex 3.45966 34.6 4.8
      vertex 4.72983 36.8 4.8
    endloop
  endfacet
  facet normal 0 0 -1
    outer loop
      vertex 9.58266 34.2471 4.8
      vertex 7.19422 34.4824 4.8
      vertex 7.2 34.6 4.8
    endloop
  endfacet
  facet normal 0 0 -1
    outer loop
      vertex 9.53083 33.8977 4.8
      vertex 7.17694 34.3659 4.8
      vertex 7.19422 34.4824 4.8
    endloop
  endfacet
  facet normal 0 0 -1
    outer loop
      vertex 9.44498 33.555 4.8
      vertex 7.14833 34.2517 4.8
      vertex 7.17694 34.3659 4.8
    endloop
  endfacet
  facet normal 0 0 -1
    outer loop
      vertex 9.32597 33.2223 4.8
      vertex 7.10865 34.1408 4.8
      vertex 7.14833 34.2517 4.8
    endloop
  endfacet
  facet normal 0 0 -1
    outer loop
      vertex 9.17492 32.903 4.8
      vertex 7.0583 34.0343 4.8
      vertex 7.10865 34.1408 4.8
    endloop
  endfacet
  facet normal 0 0 -1
    outer loop
      vertex 8.99329 32.5999 4.8
      vertex 6.99776 33.9333 4.8
      vertex 7.0583 34.0343 4.8
    endloop
  endfacet
  facet normal 0 0 -1
    outer loop
      vertex 8.845 32.4 4.8
      vertex 6.92761 33.8387 4.8
      vertex 6.99776 33.9333 4.8
    endloop
  endfacet
  facet normal 0 0 -1
    outer loop
      vertex 8.845 32.4 4.8
      vertex 6.84853 33.7515 4.8
      vertex 6.92761 33.8387 4.8
    endloop
  endfacet
  facet normal 0 0 -1
    outer loop
      vertex 8.845 32.4 4.8
      vertex 6.76127 33.6724 4.8
      vertex 6.84853 33.7515 4.8
    endloop
  endfacet
  facet normal 0 0 -1
    outer loop
      vertex 8.845 32.4 4.8
      vertex 6.66668 33.6022 4.8
      vertex 6.76127 33.6724 4.8
    endloop
  endfacet
  facet normal 0 0 -1
    outer loop
      vertex 8.845 32.4 4.8
      vertex 6.56568 33.5417 4.8
      vertex 6.66668 33.6022 4.8
    endloop
  endfacet
  facet normal 0 0 -1
    outer loop
      vertex 8.845 32.4 4.8
      vertex 6.45922 33.4913 4.8
      vertex 6.56568 33.5417 4.8
    endloop
  endfacet
  facet normal 0 0 -1
    outer loop
      vertex 8.845 32.4 4.8
      vertex 6.34834 33.4517 4.8
      vertex 6.45922 33.4913 4.8
    endloop
  endfacet
  facet normal 0 0 -1
    outer loop
      vertex 8.845 32.4 4.8
      vertex 6.23411 33.4231 4.8
      vertex 6.34834 33.4517 4.8
    endloop
  endfacet
  facet normal 0 0 -1
    outer loop
      vertex 4.72983 32.4 4.8
      vertex 6.23411 33.4231 4.8
      vertex 8.845 32.4 4.8
    endloop
  endfacet
  facet normal 0 0 -1
    outer loop
      vertex 6.23411 33.4231 4.8
      vertex 4.72983 32.4 4.8
      vertex 6.11762 33.4058 4.8
    endloop
  endfacet
  facet normal 0 0 -1
    outer loop
      vertex 6.11762 33.4058 4.8
      vertex 4.72983 32.4 4.8
      vertex 6 33.4 4.8
    endloop
  endfacet
  facet normal -0 0 -1
    outer loop
      vertex 6 33.4 4.8
      vertex 4.72983 32.4 4.8
      vertex 5.88238 33.4058 4.8
    endloop
  endfacet
  facet normal -0 0 -1
    outer loop
      vertex 5.88238 33.4058 4.8
      vertex 4.72983 32.4 4.8
      vertex 5.76589 33.4231 4.8
    endloop
  endfacet
  facet normal 0 0 -1
    outer loop
      vertex 4.82306 34.3659 4.8
      vertex 3.45966 34.6 4.8
      vertex 4.80578 34.4824 4.8
    endloop
  endfacet
  facet normal 0 0 -1
    outer loop
      vertex 4.85167 34.2517 4.8
      vertex 3.45966 34.6 4.8
      vertex 4.82306 34.3659 4.8
    endloop
  endfacet
  facet normal 0 0 -1
    outer loop
      vertex 4.89134 34.1408 4.8
      vertex 3.45966 34.6 4.8
      vertex 4.85167 34.2517 4.8
    endloop
  endfacet
  facet normal 0 0 -1
    outer loop
      vertex 4.94169 34.0343 4.8
      vertex 3.45966 34.6 4.8
      vertex 4.89134 34.1408 4.8
    endloop
  endfacet
  facet normal 0 0 -1
    outer loop
      vertex 3.45966 34.6 4.8
      vertex 4.94169 34.0343 4.8
      vertex 4.72983 32.4 4.8
    endloop
  endfacet
  facet normal -0 0 -1
    outer loop
      vertex 5.00224 33.9333 4.8
      vertex 4.72983 32.4 4.8
      vertex 4.94169 34.0343 4.8
    endloop
  endfacet
  facet normal -0 0 -1
    outer loop
      vertex 5.07239 33.8387 4.8
      vertex 4.72983 32.4 4.8
      vertex 5.00224 33.9333 4.8
    endloop
  endfacet
  facet normal -0 0 -1
    outer loop
      vertex 5.15147 33.7515 4.8
      vertex 4.72983 32.4 4.8
      vertex 5.07239 33.8387 4.8
    endloop
  endfacet
  facet normal -0 0 -1
    outer loop
      vertex 5.23873 33.6724 4.8
      vertex 4.72983 32.4 4.8
      vertex 5.15147 33.7515 4.8
    endloop
  endfacet
  facet normal -0 0 -1
    outer loop
      vertex 5.33331 33.6022 4.8
      vertex 4.72983 32.4 4.8
      vertex 5.23873 33.6724 4.8
    endloop
  endfacet
  facet normal -0 0 -1
    outer loop
      vertex 5.43432 33.5417 4.8
      vertex 4.72983 32.4 4.8
      vertex 5.33331 33.6022 4.8
    endloop
  endfacet
  facet normal -0 0 -1
    outer loop
      vertex 5.54078 33.4913 4.8
      vertex 4.72983 32.4 4.8
      vertex 5.43432 33.5417 4.8
    endloop
  endfacet
  facet normal -0 0 -1
    outer loop
      vertex 5.65166 33.4517 4.8
      vertex 4.72983 32.4 4.8
      vertex 5.54078 33.4913 4.8
    endloop
  endfacet
  facet normal -0 0 -1
    outer loop
      vertex 5.76589 33.4231 4.8
      vertex 4.72983 32.4 4.8
      vertex 5.65166 33.4517 4.8
    endloop
  endfacet
  facet normal 0 0 1
    outer loop
      vertex 9 36.8 3
      vertex 8.88208 36.75 3
      vertex 9 36.75 3
    endloop
  endfacet
  facet normal 0 0 1
    outer loop
      vertex 9.44498 33.555 3
      vertex 7.14833 34.2517 3
      vertex 9.32597 33.2223 3
    endloop
  endfacet
  facet normal 0 0 1
    outer loop
      vertex 8.99329 36.6001 3
      vertex 7.19422 34.7176 3
      vertex 7.2 34.6 3
    endloop
  endfacet
  facet normal 0 0 1
    outer loop
      vertex 8.99329 36.6001 3
      vertex 7.17694 34.8341 3
      vertex 7.19422 34.7176 3
    endloop
  endfacet
  facet normal 0 0 1
    outer loop
      vertex 8.99329 36.6001 3
      vertex 7.14833 34.9483 3
      vertex 7.17694 34.8341 3
    endloop
  endfacet
  facet normal 0 0 1
    outer loop
      vertex 8.99329 36.6001 3
      vertex 7.10865 35.0592 3
      vertex 7.14833 34.9483 3
    endloop
  endfacet
  facet normal 0 0 1
    outer loop
      vertex 8.99329 36.6001 3
      vertex 7.0583 35.1657 3
      vertex 7.10865 35.0592 3
    endloop
  endfacet
  facet normal 0 0 1
    outer loop
      vertex 8.99329 36.6001 3
      vertex 6.99776 35.2667 3
      vertex 7.0583 35.1657 3
    endloop
  endfacet
  facet normal 0 0 1
    outer loop
      vertex 8.88208 36.75 3
      vertex 6.92761 35.3613 3
      vertex 6.99776 35.2667 3
    endloop
  endfacet
  facet normal 0 0 1
    outer loop
      vertex 8.88208 36.75 3
      vertex 6.84853 35.4485 3
      vertex 6.92761 35.3613 3
    endloop
  endfacet
  facet normal 0 0 1
    outer loop
      vertex 8.88208 36.75 3
      vertex 6.76127 35.5276 3
      vertex 6.84853 35.4485 3
    endloop
  endfacet
  facet normal 0 0 1
    outer loop
      vertex 8.88208 36.75 3
      vertex 6.66668 35.5978 3
      vertex 6.76127 35.5276 3
    endloop
  endfacet
  facet normal 0 0 1
    outer loop
      vertex 8.88208 36.75 3
      vertex 6.56568 35.6583 3
      vertex 6.66668 35.5978 3
    endloop
  endfacet
  facet normal 0 0 1
    outer loop
      vertex 8.88208 36.75 3
      vertex 6.45922 35.7087 3
      vertex 6.56568 35.6583 3
    endloop
  endfacet
  facet normal 0 0 1
    outer loop
      vertex 8.88208 36.75 3
      vertex 6.34834 35.7483 3
      vertex 6.45922 35.7087 3
    endloop
  endfacet
  facet normal -0 0 1
    outer loop
      vertex 4.72983 36.8 3
      vertex 8.88208 36.75 3
      vertex 9 36.8 3
    endloop
  endfacet
  facet normal 0 0 1
    outer loop
      vertex 8.88208 36.75 3
      vertex 6.23411 35.7769 3
      vertex 6.34834 35.7483 3
    endloop
  endfacet
  facet normal 0 0 1
    outer loop
      vertex 8.88208 36.75 3
      vertex 4.72983 36.8 3
      vertex 6.23411 35.7769 3
    endloop
  endfacet
  facet normal 0 0 1
    outer loop
      vertex 6.23411 35.7769 3
      vertex 4.72983 36.8 3
      vertex 6.11762 35.7942 3
    endloop
  endfacet
  facet normal 0 0 1
    outer loop
      vertex 6.11762 35.7942 3
      vertex 4.72983 36.8 3
      vertex 6 35.8 3
    endloop
  endfacet
  facet normal 0 0 1
    outer loop
      vertex 6 35.8 3
      vertex 4.72983 36.8 3
      vertex 5.88238 35.7942 3
    endloop
  endfacet
  facet normal 0 0 1
    outer loop
      vertex 5.88238 35.7942 3
      vertex 4.72983 36.8 3
      vertex 5.76589 35.7769 3
    endloop
  endfacet
  facet normal 0 0 1
    outer loop
      vertex 4.82306 34.8341 3
      vertex 3.45966 34.6 3
      vertex 4.80578 34.7176 3
    endloop
  endfacet
  facet normal 0 0 1
    outer loop
      vertex 4.85167 34.9483 3
      vertex 3.45966 34.6 3
      vertex 4.82306 34.8341 3
    endloop
  endfacet
  facet normal 0 0 1
    outer loop
      vertex 4.89134 35.0592 3
      vertex 3.45966 34.6 3
      vertex 4.85167 34.9483 3
    endloop
  endfacet
  facet normal 0 0 1
    outer loop
      vertex 4.94169 35.1657 3
      vertex 3.45966 34.6 3
      vertex 4.89134 35.0592 3
    endloop
  endfacet
  facet normal 0 0 1
    outer loop
      vertex 3.45966 34.6 3
      vertex 4.94169 35.1657 3
      vertex 4.72983 36.8 3
    endloop
  endfacet
  facet normal 0 0 1
    outer loop
      vertex 5.00224 35.2667 3
      vertex 4.72983 36.8 3
      vertex 4.94169 35.1657 3
    endloop
  endfacet
  facet normal 0 0 1
    outer loop
      vertex 5.07239 35.3613 3
      vertex 4.72983 36.8 3
      vertex 5.00224 35.2667 3
    endloop
  endfacet
  facet normal 0 0 1
    outer loop
      vertex 5.15147 35.4485 3
      vertex 4.72983 36.8 3
      vertex 5.07239 35.3613 3
    endloop
  endfacet
  facet normal 0 0 1
    outer loop
      vertex 5.23873 35.5276 3
      vertex 4.72983 36.8 3
      vertex 5.15147 35.4485 3
    endloop
  endfacet
  facet normal 0 0 1
    outer loop
      vertex 5.33331 35.5978 3
      vertex 4.72983 36.8 3
      vertex 5.23873 35.5276 3
    endloop
  endfacet
  facet normal 0 0 1
    outer loop
      vertex 5.43432 35.6583 3
      vertex 4.72983 36.8 3
      vertex 5.33331 35.5978 3
    endloop
  endfacet
  facet normal 0 0 1
    outer loop
      vertex 5.54078 35.7087 3
      vertex 4.72983 36.8 3
      vertex 5.43432 35.6583 3
    endloop
  endfacet
  facet normal 0 0 1
    outer loop
      vertex 5.65166 35.7483 3
      vertex 4.72983 36.8 3
      vertex 5.54078 35.7087 3
    endloop
  endfacet
  facet normal 0 0 1
    outer loop
      vertex 5.76589 35.7769 3
      vertex 4.72983 36.8 3
      vertex 5.65166 35.7483 3
    endloop
  endfacet
  facet normal 0 0 1
    outer loop
      vertex 7.2 34.6 3
      vertex 9.6 34.6 3
      vertex 9.58266 34.9529 3
    endloop
  endfacet
  facet normal 0 0 1
    outer loop
      vertex 7.2 34.6 3
      vertex 9.58266 34.9529 3
      vertex 9.53083 35.3023 3
    endloop
  endfacet
  facet normal 0 0 1
    outer loop
      vertex 9.6 34.6 3
      vertex 7.2 34.6 3
      vertex 9.58266 34.2471 3
    endloop
  endfacet
  facet normal 0 0 1
    outer loop
      vertex 7.2 34.6 3
      vertex 9.53083 35.3023 3
      vertex 9.44498 35.645 3
    endloop
  endfacet
  facet normal -0 0 1
    outer loop
      vertex 7.19422 34.4824 3
      vertex 9.58266 34.2471 3
      vertex 7.2 34.6 3
    endloop
  endfacet
  facet normal 0 0 1
    outer loop
      vertex 7.2 34.6 3
      vertex 9.44498 35.645 3
      vertex 9.32597 35.9777 3
    endloop
  endfacet
  facet normal 0 0 1
    outer loop
      vertex 9.58266 34.2471 3
      vertex 7.19422 34.4824 3
      vertex 9.53083 33.8977 3
    endloop
  endfacet
  facet normal 0 0 1
    outer loop
      vertex 7.2 34.6 3
      vertex 9.32597 35.9777 3
      vertex 9.17492 36.297 3
    endloop
  endfacet
  facet normal -0 0 1
    outer loop
      vertex 7.17694 34.3659 3
      vertex 9.53083 33.8977 3
      vertex 7.19422 34.4824 3
    endloop
  endfacet
  facet normal 0 0 1
    outer loop
      vertex 6.99776 35.2667 3
      vertex 8.99329 36.6001 3
      vertex 8.88208 36.75 3
    endloop
  endfacet
  facet normal 0 0 1
    outer loop
      vertex 8.99329 36.6001 3
      vertex 7.2 34.6 3
      vertex 9.17492 36.297 3
    endloop
  endfacet
  facet normal 0 0 1
    outer loop
      vertex 9.53083 33.8977 3
      vertex 7.17694 34.3659 3
      vertex 9.44498 33.555 3
    endloop
  endfacet
  facet normal -0 0 1
    outer loop
      vertex 7.14833 34.2517 3
      vertex 9.44498 33.555 3
      vertex 7.17694 34.3659 3
    endloop
  endfacet
  facet normal -0 0 1
    outer loop
      vertex 7.10865 34.1408 3
      vertex 9.32597 33.2223 3
      vertex 7.14833 34.2517 3
    endloop
  endfacet
  facet normal 0 0 1
    outer loop
      vertex 9.32597 33.2223 3
      vertex 7.10865 34.1408 3
      vertex 9.17492 32.903 3
    endloop
  endfacet
  facet normal -0 0 1
    outer loop
      vertex 7.0583 34.0343 3
      vertex 9.17492 32.903 3
      vertex 7.10865 34.1408 3
    endloop
  endfacet
  facet normal 0 0 1
    outer loop
      vertex 9.17492 32.903 3
      vertex 7.0583 34.0343 3
      vertex 8.99329 32.5999 3
    endloop
  endfacet
  facet normal -0 0 1
    outer loop
      vertex 6.99776 33.9333 3
      vertex 8.99329 32.5999 3
      vertex 7.0583 34.0343 3
    endloop
  endfacet
  facet normal 0 0 1
    outer loop
      vertex 8.99329 32.5999 3
      vertex 6.99776 33.9333 3
      vertex 8.845 32.4 3
    endloop
  endfacet
  facet normal -0 0 1
    outer loop
      vertex 6.92761 33.8387 3
      vertex 8.845 32.4 3
      vertex 6.99776 33.9333 3
    endloop
  endfacet
  facet normal -0 0 1
    outer loop
      vertex 6.84853 33.7515 3
      vertex 8.845 32.4 3
      vertex 6.92761 33.8387 3
    endloop
  endfacet
  facet normal -0 0 1
    outer loop
      vertex 6.76127 33.6724 3
      vertex 8.845 32.4 3
      vertex 6.84853 33.7515 3
    endloop
  endfacet
  facet normal -0 0 1
    outer loop
      vertex 6.66668 33.6022 3
      vertex 8.845 32.4 3
      vertex 6.76127 33.6724 3
    endloop
  endfacet
  facet normal -0 0 1
    outer loop
      vertex 6.56568 33.5417 3
      vertex 8.845 32.4 3
      vertex 6.66668 33.6022 3
    endloop
  endfacet
  facet normal -0 0 1
    outer loop
      vertex 6.45922 33.4913 3
      vertex 8.845 32.4 3
      vertex 6.56568 33.5417 3
    endloop
  endfacet
  facet normal -0 0 1
    outer loop
      vertex 6.34834 33.4517 3
      vertex 8.845 32.4 3
      vertex 6.45922 33.4913 3
    endloop
  endfacet
  facet normal -0 0 1
    outer loop
      vertex 6.23411 33.4231 3
      vertex 8.845 32.4 3
      vertex 6.34834 33.4517 3
    endloop
  endfacet
  facet normal 0 0 1
    outer loop
      vertex 4.72983 32.4 3
      vertex 6.23411 33.4231 3
      vertex 6.11762 33.4058 3
    endloop
  endfacet
  facet normal 0 0 1
    outer loop
      vertex 4.72983 32.4 3
      vertex 6.11762 33.4058 3
      vertex 6 33.4 3
    endloop
  endfacet
  facet normal 0 0 1
    outer loop
      vertex 4.72983 32.4 3
      vertex 6 33.4 3
      vertex 5.88238 33.4058 3
    endloop
  endfacet
  facet normal 0 0 1
    outer loop
      vertex 4.72983 32.4 3
      vertex 5.88238 33.4058 3
      vertex 5.76589 33.4231 3
    endloop
  endfacet
  facet normal 0 0 1
    outer loop
      vertex 4.72983 32.4 3
      vertex 5.76589 33.4231 3
      vertex 5.65166 33.4517 3
    endloop
  endfacet
  facet normal 0 0 1
    outer loop
      vertex 6.23411 33.4231 3
      vertex 4.72983 32.4 3
      vertex 8.845 32.4 3
    endloop
  endfacet
  facet normal 0 0 1
    outer loop
      vertex 5.54078 33.4913 3
      vertex 4.72983 32.4 3
      vertex 5.65166 33.4517 3
    endloop
  endfacet
  facet normal 0 0 1
    outer loop
      vertex 5.43432 33.5417 3
      vertex 4.72983 32.4 3
      vertex 5.54078 33.4913 3
    endloop
  endfacet
  facet normal 0 0 1
    outer loop
      vertex 5.33331 33.6022 3
      vertex 4.72983 32.4 3
      vertex 5.43432 33.5417 3
    endloop
  endfacet
  facet normal 0 0 1
    outer loop
      vertex 5.23873 33.6724 3
      vertex 4.72983 32.4 3
      vertex 5.33331 33.6022 3
    endloop
  endfacet
  facet normal 0 0 1
    outer loop
      vertex 5.15147 33.7515 3
      vertex 4.72983 32.4 3
      vertex 5.23873 33.6724 3
    endloop
  endfacet
  facet normal 0 0 1
    outer loop
      vertex 5.07239 33.8387 3
      vertex 4.72983 32.4 3
      vertex 5.15147 33.7515 3
    endloop
  endfacet
  facet normal 0 0 1
    outer loop
      vertex 5.00224 33.9333 3
      vertex 4.72983 32.4 3
      vertex 5.07239 33.8387 3
    endloop
  endfacet
  facet normal 0 0 1
    outer loop
      vertex 4.94169 34.0343 3
      vertex 4.72983 32.4 3
      vertex 5.00224 33.9333 3
    endloop
  endfacet
  facet normal 0 0 1
    outer loop
      vertex 3.45966 34.6 3
      vertex 4.94169 34.0343 3
      vertex 4.89134 34.1408 3
    endloop
  endfacet
  facet normal 0 0 1
    outer loop
      vertex 3.45966 34.6 3
      vertex 4.89134 34.1408 3
      vertex 4.85167 34.2517 3
    endloop
  endfacet
  facet normal 0 0 1
    outer loop
      vertex 3.45966 34.6 3
      vertex 4.85167 34.2517 3
      vertex 4.82306 34.3659 3
    endloop
  endfacet
  facet normal 0 0 1
    outer loop
      vertex 3.45966 34.6 3
      vertex 4.82306 34.3659 3
      vertex 4.80578 34.4824 3
    endloop
  endfacet
  facet normal -0 0 1
    outer loop
      vertex 3.45966 34.6 3
      vertex 4.80578 34.4824 3
      vertex 4.8 34.6 3
    endloop
  endfacet
  facet normal 0 0 1
    outer loop
      vertex 4.80578 34.7176 3
      vertex 3.45966 34.6 3
      vertex 4.8 34.6 3
    endloop
  endfacet
  facet normal 0 0 1
    outer loop
      vertex 4.94169 34.0343 3
      vertex 3.45966 34.6 3
      vertex 4.72983 32.4 3
    endloop
  endfacet
  facet normal -0 0 1
    outer loop
      vertex 0 28 5.6
      vertex 2 12 5.6
      vertex 2 28 5.6
    endloop
  endfacet
  facet normal 0 0 1
    outer loop
      vertex 2 12 5.6
      vertex 0 28 5.6
      vertex 0 12 5.6
    endloop
  endfacet
  facet normal 0 -1 0
    outer loop
      vertex 0 28 5.6
      vertex 2 28 15.3
      vertex 0 28 15.3
    endloop
  endfacet
  facet normal 0 -1 -0
    outer loop
      vertex 2 28 15.3
      vertex 0 28 5.6
      vertex 2 28 5.6
    endloop
  endfacet
  facet normal 0 1 -0
    outer loop
      vertex 2 12 5.6
      vertex 0 12 15.3
      vertex 2 12 15.3
    endloop
  endfacet
  facet normal 0 1 0
    outer loop
      vertex 0 12 15.3
      vertex 2 12 5.6
      vertex 0 12 5.6
    endloop
  endfacet
endsolid OpenSCAD_Model
