solid OpenSCAD_Model
  facet normal -1 0 0
    outer loop
      vertex 29 5.7 0
      vertex 29 4.9 0
      vertex 29 5.7 1.2
    endloop
  endfacet
  facet normal -1 0 0
    outer loop
      vertex 29 12.3 1.2
      vertex 29 13.1 0
      vertex 29 12.3 0
    endloop
  endfacet
  facet normal -1 0 0
    outer loop
      vertex 29 13.1 0
      vertex 29 12.3 1.2
      vertex 29 13.1 2
    endloop
  endfacet
  facet normal -1 0 0
    outer loop
      vertex 29 5.7 1.2
      vertex 29 13.1 2
      vertex 29 12.3 1.2
    endloop
  endfacet
  facet normal -1 0 0
    outer loop
      vertex 29 5.7 1.2
      vertex 29 4.9 2
      vertex 29 13.1 2
    endloop
  endfacet
  facet normal -1 0 0
    outer loop
      vertex 29 4.9 2
      vertex 29 5.7 1.2
      vertex 29 4.9 0
    endloop
  endfacet
  facet normal 1 -0 0
    outer loop
      vertex 5 4.9 2
      vertex 5 13.1 0
      vertex 5 13.1 2
    endloop
  endfacet
  facet normal 1 0 0
    outer loop
      vertex 5 13.1 0
      vertex 5 4.9 2
      vertex 5 4.9 0
    endloop
  endfacet
  facet normal 0 -1 0
    outer loop
      vertex 5.8 5.7 0
      vertex 29 5.7 1.2
      vertex 5.8 5.7 1.2
    endloop
  endfacet
  facet normal 0 -1 -0
    outer loop
      vertex 29 5.7 1.2
      vertex 5.8 5.7 0
      vertex 29 5.7 0
    endloop
  endfacet
  facet normal 0 1 -0
    outer loop
      vertex 29 4.9 0
      vertex 5 4.9 2
      vertex 29 4.9 2
    endloop
  endfacet
  facet normal 0 1 0
    outer loop
      vertex 5 4.9 2
      vertex 29 4.9 0
      vertex 5 4.9 0
    endloop
  endfacet
  facet normal 0 -1 0
    outer loop
      vertex 5 13.1 0
      vertex 7.96185 13.1 2
      vertex 5 13.1 2
    endloop
  endfacet
  facet normal 0 -1 -0
    outer loop
      vertex 7.96185 13.1 2
      vertex 5 13.1 0
      vertex 7.96185 13.1 0
    endloop
  endfacet
  facet normal 0 -1 0
    outer loop
      vertex 11.0382 13.1 0
      vertex 29 13.1 2
      vertex 11.0382 13.1 2
    endloop
  endfacet
  facet normal 0 -1 -0
    outer loop
      vertex 29 13.1 2
      vertex 11.0382 13.1 0
      vertex 29 13.1 0
    endloop
  endfacet
  facet normal 0 1 -0
    outer loop
      vertex 29 12.3 0
      vertex 5.8 12.3 1.2
      vertex 29 12.3 1.2
    endloop
  endfacet
  facet normal 0 1 0
    outer loop
      vertex 5.8 12.3 1.2
      vertex 29 12.3 0
      vertex 5.8 12.3 0
    endloop
  endfacet
  facet normal -1 0 0
    outer loop
      vertex 5.8 5.7 0
      vertex 5.8 12.3 1.2
      vertex 5.8 12.3 0
    endloop
  endfacet
  facet normal -1 -0 0
    outer loop
      vertex 5.8 12.3 1.2
      vertex 5.8 5.7 0
      vertex 5.8 5.7 1.2
    endloop
  endfacet
  facet normal 0 0 1
    outer loop
      vertex 29 12.3 1.2
      vertex 11.9 9 1.2
      vertex 29 5.7 1.2
    endloop
  endfacet
  facet normal 0 0 1
    outer loop
      vertex 29 12.3 1.2
      vertex 11.886 9.28425 1.2
      vertex 11.9 9 1.2
    endloop
  endfacet
  facet normal 0 0 1
    outer loop
      vertex 29 12.3 1.2
      vertex 11.8443 9.56576 1.2
      vertex 11.886 9.28425 1.2
    endloop
  endfacet
  facet normal 0 0 1
    outer loop
      vertex 29 12.3 1.2
      vertex 11.7751 9.84183 1.2
      vertex 11.8443 9.56576 1.2
    endloop
  endfacet
  facet normal 0 0 1
    outer loop
      vertex 29 12.3 1.2
      vertex 11.6792 10.1098 1.2
      vertex 11.7751 9.84183 1.2
    endloop
  endfacet
  facet normal 0 0 1
    outer loop
      vertex 29 12.3 1.2
      vertex 11.5576 10.3671 1.2
      vertex 11.6792 10.1098 1.2
    endloop
  endfacet
  facet normal 0 0 1
    outer loop
      vertex 29 12.3 1.2
      vertex 11.4113 10.6112 1.2
      vertex 11.5576 10.3671 1.2
    endloop
  endfacet
  facet normal 0 0 1
    outer loop
      vertex 29 12.3 1.2
      vertex 11.2417 10.8397 1.2
      vertex 11.4113 10.6112 1.2
    endloop
  endfacet
  facet normal 0 0 1
    outer loop
      vertex 29 12.3 1.2
      vertex 11.0506 11.0506 1.2
      vertex 11.2417 10.8397 1.2
    endloop
  endfacet
  facet normal 0 0 1
    outer loop
      vertex 29 12.3 1.2
      vertex 10.8397 11.2417 1.2
      vertex 11.0506 11.0506 1.2
    endloop
  endfacet
  facet normal 0 0 1
    outer loop
      vertex 29 12.3 1.2
      vertex 10.6112 11.4113 1.2
      vertex 10.8397 11.2417 1.2
    endloop
  endfacet
  facet normal 0 0 1
    outer loop
      vertex 29 12.3 1.2
      vertex 10.3671 11.5576 1.2
      vertex 10.6112 11.4113 1.2
    endloop
  endfacet
  facet normal 0 0 1
    outer loop
      vertex 29 12.3 1.2
      vertex 10.1098 11.6792 1.2
      vertex 10.3671 11.5576 1.2
    endloop
  endfacet
  facet normal 0 0 1
    outer loop
      vertex 29 12.3 1.2
      vertex 9.84183 11.7751 1.2
      vertex 10.1098 11.6792 1.2
    endloop
  endfacet
  facet normal 0 0 1
    outer loop
      vertex 29 12.3 1.2
      vertex 9.56576 11.8443 1.2
      vertex 9.84183 11.7751 1.2
    endloop
  endfacet
  facet normal 0 0 1
    outer loop
      vertex 29 12.3 1.2
      vertex 9.28425 11.886 1.2
      vertex 9.56576 11.8443 1.2
    endloop
  endfacet
  facet normal -0 0 1
    outer loop
      vertex 5.8 12.3 1.2
      vertex 9.28425 11.886 1.2
      vertex 29 12.3 1.2
    endloop
  endfacet
  facet normal 0 0 1
    outer loop
      vertex 6.11397 9.28425 1.2
      vertex 5.8 12.3 1.2
      vertex 6.1 9 1.2
    endloop
  endfacet
  facet normal 0 0 1
    outer loop
      vertex 6.15572 9.56576 1.2
      vertex 5.8 12.3 1.2
      vertex 6.11397 9.28425 1.2
    endloop
  endfacet
  facet normal 0 0 1
    outer loop
      vertex 6.22487 9.84183 1.2
      vertex 5.8 12.3 1.2
      vertex 6.15572 9.56576 1.2
    endloop
  endfacet
  facet normal 0 0 1
    outer loop
      vertex 6.32075 10.1098 1.2
      vertex 5.8 12.3 1.2
      vertex 6.22487 9.84183 1.2
    endloop
  endfacet
  facet normal 0 0 1
    outer loop
      vertex 6.44243 10.3671 1.2
      vertex 5.8 12.3 1.2
      vertex 6.32075 10.1098 1.2
    endloop
  endfacet
  facet normal 0 0 1
    outer loop
      vertex 6.58874 10.6112 1.2
      vertex 5.8 12.3 1.2
      vertex 6.44243 10.3671 1.2
    endloop
  endfacet
  facet normal 0 0 1
    outer loop
      vertex 6.75827 10.8397 1.2
      vertex 5.8 12.3 1.2
      vertex 6.58874 10.6112 1.2
    endloop
  endfacet
  facet normal 0 0 1
    outer loop
      vertex 6.94939 11.0506 1.2
      vertex 5.8 12.3 1.2
      vertex 6.75827 10.8397 1.2
    endloop
  endfacet
  facet normal 0 0 1
    outer loop
      vertex 7.16026 11.2417 1.2
      vertex 5.8 12.3 1.2
      vertex 6.94939 11.0506 1.2
    endloop
  endfacet
  facet normal 0 0 1
    outer loop
      vertex 7.38885 11.4113 1.2
      vertex 5.8 12.3 1.2
      vertex 7.16026 11.2417 1.2
    endloop
  endfacet
  facet normal 0 0 1
    outer loop
      vertex 7.63295 11.5576 1.2
      vertex 5.8 12.3 1.2
      vertex 7.38885 11.4113 1.2
    endloop
  endfacet
  facet normal 0 0 1
    outer loop
      vertex 7.89022 11.6792 1.2
      vertex 5.8 12.3 1.2
      vertex 7.63295 11.5576 1.2
    endloop
  endfacet
  facet normal 0 0 1
    outer loop
      vertex 8.15817 11.7751 1.2
      vertex 5.8 12.3 1.2
      vertex 7.89022 11.6792 1.2
    endloop
  endfacet
  facet normal 0 0 1
    outer loop
      vertex 8.43424 11.8443 1.2
      vertex 5.8 12.3 1.2
      vertex 8.15817 11.7751 1.2
    endloop
  endfacet
  facet normal 0 0 1
    outer loop
      vertex 8.71575 11.886 1.2
      vertex 5.8 12.3 1.2
      vertex 8.43424 11.8443 1.2
    endloop
  endfacet
  facet normal 0 0 1
    outer loop
      vertex 9 11.9 1.2
      vertex 5.8 12.3 1.2
      vertex 8.71575 11.886 1.2
    endloop
  endfacet
  facet normal 0 0 1
    outer loop
      vertex 9.28425 11.886 1.2
      vertex 5.8 12.3 1.2
      vertex 9 11.9 1.2
    endloop
  endfacet
  facet normal -0 0 1
    outer loop
      vertex 11.886 8.71575 1.2
      vertex 29 5.7 1.2
      vertex 11.9 9 1.2
    endloop
  endfacet
  facet normal -0 0 1
    outer loop
      vertex 11.8443 8.43424 1.2
      vertex 29 5.7 1.2
      vertex 11.886 8.71575 1.2
    endloop
  endfacet
  facet normal -0 0 1
    outer loop
      vertex 11.7751 8.15817 1.2
      vertex 29 5.7 1.2
      vertex 11.8443 8.43424 1.2
    endloop
  endfacet
  facet normal -0 0 1
    outer loop
      vertex 11.6792 7.89022 1.2
      vertex 29 5.7 1.2
      vertex 11.7751 8.15817 1.2
    endloop
  endfacet
  facet normal -0 0 1
    outer loop
      vertex 11.5576 7.63295 1.2
      vertex 29 5.7 1.2
      vertex 11.6792 7.89022 1.2
    endloop
  endfacet
  facet normal -0 0 1
    outer loop
      vertex 11.4113 7.38885 1.2
      vertex 29 5.7 1.2
      vertex 11.5576 7.63295 1.2
    endloop
  endfacet
  facet normal -0 0 1
    outer loop
      vertex 11.2417 7.16026 1.2
      vertex 29 5.7 1.2
      vertex 11.4113 7.38885 1.2
    endloop
  endfacet
  facet normal -0 0 1
    outer loop
      vertex 11.0506 6.94939 1.2
      vertex 29 5.7 1.2
      vertex 11.2417 7.16026 1.2
    endloop
  endfacet
  facet normal -0 0 1
    outer loop
      vertex 10.8397 6.75827 1.2
      vertex 29 5.7 1.2
      vertex 11.0506 6.94939 1.2
    endloop
  endfacet
  facet normal -0 0 1
    outer loop
      vertex 10.6112 6.58874 1.2
      vertex 29 5.7 1.2
      vertex 10.8397 6.75827 1.2
    endloop
  endfacet
  facet normal -0 0 1
    outer loop
      vertex 10.3671 6.44243 1.2
      vertex 29 5.7 1.2
      vertex 10.6112 6.58874 1.2
    endloop
  endfacet
  facet normal -0 0 1
    outer loop
      vertex 10.1098 6.32075 1.2
      vertex 29 5.7 1.2
      vertex 10.3671 6.44243 1.2
    endloop
  endfacet
  facet normal -0 0 1
    outer loop
      vertex 9.84183 6.22487 1.2
      vertex 29 5.7 1.2
      vertex 10.1098 6.32075 1.2
    endloop
  endfacet
  facet normal -0 0 1
    outer loop
      vertex 9.56576 6.15572 1.2
      vertex 29 5.7 1.2
      vertex 9.84183 6.22487 1.2
    endloop
  endfacet
  facet normal -0 0 1
    outer loop
      vertex 9.28425 6.11397 1.2
      vertex 29 5.7 1.2
      vertex 9.56576 6.15572 1.2
    endloop
  endfacet
  facet normal 0 0 1
    outer loop
      vertex 5.8 5.7 1.2
      vertex 9.28425 6.11397 1.2
      vertex 9 6.1 1.2
    endloop
  endfacet
  facet normal 0 0 1
    outer loop
      vertex 5.8 5.7 1.2
      vertex 6.1 9 1.2
      vertex 5.8 12.3 1.2
    endloop
  endfacet
  facet normal 0 0 1
    outer loop
      vertex 9.28425 6.11397 1.2
      vertex 5.8 5.7 1.2
      vertex 29 5.7 1.2
    endloop
  endfacet
  facet normal 0 0 1
    outer loop
      vertex 8.71575 6.11397 1.2
      vertex 5.8 5.7 1.2
      vertex 9 6.1 1.2
    endloop
  endfacet
  facet normal 0 0 1
    outer loop
      vertex 8.43424 6.15572 1.2
      vertex 5.8 5.7 1.2
      vertex 8.71575 6.11397 1.2
    endloop
  endfacet
  facet normal 0 0 1
    outer loop
      vertex 8.15817 6.22487 1.2
      vertex 5.8 5.7 1.2
      vertex 8.43424 6.15572 1.2
    endloop
  endfacet
  facet normal 0 0 1
    outer loop
      vertex 7.89022 6.32075 1.2
      vertex 5.8 5.7 1.2
      vertex 8.15817 6.22487 1.2
    endloop
  endfacet
  facet normal 0 0 1
    outer loop
      vertex 7.63295 6.44243 1.2
      vertex 5.8 5.7 1.2
      vertex 7.89022 6.32075 1.2
    endloop
  endfacet
  facet normal 0 0 1
    outer loop
      vertex 7.38885 6.58874 1.2
      vertex 5.8 5.7 1.2
      vertex 7.63295 6.44243 1.2
    endloop
  endfacet
  facet normal 0 0 1
    outer loop
      vertex 7.16026 6.75827 1.2
      vertex 5.8 5.7 1.2
      vertex 7.38885 6.58874 1.2
    endloop
  endfacet
  facet normal 0 0 1
    outer loop
      vertex 6.94939 6.94939 1.2
      vertex 5.8 5.7 1.2
      vertex 7.16026 6.75827 1.2
    endloop
  endfacet
  facet normal 0 0 1
    outer loop
      vertex 6.75827 7.16026 1.2
      vertex 5.8 5.7 1.2
      vertex 6.94939 6.94939 1.2
    endloop
  endfacet
  facet normal 0 0 1
    outer loop
      vertex 6.58874 7.38885 1.2
      vertex 5.8 5.7 1.2
      vertex 6.75827 7.16026 1.2
    endloop
  endfacet
  facet normal 0 0 1
    outer loop
      vertex 6.44243 7.63295 1.2
      vertex 5.8 5.7 1.2
      vertex 6.58874 7.38885 1.2
    endloop
  endfacet
  facet normal 0 0 1
    outer loop
      vertex 6.32075 7.89022 1.2
      vertex 5.8 5.7 1.2
      vertex 6.44243 7.63295 1.2
    endloop
  endfacet
  facet normal 0 0 1
    outer loop
      vertex 6.22487 8.15817 1.2
      vertex 5.8 5.7 1.2
      vertex 6.32075 7.89022 1.2
    endloop
  endfacet
  facet normal 0 0 1
    outer loop
      vertex 6.15572 8.43424 1.2
      vertex 5.8 5.7 1.2
      vertex 6.22487 8.15817 1.2
    endloop
  endfacet
  facet normal 0 0 1
    outer loop
      vertex 6.11397 8.71575 1.2
      vertex 5.8 5.7 1.2
      vertex 6.15572 8.43424 1.2
    endloop
  endfacet
  facet normal 0 0 1
    outer loop
      vertex 6.1 9 1.2
      vertex 5.8 5.7 1.2
      vertex 6.11397 8.71575 1.2
    endloop
  endfacet
  facet normal 1 0 0
    outer loop
      vertex 57 13.1 2
      vertex 57 12.3 1.2
      vertex 57 13.1 0
    endloop
  endfacet
  facet normal 1 0 0
    outer loop
      vertex 57 13.1 2
      vertex 57 5.7 1.2
      vertex 57 12.3 1.2
    endloop
  endfacet
  facet normal 1 -0 0
    outer loop
      vertex 57 4.9 2
      vertex 57 5.7 1.2
      vertex 57 13.1 2
    endloop
  endfacet
  facet normal 1 0 0
    outer loop
      vertex 57 4.9 0
      vertex 57 5.7 1.2
      vertex 57 4.9 2
    endloop
  endfacet
  facet normal 1 0 0
    outer loop
      vertex 57 5.7 1.2
      vertex 57 4.9 0
      vertex 57 5.7 0
    endloop
  endfacet
  facet normal 1 0 0
    outer loop
      vertex 57 13.1 0
      vertex 57 12.3 1.2
      vertex 57 12.3 0
    endloop
  endfacet
  facet normal -1 0 0
    outer loop
      vertex 81 4.9 0
      vertex 81 13.1 2
      vertex 81 13.1 0
    endloop
  endfacet
  facet normal -1 -0 0
    outer loop
      vertex 81 13.1 2
      vertex 81 4.9 0
      vertex 81 4.9 2
    endloop
  endfacet
  facet normal 0 -1 0
    outer loop
      vertex 57 5.7 0
      vertex 80.2 5.7 1.2
      vertex 57 5.7 1.2
    endloop
  endfacet
  facet normal 0 -1 -0
    outer loop
      vertex 80.2 5.7 1.2
      vertex 57 5.7 0
      vertex 80.2 5.7 0
    endloop
  endfacet
  facet normal 0 1 -0
    outer loop
      vertex 81 4.9 0
      vertex 57 4.9 2
      vertex 81 4.9 2
    endloop
  endfacet
  facet normal 0 1 0
    outer loop
      vertex 57 4.9 2
      vertex 81 4.9 0
      vertex 57 4.9 0
    endloop
  endfacet
  facet normal 0 -1 0
    outer loop
      vertex 57 13.1 0
      vertex 81 13.1 2
      vertex 57 13.1 2
    endloop
  endfacet
  facet normal 0 -1 -0
    outer loop
      vertex 81 13.1 2
      vertex 57 13.1 0
      vertex 81 13.1 0
    endloop
  endfacet
  facet normal 0 1 -0
    outer loop
      vertex 80.2 12.3 0
      vertex 57 12.3 1.2
      vertex 80.2 12.3 1.2
    endloop
  endfacet
  facet normal 0 1 0
    outer loop
      vertex 57 12.3 1.2
      vertex 80.2 12.3 0
      vertex 57 12.3 0
    endloop
  endfacet
  facet normal 1 -0 0
    outer loop
      vertex 80.2 5.7 1.2
      vertex 80.2 12.3 0
      vertex 80.2 12.3 1.2
    endloop
  endfacet
  facet normal 1 0 0
    outer loop
      vertex 80.2 12.3 0
      vertex 80.2 5.7 1.2
      vertex 80.2 5.7 0
    endloop
  endfacet
  facet normal 0 0 1
    outer loop
      vertex 80.2 12.3 1.2
      vertex 79.9 9 1.2
      vertex 80.2 5.7 1.2
    endloop
  endfacet
  facet normal 0 0 1
    outer loop
      vertex 80.2 12.3 1.2
      vertex 79.886 9.28425 1.2
      vertex 79.9 9 1.2
    endloop
  endfacet
  facet normal 0 0 1
    outer loop
      vertex 80.2 12.3 1.2
      vertex 79.8443 9.56576 1.2
      vertex 79.886 9.28425 1.2
    endloop
  endfacet
  facet normal 0 0 1
    outer loop
      vertex 80.2 12.3 1.2
      vertex 79.7751 9.84183 1.2
      vertex 79.8443 9.56576 1.2
    endloop
  endfacet
  facet normal 0 0 1
    outer loop
      vertex 80.2 12.3 1.2
      vertex 79.6793 10.1098 1.2
      vertex 79.7751 9.84183 1.2
    endloop
  endfacet
  facet normal 0 0 1
    outer loop
      vertex 80.2 12.3 1.2
      vertex 79.5576 10.3671 1.2
      vertex 79.6793 10.1098 1.2
    endloop
  endfacet
  facet normal 0 0 1
    outer loop
      vertex 80.2 12.3 1.2
      vertex 79.4113 10.6112 1.2
      vertex 79.5576 10.3671 1.2
    endloop
  endfacet
  facet normal 0 0 1
    outer loop
      vertex 80.2 12.3 1.2
      vertex 79.2417 10.8397 1.2
      vertex 79.4113 10.6112 1.2
    endloop
  endfacet
  facet normal 0 0 1
    outer loop
      vertex 80.2 12.3 1.2
      vertex 79.0506 11.0506 1.2
      vertex 79.2417 10.8397 1.2
    endloop
  endfacet
  facet normal 0 0 1
    outer loop
      vertex 80.2 12.3 1.2
      vertex 78.8397 11.2417 1.2
      vertex 79.0506 11.0506 1.2
    endloop
  endfacet
  facet normal 0 0 1
    outer loop
      vertex 80.2 12.3 1.2
      vertex 78.6112 11.4113 1.2
      vertex 78.8397 11.2417 1.2
    endloop
  endfacet
  facet normal 0 0 1
    outer loop
      vertex 80.2 12.3 1.2
      vertex 78.3671 11.5576 1.2
      vertex 78.6112 11.4113 1.2
    endloop
  endfacet
  facet normal 0 0 1
    outer loop
      vertex 80.2 12.3 1.2
      vertex 78.1098 11.6792 1.2
      vertex 78.3671 11.5576 1.2
    endloop
  endfacet
  facet normal 0 0 1
    outer loop
      vertex 80.2 12.3 1.2
      vertex 77.8418 11.7751 1.2
      vertex 78.1098 11.6792 1.2
    endloop
  endfacet
  facet normal 0 0 1
    outer loop
      vertex 80.2 12.3 1.2
      vertex 77.5658 11.8443 1.2
      vertex 77.8418 11.7751 1.2
    endloop
  endfacet
  facet normal 0 0 1
    outer loop
      vertex 80.2 12.3 1.2
      vertex 77.2842 11.886 1.2
      vertex 77.5658 11.8443 1.2
    endloop
  endfacet
  facet normal 0 0 1
    outer loop
      vertex 80.2 12.3 1.2
      vertex 77 11.9 1.2
      vertex 77.2842 11.886 1.2
    endloop
  endfacet
  facet normal 0 0 1
    outer loop
      vertex 80.2 12.3 1.2
      vertex 76.7158 11.886 1.2
      vertex 77 11.9 1.2
    endloop
  endfacet
  facet normal 0 0 1
    outer loop
      vertex 74.114 9.28425 1.2
      vertex 57 12.3 1.2
      vertex 74.1 9 1.2
    endloop
  endfacet
  facet normal 0 0 1
    outer loop
      vertex 74.1557 9.56576 1.2
      vertex 57 12.3 1.2
      vertex 74.114 9.28425 1.2
    endloop
  endfacet
  facet normal 0 0 1
    outer loop
      vertex 74.2249 9.84183 1.2
      vertex 57 12.3 1.2
      vertex 74.1557 9.56576 1.2
    endloop
  endfacet
  facet normal 0 0 1
    outer loop
      vertex 74.3207 10.1098 1.2
      vertex 57 12.3 1.2
      vertex 74.2249 9.84183 1.2
    endloop
  endfacet
  facet normal 0 0 1
    outer loop
      vertex 74.4424 10.3671 1.2
      vertex 57 12.3 1.2
      vertex 74.3207 10.1098 1.2
    endloop
  endfacet
  facet normal 0 0 1
    outer loop
      vertex 74.5887 10.6112 1.2
      vertex 57 12.3 1.2
      vertex 74.4424 10.3671 1.2
    endloop
  endfacet
  facet normal 0 0 1
    outer loop
      vertex 74.7583 10.8397 1.2
      vertex 57 12.3 1.2
      vertex 74.5887 10.6112 1.2
    endloop
  endfacet
  facet normal 0 0 1
    outer loop
      vertex 74.9494 11.0506 1.2
      vertex 57 12.3 1.2
      vertex 74.7583 10.8397 1.2
    endloop
  endfacet
  facet normal 0 0 1
    outer loop
      vertex 75.1603 11.2417 1.2
      vertex 57 12.3 1.2
      vertex 74.9494 11.0506 1.2
    endloop
  endfacet
  facet normal 0 0 1
    outer loop
      vertex 75.3888 11.4113 1.2
      vertex 57 12.3 1.2
      vertex 75.1603 11.2417 1.2
    endloop
  endfacet
  facet normal 0 0 1
    outer loop
      vertex 75.6329 11.5576 1.2
      vertex 57 12.3 1.2
      vertex 75.3888 11.4113 1.2
    endloop
  endfacet
  facet normal 0 0 1
    outer loop
      vertex 75.8902 11.6792 1.2
      vertex 57 12.3 1.2
      vertex 75.6329 11.5576 1.2
    endloop
  endfacet
  facet normal 0 0 1
    outer loop
      vertex 76.1582 11.7751 1.2
      vertex 57 12.3 1.2
      vertex 75.8902 11.6792 1.2
    endloop
  endfacet
  facet normal 0 0 1
    outer loop
      vertex 76.4342 11.8443 1.2
      vertex 57 12.3 1.2
      vertex 76.1582 11.7751 1.2
    endloop
  endfacet
  facet normal 0 0 1
    outer loop
      vertex 76.7158 11.886 1.2
      vertex 57 12.3 1.2
      vertex 76.4342 11.8443 1.2
    endloop
  endfacet
  facet normal -0 0 1
    outer loop
      vertex 57 12.3 1.2
      vertex 76.7158 11.886 1.2
      vertex 80.2 12.3 1.2
    endloop
  endfacet
  facet normal -0 0 1
    outer loop
      vertex 79.886 8.71575 1.2
      vertex 80.2 5.7 1.2
      vertex 79.9 9 1.2
    endloop
  endfacet
  facet normal -0 0 1
    outer loop
      vertex 79.8443 8.43424 1.2
      vertex 80.2 5.7 1.2
      vertex 79.886 8.71575 1.2
    endloop
  endfacet
  facet normal -0 0 1
    outer loop
      vertex 79.7751 8.15817 1.2
      vertex 80.2 5.7 1.2
      vertex 79.8443 8.43424 1.2
    endloop
  endfacet
  facet normal -0 0 1
    outer loop
      vertex 79.6793 7.89022 1.2
      vertex 80.2 5.7 1.2
      vertex 79.7751 8.15817 1.2
    endloop
  endfacet
  facet normal -0 0 1
    outer loop
      vertex 79.5576 7.63295 1.2
      vertex 80.2 5.7 1.2
      vertex 79.6793 7.89022 1.2
    endloop
  endfacet
  facet normal -0 0 1
    outer loop
      vertex 79.4113 7.38885 1.2
      vertex 80.2 5.7 1.2
      vertex 79.5576 7.63295 1.2
    endloop
  endfacet
  facet normal -0 0 1
    outer loop
      vertex 79.2417 7.16026 1.2
      vertex 80.2 5.7 1.2
      vertex 79.4113 7.38885 1.2
    endloop
  endfacet
  facet normal -0 0 1
    outer loop
      vertex 79.0506 6.94939 1.2
      vertex 80.2 5.7 1.2
      vertex 79.2417 7.16026 1.2
    endloop
  endfacet
  facet normal -0 0 1
    outer loop
      vertex 78.8397 6.75827 1.2
      vertex 80.2 5.7 1.2
      vertex 79.0506 6.94939 1.2
    endloop
  endfacet
  facet normal -0 0 1
    outer loop
      vertex 78.6112 6.58874 1.2
      vertex 80.2 5.7 1.2
      vertex 78.8397 6.75827 1.2
    endloop
  endfacet
  facet normal -0 0 1
    outer loop
      vertex 78.3671 6.44243 1.2
      vertex 80.2 5.7 1.2
      vertex 78.6112 6.58874 1.2
    endloop
  endfacet
  facet normal -0 0 1
    outer loop
      vertex 78.1098 6.32075 1.2
      vertex 80.2 5.7 1.2
      vertex 78.3671 6.44243 1.2
    endloop
  endfacet
  facet normal -0 0 1
    outer loop
      vertex 77.8418 6.22487 1.2
      vertex 80.2 5.7 1.2
      vertex 78.1098 6.32075 1.2
    endloop
  endfacet
  facet normal -0 0 1
    outer loop
      vertex 77.5658 6.15572 1.2
      vertex 80.2 5.7 1.2
      vertex 77.8418 6.22487 1.2
    endloop
  endfacet
  facet normal -0 0 1
    outer loop
      vertex 77.2842 6.11397 1.2
      vertex 80.2 5.7 1.2
      vertex 77.5658 6.15572 1.2
    endloop
  endfacet
  facet normal -0 0 1
    outer loop
      vertex 77 6.1 1.2
      vertex 80.2 5.7 1.2
      vertex 77.2842 6.11397 1.2
    endloop
  endfacet
  facet normal 0 0 1
    outer loop
      vertex 76.7158 6.11397 1.2
      vertex 80.2 5.7 1.2
      vertex 77 6.1 1.2
    endloop
  endfacet
  facet normal 0 0 1
    outer loop
      vertex 57 5.7 1.2
      vertex 74.1 9 1.2
      vertex 57 12.3 1.2
    endloop
  endfacet
  facet normal 0 0 1
    outer loop
      vertex 74.1 9 1.2
      vertex 57 5.7 1.2
      vertex 74.114 8.71575 1.2
    endloop
  endfacet
  facet normal 0 0 1
    outer loop
      vertex 74.114 8.71575 1.2
      vertex 57 5.7 1.2
      vertex 74.1557 8.43424 1.2
    endloop
  endfacet
  facet normal 0 0 1
    outer loop
      vertex 74.1557 8.43424 1.2
      vertex 57 5.7 1.2
      vertex 74.2249 8.15817 1.2
    endloop
  endfacet
  facet normal 0 0 1
    outer loop
      vertex 74.2249 8.15817 1.2
      vertex 57 5.7 1.2
      vertex 74.3207 7.89022 1.2
    endloop
  endfacet
  facet normal 0 0 1
    outer loop
      vertex 74.3207 7.89022 1.2
      vertex 57 5.7 1.2
      vertex 74.4424 7.63295 1.2
    endloop
  endfacet
  facet normal 0 0 1
    outer loop
      vertex 74.4424 7.63295 1.2
      vertex 57 5.7 1.2
      vertex 74.5887 7.38885 1.2
    endloop
  endfacet
  facet normal 0 0 1
    outer loop
      vertex 74.5887 7.38885 1.2
      vertex 57 5.7 1.2
      vertex 74.7583 7.16026 1.2
    endloop
  endfacet
  facet normal 0 0 1
    outer loop
      vertex 74.7583 7.16026 1.2
      vertex 57 5.7 1.2
      vertex 74.9494 6.94939 1.2
    endloop
  endfacet
  facet normal 0 0 1
    outer loop
      vertex 74.9494 6.94939 1.2
      vertex 57 5.7 1.2
      vertex 75.1603 6.75827 1.2
    endloop
  endfacet
  facet normal 0 0 1
    outer loop
      vertex 75.1603 6.75827 1.2
      vertex 57 5.7 1.2
      vertex 75.3888 6.58874 1.2
    endloop
  endfacet
  facet normal 0 0 1
    outer loop
      vertex 75.3888 6.58874 1.2
      vertex 57 5.7 1.2
      vertex 75.6329 6.44243 1.2
    endloop
  endfacet
  facet normal 0 0 1
    outer loop
      vertex 75.6329 6.44243 1.2
      vertex 57 5.7 1.2
      vertex 75.8902 6.32075 1.2
    endloop
  endfacet
  facet normal 0 0 1
    outer loop
      vertex 76.7158 6.11397 1.2
      vertex 57 5.7 1.2
      vertex 80.2 5.7 1.2
    endloop
  endfacet
  facet normal 0 0 1
    outer loop
      vertex 76.4342 6.15572 1.2
      vertex 57 5.7 1.2
      vertex 76.7158 6.11397 1.2
    endloop
  endfacet
  facet normal 0 0 1
    outer loop
      vertex 76.1582 6.22487 1.2
      vertex 57 5.7 1.2
      vertex 76.4342 6.15572 1.2
    endloop
  endfacet
  facet normal 0 0 1
    outer loop
      vertex 75.8902 6.32075 1.2
      vertex 57 5.7 1.2
      vertex 76.1582 6.22487 1.2
    endloop
  endfacet
  facet normal 1 0 0
    outer loop
      vertex 57 41.7 2
      vertex 57 40.9 1.2
      vertex 57 41.7 0
    endloop
  endfacet
  facet normal 1 0 0
    outer loop
      vertex 57 41.7 2
      vertex 57 34.3 1.2
      vertex 57 40.9 1.2
    endloop
  endfacet
  facet normal 1 -0 0
    outer loop
      vertex 57 33.5 2
      vertex 57 34.3 1.2
      vertex 57 41.7 2
    endloop
  endfacet
  facet normal 1 0 0
    outer loop
      vertex 57 33.5 0
      vertex 57 34.3 1.2
      vertex 57 33.5 2
    endloop
  endfacet
  facet normal 1 0 0
    outer loop
      vertex 57 34.3 1.2
      vertex 57 33.5 0
      vertex 57 34.3 0
    endloop
  endfacet
  facet normal 1 0 0
    outer loop
      vertex 57 41.7 0
      vertex 57 40.9 1.2
      vertex 57 40.9 0
    endloop
  endfacet
  facet normal -1 0 0
    outer loop
      vertex 81 33.5 0
      vertex 81 41.7 2
      vertex 81 41.7 0
    endloop
  endfacet
  facet normal -1 -0 0
    outer loop
      vertex 81 41.7 2
      vertex 81 33.5 0
      vertex 81 33.5 2
    endloop
  endfacet
  facet normal 0 -1 0
    outer loop
      vertex 57 34.3 0
      vertex 80.2 34.3 1.2
      vertex 57 34.3 1.2
    endloop
  endfacet
  facet normal 0 -1 -0
    outer loop
      vertex 80.2 34.3 1.2
      vertex 57 34.3 0
      vertex 80.2 34.3 0
    endloop
  endfacet
  facet normal 0 1 -0
    outer loop
      vertex 81 33.5 0
      vertex 57 33.5 2
      vertex 81 33.5 2
    endloop
  endfacet
  facet normal 0 1 0
    outer loop
      vertex 57 33.5 2
      vertex 81 33.5 0
      vertex 57 33.5 0
    endloop
  endfacet
  facet normal 0 -1 0
    outer loop
      vertex 57 41.7 0
      vertex 81 41.7 2
      vertex 57 41.7 2
    endloop
  endfacet
  facet normal 0 -1 -0
    outer loop
      vertex 81 41.7 2
      vertex 57 41.7 0
      vertex 81 41.7 0
    endloop
  endfacet
  facet normal 0 1 -0
    outer loop
      vertex 80.2 40.9 0
      vertex 57 40.9 1.2
      vertex 80.2 40.9 1.2
    endloop
  endfacet
  facet normal 0 1 0
    outer loop
      vertex 57 40.9 1.2
      vertex 80.2 40.9 0
      vertex 57 40.9 0
    endloop
  endfacet
  facet normal 1 -0 0
    outer loop
      vertex 80.2 34.3 1.2
      vertex 80.2 40.9 0
      vertex 80.2 40.9 1.2
    endloop
  endfacet
  facet normal 1 0 0
    outer loop
      vertex 80.2 40.9 0
      vertex 80.2 34.3 1.2
      vertex 80.2 34.3 0
    endloop
  endfacet
  facet normal 0 0 1
    outer loop
      vertex 80.2 40.9 1.2
      vertex 79.9 37.6 1.2
      vertex 80.2 34.3 1.2
    endloop
  endfacet
  facet normal 0 0 1
    outer loop
      vertex 80.2 40.9 1.2
      vertex 79.886 37.8843 1.2
      vertex 79.9 37.6 1.2
    endloop
  endfacet
  facet normal 0 0 1
    outer loop
      vertex 80.2 40.9 1.2
      vertex 79.8443 38.1658 1.2
      vertex 79.886 37.8843 1.2
    endloop
  endfacet
  facet normal 0 0 1
    outer loop
      vertex 80.2 40.9 1.2
      vertex 79.7751 38.4418 1.2
      vertex 79.8443 38.1658 1.2
    endloop
  endfacet
  facet normal 0 0 1
    outer loop
      vertex 80.2 40.9 1.2
      vertex 79.6793 38.7098 1.2
      vertex 79.7751 38.4418 1.2
    endloop
  endfacet
  facet normal 0 0 1
    outer loop
      vertex 80.2 40.9 1.2
      vertex 79.5576 38.967 1.2
      vertex 79.6793 38.7098 1.2
    endloop
  endfacet
  facet normal 0 0 1
    outer loop
      vertex 80.2 40.9 1.2
      vertex 79.4113 39.2112 1.2
      vertex 79.5576 38.967 1.2
    endloop
  endfacet
  facet normal 0 0 1
    outer loop
      vertex 80.2 40.9 1.2
      vertex 79.2417 39.4397 1.2
      vertex 79.4113 39.2112 1.2
    endloop
  endfacet
  facet normal 0 0 1
    outer loop
      vertex 80.2 40.9 1.2
      vertex 79.0506 39.6506 1.2
      vertex 79.2417 39.4397 1.2
    endloop
  endfacet
  facet normal 0 0 1
    outer loop
      vertex 80.2 40.9 1.2
      vertex 78.8397 39.8417 1.2
      vertex 79.0506 39.6506 1.2
    endloop
  endfacet
  facet normal 0 0 1
    outer loop
      vertex 80.2 40.9 1.2
      vertex 78.6112 40.0113 1.2
      vertex 78.8397 39.8417 1.2
    endloop
  endfacet
  facet normal 0 0 1
    outer loop
      vertex 80.2 40.9 1.2
      vertex 78.3671 40.1576 1.2
      vertex 78.6112 40.0113 1.2
    endloop
  endfacet
  facet normal 0 0 1
    outer loop
      vertex 80.2 40.9 1.2
      vertex 78.1098 40.2793 1.2
      vertex 78.3671 40.1576 1.2
    endloop
  endfacet
  facet normal 0 0 1
    outer loop
      vertex 80.2 40.9 1.2
      vertex 77.8418 40.3751 1.2
      vertex 78.1098 40.2793 1.2
    endloop
  endfacet
  facet normal 0 0 1
    outer loop
      vertex 80.2 40.9 1.2
      vertex 77.5658 40.4443 1.2
      vertex 77.8418 40.3751 1.2
    endloop
  endfacet
  facet normal 0 0 1
    outer loop
      vertex 80.2 40.9 1.2
      vertex 77.2842 40.486 1.2
      vertex 77.5658 40.4443 1.2
    endloop
  endfacet
  facet normal 0 0 1
    outer loop
      vertex 80.2 40.9 1.2
      vertex 77 40.5 1.2
      vertex 77.2842 40.486 1.2
    endloop
  endfacet
  facet normal 0 0 1
    outer loop
      vertex 80.2 40.9 1.2
      vertex 76.7158 40.486 1.2
      vertex 77 40.5 1.2
    endloop
  endfacet
  facet normal 0 0 1
    outer loop
      vertex 74.114 37.8843 1.2
      vertex 57 40.9 1.2
      vertex 74.1 37.6 1.2
    endloop
  endfacet
  facet normal 0 0 1
    outer loop
      vertex 74.1557 38.1658 1.2
      vertex 57 40.9 1.2
      vertex 74.114 37.8843 1.2
    endloop
  endfacet
  facet normal 0 0 1
    outer loop
      vertex 74.2249 38.4418 1.2
      vertex 57 40.9 1.2
      vertex 74.1557 38.1658 1.2
    endloop
  endfacet
  facet normal 0 0 1
    outer loop
      vertex 74.3207 38.7098 1.2
      vertex 57 40.9 1.2
      vertex 74.2249 38.4418 1.2
    endloop
  endfacet
  facet normal 0 0 1
    outer loop
      vertex 74.4424 38.967 1.2
      vertex 57 40.9 1.2
      vertex 74.3207 38.7098 1.2
    endloop
  endfacet
  facet normal 0 0 1
    outer loop
      vertex 74.5887 39.2112 1.2
      vertex 57 40.9 1.2
      vertex 74.4424 38.967 1.2
    endloop
  endfacet
  facet normal 0 0 1
    outer loop
      vertex 74.7583 39.4397 1.2
      vertex 57 40.9 1.2
      vertex 74.5887 39.2112 1.2
    endloop
  endfacet
  facet normal 0 0 1
    outer loop
      vertex 74.9494 39.6506 1.2
      vertex 57 40.9 1.2
      vertex 74.7583 39.4397 1.2
    endloop
  endfacet
  facet normal 0 0 1
    outer loop
      vertex 75.1603 39.8417 1.2
      vertex 57 40.9 1.2
      vertex 74.9494 39.6506 1.2
    endloop
  endfacet
  facet normal 0 0 1
    outer loop
      vertex 75.3888 40.0113 1.2
      vertex 57 40.9 1.2
      vertex 75.1603 39.8417 1.2
    endloop
  endfacet
  facet normal 0 0 1
    outer loop
      vertex 75.6329 40.1576 1.2
      vertex 57 40.9 1.2
      vertex 75.3888 40.0113 1.2
    endloop
  endfacet
  facet normal 0 0 1
    outer loop
      vertex 75.8902 40.2793 1.2
      vertex 57 40.9 1.2
      vertex 75.6329 40.1576 1.2
    endloop
  endfacet
  facet normal 0 0 1
    outer loop
      vertex 76.1582 40.3751 1.2
      vertex 57 40.9 1.2
      vertex 75.8902 40.2793 1.2
    endloop
  endfacet
  facet normal 0 0 1
    outer loop
      vertex 76.4342 40.4443 1.2
      vertex 57 40.9 1.2
      vertex 76.1582 40.3751 1.2
    endloop
  endfacet
  facet normal 0 0 1
    outer loop
      vertex 76.7158 40.486 1.2
      vertex 57 40.9 1.2
      vertex 76.4342 40.4443 1.2
    endloop
  endfacet
  facet normal -0 0 1
    outer loop
      vertex 57 40.9 1.2
      vertex 76.7158 40.486 1.2
      vertex 80.2 40.9 1.2
    endloop
  endfacet
  facet normal -0 0 1
    outer loop
      vertex 79.886 37.3158 1.2
      vertex 80.2 34.3 1.2
      vertex 79.9 37.6 1.2
    endloop
  endfacet
  facet normal -0 0 1
    outer loop
      vertex 79.8443 37.0342 1.2
      vertex 80.2 34.3 1.2
      vertex 79.886 37.3158 1.2
    endloop
  endfacet
  facet normal -0 0 1
    outer loop
      vertex 79.7751 36.7582 1.2
      vertex 80.2 34.3 1.2
      vertex 79.8443 37.0342 1.2
    endloop
  endfacet
  facet normal -0 0 1
    outer loop
      vertex 79.6793 36.4902 1.2
      vertex 80.2 34.3 1.2
      vertex 79.7751 36.7582 1.2
    endloop
  endfacet
  facet normal -0 0 1
    outer loop
      vertex 79.5576 36.2329 1.2
      vertex 80.2 34.3 1.2
      vertex 79.6793 36.4902 1.2
    endloop
  endfacet
  facet normal -0 0 1
    outer loop
      vertex 79.4113 35.9888 1.2
      vertex 80.2 34.3 1.2
      vertex 79.5576 36.2329 1.2
    endloop
  endfacet
  facet normal -0 0 1
    outer loop
      vertex 79.2417 35.7603 1.2
      vertex 80.2 34.3 1.2
      vertex 79.4113 35.9888 1.2
    endloop
  endfacet
  facet normal -0 0 1
    outer loop
      vertex 79.0506 35.5494 1.2
      vertex 80.2 34.3 1.2
      vertex 79.2417 35.7603 1.2
    endloop
  endfacet
  facet normal -0 0 1
    outer loop
      vertex 78.8397 35.3583 1.2
      vertex 80.2 34.3 1.2
      vertex 79.0506 35.5494 1.2
    endloop
  endfacet
  facet normal -0 0 1
    outer loop
      vertex 78.6112 35.1887 1.2
      vertex 80.2 34.3 1.2
      vertex 78.8397 35.3583 1.2
    endloop
  endfacet
  facet normal -0 0 1
    outer loop
      vertex 78.3671 35.0424 1.2
      vertex 80.2 34.3 1.2
      vertex 78.6112 35.1887 1.2
    endloop
  endfacet
  facet normal -0 0 1
    outer loop
      vertex 78.1098 34.9207 1.2
      vertex 80.2 34.3 1.2
      vertex 78.3671 35.0424 1.2
    endloop
  endfacet
  facet normal -0 0 1
    outer loop
      vertex 77.8418 34.8249 1.2
      vertex 80.2 34.3 1.2
      vertex 78.1098 34.9207 1.2
    endloop
  endfacet
  facet normal -0 0 1
    outer loop
      vertex 77.5658 34.7557 1.2
      vertex 80.2 34.3 1.2
      vertex 77.8418 34.8249 1.2
    endloop
  endfacet
  facet normal -0 0 1
    outer loop
      vertex 77.2842 34.714 1.2
      vertex 80.2 34.3 1.2
      vertex 77.5658 34.7557 1.2
    endloop
  endfacet
  facet normal -0 0 1
    outer loop
      vertex 77 34.7 1.2
      vertex 80.2 34.3 1.2
      vertex 77.2842 34.714 1.2
    endloop
  endfacet
  facet normal 0 0 1
    outer loop
      vertex 76.7158 34.714 1.2
      vertex 80.2 34.3 1.2
      vertex 77 34.7 1.2
    endloop
  endfacet
  facet normal 0 0 1
    outer loop
      vertex 57 34.3 1.2
      vertex 74.1 37.6 1.2
      vertex 57 40.9 1.2
    endloop
  endfacet
  facet normal 0 0 1
    outer loop
      vertex 74.1 37.6 1.2
      vertex 57 34.3 1.2
      vertex 74.114 37.3158 1.2
    endloop
  endfacet
  facet normal 0 0 1
    outer loop
      vertex 74.114 37.3158 1.2
      vertex 57 34.3 1.2
      vertex 74.1557 37.0342 1.2
    endloop
  endfacet
  facet normal 0 0 1
    outer loop
      vertex 74.1557 37.0342 1.2
      vertex 57 34.3 1.2
      vertex 74.2249 36.7582 1.2
    endloop
  endfacet
  facet normal 0 0 1
    outer loop
      vertex 74.2249 36.7582 1.2
      vertex 57 34.3 1.2
      vertex 74.3207 36.4902 1.2
    endloop
  endfacet
  facet normal 0 0 1
    outer loop
      vertex 74.3207 36.4902 1.2
      vertex 57 34.3 1.2
      vertex 74.4424 36.2329 1.2
    endloop
  endfacet
  facet normal 0 0 1
    outer loop
      vertex 74.4424 36.2329 1.2
      vertex 57 34.3 1.2
      vertex 74.5887 35.9888 1.2
    endloop
  endfacet
  facet normal 0 0 1
    outer loop
      vertex 74.5887 35.9888 1.2
      vertex 57 34.3 1.2
      vertex 74.7583 35.7603 1.2
    endloop
  endfacet
  facet normal 0 0 1
    outer loop
      vertex 74.7583 35.7603 1.2
      vertex 57 34.3 1.2
      vertex 74.9494 35.5494 1.2
    endloop
  endfacet
  facet normal 0 0 1
    outer loop
      vertex 74.9494 35.5494 1.2
      vertex 57 34.3 1.2
      vertex 75.1603 35.3583 1.2
    endloop
  endfacet
  facet normal 0 0 1
    outer loop
      vertex 75.1603 35.3583 1.2
      vertex 57 34.3 1.2
      vertex 75.3888 35.1887 1.2
    endloop
  endfacet
  facet normal 0 0 1
    outer loop
      vertex 75.3888 35.1887 1.2
      vertex 57 34.3 1.2
      vertex 75.6329 35.0424 1.2
    endloop
  endfacet
  facet normal 0 0 1
    outer loop
      vertex 75.6329 35.0424 1.2
      vertex 57 34.3 1.2
      vertex 75.8902 34.9207 1.2
    endloop
  endfacet
  facet normal 0 0 1
    outer loop
      vertex 76.7158 34.714 1.2
      vertex 57 34.3 1.2
      vertex 80.2 34.3 1.2
    endloop
  endfacet
  facet normal 0 0 1
    outer loop
      vertex 76.4342 34.7557 1.2
      vertex 57 34.3 1.2
      vertex 76.7158 34.714 1.2
    endloop
  endfacet
  facet normal 0 0 1
    outer loop
      vertex 76.1582 34.8249 1.2
      vertex 57 34.3 1.2
      vertex 76.4342 34.7557 1.2
    endloop
  endfacet
  facet normal 0 0 1
    outer loop
      vertex 75.8902 34.9207 1.2
      vertex 57 34.3 1.2
      vertex 76.1582 34.8249 1.2
    endloop
  endfacet
  facet normal -1 0 0
    outer loop
      vertex 29 34.3 0
      vertex 29 33.5 0
      vertex 29 34.3 1.2
    endloop
  endfacet
  facet normal -1 0 0
    outer loop
      vertex 29 40.9 1.2
      vertex 29 41.7 0
      vertex 29 40.9 0
    endloop
  endfacet
  facet normal -1 0 0
    outer loop
      vertex 29 41.7 0
      vertex 29 40.9 1.2
      vertex 29 41.7 2
    endloop
  endfacet
  facet normal -1 0 0
    outer loop
      vertex 29 34.3 1.2
      vertex 29 41.7 2
      vertex 29 40.9 1.2
    endloop
  endfacet
  facet normal -1 0 0
    outer loop
      vertex 29 34.3 1.2
      vertex 29 33.5 2
      vertex 29 41.7 2
    endloop
  endfacet
  facet normal -1 0 0
    outer loop
      vertex 29 33.5 2
      vertex 29 34.3 1.2
      vertex 29 33.5 0
    endloop
  endfacet
  facet normal 1 -0 0
    outer loop
      vertex 5 33.5 2
      vertex 5 41.7 0
      vertex 5 41.7 2
    endloop
  endfacet
  facet normal 1 0 0
    outer loop
      vertex 5 41.7 0
      vertex 5 33.5 2
      vertex 5 33.5 0
    endloop
  endfacet
  facet normal 0 -1 0
    outer loop
      vertex 5.8 34.3 0
      vertex 29 34.3 1.2
      vertex 5.8 34.3 1.2
    endloop
  endfacet
  facet normal 0 -1 -0
    outer loop
      vertex 29 34.3 1.2
      vertex 5.8 34.3 0
      vertex 29 34.3 0
    endloop
  endfacet
  facet normal 0 1 -0
    outer loop
      vertex 8.0384 33.5 0
      vertex 5 33.5 2
      vertex 8.0384 33.5 2
    endloop
  endfacet
  facet normal 0 1 0
    outer loop
      vertex 5 33.5 2
      vertex 8.0384 33.5 0
      vertex 5 33.5 0
    endloop
  endfacet
  facet normal 0 1 -0
    outer loop
      vertex 29 33.5 0
      vertex 10.7948 33.5 2
      vertex 29 33.5 2
    endloop
  endfacet
  facet normal 0 1 0
    outer loop
      vertex 10.7948 33.5 2
      vertex 29 33.5 0
      vertex 10.7948 33.5 0
    endloop
  endfacet
  facet normal 0 -1 0
    outer loop
      vertex 5 41.7 0
      vertex 29 41.7 2
      vertex 5 41.7 2
    endloop
  endfacet
  facet normal 0 -1 -0
    outer loop
      vertex 29 41.7 2
      vertex 5 41.7 0
      vertex 29 41.7 0
    endloop
  endfacet
  facet normal 0 1 -0
    outer loop
      vertex 29 40.9 0
      vertex 5.8 40.9 1.2
      vertex 29 40.9 1.2
    endloop
  endfacet
  facet normal 0 1 0
    outer loop
      vertex 5.8 40.9 1.2
      vertex 29 40.9 0
      vertex 5.8 40.9 0
    endloop
  endfacet
  facet normal -1 0 0
    outer loop
      vertex 5.8 34.3 0
      vertex 5.8 40.9 1.2
      vertex 5.8 40.9 0
    endloop
  endfacet
  facet normal -1 -0 0
    outer loop
      vertex 5.8 40.9 1.2
      vertex 5.8 34.3 0
      vertex 5.8 34.3 1.2
    endloop
  endfacet
  facet normal 0 0 1
    outer loop
      vertex 29 40.9 1.2
      vertex 11.9 37.6 1.2
      vertex 29 34.3 1.2
    endloop
  endfacet
  facet normal 0 0 1
    outer loop
      vertex 29 40.9 1.2
      vertex 11.886 37.8843 1.2
      vertex 11.9 37.6 1.2
    endloop
  endfacet
  facet normal 0 0 1
    outer loop
      vertex 29 40.9 1.2
      vertex 11.8443 38.1658 1.2
      vertex 11.886 37.8843 1.2
    endloop
  endfacet
  facet normal 0 0 1
    outer loop
      vertex 29 40.9 1.2
      vertex 11.7751 38.4418 1.2
      vertex 11.8443 38.1658 1.2
    endloop
  endfacet
  facet normal 0 0 1
    outer loop
      vertex 29 40.9 1.2
      vertex 11.6792 38.7098 1.2
      vertex 11.7751 38.4418 1.2
    endloop
  endfacet
  facet normal 0 0 1
    outer loop
      vertex 29 40.9 1.2
      vertex 11.5576 38.967 1.2
      vertex 11.6792 38.7098 1.2
    endloop
  endfacet
  facet normal 0 0 1
    outer loop
      vertex 29 40.9 1.2
      vertex 11.4113 39.2112 1.2
      vertex 11.5576 38.967 1.2
    endloop
  endfacet
  facet normal 0 0 1
    outer loop
      vertex 29 40.9 1.2
      vertex 11.2417 39.4397 1.2
      vertex 11.4113 39.2112 1.2
    endloop
  endfacet
  facet normal 0 0 1
    outer loop
      vertex 29 40.9 1.2
      vertex 11.0506 39.6506 1.2
      vertex 11.2417 39.4397 1.2
    endloop
  endfacet
  facet normal 0 0 1
    outer loop
      vertex 29 40.9 1.2
      vertex 10.8397 39.8417 1.2
      vertex 11.0506 39.6506 1.2
    endloop
  endfacet
  facet normal 0 0 1
    outer loop
      vertex 29 40.9 1.2
      vertex 10.6112 40.0113 1.2
      vertex 10.8397 39.8417 1.2
    endloop
  endfacet
  facet normal 0 0 1
    outer loop
      vertex 29 40.9 1.2
      vertex 10.3671 40.1576 1.2
      vertex 10.6112 40.0113 1.2
    endloop
  endfacet
  facet normal 0 0 1
    outer loop
      vertex 29 40.9 1.2
      vertex 10.1098 40.2793 1.2
      vertex 10.3671 40.1576 1.2
    endloop
  endfacet
  facet normal 0 0 1
    outer loop
      vertex 29 40.9 1.2
      vertex 9.84183 40.3751 1.2
      vertex 10.1098 40.2793 1.2
    endloop
  endfacet
  facet normal 0 0 1
    outer loop
      vertex 29 40.9 1.2
      vertex 9.56576 40.4443 1.2
      vertex 9.84183 40.3751 1.2
    endloop
  endfacet
  facet normal 0 0 1
    outer loop
      vertex 29 40.9 1.2
      vertex 9.28425 40.486 1.2
      vertex 9.56576 40.4443 1.2
    endloop
  endfacet
  facet normal -0 0 1
    outer loop
      vertex 5.8 40.9 1.2
      vertex 9.28425 40.486 1.2
      vertex 29 40.9 1.2
    endloop
  endfacet
  facet normal 0 0 1
    outer loop
      vertex 6.11397 37.8843 1.2
      vertex 5.8 40.9 1.2
      vertex 6.1 37.6 1.2
    endloop
  endfacet
  facet normal 0 0 1
    outer loop
      vertex 6.15572 38.1658 1.2
      vertex 5.8 40.9 1.2
      vertex 6.11397 37.8843 1.2
    endloop
  endfacet
  facet normal 0 0 1
    outer loop
      vertex 6.22487 38.4418 1.2
      vertex 5.8 40.9 1.2
      vertex 6.15572 38.1658 1.2
    endloop
  endfacet
  facet normal 0 0 1
    outer loop
      vertex 6.32075 38.7098 1.2
      vertex 5.8 40.9 1.2
      vertex 6.22487 38.4418 1.2
    endloop
  endfacet
  facet normal 0 0 1
    outer loop
      vertex 6.44243 38.967 1.2
      vertex 5.8 40.9 1.2
      vertex 6.32075 38.7098 1.2
    endloop
  endfacet
  facet normal 0 0 1
    outer loop
      vertex 6.58874 39.2112 1.2
      vertex 5.8 40.9 1.2
      vertex 6.44243 38.967 1.2
    endloop
  endfacet
  facet normal 0 0 1
    outer loop
      vertex 6.75827 39.4397 1.2
      vertex 5.8 40.9 1.2
      vertex 6.58874 39.2112 1.2
    endloop
  endfacet
  facet normal 0 0 1
    outer loop
      vertex 6.94939 39.6506 1.2
      vertex 5.8 40.9 1.2
      vertex 6.75827 39.4397 1.2
    endloop
  endfacet
  facet normal 0 0 1
    outer loop
      vertex 7.16026 39.8417 1.2
      vertex 5.8 40.9 1.2
      vertex 6.94939 39.6506 1.2
    endloop
  endfacet
  facet normal 0 0 1
    outer loop
      vertex 7.38885 40.0113 1.2
      vertex 5.8 40.9 1.2
      vertex 7.16026 39.8417 1.2
    endloop
  endfacet
  facet normal 0 0 1
    outer loop
      vertex 7.63295 40.1576 1.2
      vertex 5.8 40.9 1.2
      vertex 7.38885 40.0113 1.2
    endloop
  endfacet
  facet normal 0 0 1
    outer loop
      vertex 7.89022 40.2793 1.2
      vertex 5.8 40.9 1.2
      vertex 7.63295 40.1576 1.2
    endloop
  endfacet
  facet normal 0 0 1
    outer loop
      vertex 8.15817 40.3751 1.2
      vertex 5.8 40.9 1.2
      vertex 7.89022 40.2793 1.2
    endloop
  endfacet
  facet normal 0 0 1
    outer loop
      vertex 8.43424 40.4443 1.2
      vertex 5.8 40.9 1.2
      vertex 8.15817 40.3751 1.2
    endloop
  endfacet
  facet normal 0 0 1
    outer loop
      vertex 8.71575 40.486 1.2
      vertex 5.8 40.9 1.2
      vertex 8.43424 40.4443 1.2
    endloop
  endfacet
  facet normal 0 0 1
    outer loop
      vertex 9 40.5 1.2
      vertex 5.8 40.9 1.2
      vertex 8.71575 40.486 1.2
    endloop
  endfacet
  facet normal 0 0 1
    outer loop
      vertex 9.28425 40.486 1.2
      vertex 5.8 40.9 1.2
      vertex 9 40.5 1.2
    endloop
  endfacet
  facet normal -0 0 1
    outer loop
      vertex 11.886 37.3158 1.2
      vertex 29 34.3 1.2
      vertex 11.9 37.6 1.2
    endloop
  endfacet
  facet normal -0 0 1
    outer loop
      vertex 11.8443 37.0342 1.2
      vertex 29 34.3 1.2
      vertex 11.886 37.3158 1.2
    endloop
  endfacet
  facet normal -0 0 1
    outer loop
      vertex 11.7751 36.7582 1.2
      vertex 29 34.3 1.2
      vertex 11.8443 37.0342 1.2
    endloop
  endfacet
  facet normal -0 0 1
    outer loop
      vertex 11.6792 36.4902 1.2
      vertex 29 34.3 1.2
      vertex 11.7751 36.7582 1.2
    endloop
  endfacet
  facet normal -0 0 1
    outer loop
      vertex 11.5576 36.2329 1.2
      vertex 29 34.3 1.2
      vertex 11.6792 36.4902 1.2
    endloop
  endfacet
  facet normal -0 0 1
    outer loop
      vertex 11.4113 35.9888 1.2
      vertex 29 34.3 1.2
      vertex 11.5576 36.2329 1.2
    endloop
  endfacet
  facet normal -0 0 1
    outer loop
      vertex 11.2417 35.7603 1.2
      vertex 29 34.3 1.2
      vertex 11.4113 35.9888 1.2
    endloop
  endfacet
  facet normal -0 0 1
    outer loop
      vertex 11.0506 35.5494 1.2
      vertex 29 34.3 1.2
      vertex 11.2417 35.7603 1.2
    endloop
  endfacet
  facet normal -0 0 1
    outer loop
      vertex 10.8397 35.3583 1.2
      vertex 29 34.3 1.2
      vertex 11.0506 35.5494 1.2
    endloop
  endfacet
  facet normal -0 0 1
    outer loop
      vertex 10.6112 35.1887 1.2
      vertex 29 34.3 1.2
      vertex 10.8397 35.3583 1.2
    endloop
  endfacet
  facet normal -0 0 1
    outer loop
      vertex 10.3671 35.0424 1.2
      vertex 29 34.3 1.2
      vertex 10.6112 35.1887 1.2
    endloop
  endfacet
  facet normal -0 0 1
    outer loop
      vertex 10.1098 34.9207 1.2
      vertex 29 34.3 1.2
      vertex 10.3671 35.0424 1.2
    endloop
  endfacet
  facet normal -0 0 1
    outer loop
      vertex 9.84183 34.8249 1.2
      vertex 29 34.3 1.2
      vertex 10.1098 34.9207 1.2
    endloop
  endfacet
  facet normal -0 0 1
    outer loop
      vertex 9.56576 34.7557 1.2
      vertex 29 34.3 1.2
      vertex 9.84183 34.8249 1.2
    endloop
  endfacet
  facet normal -0 0 1
    outer loop
      vertex 9.28425 34.714 1.2
      vertex 29 34.3 1.2
      vertex 9.56576 34.7557 1.2
    endloop
  endfacet
  facet normal 0 0 1
    outer loop
      vertex 5.8 34.3 1.2
      vertex 9.28425 34.714 1.2
      vertex 9 34.7 1.2
    endloop
  endfacet
  facet normal 0 0 1
    outer loop
      vertex 5.8 34.3 1.2
      vertex 6.1 37.6 1.2
      vertex 5.8 40.9 1.2
    endloop
  endfacet
  facet normal 0 0 1
    outer loop
      vertex 9.28425 34.714 1.2
      vertex 5.8 34.3 1.2
      vertex 29 34.3 1.2
    endloop
  endfacet
  facet normal 0 0 1
    outer loop
      vertex 8.71575 34.714 1.2
      vertex 5.8 34.3 1.2
      vertex 9 34.7 1.2
    endloop
  endfacet
  facet normal 0 0 1
    outer loop
      vertex 8.43424 34.7557 1.2
      vertex 5.8 34.3 1.2
      vertex 8.71575 34.714 1.2
    endloop
  endfacet
  facet normal 0 0 1
    outer loop
      vertex 8.15817 34.8249 1.2
      vertex 5.8 34.3 1.2
      vertex 8.43424 34.7557 1.2
    endloop
  endfacet
  facet normal 0 0 1
    outer loop
      vertex 7.89022 34.9207 1.2
      vertex 5.8 34.3 1.2
      vertex 8.15817 34.8249 1.2
    endloop
  endfacet
  facet normal 0 0 1
    outer loop
      vertex 7.63295 35.0424 1.2
      vertex 5.8 34.3 1.2
      vertex 7.89022 34.9207 1.2
    endloop
  endfacet
  facet normal 0 0 1
    outer loop
      vertex 7.38885 35.1887 1.2
      vertex 5.8 34.3 1.2
      vertex 7.63295 35.0424 1.2
    endloop
  endfacet
  facet normal 0 0 1
    outer loop
      vertex 7.16026 35.3583 1.2
      vertex 5.8 34.3 1.2
      vertex 7.38885 35.1887 1.2
    endloop
  endfacet
  facet normal 0 0 1
    outer loop
      vertex 6.94939 35.5494 1.2
      vertex 5.8 34.3 1.2
      vertex 7.16026 35.3583 1.2
    endloop
  endfacet
  facet normal 0 0 1
    outer loop
      vertex 6.75827 35.7603 1.2
      vertex 5.8 34.3 1.2
      vertex 6.94939 35.5494 1.2
    endloop
  endfacet
  facet normal 0 0 1
    outer loop
      vertex 6.58874 35.9888 1.2
      vertex 5.8 34.3 1.2
      vertex 6.75827 35.7603 1.2
    endloop
  endfacet
  facet normal 0 0 1
    outer loop
      vertex 6.44243 36.2329 1.2
      vertex 5.8 34.3 1.2
      vertex 6.58874 35.9888 1.2
    endloop
  endfacet
  facet normal 0 0 1
    outer loop
      vertex 6.32075 36.4902 1.2
      vertex 5.8 34.3 1.2
      vertex 6.44243 36.2329 1.2
    endloop
  endfacet
  facet normal 0 0 1
    outer loop
      vertex 6.22487 36.7582 1.2
      vertex 5.8 34.3 1.2
      vertex 6.32075 36.4902 1.2
    endloop
  endfacet
  facet normal 0 0 1
    outer loop
      vertex 6.15572 37.0342 1.2
      vertex 5.8 34.3 1.2
      vertex 6.22487 36.7582 1.2
    endloop
  endfacet
  facet normal 0 0 1
    outer loop
      vertex 6.11397 37.3158 1.2
      vertex 5.8 34.3 1.2
      vertex 6.15572 37.0342 1.2
    endloop
  endfacet
  facet normal 0 0 1
    outer loop
      vertex 6.1 37.6 1.2
      vertex 5.8 34.3 1.2
      vertex 6.11397 37.3158 1.2
    endloop
  endfacet
  facet normal -0.989178 -0.146723 0
    outer loop
      vertex 0.0576324 2.41472 0
      vertex 0.0144348 2.70595 6
      vertex 0.0144348 2.70595 0
    endloop
  endfacet
  facet normal -0.989178 -0.146723 0
    outer loop
      vertex 0.0144348 2.70595 6
      vertex 0.0576324 2.41472 0
      vertex 0.0576324 2.41472 6
    endloop
  endfacet
  facet normal -0.998797 -0.0490306 0
    outer loop
      vertex 0.0144348 2.70595 0
      vertex 0 3 6
      vertex 0 3 0
    endloop
  endfacet
  facet normal -0.998797 -0.0490306 0
    outer loop
      vertex 0 3 6
      vertex 0.0144348 2.70595 0
      vertex 0.0144348 2.70595 6
    endloop
  endfacet
  facet normal 0.740908 0.671607 0
    outer loop
      vertex 85.319 45.5032 6
      vertex 85.1213 45.7213 0
      vertex 85.1213 45.7213 6
    endloop
  endfacet
  facet normal 0.740908 0.671607 0
    outer loop
      vertex 85.1213 45.7213 0
      vertex 85.319 45.5032 6
      vertex 85.319 45.5032 0
    endloop
  endfacet
  facet normal 0.67165 -0.740869 0
    outer loop
      vertex 84.9032 0.680954 0
      vertex 85.1213 0.878677 6
      vertex 84.9032 0.680954 6
    endloop
  endfacet
  facet normal 0.67165 -0.740869 0
    outer loop
      vertex 85.1213 0.878677 6
      vertex 84.9032 0.680954 0
      vertex 85.1213 0.878677 0
    endloop
  endfacet
  facet normal -0.336939 0.941527 0
    outer loop
      vertex 2.12914 46.4708 0
      vertex 1.85194 46.3716 6
      vertex 2.12914 46.4708 6
    endloop
  endfacet
  facet normal -0.336939 0.941527 0
    outer loop
      vertex 1.85194 46.3716 6
      vertex 2.12914 46.4708 0
      vertex 1.85194 46.3716 0
    endloop
  endfacet
  facet normal 1 -0 0
    outer loop
      vertex 86 3 6
      vertex 86 43.6 0
      vertex 86 43.6 6
    endloop
  endfacet
  facet normal 1 0 0
    outer loop
      vertex 86 43.6 0
      vertex 86 3 6
      vertex 86 3 0
    endloop
  endfacet
  facet normal 0 1 -0
    outer loop
      vertex 57.6 46.6 2.9
      vertex 28.4 46.6 4.87692
      vertex 57.6 46.6 4.87692
    endloop
  endfacet
  facet normal 0 1 0
    outer loop
      vertex 28.4 46.6 4.87692
      vertex 57.6 46.6 2.9
      vertex 28.4 46.6 2.9
    endloop
  endfacet
  facet normal 0 1 0
    outer loop
      vertex 57.6 46.6 4.87692
      vertex 83 46.6 6
      vertex 68.4 46.6 4.87692
    endloop
  endfacet
  facet normal 0 1 0
    outer loop
      vertex 83 46.6 6
      vertex 68.4 46.6 2.9
      vertex 68.4 46.6 4.87692
    endloop
  endfacet
  facet normal 0 1 0
    outer loop
      vertex 83 46.6 0
      vertex 57.6 46.6 2.9
      vertex 68.4 46.6 2.9
    endloop
  endfacet
  facet normal 0 1 0
    outer loop
      vertex 57.6 46.6 2.9
      vertex 83 46.6 0
      vertex 28.4 46.6 2.9
    endloop
  endfacet
  facet normal 0 1 0
    outer loop
      vertex 3 46.6 0
      vertex 28.4 46.6 2.9
      vertex 83 46.6 0
    endloop
  endfacet
  facet normal 0 1 -0
    outer loop
      vertex 83 46.6 0
      vertex 68.4 46.6 2.9
      vertex 83 46.6 6
    endloop
  endfacet
  facet normal 0 1 0
    outer loop
      vertex 83 46.6 6
      vertex 57.6 46.6 4.87692
      vertex 3 46.6 6
    endloop
  endfacet
  facet normal 0 1 -0
    outer loop
      vertex 28.4 46.6 4.87692
      vertex 3 46.6 6
      vertex 57.6 46.6 4.87692
    endloop
  endfacet
  facet normal 0 1 -0
    outer loop
      vertex 17.6 46.6 4.87692
      vertex 3 46.6 6
      vertex 28.4 46.6 4.87692
    endloop
  endfacet
  facet normal 0 1 -0
    outer loop
      vertex 17.6 46.6 2.9
      vertex 3 46.6 6
      vertex 17.6 46.6 4.87692
    endloop
  endfacet
  facet normal 0 1 0
    outer loop
      vertex 17.6 46.6 2.9
      vertex 3 46.6 0
      vertex 3 46.6 6
    endloop
  endfacet
  facet normal 0 1 0
    outer loop
      vertex 28.4 46.6 2.9
      vertex 3 46.6 0
      vertex 17.6 46.6 2.9
    endloop
  endfacet
  facet normal 0.146688 -0.989183 0
    outer loop
      vertex 83.294 0.0144348 0
      vertex 83.5853 0.0576324 6
      vertex 83.294 0.0144348 6
    endloop
  endfacet
  facet normal 0.146688 -0.989183 0
    outer loop
      vertex 83.5853 0.0576324 6
      vertex 83.294 0.0144348 0
      vertex 83.5853 0.0576324 0
    endloop
  endfacet
  facet normal -1 0 0
    outer loop
      vertex 0 43.6 0
      vertex 0 31.6 2
      vertex 0 43.6 6
    endloop
  endfacet
  facet normal -1 0 0
    outer loop
      vertex 0 43.6 0
      vertex 0 15.6 2
      vertex 0 31.6 2
    endloop
  endfacet
  facet normal -1 0 0
    outer loop
      vertex 0 3 0
      vertex 0 15.6 2
      vertex 0 43.6 0
    endloop
  endfacet
  facet normal -1 0 0
    outer loop
      vertex 0 3 6
      vertex 0 15.6 2
      vertex 0 3 0
    endloop
  endfacet
  facet normal -1 0 0
    outer loop
      vertex 0 15.6 2
      vertex 0 3 6
      vertex 0 15.6 6
    endloop
  endfacet
  facet normal -1 -0 0
    outer loop
      vertex 0 43.6 6
      vertex 0 31.6 2
      vertex 0 31.6 6
    endloop
  endfacet
  facet normal 0 -1 0
    outer loop
      vertex 28.4 0 2.9
      vertex 57.6 0 4.87692
      vertex 28.4 0 4.87692
    endloop
  endfacet
  facet normal 0 -1 -0
    outer loop
      vertex 57.6 0 4.87692
      vertex 28.4 0 2.9
      vertex 57.6 0 2.9
    endloop
  endfacet
  facet normal 0 -1 0
    outer loop
      vertex 28.4 0 4.87692
      vertex 3 0 6
      vertex 17.6 0 4.87692
    endloop
  endfacet
  facet normal 0 -1 0
    outer loop
      vertex 3 0 6
      vertex 17.6 0 2.9
      vertex 17.6 0 4.87692
    endloop
  endfacet
  facet normal 0 -1 0
    outer loop
      vertex 3 0 0
      vertex 28.4 0 2.9
      vertex 17.6 0 2.9
    endloop
  endfacet
  facet normal 0 -1 -0
    outer loop
      vertex 28.4 0 2.9
      vertex 3 0 0
      vertex 57.6 0 2.9
    endloop
  endfacet
  facet normal 0 -1 0
    outer loop
      vertex 83 0 0
      vertex 57.6 0 2.9
      vertex 3 0 0
    endloop
  endfacet
  facet normal 0 -1 0
    outer loop
      vertex 3 0 0
      vertex 17.6 0 2.9
      vertex 3 0 6
    endloop
  endfacet
  facet normal 0 -1 0
    outer loop
      vertex 3 0 6
      vertex 28.4 0 4.87692
      vertex 83 0 6
    endloop
  endfacet
  facet normal 0 -1 0
    outer loop
      vertex 57.6 0 4.87692
      vertex 83 0 6
      vertex 28.4 0 4.87692
    endloop
  endfacet
  facet normal 0 -1 0
    outer loop
      vertex 68.4 0 4.87692
      vertex 83 0 6
      vertex 57.6 0 4.87692
    endloop
  endfacet
  facet normal 0 -1 0
    outer loop
      vertex 68.4 0 2.9
      vertex 83 0 6
      vertex 68.4 0 4.87692
    endloop
  endfacet
  facet normal 0 -1 0
    outer loop
      vertex 68.4 0 2.9
      vertex 83 0 0
      vertex 83 0 6
    endloop
  endfacet
  facet normal 0 -1 0
    outer loop
      vertex 57.6 0 2.9
      vertex 83 0 0
      vertex 68.4 0 2.9
    endloop
  endfacet
  facet normal 0.427269 0.904125 -0
    outer loop
      vertex 84.4142 46.2458 0
      vertex 84.148 46.3716 6
      vertex 84.4142 46.2458 6
    endloop
  endfacet
  facet normal 0.427269 0.904125 0
    outer loop
      vertex 84.148 46.3716 6
      vertex 84.4142 46.2458 0
      vertex 84.148 46.3716 0
    endloop
  endfacet
  facet normal 0.969962 0.243255 0
    outer loop
      vertex 85.9424 44.1853 6
      vertex 85.8708 44.4708 0
      vertex 85.8708 44.4708 6
    endloop
  endfacet
  facet normal 0.969962 0.243255 0
    outer loop
      vertex 85.8708 44.4708 0
      vertex 85.9424 44.1853 6
      vertex 85.9424 44.1853 0
    endloop
  endfacet
  facet normal 0.904088 -0.427347 0
    outer loop
      vertex 85.6458 1.5858 6
      vertex 85.7716 1.85194 0
      vertex 85.7716 1.85194 6
    endloop
  endfacet
  facet normal 0.904088 -0.427347 0
    outer loop
      vertex 85.7716 1.85194 0
      vertex 85.6458 1.5858 6
      vertex 85.6458 1.5858 0
    endloop
  endfacet
  facet normal 0.803208 0.595699 0
    outer loop
      vertex 85.4944 45.2667 6
      vertex 85.319 45.5032 0
      vertex 85.319 45.5032 6
    endloop
  endfacet
  facet normal 0.803208 0.595699 0
    outer loop
      vertex 85.319 45.5032 0
      vertex 85.4944 45.2667 6
      vertex 85.4944 45.2667 0
    endloop
  endfacet
  facet normal 0.969978 -0.243191 0
    outer loop
      vertex 85.8708 2.12914 6
      vertex 85.9424 2.41472 0
      vertex 85.9424 2.41472 6
    endloop
  endfacet
  facet normal 0.969978 -0.243191 0
    outer loop
      vertex 85.9424 2.41472 0
      vertex 85.8708 2.12914 6
      vertex 85.8708 2.12914 0
    endloop
  endfacet
  facet normal 0.941527 0.336939 0
    outer loop
      vertex 85.8708 44.4708 6
      vertex 85.7716 44.748 0
      vertex 85.7716 44.748 6
    endloop
  endfacet
  facet normal 0.941527 0.336939 0
    outer loop
      vertex 85.7716 44.748 0
      vertex 85.8708 44.4708 6
      vertex 85.8708 44.4708 0
    endloop
  endfacet
  facet normal 0.671607 0.740908 -0
    outer loop
      vertex 85.1213 45.7213 0
      vertex 84.9032 45.919 6
      vertex 85.1213 45.7213 6
    endloop
  endfacet
  facet normal 0.671607 0.740908 0
    outer loop
      vertex 84.9032 45.919 6
      vertex 85.1213 45.7213 0
      vertex 84.9032 45.919 0
    endloop
  endfacet
  facet normal 0.0490389 -0.998797 0
    outer loop
      vertex 83 0 0
      vertex 83.294 0.0144348 6
      vertex 83 0 6
    endloop
  endfacet
  facet normal 0.0490389 -0.998797 0
    outer loop
      vertex 83.294 0.0144348 6
      vertex 83 0 0
      vertex 83.294 0.0144348 0
    endloop
  endfacet
  facet normal 0.0492599 0.998786 -0
    outer loop
      vertex 83.294 46.5855 0
      vertex 83 46.6 6
      vertex 83.294 46.5855 6
    endloop
  endfacet
  facet normal 0.0492599 0.998786 0
    outer loop
      vertex 83 46.6 6
      vertex 83.294 46.5855 0
      vertex 83 46.6 0
    endloop
  endfacet
  facet normal 0.904125 0.427269 0
    outer loop
      vertex 85.7716 44.748 6
      vertex 85.6458 45.0142 0
      vertex 85.6458 45.0142 6
    endloop
  endfacet
  facet normal 0.904125 0.427269 0
    outer loop
      vertex 85.6458 45.0142 0
      vertex 85.7716 44.748 6
      vertex 85.7716 44.748 0
    endloop
  endfacet
  facet normal -0.514216 0.857661 0
    outer loop
      vertex 1.5858 46.2458 0
      vertex 1.33328 46.0944 6
      vertex 1.5858 46.2458 6
    endloop
  endfacet
  facet normal -0.514216 0.857661 0
    outer loop
      vertex 1.33328 46.0944 6
      vertex 1.5858 46.2458 0
      vertex 1.33328 46.0944 0
    endloop
  endfacet
  facet normal -0.970016 0.243043 0
    outer loop
      vertex 0.0576324 44.1853 0
      vertex 0.129166 44.4708 6
      vertex 0.129166 44.4708 0
    endloop
  endfacet
  facet normal -0.970016 0.243043 0
    outer loop
      vertex 0.129166 44.4708 6
      vertex 0.0576324 44.1853 0
      vertex 0.0576324 44.1853 6
    endloop
  endfacet
  facet normal -0.740935 -0.671577 0
    outer loop
      vertex 0.878677 0.878677 0
      vertex 0.680954 1.09682 6
      vertex 0.680954 1.09682 0
    endloop
  endfacet
  facet normal -0.740935 -0.671577 0
    outer loop
      vertex 0.680954 1.09682 6
      vertex 0.878677 0.878677 0
      vertex 0.878677 0.878677 6
    endloop
  endfacet
  facet normal 0.998786 0.0492599 0
    outer loop
      vertex 86 43.6 6
      vertex 85.9855 43.894 0
      vertex 85.9855 43.894 6
    endloop
  endfacet
  facet normal 0.998786 0.0492599 0
    outer loop
      vertex 85.9855 43.894 0
      vertex 86 43.6 6
      vertex 86 43.6 0
    endloop
  endfacet
  facet normal -0.427583 -0.903976 0
    outer loop
      vertex 1.5858 0.354233 0
      vertex 1.85194 0.228348 6
      vertex 1.5858 0.354233 6
    endloop
  endfacet
  facet normal -0.427583 -0.903976 -0
    outer loop
      vertex 1.85194 0.228348 6
      vertex 1.5858 0.354233 0
      vertex 1.85194 0.228348 0
    endloop
  endfacet
  facet normal 0.514126 -0.857715 0
    outer loop
      vertex 84.4142 0.354233 0
      vertex 84.6667 0.505585 6
      vertex 84.4142 0.354233 6
    endloop
  endfacet
  facet normal 0.514126 -0.857715 0
    outer loop
      vertex 84.6667 0.505585 6
      vertex 84.4142 0.354233 0
      vertex 84.6667 0.505585 0
    endloop
  endfacet
  facet normal -0 0 1
    outer loop
      vertex 0 31.6 2
      vertex 1.2 15.6 2
      vertex 1.2 31.6 2
    endloop
  endfacet
  facet normal 0 0 1
    outer loop
      vertex 1.2 15.6 2
      vertex 0 31.6 2
      vertex 0 15.6 2
    endloop
  endfacet
  facet normal -0 0 1
    outer loop
      vertex 11.5787 16.4569 2
      vertex 29 13.1 2
      vertex 29 33.5 2
    endloop
  endfacet
  facet normal 0 0 1
    outer loop
      vertex 29 13.1 2
      vertex 11.988 15.313 2
      vertex 12 15.068 2
    endloop
  endfacet
  facet normal 0 0 1
    outer loop
      vertex 29 13.1 2
      vertex 11.952 15.5557 2
      vertex 11.988 15.313 2
    endloop
  endfacet
  facet normal 0 0 1
    outer loop
      vertex 11.9046 31.1699 2
      vertex 29 33.5 2
      vertex 11.9166 31.4149 2
    endloop
  endfacet
  facet normal 0 0 1
    outer loop
      vertex 29 33.5 2
      vertex 11.9046 31.6599 2
      vertex 11.9166 31.4149 2
    endloop
  endfacet
  facet normal 0 0 1
    outer loop
      vertex 29 33.5 2
      vertex 11.8686 31.9026 2
      vertex 11.9046 31.6599 2
    endloop
  endfacet
  facet normal 0 0 1
    outer loop
      vertex 29 33.5 2
      vertex 11.809 32.1406 2
      vertex 11.8686 31.9026 2
    endloop
  endfacet
  facet normal 0 0 1
    outer loop
      vertex 29 33.5 2
      vertex 11.7263 32.3716 2
      vertex 11.809 32.1406 2
    endloop
  endfacet
  facet normal 0 0 1
    outer loop
      vertex 29 33.5 2
      vertex 11.6214 32.5934 2
      vertex 11.7263 32.3716 2
    endloop
  endfacet
  facet normal 0 0 1
    outer loop
      vertex 29 33.5 2
      vertex 11.4953 32.8038 2
      vertex 11.6214 32.5934 2
    endloop
  endfacet
  facet normal 0 0 1
    outer loop
      vertex 29 33.5 2
      vertex 11.3491 33.0009 2
      vertex 11.4953 32.8038 2
    endloop
  endfacet
  facet normal 0 0 1
    outer loop
      vertex 29 33.5 2
      vertex 11.1844 33.1827 2
      vertex 11.3491 33.0009 2
    endloop
  endfacet
  facet normal 0 0 1
    outer loop
      vertex 29 33.5 2
      vertex 11.0026 33.3474 2
      vertex 11.1844 33.1827 2
    endloop
  endfacet
  facet normal 0 0 1
    outer loop
      vertex 29 33.5 2
      vertex 10.8055 33.4936 2
      vertex 11.0026 33.3474 2
    endloop
  endfacet
  facet normal 0 -0 1
    outer loop
      vertex 10.8055 33.4936 2
      vertex 29 33.5 2
      vertex 10.7948 33.5 2
    endloop
  endfacet
  facet normal -0 0 1
    outer loop
      vertex 57 33.5 2
      vertex 81 13.1 2
      vertex 81 33.5 2
    endloop
  endfacet
  facet normal 0 0 1
    outer loop
      vertex 81 13.1 2
      vertex 57 33.5 2
      vertex 57 13.1 2
    endloop
  endfacet
  facet normal 0 0 1
    outer loop
      vertex 83 45.4 2
      vertex 84.8 43.6 2
      vertex 84.7913 43.7764 2
    endloop
  endfacet
  facet normal 0 0 1
    outer loop
      vertex 84.8 43.6 2
      vertex 81 33.5 2
      vertex 84.8 2.99999 2
    endloop
  endfacet
  facet normal 0 0 1
    outer loop
      vertex 83 45.4 2
      vertex 84.7913 43.7764 2
      vertex 84.7654 43.9512 2
    endloop
  endfacet
  facet normal -0 0 1
    outer loop
      vertex 81 13.1 2
      vertex 84.8 2.99999 2
      vertex 81 33.5 2
    endloop
  endfacet
  facet normal 0 0 1
    outer loop
      vertex 83 45.4 2
      vertex 84.7654 43.9512 2
      vertex 84.7225 44.1225 2
    endloop
  endfacet
  facet normal -0 0 1
    outer loop
      vertex 81 4.9 2
      vertex 84.8 2.99999 2
      vertex 81 13.1 2
    endloop
  endfacet
  facet normal 0 0 1
    outer loop
      vertex 83 45.4 2
      vertex 84.7225 44.1225 2
      vertex 84.663 44.2888 2
    endloop
  endfacet
  facet normal 0 -0 1
    outer loop
      vertex 83 1.2 2
      vertex 84.8 2.99999 2
      vertex 81 4.9 2
    endloop
  endfacet
  facet normal 0 0 1
    outer loop
      vertex 83 45.4 2
      vertex 84.663 44.2888 2
      vertex 84.5874 44.4485 2
    endloop
  endfacet
  facet normal 0 0 1
    outer loop
      vertex 84.8 2.99999 2
      vertex 83 1.2 2
      vertex 84.7913 2.82357 2
    endloop
  endfacet
  facet normal 0 0 1
    outer loop
      vertex 83 45.4 2
      vertex 84.5874 44.4485 2
      vertex 84.4966 44.6 2
    endloop
  endfacet
  facet normal 0 0 1
    outer loop
      vertex 84.7913 2.82357 2
      vertex 83 1.2 2
      vertex 84.7654 2.64884 2
    endloop
  endfacet
  facet normal 0 0 1
    outer loop
      vertex 83 45.4 2
      vertex 84.4966 44.6 2
      vertex 84.3914 44.7419 2
    endloop
  endfacet
  facet normal 0 0 1
    outer loop
      vertex 84.7654 2.64884 2
      vertex 83 1.2 2
      vertex 84.7225 2.47748 2
    endloop
  endfacet
  facet normal 0 0 1
    outer loop
      vertex 83 45.4 2
      vertex 84.3914 44.7419 2
      vertex 84.2728 44.8728 2
    endloop
  endfacet
  facet normal 0 0 1
    outer loop
      vertex 84.7225 2.47748 2
      vertex 83 1.2 2
      vertex 84.663 2.31116 2
    endloop
  endfacet
  facet normal 0 0 1
    outer loop
      vertex 83 45.4 2
      vertex 84.2728 44.8728 2
      vertex 84.1419 44.9914 2
    endloop
  endfacet
  facet normal 0 0 1
    outer loop
      vertex 84.663 2.31116 2
      vertex 83 1.2 2
      vertex 84.5874 2.15148 2
    endloop
  endfacet
  facet normal 0 0 1
    outer loop
      vertex 83 45.4 2
      vertex 84.1419 44.9914 2
      vertex 84 45.0966 2
    endloop
  endfacet
  facet normal 0 0 1
    outer loop
      vertex 84.5874 2.15148 2
      vertex 83 1.2 2
      vertex 84.4966 1.99997 2
    endloop
  endfacet
  facet normal 0 0 1
    outer loop
      vertex 83 45.4 2
      vertex 84 45.0966 2
      vertex 83.8485 45.1875 2
    endloop
  endfacet
  facet normal 0 0 1
    outer loop
      vertex 84.4966 1.99997 2
      vertex 83 1.2 2
      vertex 84.3914 1.85808 2
    endloop
  endfacet
  facet normal 0 0 1
    outer loop
      vertex 83 45.4 2
      vertex 83.8485 45.1875 2
      vertex 83.6888 45.263 2
    endloop
  endfacet
  facet normal 0 0 1
    outer loop
      vertex 84.3914 1.85808 2
      vertex 83 1.2 2
      vertex 84.2728 1.72721 2
    endloop
  endfacet
  facet normal 0 0 1
    outer loop
      vertex 83 45.4 2
      vertex 83.6888 45.263 2
      vertex 83.5225 45.3225 2
    endloop
  endfacet
  facet normal 0 0 1
    outer loop
      vertex 84.2728 1.72721 2
      vertex 83 1.2 2
      vertex 84.1419 1.60857 2
    endloop
  endfacet
  facet normal 0 0 1
    outer loop
      vertex 83 45.4 2
      vertex 83.5225 45.3225 2
      vertex 83.3512 45.3654 2
    endloop
  endfacet
  facet normal 0 0 1
    outer loop
      vertex 84.1419 1.60857 2
      vertex 83 1.2 2
      vertex 84 1.50334 2
    endloop
  endfacet
  facet normal 0 0 1
    outer loop
      vertex 83 45.4 2
      vertex 83.3512 45.3654 2
      vertex 83.1764 45.3913 2
    endloop
  endfacet
  facet normal 0 0 1
    outer loop
      vertex 84 1.50334 2
      vertex 83 1.2 2
      vertex 83.8485 1.41254 2
    endloop
  endfacet
  facet normal 0 0 1
    outer loop
      vertex 84.8 43.6 2
      vertex 83 45.4 2
      vertex 81 41.7 2
    endloop
  endfacet
  facet normal 0 0 1
    outer loop
      vertex 83.8485 1.41254 2
      vertex 83 1.2 2
      vertex 83.6888 1.33701 2
    endloop
  endfacet
  facet normal 0 0 1
    outer loop
      vertex 84.8 43.6 2
      vertex 81 41.7 2
      vertex 81 33.5 2
    endloop
  endfacet
  facet normal 0 0 1
    outer loop
      vertex 83 45.4 2
      vertex 57 41.7 2
      vertex 81 41.7 2
    endloop
  endfacet
  facet normal 0 0 1
    outer loop
      vertex 50.9314 29.2966 2
      vertex 57 33.5 2
      vertex 57 41.7 2
    endloop
  endfacet
  facet normal 0 0 1
    outer loop
      vertex 57 33.5 2
      vertex 51.7 28.6 2
      vertex 57 13.1 2
    endloop
  endfacet
  facet normal -0 0 1
    outer loop
      vertex 51.7 18 2
      vertex 57 13.1 2
      vertex 51.7 28.6 2
    endloop
  endfacet
  facet normal 0 0 1
    outer loop
      vertex 57 33.5 2
      vertex 51.6966 28.6686 2
      vertex 51.7 28.6 2
    endloop
  endfacet
  facet normal 0 0 1
    outer loop
      vertex 57 33.5 2
      vertex 51.6865 28.7366 2
      vertex 51.6966 28.6686 2
    endloop
  endfacet
  facet normal 0 0 1
    outer loop
      vertex 57 33.5 2
      vertex 51.6699 28.8032 2
      vertex 51.6865 28.7366 2
    endloop
  endfacet
  facet normal 0 0 1
    outer loop
      vertex 57 33.5 2
      vertex 51.6467 28.8679 2
      vertex 51.6699 28.8032 2
    endloop
  endfacet
  facet normal 0 0 1
    outer loop
      vertex 57 33.5 2
      vertex 51.6173 28.93 2
      vertex 51.6467 28.8679 2
    endloop
  endfacet
  facet normal 0 0 1
    outer loop
      vertex 57 33.5 2
      vertex 51.582 28.9889 2
      vertex 51.6173 28.93 2
    endloop
  endfacet
  facet normal 0 0 1
    outer loop
      vertex 57 33.5 2
      vertex 51.5411 29.0441 2
      vertex 51.582 28.9889 2
    endloop
  endfacet
  facet normal 0 0 1
    outer loop
      vertex 57 33.5 2
      vertex 51.495 29.095 2
      vertex 51.5411 29.0441 2
    endloop
  endfacet
  facet normal 0 0 1
    outer loop
      vertex 57 33.5 2
      vertex 51.4441 29.1411 2
      vertex 51.495 29.095 2
    endloop
  endfacet
  facet normal 0 0 1
    outer loop
      vertex 57 33.5 2
      vertex 51.3889 29.182 2
      vertex 51.4441 29.1411 2
    endloop
  endfacet
  facet normal 0 0 1
    outer loop
      vertex 57 33.5 2
      vertex 51.33 29.2173 2
      vertex 51.3889 29.182 2
    endloop
  endfacet
  facet normal 0 0 1
    outer loop
      vertex 57 33.5 2
      vertex 51.2679 29.2467 2
      vertex 51.33 29.2173 2
    endloop
  endfacet
  facet normal 0 0 1
    outer loop
      vertex 57 33.5 2
      vertex 51.2032 29.2698 2
      vertex 51.2679 29.2467 2
    endloop
  endfacet
  facet normal 0 0 1
    outer loop
      vertex 57 33.5 2
      vertex 51.1366 29.2865 2
      vertex 51.2032 29.2698 2
    endloop
  endfacet
  facet normal 0 0 1
    outer loop
      vertex 57 33.5 2
      vertex 51.0686 29.2966 2
      vertex 51.1366 29.2865 2
    endloop
  endfacet
  facet normal 0 0 1
    outer loop
      vertex 57 33.5 2
      vertex 51 29.3 2
      vertex 51.0686 29.2966 2
    endloop
  endfacet
  facet normal 0 0 1
    outer loop
      vertex 57 33.5 2
      vertex 50.9314 29.2966 2
      vertex 51 29.3 2
    endloop
  endfacet
  facet normal 0 0 1
    outer loop
      vertex 57 41.7 2
      vertex 50.8634 29.2865 2
      vertex 50.9314 29.2966 2
    endloop
  endfacet
  facet normal 0 0 1
    outer loop
      vertex 47.1366 29.2865 2
      vertex 50.8634 29.2865 2
      vertex 57 41.7 2
    endloop
  endfacet
  facet normal 0 0 1
    outer loop
      vertex 50.8634 29.2865 2
      vertex 47.1366 29.2865 2
      vertex 50.7968 29.2698 2
    endloop
  endfacet
  facet normal 0 -0 1
    outer loop
      vertex 47.2032 29.2698 2
      vertex 50.7968 29.2698 2
      vertex 47.1366 29.2865 2
    endloop
  endfacet
  facet normal 0 0 1
    outer loop
      vertex 50.7968 29.2698 2
      vertex 47.2032 29.2698 2
      vertex 50.7321 29.2467 2
    endloop
  endfacet
  facet normal 0 -0 1
    outer loop
      vertex 47.2679 29.2467 2
      vertex 50.7321 29.2467 2
      vertex 47.2032 29.2698 2
    endloop
  endfacet
  facet normal 0 -0 1
    outer loop
      vertex 47.33 29.2173 2
      vertex 50.67 29.2173 2
      vertex 47.2679 29.2467 2
    endloop
  endfacet
  facet normal 0 0 1
    outer loop
      vertex 50.67 29.2173 2
      vertex 47.33 29.2173 2
      vertex 50.6111 29.182 2
    endloop
  endfacet
  facet normal 0 -0 1
    outer loop
      vertex 47.3889 29.182 2
      vertex 50.6111 29.182 2
      vertex 47.33 29.2173 2
    endloop
  endfacet
  facet normal 0 0 1
    outer loop
      vertex 50.6111 29.182 2
      vertex 47.3889 29.182 2
      vertex 50.5559 29.1411 2
    endloop
  endfacet
  facet normal 0 0 1
    outer loop
      vertex 50.3 28.6 2
      vertex 47.7 28.6 2
      vertex 50.3 18 2
    endloop
  endfacet
  facet normal 0 0 1
    outer loop
      vertex 50.3034 28.6686 2
      vertex 47.7 28.6 2
      vertex 50.3 28.6 2
    endloop
  endfacet
  facet normal 0 0 1
    outer loop
      vertex 47.6966 28.6686 2
      vertex 50.3034 28.6686 2
      vertex 50.3134 28.7366 2
    endloop
  endfacet
  facet normal 0 0 1
    outer loop
      vertex 47.6865 28.7366 2
      vertex 50.3134 28.7366 2
      vertex 50.3301 28.8032 2
    endloop
  endfacet
  facet normal 0 0 1
    outer loop
      vertex 47.6699 28.8032 2
      vertex 50.3301 28.8032 2
      vertex 50.3533 28.8679 2
    endloop
  endfacet
  facet normal 0 0 1
    outer loop
      vertex 47.6467 28.8679 2
      vertex 50.3533 28.8679 2
      vertex 50.3826 28.93 2
    endloop
  endfacet
  facet normal 0 -0 1
    outer loop
      vertex 47.4441 29.1411 2
      vertex 50.5559 29.1411 2
      vertex 47.3889 29.182 2
    endloop
  endfacet
  facet normal 0 0 1
    outer loop
      vertex 50.3034 28.6686 2
      vertex 47.6966 28.6686 2
      vertex 47.7 28.6 2
    endloop
  endfacet
  facet normal 0 0 1
    outer loop
      vertex 50.3134 28.7366 2
      vertex 47.6865 28.7366 2
      vertex 47.6966 28.6686 2
    endloop
  endfacet
  facet normal 0 0 1
    outer loop
      vertex 50.3301 28.8032 2
      vertex 47.6699 28.8032 2
      vertex 47.6865 28.7366 2
    endloop
  endfacet
  facet normal 0 0 1
    outer loop
      vertex 50.3533 28.8679 2
      vertex 47.6467 28.8679 2
      vertex 47.6699 28.8032 2
    endloop
  endfacet
  facet normal 0 0 1
    outer loop
      vertex 50.3826 28.93 2
      vertex 47.6173 28.93 2
      vertex 47.6467 28.8679 2
    endloop
  endfacet
  facet normal 0 0 1
    outer loop
      vertex 50.3826 28.93 2
      vertex 47.582 28.9889 2
      vertex 47.6173 28.93 2
    endloop
  endfacet
  facet normal 0 0 1
    outer loop
      vertex 50.418 28.9889 2
      vertex 47.582 28.9889 2
      vertex 50.3826 28.93 2
    endloop
  endfacet
  facet normal 0 -0 1
    outer loop
      vertex 47.582 28.9889 2
      vertex 50.418 28.9889 2
      vertex 47.5411 29.0441 2
    endloop
  endfacet
  facet normal 0 0 1
    outer loop
      vertex 50.4589 29.0441 2
      vertex 47.5411 29.0441 2
      vertex 50.418 28.9889 2
    endloop
  endfacet
  facet normal 0 -0 1
    outer loop
      vertex 47.5411 29.0441 2
      vertex 50.4589 29.0441 2
      vertex 47.495 29.095 2
    endloop
  endfacet
  facet normal 0 0 1
    outer loop
      vertex 50.505 29.095 2
      vertex 47.495 29.095 2
      vertex 50.4589 29.0441 2
    endloop
  endfacet
  facet normal 0 -0 1
    outer loop
      vertex 47.495 29.095 2
      vertex 50.505 29.095 2
      vertex 47.4441 29.1411 2
    endloop
  endfacet
  facet normal 0 0 1
    outer loop
      vertex 50.5559 29.1411 2
      vertex 47.4441 29.1411 2
      vertex 50.505 29.095 2
    endloop
  endfacet
  facet normal 0 0 1
    outer loop
      vertex 50.7321 29.2467 2
      vertex 47.2679 29.2467 2
      vertex 50.67 29.2173 2
    endloop
  endfacet
  facet normal 0 0 1
    outer loop
      vertex 57 41.7 2
      vertex 47.0686 29.2966 2
      vertex 47.1366 29.2865 2
    endloop
  endfacet
  facet normal 0 0 1
    outer loop
      vertex 57 41.7 2
      vertex 47 29.3 2
      vertex 47.0686 29.2966 2
    endloop
  endfacet
  facet normal 0 0 1
    outer loop
      vertex 57 41.7 2
      vertex 46.9314 29.2966 2
      vertex 47 29.3 2
    endloop
  endfacet
  facet normal 0 0 1
    outer loop
      vertex 57 41.7 2
      vertex 46.8634 29.2865 2
      vertex 46.9314 29.2966 2
    endloop
  endfacet
  facet normal 0 0 1
    outer loop
      vertex 43.1366 29.2865 2
      vertex 46.8634 29.2865 2
      vertex 57 41.7 2
    endloop
  endfacet
  facet normal 0 0 1
    outer loop
      vertex 46.8634 29.2865 2
      vertex 43.1366 29.2865 2
      vertex 46.7968 29.2698 2
    endloop
  endfacet
  facet normal 0 -0 1
    outer loop
      vertex 43.2032 29.2698 2
      vertex 46.7968 29.2698 2
      vertex 43.1366 29.2865 2
    endloop
  endfacet
  facet normal 0 0 1
    outer loop
      vertex 46.7968 29.2698 2
      vertex 43.2032 29.2698 2
      vertex 46.7321 29.2467 2
    endloop
  endfacet
  facet normal 0 -0 1
    outer loop
      vertex 43.2679 29.2467 2
      vertex 46.7321 29.2467 2
      vertex 43.2032 29.2698 2
    endloop
  endfacet
  facet normal 0 0 1
    outer loop
      vertex 46.7321 29.2467 2
      vertex 43.2679 29.2467 2
      vertex 46.67 29.2173 2
    endloop
  endfacet
  facet normal 0 -0 1
    outer loop
      vertex 43.33 29.2173 2
      vertex 46.67 29.2173 2
      vertex 43.2679 29.2467 2
    endloop
  endfacet
  facet normal 0 0 1
    outer loop
      vertex 46.3 28.6 2
      vertex 43.7 28.6 2
      vertex 46.3 18 2
    endloop
  endfacet
  facet normal 0 0 1
    outer loop
      vertex 46.3034 28.6686 2
      vertex 43.7 28.6 2
      vertex 46.3 28.6 2
    endloop
  endfacet
  facet normal 0 0 1
    outer loop
      vertex 43.6966 28.6686 2
      vertex 46.3034 28.6686 2
      vertex 46.3134 28.7366 2
    endloop
  endfacet
  facet normal 0 0 1
    outer loop
      vertex 43.6865 28.7366 2
      vertex 46.3134 28.7366 2
      vertex 46.3301 28.8032 2
    endloop
  endfacet
  facet normal 0 0 1
    outer loop
      vertex 43.6699 28.8032 2
      vertex 46.3301 28.8032 2
      vertex 46.3533 28.8679 2
    endloop
  endfacet
  facet normal 0 0 1
    outer loop
      vertex 43.6467 28.8679 2
      vertex 46.3533 28.8679 2
      vertex 46.3826 28.93 2
    endloop
  endfacet
  facet normal 0 0 1
    outer loop
      vertex 43.6173 28.93 2
      vertex 46.3826 28.93 2
      vertex 46.418 28.9889 2
    endloop
  endfacet
  facet normal 0 0 1
    outer loop
      vertex 43.582 28.9889 2
      vertex 46.418 28.9889 2
      vertex 46.4589 29.0441 2
    endloop
  endfacet
  facet normal 0 0 1
    outer loop
      vertex 46.67 29.2173 2
      vertex 43.33 29.2173 2
      vertex 46.6111 29.182 2
    endloop
  endfacet
  facet normal 0 0 1
    outer loop
      vertex 46.3034 28.6686 2
      vertex 43.6966 28.6686 2
      vertex 43.7 28.6 2
    endloop
  endfacet
  facet normal 0 0 1
    outer loop
      vertex 46.3134 28.7366 2
      vertex 43.6865 28.7366 2
      vertex 43.6966 28.6686 2
    endloop
  endfacet
  facet normal 0 0 1
    outer loop
      vertex 46.3301 28.8032 2
      vertex 43.6699 28.8032 2
      vertex 43.6865 28.7366 2
    endloop
  endfacet
  facet normal 0 0 1
    outer loop
      vertex 46.3533 28.8679 2
      vertex 43.6467 28.8679 2
      vertex 43.6699 28.8032 2
    endloop
  endfacet
  facet normal 0 0 1
    outer loop
      vertex 46.3826 28.93 2
      vertex 43.6173 28.93 2
      vertex 43.6467 28.8679 2
    endloop
  endfacet
  facet normal 0 0 1
    outer loop
      vertex 46.418 28.9889 2
      vertex 43.582 28.9889 2
      vertex 43.6173 28.93 2
    endloop
  endfacet
  facet normal 0 0 1
    outer loop
      vertex 46.4589 29.0441 2
      vertex 43.5411 29.0441 2
      vertex 43.582 28.9889 2
    endloop
  endfacet
  facet normal 0 0 1
    outer loop
      vertex 46.4589 29.0441 2
      vertex 43.495 29.095 2
      vertex 43.5411 29.0441 2
    endloop
  endfacet
  facet normal 0 0 1
    outer loop
      vertex 46.505 29.095 2
      vertex 43.495 29.095 2
      vertex 46.4589 29.0441 2
    endloop
  endfacet
  facet normal 0 -0 1
    outer loop
      vertex 43.495 29.095 2
      vertex 46.505 29.095 2
      vertex 43.4441 29.1411 2
    endloop
  endfacet
  facet normal 0 0 1
    outer loop
      vertex 46.5559 29.1411 2
      vertex 43.4441 29.1411 2
      vertex 46.505 29.095 2
    endloop
  endfacet
  facet normal 0 -0 1
    outer loop
      vertex 43.4441 29.1411 2
      vertex 46.5559 29.1411 2
      vertex 43.3889 29.182 2
    endloop
  endfacet
  facet normal 0 0 1
    outer loop
      vertex 46.6111 29.182 2
      vertex 43.3889 29.182 2
      vertex 46.5559 29.1411 2
    endloop
  endfacet
  facet normal 0 -0 1
    outer loop
      vertex 43.3889 29.182 2
      vertex 46.6111 29.182 2
      vertex 43.33 29.2173 2
    endloop
  endfacet
  facet normal 0 0 1
    outer loop
      vertex 57 41.7 2
      vertex 43.0686 29.2966 2
      vertex 43.1366 29.2865 2
    endloop
  endfacet
  facet normal 0 0 1
    outer loop
      vertex 57 41.7 2
      vertex 43 29.3 2
      vertex 43.0686 29.2966 2
    endloop
  endfacet
  facet normal -0 0 1
    outer loop
      vertex 29 41.7 2
      vertex 43 29.3 2
      vertex 57 41.7 2
    endloop
  endfacet
  facet normal 0 0 1
    outer loop
      vertex 43 29.3 2
      vertex 29 41.7 2
      vertex 42.9314 29.2966 2
    endloop
  endfacet
  facet normal 0 0 1
    outer loop
      vertex 42.9314 29.2966 2
      vertex 29 41.7 2
      vertex 42.8634 29.2865 2
    endloop
  endfacet
  facet normal 0 -0 1
    outer loop
      vertex 39.1366 29.2865 2
      vertex 42.8634 29.2865 2
      vertex 29 41.7 2
    endloop
  endfacet
  facet normal 0 0 1
    outer loop
      vertex 42.8634 29.2865 2
      vertex 39.1366 29.2865 2
      vertex 42.7968 29.2698 2
    endloop
  endfacet
  facet normal 0 -0 1
    outer loop
      vertex 39.2032 29.2698 2
      vertex 42.7968 29.2698 2
      vertex 39.1366 29.2865 2
    endloop
  endfacet
  facet normal 0 0 1
    outer loop
      vertex 42.7968 29.2698 2
      vertex 39.2032 29.2698 2
      vertex 42.7321 29.2467 2
    endloop
  endfacet
  facet normal 0 0 1
    outer loop
      vertex 42.3 28.6 2
      vertex 39.7 28.6 2
      vertex 42.3 18 2
    endloop
  endfacet
  facet normal 0 0 1
    outer loop
      vertex 42.3034 28.6686 2
      vertex 39.7 28.6 2
      vertex 42.3 28.6 2
    endloop
  endfacet
  facet normal 0 0 1
    outer loop
      vertex 39.6966 28.6686 2
      vertex 42.3034 28.6686 2
      vertex 42.3134 28.7366 2
    endloop
  endfacet
  facet normal 0 0 1
    outer loop
      vertex 39.6865 28.7366 2
      vertex 42.3134 28.7366 2
      vertex 42.3301 28.8032 2
    endloop
  endfacet
  facet normal 0 0 1
    outer loop
      vertex 39.6699 28.8032 2
      vertex 42.3301 28.8032 2
      vertex 42.3533 28.8679 2
    endloop
  endfacet
  facet normal 0 0 1
    outer loop
      vertex 39.6467 28.8679 2
      vertex 42.3533 28.8679 2
      vertex 42.3826 28.93 2
    endloop
  endfacet
  facet normal 0 0 1
    outer loop
      vertex 39.6173 28.93 2
      vertex 42.3826 28.93 2
      vertex 42.418 28.9889 2
    endloop
  endfacet
  facet normal 0 0 1
    outer loop
      vertex 39.582 28.9889 2
      vertex 42.418 28.9889 2
      vertex 42.4589 29.0441 2
    endloop
  endfacet
  facet normal 0 0 1
    outer loop
      vertex 39.5411 29.0441 2
      vertex 42.4589 29.0441 2
      vertex 42.505 29.095 2
    endloop
  endfacet
  facet normal 0 0 1
    outer loop
      vertex 39.495 29.095 2
      vertex 42.505 29.095 2
      vertex 42.5559 29.1411 2
    endloop
  endfacet
  facet normal 0 -0 1
    outer loop
      vertex 39.2679 29.2467 2
      vertex 42.7321 29.2467 2
      vertex 39.2032 29.2698 2
    endloop
  endfacet
  facet normal 0 0 1
    outer loop
      vertex 42.3034 28.6686 2
      vertex 39.6966 28.6686 2
      vertex 39.7 28.6 2
    endloop
  endfacet
  facet normal 0 0 1
    outer loop
      vertex 42.3134 28.7366 2
      vertex 39.6865 28.7366 2
      vertex 39.6966 28.6686 2
    endloop
  endfacet
  facet normal 0 0 1
    outer loop
      vertex 42.3301 28.8032 2
      vertex 39.6699 28.8032 2
      vertex 39.6865 28.7366 2
    endloop
  endfacet
  facet normal 0 0 1
    outer loop
      vertex 42.3533 28.8679 2
      vertex 39.6467 28.8679 2
      vertex 39.6699 28.8032 2
    endloop
  endfacet
  facet normal 0 0 1
    outer loop
      vertex 42.3826 28.93 2
      vertex 39.6173 28.93 2
      vertex 39.6467 28.8679 2
    endloop
  endfacet
  facet normal 0 0 1
    outer loop
      vertex 42.418 28.9889 2
      vertex 39.582 28.9889 2
      vertex 39.6173 28.93 2
    endloop
  endfacet
  facet normal 0 0 1
    outer loop
      vertex 42.4589 29.0441 2
      vertex 39.5411 29.0441 2
      vertex 39.582 28.9889 2
    endloop
  endfacet
  facet normal 0 0 1
    outer loop
      vertex 42.505 29.095 2
      vertex 39.495 29.095 2
      vertex 39.5411 29.0441 2
    endloop
  endfacet
  facet normal 0 0 1
    outer loop
      vertex 42.5559 29.1411 2
      vertex 39.4441 29.1411 2
      vertex 39.495 29.095 2
    endloop
  endfacet
  facet normal 0 0 1
    outer loop
      vertex 42.5559 29.1411 2
      vertex 39.3889 29.182 2
      vertex 39.4441 29.1411 2
    endloop
  endfacet
  facet normal 0 0 1
    outer loop
      vertex 42.6111 29.182 2
      vertex 39.3889 29.182 2
      vertex 42.5559 29.1411 2
    endloop
  endfacet
  facet normal 0 -0 1
    outer loop
      vertex 39.3889 29.182 2
      vertex 42.6111 29.182 2
      vertex 39.33 29.2173 2
    endloop
  endfacet
  facet normal 0 0 1
    outer loop
      vertex 42.67 29.2173 2
      vertex 39.33 29.2173 2
      vertex 42.6111 29.182 2
    endloop
  endfacet
  facet normal 0 0 1
    outer loop
      vertex 42.7321 29.2467 2
      vertex 39.2679 29.2467 2
      vertex 42.67 29.2173 2
    endloop
  endfacet
  facet normal 0 -0 1
    outer loop
      vertex 39.33 29.2173 2
      vertex 42.67 29.2173 2
      vertex 39.2679 29.2467 2
    endloop
  endfacet
  facet normal 0 0 1
    outer loop
      vertex 39.1366 29.2865 2
      vertex 29 41.7 2
      vertex 39.0686 29.2966 2
    endloop
  endfacet
  facet normal 0 0 1
    outer loop
      vertex 39.0686 29.2966 2
      vertex 29 41.7 2
      vertex 39 29.3 2
    endloop
  endfacet
  facet normal 0 0 1
    outer loop
      vertex 39 29.3 2
      vertex 29 41.7 2
      vertex 38.9314 29.2966 2
    endloop
  endfacet
  facet normal 0 0 1
    outer loop
      vertex 38.9314 29.2966 2
      vertex 29 41.7 2
      vertex 38.8634 29.2865 2
    endloop
  endfacet
  facet normal 0 -0 1
    outer loop
      vertex 35.1366 29.2865 2
      vertex 38.8634 29.2865 2
      vertex 29 41.7 2
    endloop
  endfacet
  facet normal 0 0 1
    outer loop
      vertex 38.8634 29.2865 2
      vertex 35.1366 29.2865 2
      vertex 38.7968 29.2698 2
    endloop
  endfacet
  facet normal 0 -0 1
    outer loop
      vertex 35.2032 29.2698 2
      vertex 38.7968 29.2698 2
      vertex 35.1366 29.2865 2
    endloop
  endfacet
  facet normal 0 0 1
    outer loop
      vertex 38.3 28.6 2
      vertex 35.7 28.6 2
      vertex 38.3 18 2
    endloop
  endfacet
  facet normal 0 0 1
    outer loop
      vertex 38.3034 28.6686 2
      vertex 35.7 28.6 2
      vertex 38.3 28.6 2
    endloop
  endfacet
  facet normal 0 0 1
    outer loop
      vertex 35.6966 28.6686 2
      vertex 38.3034 28.6686 2
      vertex 38.3134 28.7366 2
    endloop
  endfacet
  facet normal 0 0 1
    outer loop
      vertex 35.6865 28.7366 2
      vertex 38.3134 28.7366 2
      vertex 38.3301 28.8032 2
    endloop
  endfacet
  facet normal 0 0 1
    outer loop
      vertex 35.6699 28.8032 2
      vertex 38.3301 28.8032 2
      vertex 38.3533 28.8679 2
    endloop
  endfacet
  facet normal 0 0 1
    outer loop
      vertex 35.6467 28.8679 2
      vertex 38.3533 28.8679 2
      vertex 38.3826 28.93 2
    endloop
  endfacet
  facet normal 0 0 1
    outer loop
      vertex 35.6173 28.93 2
      vertex 38.3826 28.93 2
      vertex 38.418 28.9889 2
    endloop
  endfacet
  facet normal 0 0 1
    outer loop
      vertex 35.582 28.9889 2
      vertex 38.418 28.9889 2
      vertex 38.4589 29.0441 2
    endloop
  endfacet
  facet normal 0 0 1
    outer loop
      vertex 35.5411 29.0441 2
      vertex 38.4589 29.0441 2
      vertex 38.505 29.095 2
    endloop
  endfacet
  facet normal 0 0 1
    outer loop
      vertex 35.495 29.095 2
      vertex 38.505 29.095 2
      vertex 38.5559 29.1411 2
    endloop
  endfacet
  facet normal 0 0 1
    outer loop
      vertex 35.4441 29.1411 2
      vertex 38.5559 29.1411 2
      vertex 38.6111 29.182 2
    endloop
  endfacet
  facet normal 0 0 1
    outer loop
      vertex 38.7968 29.2698 2
      vertex 35.2032 29.2698 2
      vertex 38.7321 29.2467 2
    endloop
  endfacet
  facet normal 0 0 1
    outer loop
      vertex 38.3034 28.6686 2
      vertex 35.6966 28.6686 2
      vertex 35.7 28.6 2
    endloop
  endfacet
  facet normal 0 0 1
    outer loop
      vertex 38.3134 28.7366 2
      vertex 35.6865 28.7366 2
      vertex 35.6966 28.6686 2
    endloop
  endfacet
  facet normal 0 0 1
    outer loop
      vertex 38.3301 28.8032 2
      vertex 35.6699 28.8032 2
      vertex 35.6865 28.7366 2
    endloop
  endfacet
  facet normal 0 0 1
    outer loop
      vertex 38.3533 28.8679 2
      vertex 35.6467 28.8679 2
      vertex 35.6699 28.8032 2
    endloop
  endfacet
  facet normal 0 0 1
    outer loop
      vertex 38.3826 28.93 2
      vertex 35.6173 28.93 2
      vertex 35.6467 28.8679 2
    endloop
  endfacet
  facet normal 0 0 1
    outer loop
      vertex 38.418 28.9889 2
      vertex 35.582 28.9889 2
      vertex 35.6173 28.93 2
    endloop
  endfacet
  facet normal 0 0 1
    outer loop
      vertex 38.4589 29.0441 2
      vertex 35.5411 29.0441 2
      vertex 35.582 28.9889 2
    endloop
  endfacet
  facet normal 0 0 1
    outer loop
      vertex 38.505 29.095 2
      vertex 35.495 29.095 2
      vertex 35.5411 29.0441 2
    endloop
  endfacet
  facet normal 0 0 1
    outer loop
      vertex 38.5559 29.1411 2
      vertex 35.4441 29.1411 2
      vertex 35.495 29.095 2
    endloop
  endfacet
  facet normal 0 0 1
    outer loop
      vertex 38.6111 29.182 2
      vertex 35.3889 29.182 2
      vertex 35.4441 29.1411 2
    endloop
  endfacet
  facet normal 0 -0 1
    outer loop
      vertex 35.2679 29.2467 2
      vertex 38.7321 29.2467 2
      vertex 35.2032 29.2698 2
    endloop
  endfacet
  facet normal 0 0 1
    outer loop
      vertex 38.6111 29.182 2
      vertex 35.33 29.2173 2
      vertex 35.3889 29.182 2
    endloop
  endfacet
  facet normal 0 0 1
    outer loop
      vertex 38.67 29.2173 2
      vertex 35.33 29.2173 2
      vertex 38.6111 29.182 2
    endloop
  endfacet
  facet normal 0 -0 1
    outer loop
      vertex 35.33 29.2173 2
      vertex 38.67 29.2173 2
      vertex 35.2679 29.2467 2
    endloop
  endfacet
  facet normal 0 0 1
    outer loop
      vertex 38.7321 29.2467 2
      vertex 35.2679 29.2467 2
      vertex 38.67 29.2173 2
    endloop
  endfacet
  facet normal 0 0 1
    outer loop
      vertex 35.1366 29.2865 2
      vertex 29 41.7 2
      vertex 35.0686 29.2966 2
    endloop
  endfacet
  facet normal -0 0 1
    outer loop
      vertex 29 33.5 2
      vertex 35.0686 29.2966 2
      vertex 29 41.7 2
    endloop
  endfacet
  facet normal 0 0 1
    outer loop
      vertex 35.0686 29.2966 2
      vertex 29 33.5 2
      vertex 35 29.3 2
    endloop
  endfacet
  facet normal 0 0 1
    outer loop
      vertex 35 29.3 2
      vertex 29 33.5 2
      vertex 34.9314 29.2966 2
    endloop
  endfacet
  facet normal 0 0 1
    outer loop
      vertex 34.9314 29.2966 2
      vertex 29 33.5 2
      vertex 34.8634 29.2865 2
    endloop
  endfacet
  facet normal 0 0 1
    outer loop
      vertex 34.8634 29.2865 2
      vertex 29 33.5 2
      vertex 34.7968 29.2698 2
    endloop
  endfacet
  facet normal 0 0 1
    outer loop
      vertex 34.3034 28.6686 2
      vertex 29 33.5 2
      vertex 34.3 28.6 2
    endloop
  endfacet
  facet normal 0 0 1
    outer loop
      vertex 34.3134 28.7366 2
      vertex 29 33.5 2
      vertex 34.3034 28.6686 2
    endloop
  endfacet
  facet normal 0 0 1
    outer loop
      vertex 34.3301 28.8032 2
      vertex 29 33.5 2
      vertex 34.3134 28.7366 2
    endloop
  endfacet
  facet normal 0 0 1
    outer loop
      vertex 34.3533 28.8679 2
      vertex 29 33.5 2
      vertex 34.3301 28.8032 2
    endloop
  endfacet
  facet normal 0 0 1
    outer loop
      vertex 34.3826 28.93 2
      vertex 29 33.5 2
      vertex 34.3533 28.8679 2
    endloop
  endfacet
  facet normal 0 0 1
    outer loop
      vertex 34.418 28.9889 2
      vertex 29 33.5 2
      vertex 34.3826 28.93 2
    endloop
  endfacet
  facet normal 0 0 1
    outer loop
      vertex 34.4589 29.0441 2
      vertex 29 33.5 2
      vertex 34.418 28.9889 2
    endloop
  endfacet
  facet normal 0 0 1
    outer loop
      vertex 34.505 29.095 2
      vertex 29 33.5 2
      vertex 34.4589 29.0441 2
    endloop
  endfacet
  facet normal 0 0 1
    outer loop
      vertex 34.5559 29.1411 2
      vertex 29 33.5 2
      vertex 34.505 29.095 2
    endloop
  endfacet
  facet normal 0 0 1
    outer loop
      vertex 34.6111 29.182 2
      vertex 29 33.5 2
      vertex 34.5559 29.1411 2
    endloop
  endfacet
  facet normal 0 0 1
    outer loop
      vertex 34.67 29.2173 2
      vertex 29 33.5 2
      vertex 34.6111 29.182 2
    endloop
  endfacet
  facet normal 0 0 1
    outer loop
      vertex 34.7321 29.2467 2
      vertex 29 33.5 2
      vertex 34.67 29.2173 2
    endloop
  endfacet
  facet normal 0 0 1
    outer loop
      vertex 34.7968 29.2698 2
      vertex 29 33.5 2
      vertex 34.7321 29.2467 2
    endloop
  endfacet
  facet normal 0 0 1
    outer loop
      vertex 83 45.4 2
      vertex 29 41.7 2
      vertex 57 41.7 2
    endloop
  endfacet
  facet normal -0 0 1
    outer loop
      vertex 2.99999 45.4 2
      vertex 29 41.7 2
      vertex 83 45.4 2
    endloop
  endfacet
  facet normal 0 0 1
    outer loop
      vertex 1.2 31.6 2
      vertex 5 33.5 2
      vertex 5 41.7 2
    endloop
  endfacet
  facet normal 0 0 1
    outer loop
      vertex 1.2 15.6 2
      vertex 5 33.5 2
      vertex 1.2 31.6 2
    endloop
  endfacet
  facet normal -0 0 1
    outer loop
      vertex 1.2 43.6 2
      vertex 5 41.7 2
      vertex 2.99999 45.4 2
    endloop
  endfacet
  facet normal 0 0 1
    outer loop
      vertex 29 41.7 2
      vertex 2.99999 45.4 2
      vertex 5 41.7 2
    endloop
  endfacet
  facet normal 0 0 1
    outer loop
      vertex 83.6888 1.33701 2
      vertex 83 1.2 2
      vertex 83.5225 1.2775 2
    endloop
  endfacet
  facet normal 0 0 1
    outer loop
      vertex 83.5225 1.2775 2
      vertex 83 1.2 2
      vertex 83.3512 1.23458 2
    endloop
  endfacet
  facet normal 0 0 1
    outer loop
      vertex 83.3512 1.23458 2
      vertex 83 1.2 2
      vertex 83.1764 1.20867 2
    endloop
  endfacet
  facet normal -0 0 1
    outer loop
      vertex 57 4.9 2
      vertex 83 1.2 2
      vertex 81 4.9 2
    endloop
  endfacet
  facet normal -0 0 1
    outer loop
      vertex 51.6966 17.9314 2
      vertex 57 13.1 2
      vertex 51.7 18 2
    endloop
  endfacet
  facet normal -0 0 1
    outer loop
      vertex 51.6865 17.8634 2
      vertex 57 13.1 2
      vertex 51.6966 17.9314 2
    endloop
  endfacet
  facet normal -0 0 1
    outer loop
      vertex 51.6699 17.7968 2
      vertex 57 13.1 2
      vertex 51.6865 17.8634 2
    endloop
  endfacet
  facet normal -0 0 1
    outer loop
      vertex 51.6467 17.7321 2
      vertex 57 13.1 2
      vertex 51.6699 17.7968 2
    endloop
  endfacet
  facet normal -0 0 1
    outer loop
      vertex 51.6173 17.67 2
      vertex 57 13.1 2
      vertex 51.6467 17.7321 2
    endloop
  endfacet
  facet normal -0 0 1
    outer loop
      vertex 51.582 17.6111 2
      vertex 57 13.1 2
      vertex 51.6173 17.67 2
    endloop
  endfacet
  facet normal -0 0 1
    outer loop
      vertex 51.5411 17.5559 2
      vertex 57 13.1 2
      vertex 51.582 17.6111 2
    endloop
  endfacet
  facet normal -0 0 1
    outer loop
      vertex 51.495 17.505 2
      vertex 57 13.1 2
      vertex 51.5411 17.5559 2
    endloop
  endfacet
  facet normal -0 0 1
    outer loop
      vertex 51.4441 17.4589 2
      vertex 57 13.1 2
      vertex 51.495 17.505 2
    endloop
  endfacet
  facet normal -0 0 1
    outer loop
      vertex 51.3889 17.418 2
      vertex 57 13.1 2
      vertex 51.4441 17.4589 2
    endloop
  endfacet
  facet normal -0 0 1
    outer loop
      vertex 51.33 17.3826 2
      vertex 57 13.1 2
      vertex 51.3889 17.418 2
    endloop
  endfacet
  facet normal -0 0 1
    outer loop
      vertex 51.2679 17.3533 2
      vertex 57 13.1 2
      vertex 51.33 17.3826 2
    endloop
  endfacet
  facet normal -0 0 1
    outer loop
      vertex 51.2032 17.3301 2
      vertex 57 13.1 2
      vertex 51.2679 17.3533 2
    endloop
  endfacet
  facet normal -0 0 1
    outer loop
      vertex 51.1366 17.3134 2
      vertex 57 13.1 2
      vertex 51.2032 17.3301 2
    endloop
  endfacet
  facet normal -0 0 1
    outer loop
      vertex 51.0686 17.3034 2
      vertex 57 13.1 2
      vertex 51.1366 17.3134 2
    endloop
  endfacet
  facet normal -0 0 1
    outer loop
      vertex 51 17.3 2
      vertex 57 13.1 2
      vertex 51.0686 17.3034 2
    endloop
  endfacet
  facet normal 0 0 1
    outer loop
      vertex 50.9314 17.3034 2
      vertex 57 13.1 2
      vertex 51 17.3 2
    endloop
  endfacet
  facet normal 0 0 1
    outer loop
      vertex 57 13.1 2
      vertex 50.9314 17.3034 2
      vertex 57 4.9 2
    endloop
  endfacet
  facet normal 0 0 1
    outer loop
      vertex 50.8634 17.3134 2
      vertex 57 4.9 2
      vertex 50.9314 17.3034 2
    endloop
  endfacet
  facet normal 0 0 1
    outer loop
      vertex 47.1366 17.3134 2
      vertex 50.8634 17.3134 2
      vertex 50.7968 17.3301 2
    endloop
  endfacet
  facet normal 0 0 1
    outer loop
      vertex 47.2032 17.3301 2
      vertex 50.7968 17.3301 2
      vertex 50.7321 17.3533 2
    endloop
  endfacet
  facet normal 0 0 1
    outer loop
      vertex 47.2679 17.3533 2
      vertex 50.7321 17.3533 2
      vertex 50.67 17.3826 2
    endloop
  endfacet
  facet normal 0 0 1
    outer loop
      vertex 47.33 17.3826 2
      vertex 50.67 17.3826 2
      vertex 50.6111 17.418 2
    endloop
  endfacet
  facet normal 0 0 1
    outer loop
      vertex 47.3889 17.418 2
      vertex 50.6111 17.418 2
      vertex 50.5559 17.4589 2
    endloop
  endfacet
  facet normal 0 0 1
    outer loop
      vertex 47.4441 17.4589 2
      vertex 50.5559 17.4589 2
      vertex 50.505 17.505 2
    endloop
  endfacet
  facet normal 0 0 1
    outer loop
      vertex 47.495 17.505 2
      vertex 50.505 17.505 2
      vertex 50.4589 17.5559 2
    endloop
  endfacet
  facet normal 0 0 1
    outer loop
      vertex 47.5411 17.5559 2
      vertex 50.4589 17.5559 2
      vertex 50.418 17.6111 2
    endloop
  endfacet
  facet normal 0 0 1
    outer loop
      vertex 47.582 17.6111 2
      vertex 50.418 17.6111 2
      vertex 50.3826 17.67 2
    endloop
  endfacet
  facet normal 0 0 1
    outer loop
      vertex 47.7 18 2
      vertex 50.3 18 2
      vertex 47.7 28.6 2
    endloop
  endfacet
  facet normal 0 0 1
    outer loop
      vertex 50.3 18 2
      vertex 47.7 18 2
      vertex 50.3034 17.9314 2
    endloop
  endfacet
  facet normal 0 0 1
    outer loop
      vertex 47.6966 17.9314 2
      vertex 50.3034 17.9314 2
      vertex 47.7 18 2
    endloop
  endfacet
  facet normal 0 0 1
    outer loop
      vertex 50.3034 17.9314 2
      vertex 47.6966 17.9314 2
      vertex 50.3134 17.8634 2
    endloop
  endfacet
  facet normal 0 0 1
    outer loop
      vertex 47.6865 17.8634 2
      vertex 50.3134 17.8634 2
      vertex 47.6966 17.9314 2
    endloop
  endfacet
  facet normal 0 0 1
    outer loop
      vertex 50.3134 17.8634 2
      vertex 47.6865 17.8634 2
      vertex 50.3301 17.7968 2
    endloop
  endfacet
  facet normal 0 0 1
    outer loop
      vertex 47.6699 17.7968 2
      vertex 50.3301 17.7968 2
      vertex 47.6865 17.8634 2
    endloop
  endfacet
  facet normal 0 0 1
    outer loop
      vertex 50.3301 17.7968 2
      vertex 47.6699 17.7968 2
      vertex 50.3533 17.7321 2
    endloop
  endfacet
  facet normal 0 0 1
    outer loop
      vertex 47.6467 17.7321 2
      vertex 50.3533 17.7321 2
      vertex 47.6699 17.7968 2
    endloop
  endfacet
  facet normal 0 0 1
    outer loop
      vertex 50.3533 17.7321 2
      vertex 47.6467 17.7321 2
      vertex 50.3826 17.67 2
    endloop
  endfacet
  facet normal 0 0 1
    outer loop
      vertex 47.6173 17.67 2
      vertex 50.3826 17.67 2
      vertex 47.6467 17.7321 2
    endloop
  endfacet
  facet normal 0 0 1
    outer loop
      vertex 47.582 17.6111 2
      vertex 50.3826 17.67 2
      vertex 47.6173 17.67 2
    endloop
  endfacet
  facet normal 0 0 1
    outer loop
      vertex 50.418 17.6111 2
      vertex 47.582 17.6111 2
      vertex 47.5411 17.5559 2
    endloop
  endfacet
  facet normal 0 0 1
    outer loop
      vertex 50.4589 17.5559 2
      vertex 47.5411 17.5559 2
      vertex 47.495 17.505 2
    endloop
  endfacet
  facet normal 0 0 1
    outer loop
      vertex 50.505 17.505 2
      vertex 47.495 17.505 2
      vertex 47.4441 17.4589 2
    endloop
  endfacet
  facet normal 0 0 1
    outer loop
      vertex 50.5559 17.4589 2
      vertex 47.4441 17.4589 2
      vertex 47.3889 17.418 2
    endloop
  endfacet
  facet normal 0 0 1
    outer loop
      vertex 50.6111 17.418 2
      vertex 47.3889 17.418 2
      vertex 47.33 17.3826 2
    endloop
  endfacet
  facet normal 0 0 1
    outer loop
      vertex 50.67 17.3826 2
      vertex 47.33 17.3826 2
      vertex 47.2679 17.3533 2
    endloop
  endfacet
  facet normal 0 0 1
    outer loop
      vertex 50.7321 17.3533 2
      vertex 47.2679 17.3533 2
      vertex 47.2032 17.3301 2
    endloop
  endfacet
  facet normal 0 0 1
    outer loop
      vertex 50.7968 17.3301 2
      vertex 47.2032 17.3301 2
      vertex 47.1366 17.3134 2
    endloop
  endfacet
  facet normal 0 0 1
    outer loop
      vertex 50.8634 17.3134 2
      vertex 47.1366 17.3134 2
      vertex 57 4.9 2
    endloop
  endfacet
  facet normal -0 0 1
    outer loop
      vertex 47.0686 17.3034 2
      vertex 57 4.9 2
      vertex 47.1366 17.3134 2
    endloop
  endfacet
  facet normal -0 0 1
    outer loop
      vertex 47 17.3 2
      vertex 57 4.9 2
      vertex 47.0686 17.3034 2
    endloop
  endfacet
  facet normal 0 0 1
    outer loop
      vertex 46.9314 17.3034 2
      vertex 57 4.9 2
      vertex 47 17.3 2
    endloop
  endfacet
  facet normal 0 0 1
    outer loop
      vertex 46.8634 17.3134 2
      vertex 57 4.9 2
      vertex 46.9314 17.3034 2
    endloop
  endfacet
  facet normal 0 0 1
    outer loop
      vertex 43.1366 17.3134 2
      vertex 46.8634 17.3134 2
      vertex 46.7968 17.3301 2
    endloop
  endfacet
  facet normal 0 0 1
    outer loop
      vertex 43.2032 17.3301 2
      vertex 46.7968 17.3301 2
      vertex 46.7321 17.3533 2
    endloop
  endfacet
  facet normal 0 0 1
    outer loop
      vertex 43.2679 17.3533 2
      vertex 46.7321 17.3533 2
      vertex 46.67 17.3826 2
    endloop
  endfacet
  facet normal 0 0 1
    outer loop
      vertex 43.33 17.3826 2
      vertex 46.67 17.3826 2
      vertex 46.6111 17.418 2
    endloop
  endfacet
  facet normal 0 0 1
    outer loop
      vertex 43.3889 17.418 2
      vertex 46.6111 17.418 2
      vertex 46.5559 17.4589 2
    endloop
  endfacet
  facet normal 0 0 1
    outer loop
      vertex 43.4441 17.4589 2
      vertex 46.5559 17.4589 2
      vertex 46.505 17.505 2
    endloop
  endfacet
  facet normal 0 0 1
    outer loop
      vertex 43.495 17.505 2
      vertex 46.505 17.505 2
      vertex 46.4589 17.5559 2
    endloop
  endfacet
  facet normal 0 0 1
    outer loop
      vertex 43.7 18 2
      vertex 46.3 18 2
      vertex 43.7 28.6 2
    endloop
  endfacet
  facet normal 0 0 1
    outer loop
      vertex 46.3 18 2
      vertex 43.7 18 2
      vertex 46.3034 17.9314 2
    endloop
  endfacet
  facet normal 0 0 1
    outer loop
      vertex 43.6966 17.9314 2
      vertex 46.3034 17.9314 2
      vertex 43.7 18 2
    endloop
  endfacet
  facet normal 0 0 1
    outer loop
      vertex 46.3034 17.9314 2
      vertex 43.6966 17.9314 2
      vertex 46.3134 17.8634 2
    endloop
  endfacet
  facet normal 0 0 1
    outer loop
      vertex 43.6865 17.8634 2
      vertex 46.3134 17.8634 2
      vertex 43.6966 17.9314 2
    endloop
  endfacet
  facet normal 0 0 1
    outer loop
      vertex 46.3134 17.8634 2
      vertex 43.6865 17.8634 2
      vertex 46.3301 17.7968 2
    endloop
  endfacet
  facet normal 0 0 1
    outer loop
      vertex 43.6699 17.7968 2
      vertex 46.3301 17.7968 2
      vertex 43.6865 17.8634 2
    endloop
  endfacet
  facet normal 0 0 1
    outer loop
      vertex 46.3301 17.7968 2
      vertex 43.6699 17.7968 2
      vertex 46.3533 17.7321 2
    endloop
  endfacet
  facet normal 0 0 1
    outer loop
      vertex 43.6467 17.7321 2
      vertex 46.3533 17.7321 2
      vertex 43.6699 17.7968 2
    endloop
  endfacet
  facet normal 0 0 1
    outer loop
      vertex 46.3533 17.7321 2
      vertex 43.6467 17.7321 2
      vertex 46.3826 17.67 2
    endloop
  endfacet
  facet normal 0 0 1
    outer loop
      vertex 43.6173 17.67 2
      vertex 46.3826 17.67 2
      vertex 43.6467 17.7321 2
    endloop
  endfacet
  facet normal 0 0 1
    outer loop
      vertex 46.3826 17.67 2
      vertex 43.6173 17.67 2
      vertex 46.418 17.6111 2
    endloop
  endfacet
  facet normal 0 0 1
    outer loop
      vertex 43.582 17.6111 2
      vertex 46.418 17.6111 2
      vertex 43.6173 17.67 2
    endloop
  endfacet
  facet normal 0 0 1
    outer loop
      vertex 46.418 17.6111 2
      vertex 43.582 17.6111 2
      vertex 46.4589 17.5559 2
    endloop
  endfacet
  facet normal 0 0 1
    outer loop
      vertex 43.5411 17.5559 2
      vertex 46.4589 17.5559 2
      vertex 43.582 17.6111 2
    endloop
  endfacet
  facet normal 0 0 1
    outer loop
      vertex 43.495 17.505 2
      vertex 46.4589 17.5559 2
      vertex 43.5411 17.5559 2
    endloop
  endfacet
  facet normal 0 0 1
    outer loop
      vertex 46.505 17.505 2
      vertex 43.495 17.505 2
      vertex 43.4441 17.4589 2
    endloop
  endfacet
  facet normal 0 0 1
    outer loop
      vertex 46.5559 17.4589 2
      vertex 43.4441 17.4589 2
      vertex 43.3889 17.418 2
    endloop
  endfacet
  facet normal 0 0 1
    outer loop
      vertex 46.6111 17.418 2
      vertex 43.3889 17.418 2
      vertex 43.33 17.3826 2
    endloop
  endfacet
  facet normal 0 0 1
    outer loop
      vertex 46.67 17.3826 2
      vertex 43.33 17.3826 2
      vertex 43.2679 17.3533 2
    endloop
  endfacet
  facet normal 0 0 1
    outer loop
      vertex 46.7321 17.3533 2
      vertex 43.2679 17.3533 2
      vertex 43.2032 17.3301 2
    endloop
  endfacet
  facet normal 0 0 1
    outer loop
      vertex 46.7968 17.3301 2
      vertex 43.2032 17.3301 2
      vertex 43.1366 17.3134 2
    endloop
  endfacet
  facet normal 0 0 1
    outer loop
      vertex 46.8634 17.3134 2
      vertex 43.1366 17.3134 2
      vertex 57 4.9 2
    endloop
  endfacet
  facet normal -0 0 1
    outer loop
      vertex 43.0686 17.3034 2
      vertex 57 4.9 2
      vertex 43.1366 17.3134 2
    endloop
  endfacet
  facet normal -0 0 1
    outer loop
      vertex 43 17.3 2
      vertex 57 4.9 2
      vertex 43.0686 17.3034 2
    endloop
  endfacet
  facet normal 0 0 1
    outer loop
      vertex 29 4.9 2
      vertex 43 17.3 2
      vertex 42.9314 17.3034 2
    endloop
  endfacet
  facet normal 0 0 1
    outer loop
      vertex 29 4.9 2
      vertex 42.9314 17.3034 2
      vertex 42.8634 17.3134 2
    endloop
  endfacet
  facet normal 0 0 1
    outer loop
      vertex 39.1366 17.3134 2
      vertex 42.8634 17.3134 2
      vertex 42.7968 17.3301 2
    endloop
  endfacet
  facet normal 0 0 1
    outer loop
      vertex 39.2032 17.3301 2
      vertex 42.7968 17.3301 2
      vertex 42.7321 17.3533 2
    endloop
  endfacet
  facet normal 0 0 1
    outer loop
      vertex 39.2679 17.3533 2
      vertex 42.7321 17.3533 2
      vertex 42.67 17.3826 2
    endloop
  endfacet
  facet normal 0 0 1
    outer loop
      vertex 39.33 17.3826 2
      vertex 42.67 17.3826 2
      vertex 42.6111 17.418 2
    endloop
  endfacet
  facet normal 0 0 1
    outer loop
      vertex 39.3889 17.418 2
      vertex 42.6111 17.418 2
      vertex 42.5559 17.4589 2
    endloop
  endfacet
  facet normal 0 0 1
    outer loop
      vertex 39.7 18 2
      vertex 42.3 18 2
      vertex 39.7 28.6 2
    endloop
  endfacet
  facet normal 0 0 1
    outer loop
      vertex 42.3 18 2
      vertex 39.7 18 2
      vertex 42.3034 17.9314 2
    endloop
  endfacet
  facet normal 0 0 1
    outer loop
      vertex 39.6966 17.9314 2
      vertex 42.3034 17.9314 2
      vertex 39.7 18 2
    endloop
  endfacet
  facet normal 0 0 1
    outer loop
      vertex 42.3034 17.9314 2
      vertex 39.6966 17.9314 2
      vertex 42.3134 17.8634 2
    endloop
  endfacet
  facet normal 0 0 1
    outer loop
      vertex 39.6865 17.8634 2
      vertex 42.3134 17.8634 2
      vertex 39.6966 17.9314 2
    endloop
  endfacet
  facet normal 0 0 1
    outer loop
      vertex 42.3134 17.8634 2
      vertex 39.6865 17.8634 2
      vertex 42.3301 17.7968 2
    endloop
  endfacet
  facet normal 0 0 1
    outer loop
      vertex 39.6699 17.7968 2
      vertex 42.3301 17.7968 2
      vertex 39.6865 17.8634 2
    endloop
  endfacet
  facet normal 0 0 1
    outer loop
      vertex 42.3301 17.7968 2
      vertex 39.6699 17.7968 2
      vertex 42.3533 17.7321 2
    endloop
  endfacet
  facet normal 0 0 1
    outer loop
      vertex 39.6467 17.7321 2
      vertex 42.3533 17.7321 2
      vertex 39.6699 17.7968 2
    endloop
  endfacet
  facet normal 0 0 1
    outer loop
      vertex 42.3533 17.7321 2
      vertex 39.6467 17.7321 2
      vertex 42.3826 17.67 2
    endloop
  endfacet
  facet normal 0 0 1
    outer loop
      vertex 39.6173 17.67 2
      vertex 42.3826 17.67 2
      vertex 39.6467 17.7321 2
    endloop
  endfacet
  facet normal 0 0 1
    outer loop
      vertex 42.3826 17.67 2
      vertex 39.6173 17.67 2
      vertex 42.418 17.6111 2
    endloop
  endfacet
  facet normal 0 0 1
    outer loop
      vertex 39.582 17.6111 2
      vertex 42.418 17.6111 2
      vertex 39.6173 17.67 2
    endloop
  endfacet
  facet normal 0 0 1
    outer loop
      vertex 42.418 17.6111 2
      vertex 39.582 17.6111 2
      vertex 42.4589 17.5559 2
    endloop
  endfacet
  facet normal 0 0 1
    outer loop
      vertex 39.5411 17.5559 2
      vertex 42.4589 17.5559 2
      vertex 39.582 17.6111 2
    endloop
  endfacet
  facet normal 0 0 1
    outer loop
      vertex 42.4589 17.5559 2
      vertex 39.5411 17.5559 2
      vertex 42.505 17.505 2
    endloop
  endfacet
  facet normal 0 0 1
    outer loop
      vertex 39.495 17.505 2
      vertex 42.505 17.505 2
      vertex 39.5411 17.5559 2
    endloop
  endfacet
  facet normal 0 0 1
    outer loop
      vertex 42.505 17.505 2
      vertex 39.495 17.505 2
      vertex 42.5559 17.4589 2
    endloop
  endfacet
  facet normal 0 0 1
    outer loop
      vertex 39.4441 17.4589 2
      vertex 42.5559 17.4589 2
      vertex 39.495 17.505 2
    endloop
  endfacet
  facet normal 0 0 1
    outer loop
      vertex 39.3889 17.418 2
      vertex 42.5559 17.4589 2
      vertex 39.4441 17.4589 2
    endloop
  endfacet
  facet normal 0 0 1
    outer loop
      vertex 42.6111 17.418 2
      vertex 39.3889 17.418 2
      vertex 39.33 17.3826 2
    endloop
  endfacet
  facet normal 0 0 1
    outer loop
      vertex 42.67 17.3826 2
      vertex 39.33 17.3826 2
      vertex 39.2679 17.3533 2
    endloop
  endfacet
  facet normal 0 0 1
    outer loop
      vertex 42.7321 17.3533 2
      vertex 39.2679 17.3533 2
      vertex 39.2032 17.3301 2
    endloop
  endfacet
  facet normal 0 0 1
    outer loop
      vertex 42.7968 17.3301 2
      vertex 39.2032 17.3301 2
      vertex 39.1366 17.3134 2
    endloop
  endfacet
  facet normal 0 0 1
    outer loop
      vertex 42.8634 17.3134 2
      vertex 39.1366 17.3134 2
      vertex 29 4.9 2
    endloop
  endfacet
  facet normal 0 0 1
    outer loop
      vertex 29 4.9 2
      vertex 39.1366 17.3134 2
      vertex 39.0686 17.3034 2
    endloop
  endfacet
  facet normal 0 0 1
    outer loop
      vertex 29 4.9 2
      vertex 39.0686 17.3034 2
      vertex 39 17.3 2
    endloop
  endfacet
  facet normal 0 0 1
    outer loop
      vertex 29 4.9 2
      vertex 39 17.3 2
      vertex 38.9314 17.3034 2
    endloop
  endfacet
  facet normal 0 0 1
    outer loop
      vertex 29 4.9 2
      vertex 38.9314 17.3034 2
      vertex 38.8634 17.3134 2
    endloop
  endfacet
  facet normal 0 0 1
    outer loop
      vertex 35.1366 17.3134 2
      vertex 38.8634 17.3134 2
      vertex 38.7968 17.3301 2
    endloop
  endfacet
  facet normal 0 0 1
    outer loop
      vertex 35.2032 17.3301 2
      vertex 38.7968 17.3301 2
      vertex 38.7321 17.3533 2
    endloop
  endfacet
  facet normal 0 0 1
    outer loop
      vertex 35.2679 17.3533 2
      vertex 38.7321 17.3533 2
      vertex 38.67 17.3826 2
    endloop
  endfacet
  facet normal 0 0 1
    outer loop
      vertex 35.33 17.3826 2
      vertex 38.67 17.3826 2
      vertex 38.6111 17.418 2
    endloop
  endfacet
  facet normal 0 0 1
    outer loop
      vertex 35.7 18 2
      vertex 38.3 18 2
      vertex 35.7 28.6 2
    endloop
  endfacet
  facet normal 0 0 1
    outer loop
      vertex 38.3 18 2
      vertex 35.7 18 2
      vertex 38.3034 17.9314 2
    endloop
  endfacet
  facet normal 0 0 1
    outer loop
      vertex 35.6966 17.9314 2
      vertex 38.3034 17.9314 2
      vertex 35.7 18 2
    endloop
  endfacet
  facet normal 0 0 1
    outer loop
      vertex 38.3034 17.9314 2
      vertex 35.6966 17.9314 2
      vertex 38.3134 17.8634 2
    endloop
  endfacet
  facet normal 0 0 1
    outer loop
      vertex 35.6865 17.8634 2
      vertex 38.3134 17.8634 2
      vertex 35.6966 17.9314 2
    endloop
  endfacet
  facet normal 0 0 1
    outer loop
      vertex 38.3134 17.8634 2
      vertex 35.6865 17.8634 2
      vertex 38.3301 17.7968 2
    endloop
  endfacet
  facet normal 0 0 1
    outer loop
      vertex 35.6699 17.7968 2
      vertex 38.3301 17.7968 2
      vertex 35.6865 17.8634 2
    endloop
  endfacet
  facet normal 0 0 1
    outer loop
      vertex 38.3301 17.7968 2
      vertex 35.6699 17.7968 2
      vertex 38.3533 17.7321 2
    endloop
  endfacet
  facet normal 0 0 1
    outer loop
      vertex 35.6467 17.7321 2
      vertex 38.3533 17.7321 2
      vertex 35.6699 17.7968 2
    endloop
  endfacet
  facet normal 0 0 1
    outer loop
      vertex 38.3533 17.7321 2
      vertex 35.6467 17.7321 2
      vertex 38.3826 17.67 2
    endloop
  endfacet
  facet normal 0 0 1
    outer loop
      vertex 35.6173 17.67 2
      vertex 38.3826 17.67 2
      vertex 35.6467 17.7321 2
    endloop
  endfacet
  facet normal 0 0 1
    outer loop
      vertex 38.3826 17.67 2
      vertex 35.6173 17.67 2
      vertex 38.418 17.6111 2
    endloop
  endfacet
  facet normal 0 0 1
    outer loop
      vertex 35.582 17.6111 2
      vertex 38.418 17.6111 2
      vertex 35.6173 17.67 2
    endloop
  endfacet
  facet normal 0 0 1
    outer loop
      vertex 38.418 17.6111 2
      vertex 35.582 17.6111 2
      vertex 38.4589 17.5559 2
    endloop
  endfacet
  facet normal 0 0 1
    outer loop
      vertex 35.5411 17.5559 2
      vertex 38.4589 17.5559 2
      vertex 35.582 17.6111 2
    endloop
  endfacet
  facet normal 0 0 1
    outer loop
      vertex 38.4589 17.5559 2
      vertex 35.5411 17.5559 2
      vertex 38.505 17.505 2
    endloop
  endfacet
  facet normal 0 0 1
    outer loop
      vertex 35.495 17.505 2
      vertex 38.505 17.505 2
      vertex 35.5411 17.5559 2
    endloop
  endfacet
  facet normal 0 0 1
    outer loop
      vertex 38.505 17.505 2
      vertex 35.495 17.505 2
      vertex 38.5559 17.4589 2
    endloop
  endfacet
  facet normal 0 0 1
    outer loop
      vertex 35.4441 17.4589 2
      vertex 38.5559 17.4589 2
      vertex 35.495 17.505 2
    endloop
  endfacet
  facet normal 0 0 1
    outer loop
      vertex 38.5559 17.4589 2
      vertex 35.4441 17.4589 2
      vertex 38.6111 17.418 2
    endloop
  endfacet
  facet normal 0 0 1
    outer loop
      vertex 35.3889 17.418 2
      vertex 38.6111 17.418 2
      vertex 35.4441 17.4589 2
    endloop
  endfacet
  facet normal 0 0 1
    outer loop
      vertex 35.33 17.3826 2
      vertex 38.6111 17.418 2
      vertex 35.3889 17.418 2
    endloop
  endfacet
  facet normal 0 0 1
    outer loop
      vertex 38.67 17.3826 2
      vertex 35.33 17.3826 2
      vertex 35.2679 17.3533 2
    endloop
  endfacet
  facet normal 0 0 1
    outer loop
      vertex 38.7321 17.3533 2
      vertex 35.2679 17.3533 2
      vertex 35.2032 17.3301 2
    endloop
  endfacet
  facet normal 0 0 1
    outer loop
      vertex 38.7968 17.3301 2
      vertex 35.2032 17.3301 2
      vertex 35.1366 17.3134 2
    endloop
  endfacet
  facet normal 0 0 1
    outer loop
      vertex 38.8634 17.3134 2
      vertex 35.1366 17.3134 2
      vertex 29 4.9 2
    endloop
  endfacet
  facet normal 0 0 1
    outer loop
      vertex 29 4.9 2
      vertex 35.1366 17.3134 2
      vertex 35.0686 17.3034 2
    endloop
  endfacet
  facet normal 0 0 1
    outer loop
      vertex 29 13.1 2
      vertex 35.0686 17.3034 2
      vertex 35 17.3 2
    endloop
  endfacet
  facet normal 0 0 1
    outer loop
      vertex 29 13.1 2
      vertex 35 17.3 2
      vertex 34.9314 17.3034 2
    endloop
  endfacet
  facet normal 0 0 1
    outer loop
      vertex 29 13.1 2
      vertex 34.9314 17.3034 2
      vertex 34.8634 17.3134 2
    endloop
  endfacet
  facet normal 0 0 1
    outer loop
      vertex 29 13.1 2
      vertex 34.8634 17.3134 2
      vertex 34.7968 17.3301 2
    endloop
  endfacet
  facet normal 0 0 1
    outer loop
      vertex 29 13.1 2
      vertex 34.7968 17.3301 2
      vertex 34.7321 17.3533 2
    endloop
  endfacet
  facet normal 0 0 1
    outer loop
      vertex 29 13.1 2
      vertex 34.7321 17.3533 2
      vertex 34.67 17.3826 2
    endloop
  endfacet
  facet normal 0 0 1
    outer loop
      vertex 34.3 28.6 2
      vertex 29 33.5 2
      vertex 34.3 18 2
    endloop
  endfacet
  facet normal 0 0 1
    outer loop
      vertex 29 13.1 2
      vertex 34.3 18 2
      vertex 29 33.5 2
    endloop
  endfacet
  facet normal 0 0 1
    outer loop
      vertex 34.3 18 2
      vertex 29 13.1 2
      vertex 34.3034 17.9314 2
    endloop
  endfacet
  facet normal 0 0 1
    outer loop
      vertex 34.3034 17.9314 2
      vertex 29 13.1 2
      vertex 34.3134 17.8634 2
    endloop
  endfacet
  facet normal 0 0 1
    outer loop
      vertex 34.3134 17.8634 2
      vertex 29 13.1 2
      vertex 34.3301 17.7968 2
    endloop
  endfacet
  facet normal 0 0 1
    outer loop
      vertex 29 13.1 2
      vertex 34.3533 17.7321 2
      vertex 34.3301 17.7968 2
    endloop
  endfacet
  facet normal 0 0 1
    outer loop
      vertex 29 13.1 2
      vertex 34.3826 17.67 2
      vertex 34.3533 17.7321 2
    endloop
  endfacet
  facet normal 0 0 1
    outer loop
      vertex 29 13.1 2
      vertex 34.418 17.6111 2
      vertex 34.3826 17.67 2
    endloop
  endfacet
  facet normal 0 0 1
    outer loop
      vertex 29 13.1 2
      vertex 34.4589 17.5559 2
      vertex 34.418 17.6111 2
    endloop
  endfacet
  facet normal 0 0 1
    outer loop
      vertex 29 13.1 2
      vertex 34.505 17.505 2
      vertex 34.4589 17.5559 2
    endloop
  endfacet
  facet normal 0 0 1
    outer loop
      vertex 29 13.1 2
      vertex 34.5559 17.4589 2
      vertex 34.505 17.505 2
    endloop
  endfacet
  facet normal 0 0 1
    outer loop
      vertex 29 13.1 2
      vertex 34.6111 17.418 2
      vertex 34.5559 17.4589 2
    endloop
  endfacet
  facet normal 0 0 1
    outer loop
      vertex 29 13.1 2
      vertex 34.67 17.3826 2
      vertex 34.6111 17.418 2
    endloop
  endfacet
  facet normal 0 0 1
    outer loop
      vertex 35.0686 17.3034 2
      vertex 29 13.1 2
      vertex 29 4.9 2
    endloop
  endfacet
  facet normal 0 0 1
    outer loop
      vertex 43 17.3 2
      vertex 29 4.9 2
      vertex 57 4.9 2
    endloop
  endfacet
  facet normal -0 0 1
    outer loop
      vertex 29 4.9 2
      vertex 83 1.2 2
      vertex 57 4.9 2
    endloop
  endfacet
  facet normal 0 0 1
    outer loop
      vertex 2.99999 1.2 2
      vertex 29 4.9 2
      vertex 5 4.9 2
    endloop
  endfacet
  facet normal 0 0 1
    outer loop
      vertex 29 4.9 2
      vertex 2.99999 1.2 2
      vertex 83 1.2 2
    endloop
  endfacet
  facet normal 0 0 1
    outer loop
      vertex 5 33.5 2
      vertex 1.2 15.6 2
      vertex 5 13.1 2
    endloop
  endfacet
  facet normal 0 0 1
    outer loop
      vertex 1.2 43.6 2
      vertex 2.99999 45.4 2
      vertex 2.82357 45.3913 2
    endloop
  endfacet
  facet normal 0 0 1
    outer loop
      vertex 1.2 2.99999 2
      vertex 5 13.1 2
      vertex 1.2 15.6 2
    endloop
  endfacet
  facet normal 0 0 1
    outer loop
      vertex 1.2 43.6 2
      vertex 2.82357 45.3913 2
      vertex 2.64884 45.3654 2
    endloop
  endfacet
  facet normal 0 0 1
    outer loop
      vertex 5 13.1 2
      vertex 1.2 2.99999 2
      vertex 5 4.9 2
    endloop
  endfacet
  facet normal 0 0 1
    outer loop
      vertex 1.2 43.6 2
      vertex 2.64884 45.3654 2
      vertex 2.47748 45.3225 2
    endloop
  endfacet
  facet normal 0 0 1
    outer loop
      vertex 5 4.9 2
      vertex 1.2 2.99999 2
      vertex 2.99999 1.2 2
    endloop
  endfacet
  facet normal 0 0 1
    outer loop
      vertex 1.2 43.6 2
      vertex 2.47748 45.3225 2
      vertex 2.31116 45.263 2
    endloop
  endfacet
  facet normal 0 0 1
    outer loop
      vertex 2.99999 1.2 2
      vertex 1.2 2.99999 2
      vertex 2.82357 1.20867 2
    endloop
  endfacet
  facet normal 0 0 1
    outer loop
      vertex 1.2 43.6 2
      vertex 2.31116 45.263 2
      vertex 2.15148 45.1875 2
    endloop
  endfacet
  facet normal 0 0 1
    outer loop
      vertex 2.82357 1.20867 2
      vertex 1.2 2.99999 2
      vertex 2.64884 1.23458 2
    endloop
  endfacet
  facet normal 0 0 1
    outer loop
      vertex 1.2 43.6 2
      vertex 2.15148 45.1875 2
      vertex 1.99997 45.0966 2
    endloop
  endfacet
  facet normal 0 0 1
    outer loop
      vertex 2.64884 1.23458 2
      vertex 1.2 2.99999 2
      vertex 2.47748 1.2775 2
    endloop
  endfacet
  facet normal 0 0 1
    outer loop
      vertex 1.2 43.6 2
      vertex 1.99997 45.0966 2
      vertex 1.85808 44.9914 2
    endloop
  endfacet
  facet normal 0 0 1
    outer loop
      vertex 2.47748 1.2775 2
      vertex 1.2 2.99999 2
      vertex 2.31116 1.33701 2
    endloop
  endfacet
  facet normal 0 0 1
    outer loop
      vertex 1.2 43.6 2
      vertex 1.85808 44.9914 2
      vertex 1.72721 44.8728 2
    endloop
  endfacet
  facet normal 0 0 1
    outer loop
      vertex 2.31116 1.33701 2
      vertex 1.2 2.99999 2
      vertex 2.15148 1.41254 2
    endloop
  endfacet
  facet normal 0 0 1
    outer loop
      vertex 1.2 43.6 2
      vertex 1.72721 44.8728 2
      vertex 1.60857 44.7419 2
    endloop
  endfacet
  facet normal 0 0 1
    outer loop
      vertex 2.15148 1.41254 2
      vertex 1.2 2.99999 2
      vertex 1.99997 1.50334 2
    endloop
  endfacet
  facet normal 0 0 1
    outer loop
      vertex 1.2 43.6 2
      vertex 1.60857 44.7419 2
      vertex 1.50334 44.6 2
    endloop
  endfacet
  facet normal 0 0 1
    outer loop
      vertex 1.99997 1.50334 2
      vertex 1.2 2.99999 2
      vertex 1.85808 1.60857 2
    endloop
  endfacet
  facet normal 0 0 1
    outer loop
      vertex 1.2 43.6 2
      vertex 1.50334 44.6 2
      vertex 1.41254 44.4485 2
    endloop
  endfacet
  facet normal 0 0 1
    outer loop
      vertex 1.85808 1.60857 2
      vertex 1.2 2.99999 2
      vertex 1.72721 1.72721 2
    endloop
  endfacet
  facet normal 0 0 1
    outer loop
      vertex 1.2 43.6 2
      vertex 1.41254 44.4485 2
      vertex 1.33701 44.2888 2
    endloop
  endfacet
  facet normal 0 0 1
    outer loop
      vertex 1.72721 1.72721 2
      vertex 1.2 2.99999 2
      vertex 1.60857 1.85808 2
    endloop
  endfacet
  facet normal 0 0 1
    outer loop
      vertex 1.2 43.6 2
      vertex 1.33701 44.2888 2
      vertex 1.2775 44.1225 2
    endloop
  endfacet
  facet normal 0 0 1
    outer loop
      vertex 1.60857 1.85808 2
      vertex 1.2 2.99999 2
      vertex 1.50334 1.99997 2
    endloop
  endfacet
  facet normal 0 0 1
    outer loop
      vertex 1.2 43.6 2
      vertex 1.2775 44.1225 2
      vertex 1.23458 43.9512 2
    endloop
  endfacet
  facet normal 0 0 1
    outer loop
      vertex 1.50334 1.99997 2
      vertex 1.2 2.99999 2
      vertex 1.41254 2.15148 2
    endloop
  endfacet
  facet normal 0 0 1
    outer loop
      vertex 1.2 43.6 2
      vertex 1.23458 43.9512 2
      vertex 1.20867 43.7764 2
    endloop
  endfacet
  facet normal 0 0 1
    outer loop
      vertex 1.41254 2.15148 2
      vertex 1.2 2.99999 2
      vertex 1.33701 2.31116 2
    endloop
  endfacet
  facet normal 0 0 1
    outer loop
      vertex 5 41.7 2
      vertex 1.2 43.6 2
      vertex 1.2 31.6 2
    endloop
  endfacet
  facet normal 0 0 1
    outer loop
      vertex 1.33701 2.31116 2
      vertex 1.2 2.99999 2
      vertex 1.2775 2.47748 2
    endloop
  endfacet
  facet normal 0 0 1
    outer loop
      vertex 1.2775 2.47748 2
      vertex 1.2 2.99999 2
      vertex 1.23458 2.64884 2
    endloop
  endfacet
  facet normal 0 0 1
    outer loop
      vertex 1.23458 2.64884 2
      vertex 1.2 2.99999 2
      vertex 1.20867 2.82357 2
    endloop
  endfacet
  facet normal -0 0 1
    outer loop
      vertex 11.988 14.823 2
      vertex 29 13.1 2
      vertex 12 15.068 2
    endloop
  endfacet
  facet normal -0 0 1
    outer loop
      vertex 11.952 14.5803 2
      vertex 29 13.1 2
      vertex 11.988 14.823 2
    endloop
  endfacet
  facet normal -0 0 1
    outer loop
      vertex 11.8924 14.3423 2
      vertex 29 13.1 2
      vertex 11.952 14.5803 2
    endloop
  endfacet
  facet normal -0 0 1
    outer loop
      vertex 11.8097 14.1113 2
      vertex 29 13.1 2
      vertex 11.8924 14.3423 2
    endloop
  endfacet
  facet normal -0 0 1
    outer loop
      vertex 11.7048 13.8895 2
      vertex 29 13.1 2
      vertex 11.8097 14.1113 2
    endloop
  endfacet
  facet normal -0 0 1
    outer loop
      vertex 11.5787 13.6791 2
      vertex 29 13.1 2
      vertex 11.7048 13.8895 2
    endloop
  endfacet
  facet normal -0 0 1
    outer loop
      vertex 11.4325 13.482 2
      vertex 29 13.1 2
      vertex 11.5787 13.6791 2
    endloop
  endfacet
  facet normal -0 0 1
    outer loop
      vertex 11.2678 13.3002 2
      vertex 29 13.1 2
      vertex 11.4325 13.482 2
    endloop
  endfacet
  facet normal -0 0 1
    outer loop
      vertex 11.086 13.1355 2
      vertex 29 13.1 2
      vertex 11.2678 13.3002 2
    endloop
  endfacet
  facet normal 0 0 1
    outer loop
      vertex 29 13.1 2
      vertex 11.086 13.1355 2
      vertex 11.0382 13.1 2
    endloop
  endfacet
  facet normal 0 0 1
    outer loop
      vertex 11.8686 30.9272 2
      vertex 29 33.5 2
      vertex 11.9046 31.1699 2
    endloop
  endfacet
  facet normal 0 0 1
    outer loop
      vertex 11.809 30.6892 2
      vertex 29 33.5 2
      vertex 11.8686 30.9272 2
    endloop
  endfacet
  facet normal 0 0 1
    outer loop
      vertex 29 13.1 2
      vertex 11.8924 15.7937 2
      vertex 11.952 15.5557 2
    endloop
  endfacet
  facet normal 0 0 1
    outer loop
      vertex 11.7263 30.4582 2
      vertex 29 33.5 2
      vertex 11.809 30.6892 2
    endloop
  endfacet
  facet normal 0 0 1
    outer loop
      vertex 29 13.1 2
      vertex 11.8097 16.0247 2
      vertex 11.8924 15.7937 2
    endloop
  endfacet
  facet normal 0 0 1
    outer loop
      vertex 11.6214 30.2364 2
      vertex 29 33.5 2
      vertex 11.7263 30.4582 2
    endloop
  endfacet
  facet normal 0 0 1
    outer loop
      vertex 29 13.1 2
      vertex 11.7048 16.2465 2
      vertex 11.8097 16.0247 2
    endloop
  endfacet
  facet normal 0 0 1
    outer loop
      vertex 11.4953 30.026 2
      vertex 29 33.5 2
      vertex 11.6214 30.2364 2
    endloop
  endfacet
  facet normal 0 0 1
    outer loop
      vertex 29 13.1 2
      vertex 11.5787 16.4569 2
      vertex 11.7048 16.2465 2
    endloop
  endfacet
  facet normal 0 0 1
    outer loop
      vertex 29 33.5 2
      vertex 11.4953 30.026 2
      vertex 11.5787 16.4569 2
    endloop
  endfacet
  facet normal 0 0 1
    outer loop
      vertex 11.4953 30.026 2
      vertex 11.4325 16.654 2
      vertex 11.5787 16.4569 2
    endloop
  endfacet
  facet normal -0 0 1
    outer loop
      vertex 11.3491 29.8289 2
      vertex 11.4325 16.654 2
      vertex 11.4953 30.026 2
    endloop
  endfacet
  facet normal 0 0 1
    outer loop
      vertex 11.3491 29.8289 2
      vertex 11.2678 16.8358 2
      vertex 11.4325 16.654 2
    endloop
  endfacet
  facet normal -0 0 1
    outer loop
      vertex 11.1844 29.6471 2
      vertex 11.2678 16.8358 2
      vertex 11.3491 29.8289 2
    endloop
  endfacet
  facet normal 0 0 1
    outer loop
      vertex 11.1844 29.6471 2
      vertex 11.086 17.0005 2
      vertex 11.2678 16.8358 2
    endloop
  endfacet
  facet normal -0 0 1
    outer loop
      vertex 11.0026 29.4824 2
      vertex 11.086 17.0005 2
      vertex 11.1844 29.6471 2
    endloop
  endfacet
  facet normal 0 0 1
    outer loop
      vertex 11.0026 29.4824 2
      vertex 10.8889 17.1467 2
      vertex 11.086 17.0005 2
    endloop
  endfacet
  facet normal -0 0 1
    outer loop
      vertex 10.8055 29.3362 2
      vertex 10.8889 17.1467 2
      vertex 11.0026 29.4824 2
    endloop
  endfacet
  facet normal 0 0 1
    outer loop
      vertex 10.8055 29.3362 2
      vertex 10.6785 17.2728 2
      vertex 10.8889 17.1467 2
    endloop
  endfacet
  facet normal -0 0 1
    outer loop
      vertex 10.5951 29.2101 2
      vertex 10.6785 17.2728 2
      vertex 10.8055 29.3362 2
    endloop
  endfacet
  facet normal 0 0 1
    outer loop
      vertex 10.5951 29.2101 2
      vertex 10.4567 17.3777 2
      vertex 10.6785 17.2728 2
    endloop
  endfacet
  facet normal -0 0 1
    outer loop
      vertex 10.3733 29.1052 2
      vertex 10.4567 17.3777 2
      vertex 10.5951 29.2101 2
    endloop
  endfacet
  facet normal 0 0 1
    outer loop
      vertex 10.3733 29.1052 2
      vertex 10.2257 17.4604 2
      vertex 10.4567 17.3777 2
    endloop
  endfacet
  facet normal -0 0 1
    outer loop
      vertex 10.1423 29.0225 2
      vertex 10.2257 17.4604 2
      vertex 10.3733 29.1052 2
    endloop
  endfacet
  facet normal 0 0 1
    outer loop
      vertex 10.1423 29.0225 2
      vertex 9.98773 17.52 2
      vertex 10.2257 17.4604 2
    endloop
  endfacet
  facet normal -0 0 1
    outer loop
      vertex 9.90433 28.9629 2
      vertex 9.98773 17.52 2
      vertex 10.1423 29.0225 2
    endloop
  endfacet
  facet normal 0 0 1
    outer loop
      vertex 9.90433 28.9629 2
      vertex 9.74504 17.556 2
      vertex 9.98773 17.52 2
    endloop
  endfacet
  facet normal -0 0 1
    outer loop
      vertex 9.66164 28.9269 2
      vertex 9.74504 17.556 2
      vertex 9.90433 28.9629 2
    endloop
  endfacet
  facet normal 0 0 1
    outer loop
      vertex 9.66164 28.9269 2
      vertex 9.5 17.568 2
      vertex 9.74504 17.556 2
    endloop
  endfacet
  facet normal -0 0 1
    outer loop
      vertex 9.4166 28.9149 2
      vertex 9.5 17.568 2
      vertex 9.66164 28.9269 2
    endloop
  endfacet
  facet normal 0 0 1
    outer loop
      vertex 9.4166 28.9149 2
      vertex 9.25496 17.556 2
      vertex 9.5 17.568 2
    endloop
  endfacet
  facet normal 0 0 1
    outer loop
      vertex 9.17156 28.9269 2
      vertex 9.25496 17.556 2
      vertex 9.4166 28.9149 2
    endloop
  endfacet
  facet normal 0 0 1
    outer loop
      vertex 9.17156 28.9269 2
      vertex 9.01227 17.52 2
      vertex 9.25496 17.556 2
    endloop
  endfacet
  facet normal 0 0 1
    outer loop
      vertex 8.92887 28.9629 2
      vertex 9.01227 17.52 2
      vertex 9.17156 28.9269 2
    endloop
  endfacet
  facet normal 0 0 1
    outer loop
      vertex 8.92887 28.9629 2
      vertex 8.77429 17.4604 2
      vertex 9.01227 17.52 2
    endloop
  endfacet
  facet normal 0 0 1
    outer loop
      vertex 8.69089 29.0225 2
      vertex 8.77429 17.4604 2
      vertex 8.92887 28.9629 2
    endloop
  endfacet
  facet normal 0 0 1
    outer loop
      vertex 8.69089 29.0225 2
      vertex 8.54329 17.3777 2
      vertex 8.77429 17.4604 2
    endloop
  endfacet
  facet normal 0 0 1
    outer loop
      vertex 8.45989 29.1052 2
      vertex 8.54329 17.3777 2
      vertex 8.69089 29.0225 2
    endloop
  endfacet
  facet normal 0 0 1
    outer loop
      vertex 8.45989 29.1052 2
      vertex 8.32151 17.2728 2
      vertex 8.54329 17.3777 2
    endloop
  endfacet
  facet normal 0 0 1
    outer loop
      vertex 8.23811 29.2101 2
      vertex 8.32151 17.2728 2
      vertex 8.45989 29.1052 2
    endloop
  endfacet
  facet normal 0 0 1
    outer loop
      vertex 8.23811 29.2101 2
      vertex 8.11107 17.1467 2
      vertex 8.32151 17.2728 2
    endloop
  endfacet
  facet normal 0 0 1
    outer loop
      vertex 8.02767 29.3362 2
      vertex 8.11107 17.1467 2
      vertex 8.23811 29.2101 2
    endloop
  endfacet
  facet normal 0 0 1
    outer loop
      vertex 8.02767 29.3362 2
      vertex 7.91402 17.0005 2
      vertex 8.11107 17.1467 2
    endloop
  endfacet
  facet normal 0 0 1
    outer loop
      vertex 7.83062 29.4824 2
      vertex 7.91402 17.0005 2
      vertex 8.02767 29.3362 2
    endloop
  endfacet
  facet normal 0 0 1
    outer loop
      vertex 7.83062 29.4824 2
      vertex 7.73223 16.8358 2
      vertex 7.91402 17.0005 2
    endloop
  endfacet
  facet normal 0 0 1
    outer loop
      vertex 7.64883 29.6471 2
      vertex 7.73223 16.8358 2
      vertex 7.83062 29.4824 2
    endloop
  endfacet
  facet normal 0 0 1
    outer loop
      vertex 7.64883 29.6471 2
      vertex 7.56747 16.654 2
      vertex 7.73223 16.8358 2
    endloop
  endfacet
  facet normal 0 0 1
    outer loop
      vertex 7.48407 29.8289 2
      vertex 7.56747 16.654 2
      vertex 7.64883 29.6471 2
    endloop
  endfacet
  facet normal 0 0 1
    outer loop
      vertex 7.48407 29.8289 2
      vertex 7.42133 16.4569 2
      vertex 7.56747 16.654 2
    endloop
  endfacet
  facet normal 0 0 1
    outer loop
      vertex 7.33793 30.026 2
      vertex 7.42133 16.4569 2
      vertex 7.48407 29.8289 2
    endloop
  endfacet
  facet normal 0 0 1
    outer loop
      vertex 7.33793 30.026 2
      vertex 7.2952 16.2465 2
      vertex 7.42133 16.4569 2
    endloop
  endfacet
  facet normal 0 0 1
    outer loop
      vertex 7.2118 30.2364 2
      vertex 7.2952 16.2465 2
      vertex 7.33793 30.026 2
    endloop
  endfacet
  facet normal 0 0 1
    outer loop
      vertex 5 13.1 2
      vertex 7.2952 16.2465 2
      vertex 7.2118 30.2364 2
    endloop
  endfacet
  facet normal 0 0 1
    outer loop
      vertex 7.2952 16.2465 2
      vertex 5 13.1 2
      vertex 7.1903 16.0247 2
    endloop
  endfacet
  facet normal 0 0 1
    outer loop
      vertex 5 33.5 2
      vertex 7.2118 30.2364 2
      vertex 7.1069 30.4582 2
    endloop
  endfacet
  facet normal 0 0 1
    outer loop
      vertex 7.1903 16.0247 2
      vertex 5 13.1 2
      vertex 7.10765 15.7937 2
    endloop
  endfacet
  facet normal 0 0 1
    outer loop
      vertex 5 33.5 2
      vertex 7.1069 30.4582 2
      vertex 7.02425 30.6892 2
    endloop
  endfacet
  facet normal 0 0 1
    outer loop
      vertex 7.10765 15.7937 2
      vertex 5 13.1 2
      vertex 7.04804 15.5557 2
    endloop
  endfacet
  facet normal 0 0 1
    outer loop
      vertex 7.04804 15.5557 2
      vertex 5 13.1 2
      vertex 7.01204 15.313 2
    endloop
  endfacet
  facet normal 0 0 1
    outer loop
      vertex 5 33.5 2
      vertex 7.02425 30.6892 2
      vertex 6.96464 30.9272 2
    endloop
  endfacet
  facet normal 0 0 1
    outer loop
      vertex 5 33.5 2
      vertex 6.96464 30.9272 2
      vertex 6.92864 31.1699 2
    endloop
  endfacet
  facet normal 0 0 1
    outer loop
      vertex 5 33.5 2
      vertex 6.92864 31.1699 2
      vertex 6.9166 31.4149 2
    endloop
  endfacet
  facet normal 0 0 1
    outer loop
      vertex 7.2118 30.2364 2
      vertex 5 33.5 2
      vertex 5 13.1 2
    endloop
  endfacet
  facet normal 0 0 1
    outer loop
      vertex 7.01204 15.313 2
      vertex 5 13.1 2
      vertex 7 15.068 2
    endloop
  endfacet
  facet normal 0 0 1
    outer loop
      vertex 7.91402 13.1355 2
      vertex 5 13.1 2
      vertex 7.96185 13.1 2
    endloop
  endfacet
  facet normal 0 0 1
    outer loop
      vertex 7.73223 13.3002 2
      vertex 5 13.1 2
      vertex 7.91402 13.1355 2
    endloop
  endfacet
  facet normal 0 0 1
    outer loop
      vertex 7.56747 13.482 2
      vertex 5 13.1 2
      vertex 7.73223 13.3002 2
    endloop
  endfacet
  facet normal 0 0 1
    outer loop
      vertex 7.42133 13.6791 2
      vertex 5 13.1 2
      vertex 7.56747 13.482 2
    endloop
  endfacet
  facet normal 0 0 1
    outer loop
      vertex 7.2952 13.8895 2
      vertex 5 13.1 2
      vertex 7.42133 13.6791 2
    endloop
  endfacet
  facet normal 0 0 1
    outer loop
      vertex 7.1903 14.1113 2
      vertex 5 13.1 2
      vertex 7.2952 13.8895 2
    endloop
  endfacet
  facet normal 0 0 1
    outer loop
      vertex 7.10765 14.3423 2
      vertex 5 13.1 2
      vertex 7.1903 14.1113 2
    endloop
  endfacet
  facet normal 0 0 1
    outer loop
      vertex 7.04804 14.5803 2
      vertex 5 13.1 2
      vertex 7.10765 14.3423 2
    endloop
  endfacet
  facet normal 0 0 1
    outer loop
      vertex 7.01204 14.823 2
      vertex 5 13.1 2
      vertex 7.04804 14.5803 2
    endloop
  endfacet
  facet normal 0 0 1
    outer loop
      vertex 7 15.068 2
      vertex 5 13.1 2
      vertex 7.01204 14.823 2
    endloop
  endfacet
  facet normal 0 0 1
    outer loop
      vertex 6.92864 31.6599 2
      vertex 5 33.5 2
      vertex 6.9166 31.4149 2
    endloop
  endfacet
  facet normal 0 0 1
    outer loop
      vertex 6.96464 31.9026 2
      vertex 5 33.5 2
      vertex 6.92864 31.6599 2
    endloop
  endfacet
  facet normal 0 0 1
    outer loop
      vertex 7.02425 32.1406 2
      vertex 5 33.5 2
      vertex 6.96464 31.9026 2
    endloop
  endfacet
  facet normal 0 0 1
    outer loop
      vertex 7.1069 32.3716 2
      vertex 5 33.5 2
      vertex 7.02425 32.1406 2
    endloop
  endfacet
  facet normal 0 0 1
    outer loop
      vertex 7.2118 32.5934 2
      vertex 5 33.5 2
      vertex 7.1069 32.3716 2
    endloop
  endfacet
  facet normal 0 0 1
    outer loop
      vertex 7.33793 32.8038 2
      vertex 5 33.5 2
      vertex 7.2118 32.5934 2
    endloop
  endfacet
  facet normal 0 0 1
    outer loop
      vertex 7.48407 33.0009 2
      vertex 5 33.5 2
      vertex 7.33793 32.8038 2
    endloop
  endfacet
  facet normal 0 0 1
    outer loop
      vertex 7.64883 33.1827 2
      vertex 5 33.5 2
      vertex 7.48407 33.0009 2
    endloop
  endfacet
  facet normal 0 0 1
    outer loop
      vertex 7.83062 33.3474 2
      vertex 5 33.5 2
      vertex 7.64883 33.1827 2
    endloop
  endfacet
  facet normal 0 0 1
    outer loop
      vertex 8.02767 33.4936 2
      vertex 5 33.5 2
      vertex 7.83062 33.3474 2
    endloop
  endfacet
  facet normal -0 0 1
    outer loop
      vertex 5 33.5 2
      vertex 8.02767 33.4936 2
      vertex 8.0384 33.5 2
    endloop
  endfacet
  facet normal 0.146696 0.989182 -0
    outer loop
      vertex 83.5853 46.5423 0
      vertex 83.294 46.5855 6
      vertex 83.5853 46.5423 6
    endloop
  endfacet
  facet normal 0.146696 0.989182 0
    outer loop
      vertex 83.294 46.5855 6
      vertex 83.5853 46.5423 0
      vertex 83.294 46.5855 0
    endloop
  endfacet
  facet normal -0.146723 -0.989178 0
    outer loop
      vertex 2.41472 0.0576324 0
      vertex 2.70595 0.0144348 6
      vertex 2.41472 0.0576324 6
    endloop
  endfacet
  facet normal -0.146723 -0.989178 -0
    outer loop
      vertex 2.70595 0.0144348 6
      vertex 2.41472 0.0576324 0
      vertex 2.70595 0.0144348 0
    endloop
  endfacet
  facet normal 0.998786 -0.0492515 0
    outer loop
      vertex 85.9855 2.70595 6
      vertex 86 3 0
      vertex 86 3 6
    endloop
  endfacet
  facet normal 0.998786 -0.0492515 0
    outer loop
      vertex 86 3 0
      vertex 85.9855 2.70595 6
      vertex 85.9855 2.70595 0
    endloop
  endfacet
  facet normal 0.336885 -0.941546 0
    outer loop
      vertex 83.8708 0.129166 0
      vertex 84.148 0.228348 6
      vertex 83.8708 0.129166 6
    endloop
  endfacet
  facet normal 0.336885 -0.941546 0
    outer loop
      vertex 84.148 0.228348 6
      vertex 83.8708 0.129166 0
      vertex 84.148 0.228348 0
    endloop
  endfacet
  facet normal -0.146731 0.989176 0
    outer loop
      vertex 2.70595 46.5855 0
      vertex 2.41472 46.5423 6
      vertex 2.70595 46.5855 6
    endloop
  endfacet
  facet normal -0.146731 0.989176 0
    outer loop
      vertex 2.41472 46.5423 6
      vertex 2.70595 46.5855 0
      vertex 2.41472 46.5423 0
    endloop
  endfacet
  facet normal -0.998797 0.0490389 0
    outer loop
      vertex 0 43.6 0
      vertex 0.0144348 43.894 6
      vertex 0.0144348 43.894 0
    endloop
  endfacet
  facet normal -0.998797 0.0490389 0
    outer loop
      vertex 0.0144348 43.894 6
      vertex 0 43.6 0
      vertex 0 43.6 6
    endloop
  endfacet
  facet normal -0.857733 -0.514096 0
    outer loop
      vertex 0.505585 1.33328 0
      vertex 0.354233 1.5858 6
      vertex 0.354233 1.5858 0
    endloop
  endfacet
  facet normal -0.857733 -0.514096 0
    outer loop
      vertex 0.354233 1.5858 6
      vertex 0.505585 1.33328 0
      vertex 0.505585 1.33328 6
    endloop
  endfacet
  facet normal 0.989231 0.146364 0
    outer loop
      vertex 85.9855 43.894 6
      vertex 85.9424 44.1853 0
      vertex 85.9424 44.1853 6
    endloop
  endfacet
  facet normal 0.989231 0.146364 0
    outer loop
      vertex 85.9424 44.1853 0
      vertex 85.9855 43.894 6
      vertex 85.9855 43.894 0
    endloop
  endfacet
  facet normal -0.671534 0.740974 0
    outer loop
      vertex 1.09682 45.919 0
      vertex 0.878677 45.7213 6
      vertex 1.09682 45.919 6
    endloop
  endfacet
  facet normal -0.671534 0.740974 0
    outer loop
      vertex 0.878677 45.7213 6
      vertex 1.09682 45.919 0
      vertex 0.878677 45.7213 0
    endloop
  endfacet
  facet normal -0.514096 -0.857733 0
    outer loop
      vertex 1.33328 0.505585 0
      vertex 1.5858 0.354233 6
      vertex 1.33328 0.505585 6
    endloop
  endfacet
  facet normal -0.514096 -0.857733 -0
    outer loop
      vertex 1.5858 0.354233 6
      vertex 1.33328 0.505585 0
      vertex 1.5858 0.354233 0
    endloop
  endfacet
  facet normal 0.595699 0.803208 -0
    outer loop
      vertex 84.9032 45.919 0
      vertex 84.6667 46.0944 6
      vertex 84.9032 45.919 6
    endloop
  endfacet
  facet normal 0.595699 0.803208 0
    outer loop
      vertex 84.6667 46.0944 6
      vertex 84.9032 45.919 0
      vertex 84.6667 46.0944 0
    endloop
  endfacet
  facet normal -0.740869 0.67165 0
    outer loop
      vertex 0.680954 45.5032 0
      vertex 0.878677 45.7213 6
      vertex 0.878677 45.7213 0
    endloop
  endfacet
  facet normal -0.740869 0.67165 0
    outer loop
      vertex 0.878677 45.7213 6
      vertex 0.680954 45.5032 0
      vertex 0.680954 45.5032 6
    endloop
  endfacet
  facet normal -0.857715 0.514126 0
    outer loop
      vertex 0.354233 45.0142 0
      vertex 0.505585 45.2667 6
      vertex 0.505585 45.2667 0
    endloop
  endfacet
  facet normal -0.857715 0.514126 0
    outer loop
      vertex 0.505585 45.2667 6
      vertex 0.354233 45.0142 0
      vertex 0.354233 45.0142 6
    endloop
  endfacet
  facet normal 0.80316 -0.595764 0
    outer loop
      vertex 85.319 1.09682 6
      vertex 85.4944 1.33328 0
      vertex 85.4944 1.33328 6
    endloop
  endfacet
  facet normal 0.80316 -0.595764 0
    outer loop
      vertex 85.4944 1.33328 0
      vertex 85.319 1.09682 6
      vertex 85.319 1.09682 0
    endloop
  endfacet
  facet normal -0.803258 0.595631 0
    outer loop
      vertex 0.505585 45.2667 0
      vertex 0.680954 45.5032 6
      vertex 0.680954 45.5032 0
    endloop
  endfacet
  facet normal -0.803258 0.595631 0
    outer loop
      vertex 0.680954 45.5032 6
      vertex 0.505585 45.2667 0
      vertex 0.505585 45.2667 6
    endloop
  endfacet
  facet normal -0.595696 -0.80321 0
    outer loop
      vertex 1.09682 0.680954 0
      vertex 1.33328 0.505585 6
      vertex 1.09682 0.680954 6
    endloop
  endfacet
  facet normal -0.595696 -0.80321 -0
    outer loop
      vertex 1.33328 0.505585 6
      vertex 1.09682 0.680954 0
      vertex 1.33328 0.505585 0
    endloop
  endfacet
  facet normal -0.595764 0.80316 0
    outer loop
      vertex 1.33328 46.0944 0
      vertex 1.09682 45.919 6
      vertex 1.33328 46.0944 6
    endloop
  endfacet
  facet normal -0.595764 0.80316 0
    outer loop
      vertex 1.09682 45.919 6
      vertex 1.33328 46.0944 0
      vertex 1.09682 45.919 0
    endloop
  endfacet
  facet normal 0.514246 0.857643 -0
    outer loop
      vertex 84.6667 46.0944 0
      vertex 84.4142 46.2458 6
      vertex 84.6667 46.0944 6
    endloop
  endfacet
  facet normal 0.514246 0.857643 0
    outer loop
      vertex 84.4142 46.2458 6
      vertex 84.6667 46.0944 0
      vertex 84.4142 46.2458 0
    endloop
  endfacet
  facet normal 0.989226 -0.146398 0
    outer loop
      vertex 85.9424 2.41472 6
      vertex 85.9855 2.70595 0
      vertex 85.9855 2.70595 6
    endloop
  endfacet
  facet normal 0.989226 -0.146398 0
    outer loop
      vertex 85.9855 2.70595 0
      vertex 85.9424 2.41472 6
      vertex 85.9424 2.41472 0
    endloop
  endfacet
  facet normal -0.941546 0.336885 0
    outer loop
      vertex 0.129166 44.4708 0
      vertex 0.228348 44.748 6
      vertex 0.228348 44.748 0
    endloop
  endfacet
  facet normal -0.941546 0.336885 0
    outer loop
      vertex 0.228348 44.748 6
      vertex 0.129166 44.4708 0
      vertex 0.129166 44.4708 6
    endloop
  endfacet
  facet normal 0.336939 0.941527 -0
    outer loop
      vertex 84.148 46.3716 0
      vertex 83.8708 46.4708 6
      vertex 84.148 46.3716 6
    endloop
  endfacet
  facet normal 0.336939 0.941527 0
    outer loop
      vertex 83.8708 46.4708 6
      vertex 84.148 46.3716 0
      vertex 83.8708 46.4708 0
    endloop
  endfacet
  facet normal 0.595631 -0.803258 0
    outer loop
      vertex 84.6667 0.505585 0
      vertex 84.9032 0.680954 6
      vertex 84.6667 0.505585 6
    endloop
  endfacet
  facet normal 0.595631 -0.803258 0
    outer loop
      vertex 84.9032 0.680954 6
      vertex 84.6667 0.505585 0
      vertex 84.9032 0.680954 0
    endloop
  endfacet
  facet normal 0.427505 -0.904013 0
    outer loop
      vertex 84.148 0.228348 0
      vertex 84.4142 0.354233 6
      vertex 84.148 0.228348 6
    endloop
  endfacet
  facet normal 0.427505 -0.904013 0
    outer loop
      vertex 84.4142 0.354233 6
      vertex 84.148 0.228348 0
      vertex 84.4142 0.354233 0
    endloop
  endfacet
  facet normal -0.80321 -0.595696 0
    outer loop
      vertex 0.680954 1.09682 0
      vertex 0.505585 1.33328 6
      vertex 0.505585 1.33328 0
    endloop
  endfacet
  facet normal -0.80321 -0.595696 0
    outer loop
      vertex 0.505585 1.33328 6
      vertex 0.680954 1.09682 0
      vertex 0.680954 1.09682 6
    endloop
  endfacet
  facet normal 0.857643 0.514246 0
    outer loop
      vertex 85.6458 45.0142 6
      vertex 85.4944 45.2667 0
      vertex 85.4944 45.2667 6
    endloop
  endfacet
  facet normal 0.857643 0.514246 0
    outer loop
      vertex 85.4944 45.2667 0
      vertex 85.6458 45.0142 6
      vertex 85.6458 45.0142 0
    endloop
  endfacet
  facet normal -0.904013 0.427505 0
    outer loop
      vertex 0.228348 44.748 0
      vertex 0.354233 45.0142 6
      vertex 0.354233 45.0142 0
    endloop
  endfacet
  facet normal -0.904013 0.427505 0
    outer loop
      vertex 0.354233 45.0142 6
      vertex 0.228348 44.748 0
      vertex 0.228348 44.748 6
    endloop
  endfacet
  facet normal -0.427347 0.904088 0
    outer loop
      vertex 1.85194 46.3716 0
      vertex 1.5858 46.2458 6
      vertex 1.85194 46.3716 6
    endloop
  endfacet
  facet normal -0.427347 0.904088 0
    outer loop
      vertex 1.5858 46.2458 6
      vertex 1.85194 46.3716 0
      vertex 1.5858 46.2458 0
    endloop
  endfacet
  facet normal -0.970032 -0.242979 0
    outer loop
      vertex 0.129166 2.12914 0
      vertex 0.0576324 2.41472 6
      vertex 0.0576324 2.41472 0
    endloop
  endfacet
  facet normal -0.970032 -0.242979 0
    outer loop
      vertex 0.0576324 2.41472 6
      vertex 0.129166 2.12914 0
      vertex 0.129166 2.12914 6
    endloop
  endfacet
  facet normal -0.989183 0.146688 0
    outer loop
      vertex 0.0144348 43.894 0
      vertex 0.0576324 44.1853 6
      vertex 0.0576324 44.1853 0
    endloop
  endfacet
  facet normal -0.989183 0.146688 0
    outer loop
      vertex 0.0576324 44.1853 6
      vertex 0.0144348 43.894 0
      vertex 0.0144348 43.894 6
    endloop
  endfacet
  facet normal -0.671577 -0.740935 0
    outer loop
      vertex 0.878677 0.878677 0
      vertex 1.09682 0.680954 6
      vertex 0.878677 0.878677 6
    endloop
  endfacet
  facet normal -0.671577 -0.740935 -0
    outer loop
      vertex 1.09682 0.680954 6
      vertex 0.878677 0.878677 0
      vertex 1.09682 0.680954 0
    endloop
  endfacet
  facet normal -0.242871 0.970059 0
    outer loop
      vertex 2.41472 46.5423 0
      vertex 2.12914 46.4708 6
      vertex 2.41472 46.5423 6
    endloop
  endfacet
  facet normal -0.242871 0.970059 0
    outer loop
      vertex 2.12914 46.4708 6
      vertex 2.41472 46.5423 0
      vertex 2.12914 46.4708 0
    endloop
  endfacet
  facet normal 0.857661 -0.514216 0
    outer loop
      vertex 85.4944 1.33328 6
      vertex 85.6458 1.5858 0
      vertex 85.6458 1.5858 6
    endloop
  endfacet
  facet normal 0.857661 -0.514216 0
    outer loop
      vertex 85.6458 1.5858 0
      vertex 85.4944 1.33328 6
      vertex 85.4944 1.33328 0
    endloop
  endfacet
  facet normal 0.243043 -0.970016 0
    outer loop
      vertex 83.5853 0.0576324 0
      vertex 83.8708 0.129166 6
      vertex 83.5853 0.0576324 6
    endloop
  endfacet
  facet normal 0.243043 -0.970016 0
    outer loop
      vertex 83.8708 0.129166 6
      vertex 83.5853 0.0576324 0
      vertex 83.8708 0.129166 0
    endloop
  endfacet
  facet normal -0.0492515 0.998786 0
    outer loop
      vertex 3 46.6 0
      vertex 2.70595 46.5855 6
      vertex 3 46.6 6
    endloop
  endfacet
  facet normal -0.0492515 0.998786 0
    outer loop
      vertex 2.70595 46.5855 6
      vertex 3 46.6 0
      vertex 2.70595 46.5855 0
    endloop
  endfacet
  facet normal -0.336885 -0.941546 0
    outer loop
      vertex 1.85194 0.228348 0
      vertex 2.12914 0.129166 6
      vertex 1.85194 0.228348 6
    endloop
  endfacet
  facet normal -0.336885 -0.941546 -0
    outer loop
      vertex 2.12914 0.129166 6
      vertex 1.85194 0.228348 0
      vertex 2.12914 0.129166 0
    endloop
  endfacet
  facet normal 0.242935 0.970042 -0
    outer loop
      vertex 83.8708 46.4708 0
      vertex 83.5853 46.5423 6
      vertex 83.8708 46.4708 6
    endloop
  endfacet
  facet normal 0.242935 0.970042 0
    outer loop
      vertex 83.5853 46.5423 6
      vertex 83.8708 46.4708 0
      vertex 83.5853 46.5423 0
    endloop
  endfacet
  facet normal 0.740974 -0.671534 0
    outer loop
      vertex 85.1213 0.878677 6
      vertex 85.319 1.09682 0
      vertex 85.319 1.09682 6
    endloop
  endfacet
  facet normal 0.740974 -0.671534 0
    outer loop
      vertex 85.319 1.09682 0
      vertex 85.1213 0.878677 6
      vertex 85.1213 0.878677 0
    endloop
  endfacet
  facet normal -0.0490306 -0.998797 0
    outer loop
      vertex 2.70595 0.0144348 0
      vertex 3 0 6
      vertex 2.70595 0.0144348 6
    endloop
  endfacet
  facet normal -0.0490306 -0.998797 -0
    outer loop
      vertex 3 0 6
      vertex 2.70595 0.0144348 0
      vertex 3 0 0
    endloop
  endfacet
  facet normal -0.903976 -0.427583 0
    outer loop
      vertex 0.354233 1.5858 0
      vertex 0.228348 1.85194 6
      vertex 0.228348 1.85194 0
    endloop
  endfacet
  facet normal -0.903976 -0.427583 0
    outer loop
      vertex 0.228348 1.85194 6
      vertex 0.354233 1.5858 0
      vertex 0.354233 1.5858 6
    endloop
  endfacet
  facet normal 0.941527 -0.336939 0
    outer loop
      vertex 85.7716 1.85194 6
      vertex 85.8708 2.12914 0
      vertex 85.8708 2.12914 6
    endloop
  endfacet
  facet normal 0.941527 -0.336939 0
    outer loop
      vertex 85.8708 2.12914 0
      vertex 85.7716 1.85194 6
      vertex 85.7716 1.85194 0
    endloop
  endfacet
  facet normal -0.242979 -0.970032 0
    outer loop
      vertex 2.12914 0.129166 0
      vertex 2.41472 0.0576324 6
      vertex 2.12914 0.129166 6
    endloop
  endfacet
  facet normal -0.242979 -0.970032 -0
    outer loop
      vertex 2.41472 0.0576324 6
      vertex 2.12914 0.129166 0
      vertex 2.41472 0.0576324 0
    endloop
  endfacet
  facet normal 0 0 -1
    outer loop
      vertex 7.01204 15.313 0
      vertex 6.92864 31.1699 0
      vertex 6.96464 30.9272 0
    endloop
  endfacet
  facet normal -0 0 -1
    outer loop
      vertex 7.01204 15.313 0
      vertex 5 13.1 0
      vertex 6.92864 31.1699 0
    endloop
  endfacet
  facet normal 0 0 -1
    outer loop
      vertex 5 33.5 0
      vertex 6.92864 31.1699 0
      vertex 5 13.1 0
    endloop
  endfacet
  facet normal -0 0 -1
    outer loop
      vertex 7.01204 14.823 0
      vertex 5 13.1 0
      vertex 7 15.068 0
    endloop
  endfacet
  facet normal -0 0 -1
    outer loop
      vertex 7.04804 14.5803 0
      vertex 5 13.1 0
      vertex 7.01204 14.823 0
    endloop
  endfacet
  facet normal -0 0 -1
    outer loop
      vertex 7.10765 14.3423 0
      vertex 5 13.1 0
      vertex 7.04804 14.5803 0
    endloop
  endfacet
  facet normal -0 0 -1
    outer loop
      vertex 7.1903 14.1113 0
      vertex 5 13.1 0
      vertex 7.10765 14.3423 0
    endloop
  endfacet
  facet normal -0 0 -1
    outer loop
      vertex 7.2952 13.8895 0
      vertex 5 13.1 0
      vertex 7.1903 14.1113 0
    endloop
  endfacet
  facet normal -0 0 -1
    outer loop
      vertex 7.42133 13.6791 0
      vertex 5 13.1 0
      vertex 7.2952 13.8895 0
    endloop
  endfacet
  facet normal -0 0 -1
    outer loop
      vertex 7.56747 13.482 0
      vertex 5 13.1 0
      vertex 7.42133 13.6791 0
    endloop
  endfacet
  facet normal -0 0 -1
    outer loop
      vertex 7.73223 13.3002 0
      vertex 5 13.1 0
      vertex 7.56747 13.482 0
    endloop
  endfacet
  facet normal -0 0 -1
    outer loop
      vertex 7.91402 13.1355 0
      vertex 5 13.1 0
      vertex 7.73223 13.3002 0
    endloop
  endfacet
  facet normal 0 0 -1
    outer loop
      vertex 5 13.1 0
      vertex 7.91402 13.1355 0
      vertex 7.96185 13.1 0
    endloop
  endfacet
  facet normal 0 0 -1
    outer loop
      vertex 29 33.5 0
      vertex 11.9046 31.1699 0
      vertex 11.9166 31.4149 0
    endloop
  endfacet
  facet normal 0 0 -1
    outer loop
      vertex 11.7048 16.2465 0
      vertex 29 13.1 0
      vertex 11.8097 16.0247 0
    endloop
  endfacet
  facet normal 0 0 -1
    outer loop
      vertex 29 33.5 0
      vertex 11.8686 30.9272 0
      vertex 11.9046 31.1699 0
    endloop
  endfacet
  facet normal 0 0 -1
    outer loop
      vertex 11.5787 16.4569 0
      vertex 29 13.1 0
      vertex 11.7048 16.2465 0
    endloop
  endfacet
  facet normal 0 0 -1
    outer loop
      vertex 29 33.5 0
      vertex 11.809 30.6892 0
      vertex 11.8686 30.9272 0
    endloop
  endfacet
  facet normal 0 0 -1
    outer loop
      vertex 29 33.5 0
      vertex 11.7263 30.4582 0
      vertex 11.809 30.6892 0
    endloop
  endfacet
  facet normal 0 0 -1
    outer loop
      vertex 29 13.1 0
      vertex 11.5787 16.4569 0
      vertex 29 33.5 0
    endloop
  endfacet
  facet normal 0 0 -1
    outer loop
      vertex 29 33.5 0
      vertex 11.6214 30.2364 0
      vertex 11.7263 30.4582 0
    endloop
  endfacet
  facet normal 0 0 -1
    outer loop
      vertex 11.4953 30.026 0
      vertex 29 33.5 0
      vertex 11.5787 16.4569 0
    endloop
  endfacet
  facet normal 0 0 -1
    outer loop
      vertex 29 33.5 0
      vertex 11.4953 30.026 0
      vertex 11.6214 30.2364 0
    endloop
  endfacet
  facet normal 0 0 -1
    outer loop
      vertex 11.4325 16.654 0
      vertex 11.4953 30.026 0
      vertex 11.5787 16.4569 0
    endloop
  endfacet
  facet normal 0 0 -1
    outer loop
      vertex 11.4325 16.654 0
      vertex 11.3491 29.8289 0
      vertex 11.4953 30.026 0
    endloop
  endfacet
  facet normal 0 0 -1
    outer loop
      vertex 11.2678 16.8358 0
      vertex 11.3491 29.8289 0
      vertex 11.4325 16.654 0
    endloop
  endfacet
  facet normal 0 0 -1
    outer loop
      vertex 11.2678 16.8358 0
      vertex 11.1844 29.6471 0
      vertex 11.3491 29.8289 0
    endloop
  endfacet
  facet normal 0 0 -1
    outer loop
      vertex 11.086 17.0005 0
      vertex 11.1844 29.6471 0
      vertex 11.2678 16.8358 0
    endloop
  endfacet
  facet normal 0 0 -1
    outer loop
      vertex 11.086 17.0005 0
      vertex 11.0026 29.4824 0
      vertex 11.1844 29.6471 0
    endloop
  endfacet
  facet normal 0 0 -1
    outer loop
      vertex 10.8889 17.1467 0
      vertex 11.0026 29.4824 0
      vertex 11.086 17.0005 0
    endloop
  endfacet
  facet normal 0 0 -1
    outer loop
      vertex 10.8889 17.1467 0
      vertex 10.8055 29.3362 0
      vertex 11.0026 29.4824 0
    endloop
  endfacet
  facet normal 0 0 -1
    outer loop
      vertex 10.6785 17.2728 0
      vertex 10.8055 29.3362 0
      vertex 10.8889 17.1467 0
    endloop
  endfacet
  facet normal 0 0 -1
    outer loop
      vertex 10.6785 17.2728 0
      vertex 10.5951 29.2101 0
      vertex 10.8055 29.3362 0
    endloop
  endfacet
  facet normal 0 0 -1
    outer loop
      vertex 10.4567 17.3777 0
      vertex 10.5951 29.2101 0
      vertex 10.6785 17.2728 0
    endloop
  endfacet
  facet normal 0 0 -1
    outer loop
      vertex 10.4567 17.3777 0
      vertex 10.3733 29.1052 0
      vertex 10.5951 29.2101 0
    endloop
  endfacet
  facet normal 0 0 -1
    outer loop
      vertex 10.2257 17.4604 0
      vertex 10.3733 29.1052 0
      vertex 10.4567 17.3777 0
    endloop
  endfacet
  facet normal 0 0 -1
    outer loop
      vertex 10.2257 17.4604 0
      vertex 10.1423 29.0225 0
      vertex 10.3733 29.1052 0
    endloop
  endfacet
  facet normal 0 0 -1
    outer loop
      vertex 9.98773 17.52 0
      vertex 10.1423 29.0225 0
      vertex 10.2257 17.4604 0
    endloop
  endfacet
  facet normal 0 0 -1
    outer loop
      vertex 9.98773 17.52 0
      vertex 9.90433 28.9629 0
      vertex 10.1423 29.0225 0
    endloop
  endfacet
  facet normal 0 0 -1
    outer loop
      vertex 9.74504 17.556 0
      vertex 9.90433 28.9629 0
      vertex 9.98773 17.52 0
    endloop
  endfacet
  facet normal 0 0 -1
    outer loop
      vertex 9.74504 17.556 0
      vertex 9.66164 28.9269 0
      vertex 9.90433 28.9629 0
    endloop
  endfacet
  facet normal 0 0 -1
    outer loop
      vertex 9.5 17.568 0
      vertex 9.66164 28.9269 0
      vertex 9.74504 17.556 0
    endloop
  endfacet
  facet normal 0 0 -1
    outer loop
      vertex 9.5 17.568 0
      vertex 9.4166 28.9149 0
      vertex 9.66164 28.9269 0
    endloop
  endfacet
  facet normal 0 0 -1
    outer loop
      vertex 9.25496 17.556 0
      vertex 9.4166 28.9149 0
      vertex 9.5 17.568 0
    endloop
  endfacet
  facet normal 0 0 -1
    outer loop
      vertex 9.25496 17.556 0
      vertex 9.17156 28.9269 0
      vertex 9.4166 28.9149 0
    endloop
  endfacet
  facet normal 0 0 -1
    outer loop
      vertex 9.01227 17.52 0
      vertex 9.17156 28.9269 0
      vertex 9.25496 17.556 0
    endloop
  endfacet
  facet normal 0 0 -1
    outer loop
      vertex 9.01227 17.52 0
      vertex 8.92887 28.9629 0
      vertex 9.17156 28.9269 0
    endloop
  endfacet
  facet normal 0 0 -1
    outer loop
      vertex 8.77429 17.4604 0
      vertex 8.92887 28.9629 0
      vertex 9.01227 17.52 0
    endloop
  endfacet
  facet normal 0 0 -1
    outer loop
      vertex 8.77429 17.4604 0
      vertex 8.69089 29.0225 0
      vertex 8.92887 28.9629 0
    endloop
  endfacet
  facet normal 0 0 -1
    outer loop
      vertex 8.54329 17.3777 0
      vertex 8.69089 29.0225 0
      vertex 8.77429 17.4604 0
    endloop
  endfacet
  facet normal 0 0 -1
    outer loop
      vertex 8.54329 17.3777 0
      vertex 8.45989 29.1052 0
      vertex 8.69089 29.0225 0
    endloop
  endfacet
  facet normal 0 0 -1
    outer loop
      vertex 8.32151 17.2728 0
      vertex 8.45989 29.1052 0
      vertex 8.54329 17.3777 0
    endloop
  endfacet
  facet normal 0 0 -1
    outer loop
      vertex 8.32151 17.2728 0
      vertex 8.23811 29.2101 0
      vertex 8.45989 29.1052 0
    endloop
  endfacet
  facet normal 0 0 -1
    outer loop
      vertex 8.11107 17.1467 0
      vertex 8.23811 29.2101 0
      vertex 8.32151 17.2728 0
    endloop
  endfacet
  facet normal 0 0 -1
    outer loop
      vertex 8.11107 17.1467 0
      vertex 8.02767 29.3362 0
      vertex 8.23811 29.2101 0
    endloop
  endfacet
  facet normal 0 0 -1
    outer loop
      vertex 7.91402 17.0005 0
      vertex 8.02767 29.3362 0
      vertex 8.11107 17.1467 0
    endloop
  endfacet
  facet normal 0 0 -1
    outer loop
      vertex 7.91402 17.0005 0
      vertex 7.83062 29.4824 0
      vertex 8.02767 29.3362 0
    endloop
  endfacet
  facet normal 0 0 -1
    outer loop
      vertex 7.73223 16.8358 0
      vertex 7.83062 29.4824 0
      vertex 7.91402 17.0005 0
    endloop
  endfacet
  facet normal 0 0 -1
    outer loop
      vertex 7.73223 16.8358 0
      vertex 7.64883 29.6471 0
      vertex 7.83062 29.4824 0
    endloop
  endfacet
  facet normal 0 0 -1
    outer loop
      vertex 7.56747 16.654 0
      vertex 7.64883 29.6471 0
      vertex 7.73223 16.8358 0
    endloop
  endfacet
  facet normal 0 0 -1
    outer loop
      vertex 7.56747 16.654 0
      vertex 7.48407 29.8289 0
      vertex 7.64883 29.6471 0
    endloop
  endfacet
  facet normal 0 0 -1
    outer loop
      vertex 7.42133 16.4569 0
      vertex 7.48407 29.8289 0
      vertex 7.56747 16.654 0
    endloop
  endfacet
  facet normal 0 0 -1
    outer loop
      vertex 7.42133 16.4569 0
      vertex 7.33793 30.026 0
      vertex 7.48407 29.8289 0
    endloop
  endfacet
  facet normal 0 0 -1
    outer loop
      vertex 7.2952 16.2465 0
      vertex 7.33793 30.026 0
      vertex 7.42133 16.4569 0
    endloop
  endfacet
  facet normal 0 0 -1
    outer loop
      vertex 7.2952 16.2465 0
      vertex 7.2118 30.2364 0
      vertex 7.33793 30.026 0
    endloop
  endfacet
  facet normal 0 0 -1
    outer loop
      vertex 7.1903 16.0247 0
      vertex 7.2118 30.2364 0
      vertex 7.2952 16.2465 0
    endloop
  endfacet
  facet normal 0 0 -1
    outer loop
      vertex 7.1069 30.4582 0
      vertex 7.1903 16.0247 0
      vertex 7.10765 15.7937 0
    endloop
  endfacet
  facet normal 0 0 -1
    outer loop
      vertex 7.1903 16.0247 0
      vertex 7.1069 30.4582 0
      vertex 7.2118 30.2364 0
    endloop
  endfacet
  facet normal 0 0 -1
    outer loop
      vertex 7.02425 30.6892 0
      vertex 7.10765 15.7937 0
      vertex 7.04804 15.5557 0
    endloop
  endfacet
  facet normal 0 0 -1
    outer loop
      vertex 7.10765 15.7937 0
      vertex 7.02425 30.6892 0
      vertex 7.1069 30.4582 0
    endloop
  endfacet
  facet normal 0 0 -1
    outer loop
      vertex 6.96464 30.9272 0
      vertex 7.04804 15.5557 0
      vertex 7.01204 15.313 0
    endloop
  endfacet
  facet normal 0 0 -1
    outer loop
      vertex 5 13.1 0
      vertex 7.01204 15.313 0
      vertex 7 15.068 0
    endloop
  endfacet
  facet normal 0 0 -1
    outer loop
      vertex 7.04804 15.5557 0
      vertex 6.96464 30.9272 0
      vertex 7.02425 30.6892 0
    endloop
  endfacet
  facet normal 0 0 -1
    outer loop
      vertex 5.8 34.3 0
      vertex 29 40.9 0
      vertex 29 34.3 0
    endloop
  endfacet
  facet normal -0 0 -1
    outer loop
      vertex 29 40.9 0
      vertex 5.8 34.3 0
      vertex 5.8 40.9 0
    endloop
  endfacet
  facet normal 0 0 -1
    outer loop
      vertex 11.988 15.313 0
      vertex 29 13.1 0
      vertex 12 15.068 0
    endloop
  endfacet
  facet normal 0 0 -1
    outer loop
      vertex 29 13.1 0
      vertex 11.988 14.823 0
      vertex 12 15.068 0
    endloop
  endfacet
  facet normal 0 0 -1
    outer loop
      vertex 29 13.1 0
      vertex 11.952 14.5803 0
      vertex 11.988 14.823 0
    endloop
  endfacet
  facet normal 0 0 -1
    outer loop
      vertex 29 13.1 0
      vertex 11.8924 14.3423 0
      vertex 11.952 14.5803 0
    endloop
  endfacet
  facet normal 0 0 -1
    outer loop
      vertex 29 13.1 0
      vertex 11.8097 14.1113 0
      vertex 11.8924 14.3423 0
    endloop
  endfacet
  facet normal 0 0 -1
    outer loop
      vertex 29 13.1 0
      vertex 11.7048 13.8895 0
      vertex 11.8097 14.1113 0
    endloop
  endfacet
  facet normal 0 0 -1
    outer loop
      vertex 29 13.1 0
      vertex 11.5787 13.6791 0
      vertex 11.7048 13.8895 0
    endloop
  endfacet
  facet normal 0 0 -1
    outer loop
      vertex 29 13.1 0
      vertex 11.4325 13.482 0
      vertex 11.5787 13.6791 0
    endloop
  endfacet
  facet normal 0 0 -1
    outer loop
      vertex 29 13.1 0
      vertex 11.2678 13.3002 0
      vertex 11.4325 13.482 0
    endloop
  endfacet
  facet normal 0 0 -1
    outer loop
      vertex 29 13.1 0
      vertex 11.086 13.1355 0
      vertex 11.2678 13.3002 0
    endloop
  endfacet
  facet normal 0 -0 -1
    outer loop
      vertex 11.086 13.1355 0
      vertex 29 13.1 0
      vertex 11.0382 13.1 0
    endloop
  endfacet
  facet normal 0 0 -1
    outer loop
      vertex 5.8 5.7 0
      vertex 29 12.3 0
      vertex 29 5.7 0
    endloop
  endfacet
  facet normal -0 0 -1
    outer loop
      vertex 29 12.3 0
      vertex 5.8 5.7 0
      vertex 5.8 12.3 0
    endloop
  endfacet
  facet normal 0 0 -1
    outer loop
      vertex 38.3034 17.9314 0
      vertex 35.6966 17.9314 0
      vertex 35.7 18 0
    endloop
  endfacet
  facet normal 0 0 -1
    outer loop
      vertex 35.8935 9.22151 0
      vertex 35.6865 17.8634 0
      vertex 35.6966 17.9314 0
    endloop
  endfacet
  facet normal 0 0 -1
    outer loop
      vertex 35.8935 9.22151 0
      vertex 35.6699 17.7968 0
      vertex 35.6865 17.8634 0
    endloop
  endfacet
  facet normal 0 0 -1
    outer loop
      vertex 35.8935 9.22151 0
      vertex 35.6467 17.7321 0
      vertex 35.6699 17.7968 0
    endloop
  endfacet
  facet normal 0 0 -1
    outer loop
      vertex 35.0686 17.3034 0
      vertex 35.7621 9.21774 0
      vertex 35.6375 9.20648 0
    endloop
  endfacet
  facet normal 0 0 -1
    outer loop
      vertex 35.8935 9.22151 0
      vertex 35.6173 17.67 0
      vertex 35.6467 17.7321 0
    endloop
  endfacet
  facet normal 0 0 -1
    outer loop
      vertex 35.8935 9.22151 0
      vertex 35.582 17.6111 0
      vertex 35.6173 17.67 0
    endloop
  endfacet
  facet normal 0 0 -1
    outer loop
      vertex 35.8935 9.22151 0
      vertex 35.5411 17.5559 0
      vertex 35.582 17.6111 0
    endloop
  endfacet
  facet normal 0 0 -1
    outer loop
      vertex 35 17.3 0
      vertex 35.6375 9.20648 0
      vertex 35.5197 9.1877 0
    endloop
  endfacet
  facet normal 0 0 -1
    outer loop
      vertex 35.8935 9.22151 0
      vertex 35.495 17.505 0
      vertex 35.5411 17.5559 0
    endloop
  endfacet
  facet normal 0 0 -1
    outer loop
      vertex 35.8935 9.22151 0
      vertex 35.4441 17.4589 0
      vertex 35.495 17.505 0
    endloop
  endfacet
  facet normal 0 0 -1
    outer loop
      vertex 34.9314 17.3034 0
      vertex 35.5197 9.1877 0
      vertex 35.4088 9.16139 0
    endloop
  endfacet
  facet normal 0 0 -1
    outer loop
      vertex 35.8935 9.22151 0
      vertex 35.3889 17.418 0
      vertex 35.4441 17.4589 0
    endloop
  endfacet
  facet normal 0 0 -1
    outer loop
      vertex 35.8935 9.22151 0
      vertex 35.33 17.3826 0
      vertex 35.3889 17.418 0
    endloop
  endfacet
  facet normal 0 0 -1
    outer loop
      vertex 34.8634 17.3134 0
      vertex 35.4088 9.16139 0
      vertex 35.3047 9.12758 0
    endloop
  endfacet
  facet normal 0 0 -1
    outer loop
      vertex 35.8935 9.22151 0
      vertex 35.2679 17.3533 0
      vertex 35.33 17.3826 0
    endloop
  endfacet
  facet normal 0 0 -1
    outer loop
      vertex 34.7968 17.3301 0
      vertex 35.3047 9.12758 0
      vertex 35.2075 9.08624 0
    endloop
  endfacet
  facet normal 0 0 -1
    outer loop
      vertex 35.8935 9.22151 0
      vertex 35.2032 17.3301 0
      vertex 35.2679 17.3533 0
    endloop
  endfacet
  facet normal 0 0 -1
    outer loop
      vertex 35.8935 9.22151 0
      vertex 35.1366 17.3134 0
      vertex 35.2032 17.3301 0
    endloop
  endfacet
  facet normal 0 0 -1
    outer loop
      vertex 29 13.1 0
      vertex 35.2075 9.08624 0
      vertex 35.1171 9.03741 0
    endloop
  endfacet
  facet normal 0 0 -1
    outer loop
      vertex 35.7621 9.21774 0
      vertex 35.0686 17.3034 0
      vertex 35.1366 17.3134 0
    endloop
  endfacet
  facet normal 0 0 -1
    outer loop
      vertex 29 12.3 0
      vertex 35.1171 9.03741 0
      vertex 35.0336 8.98105 0
    endloop
  endfacet
  facet normal 0 0 -1
    outer loop
      vertex 35.6375 9.20648 0
      vertex 35 17.3 0
      vertex 35.0686 17.3034 0
    endloop
  endfacet
  facet normal 0 0 -1
    outer loop
      vertex 29 12.3 0
      vertex 35.0336 8.98105 0
      vertex 34.9569 8.91718 0
    endloop
  endfacet
  facet normal 0 0 -1
    outer loop
      vertex 35.5197 9.1877 0
      vertex 34.9314 17.3034 0
      vertex 35 17.3 0
    endloop
  endfacet
  facet normal 0 0 -1
    outer loop
      vertex 29 12.3 0
      vertex 34.9569 8.91718 0
      vertex 34.8877 8.84639 0
    endloop
  endfacet
  facet normal 0 0 -1
    outer loop
      vertex 35.4088 9.16139 0
      vertex 34.8634 17.3134 0
      vertex 34.9314 17.3034 0
    endloop
  endfacet
  facet normal 0 0 -1
    outer loop
      vertex 29 12.3 0
      vertex 34.8877 8.84639 0
      vertex 34.8266 8.76926 0
    endloop
  endfacet
  facet normal 0 0 -1
    outer loop
      vertex 35.3047 9.12758 0
      vertex 34.7968 17.3301 0
      vertex 34.8634 17.3134 0
    endloop
  endfacet
  facet normal 0 0 -1
    outer loop
      vertex 29 12.3 0
      vertex 34.8266 8.76926 0
      vertex 34.7737 8.68578 0
    endloop
  endfacet
  facet normal 0 0 -1
    outer loop
      vertex 35.2075 9.08624 0
      vertex 29 13.1 0
      vertex 34.7968 17.3301 0
    endloop
  endfacet
  facet normal 0 0 -1
    outer loop
      vertex 29 12.3 0
      vertex 34.7737 8.68578 0
      vertex 34.7289 8.59596 0
    endloop
  endfacet
  facet normal 0 0 -1
    outer loop
      vertex 29 12.3 0
      vertex 34.7289 8.59596 0
      vertex 34.6923 8.4998 0
    endloop
  endfacet
  facet normal -0 0 -1
    outer loop
      vertex 34.7968 17.3301 0
      vertex 29 13.1 0
      vertex 34.7321 17.3533 0
    endloop
  endfacet
  facet normal 0 0 -1
    outer loop
      vertex 29 12.3 0
      vertex 34.6923 8.4998 0
      vertex 34.6638 8.39729 0
    endloop
  endfacet
  facet normal 0 0 -1
    outer loop
      vertex 29 12.3 0
      vertex 34.6638 8.39729 0
      vertex 34.6434 8.28845 0
    endloop
  endfacet
  facet normal 0 0 -1
    outer loop
      vertex 29 5.7 0
      vertex 34.6434 8.28845 0
      vertex 34.6312 8.17326 0
    endloop
  endfacet
  facet normal 0 0 -1
    outer loop
      vertex 29 5.7 0
      vertex 34.6312 8.17326 0
      vertex 34.6271 8.05173 0
    endloop
  endfacet
  facet normal -0 0 -1
    outer loop
      vertex 34.7321 17.3533 0
      vertex 29 13.1 0
      vertex 34.67 17.3826 0
    endloop
  endfacet
  facet normal 0 0 -1
    outer loop
      vertex 11.952 15.5557 0
      vertex 29 13.1 0
      vertex 11.988 15.313 0
    endloop
  endfacet
  facet normal 0 0 -1
    outer loop
      vertex 11.8924 15.7937 0
      vertex 29 13.1 0
      vertex 11.952 15.5557 0
    endloop
  endfacet
  facet normal 0 0 -1
    outer loop
      vertex 11.8097 16.0247 0
      vertex 29 13.1 0
      vertex 11.8924 15.7937 0
    endloop
  endfacet
  facet normal 0 0 -1
    outer loop
      vertex 11.9046 31.6599 0
      vertex 29 33.5 0
      vertex 11.9166 31.4149 0
    endloop
  endfacet
  facet normal 0 0 -1
    outer loop
      vertex 11.8686 31.9026 0
      vertex 29 33.5 0
      vertex 11.9046 31.6599 0
    endloop
  endfacet
  facet normal 0 0 -1
    outer loop
      vertex 11.809 32.1406 0
      vertex 29 33.5 0
      vertex 11.8686 31.9026 0
    endloop
  endfacet
  facet normal 0 0 -1
    outer loop
      vertex 11.7263 32.3716 0
      vertex 29 33.5 0
      vertex 11.809 32.1406 0
    endloop
  endfacet
  facet normal 0 0 -1
    outer loop
      vertex 11.6214 32.5934 0
      vertex 29 33.5 0
      vertex 11.7263 32.3716 0
    endloop
  endfacet
  facet normal 0 0 -1
    outer loop
      vertex 11.4953 32.8038 0
      vertex 29 33.5 0
      vertex 11.6214 32.5934 0
    endloop
  endfacet
  facet normal 0 0 -1
    outer loop
      vertex 11.3491 33.0009 0
      vertex 29 33.5 0
      vertex 11.4953 32.8038 0
    endloop
  endfacet
  facet normal 0 0 -1
    outer loop
      vertex 11.1844 33.1827 0
      vertex 29 33.5 0
      vertex 11.3491 33.0009 0
    endloop
  endfacet
  facet normal 0 0 -1
    outer loop
      vertex 11.0026 33.3474 0
      vertex 29 33.5 0
      vertex 11.1844 33.1827 0
    endloop
  endfacet
  facet normal 0 0 -1
    outer loop
      vertex 10.8055 33.4936 0
      vertex 29 33.5 0
      vertex 11.0026 33.3474 0
    endloop
  endfacet
  facet normal -0 0 -1
    outer loop
      vertex 29 33.5 0
      vertex 10.8055 33.4936 0
      vertex 10.7948 33.5 0
    endloop
  endfacet
  facet normal 0 0 -1
    outer loop
      vertex 6.92864 31.1699 0
      vertex 5 33.5 0
      vertex 6.9166 31.4149 0
    endloop
  endfacet
  facet normal 0 0 -1
    outer loop
      vertex 8.02767 33.4936 0
      vertex 5 33.5 0
      vertex 8.0384 33.5 0
    endloop
  endfacet
  facet normal 0 0 -1
    outer loop
      vertex 7.83062 33.3474 0
      vertex 5 33.5 0
      vertex 8.02767 33.4936 0
    endloop
  endfacet
  facet normal 0 0 -1
    outer loop
      vertex 7.64883 33.1827 0
      vertex 5 33.5 0
      vertex 7.83062 33.3474 0
    endloop
  endfacet
  facet normal 0 0 -1
    outer loop
      vertex 7.48407 33.0009 0
      vertex 5 33.5 0
      vertex 7.64883 33.1827 0
    endloop
  endfacet
  facet normal 0 0 -1
    outer loop
      vertex 7.33793 32.8038 0
      vertex 5 33.5 0
      vertex 7.48407 33.0009 0
    endloop
  endfacet
  facet normal 0 0 -1
    outer loop
      vertex 7.2118 32.5934 0
      vertex 5 33.5 0
      vertex 7.33793 32.8038 0
    endloop
  endfacet
  facet normal 0 0 -1
    outer loop
      vertex 7.1069 32.3716 0
      vertex 5 33.5 0
      vertex 7.2118 32.5934 0
    endloop
  endfacet
  facet normal 0 0 -1
    outer loop
      vertex 7.02425 32.1406 0
      vertex 5 33.5 0
      vertex 7.1069 32.3716 0
    endloop
  endfacet
  facet normal 0 0 -1
    outer loop
      vertex 6.96464 31.9026 0
      vertex 5 33.5 0
      vertex 7.02425 32.1406 0
    endloop
  endfacet
  facet normal 0 0 -1
    outer loop
      vertex 6.92864 31.6599 0
      vertex 5 33.5 0
      vertex 6.96464 31.9026 0
    endloop
  endfacet
  facet normal 0 0 -1
    outer loop
      vertex 6.9166 31.4149 0
      vertex 5 33.5 0
      vertex 6.92864 31.6599 0
    endloop
  endfacet
  facet normal 0 0 -1
    outer loop
      vertex 37.9806 7.09729 0
      vertex 39.1876 9.22151 0
      vertex 39.1876 7.09729 0
    endloop
  endfacet
  facet normal 0 -0 -1
    outer loop
      vertex 38.9314 17.3034 0
      vertex 39.1876 9.22151 0
      vertex 37.59 9.22151 0
    endloop
  endfacet
  facet normal 0 0 -1
    outer loop
      vertex 39.1876 9.22151 0
      vertex 39.0686 17.3034 0
      vertex 39.1366 17.3134 0
    endloop
  endfacet
  facet normal 0 0 -1
    outer loop
      vertex 39.1876 9.22151 0
      vertex 39 17.3 0
      vertex 39.0686 17.3034 0
    endloop
  endfacet
  facet normal 0 0 -1
    outer loop
      vertex 39.1876 9.22151 0
      vertex 38.9314 17.3034 0
      vertex 39 17.3 0
    endloop
  endfacet
  facet normal -0 0 -1
    outer loop
      vertex 38.9314 17.3034 0
      vertex 37.59 9.22151 0
      vertex 38.8634 17.3134 0
    endloop
  endfacet
  facet normal -0 0 -1
    outer loop
      vertex 38.8634 17.3134 0
      vertex 37.59 9.22151 0
      vertex 38.7968 17.3301 0
    endloop
  endfacet
  facet normal 0 0 -1
    outer loop
      vertex 37.2662 9.22151 0
      vertex 38.7968 17.3301 0
      vertex 37.59 9.22151 0
    endloop
  endfacet
  facet normal -0 0 -1
    outer loop
      vertex 38.7968 17.3301 0
      vertex 37.2662 9.22151 0
      vertex 38.7321 17.3533 0
    endloop
  endfacet
  facet normal 0 0 -1
    outer loop
      vertex 36.6835 9.22151 0
      vertex 38.7321 17.3533 0
      vertex 37.2662 9.22151 0
    endloop
  endfacet
  facet normal -0 0 -1
    outer loop
      vertex 38.7321 17.3533 0
      vertex 36.6835 9.22151 0
      vertex 38.67 17.3826 0
    endloop
  endfacet
  facet normal 0 0 -1
    outer loop
      vertex 35.6966 17.9314 0
      vertex 38.67 17.3826 0
      vertex 36.6835 9.22151 0
    endloop
  endfacet
  facet normal 0 0 -1
    outer loop
      vertex 38.67 17.3826 0
      vertex 35.6966 17.9314 0
      vertex 38.6111 17.418 0
    endloop
  endfacet
  facet normal 0 0 -1
    outer loop
      vertex 35.6966 17.9314 0
      vertex 38.5559 17.4589 0
      vertex 38.6111 17.418 0
    endloop
  endfacet
  facet normal 0 0 -1
    outer loop
      vertex 35.6966 17.9314 0
      vertex 38.505 17.505 0
      vertex 38.5559 17.4589 0
    endloop
  endfacet
  facet normal 0 0 -1
    outer loop
      vertex 35.6966 17.9314 0
      vertex 38.4589 17.5559 0
      vertex 38.505 17.505 0
    endloop
  endfacet
  facet normal 0 0 -1
    outer loop
      vertex 35.6966 17.9314 0
      vertex 38.418 17.6111 0
      vertex 38.4589 17.5559 0
    endloop
  endfacet
  facet normal 0 0 -1
    outer loop
      vertex 35.6966 17.9314 0
      vertex 38.3826 17.67 0
      vertex 38.418 17.6111 0
    endloop
  endfacet
  facet normal 0 0 -1
    outer loop
      vertex 35.6966 17.9314 0
      vertex 38.3301 17.7968 0
      vertex 38.3533 17.7321 0
    endloop
  endfacet
  facet normal 0 0 -1
    outer loop
      vertex 35.6966 17.9314 0
      vertex 38.3533 17.7321 0
      vertex 38.3826 17.67 0
    endloop
  endfacet
  facet normal -0 0 -1
    outer loop
      vertex 39.1876 9.22151 0
      vertex 37.9806 7.09729 0
      vertex 37.59 9.22151 0
    endloop
  endfacet
  facet normal 0 0 -1
    outer loop
      vertex 40.8288 8.028 0
      vertex 39.5114 9.22151 0
      vertex 39.5411 17.5559 0
    endloop
  endfacet
  facet normal 0 0 -1
    outer loop
      vertex 39.5114 9.22151 0
      vertex 39.495 17.505 0
      vertex 39.5411 17.5559 0
    endloop
  endfacet
  facet normal 0 0 -1
    outer loop
      vertex 39.5114 9.22151 0
      vertex 39.4441 17.4589 0
      vertex 39.495 17.505 0
    endloop
  endfacet
  facet normal 0 0 -1
    outer loop
      vertex 39.5114 9.22151 0
      vertex 39.3889 17.418 0
      vertex 39.4441 17.4589 0
    endloop
  endfacet
  facet normal 0 0 -1
    outer loop
      vertex 39.5114 9.22151 0
      vertex 39.33 17.3826 0
      vertex 39.3889 17.418 0
    endloop
  endfacet
  facet normal 0 0 -1
    outer loop
      vertex 39.5114 9.22151 0
      vertex 39.2679 17.3533 0
      vertex 39.33 17.3826 0
    endloop
  endfacet
  facet normal 0 0 -1
    outer loop
      vertex 39.5114 9.22151 0
      vertex 39.2032 17.3301 0
      vertex 39.2679 17.3533 0
    endloop
  endfacet
  facet normal 0 0 -1
    outer loop
      vertex 39.1366 17.3134 0
      vertex 39.5114 9.22151 0
      vertex 39.1876 9.22151 0
    endloop
  endfacet
  facet normal 0 0 -1
    outer loop
      vertex 39.5114 9.22151 0
      vertex 39.1366 17.3134 0
      vertex 39.2032 17.3301 0
    endloop
  endfacet
  facet normal 0 0 -1
    outer loop
      vertex 43.6906 7.09219 0
      vertex 44.2721 9.22151 0
      vertex 44.2721 7.09219 0
    endloop
  endfacet
  facet normal 0 0 -1
    outer loop
      vertex 44.2721 9.22151 0
      vertex 43.6966 17.9314 0
      vertex 43.7 18 0
    endloop
  endfacet
  facet normal 0 0 -1
    outer loop
      vertex 43.2492 7.2041 0
      vertex 44.2721 9.22151 0
      vertex 43.6906 7.09219 0
    endloop
  endfacet
  facet normal 0 0 -1
    outer loop
      vertex 44.2721 9.22151 0
      vertex 43.6865 17.8634 0
      vertex 43.6966 17.9314 0
    endloop
  endfacet
  facet normal 0 0 -1
    outer loop
      vertex 44.579 7.09219 0
      vertex 45.1181 8.54507 0
      vertex 45.1876 7.09219 0
    endloop
  endfacet
  facet normal -0 0 -1
    outer loop
      vertex 45.1181 8.54507 0
      vertex 44.579 7.09219 0
      vertex 44.579 8.9299 0
    endloop
  endfacet
  facet normal 0 0 -1
    outer loop
      vertex 50.3034 17.9314 0
      vertex 47.6966 17.9314 0
      vertex 47.7 18 0
    endloop
  endfacet
  facet normal 0 0 -1
    outer loop
      vertex 48.2152 9.22151 0
      vertex 47.6865 17.8634 0
      vertex 47.6966 17.9314 0
    endloop
  endfacet
  facet normal 0 0 -1
    outer loop
      vertex 48.2152 9.22151 0
      vertex 47.6699 17.7968 0
      vertex 47.6865 17.8634 0
    endloop
  endfacet
  facet normal 0 0 -1
    outer loop
      vertex 48.2152 9.22151 0
      vertex 47.6467 17.7321 0
      vertex 47.6699 17.7968 0
    endloop
  endfacet
  facet normal 0 0 -1
    outer loop
      vertex 48.2152 9.22151 0
      vertex 47.6173 17.67 0
      vertex 47.6467 17.7321 0
    endloop
  endfacet
  facet normal 0 0 -1
    outer loop
      vertex 48.2152 9.22151 0
      vertex 47.582 17.6111 0
      vertex 47.6173 17.67 0
    endloop
  endfacet
  facet normal 0 0 -1
    outer loop
      vertex 48.2152 9.22151 0
      vertex 47.5411 17.5559 0
      vertex 47.582 17.6111 0
    endloop
  endfacet
  facet normal 0 0 -1
    outer loop
      vertex 48.2152 9.22151 0
      vertex 47.495 17.505 0
      vertex 47.5411 17.5559 0
    endloop
  endfacet
  facet normal 0 0 -1
    outer loop
      vertex 48.2152 9.22151 0
      vertex 47.4441 17.4589 0
      vertex 47.495 17.505 0
    endloop
  endfacet
  facet normal 0 0 -1
    outer loop
      vertex 48.2152 9.22151 0
      vertex 47.3889 17.418 0
      vertex 47.4441 17.4589 0
    endloop
  endfacet
  facet normal 0 0 -1
    outer loop
      vertex 48.2152 9.22151 0
      vertex 47.33 17.3826 0
      vertex 47.3889 17.418 0
    endloop
  endfacet
  facet normal 0 0 -1
    outer loop
      vertex 48.2152 9.22151 0
      vertex 47.2679 17.3533 0
      vertex 47.33 17.3826 0
    endloop
  endfacet
  facet normal 0 0 -1
    outer loop
      vertex 48.2152 9.22151 0
      vertex 47.2032 17.3301 0
      vertex 47.2679 17.3533 0
    endloop
  endfacet
  facet normal 0 0 -1
    outer loop
      vertex 48.102 9.22151 0
      vertex 47.1366 17.3134 0
      vertex 47.2032 17.3301 0
    endloop
  endfacet
  facet normal 0 0 -1
    outer loop
      vertex 48.102 9.22151 0
      vertex 47.0686 17.3034 0
      vertex 47.1366 17.3134 0
    endloop
  endfacet
  facet normal 0 0 -1
    outer loop
      vertex 46.5236 9.22151 0
      vertex 47.0686 17.3034 0
      vertex 48.102 9.22151 0
    endloop
  endfacet
  facet normal 0 0 -1
    outer loop
      vertex 47.0686 17.3034 0
      vertex 46.5236 9.22151 0
      vertex 47 17.3 0
    endloop
  endfacet
  facet normal -0 0 -1
    outer loop
      vertex 47 17.3 0
      vertex 46.5236 9.22151 0
      vertex 46.9314 17.3034 0
    endloop
  endfacet
  facet normal -0 0 -1
    outer loop
      vertex 46.9314 17.3034 0
      vertex 46.5236 9.22151 0
      vertex 46.8634 17.3134 0
    endloop
  endfacet
  facet normal -0 0 -1
    outer loop
      vertex 46.8634 17.3134 0
      vertex 46.5236 9.22151 0
      vertex 46.7968 17.3301 0
    endloop
  endfacet
  facet normal 0 0 -1
    outer loop
      vertex 44.5535 9.22151 0
      vertex 46.7968 17.3301 0
      vertex 46.5236 9.22151 0
    endloop
  endfacet
  facet normal -0 0 -1
    outer loop
      vertex 46.7968 17.3301 0
      vertex 44.5535 9.22151 0
      vertex 46.7321 17.3533 0
    endloop
  endfacet
  facet normal -0 0 -1
    outer loop
      vertex 46.7321 17.3533 0
      vertex 44.5535 9.22151 0
      vertex 46.67 17.3826 0
    endloop
  endfacet
  facet normal -0 0 -1
    outer loop
      vertex 46.67 17.3826 0
      vertex 44.5535 9.22151 0
      vertex 46.6111 17.418 0
    endloop
  endfacet
  facet normal 0 0 -1
    outer loop
      vertex 44.2721 9.22151 0
      vertex 46.6111 17.418 0
      vertex 44.5535 9.22151 0
    endloop
  endfacet
  facet normal 0 0 -1
    outer loop
      vertex 47.6516 7.03864 0
      vertex 48.9188 6.83282 0
      vertex 47.6588 6.93513 0
    endloop
  endfacet
  facet normal 0 0 -1
    outer loop
      vertex 47.6396 7.14334 0
      vertex 48.9188 6.83282 0
      vertex 47.6516 7.03864 0
    endloop
  endfacet
  facet normal 0 0 -1
    outer loop
      vertex 47.6228 7.24924 0
      vertex 48.9188 6.83282 0
      vertex 47.6396 7.14334 0
    endloop
  endfacet
  facet normal 0 0 -1
    outer loop
      vertex 47.6013 7.35632 0
      vertex 48.9188 6.83282 0
      vertex 47.6228 7.24924 0
    endloop
  endfacet
  facet normal 0 0 -1
    outer loop
      vertex 47.5749 7.4646 0
      vertex 48.9188 6.83282 0
      vertex 47.6013 7.35632 0
    endloop
  endfacet
  facet normal 0 0 -1
    outer loop
      vertex 47.5437 7.57407 0
      vertex 48.9188 6.83282 0
      vertex 47.5749 7.4646 0
    endloop
  endfacet
  facet normal 0 0 -1
    outer loop
      vertex 48.9188 6.83282 0
      vertex 47.5437 7.57407 0
      vertex 48.102 8.96213 0
    endloop
  endfacet
  facet normal 0 0 -1
    outer loop
      vertex 47.5078 7.68474 0
      vertex 48.102 8.96213 0
      vertex 47.5437 7.57407 0
    endloop
  endfacet
  facet normal 0 0 -1
    outer loop
      vertex 47.4671 7.7966 0
      vertex 48.102 8.96213 0
      vertex 47.5078 7.68474 0
    endloop
  endfacet
  facet normal 0 0 -1
    outer loop
      vertex 47.4207 7.91095 0
      vertex 48.102 8.96213 0
      vertex 47.4671 7.7966 0
    endloop
  endfacet
  facet normal 0 0 -1
    outer loop
      vertex 47.3679 8.02907 0
      vertex 48.102 8.96213 0
      vertex 47.4207 7.91095 0
    endloop
  endfacet
  facet normal 0 0 -1
    outer loop
      vertex 47.3087 8.151 0
      vertex 48.102 8.96213 0
      vertex 47.3679 8.02907 0
    endloop
  endfacet
  facet normal 0 0 -1
    outer loop
      vertex 47.2431 8.27672 0
      vertex 48.102 8.96213 0
      vertex 47.3087 8.151 0
    endloop
  endfacet
  facet normal 0 0 -1
    outer loop
      vertex 47.1711 8.40622 0
      vertex 48.102 8.96213 0
      vertex 47.2431 8.27672 0
    endloop
  endfacet
  facet normal 0 0 -1
    outer loop
      vertex 47.0926 8.53952 0
      vertex 48.102 8.96213 0
      vertex 47.1711 8.40622 0
    endloop
  endfacet
  facet normal 0 0 -1
    outer loop
      vertex 47.0077 8.67659 0
      vertex 48.102 8.96213 0
      vertex 47.0926 8.53952 0
    endloop
  endfacet
  facet normal 0 0 -1
    outer loop
      vertex 46.9164 8.81747 0
      vertex 48.102 8.96213 0
      vertex 47.0077 8.67659 0
    endloop
  endfacet
  facet normal -0 0 -1
    outer loop
      vertex 48.102 8.96213 0
      vertex 46.9164 8.81747 0
      vertex 46.8186 8.96213 0
    endloop
  endfacet
  facet normal 0 0 -1
    outer loop
      vertex 44.2721 9.22151 0
      vertex 43.2492 7.2041 0
      vertex 42.4786 8.28629 0
    endloop
  endfacet
  facet normal 0 0 -1
    outer loop
      vertex 44.2721 9.22151 0
      vertex 42.367 8.79865 0
      vertex 42.3298 8.87825 0
    endloop
  endfacet
  facet normal 0 0 -1
    outer loop
      vertex 44.2721 9.22151 0
      vertex 42.3298 8.87825 0
      vertex 42.2876 8.95026 0
    endloop
  endfacet
  facet normal 0 0 -1
    outer loop
      vertex 42.2401 9.01465 0
      vertex 44.2721 9.22151 0
      vertex 42.2876 8.95026 0
    endloop
  endfacet
  facet normal 0 0 -1
    outer loop
      vertex 42.1868 9.07147 0
      vertex 44.2721 9.22151 0
      vertex 42.2401 9.01465 0
    endloop
  endfacet
  facet normal 0 0 -1
    outer loop
      vertex 42.1278 9.12073 0
      vertex 44.2721 9.22151 0
      vertex 42.1868 9.07147 0
    endloop
  endfacet
  facet normal 0 0 -1
    outer loop
      vertex 42.4783 7.77477 0
      vertex 43.2492 7.2041 0
      vertex 42.9187 7.2041 0
    endloop
  endfacet
  facet normal 0 0 -1
    outer loop
      vertex 44.2721 9.22151 0
      vertex 42.4265 8.61655 0
      vertex 42.3992 8.71141 0
    endloop
  endfacet
  facet normal 0 0 -1
    outer loop
      vertex 44.2721 9.22151 0
      vertex 43.2032 17.3301 0
      vertex 43.2679 17.3533 0
    endloop
  endfacet
  facet normal 0 0 -1
    outer loop
      vertex 41.9925 9.19649 0
      vertex 44.2721 9.22151 0
      vertex 42.063 9.1624 0
    endloop
  endfacet
  facet normal 0 0 -1
    outer loop
      vertex 44.2721 9.22151 0
      vertex 43.1366 17.3134 0
      vertex 43.2032 17.3301 0
    endloop
  endfacet
  facet normal 0 0 -1
    outer loop
      vertex 41.9162 9.22301 0
      vertex 44.2721 9.22151 0
      vertex 41.9925 9.19649 0
    endloop
  endfacet
  facet normal 0 0 -1
    outer loop
      vertex 44.2721 9.22151 0
      vertex 43.0686 17.3034 0
      vertex 43.1366 17.3134 0
    endloop
  endfacet
  facet normal 0 -0 -1
    outer loop
      vertex 43 17.3 0
      vertex 44.2721 9.22151 0
      vertex 41.9162 9.22301 0
    endloop
  endfacet
  facet normal 0 0 -1
    outer loop
      vertex 44.2721 9.22151 0
      vertex 43 17.3 0
      vertex 43.0686 17.3034 0
    endloop
  endfacet
  facet normal -0 0 -1
    outer loop
      vertex 43 17.3 0
      vertex 41.9162 9.22301 0
      vertex 42.9314 17.3034 0
    endloop
  endfacet
  facet normal 0 0 -1
    outer loop
      vertex 41.8341 9.24196 0
      vertex 42.9314 17.3034 0
      vertex 41.9162 9.22301 0
    endloop
  endfacet
  facet normal -0 0 -1
    outer loop
      vertex 42.9314 17.3034 0
      vertex 41.8341 9.24196 0
      vertex 42.8634 17.3134 0
    endloop
  endfacet
  facet normal 0 0 -1
    outer loop
      vertex 41.7463 9.25331 0
      vertex 42.8634 17.3134 0
      vertex 41.8341 9.24196 0
    endloop
  endfacet
  facet normal -0 0 -1
    outer loop
      vertex 42.8634 17.3134 0
      vertex 41.7463 9.25331 0
      vertex 42.7968 17.3301 0
    endloop
  endfacet
  facet normal 0 0 -1
    outer loop
      vertex 41.6527 9.25711 0
      vertex 42.7968 17.3301 0
      vertex 41.7463 9.25331 0
    endloop
  endfacet
  facet normal 0 0 -1
    outer loop
      vertex 41.5617 9.25328 0
      vertex 42.7968 17.3301 0
      vertex 41.6527 9.25711 0
    endloop
  endfacet
  facet normal -0 0 -1
    outer loop
      vertex 42.7968 17.3301 0
      vertex 41.5617 9.25328 0
      vertex 42.7321 17.3533 0
    endloop
  endfacet
  facet normal 0 0 -1
    outer loop
      vertex 41.4761 9.24179 0
      vertex 42.7321 17.3533 0
      vertex 41.5617 9.25328 0
    endloop
  endfacet
  facet normal 0 0 -1
    outer loop
      vertex 41.3959 9.22263 0
      vertex 42.67 17.3826 0
      vertex 41.4761 9.24179 0
    endloop
  endfacet
  facet normal -0 0 -1
    outer loop
      vertex 42.7321 17.3533 0
      vertex 41.4761 9.24179 0
      vertex 42.67 17.3826 0
    endloop
  endfacet
  facet normal 0 0 -1
    outer loop
      vertex 57 13.1 0
      vertex 81 33.5 0
      vertex 81 13.1 0
    endloop
  endfacet
  facet normal -0 0 -1
    outer loop
      vertex 81 33.5 0
      vertex 57 13.1 0
      vertex 57 33.5 0
    endloop
  endfacet
  facet normal 0 0 -1
    outer loop
      vertex 81 4.9 0
      vertex 86 3 0
      vertex 85.9855 2.70595 0
    endloop
  endfacet
  facet normal 0 0 -1
    outer loop
      vertex 86 3 0
      vertex 81 13.1 0
      vertex 86 43.6 0
    endloop
  endfacet
  facet normal 0 0 -1
    outer loop
      vertex 81 4.9 0
      vertex 85.9855 2.70595 0
      vertex 85.9424 2.41472 0
    endloop
  endfacet
  facet normal 0 0 -1
    outer loop
      vertex 81 33.5 0
      vertex 86 43.6 0
      vertex 81 13.1 0
    endloop
  endfacet
  facet normal 0 0 -1
    outer loop
      vertex 81 4.9 0
      vertex 85.9424 2.41472 0
      vertex 85.8708 2.12914 0
    endloop
  endfacet
  facet normal 0 0 -1
    outer loop
      vertex 81 41.7 0
      vertex 86 43.6 0
      vertex 81 33.5 0
    endloop
  endfacet
  facet normal 0 0 -1
    outer loop
      vertex 81 4.9 0
      vertex 85.8708 2.12914 0
      vertex 85.7716 1.85194 0
    endloop
  endfacet
  facet normal -0 0 -1
    outer loop
      vertex 86 43.6 0
      vertex 81 41.7 0
      vertex 85.9855 43.894 0
    endloop
  endfacet
  facet normal 0 0 -1
    outer loop
      vertex 81 4.9 0
      vertex 85.7716 1.85194 0
      vertex 85.6458 1.5858 0
    endloop
  endfacet
  facet normal -0 0 -1
    outer loop
      vertex 85.9855 43.894 0
      vertex 81 41.7 0
      vertex 85.9424 44.1853 0
    endloop
  endfacet
  facet normal 0 0 -1
    outer loop
      vertex 81 4.9 0
      vertex 85.6458 1.5858 0
      vertex 85.4944 1.33328 0
    endloop
  endfacet
  facet normal -0 0 -1
    outer loop
      vertex 85.9424 44.1853 0
      vertex 81 41.7 0
      vertex 85.8708 44.4708 0
    endloop
  endfacet
  facet normal 0 0 -1
    outer loop
      vertex 81 4.9 0
      vertex 85.4944 1.33328 0
      vertex 85.319 1.09682 0
    endloop
  endfacet
  facet normal -0 0 -1
    outer loop
      vertex 85.8708 44.4708 0
      vertex 81 41.7 0
      vertex 85.7716 44.748 0
    endloop
  endfacet
  facet normal 0 0 -1
    outer loop
      vertex 81 4.9 0
      vertex 85.319 1.09682 0
      vertex 85.1213 0.878677 0
    endloop
  endfacet
  facet normal -0 0 -1
    outer loop
      vertex 85.7716 44.748 0
      vertex 81 41.7 0
      vertex 85.6458 45.0142 0
    endloop
  endfacet
  facet normal 0 0 -1
    outer loop
      vertex 81 4.9 0
      vertex 85.1213 0.878677 0
      vertex 84.9032 0.680954 0
    endloop
  endfacet
  facet normal -0 0 -1
    outer loop
      vertex 85.6458 45.0142 0
      vertex 81 41.7 0
      vertex 85.4944 45.2667 0
    endloop
  endfacet
  facet normal 0 0 -1
    outer loop
      vertex 81 4.9 0
      vertex 84.9032 0.680954 0
      vertex 84.6667 0.505585 0
    endloop
  endfacet
  facet normal -0 0 -1
    outer loop
      vertex 85.4944 45.2667 0
      vertex 81 41.7 0
      vertex 85.319 45.5032 0
    endloop
  endfacet
  facet normal 0 0 -1
    outer loop
      vertex 81 4.9 0
      vertex 84.6667 0.505585 0
      vertex 84.4142 0.354233 0
    endloop
  endfacet
  facet normal -0 0 -1
    outer loop
      vertex 85.319 45.5032 0
      vertex 81 41.7 0
      vertex 85.1213 45.7213 0
    endloop
  endfacet
  facet normal 0 0 -1
    outer loop
      vertex 81 4.9 0
      vertex 84.4142 0.354233 0
      vertex 84.148 0.228348 0
    endloop
  endfacet
  facet normal -0 0 -1
    outer loop
      vertex 85.1213 45.7213 0
      vertex 81 41.7 0
      vertex 84.9032 45.919 0
    endloop
  endfacet
  facet normal 0 0 -1
    outer loop
      vertex 81 4.9 0
      vertex 84.148 0.228348 0
      vertex 83.8708 0.129166 0
    endloop
  endfacet
  facet normal -0 0 -1
    outer loop
      vertex 84.9032 45.919 0
      vertex 81 41.7 0
      vertex 84.6667 46.0944 0
    endloop
  endfacet
  facet normal 0 0 -1
    outer loop
      vertex 81 4.9 0
      vertex 83.8708 0.129166 0
      vertex 83.5853 0.0576324 0
    endloop
  endfacet
  facet normal -0 0 -1
    outer loop
      vertex 84.6667 46.0944 0
      vertex 81 41.7 0
      vertex 84.4142 46.2458 0
    endloop
  endfacet
  facet normal 0 0 -1
    outer loop
      vertex 81 4.9 0
      vertex 83.5853 0.0576324 0
      vertex 83.294 0.0144348 0
    endloop
  endfacet
  facet normal -0 0 -1
    outer loop
      vertex 84.4142 46.2458 0
      vertex 81 41.7 0
      vertex 84.148 46.3716 0
    endloop
  endfacet
  facet normal 0 0 -1
    outer loop
      vertex 81 4.9 0
      vertex 83.294 0.0144348 0
      vertex 83 0 0
    endloop
  endfacet
  facet normal -0 0 -1
    outer loop
      vertex 84.148 46.3716 0
      vertex 81 41.7 0
      vertex 83.8708 46.4708 0
    endloop
  endfacet
  facet normal 0 0 -1
    outer loop
      vertex 86 3 0
      vertex 81 4.9 0
      vertex 81 13.1 0
    endloop
  endfacet
  facet normal 0 0 -1
    outer loop
      vertex 83 0 0
      vertex 57 4.9 0
      vertex 81 4.9 0
    endloop
  endfacet
  facet normal 0 0 -1
    outer loop
      vertex 50.7616 6.83282 0
      vertex 57 5.7 0
      vertex 57 4.9 0
    endloop
  endfacet
  facet normal 0 0 -1
    outer loop
      vertex 57 5.7 0
      vertex 51.4651 9.22151 0
      vertex 57 12.3 0
    endloop
  endfacet
  facet normal -0 0 -1
    outer loop
      vertex 57 12.3 0
      vertex 51.4651 9.22151 0
      vertex 57 13.1 0
    endloop
  endfacet
  facet normal 0 0 -1
    outer loop
      vertex 57 13.1 0
      vertex 51.7 18 0
      vertex 57 33.5 0
    endloop
  endfacet
  facet normal 0 0 -1
    outer loop
      vertex 51.7 28.6 0
      vertex 57 33.5 0
      vertex 51.7 18 0
    endloop
  endfacet
  facet normal 0 0 -1
    outer loop
      vertex 51.6966 28.6686 0
      vertex 57 33.5 0
      vertex 51.7 28.6 0
    endloop
  endfacet
  facet normal 0 0 -1
    outer loop
      vertex 51.6865 28.7366 0
      vertex 57 33.5 0
      vertex 51.6966 28.6686 0
    endloop
  endfacet
  facet normal 0 0 -1
    outer loop
      vertex 57 13.1 0
      vertex 51.6966 17.9314 0
      vertex 51.7 18 0
    endloop
  endfacet
  facet normal 0 0 -1
    outer loop
      vertex 57 13.1 0
      vertex 51.6865 17.8634 0
      vertex 51.6966 17.9314 0
    endloop
  endfacet
  facet normal 0 0 -1
    outer loop
      vertex 57 13.1 0
      vertex 51.6699 17.7968 0
      vertex 51.6865 17.8634 0
    endloop
  endfacet
  facet normal 0 0 -1
    outer loop
      vertex 57 13.1 0
      vertex 51.6467 17.7321 0
      vertex 51.6699 17.7968 0
    endloop
  endfacet
  facet normal 0 0 -1
    outer loop
      vertex 57 13.1 0
      vertex 51.6173 17.67 0
      vertex 51.6467 17.7321 0
    endloop
  endfacet
  facet normal 0 0 -1
    outer loop
      vertex 51.2679 17.3533 0
      vertex 57 13.1 0
      vertex 51.4651 9.22151 0
    endloop
  endfacet
  facet normal 0 0 -1
    outer loop
      vertex 57 13.1 0
      vertex 51.582 17.6111 0
      vertex 51.6173 17.67 0
    endloop
  endfacet
  facet normal 0 0 -1
    outer loop
      vertex 57 13.1 0
      vertex 51.5411 17.5559 0
      vertex 51.582 17.6111 0
    endloop
  endfacet
  facet normal 0 0 -1
    outer loop
      vertex 57 13.1 0
      vertex 51.495 17.505 0
      vertex 51.5411 17.5559 0
    endloop
  endfacet
  facet normal 0 0 -1
    outer loop
      vertex 57 5.7 0
      vertex 50.7616 6.83282 0
      vertex 51.4651 9.22151 0
    endloop
  endfacet
  facet normal 0 0 -1
    outer loop
      vertex 57 4.9 0
      vertex 50.375 6.83282 0
      vertex 50.7616 6.83282 0
    endloop
  endfacet
  facet normal 0 0 -1
    outer loop
      vertex 49.8566 8.77618 0
      vertex 49.8208 8.78143 0
      vertex 49.8376 8.8604 0
    endloop
  endfacet
  facet normal 0 0 -1
    outer loop
      vertex 49.8048 8.70802 0
      vertex 49.8566 8.77618 0
      vertex 49.8741 8.69832 0
    endloop
  endfacet
  facet normal 0 0 -1
    outer loop
      vertex 49.7898 8.6402 0
      vertex 49.8741 8.69832 0
      vertex 49.898 8.59346 0
    endloop
  endfacet
  facet normal 0 0 -1
    outer loop
      vertex 49.7757 8.57793 0
      vertex 49.898 8.59346 0
      vertex 49.9122 8.53151 0
    endloop
  endfacet
  facet normal 0 0 -1
    outer loop
      vertex 49.7625 8.52122 0
      vertex 49.9122 8.53151 0
      vertex 49.924 8.48442 0
    endloop
  endfacet
  facet normal 0 0 -1
    outer loop
      vertex 49.7389 8.42453 0
      vertex 49.924 8.48442 0
      vertex 49.9456 8.40192 0
    endloop
  endfacet
  facet normal 0 0 -1
    outer loop
      vertex 49.719 8.3501 0
      vertex 49.9456 8.40192 0
      vertex 49.9772 8.284 0
    endloop
  endfacet
  facet normal 0 0 -1
    outer loop
      vertex 49.719 8.3501 0
      vertex 49.9772 8.284 0
      vertex 50.0187 8.13066 0
    endloop
  endfacet
  facet normal 0 0 -1
    outer loop
      vertex 49.719 8.3501 0
      vertex 50.0187 8.13066 0
      vertex 50.0701 7.94194 0
    endloop
  endfacet
  facet normal 0 0 -1
    outer loop
      vertex 49.3053 6.83282 0
      vertex 50.0701 7.94194 0
      vertex 50.1315 7.71777 0
    endloop
  endfacet
  facet normal 0 0 -1
    outer loop
      vertex 49.3053 6.83282 0
      vertex 50.1315 7.71777 0
      vertex 50.2028 7.45821 0
    endloop
  endfacet
  facet normal 0 0 -1
    outer loop
      vertex 49.3053 6.83282 0
      vertex 50.2028 7.45821 0
      vertex 50.284 7.16322 0
    endloop
  endfacet
  facet normal 0 0 -1
    outer loop
      vertex 49.3053 6.83282 0
      vertex 50.284 7.16322 0
      vertex 50.375 6.83282 0
    endloop
  endfacet
  facet normal -0 0 -1
    outer loop
      vertex 49.8566 8.77618 0
      vertex 49.8048 8.70802 0
      vertex 49.8208 8.78143 0
    endloop
  endfacet
  facet normal -0 0 -1
    outer loop
      vertex 49.8741 8.69832 0
      vertex 49.7898 8.6402 0
      vertex 49.8048 8.70802 0
    endloop
  endfacet
  facet normal -0 0 -1
    outer loop
      vertex 49.898 8.59346 0
      vertex 49.7757 8.57793 0
      vertex 49.7898 8.6402 0
    endloop
  endfacet
  facet normal -0 0 -1
    outer loop
      vertex 49.9122 8.53151 0
      vertex 49.7625 8.52122 0
      vertex 49.7757 8.57793 0
    endloop
  endfacet
  facet normal -0 0 -1
    outer loop
      vertex 49.924 8.48442 0
      vertex 49.7502 8.47009 0
      vertex 49.7625 8.52122 0
    endloop
  endfacet
  facet normal 0 0 -1
    outer loop
      vertex 49.924 8.48442 0
      vertex 49.7389 8.42453 0
      vertex 49.7502 8.47009 0
    endloop
  endfacet
  facet normal -0 0 -1
    outer loop
      vertex 49.9456 8.40192 0
      vertex 49.7285 8.38454 0
      vertex 49.7389 8.42453 0
    endloop
  endfacet
  facet normal 0 0 -1
    outer loop
      vertex 49.9456 8.40192 0
      vertex 49.719 8.3501 0
      vertex 49.7285 8.38454 0
    endloop
  endfacet
  facet normal -0 0 -1
    outer loop
      vertex 50.0701 7.94194 0
      vertex 49.3053 6.83282 0
      vertex 49.719 8.3501 0
    endloop
  endfacet
  facet normal 0 0 -1
    outer loop
      vertex 57 4.9 0
      vertex 49.3053 6.83282 0
      vertex 50.375 6.83282 0
    endloop
  endfacet
  facet normal 0 0 -1
    outer loop
      vertex 57 4.9 0
      vertex 48.9188 6.83282 0
      vertex 49.3053 6.83282 0
    endloop
  endfacet
  facet normal 0 0 -1
    outer loop
      vertex 48.9188 6.83282 0
      vertex 48.102 8.96213 0
      vertex 48.2152 9.22151 0
    endloop
  endfacet
  facet normal 0 0 -1
    outer loop
      vertex 47.6588 6.93513 0
      vertex 48.9188 6.83282 0
      vertex 47.6612 6.83282 0
    endloop
  endfacet
  facet normal 0 0 -1
    outer loop
      vertex 57 4.9 0
      vertex 47.6612 6.83282 0
      vertex 48.9188 6.83282 0
    endloop
  endfacet
  facet normal 0 0 -1
    outer loop
      vertex 57 4.9 0
      vertex 47.3425 6.83282 0
      vertex 47.6612 6.83282 0
    endloop
  endfacet
  facet normal 0 0 -1
    outer loop
      vertex 46.0771 6.83282 0
      vertex 47.3415 6.90601 0
      vertex 47.3425 6.83282 0
    endloop
  endfacet
  facet normal -0 0 -1
    outer loop
      vertex 47.3415 6.90601 0
      vertex 46.0771 6.83282 0
      vertex 47.3387 6.97865 0
    endloop
  endfacet
  facet normal -0 0 -1
    outer loop
      vertex 47.3387 6.97865 0
      vertex 46.0771 6.83282 0
      vertex 47.3341 7.05075 0
    endloop
  endfacet
  facet normal 0 0 -1
    outer loop
      vertex 46.0771 7.2041 0
      vertex 47.3341 7.05075 0
      vertex 46.0771 6.83282 0
    endloop
  endfacet
  facet normal 0 0 -1
    outer loop
      vertex 47.3341 7.05075 0
      vertex 46.0771 7.2041 0
      vertex 47.3276 7.12231 0
    endloop
  endfacet
  facet normal 0 0 -1
    outer loop
      vertex 47.3276 7.12231 0
      vertex 46.0771 7.2041 0
      vertex 47.3192 7.19333 0
    endloop
  endfacet
  facet normal -0 0 -1
    outer loop
      vertex 47.3089 7.26379 0
      vertex 46.0771 7.2041 0
      vertex 47.2968 7.33372 0
    endloop
  endfacet
  facet normal -0 0 -1
    outer loop
      vertex 47.2968 7.33372 0
      vertex 46.0771 7.2041 0
      vertex 47.2829 7.40311 0
    endloop
  endfacet
  facet normal -0 0 -1
    outer loop
      vertex 47.2829 7.40311 0
      vertex 46.0771 7.2041 0
      vertex 47.267 7.47194 0
    endloop
  endfacet
  facet normal -0 0 -1
    outer loop
      vertex 47.267 7.47194 0
      vertex 46.0771 7.2041 0
      vertex 47.2493 7.54062 0
    endloop
  endfacet
  facet normal -0 0 -1
    outer loop
      vertex 47.2493 7.54062 0
      vertex 46.0771 7.2041 0
      vertex 47.2298 7.6095 0
    endloop
  endfacet
  facet normal -0 0 -1
    outer loop
      vertex 47.2298 7.6095 0
      vertex 46.0771 7.2041 0
      vertex 47.2083 7.67859 0
    endloop
  endfacet
  facet normal -0 0 -1
    outer loop
      vertex 47.2083 7.67859 0
      vertex 46.0771 7.2041 0
      vertex 47.185 7.74788 0
    endloop
  endfacet
  facet normal -0 0 -1
    outer loop
      vertex 47.185 7.74788 0
      vertex 46.0771 7.2041 0
      vertex 47.1599 7.8174 0
    endloop
  endfacet
  facet normal -0 0 -1
    outer loop
      vertex 47.1599 7.8174 0
      vertex 46.0771 7.2041 0
      vertex 47.1329 7.88712 0
    endloop
  endfacet
  facet normal -0 0 -1
    outer loop
      vertex 47.1329 7.88712 0
      vertex 46.0771 7.2041 0
      vertex 47.104 7.95703 0
    endloop
  endfacet
  facet normal -0 0 -1
    outer loop
      vertex 47.104 7.95703 0
      vertex 46.0771 7.2041 0
      vertex 47.0733 8.02716 0
    endloop
  endfacet
  facet normal -0 0 -1
    outer loop
      vertex 47.0733 8.02716 0
      vertex 46.0771 7.2041 0
      vertex 47.0407 8.0975 0
    endloop
  endfacet
  facet normal -0 0 -1
    outer loop
      vertex 47.0407 8.0975 0
      vertex 46.0771 7.2041 0
      vertex 47.0045 8.17094 0
    endloop
  endfacet
  facet normal -0 0 -1
    outer loop
      vertex 47.0045 8.17094 0
      vertex 46.0771 7.2041 0
      vertex 46.963 8.25038 0
    endloop
  endfacet
  facet normal -0 0 -1
    outer loop
      vertex 46.963 8.25038 0
      vertex 46.0771 7.2041 0
      vertex 46.9162 8.33578 0
    endloop
  endfacet
  facet normal -0 0 -1
    outer loop
      vertex 46.9162 8.33578 0
      vertex 46.0771 7.2041 0
      vertex 46.864 8.42719 0
    endloop
  endfacet
  facet normal -0 0 -1
    outer loop
      vertex 46.864 8.42719 0
      vertex 46.0771 7.2041 0
      vertex 46.8066 8.52458 0
    endloop
  endfacet
  facet normal -0 0 -1
    outer loop
      vertex 46.8066 8.52458 0
      vertex 46.0771 7.2041 0
      vertex 46.7438 8.62794 0
    endloop
  endfacet
  facet normal 0 0 -1
    outer loop
      vertex 45.1181 8.54507 0
      vertex 46.7438 8.62794 0
      vertex 46.0771 7.2041 0
    endloop
  endfacet
  facet normal -0 0 -1
    outer loop
      vertex 46.7438 8.62794 0
      vertex 45.1181 8.54507 0
      vertex 46.6757 8.7373 0
    endloop
  endfacet
  facet normal 0 0 -1
    outer loop
      vertex 45.1181 8.83328 0
      vertex 46.5236 9.22151 0
      vertex 46.5236 8.97398 0
    endloop
  endfacet
  facet normal 0 0 -1
    outer loop
      vertex 43.7 18 0
      vertex 46.6111 17.418 0
      vertex 44.2721 9.22151 0
    endloop
  endfacet
  facet normal 0 0 -1
    outer loop
      vertex 46.5559 17.4589 0
      vertex 43.7 18 0
      vertex 46.505 17.505 0
    endloop
  endfacet
  facet normal 0 0 -1
    outer loop
      vertex 46.505 17.505 0
      vertex 43.7 18 0
      vertex 46.4589 17.5559 0
    endloop
  endfacet
  facet normal 0 0 -1
    outer loop
      vertex 46.4589 17.5559 0
      vertex 43.7 18 0
      vertex 46.418 17.6111 0
    endloop
  endfacet
  facet normal 0 0 -1
    outer loop
      vertex 46.418 17.6111 0
      vertex 43.7 18 0
      vertex 46.3826 17.67 0
    endloop
  endfacet
  facet normal 0 0 -1
    outer loop
      vertex 46.3826 17.67 0
      vertex 43.7 18 0
      vertex 46.3533 17.7321 0
    endloop
  endfacet
  facet normal 0 0 -1
    outer loop
      vertex 46.3533 17.7321 0
      vertex 43.7 18 0
      vertex 46.3301 17.7968 0
    endloop
  endfacet
  facet normal 0 0 -1
    outer loop
      vertex 46.3301 17.7968 0
      vertex 43.7 18 0
      vertex 46.3134 17.8634 0
    endloop
  endfacet
  facet normal -0 0 -1
    outer loop
      vertex 46.6023 8.85265 0
      vertex 45.1181 8.54507 0
      vertex 46.5236 8.97398 0
    endloop
  endfacet
  facet normal -0 0 -1
    outer loop
      vertex 46.6757 8.7373 0
      vertex 45.1181 8.54507 0
      vertex 46.6023 8.85265 0
    endloop
  endfacet
  facet normal 0 0 -1
    outer loop
      vertex 47.3192 7.19333 0
      vertex 46.0771 7.2041 0
      vertex 47.3089 7.26379 0
    endloop
  endfacet
  facet normal 0 0 -1
    outer loop
      vertex 57 4.9 0
      vertex 46.0771 6.83282 0
      vertex 47.3425 6.83282 0
    endloop
  endfacet
  facet normal 0 0 -1
    outer loop
      vertex 29 4.9 0
      vertex 57 4.9 0
      vertex 83 0 0
    endloop
  endfacet
  facet normal 0 -0 -1
    outer loop
      vertex 43.6906 6.83282 0
      vertex 57 4.9 0
      vertex 29 4.9 0
    endloop
  endfacet
  facet normal 0 0 -1
    outer loop
      vertex 45.1876 7.09219 0
      vertex 45.7466 6.83282 0
      vertex 45.1876 6.83282 0
    endloop
  endfacet
  facet normal 0 0 -1
    outer loop
      vertex 57 4.9 0
      vertex 45.7466 6.83282 0
      vertex 46.0771 6.83282 0
    endloop
  endfacet
  facet normal 0 0 -1
    outer loop
      vertex 57 4.9 0
      vertex 45.1876 6.83282 0
      vertex 45.7466 6.83282 0
    endloop
  endfacet
  facet normal 0 0 -1
    outer loop
      vertex 43.2492 6.83282 0
      vertex 43.6906 7.09219 0
      vertex 43.6906 6.83282 0
    endloop
  endfacet
  facet normal 0 0 -1
    outer loop
      vertex 44.2721 9.22151 0
      vertex 43.6699 17.7968 0
      vertex 43.6865 17.8634 0
    endloop
  endfacet
  facet normal 0 0 -1
    outer loop
      vertex 44.2721 9.22151 0
      vertex 43.6467 17.7321 0
      vertex 43.6699 17.7968 0
    endloop
  endfacet
  facet normal 0 0 -1
    outer loop
      vertex 44.2721 9.22151 0
      vertex 43.6173 17.67 0
      vertex 43.6467 17.7321 0
    endloop
  endfacet
  facet normal 0 0 -1
    outer loop
      vertex 44.2721 9.22151 0
      vertex 43.582 17.6111 0
      vertex 43.6173 17.67 0
    endloop
  endfacet
  facet normal 0 0 -1
    outer loop
      vertex 44.2721 9.22151 0
      vertex 43.5411 17.5559 0
      vertex 43.582 17.6111 0
    endloop
  endfacet
  facet normal 0 0 -1
    outer loop
      vertex 44.2721 9.22151 0
      vertex 43.495 17.505 0
      vertex 43.5411 17.5559 0
    endloop
  endfacet
  facet normal 0 0 -1
    outer loop
      vertex 44.2721 9.22151 0
      vertex 43.4441 17.4589 0
      vertex 43.495 17.505 0
    endloop
  endfacet
  facet normal 0 0 -1
    outer loop
      vertex 44.2721 9.22151 0
      vertex 43.3889 17.418 0
      vertex 43.4441 17.4589 0
    endloop
  endfacet
  facet normal 0 0 -1
    outer loop
      vertex 44.2721 9.22151 0
      vertex 43.33 17.3826 0
      vertex 43.3889 17.418 0
    endloop
  endfacet
  facet normal 0 0 -1
    outer loop
      vertex 44.2721 9.22151 0
      vertex 43.2679 17.3533 0
      vertex 43.33 17.3826 0
    endloop
  endfacet
  facet normal 0 0 -1
    outer loop
      vertex 43.2492 7.2041 0
      vertex 43.6906 7.09219 0
      vertex 43.2492 6.83282 0
    endloop
  endfacet
  facet normal 0 0 -1
    outer loop
      vertex 57 4.9 0
      vertex 43.6906 6.83282 0
      vertex 45.1876 6.83282 0
    endloop
  endfacet
  facet normal -0 0 -1
    outer loop
      vertex 43.6906 6.83282 0
      vertex 29 4.9 0
      vertex 43.2492 6.83282 0
    endloop
  endfacet
  facet normal 0 0 -1
    outer loop
      vertex 42.3251 7.18579 0
      vertex 42.9187 7.2041 0
      vertex 42.9187 6.83282 0
    endloop
  endfacet
  facet normal 0 0 -1
    outer loop
      vertex 43.2492 7.2041 0
      vertex 42.4885 8.028 0
      vertex 42.4861 8.16095 0
    endloop
  endfacet
  facet normal 0 0 -1
    outer loop
      vertex 43.2492 7.2041 0
      vertex 42.4861 8.16095 0
      vertex 42.4786 8.28629 0
    endloop
  endfacet
  facet normal 0 0 -1
    outer loop
      vertex 44.2721 9.22151 0
      vertex 42.4786 8.28629 0
      vertex 42.4662 8.40399 0
    endloop
  endfacet
  facet normal 0 0 -1
    outer loop
      vertex 44.2721 9.22151 0
      vertex 42.4662 8.40399 0
      vertex 42.4489 8.51408 0
    endloop
  endfacet
  facet normal 0 0 -1
    outer loop
      vertex 44.2721 9.22151 0
      vertex 42.4489 8.51408 0
      vertex 42.4265 8.61655 0
    endloop
  endfacet
  facet normal 0 0 -1
    outer loop
      vertex 44.2721 9.22151 0
      vertex 42.3992 8.71141 0
      vertex 42.367 8.79865 0
    endloop
  endfacet
  facet normal 0 0 -1
    outer loop
      vertex 42.063 9.1624 0
      vertex 44.2721 9.22151 0
      vertex 42.1278 9.12073 0
    endloop
  endfacet
  facet normal 0 0 -1
    outer loop
      vertex 43.2492 7.2041 0
      vertex 42.486 7.89783 0
      vertex 42.4885 8.028 0
    endloop
  endfacet
  facet normal 0 0 -1
    outer loop
      vertex 43.2492 7.2041 0
      vertex 42.4783 7.77477 0
      vertex 42.486 7.89783 0
    endloop
  endfacet
  facet normal 0 0 -1
    outer loop
      vertex 42.9187 7.2041 0
      vertex 42.4656 7.65881 0
      vertex 42.4783 7.77477 0
    endloop
  endfacet
  facet normal 0 0 -1
    outer loop
      vertex 42.9187 7.2041 0
      vertex 42.4477 7.54997 0
      vertex 42.4656 7.65881 0
    endloop
  endfacet
  facet normal 0 0 -1
    outer loop
      vertex 42.9187 7.2041 0
      vertex 42.4247 7.44826 0
      vertex 42.4477 7.54997 0
    endloop
  endfacet
  facet normal 0 0 -1
    outer loop
      vertex 42.9187 7.2041 0
      vertex 42.3966 7.35365 0
      vertex 42.4247 7.44826 0
    endloop
  endfacet
  facet normal 0 0 -1
    outer loop
      vertex 42.9187 7.2041 0
      vertex 42.3634 7.26617 0
      vertex 42.3966 7.35365 0
    endloop
  endfacet
  facet normal -0 0 -1
    outer loop
      vertex 42.9187 7.2041 0
      vertex 42.3251 7.18579 0
      vertex 42.3634 7.26617 0
    endloop
  endfacet
  facet normal 0 0 -1
    outer loop
      vertex 42.9187 6.83282 0
      vertex 42.2817 7.11255 0
      vertex 42.3251 7.18579 0
    endloop
  endfacet
  facet normal 0 0 -1
    outer loop
      vertex 42.9187 6.83282 0
      vertex 42.2332 7.04672 0
      vertex 42.2817 7.11255 0
    endloop
  endfacet
  facet normal 0 0 -1
    outer loop
      vertex 42.9187 6.83282 0
      vertex 42.1797 6.98865 0
      vertex 42.2332 7.04672 0
    endloop
  endfacet
  facet normal 0 0 -1
    outer loop
      vertex 42.9187 6.83282 0
      vertex 42.121 6.93831 0
      vertex 42.1797 6.98865 0
    endloop
  endfacet
  facet normal 0 -0 -1
    outer loop
      vertex 41.7519 6.8028 0
      vertex 43.2492 6.83282 0
      vertex 29 4.9 0
    endloop
  endfacet
  facet normal 0 0 -1
    outer loop
      vertex 42.9187 6.83282 0
      vertex 42.0573 6.89572 0
      vertex 42.121 6.93831 0
    endloop
  endfacet
  facet normal 0 0 -1
    outer loop
      vertex 42.9187 6.83282 0
      vertex 41.9886 6.86087 0
      vertex 42.0573 6.89572 0
    endloop
  endfacet
  facet normal 0 0 -1
    outer loop
      vertex 42.9187 6.83282 0
      vertex 41.9148 6.83377 0
      vertex 41.9886 6.86087 0
    endloop
  endfacet
  facet normal -0 0 -1
    outer loop
      vertex 42.9187 6.83282 0
      vertex 41.8359 6.81441 0
      vertex 41.9148 6.83377 0
    endloop
  endfacet
  facet normal 0 0 -1
    outer loop
      vertex 42.9187 6.83282 0
      vertex 41.7519 6.8028 0
      vertex 41.8359 6.81441 0
    endloop
  endfacet
  facet normal -0 0 -1
    outer loop
      vertex 43.2492 6.83282 0
      vertex 41.7519 6.8028 0
      vertex 42.9187 6.83282 0
    endloop
  endfacet
  facet normal 0 0 -1
    outer loop
      vertex 41.7519 6.8028 0
      vertex 29 4.9 0
      vertex 41.6629 6.79892 0
    endloop
  endfacet
  facet normal -0 0 -1
    outer loop
      vertex 41.6629 6.79892 0
      vertex 29 4.9 0
      vertex 41.5739 6.80281 0
    endloop
  endfacet
  facet normal 0 0 -1
    outer loop
      vertex 39.5114 6.83282 0
      vertex 40.8288 8.028 0
      vertex 40.8315 7.89853 0
    endloop
  endfacet
  facet normal 0 0 -1
    outer loop
      vertex 39.5114 6.83282 0
      vertex 40.8315 7.89853 0
      vertex 40.8393 7.77602 0
    endloop
  endfacet
  facet normal 0 0 -1
    outer loop
      vertex 40.8288 8.028 0
      vertex 39.6966 17.9314 0
      vertex 39.7 18 0
    endloop
  endfacet
  facet normal 0 0 -1
    outer loop
      vertex 40.8288 8.028 0
      vertex 39.6865 17.8634 0
      vertex 39.6966 17.9314 0
    endloop
  endfacet
  facet normal 0 0 -1
    outer loop
      vertex 39.5114 6.83282 0
      vertex 40.8393 7.77602 0
      vertex 40.8523 7.66051 0
    endloop
  endfacet
  facet normal 0 0 -1
    outer loop
      vertex 40.8288 8.028 0
      vertex 39.6699 17.7968 0
      vertex 39.6865 17.8634 0
    endloop
  endfacet
  facet normal 0 0 -1
    outer loop
      vertex 40.8288 8.028 0
      vertex 39.6467 17.7321 0
      vertex 39.6699 17.7968 0
    endloop
  endfacet
  facet normal 0 0 -1
    outer loop
      vertex 40.8288 8.028 0
      vertex 39.6173 17.67 0
      vertex 39.6467 17.7321 0
    endloop
  endfacet
  facet normal 0 0 -1
    outer loop
      vertex 40.8288 8.028 0
      vertex 39.582 17.6111 0
      vertex 39.6173 17.67 0
    endloop
  endfacet
  facet normal 0 0 -1
    outer loop
      vertex 40.8288 8.028 0
      vertex 39.5411 17.5559 0
      vertex 39.582 17.6111 0
    endloop
  endfacet
  facet normal 0 0 -1
    outer loop
      vertex 39.5114 9.22151 0
      vertex 40.8288 8.028 0
      vertex 39.5114 6.83282 0
    endloop
  endfacet
  facet normal -0 0 -1
    outer loop
      vertex 40.8705 7.55199 0
      vertex 39.5114 6.83282 0
      vertex 40.8523 7.66051 0
    endloop
  endfacet
  facet normal -0 0 -1
    outer loop
      vertex 40.894 7.45045 0
      vertex 39.5114 6.83282 0
      vertex 40.8705 7.55199 0
    endloop
  endfacet
  facet normal -0 0 -1
    outer loop
      vertex 40.9227 7.35593 0
      vertex 39.5114 6.83282 0
      vertex 40.894 7.45045 0
    endloop
  endfacet
  facet normal -0 0 -1
    outer loop
      vertex 40.9565 7.26837 0
      vertex 39.5114 6.83282 0
      vertex 40.9227 7.35593 0
    endloop
  endfacet
  facet normal -0 0 -1
    outer loop
      vertex 40.9956 7.18781 0
      vertex 39.5114 6.83282 0
      vertex 40.9565 7.26837 0
    endloop
  endfacet
  facet normal -0 0 -1
    outer loop
      vertex 41.0399 7.11424 0
      vertex 39.5114 6.83282 0
      vertex 40.9956 7.18781 0
    endloop
  endfacet
  facet normal -0 0 -1
    outer loop
      vertex 41.0893 7.04807 0
      vertex 39.5114 6.83282 0
      vertex 41.0399 7.11424 0
    endloop
  endfacet
  facet normal -0 0 -1
    outer loop
      vertex 41.1436 6.98967 0
      vertex 39.5114 6.83282 0
      vertex 41.0893 7.04807 0
    endloop
  endfacet
  facet normal -0 0 -1
    outer loop
      vertex 41.2029 6.93907 0
      vertex 39.5114 6.83282 0
      vertex 41.1436 6.98967 0
    endloop
  endfacet
  facet normal -0 0 -1
    outer loop
      vertex 41.2672 6.89624 0
      vertex 39.5114 6.83282 0
      vertex 41.2029 6.93907 0
    endloop
  endfacet
  facet normal -0 0 -1
    outer loop
      vertex 41.3364 6.86121 0
      vertex 39.5114 6.83282 0
      vertex 41.2672 6.89624 0
    endloop
  endfacet
  facet normal -0 0 -1
    outer loop
      vertex 41.4106 6.83395 0
      vertex 39.5114 6.83282 0
      vertex 41.3364 6.86121 0
    endloop
  endfacet
  facet normal 0 0 -1
    outer loop
      vertex 41.4897 6.8145 0
      vertex 39.5114 6.83282 0
      vertex 41.4106 6.83395 0
    endloop
  endfacet
  facet normal 0 -0 -1
    outer loop
      vertex 39.5114 6.83282 0
      vertex 41.5739 6.80281 0
      vertex 29 4.9 0
    endloop
  endfacet
  facet normal 0 0 -1
    outer loop
      vertex 41.5739 6.80281 0
      vertex 39.5114 6.83282 0
      vertex 41.4897 6.8145 0
    endloop
  endfacet
  facet normal 0 0 -1
    outer loop
      vertex 37.9806 6.83282 0
      vertex 37.59 6.83282 0
      vertex 37.9806 7.09729 0
    endloop
  endfacet
  facet normal -0 0 -1
    outer loop
      vertex 39.5114 6.83282 0
      vertex 29 4.9 0
      vertex 37.9806 6.83282 0
    endloop
  endfacet
  facet normal -0 0 -1
    outer loop
      vertex 37.9806 6.83282 0
      vertex 29 4.9 0
      vertex 37.59 6.83282 0
    endloop
  endfacet
  facet normal 0 0 -1
    outer loop
      vertex 37.2662 6.83282 0
      vertex 36.6835 6.83282 0
      vertex 37.2662 9.22151 0
    endloop
  endfacet
  facet normal -0 0 -1
    outer loop
      vertex 37.59 6.83282 0
      vertex 29 4.9 0
      vertex 37.2662 6.83282 0
    endloop
  endfacet
  facet normal -0 0 -1
    outer loop
      vertex 37.2662 6.83282 0
      vertex 29 4.9 0
      vertex 36.6835 6.83282 0
    endloop
  endfacet
  facet normal -0 0 -1
    outer loop
      vertex 36.6835 6.83282 0
      vertex 29 4.9 0
      vertex 35.7901 6.83282 0
    endloop
  endfacet
  facet normal -0 0 -1
    outer loop
      vertex 35.7901 6.83282 0
      vertex 29 4.9 0
      vertex 35.7143 6.83464 0
    endloop
  endfacet
  facet normal -0 0 -1
    outer loop
      vertex 35.7143 6.83464 0
      vertex 29 4.9 0
      vertex 35.6404 6.8401 0
    endloop
  endfacet
  facet normal -0 0 -1
    outer loop
      vertex 34.67 17.3826 0
      vertex 29 13.1 0
      vertex 34.6111 17.418 0
    endloop
  endfacet
  facet normal -0 0 -1
    outer loop
      vertex 34.6111 17.418 0
      vertex 29 13.1 0
      vertex 34.5559 17.4589 0
    endloop
  endfacet
  facet normal -0 0 -1
    outer loop
      vertex 34.5559 17.4589 0
      vertex 29 13.1 0
      vertex 34.505 17.505 0
    endloop
  endfacet
  facet normal -0 0 -1
    outer loop
      vertex 34.505 17.505 0
      vertex 29 13.1 0
      vertex 34.4589 17.5559 0
    endloop
  endfacet
  facet normal 0 0 -1
    outer loop
      vertex 29 5.7 0
      vertex 34.6271 8.05173 0
      vertex 34.6289 7.97076 0
    endloop
  endfacet
  facet normal -0 0 -1
    outer loop
      vertex 34.4589 17.5559 0
      vertex 29 13.1 0
      vertex 34.418 17.6111 0
    endloop
  endfacet
  facet normal -0 0 -1
    outer loop
      vertex 34.418 17.6111 0
      vertex 29 13.1 0
      vertex 34.3826 17.67 0
    endloop
  endfacet
  facet normal -0 0 -1
    outer loop
      vertex 34.3826 17.67 0
      vertex 29 13.1 0
      vertex 34.3533 17.7321 0
    endloop
  endfacet
  facet normal -0 0 -1
    outer loop
      vertex 34.3533 17.7321 0
      vertex 29 13.1 0
      vertex 34.3301 17.7968 0
    endloop
  endfacet
  facet normal -0 0 -1
    outer loop
      vertex 34.3301 17.7968 0
      vertex 29 13.1 0
      vertex 34.3134 17.8634 0
    endloop
  endfacet
  facet normal -0 0 -1
    outer loop
      vertex 34.3134 17.8634 0
      vertex 29 13.1 0
      vertex 34.3034 17.9314 0
    endloop
  endfacet
  facet normal -0 0 -1
    outer loop
      vertex 34.6434 8.28845 0
      vertex 29 5.7 0
      vertex 29 12.3 0
    endloop
  endfacet
  facet normal -0 0 -1
    outer loop
      vertex 34.6342 7.89204 0
      vertex 29 5.7 0
      vertex 34.6289 7.97076 0
    endloop
  endfacet
  facet normal -0 0 -1
    outer loop
      vertex 34.6431 7.81563 0
      vertex 29 5.7 0
      vertex 34.6342 7.89204 0
    endloop
  endfacet
  facet normal -0 0 -1
    outer loop
      vertex 34.6556 7.74149 0
      vertex 29 5.7 0
      vertex 34.6431 7.81563 0
    endloop
  endfacet
  facet normal -0 0 -1
    outer loop
      vertex 34.6716 7.66962 0
      vertex 29 5.7 0
      vertex 34.6556 7.74149 0
    endloop
  endfacet
  facet normal -0 0 -1
    outer loop
      vertex 34.6912 7.60004 0
      vertex 29 5.7 0
      vertex 34.6716 7.66962 0
    endloop
  endfacet
  facet normal -0 0 -1
    outer loop
      vertex 34.7143 7.53273 0
      vertex 29 5.7 0
      vertex 34.6912 7.60004 0
    endloop
  endfacet
  facet normal -0 0 -1
    outer loop
      vertex 34.741 7.46771 0
      vertex 29 5.7 0
      vertex 34.7143 7.53273 0
    endloop
  endfacet
  facet normal -0 0 -1
    outer loop
      vertex 34.7712 7.40497 0
      vertex 29 5.7 0
      vertex 34.741 7.46771 0
    endloop
  endfacet
  facet normal -0 0 -1
    outer loop
      vertex 34.8047 7.34497 0
      vertex 29 5.7 0
      vertex 34.7712 7.40497 0
    endloop
  endfacet
  facet normal -0 0 -1
    outer loop
      vertex 34.8412 7.28818 0
      vertex 29 5.7 0
      vertex 34.8047 7.34497 0
    endloop
  endfacet
  facet normal 0 0 -1
    outer loop
      vertex 29 5.7 0
      vertex 34.8412 7.28818 0
      vertex 29 4.9 0
    endloop
  endfacet
  facet normal -0 0 -1
    outer loop
      vertex 34.8807 7.23459 0
      vertex 29 4.9 0
      vertex 34.8412 7.28818 0
    endloop
  endfacet
  facet normal -0 0 -1
    outer loop
      vertex 34.9231 7.1842 0
      vertex 29 4.9 0
      vertex 34.8807 7.23459 0
    endloop
  endfacet
  facet normal -0 0 -1
    outer loop
      vertex 34.9685 7.13702 0
      vertex 29 4.9 0
      vertex 34.9231 7.1842 0
    endloop
  endfacet
  facet normal -0 0 -1
    outer loop
      vertex 35.0169 7.09303 0
      vertex 29 4.9 0
      vertex 34.9685 7.13702 0
    endloop
  endfacet
  facet normal -0 0 -1
    outer loop
      vertex 35.0682 7.05226 0
      vertex 29 4.9 0
      vertex 35.0169 7.09303 0
    endloop
  endfacet
  facet normal -0 0 -1
    outer loop
      vertex 35.1225 7.01468 0
      vertex 29 4.9 0
      vertex 35.0682 7.05226 0
    endloop
  endfacet
  facet normal -0 0 -1
    outer loop
      vertex 35.1798 6.9803 0
      vertex 29 4.9 0
      vertex 35.1225 7.01468 0
    endloop
  endfacet
  facet normal -0 0 -1
    outer loop
      vertex 35.2396 6.94934 0
      vertex 29 4.9 0
      vertex 35.1798 6.9803 0
    endloop
  endfacet
  facet normal -0 0 -1
    outer loop
      vertex 35.3014 6.92203 0
      vertex 29 4.9 0
      vertex 35.2396 6.94934 0
    endloop
  endfacet
  facet normal -0 0 -1
    outer loop
      vertex 35.3652 6.89836 0
      vertex 29 4.9 0
      vertex 35.3014 6.92203 0
    endloop
  endfacet
  facet normal -0 0 -1
    outer loop
      vertex 35.431 6.87834 0
      vertex 29 4.9 0
      vertex 35.3652 6.89836 0
    endloop
  endfacet
  facet normal -0 0 -1
    outer loop
      vertex 35.4988 6.86195 0
      vertex 29 4.9 0
      vertex 35.431 6.87834 0
    endloop
  endfacet
  facet normal -0 0 -1
    outer loop
      vertex 35.5686 6.84921 0
      vertex 29 4.9 0
      vertex 35.4988 6.86195 0
    endloop
  endfacet
  facet normal -0 0 -1
    outer loop
      vertex 35.6404 6.8401 0
      vertex 29 4.9 0
      vertex 35.5686 6.84921 0
    endloop
  endfacet
  facet normal 0 0 -1
    outer loop
      vertex 3 0 0
      vertex 29 4.9 0
      vertex 83 0 0
    endloop
  endfacet
  facet normal 0 0 -1
    outer loop
      vertex 0 3 0
      vertex 5 13.1 0
      vertex 5 4.9 0
    endloop
  endfacet
  facet normal -0 0 -1
    outer loop
      vertex 5 13.1 0
      vertex 0 3 0
      vertex 5 33.5 0
    endloop
  endfacet
  facet normal 0 0 -1
    outer loop
      vertex 2.70595 0.0144348 0
      vertex 5 4.9 0
      vertex 3 0 0
    endloop
  endfacet
  facet normal -0 0 -1
    outer loop
      vertex 29 4.9 0
      vertex 3 0 0
      vertex 5 4.9 0
    endloop
  endfacet
  facet normal -0 0 -1
    outer loop
      vertex 83.8708 46.4708 0
      vertex 81 41.7 0
      vertex 83.5853 46.5423 0
    endloop
  endfacet
  facet normal -0 0 -1
    outer loop
      vertex 83.5853 46.5423 0
      vertex 81 41.7 0
      vertex 83.294 46.5855 0
    endloop
  endfacet
  facet normal -0 0 -1
    outer loop
      vertex 83.294 46.5855 0
      vertex 81 41.7 0
      vertex 83 46.6 0
    endloop
  endfacet
  facet normal 0 0 -1
    outer loop
      vertex 57 41.7 0
      vertex 83 46.6 0
      vertex 81 41.7 0
    endloop
  endfacet
  facet normal 0 0 -1
    outer loop
      vertex 51.6699 28.8032 0
      vertex 57 33.5 0
      vertex 51.6865 28.7366 0
    endloop
  endfacet
  facet normal 0 0 -1
    outer loop
      vertex 51.6467 28.8679 0
      vertex 57 33.5 0
      vertex 51.6699 28.8032 0
    endloop
  endfacet
  facet normal 0 0 -1
    outer loop
      vertex 51.6173 28.93 0
      vertex 57 33.5 0
      vertex 51.6467 28.8679 0
    endloop
  endfacet
  facet normal 0 0 -1
    outer loop
      vertex 51.582 28.9889 0
      vertex 57 33.5 0
      vertex 51.6173 28.93 0
    endloop
  endfacet
  facet normal 0 0 -1
    outer loop
      vertex 51.5411 29.0441 0
      vertex 57 33.5 0
      vertex 51.582 28.9889 0
    endloop
  endfacet
  facet normal 0 0 -1
    outer loop
      vertex 51.495 29.095 0
      vertex 57 33.5 0
      vertex 51.5411 29.0441 0
    endloop
  endfacet
  facet normal 0 0 -1
    outer loop
      vertex 51.4441 29.1411 0
      vertex 57 33.5 0
      vertex 51.495 29.095 0
    endloop
  endfacet
  facet normal 0 0 -1
    outer loop
      vertex 51.3889 29.182 0
      vertex 57 33.5 0
      vertex 51.4441 29.1411 0
    endloop
  endfacet
  facet normal 0 0 -1
    outer loop
      vertex 51.33 29.2173 0
      vertex 57 33.5 0
      vertex 51.3889 29.182 0
    endloop
  endfacet
  facet normal 0 0 -1
    outer loop
      vertex 51.2679 29.2467 0
      vertex 57 33.5 0
      vertex 51.33 29.2173 0
    endloop
  endfacet
  facet normal 0 0 -1
    outer loop
      vertex 51.2032 29.2698 0
      vertex 57 33.5 0
      vertex 51.2679 29.2467 0
    endloop
  endfacet
  facet normal 0 0 -1
    outer loop
      vertex 51.1366 29.2865 0
      vertex 57 33.5 0
      vertex 51.2032 29.2698 0
    endloop
  endfacet
  facet normal -0 0 -1
    outer loop
      vertex 57 33.5 0
      vertex 51.1366 29.2865 0
      vertex 57 34.3 0
    endloop
  endfacet
  facet normal 0 0 -1
    outer loop
      vertex 51.0686 29.2966 0
      vertex 57 34.3 0
      vertex 51.1366 29.2865 0
    endloop
  endfacet
  facet normal 0 0 -1
    outer loop
      vertex 51 29.3 0
      vertex 57 34.3 0
      vertex 51.0686 29.2966 0
    endloop
  endfacet
  facet normal 0 0 -1
    outer loop
      vertex 50.9314 29.2966 0
      vertex 57 34.3 0
      vertex 51 29.3 0
    endloop
  endfacet
  facet normal 0 0 -1
    outer loop
      vertex 50.8634 29.2865 0
      vertex 57 34.3 0
      vertex 50.9314 29.2966 0
    endloop
  endfacet
  facet normal -0 0 -1
    outer loop
      vertex 57 34.3 0
      vertex 50.8634 29.2865 0
      vertex 57 40.9 0
    endloop
  endfacet
  facet normal 0 0 -1
    outer loop
      vertex 47.1366 29.2865 0
      vertex 57 40.9 0
      vertex 50.8634 29.2865 0
    endloop
  endfacet
  facet normal 0 0 -1
    outer loop
      vertex 47.1366 29.2865 0
      vertex 50.8634 29.2865 0
      vertex 50.7968 29.2698 0
    endloop
  endfacet
  facet normal 0 0 -1
    outer loop
      vertex 47.2032 29.2698 0
      vertex 50.7968 29.2698 0
      vertex 50.7321 29.2467 0
    endloop
  endfacet
  facet normal 0 0 -1
    outer loop
      vertex 47.2679 29.2467 0
      vertex 50.7321 29.2467 0
      vertex 50.67 29.2173 0
    endloop
  endfacet
  facet normal 0 0 -1
    outer loop
      vertex 47.33 29.2173 0
      vertex 50.67 29.2173 0
      vertex 50.6111 29.182 0
    endloop
  endfacet
  facet normal 0 0 -1
    outer loop
      vertex 47.3889 29.182 0
      vertex 50.6111 29.182 0
      vertex 50.5559 29.1411 0
    endloop
  endfacet
  facet normal 0 0 -1
    outer loop
      vertex 47.4441 29.1411 0
      vertex 50.5559 29.1411 0
      vertex 50.505 29.095 0
    endloop
  endfacet
  facet normal 0 0 -1
    outer loop
      vertex 47.495 29.095 0
      vertex 50.505 29.095 0
      vertex 50.4589 29.0441 0
    endloop
  endfacet
  facet normal 0 0 -1
    outer loop
      vertex 47.5411 29.0441 0
      vertex 50.4589 29.0441 0
      vertex 50.418 28.9889 0
    endloop
  endfacet
  facet normal 0 0 -1
    outer loop
      vertex 47.582 28.9889 0
      vertex 50.418 28.9889 0
      vertex 50.3826 28.93 0
    endloop
  endfacet
  facet normal 0 0 -1
    outer loop
      vertex 47.6966 17.9314 0
      vertex 50.3826 17.67 0
      vertex 50.418 17.6111 0
    endloop
  endfacet
  facet normal 0 0 -1
    outer loop
      vertex 47.6966 17.9314 0
      vertex 50.3533 17.7321 0
      vertex 50.3826 17.67 0
    endloop
  endfacet
  facet normal 0 0 -1
    outer loop
      vertex 47.6966 17.9314 0
      vertex 50.3301 17.7968 0
      vertex 50.3533 17.7321 0
    endloop
  endfacet
  facet normal 0 0 -1
    outer loop
      vertex 47.6966 17.9314 0
      vertex 50.3134 17.8634 0
      vertex 50.3301 17.7968 0
    endloop
  endfacet
  facet normal 0 0 -1
    outer loop
      vertex 47.6966 17.9314 0
      vertex 50.3034 17.9314 0
      vertex 50.3134 17.8634 0
    endloop
  endfacet
  facet normal 0 0 -1
    outer loop
      vertex 48.8044 8.31686 0
      vertex 49.6834 9.22151 0
      vertex 49.268 7.73473 0
    endloop
  endfacet
  facet normal 0 0 -1
    outer loop
      vertex 50.3 18 0
      vertex 47.7 18 0
      vertex 50.3 28.6 0
    endloop
  endfacet
  facet normal 0 0 -1
    outer loop
      vertex 48.9632 7.7413 0
      vertex 49.268 7.73473 0
      vertex 49.2474 7.65511 0
    endloop
  endfacet
  facet normal 0 0 -1
    outer loop
      vertex 48.9955 7.62259 0
      vertex 49.2474 7.65511 0
      vertex 49.2278 7.57826 0
    endloop
  endfacet
  facet normal 0 0 -1
    outer loop
      vertex 49.0174 7.54042 0
      vertex 49.2278 7.57826 0
      vertex 49.2092 7.50417 0
    endloop
  endfacet
  facet normal 0 0 -1
    outer loop
      vertex 49.029 7.49483 0
      vertex 49.2092 7.50417 0
      vertex 49.1917 7.43285 0
    endloop
  endfacet
  facet normal 0 0 -1
    outer loop
      vertex 49.029 7.49483 0
      vertex 49.1917 7.43285 0
      vertex 49.1751 7.36427 0
    endloop
  endfacet
  facet normal 0 0 -1
    outer loop
      vertex 49.029 7.49483 0
      vertex 49.1751 7.36427 0
      vertex 49.1595 7.29848 0
    endloop
  endfacet
  facet normal 0 0 -1
    outer loop
      vertex 49.1036 7.17697 0
      vertex 49.1595 7.29848 0
      vertex 49.1449 7.23544 0
    endloop
  endfacet
  facet normal 0 0 -1
    outer loop
      vertex 49.1036 7.17697 0
      vertex 49.1449 7.23544 0
      vertex 49.1314 7.17516 0
    endloop
  endfacet
  facet normal 0 0 -1
    outer loop
      vertex 49.1036 7.17697 0
      vertex 49.1314 7.17516 0
      vertex 49.1188 7.11765 0
    endloop
  endfacet
  facet normal -0 0 -1
    outer loop
      vertex 49.1595 7.29848 0
      vertex 49.1036 7.17697 0
      vertex 49.029 7.49483 0
    endloop
  endfacet
  facet normal -0 0 -1
    outer loop
      vertex 49.2092 7.50417 0
      vertex 49.029 7.49483 0
      vertex 49.0174 7.54042 0
    endloop
  endfacet
  facet normal -0 0 -1
    outer loop
      vertex 49.2278 7.57826 0
      vertex 49.0174 7.54042 0
      vertex 48.9955 7.62259 0
    endloop
  endfacet
  facet normal -0 0 -1
    outer loop
      vertex 49.2474 7.65511 0
      vertex 48.9955 7.62259 0
      vertex 48.9632 7.7413 0
    endloop
  endfacet
  facet normal 0 0 -1
    outer loop
      vertex 49.268 7.73473 0
      vertex 48.9632 7.7413 0
      vertex 48.9206 7.89661 0
    endloop
  endfacet
  facet normal 0 0 -1
    outer loop
      vertex 49.268 7.73473 0
      vertex 48.9206 7.89661 0
      vertex 48.8677 8.08844 0
    endloop
  endfacet
  facet normal 0 0 -1
    outer loop
      vertex 49.268 7.73473 0
      vertex 48.8677 8.08844 0
      vertex 48.8044 8.31686 0
    endloop
  endfacet
  facet normal 0 0 -1
    outer loop
      vertex 49.6834 9.22151 0
      vertex 48.8044 8.31686 0
      vertex 48.7308 8.58185 0
    endloop
  endfacet
  facet normal 0 0 -1
    outer loop
      vertex 49.6834 9.22151 0
      vertex 48.7308 8.58185 0
      vertex 48.6469 8.88339 0
    endloop
  endfacet
  facet normal -0 0 -1
    outer loop
      vertex 49.6834 9.22151 0
      vertex 48.6469 8.88339 0
      vertex 48.5526 9.22151 0
    endloop
  endfacet
  facet normal 0 0 -1
    outer loop
      vertex 50.3034 17.9314 0
      vertex 47.7 18 0
      vertex 50.3 18 0
    endloop
  endfacet
  facet normal 0 0 -1
    outer loop
      vertex 47.6966 17.9314 0
      vertex 48.5526 9.22151 0
      vertex 48.2152 9.22151 0
    endloop
  endfacet
  facet normal 0 0 -1
    outer loop
      vertex 48.102 9.22151 0
      vertex 48.2152 9.22151 0
      vertex 48.102 8.96213 0
    endloop
  endfacet
  facet normal 0 0 -1
    outer loop
      vertex 47.2032 17.3301 0
      vertex 48.2152 9.22151 0
      vertex 48.102 9.22151 0
    endloop
  endfacet
  facet normal 0 0 -1
    outer loop
      vertex 47.7 28.6 0
      vertex 50.3 28.6 0
      vertex 47.7 18 0
    endloop
  endfacet
  facet normal 0 0 -1
    outer loop
      vertex 50.3 28.6 0
      vertex 47.7 28.6 0
      vertex 50.3034 28.6686 0
    endloop
  endfacet
  facet normal 0 0 -1
    outer loop
      vertex 47.6966 28.6686 0
      vertex 50.3034 28.6686 0
      vertex 47.7 28.6 0
    endloop
  endfacet
  facet normal 0 0 -1
    outer loop
      vertex 50.3034 28.6686 0
      vertex 47.6966 28.6686 0
      vertex 50.3134 28.7366 0
    endloop
  endfacet
  facet normal 0 0 -1
    outer loop
      vertex 47.6865 28.7366 0
      vertex 50.3134 28.7366 0
      vertex 47.6966 28.6686 0
    endloop
  endfacet
  facet normal 0 0 -1
    outer loop
      vertex 50.3134 28.7366 0
      vertex 47.6865 28.7366 0
      vertex 50.3301 28.8032 0
    endloop
  endfacet
  facet normal 0 0 -1
    outer loop
      vertex 47.6699 28.8032 0
      vertex 50.3301 28.8032 0
      vertex 47.6865 28.7366 0
    endloop
  endfacet
  facet normal 0 0 -1
    outer loop
      vertex 50.3301 28.8032 0
      vertex 47.6699 28.8032 0
      vertex 50.3533 28.8679 0
    endloop
  endfacet
  facet normal 0 0 -1
    outer loop
      vertex 47.6467 28.8679 0
      vertex 50.3533 28.8679 0
      vertex 47.6699 28.8032 0
    endloop
  endfacet
  facet normal 0 0 -1
    outer loop
      vertex 50.3533 28.8679 0
      vertex 47.6467 28.8679 0
      vertex 50.3826 28.93 0
    endloop
  endfacet
  facet normal 0 0 -1
    outer loop
      vertex 47.6173 28.93 0
      vertex 50.3826 28.93 0
      vertex 47.6467 28.8679 0
    endloop
  endfacet
  facet normal 0 0 -1
    outer loop
      vertex 47.582 28.9889 0
      vertex 50.3826 28.93 0
      vertex 47.6173 28.93 0
    endloop
  endfacet
  facet normal 0 0 -1
    outer loop
      vertex 50.418 28.9889 0
      vertex 47.582 28.9889 0
      vertex 47.5411 29.0441 0
    endloop
  endfacet
  facet normal 0 0 -1
    outer loop
      vertex 50.4589 29.0441 0
      vertex 47.5411 29.0441 0
      vertex 47.495 29.095 0
    endloop
  endfacet
  facet normal 0 0 -1
    outer loop
      vertex 50.505 29.095 0
      vertex 47.495 29.095 0
      vertex 47.4441 29.1411 0
    endloop
  endfacet
  facet normal 0 0 -1
    outer loop
      vertex 50.5559 29.1411 0
      vertex 47.4441 29.1411 0
      vertex 47.3889 29.182 0
    endloop
  endfacet
  facet normal 0 0 -1
    outer loop
      vertex 50.6111 29.182 0
      vertex 47.3889 29.182 0
      vertex 47.33 29.2173 0
    endloop
  endfacet
  facet normal 0 0 -1
    outer loop
      vertex 50.67 29.2173 0
      vertex 47.33 29.2173 0
      vertex 47.2679 29.2467 0
    endloop
  endfacet
  facet normal 0 0 -1
    outer loop
      vertex 50.7321 29.2467 0
      vertex 47.2679 29.2467 0
      vertex 47.2032 29.2698 0
    endloop
  endfacet
  facet normal 0 0 -1
    outer loop
      vertex 50.7968 29.2698 0
      vertex 47.2032 29.2698 0
      vertex 47.1366 29.2865 0
    endloop
  endfacet
  facet normal 0 0 -1
    outer loop
      vertex 47.0686 29.2966 0
      vertex 57 40.9 0
      vertex 47.1366 29.2865 0
    endloop
  endfacet
  facet normal 0 0 -1
    outer loop
      vertex 47 29.3 0
      vertex 57 40.9 0
      vertex 47.0686 29.2966 0
    endloop
  endfacet
  facet normal 0 0 -1
    outer loop
      vertex 46.9314 29.2966 0
      vertex 57 40.9 0
      vertex 47 29.3 0
    endloop
  endfacet
  facet normal 0 0 -1
    outer loop
      vertex 46.8634 29.2865 0
      vertex 57 40.9 0
      vertex 46.9314 29.2966 0
    endloop
  endfacet
  facet normal 0 0 -1
    outer loop
      vertex 43.1366 29.2865 0
      vertex 57 40.9 0
      vertex 46.8634 29.2865 0
    endloop
  endfacet
  facet normal 0 0 -1
    outer loop
      vertex 43.1366 29.2865 0
      vertex 46.8634 29.2865 0
      vertex 46.7968 29.2698 0
    endloop
  endfacet
  facet normal 0 0 -1
    outer loop
      vertex 43.2032 29.2698 0
      vertex 46.7968 29.2698 0
      vertex 46.7321 29.2467 0
    endloop
  endfacet
  facet normal 0 0 -1
    outer loop
      vertex 43.2679 29.2467 0
      vertex 46.7321 29.2467 0
      vertex 46.67 29.2173 0
    endloop
  endfacet
  facet normal 0 0 -1
    outer loop
      vertex 43.33 29.2173 0
      vertex 46.67 29.2173 0
      vertex 46.6111 29.182 0
    endloop
  endfacet
  facet normal 0 0 -1
    outer loop
      vertex 43.3889 29.182 0
      vertex 46.6111 29.182 0
      vertex 46.5559 29.1411 0
    endloop
  endfacet
  facet normal 0 0 -1
    outer loop
      vertex 43.4441 29.1411 0
      vertex 46.5559 29.1411 0
      vertex 46.505 29.095 0
    endloop
  endfacet
  facet normal 0 0 -1
    outer loop
      vertex 43.495 29.095 0
      vertex 46.505 29.095 0
      vertex 46.4589 29.0441 0
    endloop
  endfacet
  facet normal -0 0 -1
    outer loop
      vertex 46.5236 9.22151 0
      vertex 45.1181 8.83328 0
      vertex 44.5535 9.22151 0
    endloop
  endfacet
  facet normal 0 0 -1
    outer loop
      vertex 45.1181 8.54507 0
      vertex 46.0771 7.2041 0
      vertex 45.7466 7.2041 0
    endloop
  endfacet
  facet normal 0 0 -1
    outer loop
      vertex 45.7466 6.83282 0
      vertex 45.1876 7.09219 0
      vertex 45.7466 7.2041 0
    endloop
  endfacet
  facet normal 0 0 -1
    outer loop
      vertex 45.1181 8.54507 0
      vertex 45.7466 7.2041 0
      vertex 45.1876 7.09219 0
    endloop
  endfacet
  facet normal 0 0 -1
    outer loop
      vertex 46.3134 17.8634 0
      vertex 43.7 18 0
      vertex 46.3034 17.9314 0
    endloop
  endfacet
  facet normal 0 0 -1
    outer loop
      vertex 46.5236 8.97398 0
      vertex 45.1181 8.54507 0
      vertex 45.1181 8.83328 0
    endloop
  endfacet
  facet normal 0 0 -1
    outer loop
      vertex 46.3 18 0
      vertex 43.7 18 0
      vertex 46.3 28.6 0
    endloop
  endfacet
  facet normal 0 0 -1
    outer loop
      vertex 46.3034 17.9314 0
      vertex 43.7 18 0
      vertex 46.3 18 0
    endloop
  endfacet
  facet normal 0 0 -1
    outer loop
      vertex 46.6111 17.418 0
      vertex 43.7 18 0
      vertex 46.5559 17.4589 0
    endloop
  endfacet
  facet normal 0 0 -1
    outer loop
      vertex 43.7 28.6 0
      vertex 46.3 28.6 0
      vertex 43.7 18 0
    endloop
  endfacet
  facet normal 0 0 -1
    outer loop
      vertex 46.3 28.6 0
      vertex 43.7 28.6 0
      vertex 46.3034 28.6686 0
    endloop
  endfacet
  facet normal 0 0 -1
    outer loop
      vertex 43.6966 28.6686 0
      vertex 46.3034 28.6686 0
      vertex 43.7 28.6 0
    endloop
  endfacet
  facet normal 0 0 -1
    outer loop
      vertex 46.3034 28.6686 0
      vertex 43.6966 28.6686 0
      vertex 46.3134 28.7366 0
    endloop
  endfacet
  facet normal 0 0 -1
    outer loop
      vertex 43.6865 28.7366 0
      vertex 46.3134 28.7366 0
      vertex 43.6966 28.6686 0
    endloop
  endfacet
  facet normal 0 0 -1
    outer loop
      vertex 46.3134 28.7366 0
      vertex 43.6865 28.7366 0
      vertex 46.3301 28.8032 0
    endloop
  endfacet
  facet normal 0 0 -1
    outer loop
      vertex 43.6699 28.8032 0
      vertex 46.3301 28.8032 0
      vertex 43.6865 28.7366 0
    endloop
  endfacet
  facet normal 0 0 -1
    outer loop
      vertex 46.3301 28.8032 0
      vertex 43.6699 28.8032 0
      vertex 46.3533 28.8679 0
    endloop
  endfacet
  facet normal 0 0 -1
    outer loop
      vertex 43.6467 28.8679 0
      vertex 46.3533 28.8679 0
      vertex 43.6699 28.8032 0
    endloop
  endfacet
  facet normal 0 0 -1
    outer loop
      vertex 46.3533 28.8679 0
      vertex 43.6467 28.8679 0
      vertex 46.3826 28.93 0
    endloop
  endfacet
  facet normal 0 0 -1
    outer loop
      vertex 43.6173 28.93 0
      vertex 46.3826 28.93 0
      vertex 43.6467 28.8679 0
    endloop
  endfacet
  facet normal 0 0 -1
    outer loop
      vertex 46.3826 28.93 0
      vertex 43.6173 28.93 0
      vertex 46.418 28.9889 0
    endloop
  endfacet
  facet normal 0 0 -1
    outer loop
      vertex 43.582 28.9889 0
      vertex 46.418 28.9889 0
      vertex 43.6173 28.93 0
    endloop
  endfacet
  facet normal 0 0 -1
    outer loop
      vertex 46.418 28.9889 0
      vertex 43.582 28.9889 0
      vertex 46.4589 29.0441 0
    endloop
  endfacet
  facet normal 0 0 -1
    outer loop
      vertex 43.5411 29.0441 0
      vertex 46.4589 29.0441 0
      vertex 43.582 28.9889 0
    endloop
  endfacet
  facet normal 0 0 -1
    outer loop
      vertex 43.495 29.095 0
      vertex 46.4589 29.0441 0
      vertex 43.5411 29.0441 0
    endloop
  endfacet
  facet normal 0 0 -1
    outer loop
      vertex 46.505 29.095 0
      vertex 43.495 29.095 0
      vertex 43.4441 29.1411 0
    endloop
  endfacet
  facet normal 0 0 -1
    outer loop
      vertex 46.5559 29.1411 0
      vertex 43.4441 29.1411 0
      vertex 43.3889 29.182 0
    endloop
  endfacet
  facet normal 0 0 -1
    outer loop
      vertex 46.6111 29.182 0
      vertex 43.3889 29.182 0
      vertex 43.33 29.2173 0
    endloop
  endfacet
  facet normal 0 0 -1
    outer loop
      vertex 46.67 29.2173 0
      vertex 43.33 29.2173 0
      vertex 43.2679 29.2467 0
    endloop
  endfacet
  facet normal 0 0 -1
    outer loop
      vertex 46.7321 29.2467 0
      vertex 43.2679 29.2467 0
      vertex 43.2032 29.2698 0
    endloop
  endfacet
  facet normal 0 0 -1
    outer loop
      vertex 46.7968 29.2698 0
      vertex 43.2032 29.2698 0
      vertex 43.1366 29.2865 0
    endloop
  endfacet
  facet normal -0 0 -1
    outer loop
      vertex 57 40.9 0
      vertex 43.1366 29.2865 0
      vertex 57 41.7 0
    endloop
  endfacet
  facet normal 0 0 -1
    outer loop
      vertex 43.0686 29.2966 0
      vertex 57 41.7 0
      vertex 43.1366 29.2865 0
    endloop
  endfacet
  facet normal 0 0 -1
    outer loop
      vertex 43 29.3 0
      vertex 57 41.7 0
      vertex 43.0686 29.2966 0
    endloop
  endfacet
  facet normal 0 0 -1
    outer loop
      vertex 29 41.7 0
      vertex 43 29.3 0
      vertex 42.9314 29.2966 0
    endloop
  endfacet
  facet normal 0 0 -1
    outer loop
      vertex 29 41.7 0
      vertex 42.9314 29.2966 0
      vertex 42.8634 29.2865 0
    endloop
  endfacet
  facet normal 0 0 -1
    outer loop
      vertex 39.1366 29.2865 0
      vertex 42.8634 29.2865 0
      vertex 42.7968 29.2698 0
    endloop
  endfacet
  facet normal 0 0 -1
    outer loop
      vertex 39.2032 29.2698 0
      vertex 42.7968 29.2698 0
      vertex 42.7321 29.2467 0
    endloop
  endfacet
  facet normal 0 0 -1
    outer loop
      vertex 39.2679 29.2467 0
      vertex 42.7321 29.2467 0
      vertex 42.67 29.2173 0
    endloop
  endfacet
  facet normal 0 0 -1
    outer loop
      vertex 39.33 29.2173 0
      vertex 42.67 29.2173 0
      vertex 42.6111 29.182 0
    endloop
  endfacet
  facet normal 0 0 -1
    outer loop
      vertex 39.3889 29.182 0
      vertex 42.6111 29.182 0
      vertex 42.5559 29.1411 0
    endloop
  endfacet
  facet normal -0 0 -1
    outer loop
      vertex 42.67 17.3826 0
      vertex 41.3959 9.22263 0
      vertex 42.6111 17.418 0
    endloop
  endfacet
  facet normal 0 0 -1
    outer loop
      vertex 39.7 18 0
      vertex 42.6111 17.418 0
      vertex 41.3959 9.22263 0
    endloop
  endfacet
  facet normal 0 0 -1
    outer loop
      vertex 42.5559 17.4589 0
      vertex 39.7 18 0
      vertex 42.505 17.505 0
    endloop
  endfacet
  facet normal 0 0 -1
    outer loop
      vertex 42.505 17.505 0
      vertex 39.7 18 0
      vertex 42.4589 17.5559 0
    endloop
  endfacet
  facet normal 0 0 -1
    outer loop
      vertex 42.4589 17.5559 0
      vertex 39.7 18 0
      vertex 42.418 17.6111 0
    endloop
  endfacet
  facet normal 0 0 -1
    outer loop
      vertex 42.418 17.6111 0
      vertex 39.7 18 0
      vertex 42.3826 17.67 0
    endloop
  endfacet
  facet normal 0 0 -1
    outer loop
      vertex 42.3826 17.67 0
      vertex 39.7 18 0
      vertex 42.3533 17.7321 0
    endloop
  endfacet
  facet normal 0 0 -1
    outer loop
      vertex 42.3533 17.7321 0
      vertex 39.7 18 0
      vertex 42.3301 17.7968 0
    endloop
  endfacet
  facet normal 0 0 -1
    outer loop
      vertex 42.3134 17.8634 0
      vertex 39.7 18 0
      vertex 42.3034 17.9314 0
    endloop
  endfacet
  facet normal 0 0 -1
    outer loop
      vertex 42.3034 17.9314 0
      vertex 39.7 18 0
      vertex 42.3 18 0
    endloop
  endfacet
  facet normal 0 0 -1
    outer loop
      vertex 42.3301 17.7968 0
      vertex 39.7 18 0
      vertex 42.3134 17.8634 0
    endloop
  endfacet
  facet normal 0 0 -1
    outer loop
      vertex 42.6111 17.418 0
      vertex 39.7 18 0
      vertex 42.5559 17.4589 0
    endloop
  endfacet
  facet normal 0 0 -1
    outer loop
      vertex 39.7 18 0
      vertex 41.3959 9.22263 0
      vertex 41.3212 9.19582 0
    endloop
  endfacet
  facet normal 0 0 -1
    outer loop
      vertex 42.3 18 0
      vertex 39.7 18 0
      vertex 42.3 28.6 0
    endloop
  endfacet
  facet normal 0 0 -1
    outer loop
      vertex 39.7 18 0
      vertex 41.3212 9.19582 0
      vertex 41.252 9.16135 0
    endloop
  endfacet
  facet normal 0 0 -1
    outer loop
      vertex 39.7 18 0
      vertex 41.252 9.16135 0
      vertex 41.1882 9.11922 0
    endloop
  endfacet
  facet normal 0 0 -1
    outer loop
      vertex 39.7 18 0
      vertex 41.1882 9.11922 0
      vertex 41.1299 9.06943 0
    endloop
  endfacet
  facet normal 0 0 -1
    outer loop
      vertex 39.7 18 0
      vertex 41.1299 9.06943 0
      vertex 41.0771 9.01196 0
    endloop
  endfacet
  facet normal 0 0 -1
    outer loop
      vertex 39.7 18 0
      vertex 41.0771 9.01196 0
      vertex 41.0297 8.94685 0
    endloop
  endfacet
  facet normal 0 0 -1
    outer loop
      vertex 39.7 18 0
      vertex 41.0297 8.94685 0
      vertex 40.9876 8.87424 0
    endloop
  endfacet
  facet normal 0 0 -1
    outer loop
      vertex 39.7 18 0
      vertex 40.9876 8.87424 0
      vertex 40.9504 8.79424 0
    endloop
  endfacet
  facet normal 0 0 -1
    outer loop
      vertex 39.7 18 0
      vertex 40.9504 8.79424 0
      vertex 40.9181 8.70688 0
    endloop
  endfacet
  facet normal 0 0 -1
    outer loop
      vertex 39.7 18 0
      vertex 40.9181 8.70688 0
      vertex 40.8909 8.61215 0
    endloop
  endfacet
  facet normal 0 0 -1
    outer loop
      vertex 39.7 18 0
      vertex 40.8909 8.61215 0
      vertex 40.8685 8.51006 0
    endloop
  endfacet
  facet normal 0 0 -1
    outer loop
      vertex 39.7 18 0
      vertex 40.8685 8.51006 0
      vertex 40.8512 8.4006 0
    endloop
  endfacet
  facet normal 0 0 -1
    outer loop
      vertex 39.7 18 0
      vertex 40.8512 8.4006 0
      vertex 40.8388 8.28377 0
    endloop
  endfacet
  facet normal 0 0 -1
    outer loop
      vertex 39.7 18 0
      vertex 40.8313 8.15958 0
      vertex 40.8288 8.028 0
    endloop
  endfacet
  facet normal 0 0 -1
    outer loop
      vertex 39.7 18 0
      vertex 40.8388 8.28377 0
      vertex 40.8313 8.15958 0
    endloop
  endfacet
  facet normal 0 0 -1
    outer loop
      vertex 39.7 28.6 0
      vertex 42.3 28.6 0
      vertex 39.7 18 0
    endloop
  endfacet
  facet normal 0 0 -1
    outer loop
      vertex 42.3 28.6 0
      vertex 39.7 28.6 0
      vertex 42.3034 28.6686 0
    endloop
  endfacet
  facet normal 0 0 -1
    outer loop
      vertex 39.6966 28.6686 0
      vertex 42.3034 28.6686 0
      vertex 39.7 28.6 0
    endloop
  endfacet
  facet normal 0 0 -1
    outer loop
      vertex 42.3034 28.6686 0
      vertex 39.6966 28.6686 0
      vertex 42.3134 28.7366 0
    endloop
  endfacet
  facet normal 0 0 -1
    outer loop
      vertex 39.6865 28.7366 0
      vertex 42.3134 28.7366 0
      vertex 39.6966 28.6686 0
    endloop
  endfacet
  facet normal 0 0 -1
    outer loop
      vertex 42.3134 28.7366 0
      vertex 39.6865 28.7366 0
      vertex 42.3301 28.8032 0
    endloop
  endfacet
  facet normal 0 0 -1
    outer loop
      vertex 39.6699 28.8032 0
      vertex 42.3301 28.8032 0
      vertex 39.6865 28.7366 0
    endloop
  endfacet
  facet normal 0 0 -1
    outer loop
      vertex 42.3301 28.8032 0
      vertex 39.6699 28.8032 0
      vertex 42.3533 28.8679 0
    endloop
  endfacet
  facet normal 0 0 -1
    outer loop
      vertex 39.6467 28.8679 0
      vertex 42.3533 28.8679 0
      vertex 39.6699 28.8032 0
    endloop
  endfacet
  facet normal 0 0 -1
    outer loop
      vertex 42.3533 28.8679 0
      vertex 39.6467 28.8679 0
      vertex 42.3826 28.93 0
    endloop
  endfacet
  facet normal 0 0 -1
    outer loop
      vertex 39.6173 28.93 0
      vertex 42.3826 28.93 0
      vertex 39.6467 28.8679 0
    endloop
  endfacet
  facet normal 0 0 -1
    outer loop
      vertex 42.3826 28.93 0
      vertex 39.6173 28.93 0
      vertex 42.418 28.9889 0
    endloop
  endfacet
  facet normal 0 0 -1
    outer loop
      vertex 39.582 28.9889 0
      vertex 42.418 28.9889 0
      vertex 39.6173 28.93 0
    endloop
  endfacet
  facet normal 0 0 -1
    outer loop
      vertex 42.418 28.9889 0
      vertex 39.582 28.9889 0
      vertex 42.4589 29.0441 0
    endloop
  endfacet
  facet normal 0 0 -1
    outer loop
      vertex 39.5411 29.0441 0
      vertex 42.4589 29.0441 0
      vertex 39.582 28.9889 0
    endloop
  endfacet
  facet normal 0 0 -1
    outer loop
      vertex 42.4589 29.0441 0
      vertex 39.5411 29.0441 0
      vertex 42.505 29.095 0
    endloop
  endfacet
  facet normal 0 0 -1
    outer loop
      vertex 39.495 29.095 0
      vertex 42.505 29.095 0
      vertex 39.5411 29.0441 0
    endloop
  endfacet
  facet normal 0 0 -1
    outer loop
      vertex 42.505 29.095 0
      vertex 39.495 29.095 0
      vertex 42.5559 29.1411 0
    endloop
  endfacet
  facet normal 0 0 -1
    outer loop
      vertex 39.4441 29.1411 0
      vertex 42.5559 29.1411 0
      vertex 39.495 29.095 0
    endloop
  endfacet
  facet normal 0 0 -1
    outer loop
      vertex 39.3889 29.182 0
      vertex 42.5559 29.1411 0
      vertex 39.4441 29.1411 0
    endloop
  endfacet
  facet normal 0 0 -1
    outer loop
      vertex 42.6111 29.182 0
      vertex 39.3889 29.182 0
      vertex 39.33 29.2173 0
    endloop
  endfacet
  facet normal 0 0 -1
    outer loop
      vertex 42.67 29.2173 0
      vertex 39.33 29.2173 0
      vertex 39.2679 29.2467 0
    endloop
  endfacet
  facet normal 0 0 -1
    outer loop
      vertex 42.7321 29.2467 0
      vertex 39.2679 29.2467 0
      vertex 39.2032 29.2698 0
    endloop
  endfacet
  facet normal 0 0 -1
    outer loop
      vertex 42.7968 29.2698 0
      vertex 39.2032 29.2698 0
      vertex 39.1366 29.2865 0
    endloop
  endfacet
  facet normal 0 0 -1
    outer loop
      vertex 42.8634 29.2865 0
      vertex 39.1366 29.2865 0
      vertex 29 40.9 0
    endloop
  endfacet
  facet normal 0 0 -1
    outer loop
      vertex 29 40.9 0
      vertex 39.1366 29.2865 0
      vertex 39.0686 29.2966 0
    endloop
  endfacet
  facet normal 0 0 -1
    outer loop
      vertex 29 40.9 0
      vertex 39.0686 29.2966 0
      vertex 39 29.3 0
    endloop
  endfacet
  facet normal 0 0 -1
    outer loop
      vertex 29 40.9 0
      vertex 39 29.3 0
      vertex 38.9314 29.2966 0
    endloop
  endfacet
  facet normal 0 0 -1
    outer loop
      vertex 29 40.9 0
      vertex 38.9314 29.2966 0
      vertex 38.8634 29.2865 0
    endloop
  endfacet
  facet normal 0 0 -1
    outer loop
      vertex 35.1366 29.2865 0
      vertex 38.8634 29.2865 0
      vertex 38.7968 29.2698 0
    endloop
  endfacet
  facet normal 0 0 -1
    outer loop
      vertex 35.2032 29.2698 0
      vertex 38.7968 29.2698 0
      vertex 38.7321 29.2467 0
    endloop
  endfacet
  facet normal 0 0 -1
    outer loop
      vertex 35.2679 29.2467 0
      vertex 38.7321 29.2467 0
      vertex 38.67 29.2173 0
    endloop
  endfacet
  facet normal 0 0 -1
    outer loop
      vertex 35.33 29.2173 0
      vertex 38.67 29.2173 0
      vertex 38.6111 29.182 0
    endloop
  endfacet
  facet normal 0 0 -1
    outer loop
      vertex 37.59 9.22151 0
      vertex 37.9806 7.09729 0
      vertex 37.59 6.83282 0
    endloop
  endfacet
  facet normal 0 0 -1
    outer loop
      vertex 35.6966 17.9314 0
      vertex 38.3134 17.8634 0
      vertex 38.3301 17.7968 0
    endloop
  endfacet
  facet normal 0 0 -1
    outer loop
      vertex 38.3034 17.9314 0
      vertex 35.7 18 0
      vertex 38.3 18 0
    endloop
  endfacet
  facet normal 0 0 -1
    outer loop
      vertex 38.3 18 0
      vertex 35.7 18 0
      vertex 38.3 28.6 0
    endloop
  endfacet
  facet normal 0 0 -1
    outer loop
      vertex 36.6835 9.22151 0
      vertex 37.2662 9.22151 0
      vertex 36.6835 6.83282 0
    endloop
  endfacet
  facet normal 0 0 -1
    outer loop
      vertex 35.6966 17.9314 0
      vertex 38.3034 17.9314 0
      vertex 38.3134 17.8634 0
    endloop
  endfacet
  facet normal 0 0 -1
    outer loop
      vertex 35.6966 17.9314 0
      vertex 36.6835 9.22151 0
      vertex 35.8935 9.22151 0
    endloop
  endfacet
  facet normal 0 0 -1
    outer loop
      vertex 35.1366 17.3134 0
      vertex 35.8935 9.22151 0
      vertex 35.7621 9.21774 0
    endloop
  endfacet
  facet normal 0 0 -1
    outer loop
      vertex 35.7 28.6 0
      vertex 38.3 28.6 0
      vertex 35.7 18 0
    endloop
  endfacet
  facet normal 0 0 -1
    outer loop
      vertex 38.3 28.6 0
      vertex 35.7 28.6 0
      vertex 38.3034 28.6686 0
    endloop
  endfacet
  facet normal 0 0 -1
    outer loop
      vertex 35.6966 28.6686 0
      vertex 38.3034 28.6686 0
      vertex 35.7 28.6 0
    endloop
  endfacet
  facet normal 0 0 -1
    outer loop
      vertex 38.3034 28.6686 0
      vertex 35.6966 28.6686 0
      vertex 38.3134 28.7366 0
    endloop
  endfacet
  facet normal 0 0 -1
    outer loop
      vertex 35.6865 28.7366 0
      vertex 38.3134 28.7366 0
      vertex 35.6966 28.6686 0
    endloop
  endfacet
  facet normal 0 0 -1
    outer loop
      vertex 38.3134 28.7366 0
      vertex 35.6865 28.7366 0
      vertex 38.3301 28.8032 0
    endloop
  endfacet
  facet normal 0 0 -1
    outer loop
      vertex 35.6699 28.8032 0
      vertex 38.3301 28.8032 0
      vertex 35.6865 28.7366 0
    endloop
  endfacet
  facet normal 0 0 -1
    outer loop
      vertex 38.3301 28.8032 0
      vertex 35.6699 28.8032 0
      vertex 38.3533 28.8679 0
    endloop
  endfacet
  facet normal 0 0 -1
    outer loop
      vertex 35.6467 28.8679 0
      vertex 38.3533 28.8679 0
      vertex 35.6699 28.8032 0
    endloop
  endfacet
  facet normal 0 0 -1
    outer loop
      vertex 38.3533 28.8679 0
      vertex 35.6467 28.8679 0
      vertex 38.3826 28.93 0
    endloop
  endfacet
  facet normal 0 0 -1
    outer loop
      vertex 35.6173 28.93 0
      vertex 38.3826 28.93 0
      vertex 35.6467 28.8679 0
    endloop
  endfacet
  facet normal 0 0 -1
    outer loop
      vertex 38.3826 28.93 0
      vertex 35.6173 28.93 0
      vertex 38.418 28.9889 0
    endloop
  endfacet
  facet normal 0 0 -1
    outer loop
      vertex 35.582 28.9889 0
      vertex 38.418 28.9889 0
      vertex 35.6173 28.93 0
    endloop
  endfacet
  facet normal 0 0 -1
    outer loop
      vertex 38.418 28.9889 0
      vertex 35.582 28.9889 0
      vertex 38.4589 29.0441 0
    endloop
  endfacet
  facet normal 0 0 -1
    outer loop
      vertex 35.5411 29.0441 0
      vertex 38.4589 29.0441 0
      vertex 35.582 28.9889 0
    endloop
  endfacet
  facet normal 0 0 -1
    outer loop
      vertex 38.4589 29.0441 0
      vertex 35.5411 29.0441 0
      vertex 38.505 29.095 0
    endloop
  endfacet
  facet normal 0 0 -1
    outer loop
      vertex 35.495 29.095 0
      vertex 38.505 29.095 0
      vertex 35.5411 29.0441 0
    endloop
  endfacet
  facet normal 0 0 -1
    outer loop
      vertex 38.505 29.095 0
      vertex 35.495 29.095 0
      vertex 38.5559 29.1411 0
    endloop
  endfacet
  facet normal 0 0 -1
    outer loop
      vertex 35.4441 29.1411 0
      vertex 38.5559 29.1411 0
      vertex 35.495 29.095 0
    endloop
  endfacet
  facet normal 0 0 -1
    outer loop
      vertex 38.5559 29.1411 0
      vertex 35.4441 29.1411 0
      vertex 38.6111 29.182 0
    endloop
  endfacet
  facet normal 0 0 -1
    outer loop
      vertex 35.3889 29.182 0
      vertex 38.6111 29.182 0
      vertex 35.4441 29.1411 0
    endloop
  endfacet
  facet normal 0 0 -1
    outer loop
      vertex 35.33 29.2173 0
      vertex 38.6111 29.182 0
      vertex 35.3889 29.182 0
    endloop
  endfacet
  facet normal 0 0 -1
    outer loop
      vertex 38.67 29.2173 0
      vertex 35.33 29.2173 0
      vertex 35.2679 29.2467 0
    endloop
  endfacet
  facet normal 0 0 -1
    outer loop
      vertex 38.7321 29.2467 0
      vertex 35.2679 29.2467 0
      vertex 35.2032 29.2698 0
    endloop
  endfacet
  facet normal 0 0 -1
    outer loop
      vertex 38.7968 29.2698 0
      vertex 35.2032 29.2698 0
      vertex 35.1366 29.2865 0
    endloop
  endfacet
  facet normal 0 0 -1
    outer loop
      vertex 38.8634 29.2865 0
      vertex 35.1366 29.2865 0
      vertex 29 40.9 0
    endloop
  endfacet
  facet normal 0 0 -1
    outer loop
      vertex 29 34.3 0
      vertex 35.1366 29.2865 0
      vertex 35.0686 29.2966 0
    endloop
  endfacet
  facet normal 0 0 -1
    outer loop
      vertex 29 34.3 0
      vertex 35.0686 29.2966 0
      vertex 35 29.3 0
    endloop
  endfacet
  facet normal 0 0 -1
    outer loop
      vertex 29 34.3 0
      vertex 35 29.3 0
      vertex 34.9314 29.2966 0
    endloop
  endfacet
  facet normal 0 0 -1
    outer loop
      vertex 29 34.3 0
      vertex 34.9314 29.2966 0
      vertex 34.8634 29.2865 0
    endloop
  endfacet
  facet normal 0 0 -1
    outer loop
      vertex 29 33.5 0
      vertex 34.8634 29.2865 0
      vertex 34.7968 29.2698 0
    endloop
  endfacet
  facet normal 0 0 -1
    outer loop
      vertex 29 33.5 0
      vertex 34.7968 29.2698 0
      vertex 34.7321 29.2467 0
    endloop
  endfacet
  facet normal 0 0 -1
    outer loop
      vertex 29 33.5 0
      vertex 34.7321 29.2467 0
      vertex 34.67 29.2173 0
    endloop
  endfacet
  facet normal 0 0 -1
    outer loop
      vertex 35.1171 9.03741 0
      vertex 29 12.3 0
      vertex 29 13.1 0
    endloop
  endfacet
  facet normal -0 0 -1
    outer loop
      vertex 34.3034 17.9314 0
      vertex 29 13.1 0
      vertex 34.3 18 0
    endloop
  endfacet
  facet normal -0 0 -1
    outer loop
      vertex 34.3 18 0
      vertex 29 13.1 0
      vertex 34.3 28.6 0
    endloop
  endfacet
  facet normal 0 0 -1
    outer loop
      vertex 29 33.5 0
      vertex 34.3 28.6 0
      vertex 29 13.1 0
    endloop
  endfacet
  facet normal 0 0 -1
    outer loop
      vertex 34.3 28.6 0
      vertex 29 33.5 0
      vertex 34.3034 28.6686 0
    endloop
  endfacet
  facet normal 0 0 -1
    outer loop
      vertex 34.3034 28.6686 0
      vertex 29 33.5 0
      vertex 34.3134 28.7366 0
    endloop
  endfacet
  facet normal 0 0 -1
    outer loop
      vertex 34.3134 28.7366 0
      vertex 29 33.5 0
      vertex 34.3301 28.8032 0
    endloop
  endfacet
  facet normal 0 0 -1
    outer loop
      vertex 29 33.5 0
      vertex 34.3533 28.8679 0
      vertex 34.3301 28.8032 0
    endloop
  endfacet
  facet normal 0 0 -1
    outer loop
      vertex 29 33.5 0
      vertex 34.3826 28.93 0
      vertex 34.3533 28.8679 0
    endloop
  endfacet
  facet normal 0 0 -1
    outer loop
      vertex 29 33.5 0
      vertex 34.418 28.9889 0
      vertex 34.3826 28.93 0
    endloop
  endfacet
  facet normal 0 0 -1
    outer loop
      vertex 29 33.5 0
      vertex 34.4589 29.0441 0
      vertex 34.418 28.9889 0
    endloop
  endfacet
  facet normal 0 0 -1
    outer loop
      vertex 29 33.5 0
      vertex 34.505 29.095 0
      vertex 34.4589 29.0441 0
    endloop
  endfacet
  facet normal 0 0 -1
    outer loop
      vertex 29 33.5 0
      vertex 34.5559 29.1411 0
      vertex 34.505 29.095 0
    endloop
  endfacet
  facet normal 0 0 -1
    outer loop
      vertex 29 33.5 0
      vertex 34.6111 29.182 0
      vertex 34.5559 29.1411 0
    endloop
  endfacet
  facet normal 0 0 -1
    outer loop
      vertex 29 33.5 0
      vertex 34.67 29.2173 0
      vertex 34.6111 29.182 0
    endloop
  endfacet
  facet normal 0 0 -1
    outer loop
      vertex 34.8634 29.2865 0
      vertex 29 33.5 0
      vertex 29 34.3 0
    endloop
  endfacet
  facet normal 0 0 -1
    outer loop
      vertex 35.1366 29.2865 0
      vertex 29 34.3 0
      vertex 29 40.9 0
    endloop
  endfacet
  facet normal 0 0 -1
    outer loop
      vertex 42.8634 29.2865 0
      vertex 29 40.9 0
      vertex 29 41.7 0
    endloop
  endfacet
  facet normal 0 0 -1
    outer loop
      vertex 43 29.3 0
      vertex 29 41.7 0
      vertex 57 41.7 0
    endloop
  endfacet
  facet normal 0 0 -1
    outer loop
      vertex 57 41.7 0
      vertex 29 41.7 0
      vertex 83 46.6 0
    endloop
  endfacet
  facet normal 0 0 -1
    outer loop
      vertex 3 46.6 0
      vertex 29 41.7 0
      vertex 5 41.7 0
    endloop
  endfacet
  facet normal 0 0 -1
    outer loop
      vertex 29 41.7 0
      vertex 3 46.6 0
      vertex 83 46.6 0
    endloop
  endfacet
  facet normal 0 0 -1
    outer loop
      vertex 0 43.6 0
      vertex 5 33.5 0
      vertex 0 3 0
    endloop
  endfacet
  facet normal 0 0 -1
    outer loop
      vertex 2.41472 0.0576324 0
      vertex 5 4.9 0
      vertex 2.70595 0.0144348 0
    endloop
  endfacet
  facet normal 0 0 -1
    outer loop
      vertex 5 33.5 0
      vertex 0 43.6 0
      vertex 5 41.7 0
    endloop
  endfacet
  facet normal 0 0 -1
    outer loop
      vertex 2.12914 0.129166 0
      vertex 5 4.9 0
      vertex 2.41472 0.0576324 0
    endloop
  endfacet
  facet normal 0 -0 -1
    outer loop
      vertex 0.228348 44.748 0
      vertex 5 41.7 0
      vertex 0 43.6 0
    endloop
  endfacet
  facet normal 0 0 -1
    outer loop
      vertex 1.85194 0.228348 0
      vertex 5 4.9 0
      vertex 2.12914 0.129166 0
    endloop
  endfacet
  facet normal 0 0 -1
    outer loop
      vertex 5 41.7 0
      vertex 2.70595 46.5855 0
      vertex 3 46.6 0
    endloop
  endfacet
  facet normal 0 0 -1
    outer loop
      vertex 1.5858 0.354233 0
      vertex 5 4.9 0
      vertex 1.85194 0.228348 0
    endloop
  endfacet
  facet normal 0 0 -1
    outer loop
      vertex 5 41.7 0
      vertex 2.41472 46.5423 0
      vertex 2.70595 46.5855 0
    endloop
  endfacet
  facet normal 0 0 -1
    outer loop
      vertex 1.33328 0.505585 0
      vertex 5 4.9 0
      vertex 1.5858 0.354233 0
    endloop
  endfacet
  facet normal 0 0 -1
    outer loop
      vertex 5 41.7 0
      vertex 2.12914 46.4708 0
      vertex 2.41472 46.5423 0
    endloop
  endfacet
  facet normal 0 0 -1
    outer loop
      vertex 1.09682 0.680954 0
      vertex 5 4.9 0
      vertex 1.33328 0.505585 0
    endloop
  endfacet
  facet normal 0 0 -1
    outer loop
      vertex 5 41.7 0
      vertex 1.85194 46.3716 0
      vertex 2.12914 46.4708 0
    endloop
  endfacet
  facet normal 0 0 -1
    outer loop
      vertex 0.878677 0.878677 0
      vertex 5 4.9 0
      vertex 1.09682 0.680954 0
    endloop
  endfacet
  facet normal 0 0 -1
    outer loop
      vertex 5 41.7 0
      vertex 1.5858 46.2458 0
      vertex 1.85194 46.3716 0
    endloop
  endfacet
  facet normal 0 0 -1
    outer loop
      vertex 0.680954 1.09682 0
      vertex 5 4.9 0
      vertex 0.878677 0.878677 0
    endloop
  endfacet
  facet normal 0 0 -1
    outer loop
      vertex 5 41.7 0
      vertex 1.33328 46.0944 0
      vertex 1.5858 46.2458 0
    endloop
  endfacet
  facet normal 0 0 -1
    outer loop
      vertex 0.505585 1.33328 0
      vertex 5 4.9 0
      vertex 0.680954 1.09682 0
    endloop
  endfacet
  facet normal 0 0 -1
    outer loop
      vertex 5 41.7 0
      vertex 1.09682 45.919 0
      vertex 1.33328 46.0944 0
    endloop
  endfacet
  facet normal 0 0 -1
    outer loop
      vertex 0.354233 1.5858 0
      vertex 5 4.9 0
      vertex 0.505585 1.33328 0
    endloop
  endfacet
  facet normal 0 0 -1
    outer loop
      vertex 5 41.7 0
      vertex 0.878677 45.7213 0
      vertex 1.09682 45.919 0
    endloop
  endfacet
  facet normal 0 0 -1
    outer loop
      vertex 0.228348 1.85194 0
      vertex 5 4.9 0
      vertex 0.354233 1.5858 0
    endloop
  endfacet
  facet normal 0 0 -1
    outer loop
      vertex 5 41.7 0
      vertex 0.680954 45.5032 0
      vertex 0.878677 45.7213 0
    endloop
  endfacet
  facet normal 0 0 -1
    outer loop
      vertex 5 4.9 0
      vertex 0.228348 1.85194 0
      vertex 0 3 0
    endloop
  endfacet
  facet normal 0 0 -1
    outer loop
      vertex 5 41.7 0
      vertex 0.505585 45.2667 0
      vertex 0.680954 45.5032 0
    endloop
  endfacet
  facet normal 0 0 -1
    outer loop
      vertex 0 3 0
      vertex 0.228348 1.85194 0
      vertex 0.129166 2.12914 0
    endloop
  endfacet
  facet normal 0 0 -1
    outer loop
      vertex 5 41.7 0
      vertex 0.354233 45.0142 0
      vertex 0.505585 45.2667 0
    endloop
  endfacet
  facet normal 0 0 -1
    outer loop
      vertex 0 3 0
      vertex 0.129166 2.12914 0
      vertex 0.0576324 2.41472 0
    endloop
  endfacet
  facet normal 0 0 -1
    outer loop
      vertex 5 41.7 0
      vertex 0.228348 44.748 0
      vertex 0.354233 45.0142 0
    endloop
  endfacet
  facet normal 0 0 -1
    outer loop
      vertex 0 3 0
      vertex 0.0576324 2.41472 0
      vertex 0.0144348 2.70595 0
    endloop
  endfacet
  facet normal 0 0 -1
    outer loop
      vertex 0.228348 44.748 0
      vertex 0 43.6 0
      vertex 0.129166 44.4708 0
    endloop
  endfacet
  facet normal 0 0 -1
    outer loop
      vertex 0.129166 44.4708 0
      vertex 0 43.6 0
      vertex 0.0576324 44.1853 0
    endloop
  endfacet
  facet normal 0 0 -1
    outer loop
      vertex 0.0576324 44.1853 0
      vertex 0 43.6 0
      vertex 0.0144348 43.894 0
    endloop
  endfacet
  facet normal 0 0 -1
    outer loop
      vertex 57 5.7 0
      vertex 80.2 12.3 0
      vertex 80.2 5.7 0
    endloop
  endfacet
  facet normal -0 0 -1
    outer loop
      vertex 80.2 12.3 0
      vertex 57 5.7 0
      vertex 57 12.3 0
    endloop
  endfacet
  facet normal 0 0 -1
    outer loop
      vertex 57 34.3 0
      vertex 80.2 40.9 0
      vertex 80.2 34.3 0
    endloop
  endfacet
  facet normal -0 0 -1
    outer loop
      vertex 80.2 40.9 0
      vertex 57 34.3 0
      vertex 57 40.9 0
    endloop
  endfacet
  facet normal 0 0 -1
    outer loop
      vertex 57 13.1 0
      vertex 51.4441 17.4589 0
      vertex 51.495 17.505 0
    endloop
  endfacet
  facet normal 0 0 -1
    outer loop
      vertex 57 13.1 0
      vertex 51.3889 17.418 0
      vertex 51.4441 17.4589 0
    endloop
  endfacet
  facet normal 0 0 -1
    outer loop
      vertex 57 13.1 0
      vertex 51.33 17.3826 0
      vertex 51.3889 17.418 0
    endloop
  endfacet
  facet normal 0 0 -1
    outer loop
      vertex 57 13.1 0
      vertex 51.2679 17.3533 0
      vertex 51.33 17.3826 0
    endloop
  endfacet
  facet normal 0 0 -1
    outer loop
      vertex 51.4651 9.22151 0
      vertex 51.2032 17.3301 0
      vertex 51.2679 17.3533 0
    endloop
  endfacet
  facet normal 0 0 -1
    outer loop
      vertex 51.4651 9.22151 0
      vertex 51.1366 17.3134 0
      vertex 51.2032 17.3301 0
    endloop
  endfacet
  facet normal 0 0 -1
    outer loop
      vertex 51.0686 17.3034 0
      vertex 51.4651 9.22151 0
      vertex 51.1278 9.22151 0
    endloop
  endfacet
  facet normal 0 0 -1
    outer loop
      vertex 51.4651 9.22151 0
      vertex 51.0686 17.3034 0
      vertex 51.1366 17.3134 0
    endloop
  endfacet
  facet normal 0 0 -1
    outer loop
      vertex 51.1278 9.22151 0
      vertex 51 17.3 0
      vertex 51.0686 17.3034 0
    endloop
  endfacet
  facet normal 0 0 -1
    outer loop
      vertex 51.1278 9.22151 0
      vertex 50.9314 17.3034 0
      vertex 51 17.3 0
    endloop
  endfacet
  facet normal 0 0 -1
    outer loop
      vertex 49.9936 9.22151 0
      vertex 50.9314 17.3034 0
      vertex 51.1278 9.22151 0
    endloop
  endfacet
  facet normal -0 0 -1
    outer loop
      vertex 50.9314 17.3034 0
      vertex 49.9936 9.22151 0
      vertex 50.8634 17.3134 0
    endloop
  endfacet
  facet normal 0 0 -1
    outer loop
      vertex 49.9936 9.22151 0
      vertex 51.1278 9.22151 0
      vertex 50.0818 8.90887 0
    endloop
  endfacet
  facet normal 0 0 -1
    outer loop
      vertex 50.2925 8.15709 0
      vertex 51.1278 9.22151 0
      vertex 50.6989 7.70422 0
    endloop
  endfacet
  facet normal 0 0 -1
    outer loop
      vertex 50.4224 7.68449 0
      vertex 50.6989 7.70422 0
      vertex 50.6821 7.64072 0
    endloop
  endfacet
  facet normal 0 0 -1
    outer loop
      vertex 50.2312 8.37666 0
      vertex 51.1278 9.22151 0
      vertex 50.2925 8.15709 0
    endloop
  endfacet
  facet normal 0 0 -1
    outer loop
      vertex 50.4477 7.58899 0
      vertex 50.6821 7.64072 0
      vertex 50.6655 7.5768 0
    endloop
  endfacet
  facet normal 0 0 -1
    outer loop
      vertex 50.4641 7.52449 0
      vertex 50.6655 7.5768 0
      vertex 50.6493 7.51245 0
    endloop
  endfacet
  facet normal 0 0 -1
    outer loop
      vertex 50.4758 7.47594 0
      vertex 50.6493 7.51245 0
      vertex 50.6334 7.44769 0
    endloop
  endfacet
  facet normal 0 0 -1
    outer loop
      vertex 50.4872 7.42822 0
      vertex 50.6334 7.44769 0
      vertex 50.6178 7.38252 0
    endloop
  endfacet
  facet normal -0 0 -1
    outer loop
      vertex 50.8634 17.3134 0
      vertex 49.9936 9.22151 0
      vertex 50.7968 17.3301 0
    endloop
  endfacet
  facet normal 0 0 -1
    outer loop
      vertex 50.509 7.3353 0
      vertex 50.6178 7.38252 0
      vertex 50.6024 7.31693 0
    endloop
  endfacet
  facet normal 0 0 -1
    outer loop
      vertex 50.5195 7.2901 0
      vertex 50.6024 7.31693 0
      vertex 50.5874 7.25092 0
    endloop
  endfacet
  facet normal 0 0 -1
    outer loop
      vertex 50.5394 7.20219 0
      vertex 50.5874 7.25092 0
      vertex 50.5726 7.18449 0
    endloop
  endfacet
  facet normal 0 0 -1
    outer loop
      vertex 50.549 7.1595 0
      vertex 50.5726 7.18449 0
      vertex 50.5582 7.11765 0
    endloop
  endfacet
  facet normal 0 0 -1
    outer loop
      vertex 50.5394 7.20219 0
      vertex 50.5726 7.18449 0
      vertex 50.549 7.1595 0
    endloop
  endfacet
  facet normal 0 0 -1
    outer loop
      vertex 50.5874 7.25092 0
      vertex 50.5394 7.20219 0
      vertex 50.5296 7.24573 0
    endloop
  endfacet
  facet normal -0 0 -1
    outer loop
      vertex 50.5874 7.25092 0
      vertex 50.5296 7.24573 0
      vertex 50.5195 7.2901 0
    endloop
  endfacet
  facet normal -0 0 -1
    outer loop
      vertex 50.6024 7.31693 0
      vertex 50.5195 7.2901 0
      vertex 50.509 7.3353 0
    endloop
  endfacet
  facet normal 0 0 -1
    outer loop
      vertex 50.6178 7.38252 0
      vertex 50.509 7.3353 0
      vertex 50.4982 7.38135 0
    endloop
  endfacet
  facet normal -0 0 -1
    outer loop
      vertex 50.6178 7.38252 0
      vertex 50.4982 7.38135 0
      vertex 50.4872 7.42822 0
    endloop
  endfacet
  facet normal -0 0 -1
    outer loop
      vertex 50.6334 7.44769 0
      vertex 50.4872 7.42822 0
      vertex 50.4758 7.47594 0
    endloop
  endfacet
  facet normal -0 0 -1
    outer loop
      vertex 50.6493 7.51245 0
      vertex 50.4758 7.47594 0
      vertex 50.4641 7.52449 0
    endloop
  endfacet
  facet normal -0 0 -1
    outer loop
      vertex 50.6655 7.5768 0
      vertex 50.4641 7.52449 0
      vertex 50.4477 7.58899 0
    endloop
  endfacet
  facet normal -0 0 -1
    outer loop
      vertex 50.6821 7.64072 0
      vertex 50.4477 7.58899 0
      vertex 50.4224 7.68449 0
    endloop
  endfacet
  facet normal -0 0 -1
    outer loop
      vertex 50.6989 7.70422 0
      vertex 50.4224 7.68449 0
      vertex 50.388 7.811 0
    endloop
  endfacet
  facet normal 0 0 -1
    outer loop
      vertex 50.6989 7.70422 0
      vertex 50.388 7.811 0
      vertex 50.3448 7.96855 0
    endloop
  endfacet
  facet normal 0 0 -1
    outer loop
      vertex 50.6989 7.70422 0
      vertex 50.3448 7.96855 0
      vertex 50.2925 8.15709 0
    endloop
  endfacet
  facet normal 0 0 -1
    outer loop
      vertex 49.6834 9.22151 0
      vertex 50.7968 17.3301 0
      vertex 49.9936 9.22151 0
    endloop
  endfacet
  facet normal 0 0 -1
    outer loop
      vertex 50.0818 8.90887 0
      vertex 51.1278 9.22151 0
      vertex 50.161 8.62726 0
    endloop
  endfacet
  facet normal 0 0 -1
    outer loop
      vertex 50.161 8.62726 0
      vertex 51.1278 9.22151 0
      vertex 50.2312 8.37666 0
    endloop
  endfacet
  facet normal -0 0 -1
    outer loop
      vertex 50.7968 17.3301 0
      vertex 49.6834 9.22151 0
      vertex 50.7321 17.3533 0
    endloop
  endfacet
  facet normal 0 0 -1
    outer loop
      vertex 48.5526 9.22151 0
      vertex 50.7321 17.3533 0
      vertex 49.6834 9.22151 0
    endloop
  endfacet
  facet normal -0 0 -1
    outer loop
      vertex 50.7321 17.3533 0
      vertex 48.5526 9.22151 0
      vertex 50.67 17.3826 0
    endloop
  endfacet
  facet normal 0 0 -1
    outer loop
      vertex 47.6966 17.9314 0
      vertex 50.67 17.3826 0
      vertex 48.5526 9.22151 0
    endloop
  endfacet
  facet normal 0 0 -1
    outer loop
      vertex 50.67 17.3826 0
      vertex 47.6966 17.9314 0
      vertex 50.6111 17.418 0
    endloop
  endfacet
  facet normal 0 0 -1
    outer loop
      vertex 47.6966 17.9314 0
      vertex 50.5559 17.4589 0
      vertex 50.6111 17.418 0
    endloop
  endfacet
  facet normal 0 0 -1
    outer loop
      vertex 47.6966 17.9314 0
      vertex 50.505 17.505 0
      vertex 50.5559 17.4589 0
    endloop
  endfacet
  facet normal 0 0 -1
    outer loop
      vertex 47.6966 17.9314 0
      vertex 50.418 17.6111 0
      vertex 50.4589 17.5559 0
    endloop
  endfacet
  facet normal 0 0 -1
    outer loop
      vertex 47.6966 17.9314 0
      vertex 50.4589 17.5559 0
      vertex 50.505 17.505 0
    endloop
  endfacet
  facet normal 0 0 -1
    outer loop
      vertex 36.3597 7.09219 0
      vertex 35.9003 8.96213 0
      vertex 36.3597 8.96213 0
    endloop
  endfacet
  facet normal 0 0 -1
    outer loop
      vertex 35.8274 7.09219 0
      vertex 35.9003 8.96213 0
      vertex 36.3597 7.09219 0
    endloop
  endfacet
  facet normal 0 0 -1
    outer loop
      vertex 34.9539 7.98715 0
      vertex 35.9003 8.96213 0
      vertex 35.8274 7.09219 0
    endloop
  endfacet
  facet normal 0 0 -1
    outer loop
      vertex 34.9645 7.86375 0
      vertex 35.8274 7.09219 0
      vertex 35.7698 7.09361 0
    endloop
  endfacet
  facet normal 0 0 -1
    outer loop
      vertex 34.9645 7.86375 0
      vertex 35.7698 7.09361 0
      vertex 35.7138 7.09789 0
    endloop
  endfacet
  facet normal 0 0 -1
    outer loop
      vertex 35.9003 8.96213 0
      vertex 34.9539 7.98715 0
      vertex 35.8005 8.95926 0
    endloop
  endfacet
  facet normal 0 0 -1
    outer loop
      vertex 34.9645 7.86375 0
      vertex 35.7138 7.09789 0
      vertex 35.6593 7.10501 0
    endloop
  endfacet
  facet normal 0 0 -1
    outer loop
      vertex 34.9526 8.05173 0
      vertex 35.8005 8.95926 0
      vertex 34.9539 7.98715 0
    endloop
  endfacet
  facet normal 0 0 -1
    outer loop
      vertex 34.9645 7.86375 0
      vertex 35.6593 7.10501 0
      vertex 35.6064 7.11496 0
    endloop
  endfacet
  facet normal 0 0 -1
    outer loop
      vertex 34.9645 7.86375 0
      vertex 35.6064 7.11496 0
      vertex 35.5551 7.12778 0
    endloop
  endfacet
  facet normal 0 0 -1
    outer loop
      vertex 35.8005 8.95926 0
      vertex 34.9526 8.05173 0
      vertex 35.7061 8.95062 0
    endloop
  endfacet
  facet normal 0 0 -1
    outer loop
      vertex 34.9645 7.86375 0
      vertex 35.5551 7.12778 0
      vertex 35.5053 7.14343 0
    endloop
  endfacet
  facet normal 0 0 -1
    outer loop
      vertex 34.9645 7.86375 0
      vertex 35.5053 7.14343 0
      vertex 35.4571 7.16193 0
    endloop
  endfacet
  facet normal 0 -0 -1
    outer loop
      vertex 34.9556 8.14783 0
      vertex 35.7061 8.95062 0
      vertex 34.9526 8.05173 0
    endloop
  endfacet
  facet normal 0 0 -1
    outer loop
      vertex 34.9645 7.86375 0
      vertex 35.4571 7.16193 0
      vertex 35.4105 7.18327 0
    endloop
  endfacet
  facet normal 0 0 -1
    outer loop
      vertex 35.7061 8.95062 0
      vertex 34.9556 8.14783 0
      vertex 35.6171 8.93623 0
    endloop
  endfacet
  facet normal 0 0 -1
    outer loop
      vertex 34.9645 7.86375 0
      vertex 35.4105 7.18327 0
      vertex 35.3654 7.20747 0
    endloop
  endfacet
  facet normal 0 0 -1
    outer loop
      vertex 34.9645 7.86375 0
      vertex 35.3654 7.20747 0
      vertex 35.3223 7.23434 0
    endloop
  endfacet
  facet normal 0 -0 -1
    outer loop
      vertex 34.9646 8.23872 0
      vertex 35.6171 8.93623 0
      vertex 34.9556 8.14783 0
    endloop
  endfacet
  facet normal 0 0 -1
    outer loop
      vertex 34.9645 7.86375 0
      vertex 35.3223 7.23434 0
      vertex 35.2815 7.26373 0
    endloop
  endfacet
  facet normal 0 0 -1
    outer loop
      vertex 35.6171 8.93623 0
      vertex 34.9646 8.23872 0
      vertex 35.5334 8.91608 0
    endloop
  endfacet
  facet normal 0 0 -1
    outer loop
      vertex 34.9645 7.86375 0
      vertex 35.2815 7.26373 0
      vertex 35.2429 7.29564 0
    endloop
  endfacet
  facet normal 0 0 -1
    outer loop
      vertex 34.9645 7.86375 0
      vertex 35.2429 7.29564 0
      vertex 35.2066 7.33005 0
    endloop
  endfacet
  facet normal 0 -0 -1
    outer loop
      vertex 34.9797 8.32439 0
      vertex 35.5334 8.91608 0
      vertex 34.9646 8.23872 0
    endloop
  endfacet
  facet normal 0 0 -1
    outer loop
      vertex 34.9645 7.86375 0
      vertex 35.2066 7.33005 0
      vertex 35.1726 7.36697 0
    endloop
  endfacet
  facet normal 0 0 -1
    outer loop
      vertex 35.5334 8.91608 0
      vertex 34.9797 8.32439 0
      vertex 35.4552 8.89018 0
    endloop
  endfacet
  facet normal 0 0 -1
    outer loop
      vertex 34.9645 7.86375 0
      vertex 35.1726 7.36697 0
      vertex 35.1409 7.4064 0
    endloop
  endfacet
  facet normal 0 0 -1
    outer loop
      vertex 34.9645 7.86375 0
      vertex 35.1409 7.4064 0
      vertex 35.1115 7.44835 0
    endloop
  endfacet
  facet normal 0 -0 -1
    outer loop
      vertex 35.0007 8.40486 0
      vertex 35.4552 8.89018 0
      vertex 34.9797 8.32439 0
    endloop
  endfacet
  facet normal 0 0 -1
    outer loop
      vertex 34.9645 7.86375 0
      vertex 35.1115 7.44835 0
      vertex 35.0843 7.4928 0
    endloop
  endfacet
  facet normal 0 0 -1
    outer loop
      vertex 35.4552 8.89018 0
      vertex 35.0007 8.40486 0
      vertex 35.3823 8.85852 0
    endloop
  endfacet
  facet normal 0 0 -1
    outer loop
      vertex 34.9645 7.86375 0
      vertex 35.0843 7.4928 0
      vertex 35.0594 7.53976 0
    endloop
  endfacet
  facet normal 0 0 -1
    outer loop
      vertex 34.9645 7.86375 0
      vertex 35.0594 7.53976 0
      vertex 35.037 7.58896 0
    endloop
  endfacet
  facet normal 0 0 -1
    outer loop
      vertex 35.8274 7.09219 0
      vertex 34.9579 7.9245 0
      vertex 34.9539 7.98715 0
    endloop
  endfacet
  facet normal 0 0 -1
    outer loop
      vertex 34.9645 7.86375 0
      vertex 35.037 7.58896 0
      vertex 35.0172 7.64006 0
    endloop
  endfacet
  facet normal 0 0 -1
    outer loop
      vertex 35.3823 8.85852 0
      vertex 35.0007 8.40486 0
      vertex 35.3148 8.82111 0
    endloop
  endfacet
  facet normal 0 0 -1
    outer loop
      vertex 34.9856 7.74806 0
      vertex 35.0172 7.64006 0
      vertex 35.0001 7.6931 0
    endloop
  endfacet
  facet normal 0 0 -1
    outer loop
      vertex 34.9737 7.80495 0
      vertex 35.0172 7.64006 0
      vertex 34.9856 7.74806 0
    endloop
  endfacet
  facet normal 0 0 -1
    outer loop
      vertex 34.9645 7.86375 0
      vertex 35.0172 7.64006 0
      vertex 34.9737 7.80495 0
    endloop
  endfacet
  facet normal 0 0 -1
    outer loop
      vertex 35.8274 7.09219 0
      vertex 34.9645 7.86375 0
      vertex 34.9579 7.9245 0
    endloop
  endfacet
  facet normal 0 0 -1
    outer loop
      vertex 35.0998 8.61497 0
      vertex 35.0007 8.40486 0
      vertex 35.0607 8.55016 0
    endloop
  endfacet
  facet normal 0 0 -1
    outer loop
      vertex 35.3148 8.82111 0
      vertex 35.0007 8.40486 0
      vertex 35.2527 8.77794 0
    endloop
  endfacet
  facet normal 0 0 -1
    outer loop
      vertex 35.2527 8.77794 0
      vertex 35.0007 8.40486 0
      vertex 35.1959 8.729 0
    endloop
  endfacet
  facet normal 0 0 -1
    outer loop
      vertex 35.0607 8.55016 0
      vertex 35.0007 8.40486 0
      vertex 35.0277 8.48012 0
    endloop
  endfacet
  facet normal 0 0 -1
    outer loop
      vertex 35.1959 8.729 0
      vertex 35.0007 8.40486 0
      vertex 35.1449 8.67461 0
    endloop
  endfacet
  facet normal 0 0 -1
    outer loop
      vertex 35.1449 8.67461 0
      vertex 35.0007 8.40486 0
      vertex 35.0998 8.61497 0
    endloop
  endfacet
  facet normal 0 0 -1
    outer loop
      vertex 41.1391 8.028 0
      vertex 42.18 8.028 0
      vertex 42.1785 7.91837 0
    endloop
  endfacet
  facet normal 0 0 -1
    outer loop
      vertex 42.18 8.028 0
      vertex 41.1391 8.028 0
      vertex 42.1785 8.14078 0
    endloop
  endfacet
  facet normal 0 0 -1
    outer loop
      vertex 41.1406 7.92044 0
      vertex 42.1785 7.91837 0
      vertex 42.1738 7.81546 0
    endloop
  endfacet
  facet normal 0 -0 -1
    outer loop
      vertex 41.1405 8.13939 0
      vertex 42.1785 8.14078 0
      vertex 41.1391 8.028 0
    endloop
  endfacet
  facet normal 0 0 -1
    outer loop
      vertex 41.153 7.72437 0
      vertex 42.1738 7.81546 0
      vertex 42.1662 7.71928 0
    endloop
  endfacet
  facet normal -0 0 -1
    outer loop
      vertex 42.1785 8.14078 0
      vertex 41.1405 8.13939 0
      vertex 42.1739 8.24626 0
    endloop
  endfacet
  facet normal 0 0 -1
    outer loop
      vertex 41.1638 7.63588 0
      vertex 42.1662 7.71928 0
      vertex 42.1554 7.62985 0
    endloop
  endfacet
  facet normal 0 -0 -1
    outer loop
      vertex 41.145 8.24374 0
      vertex 42.1739 8.24626 0
      vertex 41.1405 8.13939 0
    endloop
  endfacet
  facet normal 0 0 -1
    outer loop
      vertex 41.1778 7.55374 0
      vertex 42.1554 7.62985 0
      vertex 42.1415 7.54715 0
    endloop
  endfacet
  facet normal -0 0 -1
    outer loop
      vertex 42.1739 8.24626 0
      vertex 41.145 8.24374 0
      vertex 42.1663 8.34447 0
    endloop
  endfacet
  facet normal 0 0 -1
    outer loop
      vertex 41.1948 7.47798 0
      vertex 42.1415 7.54715 0
      vertex 42.1246 7.47119 0
    endloop
  endfacet
  facet normal 0 -0 -1
    outer loop
      vertex 41.1523 8.34108 0
      vertex 42.1663 8.34447 0
      vertex 41.145 8.24374 0
    endloop
  endfacet
  facet normal 0 0 -1
    outer loop
      vertex 41.215 7.40857 0
      vertex 42.1246 7.47119 0
      vertex 42.1046 7.40198 0
    endloop
  endfacet
  facet normal -0 0 -1
    outer loop
      vertex 42.1663 8.34447 0
      vertex 41.1523 8.34108 0
      vertex 42.1557 8.43538 0
    endloop
  endfacet
  facet normal 0 0 -1
    outer loop
      vertex 41.2382 7.34552 0
      vertex 42.1046 7.40198 0
      vertex 42.0815 7.33951 0
    endloop
  endfacet
  facet normal 0 -0 -1
    outer loop
      vertex 41.1627 8.43137 0
      vertex 42.1557 8.43538 0
      vertex 41.1523 8.34108 0
    endloop
  endfacet
  facet normal 0 0 -1
    outer loop
      vertex 41.2382 7.34552 0
      vertex 42.0815 7.33951 0
      vertex 42.0554 7.28377 0
    endloop
  endfacet
  facet normal -0 0 -1
    outer loop
      vertex 42.1557 8.43538 0
      vertex 41.1627 8.43137 0
      vertex 42.1421 8.51901 0
    endloop
  endfacet
  facet normal 0 0 -1
    outer loop
      vertex 41.6595 7.04813 0
      vertex 42.0554 7.28377 0
      vertex 42.0259 7.23431 0
    endloop
  endfacet
  facet normal 0 -0 -1
    outer loop
      vertex 41.1759 8.51462 0
      vertex 42.1421 8.51901 0
      vertex 41.1627 8.43137 0
    endloop
  endfacet
  facet normal 0 0 -1
    outer loop
      vertex 41.718 7.05103 0
      vertex 42.0259 7.23431 0
      vertex 41.9928 7.19067 0
    endloop
  endfacet
  facet normal -0 0 -1
    outer loop
      vertex 42.1421 8.51901 0
      vertex 41.1759 8.51462 0
      vertex 42.1254 8.59537 0
    endloop
  endfacet
  facet normal 0 0 -1
    outer loop
      vertex 41.7729 7.05975 0
      vertex 41.9928 7.19067 0
      vertex 41.956 7.15285 0
    endloop
  endfacet
  facet normal 0 -0 -1
    outer loop
      vertex 41.1922 8.59085 0
      vertex 42.1254 8.59537 0
      vertex 41.1759 8.51462 0
    endloop
  endfacet
  facet normal 0 0 -1
    outer loop
      vertex 41.7729 7.05975 0
      vertex 41.956 7.15285 0
      vertex 41.9157 7.12085 0
    endloop
  endfacet
  facet normal 0 0 -1
    outer loop
      vertex 41.7729 7.05975 0
      vertex 41.9157 7.12085 0
      vertex 41.8717 7.09467 0
    endloop
  endfacet
  facet normal -0 0 -1
    outer loop
      vertex 42.1254 8.59537 0
      vertex 41.1922 8.59085 0
      vertex 42.1056 8.66443 0
    endloop
  endfacet
  facet normal 0 0 -1
    outer loop
      vertex 41.7729 7.05975 0
      vertex 41.8717 7.09467 0
      vertex 41.8241 7.07431 0
    endloop
  endfacet
  facet normal 0 -0 -1
    outer loop
      vertex 41.2114 8.66005 0
      vertex 42.1056 8.66443 0
      vertex 41.1922 8.59085 0
    endloop
  endfacet
  facet normal 0 0 -1
    outer loop
      vertex 41.9928 7.19067 0
      vertex 41.7729 7.05975 0
      vertex 41.718 7.05103 0
    endloop
  endfacet
  facet normal -0 0 -1
    outer loop
      vertex 42.1056 8.66443 0
      vertex 41.2114 8.66005 0
      vertex 42.0829 8.72621 0
    endloop
  endfacet
  facet normal 0 0 -1
    outer loop
      vertex 41.6595 7.04813 0
      vertex 42.0259 7.23431 0
      vertex 41.718 7.05103 0
    endloop
  endfacet
  facet normal 0 -0 -1
    outer loop
      vertex 41.2335 8.7222 0
      vertex 42.0829 8.72621 0
      vertex 41.2114 8.66005 0
    endloop
  endfacet
  facet normal -0 0 -1
    outer loop
      vertex 42.0554 7.28377 0
      vertex 41.6595 7.04813 0
      vertex 41.2645 7.28885 0
    endloop
  endfacet
  facet normal 0 -0 -1
    outer loop
      vertex 41.7133 9.00676 0
      vertex 42.0829 8.72621 0
      vertex 41.2335 8.7222 0
    endloop
  endfacet
  facet normal 0 0 -1
    outer loop
      vertex 41.2645 7.28885 0
      vertex 41.6595 7.04813 0
      vertex 41.6014 7.05109 0
    endloop
  endfacet
  facet normal 0 0 -1
    outer loop
      vertex 42.0829 8.72621 0
      vertex 41.7133 9.00676 0
      vertex 42.0571 8.7807 0
    endloop
  endfacet
  facet normal 0 0 -1
    outer loop
      vertex 41.2942 7.23833 0
      vertex 41.6014 7.05109 0
      vertex 41.5468 7.06001 0
    endloop
  endfacet
  facet normal 0 0 -1
    outer loop
      vertex 42.0571 8.7807 0
      vertex 41.7133 9.00676 0
      vertex 42.0278 8.82874 0
    endloop
  endfacet
  facet normal 0 0 -1
    outer loop
      vertex 41.2942 7.23833 0
      vertex 41.5468 7.06001 0
      vertex 41.4958 7.07487 0
    endloop
  endfacet
  facet normal -0 -0 -1
    outer loop
      vertex 41.77 8.99828 0
      vertex 42.0278 8.82874 0
      vertex 41.7133 9.00676 0
    endloop
  endfacet
  facet normal 0 0 -1
    outer loop
      vertex 41.2942 7.23833 0
      vertex 41.4958 7.07487 0
      vertex 41.4484 7.09567 0
    endloop
  endfacet
  facet normal 0 0 -1
    outer loop
      vertex 41.9575 8.90785 0
      vertex 41.77 8.99828 0
      vertex 41.9165 8.93893 0
    endloop
  endfacet
  facet normal 0 0 -1
    outer loop
      vertex 41.2942 7.23833 0
      vertex 41.4484 7.09567 0
      vertex 41.4045 7.12242 0
    endloop
  endfacet
  facet normal 0 0 -1
    outer loop
      vertex 41.9165 8.93893 0
      vertex 41.77 8.99828 0
      vertex 41.8716 8.96437 0
    endloop
  endfacet
  facet normal 0 0 -1
    outer loop
      vertex 41.2942 7.23833 0
      vertex 41.4045 7.12242 0
      vertex 41.3642 7.15511 0
    endloop
  endfacet
  facet normal 0 0 -1
    outer loop
      vertex 41.8716 8.96437 0
      vertex 41.77 8.99828 0
      vertex 41.8227 8.98415 0
    endloop
  endfacet
  facet normal 0 0 -1
    outer loop
      vertex 41.2942 7.23833 0
      vertex 41.3642 7.15511 0
      vertex 41.3274 7.19374 0
    endloop
  endfacet
  facet normal 0 0 -1
    outer loop
      vertex 41.9946 8.87112 0
      vertex 41.77 8.99828 0
      vertex 41.9575 8.90785 0
    endloop
  endfacet
  facet normal 0 0 -1
    outer loop
      vertex 41.6014 7.05109 0
      vertex 41.2942 7.23833 0
      vertex 41.2645 7.28885 0
    endloop
  endfacet
  facet normal 0 0 -1
    outer loop
      vertex 42.0278 8.82874 0
      vertex 41.77 8.99828 0
      vertex 41.9946 8.87112 0
    endloop
  endfacet
  facet normal 0 0 -1
    outer loop
      vertex 42.0554 7.28377 0
      vertex 41.2645 7.28885 0
      vertex 41.2382 7.34552 0
    endloop
  endfacet
  facet normal -0 0 -1
    outer loop
      vertex 41.7133 9.00676 0
      vertex 41.2335 8.7222 0
      vertex 41.6527 9.00958 0
    endloop
  endfacet
  facet normal -0 0 -1
    outer loop
      vertex 42.1046 7.40198 0
      vertex 41.2382 7.34552 0
      vertex 41.215 7.40857 0
    endloop
  endfacet
  facet normal 0 0 -1
    outer loop
      vertex 41.6527 9.00958 0
      vertex 41.2335 8.7222 0
      vertex 41.5936 9.00671 0
    endloop
  endfacet
  facet normal -0 0 -1
    outer loop
      vertex 42.1246 7.47119 0
      vertex 41.215 7.40857 0
      vertex 41.1948 7.47798 0
    endloop
  endfacet
  facet normal 0 -0 -1
    outer loop
      vertex 41.2586 8.77733 0
      vertex 41.5936 9.00671 0
      vertex 41.2335 8.7222 0
    endloop
  endfacet
  facet normal -0 0 -1
    outer loop
      vertex 42.1415 7.54715 0
      vertex 41.1948 7.47798 0
      vertex 41.1778 7.55374 0
    endloop
  endfacet
  facet normal 0 0 -1
    outer loop
      vertex 42.1785 7.91837 0
      vertex 41.1406 7.92044 0
      vertex 41.1391 8.028 0
    endloop
  endfacet
  facet normal -0 0 -1
    outer loop
      vertex 42.1554 7.62985 0
      vertex 41.1778 7.55374 0
      vertex 41.1638 7.63588 0
    endloop
  endfacet
  facet normal -0 0 -1
    outer loop
      vertex 42.1662 7.71928 0
      vertex 41.1638 7.63588 0
      vertex 41.153 7.72437 0
    endloop
  endfacet
  facet normal -0 0 -1
    outer loop
      vertex 42.1738 7.81546 0
      vertex 41.153 7.72437 0
      vertex 41.1453 7.81923 0
    endloop
  endfacet
  facet normal 0 0 -1
    outer loop
      vertex 41.3955 8.9379 0
      vertex 41.2871 8.82608 0
      vertex 41.3555 8.90636 0
    endloop
  endfacet
  facet normal 0 0 -1
    outer loop
      vertex 42.1738 7.81546 0
      vertex 41.1453 7.81923 0
      vertex 41.1406 7.92044 0
    endloop
  endfacet
  facet normal 0 0 -1
    outer loop
      vertex 41.3555 8.90636 0
      vertex 41.2871 8.82608 0
      vertex 41.3194 8.86908 0
    endloop
  endfacet
  facet normal 0 0 -1
    outer loop
      vertex 41.5936 9.00671 0
      vertex 41.2586 8.77733 0
      vertex 41.5383 8.99811 0
    endloop
  endfacet
  facet normal 0 0 -1
    outer loop
      vertex 41.4393 8.9637 0
      vertex 41.2871 8.82608 0
      vertex 41.3955 8.9379 0
    endloop
  endfacet
  facet normal 0 0 -1
    outer loop
      vertex 41.5383 8.99811 0
      vertex 41.2871 8.82608 0
      vertex 41.4869 8.98378 0
    endloop
  endfacet
  facet normal 0 0 -1
    outer loop
      vertex 41.4869 8.98378 0
      vertex 41.2871 8.82608 0
      vertex 41.4393 8.9637 0
    endloop
  endfacet
  facet normal 0 -0 -1
    outer loop
      vertex 41.2871 8.82608 0
      vertex 41.5383 8.99811 0
      vertex 41.2586 8.77733 0
    endloop
  endfacet
  facet normal -0.941546 -0.336885 0
    outer loop
      vertex 0.228348 1.85194 0
      vertex 0.129166 2.12914 6
      vertex 0.129166 2.12914 0
    endloop
  endfacet
  facet normal -0.941546 -0.336885 0
    outer loop
      vertex 0.129166 2.12914 6
      vertex 0.228348 1.85194 0
      vertex 0.228348 1.85194 6
    endloop
  endfacet
  facet normal -0.146703 -0.989181 0
    outer loop
      vertex 8.43424 6.15572 1.2
      vertex 8.71575 6.11397 10.9
      vertex 8.43424 6.15572 10.9
    endloop
  endfacet
  facet normal -0.146703 -0.989181 -0
    outer loop
      vertex 8.71575 6.11397 10.9
      vertex 8.43424 6.15572 1.2
      vertex 8.71575 6.11397 1.2
    endloop
  endfacet
  facet normal 0.803096 -0.595849 0
    outer loop
      vertex 11.2417 7.16026 10.9
      vertex 11.4113 7.38885 1.2
      vertex 11.4113 7.38885 10.9
    endloop
  endfacet
  facet normal 0.803096 -0.595849 0
    outer loop
      vertex 11.4113 7.38885 1.2
      vertex 11.2417 7.16026 10.9
      vertex 11.2417 7.16026 1.2
    endloop
  endfacet
  facet normal 0.989206 0.146531 0
    outer loop
      vertex 11.886 9.28425 10.9
      vertex 11.8443 9.56576 1.2
      vertex 11.8443 9.56576 10.9
    endloop
  endfacet
  facet normal 0.989206 0.146531 0
    outer loop
      vertex 11.8443 9.56576 1.2
      vertex 11.886 9.28425 10.9
      vertex 11.886 9.28425 1.2
    endloop
  endfacet
  facet normal 0.671465 0.741036 -0
    outer loop
      vertex 11.0506 11.0506 1.2
      vertex 10.8397 11.2417 10.9
      vertex 11.0506 11.0506 10.9
    endloop
  endfacet
  facet normal 0.671465 0.741036 0
    outer loop
      vertex 10.8397 11.2417 10.9
      vertex 11.0506 11.0506 1.2
      vertex 10.8397 11.2417 1.2
    endloop
  endfacet
  facet normal -0.671518 0.740989 0
    outer loop
      vertex 7.16026 11.2417 1.2
      vertex 6.94939 11.0506 10.9
      vertex 7.16026 11.2417 10.9
    endloop
  endfacet
  facet normal -0.671518 0.740989 0
    outer loop
      vertex 6.94939 11.0506 10.9
      vertex 7.16026 11.2417 1.2
      vertex 6.94939 11.0506 1.2
    endloop
  endfacet
  facet normal 0.595842 -0.803102 0
    outer loop
      vertex 10.6112 6.58874 1.2
      vertex 10.8397 6.75827 10.9
      vertex 10.6112 6.58874 10.9
    endloop
  endfacet
  facet normal 0.595842 -0.803102 0
    outer loop
      vertex 10.8397 6.75827 10.9
      vertex 10.6112 6.58874 1.2
      vertex 10.8397 6.75827 1.2
    endloop
  endfacet
  facet normal -0.941537 -0.336908 0
    outer loop
      vertex 6.32075 7.89022 1.2
      vertex 6.22487 8.15817 10.9
      vertex 6.22487 8.15817 1.2
    endloop
  endfacet
  facet normal -0.941537 -0.336908 0
    outer loop
      vertex 6.22487 8.15817 10.9
      vertex 6.32075 7.89022 1.2
      vertex 6.32075 7.89022 10.9
    endloop
  endfacet
  facet normal -0.0490876 -0.998794 0
    outer loop
      vertex 8.71575 6.11397 1.2
      vertex 9 6.1 10.9
      vertex 8.71575 6.11397 10.9
    endloop
  endfacet
  facet normal -0.0490876 -0.998794 -0
    outer loop
      vertex 9 6.1 10.9
      vertex 8.71575 6.11397 1.2
      vertex 9 6.1 1.2
    endloop
  endfacet
  facet normal 0.514082 0.857741 -0
    outer loop
      vertex 10.6112 11.4113 1.2
      vertex 10.3671 11.5576 10.9
      vertex 10.6112 11.4113 10.9
    endloop
  endfacet
  facet normal 0.514082 0.857741 0
    outer loop
      vertex 10.3671 11.5576 10.9
      vertex 10.6112 11.4113 1.2
      vertex 10.3671 11.5576 1.2
    endloop
  endfacet
  facet normal -0.336971 0.941515 0
    outer loop
      vertex 8.15817 11.7751 1.2
      vertex 7.89022 11.6792 10.9
      vertex 8.15817 11.7751 10.9
    endloop
  endfacet
  facet normal -0.336971 0.941515 0
    outer loop
      vertex 7.89022 11.6792 10.9
      vertex 8.15817 11.7751 1.2
      vertex 7.89022 11.6792 1.2
    endloop
  endfacet
  facet normal -0.671556 -0.740954 0
    outer loop
      vertex 6.94939 6.94939 1.2
      vertex 7.16026 6.75827 10.9
      vertex 6.94939 6.94939 10.9
    endloop
  endfacet
  facet normal -0.671556 -0.740954 -0
    outer loop
      vertex 7.16026 6.75827 10.9
      vertex 6.94939 6.94939 1.2
      vertex 7.16026 6.75827 1.2
    endloop
  endfacet
  facet normal 0.514108 -0.857725 0
    outer loop
      vertex 10.3671 6.44243 1.2
      vertex 10.6112 6.58874 10.9
      vertex 10.3671 6.44243 10.9
    endloop
  endfacet
  facet normal 0.514108 -0.857725 0
    outer loop
      vertex 10.6112 6.58874 10.9
      vertex 10.3671 6.44243 1.2
      vertex 10.6112 6.58874 1.2
    endloop
  endfacet
  facet normal -0.857725 -0.514108 0
    outer loop
      vertex 6.58874 7.38885 1.2
      vertex 6.44243 7.63295 10.9
      vertex 6.44243 7.63295 1.2
    endloop
  endfacet
  facet normal -0.857725 -0.514108 0
    outer loop
      vertex 6.44243 7.63295 10.9
      vertex 6.58874 7.38885 1.2
      vertex 6.58874 7.38885 10.9
    endloop
  endfacet
  facet normal 0 0 1
    outer loop
      vertex 11 9 10.9
      vertex 11.9 9 10.9
      vertex 11.886 9.28425 10.9
    endloop
  endfacet
  facet normal 0 0 1
    outer loop
      vertex 10.9904 9.19603 10.9
      vertex 11.886 9.28425 10.9
      vertex 11.8443 9.56576 10.9
    endloop
  endfacet
  facet normal 0 0 1
    outer loop
      vertex 11.9 9 10.9
      vertex 11 9 10.9
      vertex 11.886 8.71575 10.9
    endloop
  endfacet
  facet normal 0 0 1
    outer loop
      vertex 10.9616 9.39018 10.9
      vertex 11.8443 9.56576 10.9
      vertex 11.7751 9.84183 10.9
    endloop
  endfacet
  facet normal -0 0 1
    outer loop
      vertex 10.9904 8.80397 10.9
      vertex 11.886 8.71575 10.9
      vertex 11 9 10.9
    endloop
  endfacet
  facet normal 0 0 1
    outer loop
      vertex 10.9139 9.58057 10.9
      vertex 11.7751 9.84183 10.9
      vertex 11.6792 10.1098 10.9
    endloop
  endfacet
  facet normal 0 0 1
    outer loop
      vertex 11.886 8.71575 10.9
      vertex 10.9904 8.80397 10.9
      vertex 11.8443 8.43424 10.9
    endloop
  endfacet
  facet normal 0 0 1
    outer loop
      vertex 10.8478 9.76537 10.9
      vertex 11.6792 10.1098 10.9
      vertex 11.5576 10.3671 10.9
    endloop
  endfacet
  facet normal -0 0 1
    outer loop
      vertex 10.9616 8.60982 10.9
      vertex 11.8443 8.43424 10.9
      vertex 10.9904 8.80397 10.9
    endloop
  endfacet
  facet normal 0 0 1
    outer loop
      vertex 10.7638 9.94279 10.9
      vertex 11.5576 10.3671 10.9
      vertex 11.4113 10.6112 10.9
    endloop
  endfacet
  facet normal 0 0 1
    outer loop
      vertex 11.8443 8.43424 10.9
      vertex 10.9616 8.60982 10.9
      vertex 11.7751 8.15817 10.9
    endloop
  endfacet
  facet normal 0 0 1
    outer loop
      vertex 10.6629 10.1111 10.9
      vertex 11.4113 10.6112 10.9
      vertex 11.2417 10.8397 10.9
    endloop
  endfacet
  facet normal -0 0 1
    outer loop
      vertex 10.9139 8.41943 10.9
      vertex 11.7751 8.15817 10.9
      vertex 10.9616 8.60982 10.9
    endloop
  endfacet
  facet normal 0 0 1
    outer loop
      vertex 10.546 10.2688 10.9
      vertex 11.2417 10.8397 10.9
      vertex 11.0506 11.0506 10.9
    endloop
  endfacet
  facet normal 0 0 1
    outer loop
      vertex 11.7751 8.15817 10.9
      vertex 10.9139 8.41943 10.9
      vertex 11.6792 7.89022 10.9
    endloop
  endfacet
  facet normal -0 0 1
    outer loop
      vertex 10.8478 8.23463 10.9
      vertex 11.6792 7.89022 10.9
      vertex 10.9139 8.41943 10.9
    endloop
  endfacet
  facet normal 0 0 1
    outer loop
      vertex 11.886 9.28425 10.9
      vertex 10.9904 9.19603 10.9
      vertex 11 9 10.9
    endloop
  endfacet
  facet normal 0 0 1
    outer loop
      vertex 11.8443 9.56576 10.9
      vertex 10.9616 9.39018 10.9
      vertex 10.9904 9.19603 10.9
    endloop
  endfacet
  facet normal 0 0 1
    outer loop
      vertex 11.7751 9.84183 10.9
      vertex 10.9139 9.58057 10.9
      vertex 10.9616 9.39018 10.9
    endloop
  endfacet
  facet normal 0 0 1
    outer loop
      vertex 11.6792 10.1098 10.9
      vertex 10.8478 9.76537 10.9
      vertex 10.9139 9.58057 10.9
    endloop
  endfacet
  facet normal 0 0 1
    outer loop
      vertex 10.4142 10.4142 10.9
      vertex 11.0506 11.0506 10.9
      vertex 10.8397 11.2417 10.9
    endloop
  endfacet
  facet normal 0 0 1
    outer loop
      vertex 11.5576 10.3671 10.9
      vertex 10.7638 9.94279 10.9
      vertex 10.8478 9.76537 10.9
    endloop
  endfacet
  facet normal 0 0 1
    outer loop
      vertex 11.4113 10.6112 10.9
      vertex 10.6629 10.1111 10.9
      vertex 10.7638 9.94279 10.9
    endloop
  endfacet
  facet normal 0 0 1
    outer loop
      vertex 10.2688 10.546 10.9
      vertex 10.8397 11.2417 10.9
      vertex 10.6112 11.4113 10.9
    endloop
  endfacet
  facet normal 0 0 1
    outer loop
      vertex 11.2417 10.8397 10.9
      vertex 10.546 10.2688 10.9
      vertex 10.6629 10.1111 10.9
    endloop
  endfacet
  facet normal 0 0 1
    outer loop
      vertex 11.0506 11.0506 10.9
      vertex 10.4142 10.4142 10.9
      vertex 10.546 10.2688 10.9
    endloop
  endfacet
  facet normal 0 0 1
    outer loop
      vertex 10.1111 10.6629 10.9
      vertex 10.6112 11.4113 10.9
      vertex 10.3671 11.5576 10.9
    endloop
  endfacet
  facet normal 0 0 1
    outer loop
      vertex 10.8397 11.2417 10.9
      vertex 10.2688 10.546 10.9
      vertex 10.4142 10.4142 10.9
    endloop
  endfacet
  facet normal 0 0 1
    outer loop
      vertex 10.6112 11.4113 10.9
      vertex 10.1111 10.6629 10.9
      vertex 10.2688 10.546 10.9
    endloop
  endfacet
  facet normal 0 0 1
    outer loop
      vertex 9.94279 10.7638 10.9
      vertex 10.3671 11.5576 10.9
      vertex 10.1098 11.6792 10.9
    endloop
  endfacet
  facet normal 0 0 1
    outer loop
      vertex 10.3671 11.5576 10.9
      vertex 9.94279 10.7638 10.9
      vertex 10.1111 10.6629 10.9
    endloop
  endfacet
  facet normal 0 0 1
    outer loop
      vertex 9.76537 10.8478 10.9
      vertex 10.1098 11.6792 10.9
      vertex 9.84183 11.7751 10.9
    endloop
  endfacet
  facet normal 0 0 1
    outer loop
      vertex 10.1098 11.6792 10.9
      vertex 9.76537 10.8478 10.9
      vertex 9.94279 10.7638 10.9
    endloop
  endfacet
  facet normal 0 0 1
    outer loop
      vertex 9.84183 11.7751 10.9
      vertex 9.58057 10.9139 10.9
      vertex 9.76537 10.8478 10.9
    endloop
  endfacet
  facet normal 0 0 1
    outer loop
      vertex 9.56576 11.8443 10.9
      vertex 9.58057 10.9139 10.9
      vertex 9.84183 11.7751 10.9
    endloop
  endfacet
  facet normal 0 0 1
    outer loop
      vertex 9.56576 11.8443 10.9
      vertex 9.39018 10.9616 10.9
      vertex 9.58057 10.9139 10.9
    endloop
  endfacet
  facet normal 0 0 1
    outer loop
      vertex 9.28425 11.886 10.9
      vertex 9.39018 10.9616 10.9
      vertex 9.56576 11.8443 10.9
    endloop
  endfacet
  facet normal 0 0 1
    outer loop
      vertex 9.28425 11.886 10.9
      vertex 9.19603 10.9904 10.9
      vertex 9.39018 10.9616 10.9
    endloop
  endfacet
  facet normal 0 0 1
    outer loop
      vertex 9 11.9 10.9
      vertex 9.19603 10.9904 10.9
      vertex 9.28425 11.886 10.9
    endloop
  endfacet
  facet normal 0 0 1
    outer loop
      vertex 9 11.9 10.9
      vertex 9 11 10.9
      vertex 9.19603 10.9904 10.9
    endloop
  endfacet
  facet normal 0 0 1
    outer loop
      vertex 9 11.9 10.9
      vertex 8.80397 10.9904 10.9
      vertex 9 11 10.9
    endloop
  endfacet
  facet normal -0 0 1
    outer loop
      vertex 8.71575 11.886 10.9
      vertex 8.80397 10.9904 10.9
      vertex 9 11.9 10.9
    endloop
  endfacet
  facet normal 0 0 1
    outer loop
      vertex 8.71575 11.886 10.9
      vertex 8.60982 10.9616 10.9
      vertex 8.80397 10.9904 10.9
    endloop
  endfacet
  facet normal -0 0 1
    outer loop
      vertex 8.43424 11.8443 10.9
      vertex 8.60982 10.9616 10.9
      vertex 8.71575 11.886 10.9
    endloop
  endfacet
  facet normal 0 0 1
    outer loop
      vertex 8.43424 11.8443 10.9
      vertex 8.41943 10.9139 10.9
      vertex 8.60982 10.9616 10.9
    endloop
  endfacet
  facet normal -0 0 1
    outer loop
      vertex 8.15817 11.7751 10.9
      vertex 8.41943 10.9139 10.9
      vertex 8.43424 11.8443 10.9
    endloop
  endfacet
  facet normal 0 0 1
    outer loop
      vertex 8.41943 10.9139 10.9
      vertex 8.15817 11.7751 10.9
      vertex 8.23463 10.8478 10.9
    endloop
  endfacet
  facet normal -0 0 1
    outer loop
      vertex 7.89022 11.6792 10.9
      vertex 8.23463 10.8478 10.9
      vertex 8.15817 11.7751 10.9
    endloop
  endfacet
  facet normal 0 0 1
    outer loop
      vertex 8.23463 10.8478 10.9
      vertex 7.89022 11.6792 10.9
      vertex 8.05721 10.7638 10.9
    endloop
  endfacet
  facet normal -0 0 1
    outer loop
      vertex 7.63295 11.5576 10.9
      vertex 8.05721 10.7638 10.9
      vertex 7.89022 11.6792 10.9
    endloop
  endfacet
  facet normal 0 0 1
    outer loop
      vertex 8.05721 10.7638 10.9
      vertex 7.63295 11.5576 10.9
      vertex 7.88886 10.6629 10.9
    endloop
  endfacet
  facet normal -0 0 1
    outer loop
      vertex 7.38885 11.4113 10.9
      vertex 7.88886 10.6629 10.9
      vertex 7.63295 11.5576 10.9
    endloop
  endfacet
  facet normal 0 0 1
    outer loop
      vertex 7.88886 10.6629 10.9
      vertex 7.38885 11.4113 10.9
      vertex 7.73121 10.546 10.9
    endloop
  endfacet
  facet normal -0 0 1
    outer loop
      vertex 7.16026 11.2417 10.9
      vertex 7.73121 10.546 10.9
      vertex 7.38885 11.4113 10.9
    endloop
  endfacet
  facet normal 0 0 1
    outer loop
      vertex 7.73121 10.546 10.9
      vertex 7.16026 11.2417 10.9
      vertex 7.58579 10.4142 10.9
    endloop
  endfacet
  facet normal -0 0 1
    outer loop
      vertex 6.94939 11.0506 10.9
      vertex 7.58579 10.4142 10.9
      vertex 7.16026 11.2417 10.9
    endloop
  endfacet
  facet normal 0 0 1
    outer loop
      vertex 7.58579 10.4142 10.9
      vertex 6.94939 11.0506 10.9
      vertex 7.45398 10.2688 10.9
    endloop
  endfacet
  facet normal -0 0 1
    outer loop
      vertex 6.75827 10.8397 10.9
      vertex 7.45398 10.2688 10.9
      vertex 6.94939 11.0506 10.9
    endloop
  endfacet
  facet normal 0 0 1
    outer loop
      vertex 7.45398 10.2688 10.9
      vertex 6.75827 10.8397 10.9
      vertex 7.33706 10.1111 10.9
    endloop
  endfacet
  facet normal -0 0 1
    outer loop
      vertex 6.58874 10.6112 10.9
      vertex 7.33706 10.1111 10.9
      vertex 6.75827 10.8397 10.9
    endloop
  endfacet
  facet normal 0 0 1
    outer loop
      vertex 7.33706 10.1111 10.9
      vertex 6.58874 10.6112 10.9
      vertex 7.23616 9.94279 10.9
    endloop
  endfacet
  facet normal -0 0 1
    outer loop
      vertex 6.44243 10.3671 10.9
      vertex 7.23616 9.94279 10.9
      vertex 6.58874 10.6112 10.9
    endloop
  endfacet
  facet normal -0 0 1
    outer loop
      vertex 6.32075 10.1098 10.9
      vertex 7.15224 9.76537 10.9
      vertex 6.44243 10.3671 10.9
    endloop
  endfacet
  facet normal 0 0 1
    outer loop
      vertex 7.23616 9.94279 10.9
      vertex 6.44243 10.3671 10.9
      vertex 7.15224 9.76537 10.9
    endloop
  endfacet
  facet normal 0 0 1
    outer loop
      vertex 11.6792 7.89022 10.9
      vertex 10.8478 8.23463 10.9
      vertex 11.5576 7.63295 10.9
    endloop
  endfacet
  facet normal -0 0 1
    outer loop
      vertex 10.7638 8.05721 10.9
      vertex 11.5576 7.63295 10.9
      vertex 10.8478 8.23463 10.9
    endloop
  endfacet
  facet normal 0 0 1
    outer loop
      vertex 11.5576 7.63295 10.9
      vertex 10.7638 8.05721 10.9
      vertex 11.4113 7.38885 10.9
    endloop
  endfacet
  facet normal -0 0 1
    outer loop
      vertex 10.6629 7.88886 10.9
      vertex 11.4113 7.38885 10.9
      vertex 10.7638 8.05721 10.9
    endloop
  endfacet
  facet normal 0 0 1
    outer loop
      vertex 11.4113 7.38885 10.9
      vertex 10.6629 7.88886 10.9
      vertex 11.2417 7.16026 10.9
    endloop
  endfacet
  facet normal -0 0 1
    outer loop
      vertex 10.546 7.73121 10.9
      vertex 11.2417 7.16026 10.9
      vertex 10.6629 7.88886 10.9
    endloop
  endfacet
  facet normal 0 0 1
    outer loop
      vertex 11.2417 7.16026 10.9
      vertex 10.546 7.73121 10.9
      vertex 11.0506 6.94939 10.9
    endloop
  endfacet
  facet normal -0 0 1
    outer loop
      vertex 10.4142 7.58579 10.9
      vertex 11.0506 6.94939 10.9
      vertex 10.546 7.73121 10.9
    endloop
  endfacet
  facet normal 0 0 1
    outer loop
      vertex 11.0506 6.94939 10.9
      vertex 10.4142 7.58579 10.9
      vertex 10.8397 6.75827 10.9
    endloop
  endfacet
  facet normal -0 0 1
    outer loop
      vertex 10.2688 7.45398 10.9
      vertex 10.8397 6.75827 10.9
      vertex 10.4142 7.58579 10.9
    endloop
  endfacet
  facet normal 0 0 1
    outer loop
      vertex 10.8397 6.75827 10.9
      vertex 10.2688 7.45398 10.9
      vertex 10.6112 6.58874 10.9
    endloop
  endfacet
  facet normal -0 0 1
    outer loop
      vertex 10.1111 7.33706 10.9
      vertex 10.6112 6.58874 10.9
      vertex 10.2688 7.45398 10.9
    endloop
  endfacet
  facet normal 0 0 1
    outer loop
      vertex 10.6112 6.58874 10.9
      vertex 10.1111 7.33706 10.9
      vertex 10.3671 6.44243 10.9
    endloop
  endfacet
  facet normal -0 0 1
    outer loop
      vertex 9.94279 7.23616 10.9
      vertex 10.3671 6.44243 10.9
      vertex 10.1111 7.33706 10.9
    endloop
  endfacet
  facet normal 0 0 1
    outer loop
      vertex 10.3671 6.44243 10.9
      vertex 9.94279 7.23616 10.9
      vertex 10.1098 6.32075 10.9
    endloop
  endfacet
  facet normal -0 0 1
    outer loop
      vertex 9.76537 7.15224 10.9
      vertex 10.1098 6.32075 10.9
      vertex 9.94279 7.23616 10.9
    endloop
  endfacet
  facet normal 0 0 1
    outer loop
      vertex 10.1098 6.32075 10.9
      vertex 9.76537 7.15224 10.9
      vertex 9.84183 6.22487 10.9
    endloop
  endfacet
  facet normal -0 0 1
    outer loop
      vertex 9.58057 7.08612 10.9
      vertex 9.84183 6.22487 10.9
      vertex 9.76537 7.15224 10.9
    endloop
  endfacet
  facet normal 0 0 1
    outer loop
      vertex 9.58057 7.08612 10.9
      vertex 9.56576 6.15572 10.9
      vertex 9.84183 6.22487 10.9
    endloop
  endfacet
  facet normal -0 0 1
    outer loop
      vertex 9.39018 7.03843 10.9
      vertex 9.56576 6.15572 10.9
      vertex 9.58057 7.08612 10.9
    endloop
  endfacet
  facet normal 0 0 1
    outer loop
      vertex 9.39018 7.03843 10.9
      vertex 9.28425 6.11397 10.9
      vertex 9.56576 6.15572 10.9
    endloop
  endfacet
  facet normal -0 0 1
    outer loop
      vertex 9.19603 7.00963 10.9
      vertex 9.28425 6.11397 10.9
      vertex 9.39018 7.03843 10.9
    endloop
  endfacet
  facet normal -0 0 1
    outer loop
      vertex 9 7 10.9
      vertex 9.28425 6.11397 10.9
      vertex 9.19603 7.00963 10.9
    endloop
  endfacet
  facet normal 0 0 1
    outer loop
      vertex 9 7 10.9
      vertex 9 6.1 10.9
      vertex 9.28425 6.11397 10.9
    endloop
  endfacet
  facet normal 0 0 1
    outer loop
      vertex 8.80397 7.00963 10.9
      vertex 9 6.1 10.9
      vertex 9 7 10.9
    endloop
  endfacet
  facet normal 0 0 1
    outer loop
      vertex 8.80397 7.00963 10.9
      vertex 8.71575 6.11397 10.9
      vertex 9 6.1 10.9
    endloop
  endfacet
  facet normal 0 0 1
    outer loop
      vertex 8.60982 7.03843 10.9
      vertex 8.71575 6.11397 10.9
      vertex 8.80397 7.00963 10.9
    endloop
  endfacet
  facet normal 0 0 1
    outer loop
      vertex 8.60982 7.03843 10.9
      vertex 8.43424 6.15572 10.9
      vertex 8.71575 6.11397 10.9
    endloop
  endfacet
  facet normal 0 0 1
    outer loop
      vertex 8.41943 7.08612 10.9
      vertex 8.43424 6.15572 10.9
      vertex 8.60982 7.03843 10.9
    endloop
  endfacet
  facet normal 0 0 1
    outer loop
      vertex 8.15817 6.22487 10.9
      vertex 8.41943 7.08612 10.9
      vertex 8.23463 7.15224 10.9
    endloop
  endfacet
  facet normal 0 0 1
    outer loop
      vertex 8.41943 7.08612 10.9
      vertex 8.15817 6.22487 10.9
      vertex 8.43424 6.15572 10.9
    endloop
  endfacet
  facet normal 0 0 1
    outer loop
      vertex 7.89022 6.32075 10.9
      vertex 8.23463 7.15224 10.9
      vertex 8.05721 7.23616 10.9
    endloop
  endfacet
  facet normal 0 0 1
    outer loop
      vertex 8.23463 7.15224 10.9
      vertex 7.89022 6.32075 10.9
      vertex 8.15817 6.22487 10.9
    endloop
  endfacet
  facet normal 0 0 1
    outer loop
      vertex 7.63295 6.44243 10.9
      vertex 8.05721 7.23616 10.9
      vertex 7.88886 7.33706 10.9
    endloop
  endfacet
  facet normal 0 0 1
    outer loop
      vertex 7.38885 6.58874 10.9
      vertex 7.88886 7.33706 10.9
      vertex 7.73121 7.45398 10.9
    endloop
  endfacet
  facet normal 0 0 1
    outer loop
      vertex 8.05721 7.23616 10.9
      vertex 7.63295 6.44243 10.9
      vertex 7.89022 6.32075 10.9
    endloop
  endfacet
  facet normal 0 0 1
    outer loop
      vertex 7.16026 6.75827 10.9
      vertex 7.73121 7.45398 10.9
      vertex 7.58579 7.58579 10.9
    endloop
  endfacet
  facet normal 0 0 1
    outer loop
      vertex 6.94939 6.94939 10.9
      vertex 7.58579 7.58579 10.9
      vertex 7.45398 7.73121 10.9
    endloop
  endfacet
  facet normal 0 0 1
    outer loop
      vertex 7.88886 7.33706 10.9
      vertex 7.38885 6.58874 10.9
      vertex 7.63295 6.44243 10.9
    endloop
  endfacet
  facet normal 0 0 1
    outer loop
      vertex 6.75827 7.16026 10.9
      vertex 7.45398 7.73121 10.9
      vertex 7.33706 7.88886 10.9
    endloop
  endfacet
  facet normal 0 0 1
    outer loop
      vertex 6.58874 7.38885 10.9
      vertex 7.33706 7.88886 10.9
      vertex 7.23616 8.05721 10.9
    endloop
  endfacet
  facet normal 0 0 1
    outer loop
      vertex 7.73121 7.45398 10.9
      vertex 7.16026 6.75827 10.9
      vertex 7.38885 6.58874 10.9
    endloop
  endfacet
  facet normal 0 0 1
    outer loop
      vertex 6.44243 7.63295 10.9
      vertex 7.23616 8.05721 10.9
      vertex 7.15224 8.23463 10.9
    endloop
  endfacet
  facet normal 0 0 1
    outer loop
      vertex 6.32075 7.89022 10.9
      vertex 7.15224 8.23463 10.9
      vertex 7.08612 8.41943 10.9
    endloop
  endfacet
  facet normal 0 0 1
    outer loop
      vertex 6.22487 8.15817 10.9
      vertex 7.08612 8.41943 10.9
      vertex 7.03843 8.60982 10.9
    endloop
  endfacet
  facet normal 0 0 1
    outer loop
      vertex 6.15572 8.43424 10.9
      vertex 7.03843 8.60982 10.9
      vertex 7.00963 8.80397 10.9
    endloop
  endfacet
  facet normal 0 0 1
    outer loop
      vertex 7.58579 7.58579 10.9
      vertex 6.94939 6.94939 10.9
      vertex 7.16026 6.75827 10.9
    endloop
  endfacet
  facet normal 0 0 1
    outer loop
      vertex 6.11397 8.71575 10.9
      vertex 7.00963 8.80397 10.9
      vertex 7 9 10.9
    endloop
  endfacet
  facet normal 0 0 1
    outer loop
      vertex 7.15224 9.76537 10.9
      vertex 6.32075 10.1098 10.9
      vertex 7.08612 9.58057 10.9
    endloop
  endfacet
  facet normal -0 0 1
    outer loop
      vertex 6.22487 9.84183 10.9
      vertex 7.08612 9.58057 10.9
      vertex 6.32075 10.1098 10.9
    endloop
  endfacet
  facet normal 0 0 1
    outer loop
      vertex 7.45398 7.73121 10.9
      vertex 6.75827 7.16026 10.9
      vertex 6.94939 6.94939 10.9
    endloop
  endfacet
  facet normal 0 0 1
    outer loop
      vertex 7.08612 9.58057 10.9
      vertex 6.22487 9.84183 10.9
      vertex 7.03843 9.39018 10.9
    endloop
  endfacet
  facet normal 0 0 1
    outer loop
      vertex 7.33706 7.88886 10.9
      vertex 6.58874 7.38885 10.9
      vertex 6.75827 7.16026 10.9
    endloop
  endfacet
  facet normal -0 0 1
    outer loop
      vertex 6.15572 9.56576 10.9
      vertex 7.03843 9.39018 10.9
      vertex 6.22487 9.84183 10.9
    endloop
  endfacet
  facet normal 0 0 1
    outer loop
      vertex 7.23616 8.05721 10.9
      vertex 6.44243 7.63295 10.9
      vertex 6.58874 7.38885 10.9
    endloop
  endfacet
  facet normal 0 0 1
    outer loop
      vertex 7.03843 9.39018 10.9
      vertex 6.15572 9.56576 10.9
      vertex 7.00963 9.19603 10.9
    endloop
  endfacet
  facet normal 0 0 1
    outer loop
      vertex 7.15224 8.23463 10.9
      vertex 6.32075 7.89022 10.9
      vertex 6.44243 7.63295 10.9
    endloop
  endfacet
  facet normal -0 0 1
    outer loop
      vertex 6.11397 9.28425 10.9
      vertex 7.00963 9.19603 10.9
      vertex 6.15572 9.56576 10.9
    endloop
  endfacet
  facet normal 0 0 1
    outer loop
      vertex 7.08612 8.41943 10.9
      vertex 6.22487 8.15817 10.9
      vertex 6.32075 7.89022 10.9
    endloop
  endfacet
  facet normal 0 0 1
    outer loop
      vertex 7.00963 9.19603 10.9
      vertex 6.11397 9.28425 10.9
      vertex 7 9 10.9
    endloop
  endfacet
  facet normal 0 0 1
    outer loop
      vertex 7.03843 8.60982 10.9
      vertex 6.15572 8.43424 10.9
      vertex 6.22487 8.15817 10.9
    endloop
  endfacet
  facet normal 0 0 1
    outer loop
      vertex 6.1 9 10.9
      vertex 7 9 10.9
      vertex 6.11397 9.28425 10.9
    endloop
  endfacet
  facet normal 0 0 1
    outer loop
      vertex 7.00963 8.80397 10.9
      vertex 6.11397 8.71575 10.9
      vertex 6.15572 8.43424 10.9
    endloop
  endfacet
  facet normal 0 0 1
    outer loop
      vertex 7 9 10.9
      vertex 6.1 9 10.9
      vertex 6.11397 8.71575 10.9
    endloop
  endfacet
  facet normal 0.989206 -0.146531 0
    outer loop
      vertex 11.8443 8.43424 10.9
      vertex 11.886 8.71575 1.2
      vertex 11.886 8.71575 10.9
    endloop
  endfacet
  facet normal 0.989206 -0.146531 0
    outer loop
      vertex 11.886 8.71575 1.2
      vertex 11.8443 8.43424 10.9
      vertex 11.8443 8.43424 1.2
    endloop
  endfacet
  facet normal 0.146703 -0.989181 0
    outer loop
      vertex 9.28425 6.11397 1.2
      vertex 9.56576 6.15572 10.9
      vertex 9.28425 6.11397 10.9
    endloop
  endfacet
  facet normal 0.146703 -0.989181 0
    outer loop
      vertex 9.56576 6.15572 10.9
      vertex 9.28425 6.11397 1.2
      vertex 9.56576 6.15572 1.2
    endloop
  endfacet
  facet normal -0.243139 0.969991 0
    outer loop
      vertex 8.43424 11.8443 1.2
      vertex 8.15817 11.7751 10.9
      vertex 8.43424 11.8443 10.9
    endloop
  endfacet
  facet normal -0.243139 0.969991 0
    outer loop
      vertex 8.15817 11.7751 10.9
      vertex 8.43424 11.8443 1.2
      vertex 8.15817 11.7751 1.2
    endloop
  endfacet
  facet normal -0.741001 0.671504 0
    outer loop
      vertex 6.75827 10.8397 1.2
      vertex 6.94939 11.0506 10.9
      vertex 6.94939 11.0506 1.2
    endloop
  endfacet
  facet normal -0.741001 0.671504 0
    outer loop
      vertex 6.94939 11.0506 10.9
      vertex 6.75827 10.8397 1.2
      vertex 6.75827 10.8397 10.9
    endloop
  endfacet
  facet normal -0.595849 0.803096 0
    outer loop
      vertex 7.38885 11.4113 1.2
      vertex 7.16026 11.2417 10.9
      vertex 7.38885 11.4113 10.9
    endloop
  endfacet
  facet normal -0.595849 0.803096 0
    outer loop
      vertex 7.16026 11.2417 10.9
      vertex 7.38885 11.4113 1.2
      vertex 7.16026 11.2417 1.2
    endloop
  endfacet
  facet normal 0.998789 0.0491928 0
    outer loop
      vertex 11.9 9 10.9
      vertex 11.886 9.28425 1.2
      vertex 11.886 9.28425 10.9
    endloop
  endfacet
  facet normal 0.998789 0.0491928 0
    outer loop
      vertex 11.886 9.28425 1.2
      vertex 11.9 9 10.9
      vertex 11.9 9 1.2
    endloop
  endfacet
  facet normal -0.336908 -0.941537 0
    outer loop
      vertex 7.89022 6.32075 1.2
      vertex 8.15817 6.22487 10.9
      vertex 7.89022 6.32075 10.9
    endloop
  endfacet
  facet normal -0.336908 -0.941537 -0
    outer loop
      vertex 8.15817 6.22487 10.9
      vertex 7.89022 6.32075 1.2
      vertex 8.15817 6.22487 1.2
    endloop
  endfacet
  facet normal -0.146531 0.989206 0
    outer loop
      vertex 8.71575 11.886 1.2
      vertex 8.43424 11.8443 10.9
      vertex 8.71575 11.886 10.9
    endloop
  endfacet
  facet normal -0.146531 0.989206 0
    outer loop
      vertex 8.43424 11.8443 10.9
      vertex 8.71575 11.886 1.2
      vertex 8.43424 11.8443 1.2
    endloop
  endfacet
  facet normal -0.0491928 0.998789 0
    outer loop
      vertex 9 11.9 1.2
      vertex 8.71575 11.886 10.9
      vertex 9 11.9 10.9
    endloop
  endfacet
  facet normal -0.0491928 0.998789 0
    outer loop
      vertex 8.71575 11.886 10.9
      vertex 9 11.9 1.2
      vertex 8.71575 11.886 1.2
    endloop
  endfacet
  facet normal -0.903989 -0.427556 0
    outer loop
      vertex 6.44243 7.63295 1.2
      vertex 6.32075 7.89022 10.9
      vertex 6.32075 7.89022 1.2
    endloop
  endfacet
  facet normal -0.903989 -0.427556 0
    outer loop
      vertex 6.32075 7.89022 10.9
      vertex 6.44243 7.63295 1.2
      vertex 6.44243 7.63295 10.9
    endloop
  endfacet
  facet normal 0.904117 0.427286 0
    outer loop
      vertex 11.6792 10.1098 10.9
      vertex 11.5576 10.3671 1.2
      vertex 11.5576 10.3671 10.9
    endloop
  endfacet
  facet normal 0.904117 0.427286 0
    outer loop
      vertex 11.5576 10.3671 1.2
      vertex 11.6792 10.1098 10.9
      vertex 11.6792 10.1098 1.2
    endloop
  endfacet
  facet normal 0.998789 -0.0491928 0
    outer loop
      vertex 11.886 8.71575 10.9
      vertex 11.9 9 1.2
      vertex 11.9 9 10.9
    endloop
  endfacet
  facet normal 0.998789 -0.0491928 0
    outer loop
      vertex 11.9 9 1.2
      vertex 11.886 8.71575 10.9
      vertex 11.886 8.71575 1.2
    endloop
  endfacet
  facet normal 0.857741 0.514082 0
    outer loop
      vertex 11.5576 10.3671 10.9
      vertex 11.4113 10.6112 1.2
      vertex 11.4113 10.6112 10.9
    endloop
  endfacet
  facet normal 0.857741 0.514082 0
    outer loop
      vertex 11.4113 10.6112 1.2
      vertex 11.5576 10.3671 10.9
      vertex 11.5576 10.3671 1.2
    endloop
  endfacet
  facet normal 0.969991 0.243139 0
    outer loop
      vertex 11.8443 9.56576 10.9
      vertex 11.7751 9.84183 1.2
      vertex 11.7751 9.84183 10.9
    endloop
  endfacet
  facet normal 0.969991 0.243139 0
    outer loop
      vertex 11.7751 9.84183 1.2
      vertex 11.8443 9.56576 10.9
      vertex 11.8443 9.56576 1.2
    endloop
  endfacet
  facet normal -0.970033 0.242974 0
    outer loop
      vertex 6.15572 9.56576 1.2
      vertex 6.22487 9.84183 10.9
      vertex 6.22487 9.84183 1.2
    endloop
  endfacet
  facet normal -0.970033 0.242974 0
    outer loop
      vertex 6.22487 9.84183 10.9
      vertex 6.15572 9.56576 1.2
      vertex 6.15572 9.56576 10.9
    endloop
  endfacet
  facet normal -0.427556 -0.903989 0
    outer loop
      vertex 7.63295 6.44243 1.2
      vertex 7.89022 6.32075 10.9
      vertex 7.63295 6.44243 10.9
    endloop
  endfacet
  facet normal -0.427556 -0.903989 -0
    outer loop
      vertex 7.89022 6.32075 10.9
      vertex 7.63295 6.44243 1.2
      vertex 7.89022 6.32075 1.2
    endloop
  endfacet
  facet normal 0.0490876 -0.998794 0
    outer loop
      vertex 9 6.1 1.2
      vertex 9.28425 6.11397 10.9
      vertex 9 6.1 10.9
    endloop
  endfacet
  facet normal 0.0490876 -0.998794 0
    outer loop
      vertex 9.28425 6.11397 10.9
      vertex 9 6.1 1.2
      vertex 9.28425 6.11397 1.2
    endloop
  endfacet
  facet normal -0.998794 -0.0490876 0
    outer loop
      vertex 6.11397 8.71575 1.2
      vertex 6.1 9 10.9
      vertex 6.1 9 1.2
    endloop
  endfacet
  facet normal -0.998794 -0.0490876 0
    outer loop
      vertex 6.1 9 10.9
      vertex 6.11397 8.71575 1.2
      vertex 6.11397 8.71575 10.9
    endloop
  endfacet
  facet normal 0.243139 0.969991 -0
    outer loop
      vertex 9.84183 11.7751 1.2
      vertex 9.56576 11.8443 10.9
      vertex 9.84183 11.7751 10.9
    endloop
  endfacet
  facet normal 0.243139 0.969991 0
    outer loop
      vertex 9.56576 11.8443 10.9
      vertex 9.84183 11.7751 1.2
      vertex 9.56576 11.8443 1.2
    endloop
  endfacet
  facet normal 0.857741 -0.514082 0
    outer loop
      vertex 11.4113 7.38885 10.9
      vertex 11.5576 7.63295 1.2
      vertex 11.5576 7.63295 10.9
    endloop
  endfacet
  facet normal 0.857741 -0.514082 0
    outer loop
      vertex 11.5576 7.63295 1.2
      vertex 11.4113 7.38885 10.9
      vertex 11.4113 7.38885 1.2
    endloop
  endfacet
  facet normal 0.941523 0.336948 0
    outer loop
      vertex 11.7751 9.84183 10.9
      vertex 11.6792 10.1098 1.2
      vertex 11.6792 10.1098 10.9
    endloop
  endfacet
  facet normal 0.941523 0.336948 0
    outer loop
      vertex 11.6792 10.1098 1.2
      vertex 11.7751 9.84183 10.9
      vertex 11.7751 9.84183 1.2
    endloop
  endfacet
  facet normal 0.242974 -0.970033 0
    outer loop
      vertex 9.56576 6.15572 1.2
      vertex 9.84183 6.22487 10.9
      vertex 9.56576 6.15572 10.9
    endloop
  endfacet
  facet normal 0.242974 -0.970033 0
    outer loop
      vertex 9.84183 6.22487 10.9
      vertex 9.56576 6.15572 1.2
      vertex 9.84183 6.22487 1.2
    endloop
  endfacet
  facet normal -0.427326 0.904097 0
    outer loop
      vertex 7.89022 11.6792 1.2
      vertex 7.63295 11.5576 10.9
      vertex 7.89022 11.6792 10.9
    endloop
  endfacet
  facet normal -0.427326 0.904097 0
    outer loop
      vertex 7.63295 11.5576 10.9
      vertex 7.89022 11.6792 1.2
      vertex 7.63295 11.5576 1.2
    endloop
  endfacet
  facet normal -0.514082 0.857741 0
    outer loop
      vertex 7.63295 11.5576 1.2
      vertex 7.38885 11.4113 10.9
      vertex 7.63295 11.5576 10.9
    endloop
  endfacet
  facet normal -0.514082 0.857741 0
    outer loop
      vertex 7.38885 11.4113 10.9
      vertex 7.63295 11.5576 1.2
      vertex 7.38885 11.4113 1.2
    endloop
  endfacet
  facet normal 0.596 0.802984 -0
    outer loop
      vertex 10.8397 11.2417 1.2
      vertex 10.6112 11.4113 10.9
      vertex 10.8397 11.2417 10.9
    endloop
  endfacet
  facet normal 0.596 0.802984 0
    outer loop
      vertex 10.6112 11.4113 10.9
      vertex 10.8397 11.2417 1.2
      vertex 10.6112 11.4113 1.2
    endloop
  endfacet
  facet normal -0.803102 0.595842 0
    outer loop
      vertex 6.58874 10.6112 1.2
      vertex 6.75827 10.8397 10.9
      vertex 6.75827 10.8397 1.2
    endloop
  endfacet
  facet normal -0.803102 0.595842 0
    outer loop
      vertex 6.75827 10.8397 10.9
      vertex 6.58874 10.6112 1.2
      vertex 6.58874 10.6112 10.9
    endloop
  endfacet
  facet normal -0.989181 0.146703 0
    outer loop
      vertex 6.11397 9.28425 1.2
      vertex 6.15572 9.56576 10.9
      vertex 6.15572 9.56576 1.2
    endloop
  endfacet
  facet normal -0.989181 0.146703 0
    outer loop
      vertex 6.15572 9.56576 10.9
      vertex 6.11397 9.28425 1.2
      vertex 6.11397 9.28425 10.9
    endloop
  endfacet
  facet normal 0.427286 0.904117 -0
    outer loop
      vertex 10.3671 11.5576 1.2
      vertex 10.1098 11.6792 10.9
      vertex 10.3671 11.5576 10.9
    endloop
  endfacet
  facet normal 0.427286 0.904117 0
    outer loop
      vertex 10.1098 11.6792 10.9
      vertex 10.3671 11.5576 1.2
      vertex 10.1098 11.6792 1.2
    endloop
  endfacet
  facet normal 0.904097 -0.427326 0
    outer loop
      vertex 11.5576 7.63295 10.9
      vertex 11.6792 7.89022 1.2
      vertex 11.6792 7.89022 10.9
    endloop
  endfacet
  facet normal 0.904097 -0.427326 0
    outer loop
      vertex 11.6792 7.89022 1.2
      vertex 11.5576 7.63295 10.9
      vertex 11.5576 7.63295 1.2
    endloop
  endfacet
  facet normal 0.741036 0.671465 0
    outer loop
      vertex 11.2417 10.8397 10.9
      vertex 11.0506 11.0506 1.2
      vertex 11.0506 11.0506 10.9
    endloop
  endfacet
  facet normal 0.741036 0.671465 0
    outer loop
      vertex 11.0506 11.0506 1.2
      vertex 11.2417 10.8397 10.9
      vertex 11.2417 10.8397 1.2
    endloop
  endfacet
  facet normal -0.803214 -0.59569 0
    outer loop
      vertex 6.75827 7.16026 1.2
      vertex 6.58874 7.38885 10.9
      vertex 6.58874 7.38885 1.2
    endloop
  endfacet
  facet normal -0.803214 -0.59569 0
    outer loop
      vertex 6.58874 7.38885 10.9
      vertex 6.75827 7.16026 1.2
      vertex 6.75827 7.16026 10.9
    endloop
  endfacet
  facet normal 0.0491928 0.998789 -0
    outer loop
      vertex 9.28425 11.886 1.2
      vertex 9 11.9 10.9
      vertex 9.28425 11.886 10.9
    endloop
  endfacet
  facet normal 0.0491928 0.998789 0
    outer loop
      vertex 9 11.9 10.9
      vertex 9.28425 11.886 1.2
      vertex 9 11.9 1.2
    endloop
  endfacet
  facet normal 0.941515 -0.336971 0
    outer loop
      vertex 11.6792 7.89022 10.9
      vertex 11.7751 8.15817 1.2
      vertex 11.7751 8.15817 10.9
    endloop
  endfacet
  facet normal 0.941515 -0.336971 0
    outer loop
      vertex 11.7751 8.15817 1.2
      vertex 11.6792 7.89022 10.9
      vertex 11.6792 7.89022 1.2
    endloop
  endfacet
  facet normal -0.740954 -0.671556 0
    outer loop
      vertex 6.94939 6.94939 1.2
      vertex 6.75827 7.16026 10.9
      vertex 6.75827 7.16026 1.2
    endloop
  endfacet
  facet normal -0.740954 -0.671556 0
    outer loop
      vertex 6.75827 7.16026 10.9
      vertex 6.94939 6.94939 1.2
      vertex 6.94939 6.94939 10.9
    endloop
  endfacet
  facet normal -0.998794 0.0490876 0
    outer loop
      vertex 6.1 9 1.2
      vertex 6.11397 9.28425 10.9
      vertex 6.11397 9.28425 1.2
    endloop
  endfacet
  facet normal -0.998794 0.0490876 0
    outer loop
      vertex 6.11397 9.28425 10.9
      vertex 6.1 9 1.2
      vertex 6.1 9 10.9
    endloop
  endfacet
  facet normal -0.970033 -0.242974 0
    outer loop
      vertex 6.22487 8.15817 1.2
      vertex 6.15572 8.43424 10.9
      vertex 6.15572 8.43424 1.2
    endloop
  endfacet
  facet normal -0.970033 -0.242974 0
    outer loop
      vertex 6.15572 8.43424 10.9
      vertex 6.22487 8.15817 1.2
      vertex 6.22487 8.15817 10.9
    endloop
  endfacet
  facet normal 0.146531 0.989206 -0
    outer loop
      vertex 9.56576 11.8443 1.2
      vertex 9.28425 11.886 10.9
      vertex 9.56576 11.8443 10.9
    endloop
  endfacet
  facet normal 0.146531 0.989206 0
    outer loop
      vertex 9.28425 11.886 10.9
      vertex 9.56576 11.8443 1.2
      vertex 9.28425 11.886 1.2
    endloop
  endfacet
  facet normal -0.904008 0.427515 0
    outer loop
      vertex 6.32075 10.1098 1.2
      vertex 6.44243 10.3671 10.9
      vertex 6.44243 10.3671 1.2
    endloop
  endfacet
  facet normal -0.904008 0.427515 0
    outer loop
      vertex 6.44243 10.3671 10.9
      vertex 6.32075 10.1098 1.2
      vertex 6.32075 10.1098 10.9
    endloop
  endfacet
  facet normal 0.336886 -0.941545 0
    outer loop
      vertex 9.84183 6.22487 1.2
      vertex 10.1098 6.32075 10.9
      vertex 9.84183 6.22487 10.9
    endloop
  endfacet
  facet normal 0.336886 -0.941545 0
    outer loop
      vertex 10.1098 6.32075 10.9
      vertex 9.84183 6.22487 1.2
      vertex 10.1098 6.32075 1.2
    endloop
  endfacet
  facet normal 0.969991 -0.243139 0
    outer loop
      vertex 11.7751 8.15817 10.9
      vertex 11.8443 8.43424 1.2
      vertex 11.8443 8.43424 10.9
    endloop
  endfacet
  facet normal 0.969991 -0.243139 0
    outer loop
      vertex 11.8443 8.43424 1.2
      vertex 11.7751 8.15817 10.9
      vertex 11.7751 8.15817 1.2
    endloop
  endfacet
  facet normal -0.989181 -0.146703 0
    outer loop
      vertex 6.15572 8.43424 1.2
      vertex 6.11397 8.71575 10.9
      vertex 6.11397 8.71575 1.2
    endloop
  endfacet
  facet normal -0.989181 -0.146703 0
    outer loop
      vertex 6.11397 8.71575 10.9
      vertex 6.15572 8.43424 1.2
      vertex 6.15572 8.43424 10.9
    endloop
  endfacet
  facet normal 0.802984 0.596 0
    outer loop
      vertex 11.4113 10.6112 10.9
      vertex 11.2417 10.8397 1.2
      vertex 11.2417 10.8397 10.9
    endloop
  endfacet
  facet normal 0.802984 0.596 0
    outer loop
      vertex 11.2417 10.8397 1.2
      vertex 11.4113 10.6112 10.9
      vertex 11.4113 10.6112 1.2
    endloop
  endfacet
  facet normal 0.740989 -0.671518 0
    outer loop
      vertex 11.0506 6.94939 10.9
      vertex 11.2417 7.16026 1.2
      vertex 11.2417 7.16026 10.9
    endloop
  endfacet
  facet normal 0.740989 -0.671518 0
    outer loop
      vertex 11.2417 7.16026 1.2
      vertex 11.0506 6.94939 10.9
      vertex 11.0506 6.94939 1.2
    endloop
  endfacet
  facet normal -0.242974 -0.970033 0
    outer loop
      vertex 8.15817 6.22487 1.2
      vertex 8.43424 6.15572 10.9
      vertex 8.15817 6.22487 10.9
    endloop
  endfacet
  facet normal -0.242974 -0.970033 -0
    outer loop
      vertex 8.43424 6.15572 10.9
      vertex 8.15817 6.22487 1.2
      vertex 8.43424 6.15572 1.2
    endloop
  endfacet
  facet normal 0.427515 -0.904008 0
    outer loop
      vertex 10.1098 6.32075 1.2
      vertex 10.3671 6.44243 10.9
      vertex 10.1098 6.32075 10.9
    endloop
  endfacet
  facet normal 0.427515 -0.904008 0
    outer loop
      vertex 10.3671 6.44243 10.9
      vertex 10.1098 6.32075 1.2
      vertex 10.3671 6.44243 1.2
    endloop
  endfacet
  facet normal 0.336948 0.941523 -0
    outer loop
      vertex 10.1098 11.6792 1.2
      vertex 9.84183 11.7751 10.9
      vertex 10.1098 11.6792 10.9
    endloop
  endfacet
  facet normal 0.336948 0.941523 0
    outer loop
      vertex 9.84183 11.7751 10.9
      vertex 10.1098 11.6792 1.2
      vertex 9.84183 11.7751 1.2
    endloop
  endfacet
  facet normal -0.59569 -0.803214 0
    outer loop
      vertex 7.16026 6.75827 1.2
      vertex 7.38885 6.58874 10.9
      vertex 7.16026 6.75827 10.9
    endloop
  endfacet
  facet normal -0.59569 -0.803214 -0
    outer loop
      vertex 7.38885 6.58874 10.9
      vertex 7.16026 6.75827 1.2
      vertex 7.38885 6.58874 1.2
    endloop
  endfacet
  facet normal -0.857725 0.514108 0
    outer loop
      vertex 6.44243 10.3671 1.2
      vertex 6.58874 10.6112 10.9
      vertex 6.58874 10.6112 1.2
    endloop
  endfacet
  facet normal -0.857725 0.514108 0
    outer loop
      vertex 6.58874 10.6112 10.9
      vertex 6.44243 10.3671 1.2
      vertex 6.44243 10.3671 10.9
    endloop
  endfacet
  facet normal -0.941545 0.336886 0
    outer loop
      vertex 6.22487 9.84183 1.2
      vertex 6.32075 10.1098 10.9
      vertex 6.32075 10.1098 1.2
    endloop
  endfacet
  facet normal -0.941545 0.336886 0
    outer loop
      vertex 6.32075 10.1098 10.9
      vertex 6.22487 9.84183 1.2
      vertex 6.22487 9.84183 10.9
    endloop
  endfacet
  facet normal -0.514108 -0.857725 0
    outer loop
      vertex 7.38885 6.58874 1.2
      vertex 7.63295 6.44243 10.9
      vertex 7.38885 6.58874 10.9
    endloop
  endfacet
  facet normal -0.514108 -0.857725 -0
    outer loop
      vertex 7.63295 6.44243 10.9
      vertex 7.38885 6.58874 1.2
      vertex 7.63295 6.44243 1.2
    endloop
  endfacet
  facet normal 0.671504 -0.741001 0
    outer loop
      vertex 10.8397 6.75827 1.2
      vertex 11.0506 6.94939 10.9
      vertex 10.8397 6.75827 10.9
    endloop
  endfacet
  facet normal 0.671504 -0.741001 0
    outer loop
      vertex 11.0506 6.94939 10.9
      vertex 10.8397 6.75827 1.2
      vertex 11.0506 6.94939 1.2
    endloop
  endfacet
  facet normal -0.989176 0.146733 0
    outer loop
      vertex 10.9616 8.60982 7.3
      vertex 10.9904 8.80397 10.9
      vertex 10.9904 8.80397 7.3
    endloop
  endfacet
  facet normal -0.989176 0.146733 0
    outer loop
      vertex 10.9904 8.80397 10.9
      vertex 10.9616 8.60982 7.3
      vertex 10.9616 8.60982 10.9
    endloop
  endfacet
  facet normal 0.427583 0.903976 -0
    outer loop
      vertex 8.23463 7.15224 7.3
      vertex 8.05721 7.23616 10.9
      vertex 8.23463 7.15224 10.9
    endloop
  endfacet
  facet normal 0.427583 0.903976 0
    outer loop
      vertex 8.05721 7.23616 10.9
      vertex 8.23463 7.15224 7.3
      vertex 8.05721 7.23616 7.3
    endloop
  endfacet
  facet normal -0.049066 0.998796 0
    outer loop
      vertex 9.19603 7.00963 7.3
      vertex 9 7 10.9
      vertex 9.19603 7.00963 10.9
    endloop
  endfacet
  facet normal -0.049066 0.998796 0
    outer loop
      vertex 9 7 10.9
      vertex 9.19603 7.00963 7.3
      vertex 9 7 7.3
    endloop
  endfacet
  facet normal 0.146733 -0.989176 0
    outer loop
      vertex 8.60982 10.9616 7.3
      vertex 8.80397 10.9904 10.9
      vertex 8.60982 10.9616 10.9
    endloop
  endfacet
  facet normal 0.146733 -0.989176 0
    outer loop
      vertex 8.80397 10.9904 10.9
      vertex 8.60982 10.9616 7.3
      vertex 8.80397 10.9904 7.3
    endloop
  endfacet
  facet normal 0.740882 -0.671635 0
    outer loop
      vertex 7.45398 10.2688 10.9
      vertex 7.58579 10.4142 7.3
      vertex 7.58579 10.4142 10.9
    endloop
  endfacet
  facet normal 0.740882 -0.671635 0
    outer loop
      vertex 7.58579 10.4142 7.3
      vertex 7.45398 10.2688 10.9
      vertex 7.45398 10.2688 7.3
    endloop
  endfacet
  facet normal -0.427583 0.903976 0
    outer loop
      vertex 9.94279 7.23616 7.3
      vertex 9.76537 7.15224 10.9
      vertex 9.94279 7.23616 10.9
    endloop
  endfacet
  facet normal -0.427583 0.903976 0
    outer loop
      vertex 9.76537 7.15224 10.9
      vertex 9.94279 7.23616 7.3
      vertex 9.76537 7.15224 7.3
    endloop
  endfacet
  facet normal 0.998796 -0.049066 0
    outer loop
      vertex 7 9 10.9
      vertex 7.00963 9.19603 7.3
      vertex 7.00963 9.19603 10.9
    endloop
  endfacet
  facet normal 0.998796 -0.049066 0
    outer loop
      vertex 7.00963 9.19603 7.3
      vertex 7 9 10.9
      vertex 7 9 7.3
    endloop
  endfacet
  facet normal -0.94158 -0.336788 0
    outer loop
      vertex 10.9139 9.58057 7.3
      vertex 10.8478 9.76537 10.9
      vertex 10.8478 9.76537 7.3
    endloop
  endfacet
  facet normal -0.94158 -0.336788 0
    outer loop
      vertex 10.8478 9.76537 10.9
      vertex 10.9139 9.58057 7.3
      vertex 10.9139 9.58057 10.9
    endloop
  endfacet
  facet normal -0.671607 -0.740908 0
    outer loop
      vertex 10.2688 10.546 7.3
      vertex 10.4142 10.4142 10.9
      vertex 10.2688 10.546 10.9
    endloop
  endfacet
  facet normal -0.671607 -0.740908 -0
    outer loop
      vertex 10.4142 10.4142 10.9
      vertex 10.2688 10.546 7.3
      vertex 10.4142 10.4142 7.3
    endloop
  endfacet
  facet normal -0.336788 -0.94158 0
    outer loop
      vertex 9.58057 10.9139 7.3
      vertex 9.76537 10.8478 10.9
      vertex 9.58057 10.9139 10.9
    endloop
  endfacet
  facet normal -0.336788 -0.94158 -0
    outer loop
      vertex 9.76537 10.8478 10.9
      vertex 9.58057 10.9139 7.3
      vertex 9.76537 10.8478 7.3
    endloop
  endfacet
  facet normal 0.514084 -0.85774 0
    outer loop
      vertex 7.88886 10.6629 7.3
      vertex 8.05721 10.7638 10.9
      vertex 7.88886 10.6629 10.9
    endloop
  endfacet
  facet normal 0.514084 -0.85774 0
    outer loop
      vertex 8.05721 10.7638 10.9
      vertex 7.88886 10.6629 7.3
      vertex 8.05721 10.7638 7.3
    endloop
  endfacet
  facet normal -0.989176 -0.146733 0
    outer loop
      vertex 10.9904 9.19603 7.3
      vertex 10.9616 9.39018 10.9
      vertex 10.9616 9.39018 7.3
    endloop
  endfacet
  facet normal -0.989176 -0.146733 0
    outer loop
      vertex 10.9616 9.39018 10.9
      vertex 10.9904 9.19603 7.3
      vertex 10.9904 9.19603 10.9
    endloop
  endfacet
  facet normal -0.243027 -0.970019 0
    outer loop
      vertex 9.39018 10.9616 7.3
      vertex 9.58057 10.9139 10.9
      vertex 9.39018 10.9616 10.9
    endloop
  endfacet
  facet normal -0.243027 -0.970019 -0
    outer loop
      vertex 9.58057 10.9139 10.9
      vertex 9.39018 10.9616 7.3
      vertex 9.58057 10.9139 7.3
    endloop
  endfacet
  facet normal 0.970032 -0.242979 0
    outer loop
      vertex 7.03843 9.39018 10.9
      vertex 7.08612 9.58057 7.3
      vertex 7.08612 9.58057 10.9
    endloop
  endfacet
  facet normal 0.970032 -0.242979 0
    outer loop
      vertex 7.08612 9.58057 7.3
      vertex 7.03843 9.39018 10.9
      vertex 7.03843 9.39018 7.3
    endloop
  endfacet
  facet normal -0.998803 -0.0489135 0
    outer loop
      vertex 11 9 7.3
      vertex 10.9904 9.19603 10.9
      vertex 10.9904 9.19603 7.3
    endloop
  endfacet
  facet normal -0.998803 -0.0489135 0
    outer loop
      vertex 10.9904 9.19603 10.9
      vertex 11 9 7.3
      vertex 11 9 10.9
    endloop
  endfacet
  facet normal -0.514173 0.857686 0
    outer loop
      vertex 10.1111 7.33706 7.3
      vertex 9.94279 7.23616 10.9
      vertex 10.1111 7.33706 10.9
    endloop
  endfacet
  facet normal -0.514173 0.857686 0
    outer loop
      vertex 9.94279 7.23616 10.9
      vertex 10.1111 7.33706 7.3
      vertex 9.94279 7.23616 7.3
    endloop
  endfacet
  facet normal 0.989176 0.146733 0
    outer loop
      vertex 7.03843 8.60982 10.9
      vertex 7.00963 8.80397 7.3
      vertex 7.00963 8.80397 10.9
    endloop
  endfacet
  facet normal 0.989176 0.146733 0
    outer loop
      vertex 7.00963 8.80397 7.3
      vertex 7.03843 8.60982 10.9
      vertex 7.03843 8.60982 7.3
    endloop
  endfacet
  facet normal -0.427916 -0.903819 0
    outer loop
      vertex 9.76537 10.8478 7.3
      vertex 9.94279 10.7638 10.9
      vertex 9.76537 10.8478 10.9
    endloop
  endfacet
  facet normal -0.427916 -0.903819 -0
    outer loop
      vertex 9.94279 10.7638 10.9
      vertex 9.76537 10.8478 7.3
      vertex 9.94279 10.7638 7.3
    endloop
  endfacet
  facet normal 0.0489135 -0.998803 0
    outer loop
      vertex 8.80397 10.9904 7.3
      vertex 9 11 10.9
      vertex 8.80397 10.9904 10.9
    endloop
  endfacet
  facet normal 0.0489135 -0.998803 0
    outer loop
      vertex 9 11 10.9
      vertex 8.80397 10.9904 7.3
      vertex 9 11 7.3
    endloop
  endfacet
  facet normal -0.803259 0.59563 0
    outer loop
      vertex 10.546 7.73121 7.3
      vertex 10.6629 7.88886 10.9
      vertex 10.6629 7.88886 7.3
    endloop
  endfacet
  facet normal -0.803259 0.59563 0
    outer loop
      vertex 10.6629 7.88886 10.9
      vertex 10.546 7.73121 7.3
      vertex 10.546 7.73121 10.9
    endloop
  endfacet
  facet normal 0.803301 -0.595573 0
    outer loop
      vertex 7.33706 10.1111 10.9
      vertex 7.45398 10.2688 7.3
      vertex 7.45398 10.2688 10.9
    endloop
  endfacet
  facet normal 0.803301 -0.595573 0
    outer loop
      vertex 7.45398 10.2688 7.3
      vertex 7.33706 10.1111 10.9
      vertex 7.33706 10.1111 7.3
    endloop
  endfacet
  facet normal -0.970019 0.243027 0
    outer loop
      vertex 10.9139 8.41943 7.3
      vertex 10.9616 8.60982 10.9
      vertex 10.9616 8.60982 7.3
    endloop
  endfacet
  facet normal -0.970019 0.243027 0
    outer loop
      vertex 10.9616 8.60982 10.9
      vertex 10.9139 8.41943 7.3
      vertex 10.9139 8.41943 10.9
    endloop
  endfacet
  facet normal -0.970019 -0.243027 0
    outer loop
      vertex 10.9616 9.39018 7.3
      vertex 10.9139 9.58057 10.9
      vertex 10.9139 9.58057 7.3
    endloop
  endfacet
  facet normal -0.970019 -0.243027 0
    outer loop
      vertex 10.9139 9.58057 10.9
      vertex 10.9616 9.39018 7.3
      vertex 10.9616 9.39018 10.9
    endloop
  endfacet
  facet normal -0.0489135 -0.998803 0
    outer loop
      vertex 9 11 7.3
      vertex 9.19603 10.9904 10.9
      vertex 9 11 10.9
    endloop
  endfacet
  facet normal -0.0489135 -0.998803 -0
    outer loop
      vertex 9.19603 10.9904 10.9
      vertex 9 11 7.3
      vertex 9.19603 10.9904 7.3
    endloop
  endfacet
  facet normal 0.998796 0.049066 0
    outer loop
      vertex 7.00963 8.80397 10.9
      vertex 7 9 7.3
      vertex 7 9 10.9
    endloop
  endfacet
  facet normal 0.998796 0.049066 0
    outer loop
      vertex 7 9 7.3
      vertex 7.00963 8.80397 10.9
      vertex 7.00963 8.80397 7.3
    endloop
  endfacet
  facet normal -0.242979 0.970032 0
    outer loop
      vertex 9.58057 7.08612 7.3
      vertex 9.39018 7.03843 10.9
      vertex 9.58057 7.08612 10.9
    endloop
  endfacet
  facet normal -0.242979 0.970032 0
    outer loop
      vertex 9.39018 7.03843 10.9
      vertex 9.58057 7.08612 7.3
      vertex 9.39018 7.03843 7.3
    endloop
  endfacet
  facet normal 0.243027 -0.970019 0
    outer loop
      vertex 8.41943 10.9139 7.3
      vertex 8.60982 10.9616 10.9
      vertex 8.41943 10.9139 10.9
    endloop
  endfacet
  facet normal 0.243027 -0.970019 0
    outer loop
      vertex 8.60982 10.9616 10.9
      vertex 8.41943 10.9139 7.3
      vertex 8.60982 10.9616 7.3
    endloop
  endfacet
  facet normal 0.80321 0.595695 0
    outer loop
      vertex 7.45398 7.73121 10.9
      vertex 7.33706 7.88886 7.3
      vertex 7.33706 7.88886 10.9
    endloop
  endfacet
  facet normal 0.80321 0.595695 0
    outer loop
      vertex 7.33706 7.88886 7.3
      vertex 7.45398 7.73121 10.9
      vertex 7.45398 7.73121 7.3
    endloop
  endfacet
  facet normal -0.595508 -0.80335 0
    outer loop
      vertex 10.1111 10.6629 7.3
      vertex 10.2688 10.546 10.9
      vertex 10.1111 10.6629 10.9
    endloop
  endfacet
  facet normal -0.595508 -0.80335 -0
    outer loop
      vertex 10.2688 10.546 10.9
      vertex 10.1111 10.6629 7.3
      vertex 10.2688 10.546 7.3
    endloop
  endfacet
  facet normal 0.427916 -0.903819 0
    outer loop
      vertex 8.05721 10.7638 7.3
      vertex 8.23463 10.8478 10.9
      vertex 8.05721 10.7638 10.9
    endloop
  endfacet
  facet normal 0.427916 -0.903819 0
    outer loop
      vertex 8.23463 10.8478 10.9
      vertex 8.05721 10.7638 7.3
      vertex 8.23463 10.8478 7.3
    endloop
  endfacet
  facet normal 0.336788 -0.94158 0
    outer loop
      vertex 8.23463 10.8478 7.3
      vertex 8.41943 10.9139 10.9
      vertex 8.23463 10.8478 10.9
    endloop
  endfacet
  facet normal 0.336788 -0.94158 0
    outer loop
      vertex 8.41943 10.9139 10.9
      vertex 8.23463 10.8478 7.3
      vertex 8.41943 10.9139 7.3
    endloop
  endfacet
  facet normal 0.941548 0.336879 0
    outer loop
      vertex 7.15224 8.23463 10.9
      vertex 7.08612 8.41943 7.3
      vertex 7.08612 8.41943 10.9
    endloop
  endfacet
  facet normal 0.941548 0.336879 0
    outer loop
      vertex 7.08612 8.41943 7.3
      vertex 7.15224 8.23463 10.9
      vertex 7.15224 8.23463 7.3
    endloop
  endfacet
  facet normal -0.857686 -0.514173 0
    outer loop
      vertex 10.7638 9.94279 7.3
      vertex 10.6629 10.1111 10.9
      vertex 10.6629 10.1111 7.3
    endloop
  endfacet
  facet normal -0.857686 -0.514173 0
    outer loop
      vertex 10.6629 10.1111 10.9
      vertex 10.7638 9.94279 7.3
      vertex 10.7638 9.94279 10.9
    endloop
  endfacet
  facet normal -0.336879 0.941548 0
    outer loop
      vertex 9.76537 7.15224 7.3
      vertex 9.58057 7.08612 10.9
      vertex 9.76537 7.15224 10.9
    endloop
  endfacet
  facet normal -0.336879 0.941548 0
    outer loop
      vertex 9.58057 7.08612 10.9
      vertex 9.76537 7.15224 7.3
      vertex 9.58057 7.08612 7.3
    endloop
  endfacet
  facet normal -0.514173 -0.857686 0
    outer loop
      vertex 9.94279 10.7638 7.3
      vertex 10.1111 10.6629 10.9
      vertex 9.94279 10.7638 10.9
    endloop
  endfacet
  facet normal -0.514173 -0.857686 -0
    outer loop
      vertex 10.1111 10.6629 10.9
      vertex 9.94279 10.7638 7.3
      vertex 10.1111 10.6629 7.3
    endloop
  endfacet
  facet normal 0.857686 -0.514173 0
    outer loop
      vertex 7.23616 9.94279 10.9
      vertex 7.33706 10.1111 7.3
      vertex 7.33706 10.1111 10.9
    endloop
  endfacet
  facet normal 0.857686 -0.514173 0
    outer loop
      vertex 7.33706 10.1111 7.3
      vertex 7.23616 9.94279 10.9
      vertex 7.23616 9.94279 7.3
    endloop
  endfacet
  facet normal -0.998803 0.0489135 0
    outer loop
      vertex 10.9904 8.80397 7.3
      vertex 11 9 10.9
      vertex 11 9 7.3
    endloop
  endfacet
  facet normal -0.998803 0.0489135 0
    outer loop
      vertex 11 9 10.9
      vertex 10.9904 8.80397 7.3
      vertex 10.9904 8.80397 10.9
    endloop
  endfacet
  facet normal -0.146733 0.989176 0
    outer loop
      vertex 9.39018 7.03843 7.3
      vertex 9.19603 7.00963 10.9
      vertex 9.39018 7.03843 10.9
    endloop
  endfacet
  facet normal -0.146733 0.989176 0
    outer loop
      vertex 9.19603 7.00963 10.9
      vertex 9.39018 7.03843 7.3
      vertex 9.19603 7.00963 7.3
    endloop
  endfacet
  facet normal -0.146733 -0.989176 0
    outer loop
      vertex 9.19603 10.9904 7.3
      vertex 9.39018 10.9616 10.9
      vertex 9.19603 10.9904 10.9
    endloop
  endfacet
  facet normal -0.146733 -0.989176 -0
    outer loop
      vertex 9.39018 10.9616 10.9
      vertex 9.19603 10.9904 7.3
      vertex 9.39018 10.9616 7.3
    endloop
  endfacet
  facet normal -0.903819 -0.427916 0
    outer loop
      vertex 10.8478 9.76537 7.3
      vertex 10.7638 9.94279 10.9
      vertex 10.7638 9.94279 7.3
    endloop
  endfacet
  facet normal -0.903819 -0.427916 0
    outer loop
      vertex 10.7638 9.94279 10.9
      vertex 10.8478 9.76537 7.3
      vertex 10.8478 9.76537 10.9
    endloop
  endfacet
  facet normal -0.80335 -0.595508 0
    outer loop
      vertex 10.6629 10.1111 7.3
      vertex 10.546 10.2688 10.9
      vertex 10.546 10.2688 7.3
    endloop
  endfacet
  facet normal -0.80335 -0.595508 0
    outer loop
      vertex 10.546 10.2688 10.9
      vertex 10.6629 10.1111 7.3
      vertex 10.6629 10.1111 10.9
    endloop
  endfacet
  facet normal 0.85774 0.514084 0
    outer loop
      vertex 7.33706 7.88886 10.9
      vertex 7.23616 8.05721 7.3
      vertex 7.23616 8.05721 10.9
    endloop
  endfacet
  facet normal 0.85774 0.514084 0
    outer loop
      vertex 7.23616 8.05721 7.3
      vertex 7.33706 7.88886 10.9
      vertex 7.33706 7.88886 7.3
    endloop
  endfacet
  facet normal 0.941548 -0.336879 0
    outer loop
      vertex 7.08612 9.58057 10.9
      vertex 7.15224 9.76537 7.3
      vertex 7.15224 9.76537 10.9
    endloop
  endfacet
  facet normal 0.941548 -0.336879 0
    outer loop
      vertex 7.15224 9.76537 7.3
      vertex 7.08612 9.58057 10.9
      vertex 7.08612 9.58057 7.3
    endloop
  endfacet
  facet normal 0.671556 -0.740954 0
    outer loop
      vertex 7.58579 10.4142 7.3
      vertex 7.73121 10.546 10.9
      vertex 7.58579 10.4142 10.9
    endloop
  endfacet
  facet normal 0.671556 -0.740954 0
    outer loop
      vertex 7.73121 10.546 10.9
      vertex 7.58579 10.4142 7.3
      vertex 7.73121 10.546 7.3
    endloop
  endfacet
  facet normal 0.59563 -0.803259 0
    outer loop
      vertex 7.73121 10.546 7.3
      vertex 7.88886 10.6629 10.9
      vertex 7.73121 10.546 10.9
    endloop
  endfacet
  facet normal 0.59563 -0.803259 0
    outer loop
      vertex 7.88886 10.6629 10.9
      vertex 7.73121 10.546 7.3
      vertex 7.88886 10.6629 7.3
    endloop
  endfacet
  facet normal 0.989176 -0.146733 0
    outer loop
      vertex 7.00963 9.19603 10.9
      vertex 7.03843 9.39018 7.3
      vertex 7.03843 9.39018 10.9
    endloop
  endfacet
  facet normal 0.989176 -0.146733 0
    outer loop
      vertex 7.03843 9.39018 7.3
      vertex 7.00963 9.19603 10.9
      vertex 7.00963 9.19603 7.3
    endloop
  endfacet
  facet normal 0.970032 0.242979 0
    outer loop
      vertex 7.08612 8.41943 10.9
      vertex 7.03843 8.60982 7.3
      vertex 7.03843 8.60982 10.9
    endloop
  endfacet
  facet normal 0.970032 0.242979 0
    outer loop
      vertex 7.03843 8.60982 7.3
      vertex 7.08612 8.41943 10.9
      vertex 7.08612 8.41943 7.3
    endloop
  endfacet
  facet normal 0.740928 0.671584 0
    outer loop
      vertex 7.58579 7.58579 10.9
      vertex 7.45398 7.73121 7.3
      vertex 7.45398 7.73121 10.9
    endloop
  endfacet
  facet normal 0.740928 0.671584 0
    outer loop
      vertex 7.45398 7.73121 7.3
      vertex 7.58579 7.58579 10.9
      vertex 7.58579 7.58579 7.3
    endloop
  endfacet
  facet normal -0.740954 0.671556 0
    outer loop
      vertex 10.4142 7.58579 7.3
      vertex 10.546 7.73121 10.9
      vertex 10.546 7.73121 7.3
    endloop
  endfacet
  facet normal -0.740954 0.671556 0
    outer loop
      vertex 10.546 7.73121 10.9
      vertex 10.4142 7.58579 7.3
      vertex 10.4142 7.58579 10.9
    endloop
  endfacet
  facet normal -0.740908 -0.671607 0
    outer loop
      vertex 10.546 10.2688 7.3
      vertex 10.4142 10.4142 10.9
      vertex 10.4142 10.4142 7.3
    endloop
  endfacet
  facet normal -0.740908 -0.671607 0
    outer loop
      vertex 10.4142 10.4142 10.9
      vertex 10.546 10.2688 7.3
      vertex 10.546 10.2688 10.9
    endloop
  endfacet
  facet normal -0.671635 0.740882 0
    outer loop
      vertex 10.4142 7.58579 7.3
      vertex 10.2688 7.45398 10.9
      vertex 10.4142 7.58579 10.9
    endloop
  endfacet
  facet normal -0.671635 0.740882 0
    outer loop
      vertex 10.2688 7.45398 10.9
      vertex 10.4142 7.58579 7.3
      vertex 10.2688 7.45398 7.3
    endloop
  endfacet
  facet normal -0.85774 0.514084 0
    outer loop
      vertex 10.6629 7.88886 7.3
      vertex 10.7638 8.05721 10.9
      vertex 10.7638 8.05721 7.3
    endloop
  endfacet
  facet normal -0.85774 0.514084 0
    outer loop
      vertex 10.7638 8.05721 10.9
      vertex 10.6629 7.88886 7.3
      vertex 10.6629 7.88886 10.9
    endloop
  endfacet
  facet normal 0.903976 0.427583 0
    outer loop
      vertex 7.23616 8.05721 10.9
      vertex 7.15224 8.23463 7.3
      vertex 7.15224 8.23463 10.9
    endloop
  endfacet
  facet normal 0.903976 0.427583 0
    outer loop
      vertex 7.15224 8.23463 7.3
      vertex 7.23616 8.05721 10.9
      vertex 7.23616 8.05721 7.3
    endloop
  endfacet
  facet normal 0.146733 0.989176 -0
    outer loop
      vertex 8.80397 7.00963 7.3
      vertex 8.60982 7.03843 10.9
      vertex 8.80397 7.00963 10.9
    endloop
  endfacet
  facet normal 0.146733 0.989176 0
    outer loop
      vertex 8.60982 7.03843 10.9
      vertex 8.80397 7.00963 7.3
      vertex 8.60982 7.03843 7.3
    endloop
  endfacet
  facet normal 0.049066 0.998796 -0
    outer loop
      vertex 9 7 7.3
      vertex 8.80397 7.00963 10.9
      vertex 9 7 10.9
    endloop
  endfacet
  facet normal 0.049066 0.998796 0
    outer loop
      vertex 8.80397 7.00963 10.9
      vertex 9 7 7.3
      vertex 8.80397 7.00963 7.3
    endloop
  endfacet
  facet normal 0 0 1
    outer loop
      vertex 10.9904 9.19603 7.3
      vertex 10.9904 8.80397 7.3
      vertex 11 9 7.3
    endloop
  endfacet
  facet normal 0 0 1
    outer loop
      vertex 10.9616 9.39018 7.3
      vertex 10.9904 8.80397 7.3
      vertex 10.9904 9.19603 7.3
    endloop
  endfacet
  facet normal 0 0 1
    outer loop
      vertex 10.9616 9.39018 7.3
      vertex 10.9616 8.60982 7.3
      vertex 10.9904 8.80397 7.3
    endloop
  endfacet
  facet normal 0 0 1
    outer loop
      vertex 10.9139 9.58057 7.3
      vertex 10.9616 8.60982 7.3
      vertex 10.9616 9.39018 7.3
    endloop
  endfacet
  facet normal 0 0 1
    outer loop
      vertex 10.9139 9.58057 7.3
      vertex 10.9139 8.41943 7.3
      vertex 10.9616 8.60982 7.3
    endloop
  endfacet
  facet normal 0 0 1
    outer loop
      vertex 10.8478 9.76537 7.3
      vertex 10.9139 8.41943 7.3
      vertex 10.9139 9.58057 7.3
    endloop
  endfacet
  facet normal 0 0 1
    outer loop
      vertex 10.8478 9.76537 7.3
      vertex 10.8478 8.23463 7.3
      vertex 10.9139 8.41943 7.3
    endloop
  endfacet
  facet normal 0 0 1
    outer loop
      vertex 10.7638 9.94279 7.3
      vertex 10.8478 8.23463 7.3
      vertex 10.8478 9.76537 7.3
    endloop
  endfacet
  facet normal 0 0 1
    outer loop
      vertex 10.7638 9.94279 7.3
      vertex 10.7638 8.05721 7.3
      vertex 10.8478 8.23463 7.3
    endloop
  endfacet
  facet normal 0 0 1
    outer loop
      vertex 10.6629 10.1111 7.3
      vertex 10.7638 8.05721 7.3
      vertex 10.7638 9.94279 7.3
    endloop
  endfacet
  facet normal 0 0 1
    outer loop
      vertex 10.6629 10.1111 7.3
      vertex 10.6629 7.88886 7.3
      vertex 10.7638 8.05721 7.3
    endloop
  endfacet
  facet normal 0 0 1
    outer loop
      vertex 10.546 10.2688 7.3
      vertex 10.6629 7.88886 7.3
      vertex 10.6629 10.1111 7.3
    endloop
  endfacet
  facet normal 0 0 1
    outer loop
      vertex 10.546 10.2688 7.3
      vertex 10.546 7.73121 7.3
      vertex 10.6629 7.88886 7.3
    endloop
  endfacet
  facet normal 0 0 1
    outer loop
      vertex 10.4142 10.4142 7.3
      vertex 10.546 7.73121 7.3
      vertex 10.546 10.2688 7.3
    endloop
  endfacet
  facet normal 0 0 1
    outer loop
      vertex 10.4142 10.4142 7.3
      vertex 10.4142 7.58579 7.3
      vertex 10.546 7.73121 7.3
    endloop
  endfacet
  facet normal 0 0 1
    outer loop
      vertex 10.2688 10.546 7.3
      vertex 10.4142 7.58579 7.3
      vertex 10.4142 10.4142 7.3
    endloop
  endfacet
  facet normal 0 0 1
    outer loop
      vertex 10.2688 10.546 7.3
      vertex 10.2688 7.45398 7.3
      vertex 10.4142 7.58579 7.3
    endloop
  endfacet
  facet normal 0 0 1
    outer loop
      vertex 10.1111 10.6629 7.3
      vertex 10.2688 7.45398 7.3
      vertex 10.2688 10.546 7.3
    endloop
  endfacet
  facet normal 0 0 1
    outer loop
      vertex 10.1111 10.6629 7.3
      vertex 10.1111 7.33706 7.3
      vertex 10.2688 7.45398 7.3
    endloop
  endfacet
  facet normal 0 0 1
    outer loop
      vertex 9.94279 10.7638 7.3
      vertex 10.1111 7.33706 7.3
      vertex 10.1111 10.6629 7.3
    endloop
  endfacet
  facet normal 0 0 1
    outer loop
      vertex 9.94279 10.7638 7.3
      vertex 9.94279 7.23616 7.3
      vertex 10.1111 7.33706 7.3
    endloop
  endfacet
  facet normal 0 0 1
    outer loop
      vertex 9.76537 10.8478 7.3
      vertex 9.94279 7.23616 7.3
      vertex 9.94279 10.7638 7.3
    endloop
  endfacet
  facet normal 0 0 1
    outer loop
      vertex 9.76537 10.8478 7.3
      vertex 9.76537 7.15224 7.3
      vertex 9.94279 7.23616 7.3
    endloop
  endfacet
  facet normal 0 0 1
    outer loop
      vertex 9.58057 10.9139 7.3
      vertex 9.76537 7.15224 7.3
      vertex 9.76537 10.8478 7.3
    endloop
  endfacet
  facet normal 0 0 1
    outer loop
      vertex 9.58057 10.9139 7.3
      vertex 9.58057 7.08612 7.3
      vertex 9.76537 7.15224 7.3
    endloop
  endfacet
  facet normal 0 0 1
    outer loop
      vertex 9.39018 10.9616 7.3
      vertex 9.58057 7.08612 7.3
      vertex 9.58057 10.9139 7.3
    endloop
  endfacet
  facet normal 0 0 1
    outer loop
      vertex 9.39018 10.9616 7.3
      vertex 9.39018 7.03843 7.3
      vertex 9.58057 7.08612 7.3
    endloop
  endfacet
  facet normal 0 0 1
    outer loop
      vertex 9.19603 10.9904 7.3
      vertex 9.39018 7.03843 7.3
      vertex 9.39018 10.9616 7.3
    endloop
  endfacet
  facet normal 0 0 1
    outer loop
      vertex 9.19603 10.9904 7.3
      vertex 9.19603 7.00963 7.3
      vertex 9.39018 7.03843 7.3
    endloop
  endfacet
  facet normal 0 0 1
    outer loop
      vertex 9 11 7.3
      vertex 9.19603 7.00963 7.3
      vertex 9.19603 10.9904 7.3
    endloop
  endfacet
  facet normal 0 0 1
    outer loop
      vertex 9 11 7.3
      vertex 9 7 7.3
      vertex 9.19603 7.00963 7.3
    endloop
  endfacet
  facet normal -0 0 1
    outer loop
      vertex 8.80397 10.9904 7.3
      vertex 9 7 7.3
      vertex 9 11 7.3
    endloop
  endfacet
  facet normal 0 0 1
    outer loop
      vertex 8.80397 10.9904 7.3
      vertex 8.80397 7.00963 7.3
      vertex 9 7 7.3
    endloop
  endfacet
  facet normal -0 0 1
    outer loop
      vertex 8.60982 10.9616 7.3
      vertex 8.80397 7.00963 7.3
      vertex 8.80397 10.9904 7.3
    endloop
  endfacet
  facet normal 0 0 1
    outer loop
      vertex 8.60982 10.9616 7.3
      vertex 8.60982 7.03843 7.3
      vertex 8.80397 7.00963 7.3
    endloop
  endfacet
  facet normal -0 0 1
    outer loop
      vertex 8.41943 10.9139 7.3
      vertex 8.60982 7.03843 7.3
      vertex 8.60982 10.9616 7.3
    endloop
  endfacet
  facet normal 0 0 1
    outer loop
      vertex 8.41943 10.9139 7.3
      vertex 8.41943 7.08612 7.3
      vertex 8.60982 7.03843 7.3
    endloop
  endfacet
  facet normal -0 0 1
    outer loop
      vertex 8.23463 10.8478 7.3
      vertex 8.41943 7.08612 7.3
      vertex 8.41943 10.9139 7.3
    endloop
  endfacet
  facet normal 0 0 1
    outer loop
      vertex 8.23463 10.8478 7.3
      vertex 8.23463 7.15224 7.3
      vertex 8.41943 7.08612 7.3
    endloop
  endfacet
  facet normal -0 0 1
    outer loop
      vertex 8.05721 10.7638 7.3
      vertex 8.23463 7.15224 7.3
      vertex 8.23463 10.8478 7.3
    endloop
  endfacet
  facet normal 0 0 1
    outer loop
      vertex 8.05721 10.7638 7.3
      vertex 8.05721 7.23616 7.3
      vertex 8.23463 7.15224 7.3
    endloop
  endfacet
  facet normal -0 0 1
    outer loop
      vertex 7.88886 10.6629 7.3
      vertex 8.05721 7.23616 7.3
      vertex 8.05721 10.7638 7.3
    endloop
  endfacet
  facet normal 0 0 1
    outer loop
      vertex 7.88886 10.6629 7.3
      vertex 7.88886 7.33706 7.3
      vertex 8.05721 7.23616 7.3
    endloop
  endfacet
  facet normal -0 0 1
    outer loop
      vertex 7.73121 10.546 7.3
      vertex 7.88886 7.33706 7.3
      vertex 7.88886 10.6629 7.3
    endloop
  endfacet
  facet normal 0 0 1
    outer loop
      vertex 7.73121 10.546 7.3
      vertex 7.73121 7.45398 7.3
      vertex 7.88886 7.33706 7.3
    endloop
  endfacet
  facet normal -0 0 1
    outer loop
      vertex 7.58579 10.4142 7.3
      vertex 7.73121 7.45398 7.3
      vertex 7.73121 10.546 7.3
    endloop
  endfacet
  facet normal 0 0 1
    outer loop
      vertex 7.58579 10.4142 7.3
      vertex 7.58579 7.58579 7.3
      vertex 7.73121 7.45398 7.3
    endloop
  endfacet
  facet normal -0 0 1
    outer loop
      vertex 7.45398 10.2688 7.3
      vertex 7.58579 7.58579 7.3
      vertex 7.58579 10.4142 7.3
    endloop
  endfacet
  facet normal 0 0 1
    outer loop
      vertex 7.45398 10.2688 7.3
      vertex 7.45398 7.73121 7.3
      vertex 7.58579 7.58579 7.3
    endloop
  endfacet
  facet normal -0 0 1
    outer loop
      vertex 7.33706 10.1111 7.3
      vertex 7.45398 7.73121 7.3
      vertex 7.45398 10.2688 7.3
    endloop
  endfacet
  facet normal 0 0 1
    outer loop
      vertex 7.33706 10.1111 7.3
      vertex 7.33706 7.88886 7.3
      vertex 7.45398 7.73121 7.3
    endloop
  endfacet
  facet normal -0 0 1
    outer loop
      vertex 7.23616 9.94279 7.3
      vertex 7.33706 7.88886 7.3
      vertex 7.33706 10.1111 7.3
    endloop
  endfacet
  facet normal 0 0 1
    outer loop
      vertex 7.23616 9.94279 7.3
      vertex 7.23616 8.05721 7.3
      vertex 7.33706 7.88886 7.3
    endloop
  endfacet
  facet normal -0 0 1
    outer loop
      vertex 7.15224 9.76537 7.3
      vertex 7.23616 8.05721 7.3
      vertex 7.23616 9.94279 7.3
    endloop
  endfacet
  facet normal 0 0 1
    outer loop
      vertex 7.15224 9.76537 7.3
      vertex 7.15224 8.23463 7.3
      vertex 7.23616 8.05721 7.3
    endloop
  endfacet
  facet normal -0 0 1
    outer loop
      vertex 7.08612 9.58057 7.3
      vertex 7.15224 8.23463 7.3
      vertex 7.15224 9.76537 7.3
    endloop
  endfacet
  facet normal 0 0 1
    outer loop
      vertex 7.08612 9.58057 7.3
      vertex 7.08612 8.41943 7.3
      vertex 7.15224 8.23463 7.3
    endloop
  endfacet
  facet normal -0 0 1
    outer loop
      vertex 7.03843 9.39018 7.3
      vertex 7.08612 8.41943 7.3
      vertex 7.08612 9.58057 7.3
    endloop
  endfacet
  facet normal 0 0 1
    outer loop
      vertex 7.03843 9.39018 7.3
      vertex 7.03843 8.60982 7.3
      vertex 7.08612 8.41943 7.3
    endloop
  endfacet
  facet normal -0 0 1
    outer loop
      vertex 7.00963 9.19603 7.3
      vertex 7.03843 8.60982 7.3
      vertex 7.03843 9.39018 7.3
    endloop
  endfacet
  facet normal 0 0 1
    outer loop
      vertex 7.00963 9.19603 7.3
      vertex 7.00963 8.80397 7.3
      vertex 7.03843 8.60982 7.3
    endloop
  endfacet
  facet normal 0 -0 1
    outer loop
      vertex 7.00963 8.80397 7.3
      vertex 7.00963 9.19603 7.3
      vertex 7 9 7.3
    endloop
  endfacet
  facet normal -0.94158 0.336788 0
    outer loop
      vertex 10.8478 8.23463 7.3
      vertex 10.9139 8.41943 10.9
      vertex 10.9139 8.41943 7.3
    endloop
  endfacet
  facet normal -0.94158 0.336788 0
    outer loop
      vertex 10.9139 8.41943 10.9
      vertex 10.8478 8.23463 7.3
      vertex 10.8478 8.23463 10.9
    endloop
  endfacet
  facet normal 0.336879 0.941548 -0
    outer loop
      vertex 8.41943 7.08612 7.3
      vertex 8.23463 7.15224 10.9
      vertex 8.41943 7.08612 10.9
    endloop
  endfacet
  facet normal 0.336879 0.941548 0
    outer loop
      vertex 8.23463 7.15224 10.9
      vertex 8.41943 7.08612 7.3
      vertex 8.23463 7.15224 7.3
    endloop
  endfacet
  facet normal 0.242979 0.970032 -0
    outer loop
      vertex 8.60982 7.03843 7.3
      vertex 8.41943 7.08612 10.9
      vertex 8.60982 7.03843 10.9
    endloop
  endfacet
  facet normal 0.242979 0.970032 0
    outer loop
      vertex 8.41943 7.08612 10.9
      vertex 8.60982 7.03843 7.3
      vertex 8.41943 7.08612 7.3
    endloop
  endfacet
  facet normal 0.514084 0.85774 -0
    outer loop
      vertex 8.05721 7.23616 7.3
      vertex 7.88886 7.33706 10.9
      vertex 8.05721 7.23616 10.9
    endloop
  endfacet
  facet normal 0.514084 0.85774 0
    outer loop
      vertex 7.88886 7.33706 10.9
      vertex 8.05721 7.23616 7.3
      vertex 7.88886 7.33706 7.3
    endloop
  endfacet
  facet normal 0.671584 0.740928 -0
    outer loop
      vertex 7.73121 7.45398 7.3
      vertex 7.58579 7.58579 10.9
      vertex 7.73121 7.45398 10.9
    endloop
  endfacet
  facet normal 0.671584 0.740928 0
    outer loop
      vertex 7.58579 7.58579 10.9
      vertex 7.73121 7.45398 7.3
      vertex 7.58579 7.58579 7.3
    endloop
  endfacet
  facet normal 0.595695 0.80321 -0
    outer loop
      vertex 7.88886 7.33706 7.3
      vertex 7.73121 7.45398 10.9
      vertex 7.88886 7.33706 10.9
    endloop
  endfacet
  facet normal 0.595695 0.80321 0
    outer loop
      vertex 7.73121 7.45398 10.9
      vertex 7.88886 7.33706 7.3
      vertex 7.73121 7.45398 7.3
    endloop
  endfacet
  facet normal -0.903819 0.427916 0
    outer loop
      vertex 10.7638 8.05721 7.3
      vertex 10.8478 8.23463 10.9
      vertex 10.8478 8.23463 7.3
    endloop
  endfacet
  facet normal -0.903819 0.427916 0
    outer loop
      vertex 10.8478 8.23463 10.9
      vertex 10.7638 8.05721 7.3
      vertex 10.7638 8.05721 10.9
    endloop
  endfacet
  facet normal 0.903976 -0.427583 0
    outer loop
      vertex 7.15224 9.76537 10.9
      vertex 7.23616 9.94279 7.3
      vertex 7.23616 9.94279 10.9
    endloop
  endfacet
  facet normal 0.903976 -0.427583 0
    outer loop
      vertex 7.23616 9.94279 7.3
      vertex 7.15224 9.76537 10.9
      vertex 7.15224 9.76537 7.3
    endloop
  endfacet
  facet normal -0.595573 0.803301 0
    outer loop
      vertex 10.2688 7.45398 7.3
      vertex 10.1111 7.33706 10.9
      vertex 10.2688 7.45398 10.9
    endloop
  endfacet
  facet normal -0.595573 0.803301 0
    outer loop
      vertex 10.1111 7.33706 10.9
      vertex 10.2688 7.45398 7.3
      vertex 10.1111 7.33706 7.3
    endloop
  endfacet
  facet normal 0.146657 -0.989187 0
    outer loop
      vertex 77.2842 6.11397 1.2
      vertex 77.5658 6.15572 10.9
      vertex 77.2842 6.11397 10.9
    endloop
  endfacet
  facet normal 0.146657 -0.989187 0
    outer loop
      vertex 77.5658 6.15572 10.9
      vertex 77.2842 6.11397 1.2
      vertex 77.5658 6.15572 1.2
    endloop
  endfacet
  facet normal -0.803096 -0.595849 0
    outer loop
      vertex 74.7583 7.16026 1.2
      vertex 74.5887 7.38885 10.9
      vertex 74.5887 7.38885 1.2
    endloop
  endfacet
  facet normal -0.803096 -0.595849 0
    outer loop
      vertex 74.5887 7.38885 10.9
      vertex 74.7583 7.16026 1.2
      vertex 74.7583 7.16026 10.9
    endloop
  endfacet
  facet normal -0.989206 0.146531 0
    outer loop
      vertex 74.114 9.28425 1.2
      vertex 74.1557 9.56576 10.9
      vertex 74.1557 9.56576 1.2
    endloop
  endfacet
  facet normal -0.989206 0.146531 0
    outer loop
      vertex 74.1557 9.56576 10.9
      vertex 74.114 9.28425 1.2
      vertex 74.114 9.28425 10.9
    endloop
  endfacet
  facet normal -0.671465 0.741036 0
    outer loop
      vertex 75.1603 11.2417 1.2
      vertex 74.9494 11.0506 10.9
      vertex 75.1603 11.2417 10.9
    endloop
  endfacet
  facet normal -0.671465 0.741036 0
    outer loop
      vertex 74.9494 11.0506 10.9
      vertex 75.1603 11.2417 1.2
      vertex 74.9494 11.0506 1.2
    endloop
  endfacet
  facet normal 0.671465 0.741036 -0
    outer loop
      vertex 79.0506 11.0506 1.2
      vertex 78.8397 11.2417 10.9
      vertex 79.0506 11.0506 10.9
    endloop
  endfacet
  facet normal 0.671465 0.741036 0
    outer loop
      vertex 78.8397 11.2417 10.9
      vertex 79.0506 11.0506 1.2
      vertex 78.8397 11.2417 1.2
    endloop
  endfacet
  facet normal -0.595842 -0.803102 0
    outer loop
      vertex 75.1603 6.75827 1.2
      vertex 75.3888 6.58874 10.9
      vertex 75.1603 6.75827 10.9
    endloop
  endfacet
  facet normal -0.595842 -0.803102 -0
    outer loop
      vertex 75.3888 6.58874 10.9
      vertex 75.1603 6.75827 1.2
      vertex 75.3888 6.58874 1.2
    endloop
  endfacet
  facet normal 0.941627 -0.336659 0
    outer loop
      vertex 79.6793 7.89022 10.9
      vertex 79.7751 8.15817 1.2
      vertex 79.7751 8.15817 10.9
    endloop
  endfacet
  facet normal 0.941627 -0.336659 0
    outer loop
      vertex 79.7751 8.15817 1.2
      vertex 79.6793 7.89022 10.9
      vertex 79.6793 7.89022 1.2
    endloop
  endfacet
  facet normal 0.0490962 -0.998794 0
    outer loop
      vertex 77 6.1 1.2
      vertex 77.2842 6.11397 10.9
      vertex 77 6.1 10.9
    endloop
  endfacet
  facet normal 0.0490962 -0.998794 0
    outer loop
      vertex 77.2842 6.11397 10.9
      vertex 77 6.1 1.2
      vertex 77.2842 6.11397 1.2
    endloop
  endfacet
  facet normal -0.514082 0.857741 0
    outer loop
      vertex 75.6329 11.5576 1.2
      vertex 75.3888 11.4113 10.9
      vertex 75.6329 11.5576 10.9
    endloop
  endfacet
  facet normal -0.514082 0.857741 0
    outer loop
      vertex 75.3888 11.4113 10.9
      vertex 75.6329 11.5576 1.2
      vertex 75.3888 11.4113 1.2
    endloop
  endfacet
  facet normal 0.336915 0.941535 -0
    outer loop
      vertex 78.1098 11.6792 1.2
      vertex 77.8418 11.7751 10.9
      vertex 78.1098 11.6792 10.9
    endloop
  endfacet
  facet normal 0.336915 0.941535 0
    outer loop
      vertex 77.8418 11.7751 10.9
      vertex 78.1098 11.6792 1.2
      vertex 77.8418 11.7751 1.2
    endloop
  endfacet
  facet normal 0.671504 -0.741001 0
    outer loop
      vertex 78.8397 6.75827 1.2
      vertex 79.0506 6.94939 10.9
      vertex 78.8397 6.75827 10.9
    endloop
  endfacet
  facet normal 0.671504 -0.741001 0
    outer loop
      vertex 79.0506 6.94939 10.9
      vertex 78.8397 6.75827 1.2
      vertex 79.0506 6.94939 1.2
    endloop
  endfacet
  facet normal -0.514108 -0.857725 0
    outer loop
      vertex 75.3888 6.58874 1.2
      vertex 75.6329 6.44243 10.9
      vertex 75.3888 6.58874 10.9
    endloop
  endfacet
  facet normal -0.514108 -0.857725 -0
    outer loop
      vertex 75.6329 6.44243 10.9
      vertex 75.3888 6.58874 1.2
      vertex 75.6329 6.44243 1.2
    endloop
  endfacet
  facet normal 0.857741 -0.514082 0
    outer loop
      vertex 79.4113 7.38885 10.9
      vertex 79.5576 7.63295 1.2
      vertex 79.5576 7.63295 10.9
    endloop
  endfacet
  facet normal 0.857741 -0.514082 0
    outer loop
      vertex 79.5576 7.63295 1.2
      vertex 79.4113 7.38885 10.9
      vertex 79.4113 7.38885 1.2
    endloop
  endfacet
  facet normal 0 0 1
    outer loop
      vertex 79 9 10.9
      vertex 79.9 9 10.9
      vertex 79.886 9.28425 10.9
    endloop
  endfacet
  facet normal 0 0 1
    outer loop
      vertex 78.9904 9.19603 10.9
      vertex 79.886 9.28425 10.9
      vertex 79.8443 9.56576 10.9
    endloop
  endfacet
  facet normal 0 0 1
    outer loop
      vertex 79.9 9 10.9
      vertex 79 9 10.9
      vertex 79.886 8.71575 10.9
    endloop
  endfacet
  facet normal 0 0 1
    outer loop
      vertex 78.9616 9.39018 10.9
      vertex 79.8443 9.56576 10.9
      vertex 79.7751 9.84183 10.9
    endloop
  endfacet
  facet normal -0 0 1
    outer loop
      vertex 78.9904 8.80397 10.9
      vertex 79.886 8.71575 10.9
      vertex 79 9 10.9
    endloop
  endfacet
  facet normal 0 0 1
    outer loop
      vertex 78.9139 9.58057 10.9
      vertex 79.7751 9.84183 10.9
      vertex 79.6793 10.1098 10.9
    endloop
  endfacet
  facet normal 0 0 1
    outer loop
      vertex 79.886 8.71575 10.9
      vertex 78.9904 8.80397 10.9
      vertex 79.8443 8.43424 10.9
    endloop
  endfacet
  facet normal 0 0 1
    outer loop
      vertex 78.8478 9.76537 10.9
      vertex 79.6793 10.1098 10.9
      vertex 79.5576 10.3671 10.9
    endloop
  endfacet
  facet normal -0 0 1
    outer loop
      vertex 78.9616 8.60982 10.9
      vertex 79.8443 8.43424 10.9
      vertex 78.9904 8.80397 10.9
    endloop
  endfacet
  facet normal 0 0 1
    outer loop
      vertex 78.7638 9.94279 10.9
      vertex 79.5576 10.3671 10.9
      vertex 79.4113 10.6112 10.9
    endloop
  endfacet
  facet normal 0 0 1
    outer loop
      vertex 79.8443 8.43424 10.9
      vertex 78.9616 8.60982 10.9
      vertex 79.7751 8.15817 10.9
    endloop
  endfacet
  facet normal 0 0 1
    outer loop
      vertex 78.6629 10.1111 10.9
      vertex 79.4113 10.6112 10.9
      vertex 79.2417 10.8397 10.9
    endloop
  endfacet
  facet normal -0 0 1
    outer loop
      vertex 78.9139 8.41943 10.9
      vertex 79.7751 8.15817 10.9
      vertex 78.9616 8.60982 10.9
    endloop
  endfacet
  facet normal 0 0 1
    outer loop
      vertex 78.546 10.2688 10.9
      vertex 79.2417 10.8397 10.9
      vertex 79.0506 11.0506 10.9
    endloop
  endfacet
  facet normal 0 0 1
    outer loop
      vertex 79.7751 8.15817 10.9
      vertex 78.9139 8.41943 10.9
      vertex 79.6793 7.89022 10.9
    endloop
  endfacet
  facet normal -0 0 1
    outer loop
      vertex 78.8478 8.23463 10.9
      vertex 79.6793 7.89022 10.9
      vertex 78.9139 8.41943 10.9
    endloop
  endfacet
  facet normal 0 0 1
    outer loop
      vertex 79.886 9.28425 10.9
      vertex 78.9904 9.19603 10.9
      vertex 79 9 10.9
    endloop
  endfacet
  facet normal 0 0 1
    outer loop
      vertex 79.8443 9.56576 10.9
      vertex 78.9616 9.39018 10.9
      vertex 78.9904 9.19603 10.9
    endloop
  endfacet
  facet normal 0 0 1
    outer loop
      vertex 79.7751 9.84183 10.9
      vertex 78.9139 9.58057 10.9
      vertex 78.9616 9.39018 10.9
    endloop
  endfacet
  facet normal 0 0 1
    outer loop
      vertex 79.6793 10.1098 10.9
      vertex 78.8478 9.76537 10.9
      vertex 78.9139 9.58057 10.9
    endloop
  endfacet
  facet normal 0 0 1
    outer loop
      vertex 78.4142 10.4142 10.9
      vertex 79.0506 11.0506 10.9
      vertex 78.8397 11.2417 10.9
    endloop
  endfacet
  facet normal 0 0 1
    outer loop
      vertex 79.5576 10.3671 10.9
      vertex 78.7638 9.94279 10.9
      vertex 78.8478 9.76537 10.9
    endloop
  endfacet
  facet normal 0 0 1
    outer loop
      vertex 79.4113 10.6112 10.9
      vertex 78.6629 10.1111 10.9
      vertex 78.7638 9.94279 10.9
    endloop
  endfacet
  facet normal 0 0 1
    outer loop
      vertex 78.2688 10.546 10.9
      vertex 78.8397 11.2417 10.9
      vertex 78.6112 11.4113 10.9
    endloop
  endfacet
  facet normal 0 0 1
    outer loop
      vertex 79.2417 10.8397 10.9
      vertex 78.546 10.2688 10.9
      vertex 78.6629 10.1111 10.9
    endloop
  endfacet
  facet normal 0 0 1
    outer loop
      vertex 79.0506 11.0506 10.9
      vertex 78.4142 10.4142 10.9
      vertex 78.546 10.2688 10.9
    endloop
  endfacet
  facet normal 0 0 1
    outer loop
      vertex 78.1111 10.6629 10.9
      vertex 78.6112 11.4113 10.9
      vertex 78.3671 11.5576 10.9
    endloop
  endfacet
  facet normal 0 0 1
    outer loop
      vertex 78.8397 11.2417 10.9
      vertex 78.2688 10.546 10.9
      vertex 78.4142 10.4142 10.9
    endloop
  endfacet
  facet normal 0 0 1
    outer loop
      vertex 78.6112 11.4113 10.9
      vertex 78.1111 10.6629 10.9
      vertex 78.2688 10.546 10.9
    endloop
  endfacet
  facet normal 0 0 1
    outer loop
      vertex 77.9428 10.7638 10.9
      vertex 78.3671 11.5576 10.9
      vertex 78.1098 11.6792 10.9
    endloop
  endfacet
  facet normal 0 0 1
    outer loop
      vertex 78.3671 11.5576 10.9
      vertex 77.9428 10.7638 10.9
      vertex 78.1111 10.6629 10.9
    endloop
  endfacet
  facet normal 0 0 1
    outer loop
      vertex 77.7654 10.8478 10.9
      vertex 78.1098 11.6792 10.9
      vertex 77.8418 11.7751 10.9
    endloop
  endfacet
  facet normal 0 0 1
    outer loop
      vertex 78.1098 11.6792 10.9
      vertex 77.7654 10.8478 10.9
      vertex 77.9428 10.7638 10.9
    endloop
  endfacet
  facet normal 0 0 1
    outer loop
      vertex 77.8418 11.7751 10.9
      vertex 77.5806 10.9139 10.9
      vertex 77.7654 10.8478 10.9
    endloop
  endfacet
  facet normal 0 0 1
    outer loop
      vertex 77.5658 11.8443 10.9
      vertex 77.5806 10.9139 10.9
      vertex 77.8418 11.7751 10.9
    endloop
  endfacet
  facet normal 0 0 1
    outer loop
      vertex 77.5658 11.8443 10.9
      vertex 77.3902 10.9616 10.9
      vertex 77.5806 10.9139 10.9
    endloop
  endfacet
  facet normal 0 0 1
    outer loop
      vertex 77.2842 11.886 10.9
      vertex 77.3902 10.9616 10.9
      vertex 77.5658 11.8443 10.9
    endloop
  endfacet
  facet normal 0 0 1
    outer loop
      vertex 77.2842 11.886 10.9
      vertex 77.196 10.9904 10.9
      vertex 77.3902 10.9616 10.9
    endloop
  endfacet
  facet normal 0 0 1
    outer loop
      vertex 77 11.9 10.9
      vertex 77.196 10.9904 10.9
      vertex 77.2842 11.886 10.9
    endloop
  endfacet
  facet normal 0 0 1
    outer loop
      vertex 77 11.9 10.9
      vertex 77 11 10.9
      vertex 77.196 10.9904 10.9
    endloop
  endfacet
  facet normal 0 0 1
    outer loop
      vertex 77 11.9 10.9
      vertex 76.804 10.9904 10.9
      vertex 77 11 10.9
    endloop
  endfacet
  facet normal -0 0 1
    outer loop
      vertex 76.7158 11.886 10.9
      vertex 76.804 10.9904 10.9
      vertex 77 11.9 10.9
    endloop
  endfacet
  facet normal 0 0 1
    outer loop
      vertex 76.7158 11.886 10.9
      vertex 76.6098 10.9616 10.9
      vertex 76.804 10.9904 10.9
    endloop
  endfacet
  facet normal -0 0 1
    outer loop
      vertex 76.4342 11.8443 10.9
      vertex 76.6098 10.9616 10.9
      vertex 76.7158 11.886 10.9
    endloop
  endfacet
  facet normal 0 0 1
    outer loop
      vertex 76.4342 11.8443 10.9
      vertex 76.4194 10.9139 10.9
      vertex 76.6098 10.9616 10.9
    endloop
  endfacet
  facet normal -0 0 1
    outer loop
      vertex 76.1582 11.7751 10.9
      vertex 76.4194 10.9139 10.9
      vertex 76.4342 11.8443 10.9
    endloop
  endfacet
  facet normal 0 0 1
    outer loop
      vertex 76.4194 10.9139 10.9
      vertex 76.1582 11.7751 10.9
      vertex 76.2346 10.8478 10.9
    endloop
  endfacet
  facet normal -0 0 1
    outer loop
      vertex 75.8902 11.6792 10.9
      vertex 76.2346 10.8478 10.9
      vertex 76.1582 11.7751 10.9
    endloop
  endfacet
  facet normal 0 0 1
    outer loop
      vertex 76.2346 10.8478 10.9
      vertex 75.8902 11.6792 10.9
      vertex 76.0572 10.7638 10.9
    endloop
  endfacet
  facet normal -0 0 1
    outer loop
      vertex 75.6329 11.5576 10.9
      vertex 76.0572 10.7638 10.9
      vertex 75.8902 11.6792 10.9
    endloop
  endfacet
  facet normal 0 0 1
    outer loop
      vertex 76.0572 10.7638 10.9
      vertex 75.6329 11.5576 10.9
      vertex 75.8889 10.6629 10.9
    endloop
  endfacet
  facet normal -0 0 1
    outer loop
      vertex 75.3888 11.4113 10.9
      vertex 75.8889 10.6629 10.9
      vertex 75.6329 11.5576 10.9
    endloop
  endfacet
  facet normal 0 0 1
    outer loop
      vertex 75.8889 10.6629 10.9
      vertex 75.3888 11.4113 10.9
      vertex 75.7312 10.546 10.9
    endloop
  endfacet
  facet normal -0 0 1
    outer loop
      vertex 75.1603 11.2417 10.9
      vertex 75.7312 10.546 10.9
      vertex 75.3888 11.4113 10.9
    endloop
  endfacet
  facet normal 0 0 1
    outer loop
      vertex 75.7312 10.546 10.9
      vertex 75.1603 11.2417 10.9
      vertex 75.5858 10.4142 10.9
    endloop
  endfacet
  facet normal -0 0 1
    outer loop
      vertex 74.9494 11.0506 10.9
      vertex 75.5858 10.4142 10.9
      vertex 75.1603 11.2417 10.9
    endloop
  endfacet
  facet normal 0 0 1
    outer loop
      vertex 75.5858 10.4142 10.9
      vertex 74.9494 11.0506 10.9
      vertex 75.454 10.2688 10.9
    endloop
  endfacet
  facet normal -0 0 1
    outer loop
      vertex 74.7583 10.8397 10.9
      vertex 75.454 10.2688 10.9
      vertex 74.9494 11.0506 10.9
    endloop
  endfacet
  facet normal 0 0 1
    outer loop
      vertex 75.454 10.2688 10.9
      vertex 74.7583 10.8397 10.9
      vertex 75.3371 10.1111 10.9
    endloop
  endfacet
  facet normal -0 0 1
    outer loop
      vertex 74.5887 10.6112 10.9
      vertex 75.3371 10.1111 10.9
      vertex 74.7583 10.8397 10.9
    endloop
  endfacet
  facet normal 0 0 1
    outer loop
      vertex 75.3371 10.1111 10.9
      vertex 74.5887 10.6112 10.9
      vertex 75.2362 9.94279 10.9
    endloop
  endfacet
  facet normal -0 0 1
    outer loop
      vertex 74.4424 10.3671 10.9
      vertex 75.2362 9.94279 10.9
      vertex 74.5887 10.6112 10.9
    endloop
  endfacet
  facet normal -0 0 1
    outer loop
      vertex 74.3207 10.1098 10.9
      vertex 75.1522 9.76537 10.9
      vertex 74.4424 10.3671 10.9
    endloop
  endfacet
  facet normal 0 0 1
    outer loop
      vertex 75.2362 9.94279 10.9
      vertex 74.4424 10.3671 10.9
      vertex 75.1522 9.76537 10.9
    endloop
  endfacet
  facet normal 0 0 1
    outer loop
      vertex 79.6793 7.89022 10.9
      vertex 78.8478 8.23463 10.9
      vertex 79.5576 7.63295 10.9
    endloop
  endfacet
  facet normal -0 0 1
    outer loop
      vertex 78.7638 8.05721 10.9
      vertex 79.5576 7.63295 10.9
      vertex 78.8478 8.23463 10.9
    endloop
  endfacet
  facet normal 0 0 1
    outer loop
      vertex 79.5576 7.63295 10.9
      vertex 78.7638 8.05721 10.9
      vertex 79.4113 7.38885 10.9
    endloop
  endfacet
  facet normal -0 0 1
    outer loop
      vertex 78.6629 7.88886 10.9
      vertex 79.4113 7.38885 10.9
      vertex 78.7638 8.05721 10.9
    endloop
  endfacet
  facet normal 0 0 1
    outer loop
      vertex 79.4113 7.38885 10.9
      vertex 78.6629 7.88886 10.9
      vertex 79.2417 7.16026 10.9
    endloop
  endfacet
  facet normal -0 0 1
    outer loop
      vertex 78.546 7.73121 10.9
      vertex 79.2417 7.16026 10.9
      vertex 78.6629 7.88886 10.9
    endloop
  endfacet
  facet normal 0 0 1
    outer loop
      vertex 79.2417 7.16026 10.9
      vertex 78.546 7.73121 10.9
      vertex 79.0506 6.94939 10.9
    endloop
  endfacet
  facet normal -0 0 1
    outer loop
      vertex 78.4142 7.58579 10.9
      vertex 79.0506 6.94939 10.9
      vertex 78.546 7.73121 10.9
    endloop
  endfacet
  facet normal 0 0 1
    outer loop
      vertex 79.0506 6.94939 10.9
      vertex 78.4142 7.58579 10.9
      vertex 78.8397 6.75827 10.9
    endloop
  endfacet
  facet normal -0 0 1
    outer loop
      vertex 78.2688 7.45398 10.9
      vertex 78.8397 6.75827 10.9
      vertex 78.4142 7.58579 10.9
    endloop
  endfacet
  facet normal 0 0 1
    outer loop
      vertex 78.8397 6.75827 10.9
      vertex 78.2688 7.45398 10.9
      vertex 78.6112 6.58874 10.9
    endloop
  endfacet
  facet normal -0 0 1
    outer loop
      vertex 78.1111 7.33706 10.9
      vertex 78.6112 6.58874 10.9
      vertex 78.2688 7.45398 10.9
    endloop
  endfacet
  facet normal 0 0 1
    outer loop
      vertex 78.6112 6.58874 10.9
      vertex 78.1111 7.33706 10.9
      vertex 78.3671 6.44243 10.9
    endloop
  endfacet
  facet normal -0 0 1
    outer loop
      vertex 77.9428 7.23616 10.9
      vertex 78.3671 6.44243 10.9
      vertex 78.1111 7.33706 10.9
    endloop
  endfacet
  facet normal 0 0 1
    outer loop
      vertex 78.3671 6.44243 10.9
      vertex 77.9428 7.23616 10.9
      vertex 78.1098 6.32075 10.9
    endloop
  endfacet
  facet normal -0 0 1
    outer loop
      vertex 77.7654 7.15224 10.9
      vertex 78.1098 6.32075 10.9
      vertex 77.9428 7.23616 10.9
    endloop
  endfacet
  facet normal 0 0 1
    outer loop
      vertex 78.1098 6.32075 10.9
      vertex 77.7654 7.15224 10.9
      vertex 77.8418 6.22487 10.9
    endloop
  endfacet
  facet normal -0 0 1
    outer loop
      vertex 77.5806 7.08612 10.9
      vertex 77.8418 6.22487 10.9
      vertex 77.7654 7.15224 10.9
    endloop
  endfacet
  facet normal 0 0 1
    outer loop
      vertex 77.5806 7.08612 10.9
      vertex 77.5658 6.15572 10.9
      vertex 77.8418 6.22487 10.9
    endloop
  endfacet
  facet normal -0 0 1
    outer loop
      vertex 77.3902 7.03843 10.9
      vertex 77.5658 6.15572 10.9
      vertex 77.5806 7.08612 10.9
    endloop
  endfacet
  facet normal 0 0 1
    outer loop
      vertex 77.3902 7.03843 10.9
      vertex 77.2842 6.11397 10.9
      vertex 77.5658 6.15572 10.9
    endloop
  endfacet
  facet normal -0 0 1
    outer loop
      vertex 77.196 7.00963 10.9
      vertex 77.2842 6.11397 10.9
      vertex 77.3902 7.03843 10.9
    endloop
  endfacet
  facet normal -0 0 1
    outer loop
      vertex 77 7 10.9
      vertex 77.2842 6.11397 10.9
      vertex 77.196 7.00963 10.9
    endloop
  endfacet
  facet normal 0 0 1
    outer loop
      vertex 77 7 10.9
      vertex 77 6.1 10.9
      vertex 77.2842 6.11397 10.9
    endloop
  endfacet
  facet normal 0 0 1
    outer loop
      vertex 76.804 7.00963 10.9
      vertex 77 6.1 10.9
      vertex 77 7 10.9
    endloop
  endfacet
  facet normal 0 0 1
    outer loop
      vertex 76.804 7.00963 10.9
      vertex 76.7158 6.11397 10.9
      vertex 77 6.1 10.9
    endloop
  endfacet
  facet normal 0 0 1
    outer loop
      vertex 76.6098 7.03843 10.9
      vertex 76.7158 6.11397 10.9
      vertex 76.804 7.00963 10.9
    endloop
  endfacet
  facet normal 0 0 1
    outer loop
      vertex 76.6098 7.03843 10.9
      vertex 76.4342 6.15572 10.9
      vertex 76.7158 6.11397 10.9
    endloop
  endfacet
  facet normal 0 0 1
    outer loop
      vertex 76.4194 7.08612 10.9
      vertex 76.4342 6.15572 10.9
      vertex 76.6098 7.03843 10.9
    endloop
  endfacet
  facet normal 0 0 1
    outer loop
      vertex 76.1582 6.22487 10.9
      vertex 76.4194 7.08612 10.9
      vertex 76.2346 7.15224 10.9
    endloop
  endfacet
  facet normal 0 0 1
    outer loop
      vertex 76.4194 7.08612 10.9
      vertex 76.1582 6.22487 10.9
      vertex 76.4342 6.15572 10.9
    endloop
  endfacet
  facet normal 0 0 1
    outer loop
      vertex 75.8902 6.32075 10.9
      vertex 76.2346 7.15224 10.9
      vertex 76.0572 7.23616 10.9
    endloop
  endfacet
  facet normal 0 0 1
    outer loop
      vertex 76.2346 7.15224 10.9
      vertex 75.8902 6.32075 10.9
      vertex 76.1582 6.22487 10.9
    endloop
  endfacet
  facet normal 0 0 1
    outer loop
      vertex 75.6329 6.44243 10.9
      vertex 76.0572 7.23616 10.9
      vertex 75.8889 7.33706 10.9
    endloop
  endfacet
  facet normal 0 0 1
    outer loop
      vertex 75.3888 6.58874 10.9
      vertex 75.8889 7.33706 10.9
      vertex 75.7312 7.45398 10.9
    endloop
  endfacet
  facet normal 0 0 1
    outer loop
      vertex 76.0572 7.23616 10.9
      vertex 75.6329 6.44243 10.9
      vertex 75.8902 6.32075 10.9
    endloop
  endfacet
  facet normal 0 0 1
    outer loop
      vertex 75.1603 6.75827 10.9
      vertex 75.7312 7.45398 10.9
      vertex 75.5858 7.58579 10.9
    endloop
  endfacet
  facet normal 0 0 1
    outer loop
      vertex 74.9494 6.94939 10.9
      vertex 75.5858 7.58579 10.9
      vertex 75.454 7.73121 10.9
    endloop
  endfacet
  facet normal 0 0 1
    outer loop
      vertex 75.8889 7.33706 10.9
      vertex 75.3888 6.58874 10.9
      vertex 75.6329 6.44243 10.9
    endloop
  endfacet
  facet normal 0 0 1
    outer loop
      vertex 74.7583 7.16026 10.9
      vertex 75.454 7.73121 10.9
      vertex 75.3371 7.88886 10.9
    endloop
  endfacet
  facet normal 0 0 1
    outer loop
      vertex 74.5887 7.38885 10.9
      vertex 75.3371 7.88886 10.9
      vertex 75.2362 8.05721 10.9
    endloop
  endfacet
  facet normal 0 0 1
    outer loop
      vertex 75.7312 7.45398 10.9
      vertex 75.1603 6.75827 10.9
      vertex 75.3888 6.58874 10.9
    endloop
  endfacet
  facet normal 0 0 1
    outer loop
      vertex 74.4424 7.63295 10.9
      vertex 75.2362 8.05721 10.9
      vertex 75.1522 8.23463 10.9
    endloop
  endfacet
  facet normal 0 0 1
    outer loop
      vertex 74.3207 7.89022 10.9
      vertex 75.1522 8.23463 10.9
      vertex 75.0861 8.41943 10.9
    endloop
  endfacet
  facet normal 0 0 1
    outer loop
      vertex 74.2249 8.15817 10.9
      vertex 75.0861 8.41943 10.9
      vertex 75.0384 8.60982 10.9
    endloop
  endfacet
  facet normal 0 0 1
    outer loop
      vertex 74.1557 8.43424 10.9
      vertex 75.0384 8.60982 10.9
      vertex 75.0096 8.80397 10.9
    endloop
  endfacet
  facet normal 0 0 1
    outer loop
      vertex 75.5858 7.58579 10.9
      vertex 74.9494 6.94939 10.9
      vertex 75.1603 6.75827 10.9
    endloop
  endfacet
  facet normal 0 0 1
    outer loop
      vertex 74.114 8.71575 10.9
      vertex 75.0096 8.80397 10.9
      vertex 75 9 10.9
    endloop
  endfacet
  facet normal 0 0 1
    outer loop
      vertex 75.1522 9.76537 10.9
      vertex 74.3207 10.1098 10.9
      vertex 75.0861 9.58057 10.9
    endloop
  endfacet
  facet normal -0 0 1
    outer loop
      vertex 74.2249 9.84183 10.9
      vertex 75.0861 9.58057 10.9
      vertex 74.3207 10.1098 10.9
    endloop
  endfacet
  facet normal 0 0 1
    outer loop
      vertex 75.454 7.73121 10.9
      vertex 74.7583 7.16026 10.9
      vertex 74.9494 6.94939 10.9
    endloop
  endfacet
  facet normal 0 0 1
    outer loop
      vertex 75.0861 9.58057 10.9
      vertex 74.2249 9.84183 10.9
      vertex 75.0384 9.39018 10.9
    endloop
  endfacet
  facet normal 0 0 1
    outer loop
      vertex 75.3371 7.88886 10.9
      vertex 74.5887 7.38885 10.9
      vertex 74.7583 7.16026 10.9
    endloop
  endfacet
  facet normal -0 0 1
    outer loop
      vertex 74.1557 9.56576 10.9
      vertex 75.0384 9.39018 10.9
      vertex 74.2249 9.84183 10.9
    endloop
  endfacet
  facet normal 0 0 1
    outer loop
      vertex 75.2362 8.05721 10.9
      vertex 74.4424 7.63295 10.9
      vertex 74.5887 7.38885 10.9
    endloop
  endfacet
  facet normal 0 0 1
    outer loop
      vertex 75.0384 9.39018 10.9
      vertex 74.1557 9.56576 10.9
      vertex 75.0096 9.19603 10.9
    endloop
  endfacet
  facet normal 0 0 1
    outer loop
      vertex 75.1522 8.23463 10.9
      vertex 74.3207 7.89022 10.9
      vertex 74.4424 7.63295 10.9
    endloop
  endfacet
  facet normal -0 0 1
    outer loop
      vertex 74.114 9.28425 10.9
      vertex 75.0096 9.19603 10.9
      vertex 74.1557 9.56576 10.9
    endloop
  endfacet
  facet normal 0 0 1
    outer loop
      vertex 75.0861 8.41943 10.9
      vertex 74.2249 8.15817 10.9
      vertex 74.3207 7.89022 10.9
    endloop
  endfacet
  facet normal 0 0 1
    outer loop
      vertex 75.0096 9.19603 10.9
      vertex 74.114 9.28425 10.9
      vertex 75 9 10.9
    endloop
  endfacet
  facet normal 0 0 1
    outer loop
      vertex 75.0384 8.60982 10.9
      vertex 74.1557 8.43424 10.9
      vertex 74.2249 8.15817 10.9
    endloop
  endfacet
  facet normal 0 0 1
    outer loop
      vertex 74.1 9 10.9
      vertex 75 9 10.9
      vertex 74.114 9.28425 10.9
    endloop
  endfacet
  facet normal 0 0 1
    outer loop
      vertex 75.0096 8.80397 10.9
      vertex 74.114 8.71575 10.9
      vertex 74.1557 8.43424 10.9
    endloop
  endfacet
  facet normal 0 0 1
    outer loop
      vertex 75 9 10.9
      vertex 74.1 9 10.9
      vertex 74.114 8.71575 10.9
    endloop
  endfacet
  facet normal -0.989206 -0.146531 0
    outer loop
      vertex 74.1557 8.43424 1.2
      vertex 74.114 8.71575 10.9
      vertex 74.114 8.71575 1.2
    endloop
  endfacet
  facet normal -0.989206 -0.146531 0
    outer loop
      vertex 74.114 8.71575 10.9
      vertex 74.1557 8.43424 1.2
      vertex 74.1557 8.43424 10.9
    endloop
  endfacet
  facet normal -0.146657 -0.989187 0
    outer loop
      vertex 76.4342 6.15572 1.2
      vertex 76.7158 6.11397 10.9
      vertex 76.4342 6.15572 10.9
    endloop
  endfacet
  facet normal -0.146657 -0.989187 -0
    outer loop
      vertex 76.7158 6.11397 10.9
      vertex 76.4342 6.15572 1.2
      vertex 76.7158 6.11397 1.2
    endloop
  endfacet
  facet normal 0.243197 0.969977 -0
    outer loop
      vertex 77.8418 11.7751 1.2
      vertex 77.5658 11.8443 10.9
      vertex 77.8418 11.7751 10.9
    endloop
  endfacet
  facet normal 0.243197 0.969977 0
    outer loop
      vertex 77.5658 11.8443 10.9
      vertex 77.8418 11.7751 1.2
      vertex 77.5658 11.8443 1.2
    endloop
  endfacet
  facet normal 0.741036 0.671465 0
    outer loop
      vertex 79.2417 10.8397 10.9
      vertex 79.0506 11.0506 1.2
      vertex 79.0506 11.0506 10.9
    endloop
  endfacet
  facet normal 0.741036 0.671465 0
    outer loop
      vertex 79.0506 11.0506 1.2
      vertex 79.2417 10.8397 10.9
      vertex 79.2417 10.8397 1.2
    endloop
  endfacet
  facet normal 0.596 0.802984 -0
    outer loop
      vertex 78.8397 11.2417 1.2
      vertex 78.6112 11.4113 10.9
      vertex 78.8397 11.2417 10.9
    endloop
  endfacet
  facet normal 0.596 0.802984 0
    outer loop
      vertex 78.6112 11.4113 10.9
      vertex 78.8397 11.2417 1.2
      vertex 78.6112 11.4113 1.2
    endloop
  endfacet
  facet normal -0.998789 0.0491928 0
    outer loop
      vertex 74.1 9 1.2
      vertex 74.114 9.28425 10.9
      vertex 74.114 9.28425 1.2
    endloop
  endfacet
  facet normal -0.998789 0.0491928 0
    outer loop
      vertex 74.114 9.28425 10.9
      vertex 74.1 9 1.2
      vertex 74.1 9 10.9
    endloop
  endfacet
  facet normal 0.336853 -0.941557 0
    outer loop
      vertex 77.8418 6.22487 1.2
      vertex 78.1098 6.32075 10.9
      vertex 77.8418 6.22487 10.9
    endloop
  endfacet
  facet normal 0.336853 -0.941557 0
    outer loop
      vertex 78.1098 6.32075 10.9
      vertex 77.8418 6.22487 1.2
      vertex 78.1098 6.32075 1.2
    endloop
  endfacet
  facet normal 0.146485 0.989213 -0
    outer loop
      vertex 77.5658 11.8443 1.2
      vertex 77.2842 11.886 10.9
      vertex 77.5658 11.8443 10.9
    endloop
  endfacet
  facet normal 0.146485 0.989213 0
    outer loop
      vertex 77.2842 11.886 10.9
      vertex 77.5658 11.8443 1.2
      vertex 77.2842 11.886 1.2
    endloop
  endfacet
  facet normal 0.0492014 0.998789 -0
    outer loop
      vertex 77.2842 11.886 1.2
      vertex 77 11.9 10.9
      vertex 77.2842 11.886 10.9
    endloop
  endfacet
  facet normal 0.0492014 0.998789 0
    outer loop
      vertex 77 11.9 10.9
      vertex 77.2842 11.886 1.2
      vertex 77 11.9 1.2
    endloop
  endfacet
  facet normal 0.903962 -0.427614 0
    outer loop
      vertex 79.5576 7.63295 10.9
      vertex 79.6793 7.89022 1.2
      vertex 79.6793 7.89022 10.9
    endloop
  endfacet
  facet normal 0.903962 -0.427614 0
    outer loop
      vertex 79.6793 7.89022 1.2
      vertex 79.5576 7.63295 10.9
      vertex 79.5576 7.63295 1.2
    endloop
  endfacet
  facet normal -0.903981 0.427573 0
    outer loop
      vertex 74.3207 10.1098 1.2
      vertex 74.4424 10.3671 10.9
      vertex 74.4424 10.3671 1.2
    endloop
  endfacet
  facet normal -0.903981 0.427573 0
    outer loop
      vertex 74.4424 10.3671 10.9
      vertex 74.3207 10.1098 1.2
      vertex 74.3207 10.1098 10.9
    endloop
  endfacet
  facet normal -0.998789 -0.0491928 0
    outer loop
      vertex 74.114 8.71575 1.2
      vertex 74.1 9 10.9
      vertex 74.1 9 1.2
    endloop
  endfacet
  facet normal -0.998789 -0.0491928 0
    outer loop
      vertex 74.1 9 10.9
      vertex 74.114 8.71575 1.2
      vertex 74.114 8.71575 10.9
    endloop
  endfacet
  facet normal -0.857741 0.514082 0
    outer loop
      vertex 74.4424 10.3671 1.2
      vertex 74.5887 10.6112 10.9
      vertex 74.5887 10.6112 1.2
    endloop
  endfacet
  facet normal -0.857741 0.514082 0
    outer loop
      vertex 74.5887 10.6112 10.9
      vertex 74.4424 10.3671 1.2
      vertex 74.4424 10.3671 10.9
    endloop
  endfacet
  facet normal -0.969991 0.243139 0
    outer loop
      vertex 74.1557 9.56576 1.2
      vertex 74.2249 9.84183 10.9
      vertex 74.2249 9.84183 1.2
    endloop
  endfacet
  facet normal -0.969991 0.243139 0
    outer loop
      vertex 74.2249 9.84183 10.9
      vertex 74.1557 9.56576 1.2
      vertex 74.1557 9.56576 10.9
    endloop
  endfacet
  facet normal 0.969991 0.243139 0
    outer loop
      vertex 79.8443 9.56576 10.9
      vertex 79.7751 9.84183 1.2
      vertex 79.7751 9.84183 10.9
    endloop
  endfacet
  facet normal 0.969991 0.243139 0
    outer loop
      vertex 79.7751 9.84183 1.2
      vertex 79.8443 9.56576 10.9
      vertex 79.8443 9.56576 1.2
    endloop
  endfacet
  facet normal 0.427515 -0.904008 0
    outer loop
      vertex 78.1098 6.32075 1.2
      vertex 78.3671 6.44243 10.9
      vertex 78.1098 6.32075 10.9
    endloop
  endfacet
  facet normal 0.427515 -0.904008 0
    outer loop
      vertex 78.3671 6.44243 10.9
      vertex 78.1098 6.32075 1.2
      vertex 78.3671 6.44243 1.2
    endloop
  endfacet
  facet normal -0.0490962 -0.998794 0
    outer loop
      vertex 76.7158 6.11397 1.2
      vertex 77 6.1 10.9
      vertex 76.7158 6.11397 10.9
    endloop
  endfacet
  facet normal -0.0490962 -0.998794 -0
    outer loop
      vertex 77 6.1 10.9
      vertex 76.7158 6.11397 1.2
      vertex 77 6.1 1.2
    endloop
  endfacet
  facet normal 0.998789 -0.0491928 0
    outer loop
      vertex 79.886 8.71575 10.9
      vertex 79.9 9 1.2
      vertex 79.9 9 10.9
    endloop
  endfacet
  facet normal 0.998789 -0.0491928 0
    outer loop
      vertex 79.9 9 1.2
      vertex 79.886 8.71575 10.9
      vertex 79.886 8.71575 1.2
    endloop
  endfacet
  facet normal -0.243197 0.969977 0
    outer loop
      vertex 76.4342 11.8443 1.2
      vertex 76.1582 11.7751 10.9
      vertex 76.4342 11.8443 10.9
    endloop
  endfacet
  facet normal -0.243197 0.969977 0
    outer loop
      vertex 76.1582 11.7751 10.9
      vertex 76.4342 11.8443 1.2
      vertex 76.1582 11.7751 1.2
    endloop
  endfacet
  facet normal -0.857741 -0.514082 0
    outer loop
      vertex 74.5887 7.38885 1.2
      vertex 74.4424 7.63295 10.9
      vertex 74.4424 7.63295 1.2
    endloop
  endfacet
  facet normal -0.857741 -0.514082 0
    outer loop
      vertex 74.4424 7.63295 10.9
      vertex 74.5887 7.38885 1.2
      vertex 74.5887 7.38885 10.9
    endloop
  endfacet
  facet normal -0.941635 0.336637 0
    outer loop
      vertex 74.2249 9.84183 1.2
      vertex 74.3207 10.1098 10.9
      vertex 74.3207 10.1098 1.2
    endloop
  endfacet
  facet normal -0.941635 0.336637 0
    outer loop
      vertex 74.3207 10.1098 10.9
      vertex 74.2249 9.84183 1.2
      vertex 74.2249 9.84183 10.9
    endloop
  endfacet
  facet normal -0.243032 -0.970018 0
    outer loop
      vertex 76.1582 6.22487 1.2
      vertex 76.4342 6.15572 10.9
      vertex 76.1582 6.22487 10.9
    endloop
  endfacet
  facet normal -0.243032 -0.970018 -0
    outer loop
      vertex 76.4342 6.15572 10.9
      vertex 76.1582 6.22487 1.2
      vertex 76.4342 6.15572 1.2
    endloop
  endfacet
  facet normal 0.427286 0.904117 -0
    outer loop
      vertex 78.3671 11.5576 1.2
      vertex 78.1098 11.6792 10.9
      vertex 78.3671 11.5576 10.9
    endloop
  endfacet
  facet normal 0.427286 0.904117 0
    outer loop
      vertex 78.1098 11.6792 10.9
      vertex 78.3671 11.5576 1.2
      vertex 78.1098 11.6792 1.2
    endloop
  endfacet
  facet normal 0.514082 0.857741 -0
    outer loop
      vertex 78.6112 11.4113 1.2
      vertex 78.3671 11.5576 10.9
      vertex 78.6112 11.4113 10.9
    endloop
  endfacet
  facet normal 0.514082 0.857741 0
    outer loop
      vertex 78.3671 11.5576 10.9
      vertex 78.6112 11.4113 1.2
      vertex 78.3671 11.5576 1.2
    endloop
  endfacet
  facet normal -0.596 0.802984 0
    outer loop
      vertex 75.3888 11.4113 1.2
      vertex 75.1603 11.2417 10.9
      vertex 75.3888 11.4113 10.9
    endloop
  endfacet
  facet normal -0.596 0.802984 0
    outer loop
      vertex 75.1603 11.2417 10.9
      vertex 75.3888 11.4113 1.2
      vertex 75.1603 11.2417 1.2
    endloop
  endfacet
  facet normal 0.802984 0.596 0
    outer loop
      vertex 79.4113 10.6112 10.9
      vertex 79.2417 10.8397 1.2
      vertex 79.2417 10.8397 10.9
    endloop
  endfacet
  facet normal 0.802984 0.596 0
    outer loop
      vertex 79.2417 10.8397 1.2
      vertex 79.4113 10.6112 10.9
      vertex 79.4113 10.6112 1.2
    endloop
  endfacet
  facet normal 0.989206 0.146531 0
    outer loop
      vertex 79.886 9.28425 10.9
      vertex 79.8443 9.56576 1.2
      vertex 79.8443 9.56576 10.9
    endloop
  endfacet
  facet normal 0.989206 0.146531 0
    outer loop
      vertex 79.8443 9.56576 1.2
      vertex 79.886 9.28425 10.9
      vertex 79.886 9.28425 1.2
    endloop
  endfacet
  facet normal -0.427286 0.904117 0
    outer loop
      vertex 75.8902 11.6792 1.2
      vertex 75.6329 11.5576 10.9
      vertex 75.8902 11.6792 10.9
    endloop
  endfacet
  facet normal -0.427286 0.904117 0
    outer loop
      vertex 75.6329 11.5576 10.9
      vertex 75.8902 11.6792 1.2
      vertex 75.6329 11.5576 1.2
    endloop
  endfacet
  facet normal -0.903962 -0.427614 0
    outer loop
      vertex 74.4424 7.63295 1.2
      vertex 74.3207 7.89022 10.9
      vertex 74.3207 7.89022 1.2
    endloop
  endfacet
  facet normal -0.903962 -0.427614 0
    outer loop
      vertex 74.3207 7.89022 10.9
      vertex 74.4424 7.63295 1.2
      vertex 74.4424 7.63295 10.9
    endloop
  endfacet
  facet normal -0.741036 0.671465 0
    outer loop
      vertex 74.7583 10.8397 1.2
      vertex 74.9494 11.0506 10.9
      vertex 74.9494 11.0506 1.2
    endloop
  endfacet
  facet normal -0.741036 0.671465 0
    outer loop
      vertex 74.9494 11.0506 10.9
      vertex 74.7583 10.8397 1.2
      vertex 74.7583 10.8397 10.9
    endloop
  endfacet
  facet normal 0.803096 -0.595849 0
    outer loop
      vertex 79.2417 7.16026 10.9
      vertex 79.4113 7.38885 1.2
      vertex 79.4113 7.38885 10.9
    endloop
  endfacet
  facet normal 0.803096 -0.595849 0
    outer loop
      vertex 79.4113 7.38885 1.2
      vertex 79.2417 7.16026 10.9
      vertex 79.2417 7.16026 1.2
    endloop
  endfacet
  facet normal -0.0492014 0.998789 0
    outer loop
      vertex 77 11.9 1.2
      vertex 76.7158 11.886 10.9
      vertex 77 11.9 10.9
    endloop
  endfacet
  facet normal -0.0492014 0.998789 0
    outer loop
      vertex 76.7158 11.886 10.9
      vertex 77 11.9 1.2
      vertex 76.7158 11.886 1.2
    endloop
  endfacet
  facet normal -0.941627 -0.336659 0
    outer loop
      vertex 74.3207 7.89022 1.2
      vertex 74.2249 8.15817 10.9
      vertex 74.2249 8.15817 1.2
    endloop
  endfacet
  facet normal -0.941627 -0.336659 0
    outer loop
      vertex 74.2249 8.15817 10.9
      vertex 74.3207 7.89022 1.2
      vertex 74.3207 7.89022 10.9
    endloop
  endfacet
  facet normal 0.740989 -0.671518 0
    outer loop
      vertex 79.0506 6.94939 10.9
      vertex 79.2417 7.16026 1.2
      vertex 79.2417 7.16026 10.9
    endloop
  endfacet
  facet normal 0.740989 -0.671518 0
    outer loop
      vertex 79.2417 7.16026 1.2
      vertex 79.0506 6.94939 10.9
      vertex 79.0506 6.94939 1.2
    endloop
  endfacet
  facet normal 0.998789 0.0491928 0
    outer loop
      vertex 79.9 9 10.9
      vertex 79.886 9.28425 1.2
      vertex 79.886 9.28425 10.9
    endloop
  endfacet
  facet normal 0.998789 0.0491928 0
    outer loop
      vertex 79.886 9.28425 1.2
      vertex 79.9 9 10.9
      vertex 79.9 9 1.2
    endloop
  endfacet
  facet normal 0.969991 -0.243139 0
    outer loop
      vertex 79.7751 8.15817 10.9
      vertex 79.8443 8.43424 1.2
      vertex 79.8443 8.43424 10.9
    endloop
  endfacet
  facet normal 0.969991 -0.243139 0
    outer loop
      vertex 79.8443 8.43424 1.2
      vertex 79.7751 8.15817 10.9
      vertex 79.7751 8.15817 1.2
    endloop
  endfacet
  facet normal -0.146485 0.989213 0
    outer loop
      vertex 76.7158 11.886 1.2
      vertex 76.4342 11.8443 10.9
      vertex 76.7158 11.886 10.9
    endloop
  endfacet
  facet normal -0.146485 0.989213 0
    outer loop
      vertex 76.4342 11.8443 10.9
      vertex 76.7158 11.886 1.2
      vertex 76.4342 11.8443 1.2
    endloop
  endfacet
  facet normal 0.903981 0.427573 0
    outer loop
      vertex 79.6793 10.1098 10.9
      vertex 79.5576 10.3671 1.2
      vertex 79.5576 10.3671 10.9
    endloop
  endfacet
  facet normal 0.903981 0.427573 0
    outer loop
      vertex 79.5576 10.3671 1.2
      vertex 79.6793 10.1098 10.9
      vertex 79.6793 10.1098 1.2
    endloop
  endfacet
  facet normal -0.336853 -0.941557 0
    outer loop
      vertex 75.8902 6.32075 1.2
      vertex 76.1582 6.22487 10.9
      vertex 75.8902 6.32075 10.9
    endloop
  endfacet
  facet normal -0.336853 -0.941557 -0
    outer loop
      vertex 76.1582 6.22487 10.9
      vertex 75.8902 6.32075 1.2
      vertex 76.1582 6.22487 1.2
    endloop
  endfacet
  facet normal -0.969991 -0.243139 0
    outer loop
      vertex 74.2249 8.15817 1.2
      vertex 74.1557 8.43424 10.9
      vertex 74.1557 8.43424 1.2
    endloop
  endfacet
  facet normal -0.969991 -0.243139 0
    outer loop
      vertex 74.1557 8.43424 10.9
      vertex 74.2249 8.15817 1.2
      vertex 74.2249 8.15817 10.9
    endloop
  endfacet
  facet normal 0.989206 -0.146531 0
    outer loop
      vertex 79.8443 8.43424 10.9
      vertex 79.886 8.71575 1.2
      vertex 79.886 8.71575 10.9
    endloop
  endfacet
  facet normal 0.989206 -0.146531 0
    outer loop
      vertex 79.886 8.71575 1.2
      vertex 79.8443 8.43424 10.9
      vertex 79.8443 8.43424 1.2
    endloop
  endfacet
  facet normal -0.802984 0.596 0
    outer loop
      vertex 74.5887 10.6112 1.2
      vertex 74.7583 10.8397 10.9
      vertex 74.7583 10.8397 1.2
    endloop
  endfacet
  facet normal -0.802984 0.596 0
    outer loop
      vertex 74.7583 10.8397 10.9
      vertex 74.5887 10.6112 1.2
      vertex 74.5887 10.6112 10.9
    endloop
  endfacet
  facet normal -0.740989 -0.671518 0
    outer loop
      vertex 74.9494 6.94939 1.2
      vertex 74.7583 7.16026 10.9
      vertex 74.7583 7.16026 1.2
    endloop
  endfacet
  facet normal -0.740989 -0.671518 0
    outer loop
      vertex 74.7583 7.16026 10.9
      vertex 74.9494 6.94939 1.2
      vertex 74.9494 6.94939 10.9
    endloop
  endfacet
  facet normal 0.243032 -0.970018 0
    outer loop
      vertex 77.5658 6.15572 1.2
      vertex 77.8418 6.22487 10.9
      vertex 77.5658 6.15572 10.9
    endloop
  endfacet
  facet normal 0.243032 -0.970018 0
    outer loop
      vertex 77.8418 6.22487 10.9
      vertex 77.5658 6.15572 1.2
      vertex 77.8418 6.22487 1.2
    endloop
  endfacet
  facet normal -0.427515 -0.904008 0
    outer loop
      vertex 75.6329 6.44243 1.2
      vertex 75.8902 6.32075 10.9
      vertex 75.6329 6.44243 10.9
    endloop
  endfacet
  facet normal -0.427515 -0.904008 -0
    outer loop
      vertex 75.8902 6.32075 10.9
      vertex 75.6329 6.44243 1.2
      vertex 75.8902 6.32075 1.2
    endloop
  endfacet
  facet normal -0.336915 0.941535 0
    outer loop
      vertex 76.1582 11.7751 1.2
      vertex 75.8902 11.6792 10.9
      vertex 76.1582 11.7751 10.9
    endloop
  endfacet
  facet normal -0.336915 0.941535 0
    outer loop
      vertex 75.8902 11.6792 10.9
      vertex 76.1582 11.7751 1.2
      vertex 75.8902 11.6792 1.2
    endloop
  endfacet
  facet normal 0.595842 -0.803102 0
    outer loop
      vertex 78.6112 6.58874 1.2
      vertex 78.8397 6.75827 10.9
      vertex 78.6112 6.58874 10.9
    endloop
  endfacet
  facet normal 0.595842 -0.803102 0
    outer loop
      vertex 78.8397 6.75827 10.9
      vertex 78.6112 6.58874 1.2
      vertex 78.8397 6.75827 1.2
    endloop
  endfacet
  facet normal 0.857741 0.514082 0
    outer loop
      vertex 79.5576 10.3671 10.9
      vertex 79.4113 10.6112 1.2
      vertex 79.4113 10.6112 10.9
    endloop
  endfacet
  facet normal 0.857741 0.514082 0
    outer loop
      vertex 79.4113 10.6112 1.2
      vertex 79.5576 10.3671 10.9
      vertex 79.5576 10.3671 1.2
    endloop
  endfacet
  facet normal 0.941635 0.336637 0
    outer loop
      vertex 79.7751 9.84183 10.9
      vertex 79.6793 10.1098 1.2
      vertex 79.6793 10.1098 10.9
    endloop
  endfacet
  facet normal 0.941635 0.336637 0
    outer loop
      vertex 79.6793 10.1098 1.2
      vertex 79.7751 9.84183 10.9
      vertex 79.7751 9.84183 1.2
    endloop
  endfacet
  facet normal 0.514108 -0.857725 0
    outer loop
      vertex 78.3671 6.44243 1.2
      vertex 78.6112 6.58874 10.9
      vertex 78.3671 6.44243 10.9
    endloop
  endfacet
  facet normal 0.514108 -0.857725 0
    outer loop
      vertex 78.6112 6.58874 10.9
      vertex 78.3671 6.44243 1.2
      vertex 78.6112 6.58874 1.2
    endloop
  endfacet
  facet normal -0.671504 -0.741001 0
    outer loop
      vertex 74.9494 6.94939 1.2
      vertex 75.1603 6.75827 10.9
      vertex 74.9494 6.94939 10.9
    endloop
  endfacet
  facet normal -0.671504 -0.741001 -0
    outer loop
      vertex 75.1603 6.75827 10.9
      vertex 74.9494 6.94939 1.2
      vertex 75.1603 6.75827 1.2
    endloop
  endfacet
  facet normal 0.989176 0.146733 0
    outer loop
      vertex 75.0384 8.60982 10.9
      vertex 75.0096 8.80397 7.3
      vertex 75.0096 8.80397 10.9
    endloop
  endfacet
  facet normal 0.989176 0.146733 0
    outer loop
      vertex 75.0096 8.80397 7.3
      vertex 75.0384 8.60982 10.9
      vertex 75.0384 8.60982 7.3
    endloop
  endfacet
  facet normal -0.427622 0.903958 0
    outer loop
      vertex 77.9428 7.23616 7.3
      vertex 77.7654 7.15224 10.9
      vertex 77.9428 7.23616 10.9
    endloop
  endfacet
  facet normal -0.427622 0.903958 0
    outer loop
      vertex 77.7654 7.15224 10.9
      vertex 77.9428 7.23616 7.3
      vertex 77.7654 7.15224 7.3
    endloop
  endfacet
  facet normal 0.0490735 0.998795 -0
    outer loop
      vertex 77 7 7.3
      vertex 76.804 7.00963 10.9
      vertex 77 7 10.9
    endloop
  endfacet
  facet normal 0.0490735 0.998795 0
    outer loop
      vertex 76.804 7.00963 10.9
      vertex 77 7 7.3
      vertex 76.804 7.00963 7.3
    endloop
  endfacet
  facet normal -0.146696 -0.989182 0
    outer loop
      vertex 77.196 10.9904 7.3
      vertex 77.3902 10.9616 10.9
      vertex 77.196 10.9904 10.9
    endloop
  endfacet
  facet normal -0.146696 -0.989182 -0
    outer loop
      vertex 77.3902 10.9616 10.9
      vertex 77.196 10.9904 7.3
      vertex 77.3902 10.9616 7.3
    endloop
  endfacet
  facet normal -0.740908 -0.671607 0
    outer loop
      vertex 78.546 10.2688 7.3
      vertex 78.4142 10.4142 10.9
      vertex 78.4142 10.4142 7.3
    endloop
  endfacet
  facet normal -0.740908 -0.671607 0
    outer loop
      vertex 78.4142 10.4142 10.9
      vertex 78.546 10.2688 7.3
      vertex 78.546 10.2688 10.9
    endloop
  endfacet
  facet normal 0.427622 0.903958 -0
    outer loop
      vertex 76.2346 7.15224 7.3
      vertex 76.0572 7.23616 10.9
      vertex 76.2346 7.15224 10.9
    endloop
  endfacet
  facet normal 0.427622 0.903958 0
    outer loop
      vertex 76.0572 7.23616 10.9
      vertex 76.2346 7.15224 7.3
      vertex 76.0572 7.23616 7.3
    endloop
  endfacet
  facet normal -0.998803 -0.0489135 0
    outer loop
      vertex 79 9 7.3
      vertex 78.9904 9.19603 10.9
      vertex 78.9904 9.19603 7.3
    endloop
  endfacet
  facet normal -0.998803 -0.0489135 0
    outer loop
      vertex 78.9904 9.19603 10.9
      vertex 79 9 7.3
      vertex 79 9 10.9
    endloop
  endfacet
  facet normal 0.94158 -0.336788 0
    outer loop
      vertex 75.0861 9.58057 10.9
      vertex 75.1522 9.76537 7.3
      vertex 75.1522 9.76537 10.9
    endloop
  endfacet
  facet normal 0.94158 -0.336788 0
    outer loop
      vertex 75.1522 9.76537 7.3
      vertex 75.0861 9.58057 10.9
      vertex 75.0861 9.58057 7.3
    endloop
  endfacet
  facet normal 0.671607 -0.740908 0
    outer loop
      vertex 75.5858 10.4142 7.3
      vertex 75.7312 10.546 10.9
      vertex 75.5858 10.4142 10.9
    endloop
  endfacet
  facet normal 0.671607 -0.740908 0
    outer loop
      vertex 75.7312 10.546 10.9
      vertex 75.5858 10.4142 7.3
      vertex 75.7312 10.546 7.3
    endloop
  endfacet
  facet normal 0.336788 -0.94158 0
    outer loop
      vertex 76.2346 10.8478 7.3
      vertex 76.4194 10.9139 10.9
      vertex 76.2346 10.8478 10.9
    endloop
  endfacet
  facet normal 0.336788 -0.94158 0
    outer loop
      vertex 76.4194 10.9139 10.9
      vertex 76.2346 10.8478 7.3
      vertex 76.4194 10.9139 7.3
    endloop
  endfacet
  facet normal -0.514196 -0.857673 0
    outer loop
      vertex 77.9428 10.7638 7.3
      vertex 78.1111 10.6629 10.9
      vertex 77.9428 10.7638 10.9
    endloop
  endfacet
  facet normal -0.514196 -0.857673 -0
    outer loop
      vertex 78.1111 10.6629 10.9
      vertex 77.9428 10.7638 7.3
      vertex 78.1111 10.6629 7.3
    endloop
  endfacet
  facet normal 0.989176 -0.146733 0
    outer loop
      vertex 75.0096 9.19603 10.9
      vertex 75.0384 9.39018 7.3
      vertex 75.0384 9.39018 10.9
    endloop
  endfacet
  facet normal 0.989176 -0.146733 0
    outer loop
      vertex 75.0384 9.39018 7.3
      vertex 75.0096 9.19603 10.9
      vertex 75.0096 9.19603 7.3
    endloop
  endfacet
  facet normal 0.243015 -0.970023 0
    outer loop
      vertex 76.4194 10.9139 7.3
      vertex 76.6098 10.9616 10.9
      vertex 76.4194 10.9139 10.9
    endloop
  endfacet
  facet normal 0.243015 -0.970023 0
    outer loop
      vertex 76.6098 10.9616 10.9
      vertex 76.4194 10.9139 7.3
      vertex 76.6098 10.9616 7.3
    endloop
  endfacet
  facet normal -0.970019 -0.243027 0
    outer loop
      vertex 78.9616 9.39018 7.3
      vertex 78.9139 9.58057 10.9
      vertex 78.9139 9.58057 7.3
    endloop
  endfacet
  facet normal -0.970019 -0.243027 0
    outer loop
      vertex 78.9139 9.58057 10.9
      vertex 78.9616 9.39018 7.3
      vertex 78.9616 9.39018 10.9
    endloop
  endfacet
  facet normal 0.998803 -0.0489135 0
    outer loop
      vertex 75 9 10.9
      vertex 75.0096 9.19603 7.3
      vertex 75.0096 9.19603 10.9
    endloop
  endfacet
  facet normal 0.998803 -0.0489135 0
    outer loop
      vertex 75.0096 9.19603 7.3
      vertex 75 9 10.9
      vertex 75 9 7.3
    endloop
  endfacet
  facet normal 0.514196 0.857673 -0
    outer loop
      vertex 76.0572 7.23616 7.3
      vertex 75.8889 7.33706 10.9
      vertex 76.0572 7.23616 10.9
    endloop
  endfacet
  facet normal 0.514196 0.857673 0
    outer loop
      vertex 75.8889 7.33706 10.9
      vertex 76.0572 7.23616 7.3
      vertex 75.8889 7.33706 7.3
    endloop
  endfacet
  facet normal -0.989176 0.146733 0
    outer loop
      vertex 78.9616 8.60982 7.3
      vertex 78.9904 8.80397 10.9
      vertex 78.9904 8.80397 7.3
    endloop
  endfacet
  facet normal -0.989176 0.146733 0
    outer loop
      vertex 78.9904 8.80397 10.9
      vertex 78.9616 8.60982 7.3
      vertex 78.9616 8.60982 10.9
    endloop
  endfacet
  facet normal 0.427955 -0.9038 0
    outer loop
      vertex 76.0572 10.7638 7.3
      vertex 76.2346 10.8478 10.9
      vertex 76.0572 10.7638 10.9
    endloop
  endfacet
  facet normal 0.427955 -0.9038 0
    outer loop
      vertex 76.2346 10.8478 10.9
      vertex 76.0572 10.7638 7.3
      vertex 76.2346 10.8478 7.3
    endloop
  endfacet
  facet normal -0.0489209 -0.998803 0
    outer loop
      vertex 77 11 7.3
      vertex 77.196 10.9904 10.9
      vertex 77 11 10.9
    endloop
  endfacet
  facet normal -0.0489209 -0.998803 -0
    outer loop
      vertex 77.196 10.9904 10.9
      vertex 77 11 7.3
      vertex 77.196 10.9904 7.3
    endloop
  endfacet
  facet normal 0.803259 0.59563 0
    outer loop
      vertex 75.454 7.73121 10.9
      vertex 75.3371 7.88886 7.3
      vertex 75.3371 7.88886 10.9
    endloop
  endfacet
  facet normal 0.803259 0.59563 0
    outer loop
      vertex 75.3371 7.88886 7.3
      vertex 75.454 7.73121 10.9
      vertex 75.454 7.73121 7.3
    endloop
  endfacet
  facet normal -0.80335 -0.595508 0
    outer loop
      vertex 78.6629 10.1111 7.3
      vertex 78.546 10.2688 10.9
      vertex 78.546 10.2688 7.3
    endloop
  endfacet
  facet normal -0.80335 -0.595508 0
    outer loop
      vertex 78.546 10.2688 10.9
      vertex 78.6629 10.1111 7.3
      vertex 78.6629 10.1111 10.9
    endloop
  endfacet
  facet normal 0.970019 0.243027 0
    outer loop
      vertex 75.0861 8.41943 10.9
      vertex 75.0384 8.60982 7.3
      vertex 75.0384 8.60982 10.9
    endloop
  endfacet
  facet normal 0.970019 0.243027 0
    outer loop
      vertex 75.0384 8.60982 7.3
      vertex 75.0861 8.41943 10.9
      vertex 75.0861 8.41943 7.3
    endloop
  endfacet
  facet normal 0.970019 -0.243027 0
    outer loop
      vertex 75.0384 9.39018 10.9
      vertex 75.0861 9.58057 7.3
      vertex 75.0861 9.58057 10.9
    endloop
  endfacet
  facet normal 0.970019 -0.243027 0
    outer loop
      vertex 75.0861 9.58057 7.3
      vertex 75.0384 9.39018 10.9
      vertex 75.0384 9.39018 7.3
    endloop
  endfacet
  facet normal 0.0489209 -0.998803 0
    outer loop
      vertex 76.804 10.9904 7.3
      vertex 77 11 10.9
      vertex 76.804 10.9904 10.9
    endloop
  endfacet
  facet normal 0.0489209 -0.998803 0
    outer loop
      vertex 77 11 10.9
      vertex 76.804 10.9904 7.3
      vertex 77 11 7.3
    endloop
  endfacet
  facet normal -0.998803 0.0489135 0
    outer loop
      vertex 78.9904 8.80397 7.3
      vertex 79 9 10.9
      vertex 79 9 7.3
    endloop
  endfacet
  facet normal -0.998803 0.0489135 0
    outer loop
      vertex 79 9 10.9
      vertex 78.9904 8.80397 7.3
      vertex 78.9904 8.80397 10.9
    endloop
  endfacet
  facet normal 0.242967 0.970035 -0
    outer loop
      vertex 76.6098 7.03843 7.3
      vertex 76.4194 7.08612 10.9
      vertex 76.6098 7.03843 10.9
    endloop
  endfacet
  facet normal 0.242967 0.970035 0
    outer loop
      vertex 76.4194 7.08612 10.9
      vertex 76.6098 7.03843 7.3
      vertex 76.4194 7.08612 7.3
    endloop
  endfacet
  facet normal -0.243015 -0.970023 0
    outer loop
      vertex 77.3902 10.9616 7.3
      vertex 77.5806 10.9139 10.9
      vertex 77.3902 10.9616 10.9
    endloop
  endfacet
  facet normal -0.243015 -0.970023 -0
    outer loop
      vertex 77.5806 10.9139 10.9
      vertex 77.3902 10.9616 7.3
      vertex 77.5806 10.9139 7.3
    endloop
  endfacet
  facet normal -0.803259 0.59563 0
    outer loop
      vertex 78.546 7.73121 7.3
      vertex 78.6629 7.88886 10.9
      vertex 78.6629 7.88886 7.3
    endloop
  endfacet
  facet normal -0.803259 0.59563 0
    outer loop
      vertex 78.6629 7.88886 10.9
      vertex 78.546 7.73121 7.3
      vertex 78.546 7.73121 10.9
    endloop
  endfacet
  facet normal 0.595508 -0.80335 0
    outer loop
      vertex 75.7312 10.546 7.3
      vertex 75.8889 10.6629 10.9
      vertex 75.7312 10.546 10.9
    endloop
  endfacet
  facet normal 0.595508 -0.80335 0
    outer loop
      vertex 75.8889 10.6629 10.9
      vertex 75.7312 10.546 7.3
      vertex 75.8889 10.6629 7.3
    endloop
  endfacet
  facet normal -0.427955 -0.9038 0
    outer loop
      vertex 77.7654 10.8478 7.3
      vertex 77.9428 10.7638 10.9
      vertex 77.7654 10.8478 10.9
    endloop
  endfacet
  facet normal -0.427955 -0.9038 -0
    outer loop
      vertex 77.9428 10.7638 10.9
      vertex 77.7654 10.8478 7.3
      vertex 77.9428 10.7638 7.3
    endloop
  endfacet
  facet normal -0.336788 -0.94158 0
    outer loop
      vertex 77.5806 10.9139 7.3
      vertex 77.7654 10.8478 10.9
      vertex 77.5806 10.9139 10.9
    endloop
  endfacet
  facet normal -0.336788 -0.94158 -0
    outer loop
      vertex 77.7654 10.8478 10.9
      vertex 77.5806 10.9139 7.3
      vertex 77.7654 10.8478 7.3
    endloop
  endfacet
  facet normal -0.94158 0.336788 0
    outer loop
      vertex 78.8478 8.23463 7.3
      vertex 78.9139 8.41943 10.9
      vertex 78.9139 8.41943 7.3
    endloop
  endfacet
  facet normal -0.94158 0.336788 0
    outer loop
      vertex 78.9139 8.41943 10.9
      vertex 78.8478 8.23463 7.3
      vertex 78.8478 8.23463 10.9
    endloop
  endfacet
  facet normal 0.857686 -0.514173 0
    outer loop
      vertex 75.2362 9.94279 10.9
      vertex 75.3371 10.1111 7.3
      vertex 75.3371 10.1111 10.9
    endloop
  endfacet
  facet normal 0.857686 -0.514173 0
    outer loop
      vertex 75.3371 10.1111 7.3
      vertex 75.2362 9.94279 10.9
      vertex 75.2362 9.94279 7.3
    endloop
  endfacet
  facet normal 0.336879 0.941548 -0
    outer loop
      vertex 76.4194 7.08612 7.3
      vertex 76.2346 7.15224 10.9
      vertex 76.4194 7.08612 10.9
    endloop
  endfacet
  facet normal 0.336879 0.941548 0
    outer loop
      vertex 76.2346 7.15224 10.9
      vertex 76.4194 7.08612 7.3
      vertex 76.2346 7.15224 7.3
    endloop
  endfacet
  facet normal 0.514196 -0.857673 0
    outer loop
      vertex 75.8889 10.6629 7.3
      vertex 76.0572 10.7638 10.9
      vertex 75.8889 10.6629 10.9
    endloop
  endfacet
  facet normal 0.514196 -0.857673 0
    outer loop
      vertex 76.0572 10.7638 10.9
      vertex 75.8889 10.6629 7.3
      vertex 76.0572 10.7638 7.3
    endloop
  endfacet
  facet normal -0.857686 -0.514173 0
    outer loop
      vertex 78.7638 9.94279 7.3
      vertex 78.6629 10.1111 10.9
      vertex 78.6629 10.1111 7.3
    endloop
  endfacet
  facet normal -0.857686 -0.514173 0
    outer loop
      vertex 78.6629 10.1111 10.9
      vertex 78.7638 9.94279 7.3
      vertex 78.7638 9.94279 10.9
    endloop
  endfacet
  facet normal 0.998803 0.0489135 0
    outer loop
      vertex 75.0096 8.80397 10.9
      vertex 75 9 7.3
      vertex 75 9 10.9
    endloop
  endfacet
  facet normal 0.998803 0.0489135 0
    outer loop
      vertex 75 9 7.3
      vertex 75.0096 8.80397 10.9
      vertex 75.0096 8.80397 7.3
    endloop
  endfacet
  facet normal 0.146696 0.989182 -0
    outer loop
      vertex 76.804 7.00963 7.3
      vertex 76.6098 7.03843 10.9
      vertex 76.804 7.00963 10.9
    endloop
  endfacet
  facet normal 0.146696 0.989182 0
    outer loop
      vertex 76.6098 7.03843 10.9
      vertex 76.804 7.00963 7.3
      vertex 76.6098 7.03843 7.3
    endloop
  endfacet
  facet normal 0.146696 -0.989182 0
    outer loop
      vertex 76.6098 10.9616 7.3
      vertex 76.804 10.9904 10.9
      vertex 76.6098 10.9616 10.9
    endloop
  endfacet
  facet normal 0.146696 -0.989182 0
    outer loop
      vertex 76.804 10.9904 10.9
      vertex 76.6098 10.9616 7.3
      vertex 76.804 10.9904 7.3
    endloop
  endfacet
  facet normal 0.903819 -0.427916 0
    outer loop
      vertex 75.1522 9.76537 10.9
      vertex 75.2362 9.94279 7.3
      vertex 75.2362 9.94279 10.9
    endloop
  endfacet
  facet normal 0.903819 -0.427916 0
    outer loop
      vertex 75.2362 9.94279 7.3
      vertex 75.1522 9.76537 10.9
      vertex 75.1522 9.76537 7.3
    endloop
  endfacet
  facet normal 0.80335 -0.595508 0
    outer loop
      vertex 75.3371 10.1111 10.9
      vertex 75.454 10.2688 7.3
      vertex 75.454 10.2688 10.9
    endloop
  endfacet
  facet normal 0.80335 -0.595508 0
    outer loop
      vertex 75.454 10.2688 7.3
      vertex 75.3371 10.1111 10.9
      vertex 75.3371 10.1111 7.3
    endloop
  endfacet
  facet normal -0.85774 0.514084 0
    outer loop
      vertex 78.6629 7.88886 7.3
      vertex 78.7638 8.05721 10.9
      vertex 78.7638 8.05721 7.3
    endloop
  endfacet
  facet normal -0.85774 0.514084 0
    outer loop
      vertex 78.7638 8.05721 10.9
      vertex 78.6629 7.88886 7.3
      vertex 78.6629 7.88886 10.9
    endloop
  endfacet
  facet normal -0.94158 -0.336788 0
    outer loop
      vertex 78.9139 9.58057 7.3
      vertex 78.8478 9.76537 10.9
      vertex 78.8478 9.76537 7.3
    endloop
  endfacet
  facet normal -0.94158 -0.336788 0
    outer loop
      vertex 78.8478 9.76537 10.9
      vertex 78.9139 9.58057 7.3
      vertex 78.9139 9.58057 10.9
    endloop
  endfacet
  facet normal -0.671607 -0.740908 0
    outer loop
      vertex 78.2688 10.546 7.3
      vertex 78.4142 10.4142 10.9
      vertex 78.2688 10.546 10.9
    endloop
  endfacet
  facet normal -0.671607 -0.740908 -0
    outer loop
      vertex 78.4142 10.4142 10.9
      vertex 78.2688 10.546 7.3
      vertex 78.4142 10.4142 7.3
    endloop
  endfacet
  facet normal -0.595508 -0.80335 0
    outer loop
      vertex 78.1111 10.6629 7.3
      vertex 78.2688 10.546 10.9
      vertex 78.1111 10.6629 10.9
    endloop
  endfacet
  facet normal -0.595508 -0.80335 -0
    outer loop
      vertex 78.2688 10.546 10.9
      vertex 78.1111 10.6629 7.3
      vertex 78.2688 10.546 7.3
    endloop
  endfacet
  facet normal -0.989176 -0.146733 0
    outer loop
      vertex 78.9904 9.19603 7.3
      vertex 78.9616 9.39018 10.9
      vertex 78.9616 9.39018 7.3
    endloop
  endfacet
  facet normal -0.989176 -0.146733 0
    outer loop
      vertex 78.9616 9.39018 10.9
      vertex 78.9904 9.19603 7.3
      vertex 78.9904 9.19603 10.9
    endloop
  endfacet
  facet normal -0.970019 0.243027 0
    outer loop
      vertex 78.9139 8.41943 7.3
      vertex 78.9616 8.60982 10.9
      vertex 78.9616 8.60982 7.3
    endloop
  endfacet
  facet normal -0.970019 0.243027 0
    outer loop
      vertex 78.9616 8.60982 10.9
      vertex 78.9139 8.41943 7.3
      vertex 78.9139 8.41943 10.9
    endloop
  endfacet
  facet normal -0.740954 0.671556 0
    outer loop
      vertex 78.4142 7.58579 7.3
      vertex 78.546 7.73121 10.9
      vertex 78.546 7.73121 7.3
    endloop
  endfacet
  facet normal -0.740954 0.671556 0
    outer loop
      vertex 78.546 7.73121 10.9
      vertex 78.4142 7.58579 7.3
      vertex 78.4142 7.58579 10.9
    endloop
  endfacet
  facet normal 0.740954 0.671556 0
    outer loop
      vertex 75.5858 7.58579 10.9
      vertex 75.454 7.73121 7.3
      vertex 75.454 7.73121 10.9
    endloop
  endfacet
  facet normal 0.740954 0.671556 0
    outer loop
      vertex 75.454 7.73121 7.3
      vertex 75.5858 7.58579 10.9
      vertex 75.5858 7.58579 7.3
    endloop
  endfacet
  facet normal 0.740908 -0.671607 0
    outer loop
      vertex 75.454 10.2688 10.9
      vertex 75.5858 10.4142 7.3
      vertex 75.5858 10.4142 10.9
    endloop
  endfacet
  facet normal 0.740908 -0.671607 0
    outer loop
      vertex 75.5858 10.4142 7.3
      vertex 75.454 10.2688 10.9
      vertex 75.454 10.2688 7.3
    endloop
  endfacet
  facet normal 0.671635 0.740882 -0
    outer loop
      vertex 75.7312 7.45398 7.3
      vertex 75.5858 7.58579 10.9
      vertex 75.7312 7.45398 10.9
    endloop
  endfacet
  facet normal 0.671635 0.740882 0
    outer loop
      vertex 75.5858 7.58579 10.9
      vertex 75.7312 7.45398 7.3
      vertex 75.5858 7.58579 7.3
    endloop
  endfacet
  facet normal 0.85774 0.514084 0
    outer loop
      vertex 75.3371 7.88886 10.9
      vertex 75.2362 8.05721 7.3
      vertex 75.2362 8.05721 10.9
    endloop
  endfacet
  facet normal 0.85774 0.514084 0
    outer loop
      vertex 75.2362 8.05721 7.3
      vertex 75.3371 7.88886 10.9
      vertex 75.3371 7.88886 7.3
    endloop
  endfacet
  facet normal -0.903819 0.427916 0
    outer loop
      vertex 78.7638 8.05721 7.3
      vertex 78.8478 8.23463 10.9
      vertex 78.8478 8.23463 7.3
    endloop
  endfacet
  facet normal -0.903819 0.427916 0
    outer loop
      vertex 78.8478 8.23463 10.9
      vertex 78.7638 8.05721 7.3
      vertex 78.7638 8.05721 10.9
    endloop
  endfacet
  facet normal -0.146696 0.989182 0
    outer loop
      vertex 77.3902 7.03843 7.3
      vertex 77.196 7.00963 10.9
      vertex 77.3902 7.03843 10.9
    endloop
  endfacet
  facet normal -0.146696 0.989182 0
    outer loop
      vertex 77.196 7.00963 10.9
      vertex 77.3902 7.03843 7.3
      vertex 77.196 7.00963 7.3
    endloop
  endfacet
  facet normal -0.0490735 0.998795 0
    outer loop
      vertex 77.196 7.00963 7.3
      vertex 77 7 10.9
      vertex 77.196 7.00963 10.9
    endloop
  endfacet
  facet normal -0.0490735 0.998795 0
    outer loop
      vertex 77 7 10.9
      vertex 77.196 7.00963 7.3
      vertex 77 7 7.3
    endloop
  endfacet
  facet normal 0 0 1
    outer loop
      vertex 78.9904 9.19603 7.3
      vertex 78.9904 8.80397 7.3
      vertex 79 9 7.3
    endloop
  endfacet
  facet normal 0 0 1
    outer loop
      vertex 78.9616 9.39018 7.3
      vertex 78.9904 8.80397 7.3
      vertex 78.9904 9.19603 7.3
    endloop
  endfacet
  facet normal 0 0 1
    outer loop
      vertex 78.9616 9.39018 7.3
      vertex 78.9616 8.60982 7.3
      vertex 78.9904 8.80397 7.3
    endloop
  endfacet
  facet normal 0 0 1
    outer loop
      vertex 78.9139 9.58057 7.3
      vertex 78.9616 8.60982 7.3
      vertex 78.9616 9.39018 7.3
    endloop
  endfacet
  facet normal 0 0 1
    outer loop
      vertex 78.9139 9.58057 7.3
      vertex 78.9139 8.41943 7.3
      vertex 78.9616 8.60982 7.3
    endloop
  endfacet
  facet normal 0 0 1
    outer loop
      vertex 78.8478 9.76537 7.3
      vertex 78.9139 8.41943 7.3
      vertex 78.9139 9.58057 7.3
    endloop
  endfacet
  facet normal 0 0 1
    outer loop
      vertex 78.8478 9.76537 7.3
      vertex 78.8478 8.23463 7.3
      vertex 78.9139 8.41943 7.3
    endloop
  endfacet
  facet normal 0 0 1
    outer loop
      vertex 78.7638 9.94279 7.3
      vertex 78.8478 8.23463 7.3
      vertex 78.8478 9.76537 7.3
    endloop
  endfacet
  facet normal 0 0 1
    outer loop
      vertex 78.7638 9.94279 7.3
      vertex 78.7638 8.05721 7.3
      vertex 78.8478 8.23463 7.3
    endloop
  endfacet
  facet normal 0 0 1
    outer loop
      vertex 78.6629 10.1111 7.3
      vertex 78.7638 8.05721 7.3
      vertex 78.7638 9.94279 7.3
    endloop
  endfacet
  facet normal 0 0 1
    outer loop
      vertex 78.6629 10.1111 7.3
      vertex 78.6629 7.88886 7.3
      vertex 78.7638 8.05721 7.3
    endloop
  endfacet
  facet normal 0 0 1
    outer loop
      vertex 78.546 10.2688 7.3
      vertex 78.6629 7.88886 7.3
      vertex 78.6629 10.1111 7.3
    endloop
  endfacet
  facet normal 0 0 1
    outer loop
      vertex 78.546 10.2688 7.3
      vertex 78.546 7.73121 7.3
      vertex 78.6629 7.88886 7.3
    endloop
  endfacet
  facet normal 0 0 1
    outer loop
      vertex 78.4142 10.4142 7.3
      vertex 78.546 7.73121 7.3
      vertex 78.546 10.2688 7.3
    endloop
  endfacet
  facet normal 0 0 1
    outer loop
      vertex 78.4142 10.4142 7.3
      vertex 78.4142 7.58579 7.3
      vertex 78.546 7.73121 7.3
    endloop
  endfacet
  facet normal 0 0 1
    outer loop
      vertex 78.2688 10.546 7.3
      vertex 78.4142 7.58579 7.3
      vertex 78.4142 10.4142 7.3
    endloop
  endfacet
  facet normal 0 0 1
    outer loop
      vertex 78.2688 10.546 7.3
      vertex 78.2688 7.45398 7.3
      vertex 78.4142 7.58579 7.3
    endloop
  endfacet
  facet normal 0 0 1
    outer loop
      vertex 78.1111 10.6629 7.3
      vertex 78.2688 7.45398 7.3
      vertex 78.2688 10.546 7.3
    endloop
  endfacet
  facet normal 0 0 1
    outer loop
      vertex 78.1111 10.6629 7.3
      vertex 78.1111 7.33706 7.3
      vertex 78.2688 7.45398 7.3
    endloop
  endfacet
  facet normal 0 0 1
    outer loop
      vertex 77.9428 10.7638 7.3
      vertex 78.1111 7.33706 7.3
      vertex 78.1111 10.6629 7.3
    endloop
  endfacet
  facet normal 0 0 1
    outer loop
      vertex 77.9428 10.7638 7.3
      vertex 77.9428 7.23616 7.3
      vertex 78.1111 7.33706 7.3
    endloop
  endfacet
  facet normal 0 0 1
    outer loop
      vertex 77.7654 10.8478 7.3
      vertex 77.9428 7.23616 7.3
      vertex 77.9428 10.7638 7.3
    endloop
  endfacet
  facet normal 0 0 1
    outer loop
      vertex 77.7654 10.8478 7.3
      vertex 77.7654 7.15224 7.3
      vertex 77.9428 7.23616 7.3
    endloop
  endfacet
  facet normal 0 0 1
    outer loop
      vertex 77.5806 10.9139 7.3
      vertex 77.7654 7.15224 7.3
      vertex 77.7654 10.8478 7.3
    endloop
  endfacet
  facet normal 0 0 1
    outer loop
      vertex 77.5806 10.9139 7.3
      vertex 77.5806 7.08612 7.3
      vertex 77.7654 7.15224 7.3
    endloop
  endfacet
  facet normal 0 0 1
    outer loop
      vertex 77.3902 10.9616 7.3
      vertex 77.5806 7.08612 7.3
      vertex 77.5806 10.9139 7.3
    endloop
  endfacet
  facet normal 0 0 1
    outer loop
      vertex 77.3902 10.9616 7.3
      vertex 77.3902 7.03843 7.3
      vertex 77.5806 7.08612 7.3
    endloop
  endfacet
  facet normal 0 0 1
    outer loop
      vertex 77.196 10.9904 7.3
      vertex 77.3902 7.03843 7.3
      vertex 77.3902 10.9616 7.3
    endloop
  endfacet
  facet normal 0 0 1
    outer loop
      vertex 77.196 10.9904 7.3
      vertex 77.196 7.00963 7.3
      vertex 77.3902 7.03843 7.3
    endloop
  endfacet
  facet normal 0 0 1
    outer loop
      vertex 77 11 7.3
      vertex 77.196 7.00963 7.3
      vertex 77.196 10.9904 7.3
    endloop
  endfacet
  facet normal 0 0 1
    outer loop
      vertex 77 11 7.3
      vertex 77 7 7.3
      vertex 77.196 7.00963 7.3
    endloop
  endfacet
  facet normal -0 0 1
    outer loop
      vertex 76.804 10.9904 7.3
      vertex 77 7 7.3
      vertex 77 11 7.3
    endloop
  endfacet
  facet normal 0 0 1
    outer loop
      vertex 76.804 10.9904 7.3
      vertex 76.804 7.00963 7.3
      vertex 77 7 7.3
    endloop
  endfacet
  facet normal -0 0 1
    outer loop
      vertex 76.6098 10.9616 7.3
      vertex 76.804 7.00963 7.3
      vertex 76.804 10.9904 7.3
    endloop
  endfacet
  facet normal 0 0 1
    outer loop
      vertex 76.6098 10.9616 7.3
      vertex 76.6098 7.03843 7.3
      vertex 76.804 7.00963 7.3
    endloop
  endfacet
  facet normal -0 0 1
    outer loop
      vertex 76.4194 10.9139 7.3
      vertex 76.6098 7.03843 7.3
      vertex 76.6098 10.9616 7.3
    endloop
  endfacet
  facet normal 0 0 1
    outer loop
      vertex 76.4194 10.9139 7.3
      vertex 76.4194 7.08612 7.3
      vertex 76.6098 7.03843 7.3
    endloop
  endfacet
  facet normal -0 0 1
    outer loop
      vertex 76.2346 10.8478 7.3
      vertex 76.4194 7.08612 7.3
      vertex 76.4194 10.9139 7.3
    endloop
  endfacet
  facet normal 0 0 1
    outer loop
      vertex 76.2346 10.8478 7.3
      vertex 76.2346 7.15224 7.3
      vertex 76.4194 7.08612 7.3
    endloop
  endfacet
  facet normal -0 0 1
    outer loop
      vertex 76.0572 10.7638 7.3
      vertex 76.2346 7.15224 7.3
      vertex 76.2346 10.8478 7.3
    endloop
  endfacet
  facet normal 0 0 1
    outer loop
      vertex 76.0572 10.7638 7.3
      vertex 76.0572 7.23616 7.3
      vertex 76.2346 7.15224 7.3
    endloop
  endfacet
  facet normal -0 0 1
    outer loop
      vertex 75.8889 10.6629 7.3
      vertex 76.0572 7.23616 7.3
      vertex 76.0572 10.7638 7.3
    endloop
  endfacet
  facet normal 0 0 1
    outer loop
      vertex 75.8889 10.6629 7.3
      vertex 75.8889 7.33706 7.3
      vertex 76.0572 7.23616 7.3
    endloop
  endfacet
  facet normal -0 0 1
    outer loop
      vertex 75.7312 10.546 7.3
      vertex 75.8889 7.33706 7.3
      vertex 75.8889 10.6629 7.3
    endloop
  endfacet
  facet normal 0 0 1
    outer loop
      vertex 75.7312 10.546 7.3
      vertex 75.7312 7.45398 7.3
      vertex 75.8889 7.33706 7.3
    endloop
  endfacet
  facet normal -0 0 1
    outer loop
      vertex 75.5858 10.4142 7.3
      vertex 75.7312 7.45398 7.3
      vertex 75.7312 10.546 7.3
    endloop
  endfacet
  facet normal 0 0 1
    outer loop
      vertex 75.5858 10.4142 7.3
      vertex 75.5858 7.58579 7.3
      vertex 75.7312 7.45398 7.3
    endloop
  endfacet
  facet normal -0 0 1
    outer loop
      vertex 75.454 10.2688 7.3
      vertex 75.5858 7.58579 7.3
      vertex 75.5858 10.4142 7.3
    endloop
  endfacet
  facet normal 0 0 1
    outer loop
      vertex 75.454 10.2688 7.3
      vertex 75.454 7.73121 7.3
      vertex 75.5858 7.58579 7.3
    endloop
  endfacet
  facet normal -0 0 1
    outer loop
      vertex 75.3371 10.1111 7.3
      vertex 75.454 7.73121 7.3
      vertex 75.454 10.2688 7.3
    endloop
  endfacet
  facet normal 0 0 1
    outer loop
      vertex 75.3371 10.1111 7.3
      vertex 75.3371 7.88886 7.3
      vertex 75.454 7.73121 7.3
    endloop
  endfacet
  facet normal -0 0 1
    outer loop
      vertex 75.2362 9.94279 7.3
      vertex 75.3371 7.88886 7.3
      vertex 75.3371 10.1111 7.3
    endloop
  endfacet
  facet normal 0 0 1
    outer loop
      vertex 75.2362 9.94279 7.3
      vertex 75.2362 8.05721 7.3
      vertex 75.3371 7.88886 7.3
    endloop
  endfacet
  facet normal -0 0 1
    outer loop
      vertex 75.1522 9.76537 7.3
      vertex 75.2362 8.05721 7.3
      vertex 75.2362 9.94279 7.3
    endloop
  endfacet
  facet normal 0 0 1
    outer loop
      vertex 75.1522 9.76537 7.3
      vertex 75.1522 8.23463 7.3
      vertex 75.2362 8.05721 7.3
    endloop
  endfacet
  facet normal -0 0 1
    outer loop
      vertex 75.0861 9.58057 7.3
      vertex 75.1522 8.23463 7.3
      vertex 75.1522 9.76537 7.3
    endloop
  endfacet
  facet normal 0 0 1
    outer loop
      vertex 75.0861 9.58057 7.3
      vertex 75.0861 8.41943 7.3
      vertex 75.1522 8.23463 7.3
    endloop
  endfacet
  facet normal -0 0 1
    outer loop
      vertex 75.0384 9.39018 7.3
      vertex 75.0861 8.41943 7.3
      vertex 75.0861 9.58057 7.3
    endloop
  endfacet
  facet normal 0 0 1
    outer loop
      vertex 75.0384 9.39018 7.3
      vertex 75.0384 8.60982 7.3
      vertex 75.0861 8.41943 7.3
    endloop
  endfacet
  facet normal -0 0 1
    outer loop
      vertex 75.0096 9.19603 7.3
      vertex 75.0384 8.60982 7.3
      vertex 75.0384 9.39018 7.3
    endloop
  endfacet
  facet normal 0 0 1
    outer loop
      vertex 75.0096 9.19603 7.3
      vertex 75.0096 8.80397 7.3
      vertex 75.0384 8.60982 7.3
    endloop
  endfacet
  facet normal 0 -0 1
    outer loop
      vertex 75.0096 8.80397 7.3
      vertex 75.0096 9.19603 7.3
      vertex 75 9 7.3
    endloop
  endfacet
  facet normal 0.94158 0.336788 0
    outer loop
      vertex 75.1522 8.23463 10.9
      vertex 75.0861 8.41943 7.3
      vertex 75.0861 8.41943 10.9
    endloop
  endfacet
  facet normal 0.94158 0.336788 0
    outer loop
      vertex 75.0861 8.41943 7.3
      vertex 75.1522 8.23463 10.9
      vertex 75.1522 8.23463 7.3
    endloop
  endfacet
  facet normal -0.336879 0.941548 0
    outer loop
      vertex 77.7654 7.15224 7.3
      vertex 77.5806 7.08612 10.9
      vertex 77.7654 7.15224 10.9
    endloop
  endfacet
  facet normal -0.336879 0.941548 0
    outer loop
      vertex 77.5806 7.08612 10.9
      vertex 77.7654 7.15224 7.3
      vertex 77.5806 7.08612 7.3
    endloop
  endfacet
  facet normal -0.242967 0.970035 0
    outer loop
      vertex 77.5806 7.08612 7.3
      vertex 77.3902 7.03843 10.9
      vertex 77.5806 7.08612 10.9
    endloop
  endfacet
  facet normal -0.242967 0.970035 0
    outer loop
      vertex 77.3902 7.03843 10.9
      vertex 77.5806 7.08612 7.3
      vertex 77.3902 7.03843 7.3
    endloop
  endfacet
  facet normal -0.514196 0.857673 0
    outer loop
      vertex 78.1111 7.33706 7.3
      vertex 77.9428 7.23616 10.9
      vertex 78.1111 7.33706 10.9
    endloop
  endfacet
  facet normal -0.514196 0.857673 0
    outer loop
      vertex 77.9428 7.23616 10.9
      vertex 78.1111 7.33706 7.3
      vertex 77.9428 7.23616 7.3
    endloop
  endfacet
  facet normal -0.671635 0.740882 0
    outer loop
      vertex 78.4142 7.58579 7.3
      vertex 78.2688 7.45398 10.9
      vertex 78.4142 7.58579 10.9
    endloop
  endfacet
  facet normal -0.671635 0.740882 0
    outer loop
      vertex 78.2688 7.45398 10.9
      vertex 78.4142 7.58579 7.3
      vertex 78.2688 7.45398 7.3
    endloop
  endfacet
  facet normal -0.595573 0.803301 0
    outer loop
      vertex 78.2688 7.45398 7.3
      vertex 78.1111 7.33706 10.9
      vertex 78.2688 7.45398 10.9
    endloop
  endfacet
  facet normal -0.595573 0.803301 0
    outer loop
      vertex 78.1111 7.33706 10.9
      vertex 78.2688 7.45398 7.3
      vertex 78.1111 7.33706 7.3
    endloop
  endfacet
  facet normal 0.903819 0.427916 0
    outer loop
      vertex 75.2362 8.05721 10.9
      vertex 75.1522 8.23463 7.3
      vertex 75.1522 8.23463 10.9
    endloop
  endfacet
  facet normal 0.903819 0.427916 0
    outer loop
      vertex 75.1522 8.23463 7.3
      vertex 75.2362 8.05721 10.9
      vertex 75.2362 8.05721 7.3
    endloop
  endfacet
  facet normal -0.903819 -0.427916 0
    outer loop
      vertex 78.8478 9.76537 7.3
      vertex 78.7638 9.94279 10.9
      vertex 78.7638 9.94279 7.3
    endloop
  endfacet
  facet normal -0.903819 -0.427916 0
    outer loop
      vertex 78.7638 9.94279 10.9
      vertex 78.8478 9.76537 7.3
      vertex 78.8478 9.76537 10.9
    endloop
  endfacet
  facet normal 0.595573 0.803301 -0
    outer loop
      vertex 75.8889 7.33706 7.3
      vertex 75.7312 7.45398 10.9
      vertex 75.8889 7.33706 10.9
    endloop
  endfacet
  facet normal 0.595573 0.803301 0
    outer loop
      vertex 75.7312 7.45398 10.9
      vertex 75.8889 7.33706 7.3
      vertex 75.7312 7.45398 7.3
    endloop
  endfacet
  facet normal 0.146485 -0.989213 0
    outer loop
      vertex 77.2842 34.714 1.2
      vertex 77.5658 34.7557 10.9
      vertex 77.2842 34.714 10.9
    endloop
  endfacet
  facet normal 0.146485 -0.989213 0
    outer loop
      vertex 77.5658 34.7557 10.9
      vertex 77.2842 34.714 1.2
      vertex 77.5658 34.7557 1.2
    endloop
  endfacet
  facet normal -0.802984 -0.596 0
    outer loop
      vertex 74.7583 35.7603 1.2
      vertex 74.5887 35.9888 10.9
      vertex 74.5887 35.9888 1.2
    endloop
  endfacet
  facet normal -0.802984 -0.596 0
    outer loop
      vertex 74.5887 35.9888 10.9
      vertex 74.7583 35.7603 1.2
      vertex 74.7583 35.7603 10.9
    endloop
  endfacet
  facet normal -0.989205 0.146536 0
    outer loop
      vertex 74.114 37.8843 1.2
      vertex 74.1557 38.1658 10.9
      vertex 74.1557 38.1658 1.2
    endloop
  endfacet
  facet normal -0.989205 0.146536 0
    outer loop
      vertex 74.1557 38.1658 10.9
      vertex 74.114 37.8843 1.2
      vertex 74.114 37.8843 10.9
    endloop
  endfacet
  facet normal -0.671465 0.741036 0
    outer loop
      vertex 75.1603 39.8417 1.2
      vertex 74.9494 39.6506 10.9
      vertex 75.1603 39.8417 10.9
    endloop
  endfacet
  facet normal -0.671465 0.741036 0
    outer loop
      vertex 74.9494 39.6506 10.9
      vertex 75.1603 39.8417 1.2
      vertex 74.9494 39.6506 1.2
    endloop
  endfacet
  facet normal 0.671465 0.741036 -0
    outer loop
      vertex 79.0506 39.6506 1.2
      vertex 78.8397 39.8417 10.9
      vertex 79.0506 39.6506 10.9
    endloop
  endfacet
  facet normal 0.671465 0.741036 0
    outer loop
      vertex 78.8397 39.8417 10.9
      vertex 79.0506 39.6506 1.2
      vertex 78.8397 39.8417 1.2
    endloop
  endfacet
  facet normal -0.596 -0.802984 0
    outer loop
      vertex 75.1603 35.3583 1.2
      vertex 75.3888 35.1887 10.9
      vertex 75.1603 35.3583 10.9
    endloop
  endfacet
  facet normal -0.596 -0.802984 -0
    outer loop
      vertex 75.3888 35.1887 10.9
      vertex 75.1603 35.3583 1.2
      vertex 75.3888 35.1887 1.2
    endloop
  endfacet
  facet normal 0.941646 -0.336603 0
    outer loop
      vertex 79.6793 36.4902 10.9
      vertex 79.7751 36.7582 1.2
      vertex 79.7751 36.7582 10.9
    endloop
  endfacet
  facet normal 0.941646 -0.336603 0
    outer loop
      vertex 79.7751 36.7582 1.2
      vertex 79.6793 36.4902 10.9
      vertex 79.6793 36.4902 1.2
    endloop
  endfacet
  facet normal 0.0492014 -0.998789 0
    outer loop
      vertex 77 34.7 1.2
      vertex 77.2842 34.714 10.9
      vertex 77 34.7 10.9
    endloop
  endfacet
  facet normal 0.0492014 -0.998789 0
    outer loop
      vertex 77.2842 34.714 10.9
      vertex 77 34.7 1.2
      vertex 77.2842 34.714 1.2
    endloop
  endfacet
  facet normal -0.514082 0.857741 0
    outer loop
      vertex 75.6329 40.1576 1.2
      vertex 75.3888 40.0113 10.9
      vertex 75.6329 40.1576 10.9
    endloop
  endfacet
  facet normal -0.514082 0.857741 0
    outer loop
      vertex 75.3888 40.0113 10.9
      vertex 75.6329 40.1576 1.2
      vertex 75.3888 40.0113 1.2
    endloop
  endfacet
  facet normal 0.336603 0.941646 -0
    outer loop
      vertex 78.1098 40.2793 1.2
      vertex 77.8418 40.3751 10.9
      vertex 78.1098 40.2793 10.9
    endloop
  endfacet
  facet normal 0.336603 0.941646 0
    outer loop
      vertex 77.8418 40.3751 10.9
      vertex 78.1098 40.2793 1.2
      vertex 77.8418 40.3751 1.2
    endloop
  endfacet
  facet normal 0.671465 -0.741036 0
    outer loop
      vertex 78.8397 35.3583 1.2
      vertex 79.0506 35.5494 10.9
      vertex 78.8397 35.3583 10.9
    endloop
  endfacet
  facet normal 0.671465 -0.741036 0
    outer loop
      vertex 79.0506 35.5494 10.9
      vertex 78.8397 35.3583 1.2
      vertex 79.0506 35.5494 1.2
    endloop
  endfacet
  facet normal -0.514082 -0.857741 0
    outer loop
      vertex 75.3888 35.1887 1.2
      vertex 75.6329 35.0424 10.9
      vertex 75.3888 35.1887 10.9
    endloop
  endfacet
  facet normal -0.514082 -0.857741 -0
    outer loop
      vertex 75.6329 35.0424 10.9
      vertex 75.3888 35.1887 1.2
      vertex 75.6329 35.0424 1.2
    endloop
  endfacet
  facet normal 0.857741 -0.514082 0
    outer loop
      vertex 79.4113 35.9888 10.9
      vertex 79.5576 36.2329 1.2
      vertex 79.5576 36.2329 10.9
    endloop
  endfacet
  facet normal 0.857741 -0.514082 0
    outer loop
      vertex 79.5576 36.2329 1.2
      vertex 79.4113 35.9888 10.9
      vertex 79.4113 35.9888 1.2
    endloop
  endfacet
  facet normal 0 0 1
    outer loop
      vertex 79 37.6 10.9
      vertex 79.9 37.6 10.9
      vertex 79.886 37.8843 10.9
    endloop
  endfacet
  facet normal 0 0 1
    outer loop
      vertex 78.9904 37.796 10.9
      vertex 79.886 37.8843 10.9
      vertex 79.8443 38.1658 10.9
    endloop
  endfacet
  facet normal 0 0 1
    outer loop
      vertex 79.9 37.6 10.9
      vertex 79 37.6 10.9
      vertex 79.886 37.3158 10.9
    endloop
  endfacet
  facet normal 0 0 1
    outer loop
      vertex 78.9616 37.9902 10.9
      vertex 79.8443 38.1658 10.9
      vertex 79.7751 38.4418 10.9
    endloop
  endfacet
  facet normal -0 0 1
    outer loop
      vertex 78.9904 37.404 10.9
      vertex 79.886 37.3158 10.9
      vertex 79 37.6 10.9
    endloop
  endfacet
  facet normal 0 0 1
    outer loop
      vertex 78.9139 38.1806 10.9
      vertex 79.7751 38.4418 10.9
      vertex 79.6793 38.7098 10.9
    endloop
  endfacet
  facet normal 0 0 1
    outer loop
      vertex 79.886 37.3158 10.9
      vertex 78.9904 37.404 10.9
      vertex 79.8443 37.0342 10.9
    endloop
  endfacet
  facet normal 0 0 1
    outer loop
      vertex 78.8478 38.3654 10.9
      vertex 79.6793 38.7098 10.9
      vertex 79.5576 38.967 10.9
    endloop
  endfacet
  facet normal -0 0 1
    outer loop
      vertex 78.9616 37.2098 10.9
      vertex 79.8443 37.0342 10.9
      vertex 78.9904 37.404 10.9
    endloop
  endfacet
  facet normal 0 0 1
    outer loop
      vertex 78.7638 38.5428 10.9
      vertex 79.5576 38.967 10.9
      vertex 79.4113 39.2112 10.9
    endloop
  endfacet
  facet normal 0 0 1
    outer loop
      vertex 79.8443 37.0342 10.9
      vertex 78.9616 37.2098 10.9
      vertex 79.7751 36.7582 10.9
    endloop
  endfacet
  facet normal 0 0 1
    outer loop
      vertex 78.6629 38.7111 10.9
      vertex 79.4113 39.2112 10.9
      vertex 79.2417 39.4397 10.9
    endloop
  endfacet
  facet normal -0 0 1
    outer loop
      vertex 78.9139 37.0194 10.9
      vertex 79.7751 36.7582 10.9
      vertex 78.9616 37.2098 10.9
    endloop
  endfacet
  facet normal 0 0 1
    outer loop
      vertex 78.546 38.8688 10.9
      vertex 79.2417 39.4397 10.9
      vertex 79.0506 39.6506 10.9
    endloop
  endfacet
  facet normal 0 0 1
    outer loop
      vertex 79.7751 36.7582 10.9
      vertex 78.9139 37.0194 10.9
      vertex 79.6793 36.4902 10.9
    endloop
  endfacet
  facet normal -0 0 1
    outer loop
      vertex 78.8478 36.8346 10.9
      vertex 79.6793 36.4902 10.9
      vertex 78.9139 37.0194 10.9
    endloop
  endfacet
  facet normal 0 0 1
    outer loop
      vertex 79.886 37.8843 10.9
      vertex 78.9904 37.796 10.9
      vertex 79 37.6 10.9
    endloop
  endfacet
  facet normal 0 0 1
    outer loop
      vertex 79.8443 38.1658 10.9
      vertex 78.9616 37.9902 10.9
      vertex 78.9904 37.796 10.9
    endloop
  endfacet
  facet normal 0 0 1
    outer loop
      vertex 79.7751 38.4418 10.9
      vertex 78.9139 38.1806 10.9
      vertex 78.9616 37.9902 10.9
    endloop
  endfacet
  facet normal 0 0 1
    outer loop
      vertex 79.6793 38.7098 10.9
      vertex 78.8478 38.3654 10.9
      vertex 78.9139 38.1806 10.9
    endloop
  endfacet
  facet normal 0 0 1
    outer loop
      vertex 78.4142 39.0142 10.9
      vertex 79.0506 39.6506 10.9
      vertex 78.8397 39.8417 10.9
    endloop
  endfacet
  facet normal 0 0 1
    outer loop
      vertex 79.5576 38.967 10.9
      vertex 78.7638 38.5428 10.9
      vertex 78.8478 38.3654 10.9
    endloop
  endfacet
  facet normal 0 0 1
    outer loop
      vertex 79.4113 39.2112 10.9
      vertex 78.6629 38.7111 10.9
      vertex 78.7638 38.5428 10.9
    endloop
  endfacet
  facet normal 0 0 1
    outer loop
      vertex 78.2688 39.146 10.9
      vertex 78.8397 39.8417 10.9
      vertex 78.6112 40.0113 10.9
    endloop
  endfacet
  facet normal 0 0 1
    outer loop
      vertex 79.2417 39.4397 10.9
      vertex 78.546 38.8688 10.9
      vertex 78.6629 38.7111 10.9
    endloop
  endfacet
  facet normal 0 0 1
    outer loop
      vertex 79.0506 39.6506 10.9
      vertex 78.4142 39.0142 10.9
      vertex 78.546 38.8688 10.9
    endloop
  endfacet
  facet normal 0 0 1
    outer loop
      vertex 78.1111 39.2629 10.9
      vertex 78.6112 40.0113 10.9
      vertex 78.3671 40.1576 10.9
    endloop
  endfacet
  facet normal 0 0 1
    outer loop
      vertex 78.8397 39.8417 10.9
      vertex 78.2688 39.146 10.9
      vertex 78.4142 39.0142 10.9
    endloop
  endfacet
  facet normal 0 0 1
    outer loop
      vertex 78.6112 40.0113 10.9
      vertex 78.1111 39.2629 10.9
      vertex 78.2688 39.146 10.9
    endloop
  endfacet
  facet normal 0 0 1
    outer loop
      vertex 77.9428 39.3638 10.9
      vertex 78.3671 40.1576 10.9
      vertex 78.1098 40.2793 10.9
    endloop
  endfacet
  facet normal 0 0 1
    outer loop
      vertex 78.3671 40.1576 10.9
      vertex 77.9428 39.3638 10.9
      vertex 78.1111 39.2629 10.9
    endloop
  endfacet
  facet normal 0 0 1
    outer loop
      vertex 77.7654 39.4478 10.9
      vertex 78.1098 40.2793 10.9
      vertex 77.8418 40.3751 10.9
    endloop
  endfacet
  facet normal 0 0 1
    outer loop
      vertex 78.1098 40.2793 10.9
      vertex 77.7654 39.4478 10.9
      vertex 77.9428 39.3638 10.9
    endloop
  endfacet
  facet normal 0 0 1
    outer loop
      vertex 77.8418 40.3751 10.9
      vertex 77.5806 39.5139 10.9
      vertex 77.7654 39.4478 10.9
    endloop
  endfacet
  facet normal 0 0 1
    outer loop
      vertex 77.5658 40.4443 10.9
      vertex 77.5806 39.5139 10.9
      vertex 77.8418 40.3751 10.9
    endloop
  endfacet
  facet normal 0 0 1
    outer loop
      vertex 77.5658 40.4443 10.9
      vertex 77.3902 39.5616 10.9
      vertex 77.5806 39.5139 10.9
    endloop
  endfacet
  facet normal 0 0 1
    outer loop
      vertex 77.2842 40.486 10.9
      vertex 77.3902 39.5616 10.9
      vertex 77.5658 40.4443 10.9
    endloop
  endfacet
  facet normal 0 0 1
    outer loop
      vertex 77.2842 40.486 10.9
      vertex 77.196 39.5904 10.9
      vertex 77.3902 39.5616 10.9
    endloop
  endfacet
  facet normal 0 0 1
    outer loop
      vertex 77 40.5 10.9
      vertex 77.196 39.5904 10.9
      vertex 77.2842 40.486 10.9
    endloop
  endfacet
  facet normal 0 0 1
    outer loop
      vertex 77 40.5 10.9
      vertex 77 39.6 10.9
      vertex 77.196 39.5904 10.9
    endloop
  endfacet
  facet normal 0 0 1
    outer loop
      vertex 77 40.5 10.9
      vertex 76.804 39.5904 10.9
      vertex 77 39.6 10.9
    endloop
  endfacet
  facet normal -0 0 1
    outer loop
      vertex 76.7158 40.486 10.9
      vertex 76.804 39.5904 10.9
      vertex 77 40.5 10.9
    endloop
  endfacet
  facet normal 0 0 1
    outer loop
      vertex 76.7158 40.486 10.9
      vertex 76.6098 39.5616 10.9
      vertex 76.804 39.5904 10.9
    endloop
  endfacet
  facet normal -0 0 1
    outer loop
      vertex 76.4342 40.4443 10.9
      vertex 76.6098 39.5616 10.9
      vertex 76.7158 40.486 10.9
    endloop
  endfacet
  facet normal 0 0 1
    outer loop
      vertex 76.4342 40.4443 10.9
      vertex 76.4194 39.5139 10.9
      vertex 76.6098 39.5616 10.9
    endloop
  endfacet
  facet normal -0 0 1
    outer loop
      vertex 76.1582 40.3751 10.9
      vertex 76.4194 39.5139 10.9
      vertex 76.4342 40.4443 10.9
    endloop
  endfacet
  facet normal 0 0 1
    outer loop
      vertex 76.4194 39.5139 10.9
      vertex 76.1582 40.3751 10.9
      vertex 76.2346 39.4478 10.9
    endloop
  endfacet
  facet normal -0 0 1
    outer loop
      vertex 75.8902 40.2793 10.9
      vertex 76.2346 39.4478 10.9
      vertex 76.1582 40.3751 10.9
    endloop
  endfacet
  facet normal 0 0 1
    outer loop
      vertex 76.2346 39.4478 10.9
      vertex 75.8902 40.2793 10.9
      vertex 76.0572 39.3638 10.9
    endloop
  endfacet
  facet normal -0 0 1
    outer loop
      vertex 75.6329 40.1576 10.9
      vertex 76.0572 39.3638 10.9
      vertex 75.8902 40.2793 10.9
    endloop
  endfacet
  facet normal 0 0 1
    outer loop
      vertex 76.0572 39.3638 10.9
      vertex 75.6329 40.1576 10.9
      vertex 75.8889 39.2629 10.9
    endloop
  endfacet
  facet normal -0 0 1
    outer loop
      vertex 75.3888 40.0113 10.9
      vertex 75.8889 39.2629 10.9
      vertex 75.6329 40.1576 10.9
    endloop
  endfacet
  facet normal 0 0 1
    outer loop
      vertex 75.8889 39.2629 10.9
      vertex 75.3888 40.0113 10.9
      vertex 75.7312 39.146 10.9
    endloop
  endfacet
  facet normal -0 0 1
    outer loop
      vertex 75.1603 39.8417 10.9
      vertex 75.7312 39.146 10.9
      vertex 75.3888 40.0113 10.9
    endloop
  endfacet
  facet normal 0 0 1
    outer loop
      vertex 75.7312 39.146 10.9
      vertex 75.1603 39.8417 10.9
      vertex 75.5858 39.0142 10.9
    endloop
  endfacet
  facet normal -0 0 1
    outer loop
      vertex 74.9494 39.6506 10.9
      vertex 75.5858 39.0142 10.9
      vertex 75.1603 39.8417 10.9
    endloop
  endfacet
  facet normal 0 0 1
    outer loop
      vertex 75.5858 39.0142 10.9
      vertex 74.9494 39.6506 10.9
      vertex 75.454 38.8688 10.9
    endloop
  endfacet
  facet normal -0 0 1
    outer loop
      vertex 74.7583 39.4397 10.9
      vertex 75.454 38.8688 10.9
      vertex 74.9494 39.6506 10.9
    endloop
  endfacet
  facet normal 0 0 1
    outer loop
      vertex 75.454 38.8688 10.9
      vertex 74.7583 39.4397 10.9
      vertex 75.3371 38.7111 10.9
    endloop
  endfacet
  facet normal -0 0 1
    outer loop
      vertex 74.5887 39.2112 10.9
      vertex 75.3371 38.7111 10.9
      vertex 74.7583 39.4397 10.9
    endloop
  endfacet
  facet normal 0 0 1
    outer loop
      vertex 75.3371 38.7111 10.9
      vertex 74.5887 39.2112 10.9
      vertex 75.2362 38.5428 10.9
    endloop
  endfacet
  facet normal -0 0 1
    outer loop
      vertex 74.4424 38.967 10.9
      vertex 75.2362 38.5428 10.9
      vertex 74.5887 39.2112 10.9
    endloop
  endfacet
  facet normal -0 0 1
    outer loop
      vertex 74.3207 38.7098 10.9
      vertex 75.1522 38.3654 10.9
      vertex 74.4424 38.967 10.9
    endloop
  endfacet
  facet normal 0 0 1
    outer loop
      vertex 75.2362 38.5428 10.9
      vertex 74.4424 38.967 10.9
      vertex 75.1522 38.3654 10.9
    endloop
  endfacet
  facet normal 0 0 1
    outer loop
      vertex 79.6793 36.4902 10.9
      vertex 78.8478 36.8346 10.9
      vertex 79.5576 36.2329 10.9
    endloop
  endfacet
  facet normal -0 0 1
    outer loop
      vertex 78.7638 36.6572 10.9
      vertex 79.5576 36.2329 10.9
      vertex 78.8478 36.8346 10.9
    endloop
  endfacet
  facet normal 0 0 1
    outer loop
      vertex 79.5576 36.2329 10.9
      vertex 78.7638 36.6572 10.9
      vertex 79.4113 35.9888 10.9
    endloop
  endfacet
  facet normal -0 0 1
    outer loop
      vertex 78.6629 36.4889 10.9
      vertex 79.4113 35.9888 10.9
      vertex 78.7638 36.6572 10.9
    endloop
  endfacet
  facet normal 0 0 1
    outer loop
      vertex 79.4113 35.9888 10.9
      vertex 78.6629 36.4889 10.9
      vertex 79.2417 35.7603 10.9
    endloop
  endfacet
  facet normal -0 0 1
    outer loop
      vertex 78.546 36.3312 10.9
      vertex 79.2417 35.7603 10.9
      vertex 78.6629 36.4889 10.9
    endloop
  endfacet
  facet normal 0 0 1
    outer loop
      vertex 79.2417 35.7603 10.9
      vertex 78.546 36.3312 10.9
      vertex 79.0506 35.5494 10.9
    endloop
  endfacet
  facet normal -0 0 1
    outer loop
      vertex 78.4142 36.1858 10.9
      vertex 79.0506 35.5494 10.9
      vertex 78.546 36.3312 10.9
    endloop
  endfacet
  facet normal 0 0 1
    outer loop
      vertex 79.0506 35.5494 10.9
      vertex 78.4142 36.1858 10.9
      vertex 78.8397 35.3583 10.9
    endloop
  endfacet
  facet normal -0 0 1
    outer loop
      vertex 78.2688 36.054 10.9
      vertex 78.8397 35.3583 10.9
      vertex 78.4142 36.1858 10.9
    endloop
  endfacet
  facet normal 0 0 1
    outer loop
      vertex 78.8397 35.3583 10.9
      vertex 78.2688 36.054 10.9
      vertex 78.6112 35.1887 10.9
    endloop
  endfacet
  facet normal -0 0 1
    outer loop
      vertex 78.1111 35.9371 10.9
      vertex 78.6112 35.1887 10.9
      vertex 78.2688 36.054 10.9
    endloop
  endfacet
  facet normal 0 0 1
    outer loop
      vertex 78.6112 35.1887 10.9
      vertex 78.1111 35.9371 10.9
      vertex 78.3671 35.0424 10.9
    endloop
  endfacet
  facet normal -0 0 1
    outer loop
      vertex 77.9428 35.8362 10.9
      vertex 78.3671 35.0424 10.9
      vertex 78.1111 35.9371 10.9
    endloop
  endfacet
  facet normal 0 0 1
    outer loop
      vertex 78.3671 35.0424 10.9
      vertex 77.9428 35.8362 10.9
      vertex 78.1098 34.9207 10.9
    endloop
  endfacet
  facet normal -0 0 1
    outer loop
      vertex 77.7654 35.7522 10.9
      vertex 78.1098 34.9207 10.9
      vertex 77.9428 35.8362 10.9
    endloop
  endfacet
  facet normal 0 0 1
    outer loop
      vertex 78.1098 34.9207 10.9
      vertex 77.7654 35.7522 10.9
      vertex 77.8418 34.8249 10.9
    endloop
  endfacet
  facet normal -0 0 1
    outer loop
      vertex 77.5806 35.6861 10.9
      vertex 77.8418 34.8249 10.9
      vertex 77.7654 35.7522 10.9
    endloop
  endfacet
  facet normal 0 0 1
    outer loop
      vertex 77.5806 35.6861 10.9
      vertex 77.5658 34.7557 10.9
      vertex 77.8418 34.8249 10.9
    endloop
  endfacet
  facet normal -0 0 1
    outer loop
      vertex 77.3902 35.6384 10.9
      vertex 77.5658 34.7557 10.9
      vertex 77.5806 35.6861 10.9
    endloop
  endfacet
  facet normal 0 0 1
    outer loop
      vertex 77.3902 35.6384 10.9
      vertex 77.2842 34.714 10.9
      vertex 77.5658 34.7557 10.9
    endloop
  endfacet
  facet normal -0 0 1
    outer loop
      vertex 77.196 35.6096 10.9
      vertex 77.2842 34.714 10.9
      vertex 77.3902 35.6384 10.9
    endloop
  endfacet
  facet normal -0 0 1
    outer loop
      vertex 77 35.6 10.9
      vertex 77.2842 34.714 10.9
      vertex 77.196 35.6096 10.9
    endloop
  endfacet
  facet normal 0 0 1
    outer loop
      vertex 77 35.6 10.9
      vertex 77 34.7 10.9
      vertex 77.2842 34.714 10.9
    endloop
  endfacet
  facet normal 0 0 1
    outer loop
      vertex 76.804 35.6096 10.9
      vertex 77 34.7 10.9
      vertex 77 35.6 10.9
    endloop
  endfacet
  facet normal 0 0 1
    outer loop
      vertex 76.804 35.6096 10.9
      vertex 76.7158 34.714 10.9
      vertex 77 34.7 10.9
    endloop
  endfacet
  facet normal 0 0 1
    outer loop
      vertex 76.6098 35.6384 10.9
      vertex 76.7158 34.714 10.9
      vertex 76.804 35.6096 10.9
    endloop
  endfacet
  facet normal 0 0 1
    outer loop
      vertex 76.6098 35.6384 10.9
      vertex 76.4342 34.7557 10.9
      vertex 76.7158 34.714 10.9
    endloop
  endfacet
  facet normal 0 0 1
    outer loop
      vertex 76.4194 35.6861 10.9
      vertex 76.4342 34.7557 10.9
      vertex 76.6098 35.6384 10.9
    endloop
  endfacet
  facet normal 0 0 1
    outer loop
      vertex 76.1582 34.8249 10.9
      vertex 76.4194 35.6861 10.9
      vertex 76.2346 35.7522 10.9
    endloop
  endfacet
  facet normal 0 0 1
    outer loop
      vertex 76.4194 35.6861 10.9
      vertex 76.1582 34.8249 10.9
      vertex 76.4342 34.7557 10.9
    endloop
  endfacet
  facet normal 0 0 1
    outer loop
      vertex 75.8902 34.9207 10.9
      vertex 76.2346 35.7522 10.9
      vertex 76.0572 35.8362 10.9
    endloop
  endfacet
  facet normal 0 0 1
    outer loop
      vertex 76.2346 35.7522 10.9
      vertex 75.8902 34.9207 10.9
      vertex 76.1582 34.8249 10.9
    endloop
  endfacet
  facet normal 0 0 1
    outer loop
      vertex 75.6329 35.0424 10.9
      vertex 76.0572 35.8362 10.9
      vertex 75.8889 35.9371 10.9
    endloop
  endfacet
  facet normal 0 0 1
    outer loop
      vertex 75.3888 35.1887 10.9
      vertex 75.8889 35.9371 10.9
      vertex 75.7312 36.054 10.9
    endloop
  endfacet
  facet normal 0 0 1
    outer loop
      vertex 76.0572 35.8362 10.9
      vertex 75.6329 35.0424 10.9
      vertex 75.8902 34.9207 10.9
    endloop
  endfacet
  facet normal 0 0 1
    outer loop
      vertex 75.1603 35.3583 10.9
      vertex 75.7312 36.054 10.9
      vertex 75.5858 36.1858 10.9
    endloop
  endfacet
  facet normal 0 0 1
    outer loop
      vertex 74.9494 35.5494 10.9
      vertex 75.5858 36.1858 10.9
      vertex 75.454 36.3312 10.9
    endloop
  endfacet
  facet normal 0 0 1
    outer loop
      vertex 75.8889 35.9371 10.9
      vertex 75.3888 35.1887 10.9
      vertex 75.6329 35.0424 10.9
    endloop
  endfacet
  facet normal 0 0 1
    outer loop
      vertex 74.7583 35.7603 10.9
      vertex 75.454 36.3312 10.9
      vertex 75.3371 36.4889 10.9
    endloop
  endfacet
  facet normal 0 0 1
    outer loop
      vertex 74.5887 35.9888 10.9
      vertex 75.3371 36.4889 10.9
      vertex 75.2362 36.6572 10.9
    endloop
  endfacet
  facet normal 0 0 1
    outer loop
      vertex 75.7312 36.054 10.9
      vertex 75.1603 35.3583 10.9
      vertex 75.3888 35.1887 10.9
    endloop
  endfacet
  facet normal 0 0 1
    outer loop
      vertex 74.4424 36.2329 10.9
      vertex 75.2362 36.6572 10.9
      vertex 75.1522 36.8346 10.9
    endloop
  endfacet
  facet normal 0 0 1
    outer loop
      vertex 74.3207 36.4902 10.9
      vertex 75.1522 36.8346 10.9
      vertex 75.0861 37.0194 10.9
    endloop
  endfacet
  facet normal 0 0 1
    outer loop
      vertex 74.2249 36.7582 10.9
      vertex 75.0861 37.0194 10.9
      vertex 75.0384 37.2098 10.9
    endloop
  endfacet
  facet normal 0 0 1
    outer loop
      vertex 74.1557 37.0342 10.9
      vertex 75.0384 37.2098 10.9
      vertex 75.0096 37.404 10.9
    endloop
  endfacet
  facet normal 0 0 1
    outer loop
      vertex 75.5858 36.1858 10.9
      vertex 74.9494 35.5494 10.9
      vertex 75.1603 35.3583 10.9
    endloop
  endfacet
  facet normal 0 0 1
    outer loop
      vertex 74.114 37.3158 10.9
      vertex 75.0096 37.404 10.9
      vertex 75 37.6 10.9
    endloop
  endfacet
  facet normal 0 0 1
    outer loop
      vertex 75.1522 38.3654 10.9
      vertex 74.3207 38.7098 10.9
      vertex 75.0861 38.1806 10.9
    endloop
  endfacet
  facet normal -0 0 1
    outer loop
      vertex 74.2249 38.4418 10.9
      vertex 75.0861 38.1806 10.9
      vertex 74.3207 38.7098 10.9
    endloop
  endfacet
  facet normal 0 0 1
    outer loop
      vertex 75.454 36.3312 10.9
      vertex 74.7583 35.7603 10.9
      vertex 74.9494 35.5494 10.9
    endloop
  endfacet
  facet normal 0 0 1
    outer loop
      vertex 75.0861 38.1806 10.9
      vertex 74.2249 38.4418 10.9
      vertex 75.0384 37.9902 10.9
    endloop
  endfacet
  facet normal 0 0 1
    outer loop
      vertex 75.3371 36.4889 10.9
      vertex 74.5887 35.9888 10.9
      vertex 74.7583 35.7603 10.9
    endloop
  endfacet
  facet normal -0 0 1
    outer loop
      vertex 74.1557 38.1658 10.9
      vertex 75.0384 37.9902 10.9
      vertex 74.2249 38.4418 10.9
    endloop
  endfacet
  facet normal 0 0 1
    outer loop
      vertex 75.2362 36.6572 10.9
      vertex 74.4424 36.2329 10.9
      vertex 74.5887 35.9888 10.9
    endloop
  endfacet
  facet normal 0 0 1
    outer loop
      vertex 75.0384 37.9902 10.9
      vertex 74.1557 38.1658 10.9
      vertex 75.0096 37.796 10.9
    endloop
  endfacet
  facet normal 0 0 1
    outer loop
      vertex 75.1522 36.8346 10.9
      vertex 74.3207 36.4902 10.9
      vertex 74.4424 36.2329 10.9
    endloop
  endfacet
  facet normal -0 0 1
    outer loop
      vertex 74.114 37.8843 10.9
      vertex 75.0096 37.796 10.9
      vertex 74.1557 38.1658 10.9
    endloop
  endfacet
  facet normal 0 0 1
    outer loop
      vertex 75.0861 37.0194 10.9
      vertex 74.2249 36.7582 10.9
      vertex 74.3207 36.4902 10.9
    endloop
  endfacet
  facet normal 0 0 1
    outer loop
      vertex 75.0096 37.796 10.9
      vertex 74.114 37.8843 10.9
      vertex 75 37.6 10.9
    endloop
  endfacet
  facet normal 0 0 1
    outer loop
      vertex 75.0384 37.2098 10.9
      vertex 74.1557 37.0342 10.9
      vertex 74.2249 36.7582 10.9
    endloop
  endfacet
  facet normal 0 0 1
    outer loop
      vertex 74.1 37.6 10.9
      vertex 75 37.6 10.9
      vertex 74.114 37.8843 10.9
    endloop
  endfacet
  facet normal 0 0 1
    outer loop
      vertex 75.0096 37.404 10.9
      vertex 74.114 37.3158 10.9
      vertex 74.1557 37.0342 10.9
    endloop
  endfacet
  facet normal 0 0 1
    outer loop
      vertex 75 37.6 10.9
      vertex 74.1 37.6 10.9
      vertex 74.114 37.3158 10.9
    endloop
  endfacet
  facet normal -0.989213 -0.146485 0
    outer loop
      vertex 74.1557 37.0342 1.2
      vertex 74.114 37.3158 10.9
      vertex 74.114 37.3158 1.2
    endloop
  endfacet
  facet normal -0.989213 -0.146485 0
    outer loop
      vertex 74.114 37.3158 10.9
      vertex 74.1557 37.0342 1.2
      vertex 74.1557 37.0342 10.9
    endloop
  endfacet
  facet normal -0.146485 -0.989213 0
    outer loop
      vertex 76.4342 34.7557 1.2
      vertex 76.7158 34.714 10.9
      vertex 76.4342 34.7557 10.9
    endloop
  endfacet
  facet normal -0.146485 -0.989213 -0
    outer loop
      vertex 76.7158 34.714 10.9
      vertex 76.4342 34.7557 1.2
      vertex 76.7158 34.714 1.2
    endloop
  endfacet
  facet normal 0.243197 0.969977 -0
    outer loop
      vertex 77.8418 40.3751 1.2
      vertex 77.5658 40.4443 10.9
      vertex 77.8418 40.3751 10.9
    endloop
  endfacet
  facet normal 0.243197 0.969977 0
    outer loop
      vertex 77.5658 40.4443 10.9
      vertex 77.8418 40.3751 1.2
      vertex 77.5658 40.4443 1.2
    endloop
  endfacet
  facet normal 0.741036 0.671465 0
    outer loop
      vertex 79.2417 39.4397 10.9
      vertex 79.0506 39.6506 1.2
      vertex 79.0506 39.6506 10.9
    endloop
  endfacet
  facet normal 0.741036 0.671465 0
    outer loop
      vertex 79.0506 39.6506 1.2
      vertex 79.2417 39.4397 10.9
      vertex 79.2417 39.4397 1.2
    endloop
  endfacet
  facet normal 0.596 0.802984 -0
    outer loop
      vertex 78.8397 39.8417 1.2
      vertex 78.6112 40.0113 10.9
      vertex 78.8397 39.8417 10.9
    endloop
  endfacet
  facet normal 0.596 0.802984 0
    outer loop
      vertex 78.6112 40.0113 10.9
      vertex 78.8397 39.8417 1.2
      vertex 78.6112 40.0113 1.2
    endloop
  endfacet
  facet normal -0.99879 0.0491842 0
    outer loop
      vertex 74.1 37.6 1.2
      vertex 74.114 37.8843 10.9
      vertex 74.114 37.8843 1.2
    endloop
  endfacet
  facet normal -0.99879 0.0491842 0
    outer loop
      vertex 74.114 37.8843 10.9
      vertex 74.1 37.6 1.2
      vertex 74.1 37.6 10.9
    endloop
  endfacet
  facet normal 0.336603 -0.941646 0
    outer loop
      vertex 77.8418 34.8249 1.2
      vertex 78.1098 34.9207 10.9
      vertex 77.8418 34.8249 10.9
    endloop
  endfacet
  facet normal 0.336603 -0.941646 0
    outer loop
      vertex 78.1098 34.9207 10.9
      vertex 77.8418 34.8249 1.2
      vertex 78.1098 34.9207 1.2
    endloop
  endfacet
  facet normal 0.146485 0.989213 -0
    outer loop
      vertex 77.5658 40.4443 1.2
      vertex 77.2842 40.486 10.9
      vertex 77.5658 40.4443 10.9
    endloop
  endfacet
  facet normal 0.146485 0.989213 0
    outer loop
      vertex 77.2842 40.486 10.9
      vertex 77.5658 40.4443 1.2
      vertex 77.2842 40.486 1.2
    endloop
  endfacet
  facet normal 0.0492014 0.998789 -0
    outer loop
      vertex 77.2842 40.486 1.2
      vertex 77 40.5 10.9
      vertex 77.2842 40.486 10.9
    endloop
  endfacet
  facet normal 0.0492014 0.998789 0
    outer loop
      vertex 77 40.5 10.9
      vertex 77.2842 40.486 1.2
      vertex 77 40.5 1.2
    endloop
  endfacet
  facet normal 0.903981 -0.427573 0
    outer loop
      vertex 79.5576 36.2329 10.9
      vertex 79.6793 36.4902 1.2
      vertex 79.6793 36.4902 10.9
    endloop
  endfacet
  facet normal 0.903981 -0.427573 0
    outer loop
      vertex 79.6793 36.4902 1.2
      vertex 79.5576 36.2329 10.9
      vertex 79.5576 36.2329 1.2
    endloop
  endfacet
  facet normal -0.903917 0.427709 0
    outer loop
      vertex 74.3207 38.7098 1.2
      vertex 74.4424 38.967 10.9
      vertex 74.4424 38.967 1.2
    endloop
  endfacet
  facet normal -0.903917 0.427709 0
    outer loop
      vertex 74.4424 38.967 10.9
      vertex 74.3207 38.7098 1.2
      vertex 74.3207 38.7098 10.9
    endloop
  endfacet
  facet normal -0.998789 -0.0492014 0
    outer loop
      vertex 74.114 37.3158 1.2
      vertex 74.1 37.6 10.9
      vertex 74.1 37.6 1.2
    endloop
  endfacet
  facet normal -0.998789 -0.0492014 0
    outer loop
      vertex 74.1 37.6 10.9
      vertex 74.114 37.3158 1.2
      vertex 74.114 37.3158 10.9
    endloop
  endfacet
  facet normal -0.857834 0.513927 0
    outer loop
      vertex 74.4424 38.967 1.2
      vertex 74.5887 39.2112 10.9
      vertex 74.5887 39.2112 1.2
    endloop
  endfacet
  facet normal -0.857834 0.513927 0
    outer loop
      vertex 74.5887 39.2112 10.9
      vertex 74.4424 38.967 1.2
      vertex 74.4424 38.967 10.9
    endloop
  endfacet
  facet normal -0.969977 0.243197 0
    outer loop
      vertex 74.1557 38.1658 1.2
      vertex 74.2249 38.4418 10.9
      vertex 74.2249 38.4418 1.2
    endloop
  endfacet
  facet normal -0.969977 0.243197 0
    outer loop
      vertex 74.2249 38.4418 10.9
      vertex 74.1557 38.1658 1.2
      vertex 74.1557 38.1658 10.9
    endloop
  endfacet
  facet normal 0.969977 0.243197 0
    outer loop
      vertex 79.8443 38.1658 10.9
      vertex 79.7751 38.4418 1.2
      vertex 79.7751 38.4418 10.9
    endloop
  endfacet
  facet normal 0.969977 0.243197 0
    outer loop
      vertex 79.7751 38.4418 1.2
      vertex 79.8443 38.1658 10.9
      vertex 79.8443 38.1658 1.2
    endloop
  endfacet
  facet normal 0.427573 -0.903981 0
    outer loop
      vertex 78.1098 34.9207 1.2
      vertex 78.3671 35.0424 10.9
      vertex 78.1098 34.9207 10.9
    endloop
  endfacet
  facet normal 0.427573 -0.903981 0
    outer loop
      vertex 78.3671 35.0424 10.9
      vertex 78.1098 34.9207 1.2
      vertex 78.3671 35.0424 1.2
    endloop
  endfacet
  facet normal -0.0492014 -0.998789 0
    outer loop
      vertex 76.7158 34.714 1.2
      vertex 77 34.7 10.9
      vertex 76.7158 34.714 10.9
    endloop
  endfacet
  facet normal -0.0492014 -0.998789 -0
    outer loop
      vertex 77 34.7 10.9
      vertex 76.7158 34.714 1.2
      vertex 77 34.7 1.2
    endloop
  endfacet
  facet normal 0.998789 -0.0492014 0
    outer loop
      vertex 79.886 37.3158 10.9
      vertex 79.9 37.6 1.2
      vertex 79.9 37.6 10.9
    endloop
  endfacet
  facet normal 0.998789 -0.0492014 0
    outer loop
      vertex 79.9 37.6 1.2
      vertex 79.886 37.3158 10.9
      vertex 79.886 37.3158 1.2
    endloop
  endfacet
  facet normal -0.243197 0.969977 0
    outer loop
      vertex 76.4342 40.4443 1.2
      vertex 76.1582 40.3751 10.9
      vertex 76.4342 40.4443 10.9
    endloop
  endfacet
  facet normal -0.243197 0.969977 0
    outer loop
      vertex 76.1582 40.3751 10.9
      vertex 76.4342 40.4443 1.2
      vertex 76.1582 40.3751 1.2
    endloop
  endfacet
  facet normal -0.857741 -0.514082 0
    outer loop
      vertex 74.5887 35.9888 1.2
      vertex 74.4424 36.2329 10.9
      vertex 74.4424 36.2329 1.2
    endloop
  endfacet
  facet normal -0.857741 -0.514082 0
    outer loop
      vertex 74.4424 36.2329 10.9
      vertex 74.5887 35.9888 1.2
      vertex 74.5887 35.9888 10.9
    endloop
  endfacet
  facet normal -0.941646 0.336603 0
    outer loop
      vertex 74.2249 38.4418 1.2
      vertex 74.3207 38.7098 10.9
      vertex 74.3207 38.7098 1.2
    endloop
  endfacet
  facet normal -0.941646 0.336603 0
    outer loop
      vertex 74.3207 38.7098 10.9
      vertex 74.2249 38.4418 1.2
      vertex 74.2249 38.4418 10.9
    endloop
  endfacet
  facet normal -0.243197 -0.969977 0
    outer loop
      vertex 76.1582 34.8249 1.2
      vertex 76.4342 34.7557 10.9
      vertex 76.1582 34.8249 10.9
    endloop
  endfacet
  facet normal -0.243197 -0.969977 -0
    outer loop
      vertex 76.4342 34.7557 10.9
      vertex 76.1582 34.8249 1.2
      vertex 76.4342 34.7557 1.2
    endloop
  endfacet
  facet normal 0.427573 0.903981 -0
    outer loop
      vertex 78.3671 40.1576 1.2
      vertex 78.1098 40.2793 10.9
      vertex 78.3671 40.1576 10.9
    endloop
  endfacet
  facet normal 0.427573 0.903981 0
    outer loop
      vertex 78.1098 40.2793 10.9
      vertex 78.3671 40.1576 1.2
      vertex 78.1098 40.2793 1.2
    endloop
  endfacet
  facet normal 0.514082 0.857741 -0
    outer loop
      vertex 78.6112 40.0113 1.2
      vertex 78.3671 40.1576 10.9
      vertex 78.6112 40.0113 10.9
    endloop
  endfacet
  facet normal 0.514082 0.857741 0
    outer loop
      vertex 78.3671 40.1576 10.9
      vertex 78.6112 40.0113 1.2
      vertex 78.3671 40.1576 1.2
    endloop
  endfacet
  facet normal -0.596 0.802984 0
    outer loop
      vertex 75.3888 40.0113 1.2
      vertex 75.1603 39.8417 10.9
      vertex 75.3888 40.0113 10.9
    endloop
  endfacet
  facet normal -0.596 0.802984 0
    outer loop
      vertex 75.1603 39.8417 10.9
      vertex 75.3888 40.0113 1.2
      vertex 75.1603 39.8417 1.2
    endloop
  endfacet
  facet normal 0.802984 0.596 0
    outer loop
      vertex 79.4113 39.2112 10.9
      vertex 79.2417 39.4397 1.2
      vertex 79.2417 39.4397 10.9
    endloop
  endfacet
  facet normal 0.802984 0.596 0
    outer loop
      vertex 79.2417 39.4397 1.2
      vertex 79.4113 39.2112 10.9
      vertex 79.4113 39.2112 1.2
    endloop
  endfacet
  facet normal 0.989205 0.146536 0
    outer loop
      vertex 79.886 37.8843 10.9
      vertex 79.8443 38.1658 1.2
      vertex 79.8443 38.1658 10.9
    endloop
  endfacet
  facet normal 0.989205 0.146536 0
    outer loop
      vertex 79.8443 38.1658 1.2
      vertex 79.886 37.8843 10.9
      vertex 79.886 37.8843 1.2
    endloop
  endfacet
  facet normal -0.427573 0.903981 0
    outer loop
      vertex 75.8902 40.2793 1.2
      vertex 75.6329 40.1576 10.9
      vertex 75.8902 40.2793 10.9
    endloop
  endfacet
  facet normal -0.427573 0.903981 0
    outer loop
      vertex 75.6329 40.1576 10.9
      vertex 75.8902 40.2793 1.2
      vertex 75.6329 40.1576 1.2
    endloop
  endfacet
  facet normal -0.903981 -0.427573 0
    outer loop
      vertex 74.4424 36.2329 1.2
      vertex 74.3207 36.4902 10.9
      vertex 74.3207 36.4902 1.2
    endloop
  endfacet
  facet normal -0.903981 -0.427573 0
    outer loop
      vertex 74.3207 36.4902 10.9
      vertex 74.4424 36.2329 1.2
      vertex 74.4424 36.2329 10.9
    endloop
  endfacet
  facet normal -0.741036 0.671465 0
    outer loop
      vertex 74.7583 39.4397 1.2
      vertex 74.9494 39.6506 10.9
      vertex 74.9494 39.6506 1.2
    endloop
  endfacet
  facet normal -0.741036 0.671465 0
    outer loop
      vertex 74.9494 39.6506 10.9
      vertex 74.7583 39.4397 1.2
      vertex 74.7583 39.4397 10.9
    endloop
  endfacet
  facet normal 0.802984 -0.596 0
    outer loop
      vertex 79.2417 35.7603 10.9
      vertex 79.4113 35.9888 1.2
      vertex 79.4113 35.9888 10.9
    endloop
  endfacet
  facet normal 0.802984 -0.596 0
    outer loop
      vertex 79.4113 35.9888 1.2
      vertex 79.2417 35.7603 10.9
      vertex 79.2417 35.7603 1.2
    endloop
  endfacet
  facet normal -0.0492014 0.998789 0
    outer loop
      vertex 77 40.5 1.2
      vertex 76.7158 40.486 10.9
      vertex 77 40.5 10.9
    endloop
  endfacet
  facet normal -0.0492014 0.998789 0
    outer loop
      vertex 76.7158 40.486 10.9
      vertex 77 40.5 1.2
      vertex 76.7158 40.486 1.2
    endloop
  endfacet
  facet normal -0.941646 -0.336603 0
    outer loop
      vertex 74.3207 36.4902 1.2
      vertex 74.2249 36.7582 10.9
      vertex 74.2249 36.7582 1.2
    endloop
  endfacet
  facet normal -0.941646 -0.336603 0
    outer loop
      vertex 74.2249 36.7582 10.9
      vertex 74.3207 36.4902 1.2
      vertex 74.3207 36.4902 10.9
    endloop
  endfacet
  facet normal 0.741036 -0.671465 0
    outer loop
      vertex 79.0506 35.5494 10.9
      vertex 79.2417 35.7603 1.2
      vertex 79.2417 35.7603 10.9
    endloop
  endfacet
  facet normal 0.741036 -0.671465 0
    outer loop
      vertex 79.2417 35.7603 1.2
      vertex 79.0506 35.5494 10.9
      vertex 79.0506 35.5494 1.2
    endloop
  endfacet
  facet normal 0.99879 0.0491842 0
    outer loop
      vertex 79.9 37.6 10.9
      vertex 79.886 37.8843 1.2
      vertex 79.886 37.8843 10.9
    endloop
  endfacet
  facet normal 0.99879 0.0491842 0
    outer loop
      vertex 79.886 37.8843 1.2
      vertex 79.9 37.6 10.9
      vertex 79.9 37.6 1.2
    endloop
  endfacet
  facet normal 0.969977 -0.243197 0
    outer loop
      vertex 79.7751 36.7582 10.9
      vertex 79.8443 37.0342 1.2
      vertex 79.8443 37.0342 10.9
    endloop
  endfacet
  facet normal 0.969977 -0.243197 0
    outer loop
      vertex 79.8443 37.0342 1.2
      vertex 79.7751 36.7582 10.9
      vertex 79.7751 36.7582 1.2
    endloop
  endfacet
  facet normal -0.146485 0.989213 0
    outer loop
      vertex 76.7158 40.486 1.2
      vertex 76.4342 40.4443 10.9
      vertex 76.7158 40.486 10.9
    endloop
  endfacet
  facet normal -0.146485 0.989213 0
    outer loop
      vertex 76.4342 40.4443 10.9
      vertex 76.7158 40.486 1.2
      vertex 76.4342 40.4443 1.2
    endloop
  endfacet
  facet normal 0.903917 0.427709 0
    outer loop
      vertex 79.6793 38.7098 10.9
      vertex 79.5576 38.967 1.2
      vertex 79.5576 38.967 10.9
    endloop
  endfacet
  facet normal 0.903917 0.427709 0
    outer loop
      vertex 79.5576 38.967 1.2
      vertex 79.6793 38.7098 10.9
      vertex 79.6793 38.7098 1.2
    endloop
  endfacet
  facet normal -0.336603 -0.941646 0
    outer loop
      vertex 75.8902 34.9207 1.2
      vertex 76.1582 34.8249 10.9
      vertex 75.8902 34.9207 10.9
    endloop
  endfacet
  facet normal -0.336603 -0.941646 -0
    outer loop
      vertex 76.1582 34.8249 10.9
      vertex 75.8902 34.9207 1.2
      vertex 76.1582 34.8249 1.2
    endloop
  endfacet
  facet normal -0.969977 -0.243197 0
    outer loop
      vertex 74.2249 36.7582 1.2
      vertex 74.1557 37.0342 10.9
      vertex 74.1557 37.0342 1.2
    endloop
  endfacet
  facet normal -0.969977 -0.243197 0
    outer loop
      vertex 74.1557 37.0342 10.9
      vertex 74.2249 36.7582 1.2
      vertex 74.2249 36.7582 10.9
    endloop
  endfacet
  facet normal 0.989213 -0.146485 0
    outer loop
      vertex 79.8443 37.0342 10.9
      vertex 79.886 37.3158 1.2
      vertex 79.886 37.3158 10.9
    endloop
  endfacet
  facet normal 0.989213 -0.146485 0
    outer loop
      vertex 79.886 37.3158 1.2
      vertex 79.8443 37.0342 10.9
      vertex 79.8443 37.0342 1.2
    endloop
  endfacet
  facet normal -0.802984 0.596 0
    outer loop
      vertex 74.5887 39.2112 1.2
      vertex 74.7583 39.4397 10.9
      vertex 74.7583 39.4397 1.2
    endloop
  endfacet
  facet normal -0.802984 0.596 0
    outer loop
      vertex 74.7583 39.4397 10.9
      vertex 74.5887 39.2112 1.2
      vertex 74.5887 39.2112 10.9
    endloop
  endfacet
  facet normal -0.741036 -0.671465 0
    outer loop
      vertex 74.9494 35.5494 1.2
      vertex 74.7583 35.7603 10.9
      vertex 74.7583 35.7603 1.2
    endloop
  endfacet
  facet normal -0.741036 -0.671465 0
    outer loop
      vertex 74.7583 35.7603 10.9
      vertex 74.9494 35.5494 1.2
      vertex 74.9494 35.5494 10.9
    endloop
  endfacet
  facet normal 0.243197 -0.969977 0
    outer loop
      vertex 77.5658 34.7557 1.2
      vertex 77.8418 34.8249 10.9
      vertex 77.5658 34.7557 10.9
    endloop
  endfacet
  facet normal 0.243197 -0.969977 0
    outer loop
      vertex 77.8418 34.8249 10.9
      vertex 77.5658 34.7557 1.2
      vertex 77.8418 34.8249 1.2
    endloop
  endfacet
  facet normal -0.427573 -0.903981 0
    outer loop
      vertex 75.6329 35.0424 1.2
      vertex 75.8902 34.9207 10.9
      vertex 75.6329 35.0424 10.9
    endloop
  endfacet
  facet normal -0.427573 -0.903981 -0
    outer loop
      vertex 75.8902 34.9207 10.9
      vertex 75.6329 35.0424 1.2
      vertex 75.8902 34.9207 1.2
    endloop
  endfacet
  facet normal -0.336603 0.941646 0
    outer loop
      vertex 76.1582 40.3751 1.2
      vertex 75.8902 40.2793 10.9
      vertex 76.1582 40.3751 10.9
    endloop
  endfacet
  facet normal -0.336603 0.941646 0
    outer loop
      vertex 75.8902 40.2793 10.9
      vertex 76.1582 40.3751 1.2
      vertex 75.8902 40.2793 1.2
    endloop
  endfacet
  facet normal 0.596 -0.802984 0
    outer loop
      vertex 78.6112 35.1887 1.2
      vertex 78.8397 35.3583 10.9
      vertex 78.6112 35.1887 10.9
    endloop
  endfacet
  facet normal 0.596 -0.802984 0
    outer loop
      vertex 78.8397 35.3583 10.9
      vertex 78.6112 35.1887 1.2
      vertex 78.8397 35.3583 1.2
    endloop
  endfacet
  facet normal 0.857834 0.513927 0
    outer loop
      vertex 79.5576 38.967 10.9
      vertex 79.4113 39.2112 1.2
      vertex 79.4113 39.2112 10.9
    endloop
  endfacet
  facet normal 0.857834 0.513927 0
    outer loop
      vertex 79.4113 39.2112 1.2
      vertex 79.5576 38.967 10.9
      vertex 79.5576 38.967 1.2
    endloop
  endfacet
  facet normal 0.941646 0.336603 0
    outer loop
      vertex 79.7751 38.4418 10.9
      vertex 79.6793 38.7098 1.2
      vertex 79.6793 38.7098 10.9
    endloop
  endfacet
  facet normal 0.941646 0.336603 0
    outer loop
      vertex 79.6793 38.7098 1.2
      vertex 79.7751 38.4418 10.9
      vertex 79.7751 38.4418 1.2
    endloop
  endfacet
  facet normal 0.514082 -0.857741 0
    outer loop
      vertex 78.3671 35.0424 1.2
      vertex 78.6112 35.1887 10.9
      vertex 78.3671 35.0424 10.9
    endloop
  endfacet
  facet normal 0.514082 -0.857741 0
    outer loop
      vertex 78.6112 35.1887 10.9
      vertex 78.3671 35.0424 1.2
      vertex 78.6112 35.1887 1.2
    endloop
  endfacet
  facet normal -0.671465 -0.741036 0
    outer loop
      vertex 74.9494 35.5494 1.2
      vertex 75.1603 35.3583 10.9
      vertex 74.9494 35.5494 10.9
    endloop
  endfacet
  facet normal -0.671465 -0.741036 -0
    outer loop
      vertex 75.1603 35.3583 10.9
      vertex 74.9494 35.5494 1.2
      vertex 75.1603 35.3583 1.2
    endloop
  endfacet
  facet normal 0.989182 0.146696 0
    outer loop
      vertex 75.0384 37.2098 10.9
      vertex 75.0096 37.404 7.3
      vertex 75.0096 37.404 10.9
    endloop
  endfacet
  facet normal 0.989182 0.146696 0
    outer loop
      vertex 75.0096 37.404 7.3
      vertex 75.0384 37.2098 10.9
      vertex 75.0384 37.2098 7.3
    endloop
  endfacet
  facet normal -0.427955 0.9038 0
    outer loop
      vertex 77.9428 35.8362 7.3
      vertex 77.7654 35.7522 10.9
      vertex 77.9428 35.8362 10.9
    endloop
  endfacet
  facet normal -0.427955 0.9038 0
    outer loop
      vertex 77.7654 35.7522 10.9
      vertex 77.9428 35.8362 7.3
      vertex 77.7654 35.7522 7.3
    endloop
  endfacet
  facet normal 0.0489209 0.998803 -0
    outer loop
      vertex 77 35.6 7.3
      vertex 76.804 35.6096 10.9
      vertex 77 35.6 10.9
    endloop
  endfacet
  facet normal 0.0489209 0.998803 0
    outer loop
      vertex 76.804 35.6096 10.9
      vertex 77 35.6 7.3
      vertex 76.804 35.6096 7.3
    endloop
  endfacet
  facet normal -0.146696 -0.989182 0
    outer loop
      vertex 77.196 39.5904 7.3
      vertex 77.3902 39.5616 10.9
      vertex 77.196 39.5904 10.9
    endloop
  endfacet
  facet normal -0.146696 -0.989182 -0
    outer loop
      vertex 77.3902 39.5616 10.9
      vertex 77.196 39.5904 7.3
      vertex 77.3902 39.5616 7.3
    endloop
  endfacet
  facet normal -0.740908 -0.671607 0
    outer loop
      vertex 78.546 38.8688 7.3
      vertex 78.4142 39.0142 10.9
      vertex 78.4142 39.0142 7.3
    endloop
  endfacet
  facet normal -0.740908 -0.671607 0
    outer loop
      vertex 78.4142 39.0142 10.9
      vertex 78.546 38.8688 7.3
      vertex 78.546 38.8688 10.9
    endloop
  endfacet
  facet normal 0.427955 0.9038 -0
    outer loop
      vertex 76.2346 35.7522 7.3
      vertex 76.0572 35.8362 10.9
      vertex 76.2346 35.7522 10.9
    endloop
  endfacet
  facet normal 0.427955 0.9038 0
    outer loop
      vertex 76.0572 35.8362 10.9
      vertex 76.2346 35.7522 7.3
      vertex 76.0572 35.8362 7.3
    endloop
  endfacet
  facet normal -0.998803 -0.0489209 0
    outer loop
      vertex 79 37.6 7.3
      vertex 78.9904 37.796 10.9
      vertex 78.9904 37.796 7.3
    endloop
  endfacet
  facet normal -0.998803 -0.0489209 0
    outer loop
      vertex 78.9904 37.796 10.9
      vertex 79 37.6 7.3
      vertex 79 37.6 10.9
    endloop
  endfacet
  facet normal 0.94158 -0.336788 0
    outer loop
      vertex 75.0861 38.1806 10.9
      vertex 75.1522 38.3654 7.3
      vertex 75.1522 38.3654 10.9
    endloop
  endfacet
  facet normal 0.94158 -0.336788 0
    outer loop
      vertex 75.1522 38.3654 7.3
      vertex 75.0861 38.1806 10.9
      vertex 75.0861 38.1806 7.3
    endloop
  endfacet
  facet normal 0.671607 -0.740908 0
    outer loop
      vertex 75.5858 39.0142 7.3
      vertex 75.7312 39.146 10.9
      vertex 75.5858 39.0142 10.9
    endloop
  endfacet
  facet normal 0.671607 -0.740908 0
    outer loop
      vertex 75.7312 39.146 10.9
      vertex 75.5858 39.0142 7.3
      vertex 75.7312 39.146 7.3
    endloop
  endfacet
  facet normal 0.336788 -0.94158 0
    outer loop
      vertex 76.2346 39.4478 7.3
      vertex 76.4194 39.5139 10.9
      vertex 76.2346 39.4478 10.9
    endloop
  endfacet
  facet normal 0.336788 -0.94158 0
    outer loop
      vertex 76.4194 39.5139 10.9
      vertex 76.2346 39.4478 7.3
      vertex 76.4194 39.5139 7.3
    endloop
  endfacet
  facet normal -0.514196 -0.857673 0
    outer loop
      vertex 77.9428 39.3638 7.3
      vertex 78.1111 39.2629 10.9
      vertex 77.9428 39.3638 10.9
    endloop
  endfacet
  facet normal -0.514196 -0.857673 -0
    outer loop
      vertex 78.1111 39.2629 10.9
      vertex 77.9428 39.3638 7.3
      vertex 78.1111 39.2629 7.3
    endloop
  endfacet
  facet normal 0.989182 -0.146696 0
    outer loop
      vertex 75.0096 37.796 10.9
      vertex 75.0384 37.9902 7.3
      vertex 75.0384 37.9902 10.9
    endloop
  endfacet
  facet normal 0.989182 -0.146696 0
    outer loop
      vertex 75.0384 37.9902 7.3
      vertex 75.0096 37.796 10.9
      vertex 75.0096 37.796 7.3
    endloop
  endfacet
  facet normal 0.243015 -0.970023 0
    outer loop
      vertex 76.4194 39.5139 7.3
      vertex 76.6098 39.5616 10.9
      vertex 76.4194 39.5139 10.9
    endloop
  endfacet
  facet normal 0.243015 -0.970023 0
    outer loop
      vertex 76.6098 39.5616 10.9
      vertex 76.4194 39.5139 7.3
      vertex 76.6098 39.5616 7.3
    endloop
  endfacet
  facet normal -0.970023 -0.243015 0
    outer loop
      vertex 78.9616 37.9902 7.3
      vertex 78.9139 38.1806 10.9
      vertex 78.9139 38.1806 7.3
    endloop
  endfacet
  facet normal -0.970023 -0.243015 0
    outer loop
      vertex 78.9139 38.1806 10.9
      vertex 78.9616 37.9902 7.3
      vertex 78.9616 37.9902 10.9
    endloop
  endfacet
  facet normal 0.998803 -0.0489209 0
    outer loop
      vertex 75 37.6 10.9
      vertex 75.0096 37.796 7.3
      vertex 75.0096 37.796 10.9
    endloop
  endfacet
  facet normal 0.998803 -0.0489209 0
    outer loop
      vertex 75.0096 37.796 7.3
      vertex 75 37.6 10.9
      vertex 75 37.6 7.3
    endloop
  endfacet
  facet normal 0.514196 0.857673 -0
    outer loop
      vertex 76.0572 35.8362 7.3
      vertex 75.8889 35.9371 10.9
      vertex 76.0572 35.8362 10.9
    endloop
  endfacet
  facet normal 0.514196 0.857673 0
    outer loop
      vertex 75.8889 35.9371 10.9
      vertex 76.0572 35.8362 7.3
      vertex 75.8889 35.9371 7.3
    endloop
  endfacet
  facet normal -0.989182 0.146696 0
    outer loop
      vertex 78.9616 37.2098 7.3
      vertex 78.9904 37.404 10.9
      vertex 78.9904 37.404 7.3
    endloop
  endfacet
  facet normal -0.989182 0.146696 0
    outer loop
      vertex 78.9904 37.404 10.9
      vertex 78.9616 37.2098 7.3
      vertex 78.9616 37.2098 10.9
    endloop
  endfacet
  facet normal 0.427955 -0.9038 0
    outer loop
      vertex 76.0572 39.3638 7.3
      vertex 76.2346 39.4478 10.9
      vertex 76.0572 39.3638 10.9
    endloop
  endfacet
  facet normal 0.427955 -0.9038 0
    outer loop
      vertex 76.2346 39.4478 10.9
      vertex 76.0572 39.3638 7.3
      vertex 76.2346 39.4478 7.3
    endloop
  endfacet
  facet normal -0.0489209 -0.998803 0
    outer loop
      vertex 77 39.6 7.3
      vertex 77.196 39.5904 10.9
      vertex 77 39.6 10.9
    endloop
  endfacet
  facet normal -0.0489209 -0.998803 -0
    outer loop
      vertex 77.196 39.5904 10.9
      vertex 77 39.6 7.3
      vertex 77.196 39.5904 7.3
    endloop
  endfacet
  facet normal 0.80335 0.595508 0
    outer loop
      vertex 75.454 36.3312 10.9
      vertex 75.3371 36.4889 7.3
      vertex 75.3371 36.4889 10.9
    endloop
  endfacet
  facet normal 0.80335 0.595508 0
    outer loop
      vertex 75.3371 36.4889 7.3
      vertex 75.454 36.3312 10.9
      vertex 75.454 36.3312 7.3
    endloop
  endfacet
  facet normal -0.80335 -0.595508 0
    outer loop
      vertex 78.6629 38.7111 7.3
      vertex 78.546 38.8688 10.9
      vertex 78.546 38.8688 7.3
    endloop
  endfacet
  facet normal -0.80335 -0.595508 0
    outer loop
      vertex 78.546 38.8688 10.9
      vertex 78.6629 38.7111 7.3
      vertex 78.6629 38.7111 10.9
    endloop
  endfacet
  facet normal 0.970023 0.243015 0
    outer loop
      vertex 75.0861 37.0194 10.9
      vertex 75.0384 37.2098 7.3
      vertex 75.0384 37.2098 10.9
    endloop
  endfacet
  facet normal 0.970023 0.243015 0
    outer loop
      vertex 75.0384 37.2098 7.3
      vertex 75.0861 37.0194 10.9
      vertex 75.0861 37.0194 7.3
    endloop
  endfacet
  facet normal 0.970023 -0.243015 0
    outer loop
      vertex 75.0384 37.9902 10.9
      vertex 75.0861 38.1806 7.3
      vertex 75.0861 38.1806 10.9
    endloop
  endfacet
  facet normal 0.970023 -0.243015 0
    outer loop
      vertex 75.0861 38.1806 7.3
      vertex 75.0384 37.9902 10.9
      vertex 75.0384 37.9902 7.3
    endloop
  endfacet
  facet normal 0.0489209 -0.998803 0
    outer loop
      vertex 76.804 39.5904 7.3
      vertex 77 39.6 10.9
      vertex 76.804 39.5904 10.9
    endloop
  endfacet
  facet normal 0.0489209 -0.998803 0
    outer loop
      vertex 77 39.6 10.9
      vertex 76.804 39.5904 7.3
      vertex 77 39.6 7.3
    endloop
  endfacet
  facet normal -0.998803 0.0489209 0
    outer loop
      vertex 78.9904 37.404 7.3
      vertex 79 37.6 10.9
      vertex 79 37.6 7.3
    endloop
  endfacet
  facet normal -0.998803 0.0489209 0
    outer loop
      vertex 79 37.6 10.9
      vertex 78.9904 37.404 7.3
      vertex 78.9904 37.404 10.9
    endloop
  endfacet
  facet normal 0.243015 0.970023 -0
    outer loop
      vertex 76.6098 35.6384 7.3
      vertex 76.4194 35.6861 10.9
      vertex 76.6098 35.6384 10.9
    endloop
  endfacet
  facet normal 0.243015 0.970023 0
    outer loop
      vertex 76.4194 35.6861 10.9
      vertex 76.6098 35.6384 7.3
      vertex 76.4194 35.6861 7.3
    endloop
  endfacet
  facet normal -0.243015 -0.970023 0
    outer loop
      vertex 77.3902 39.5616 7.3
      vertex 77.5806 39.5139 10.9
      vertex 77.3902 39.5616 10.9
    endloop
  endfacet
  facet normal -0.243015 -0.970023 -0
    outer loop
      vertex 77.5806 39.5139 10.9
      vertex 77.3902 39.5616 7.3
      vertex 77.5806 39.5139 7.3
    endloop
  endfacet
  facet normal -0.80335 0.595508 0
    outer loop
      vertex 78.546 36.3312 7.3
      vertex 78.6629 36.4889 10.9
      vertex 78.6629 36.4889 7.3
    endloop
  endfacet
  facet normal -0.80335 0.595508 0
    outer loop
      vertex 78.6629 36.4889 10.9
      vertex 78.546 36.3312 7.3
      vertex 78.546 36.3312 10.9
    endloop
  endfacet
  facet normal 0.595508 -0.80335 0
    outer loop
      vertex 75.7312 39.146 7.3
      vertex 75.8889 39.2629 10.9
      vertex 75.7312 39.146 10.9
    endloop
  endfacet
  facet normal 0.595508 -0.80335 0
    outer loop
      vertex 75.8889 39.2629 10.9
      vertex 75.7312 39.146 7.3
      vertex 75.8889 39.2629 7.3
    endloop
  endfacet
  facet normal -0.427955 -0.9038 0
    outer loop
      vertex 77.7654 39.4478 7.3
      vertex 77.9428 39.3638 10.9
      vertex 77.7654 39.4478 10.9
    endloop
  endfacet
  facet normal -0.427955 -0.9038 -0
    outer loop
      vertex 77.9428 39.3638 10.9
      vertex 77.7654 39.4478 7.3
      vertex 77.9428 39.3638 7.3
    endloop
  endfacet
  facet normal -0.336788 -0.94158 0
    outer loop
      vertex 77.5806 39.5139 7.3
      vertex 77.7654 39.4478 10.9
      vertex 77.5806 39.5139 10.9
    endloop
  endfacet
  facet normal -0.336788 -0.94158 -0
    outer loop
      vertex 77.7654 39.4478 10.9
      vertex 77.5806 39.5139 7.3
      vertex 77.7654 39.4478 7.3
    endloop
  endfacet
  facet normal -0.94158 0.336788 0
    outer loop
      vertex 78.8478 36.8346 7.3
      vertex 78.9139 37.0194 10.9
      vertex 78.9139 37.0194 7.3
    endloop
  endfacet
  facet normal -0.94158 0.336788 0
    outer loop
      vertex 78.9139 37.0194 10.9
      vertex 78.8478 36.8346 7.3
      vertex 78.8478 36.8346 10.9
    endloop
  endfacet
  facet normal 0.857673 -0.514196 0
    outer loop
      vertex 75.2362 38.5428 10.9
      vertex 75.3371 38.7111 7.3
      vertex 75.3371 38.7111 10.9
    endloop
  endfacet
  facet normal 0.857673 -0.514196 0
    outer loop
      vertex 75.3371 38.7111 7.3
      vertex 75.2362 38.5428 10.9
      vertex 75.2362 38.5428 7.3
    endloop
  endfacet
  facet normal 0.336788 0.94158 -0
    outer loop
      vertex 76.4194 35.6861 7.3
      vertex 76.2346 35.7522 10.9
      vertex 76.4194 35.6861 10.9
    endloop
  endfacet
  facet normal 0.336788 0.94158 0
    outer loop
      vertex 76.2346 35.7522 10.9
      vertex 76.4194 35.6861 7.3
      vertex 76.2346 35.7522 7.3
    endloop
  endfacet
  facet normal 0.514196 -0.857673 0
    outer loop
      vertex 75.8889 39.2629 7.3
      vertex 76.0572 39.3638 10.9
      vertex 75.8889 39.2629 10.9
    endloop
  endfacet
  facet normal 0.514196 -0.857673 0
    outer loop
      vertex 76.0572 39.3638 10.9
      vertex 75.8889 39.2629 7.3
      vertex 76.0572 39.3638 7.3
    endloop
  endfacet
  facet normal -0.857673 -0.514196 0
    outer loop
      vertex 78.7638 38.5428 7.3
      vertex 78.6629 38.7111 10.9
      vertex 78.6629 38.7111 7.3
    endloop
  endfacet
  facet normal -0.857673 -0.514196 0
    outer loop
      vertex 78.6629 38.7111 10.9
      vertex 78.7638 38.5428 7.3
      vertex 78.7638 38.5428 10.9
    endloop
  endfacet
  facet normal 0.998803 0.0489209 0
    outer loop
      vertex 75.0096 37.404 10.9
      vertex 75 37.6 7.3
      vertex 75 37.6 10.9
    endloop
  endfacet
  facet normal 0.998803 0.0489209 0
    outer loop
      vertex 75 37.6 7.3
      vertex 75.0096 37.404 10.9
      vertex 75.0096 37.404 7.3
    endloop
  endfacet
  facet normal 0.146696 0.989182 -0
    outer loop
      vertex 76.804 35.6096 7.3
      vertex 76.6098 35.6384 10.9
      vertex 76.804 35.6096 10.9
    endloop
  endfacet
  facet normal 0.146696 0.989182 0
    outer loop
      vertex 76.6098 35.6384 10.9
      vertex 76.804 35.6096 7.3
      vertex 76.6098 35.6384 7.3
    endloop
  endfacet
  facet normal 0.146696 -0.989182 0
    outer loop
      vertex 76.6098 39.5616 7.3
      vertex 76.804 39.5904 10.9
      vertex 76.6098 39.5616 10.9
    endloop
  endfacet
  facet normal 0.146696 -0.989182 0
    outer loop
      vertex 76.804 39.5904 10.9
      vertex 76.6098 39.5616 7.3
      vertex 76.804 39.5904 7.3
    endloop
  endfacet
  facet normal 0.9038 -0.427955 0
    outer loop
      vertex 75.1522 38.3654 10.9
      vertex 75.2362 38.5428 7.3
      vertex 75.2362 38.5428 10.9
    endloop
  endfacet
  facet normal 0.9038 -0.427955 0
    outer loop
      vertex 75.2362 38.5428 7.3
      vertex 75.1522 38.3654 10.9
      vertex 75.1522 38.3654 7.3
    endloop
  endfacet
  facet normal 0.80335 -0.595508 0
    outer loop
      vertex 75.3371 38.7111 10.9
      vertex 75.454 38.8688 7.3
      vertex 75.454 38.8688 10.9
    endloop
  endfacet
  facet normal 0.80335 -0.595508 0
    outer loop
      vertex 75.454 38.8688 7.3
      vertex 75.3371 38.7111 10.9
      vertex 75.3371 38.7111 7.3
    endloop
  endfacet
  facet normal -0.857673 0.514196 0
    outer loop
      vertex 78.6629 36.4889 7.3
      vertex 78.7638 36.6572 10.9
      vertex 78.7638 36.6572 7.3
    endloop
  endfacet
  facet normal -0.857673 0.514196 0
    outer loop
      vertex 78.7638 36.6572 10.9
      vertex 78.6629 36.4889 7.3
      vertex 78.6629 36.4889 10.9
    endloop
  endfacet
  facet normal -0.94158 -0.336788 0
    outer loop
      vertex 78.9139 38.1806 7.3
      vertex 78.8478 38.3654 10.9
      vertex 78.8478 38.3654 7.3
    endloop
  endfacet
  facet normal -0.94158 -0.336788 0
    outer loop
      vertex 78.8478 38.3654 10.9
      vertex 78.9139 38.1806 7.3
      vertex 78.9139 38.1806 10.9
    endloop
  endfacet
  facet normal -0.671607 -0.740908 0
    outer loop
      vertex 78.2688 39.146 7.3
      vertex 78.4142 39.0142 10.9
      vertex 78.2688 39.146 10.9
    endloop
  endfacet
  facet normal -0.671607 -0.740908 -0
    outer loop
      vertex 78.4142 39.0142 10.9
      vertex 78.2688 39.146 7.3
      vertex 78.4142 39.0142 7.3
    endloop
  endfacet
  facet normal -0.595508 -0.80335 0
    outer loop
      vertex 78.1111 39.2629 7.3
      vertex 78.2688 39.146 10.9
      vertex 78.1111 39.2629 10.9
    endloop
  endfacet
  facet normal -0.595508 -0.80335 -0
    outer loop
      vertex 78.2688 39.146 10.9
      vertex 78.1111 39.2629 7.3
      vertex 78.2688 39.146 7.3
    endloop
  endfacet
  facet normal -0.989182 -0.146696 0
    outer loop
      vertex 78.9904 37.796 7.3
      vertex 78.9616 37.9902 10.9
      vertex 78.9616 37.9902 7.3
    endloop
  endfacet
  facet normal -0.989182 -0.146696 0
    outer loop
      vertex 78.9616 37.9902 10.9
      vertex 78.9904 37.796 7.3
      vertex 78.9904 37.796 10.9
    endloop
  endfacet
  facet normal -0.970023 0.243015 0
    outer loop
      vertex 78.9139 37.0194 7.3
      vertex 78.9616 37.2098 10.9
      vertex 78.9616 37.2098 7.3
    endloop
  endfacet
  facet normal -0.970023 0.243015 0
    outer loop
      vertex 78.9616 37.2098 10.9
      vertex 78.9139 37.0194 7.3
      vertex 78.9139 37.0194 10.9
    endloop
  endfacet
  facet normal -0.740908 0.671607 0
    outer loop
      vertex 78.4142 36.1858 7.3
      vertex 78.546 36.3312 10.9
      vertex 78.546 36.3312 7.3
    endloop
  endfacet
  facet normal -0.740908 0.671607 0
    outer loop
      vertex 78.546 36.3312 10.9
      vertex 78.4142 36.1858 7.3
      vertex 78.4142 36.1858 10.9
    endloop
  endfacet
  facet normal 0.740908 0.671607 0
    outer loop
      vertex 75.5858 36.1858 10.9
      vertex 75.454 36.3312 7.3
      vertex 75.454 36.3312 10.9
    endloop
  endfacet
  facet normal 0.740908 0.671607 0
    outer loop
      vertex 75.454 36.3312 7.3
      vertex 75.5858 36.1858 10.9
      vertex 75.5858 36.1858 7.3
    endloop
  endfacet
  facet normal 0.740908 -0.671607 0
    outer loop
      vertex 75.454 38.8688 10.9
      vertex 75.5858 39.0142 7.3
      vertex 75.5858 39.0142 10.9
    endloop
  endfacet
  facet normal 0.740908 -0.671607 0
    outer loop
      vertex 75.5858 39.0142 7.3
      vertex 75.454 38.8688 10.9
      vertex 75.454 38.8688 7.3
    endloop
  endfacet
  facet normal 0.671607 0.740908 -0
    outer loop
      vertex 75.7312 36.054 7.3
      vertex 75.5858 36.1858 10.9
      vertex 75.7312 36.054 10.9
    endloop
  endfacet
  facet normal 0.671607 0.740908 0
    outer loop
      vertex 75.5858 36.1858 10.9
      vertex 75.7312 36.054 7.3
      vertex 75.5858 36.1858 7.3
    endloop
  endfacet
  facet normal 0.857673 0.514196 0
    outer loop
      vertex 75.3371 36.4889 10.9
      vertex 75.2362 36.6572 7.3
      vertex 75.2362 36.6572 10.9
    endloop
  endfacet
  facet normal 0.857673 0.514196 0
    outer loop
      vertex 75.2362 36.6572 7.3
      vertex 75.3371 36.4889 10.9
      vertex 75.3371 36.4889 7.3
    endloop
  endfacet
  facet normal -0.9038 0.427955 0
    outer loop
      vertex 78.7638 36.6572 7.3
      vertex 78.8478 36.8346 10.9
      vertex 78.8478 36.8346 7.3
    endloop
  endfacet
  facet normal -0.9038 0.427955 0
    outer loop
      vertex 78.8478 36.8346 10.9
      vertex 78.7638 36.6572 7.3
      vertex 78.7638 36.6572 10.9
    endloop
  endfacet
  facet normal -0.146696 0.989182 0
    outer loop
      vertex 77.3902 35.6384 7.3
      vertex 77.196 35.6096 10.9
      vertex 77.3902 35.6384 10.9
    endloop
  endfacet
  facet normal -0.146696 0.989182 0
    outer loop
      vertex 77.196 35.6096 10.9
      vertex 77.3902 35.6384 7.3
      vertex 77.196 35.6096 7.3
    endloop
  endfacet
  facet normal -0.0489209 0.998803 0
    outer loop
      vertex 77.196 35.6096 7.3
      vertex 77 35.6 10.9
      vertex 77.196 35.6096 10.9
    endloop
  endfacet
  facet normal -0.0489209 0.998803 0
    outer loop
      vertex 77 35.6 10.9
      vertex 77.196 35.6096 7.3
      vertex 77 35.6 7.3
    endloop
  endfacet
  facet normal 0 0 1
    outer loop
      vertex 78.9904 37.796 7.3
      vertex 78.9904 37.404 7.3
      vertex 79 37.6 7.3
    endloop
  endfacet
  facet normal 0 0 1
    outer loop
      vertex 78.9616 37.9902 7.3
      vertex 78.9904 37.404 7.3
      vertex 78.9904 37.796 7.3
    endloop
  endfacet
  facet normal 0 0 1
    outer loop
      vertex 78.9616 37.9902 7.3
      vertex 78.9616 37.2098 7.3
      vertex 78.9904 37.404 7.3
    endloop
  endfacet
  facet normal 0 0 1
    outer loop
      vertex 78.9139 38.1806 7.3
      vertex 78.9616 37.2098 7.3
      vertex 78.9616 37.9902 7.3
    endloop
  endfacet
  facet normal 0 0 1
    outer loop
      vertex 78.9139 38.1806 7.3
      vertex 78.9139 37.0194 7.3
      vertex 78.9616 37.2098 7.3
    endloop
  endfacet
  facet normal 0 0 1
    outer loop
      vertex 78.8478 38.3654 7.3
      vertex 78.9139 37.0194 7.3
      vertex 78.9139 38.1806 7.3
    endloop
  endfacet
  facet normal 0 0 1
    outer loop
      vertex 78.8478 38.3654 7.3
      vertex 78.8478 36.8346 7.3
      vertex 78.9139 37.0194 7.3
    endloop
  endfacet
  facet normal 0 0 1
    outer loop
      vertex 78.7638 38.5428 7.3
      vertex 78.8478 36.8346 7.3
      vertex 78.8478 38.3654 7.3
    endloop
  endfacet
  facet normal 0 0 1
    outer loop
      vertex 78.7638 38.5428 7.3
      vertex 78.7638 36.6572 7.3
      vertex 78.8478 36.8346 7.3
    endloop
  endfacet
  facet normal 0 0 1
    outer loop
      vertex 78.6629 38.7111 7.3
      vertex 78.7638 36.6572 7.3
      vertex 78.7638 38.5428 7.3
    endloop
  endfacet
  facet normal 0 0 1
    outer loop
      vertex 78.6629 38.7111 7.3
      vertex 78.6629 36.4889 7.3
      vertex 78.7638 36.6572 7.3
    endloop
  endfacet
  facet normal 0 0 1
    outer loop
      vertex 78.546 38.8688 7.3
      vertex 78.6629 36.4889 7.3
      vertex 78.6629 38.7111 7.3
    endloop
  endfacet
  facet normal 0 0 1
    outer loop
      vertex 78.546 38.8688 7.3
      vertex 78.546 36.3312 7.3
      vertex 78.6629 36.4889 7.3
    endloop
  endfacet
  facet normal 0 0 1
    outer loop
      vertex 78.4142 39.0142 7.3
      vertex 78.546 36.3312 7.3
      vertex 78.546 38.8688 7.3
    endloop
  endfacet
  facet normal 0 0 1
    outer loop
      vertex 78.4142 39.0142 7.3
      vertex 78.4142 36.1858 7.3
      vertex 78.546 36.3312 7.3
    endloop
  endfacet
  facet normal 0 0 1
    outer loop
      vertex 78.2688 39.146 7.3
      vertex 78.4142 36.1858 7.3
      vertex 78.4142 39.0142 7.3
    endloop
  endfacet
  facet normal 0 0 1
    outer loop
      vertex 78.2688 39.146 7.3
      vertex 78.2688 36.054 7.3
      vertex 78.4142 36.1858 7.3
    endloop
  endfacet
  facet normal 0 0 1
    outer loop
      vertex 78.1111 39.2629 7.3
      vertex 78.2688 36.054 7.3
      vertex 78.2688 39.146 7.3
    endloop
  endfacet
  facet normal 0 0 1
    outer loop
      vertex 78.1111 39.2629 7.3
      vertex 78.1111 35.9371 7.3
      vertex 78.2688 36.054 7.3
    endloop
  endfacet
  facet normal 0 0 1
    outer loop
      vertex 77.9428 39.3638 7.3
      vertex 78.1111 35.9371 7.3
      vertex 78.1111 39.2629 7.3
    endloop
  endfacet
  facet normal 0 0 1
    outer loop
      vertex 77.9428 39.3638 7.3
      vertex 77.9428 35.8362 7.3
      vertex 78.1111 35.9371 7.3
    endloop
  endfacet
  facet normal 0 0 1
    outer loop
      vertex 77.7654 39.4478 7.3
      vertex 77.9428 35.8362 7.3
      vertex 77.9428 39.3638 7.3
    endloop
  endfacet
  facet normal 0 0 1
    outer loop
      vertex 77.7654 39.4478 7.3
      vertex 77.7654 35.7522 7.3
      vertex 77.9428 35.8362 7.3
    endloop
  endfacet
  facet normal 0 0 1
    outer loop
      vertex 77.5806 39.5139 7.3
      vertex 77.7654 35.7522 7.3
      vertex 77.7654 39.4478 7.3
    endloop
  endfacet
  facet normal 0 0 1
    outer loop
      vertex 77.5806 39.5139 7.3
      vertex 77.5806 35.6861 7.3
      vertex 77.7654 35.7522 7.3
    endloop
  endfacet
  facet normal 0 0 1
    outer loop
      vertex 77.3902 39.5616 7.3
      vertex 77.5806 35.6861 7.3
      vertex 77.5806 39.5139 7.3
    endloop
  endfacet
  facet normal 0 0 1
    outer loop
      vertex 77.3902 39.5616 7.3
      vertex 77.3902 35.6384 7.3
      vertex 77.5806 35.6861 7.3
    endloop
  endfacet
  facet normal 0 0 1
    outer loop
      vertex 77.196 39.5904 7.3
      vertex 77.3902 35.6384 7.3
      vertex 77.3902 39.5616 7.3
    endloop
  endfacet
  facet normal 0 0 1
    outer loop
      vertex 77.196 39.5904 7.3
      vertex 77.196 35.6096 7.3
      vertex 77.3902 35.6384 7.3
    endloop
  endfacet
  facet normal 0 0 1
    outer loop
      vertex 77 39.6 7.3
      vertex 77.196 35.6096 7.3
      vertex 77.196 39.5904 7.3
    endloop
  endfacet
  facet normal 0 0 1
    outer loop
      vertex 77 39.6 7.3
      vertex 77 35.6 7.3
      vertex 77.196 35.6096 7.3
    endloop
  endfacet
  facet normal -0 0 1
    outer loop
      vertex 76.804 39.5904 7.3
      vertex 77 35.6 7.3
      vertex 77 39.6 7.3
    endloop
  endfacet
  facet normal 0 0 1
    outer loop
      vertex 76.804 39.5904 7.3
      vertex 76.804 35.6096 7.3
      vertex 77 35.6 7.3
    endloop
  endfacet
  facet normal -0 0 1
    outer loop
      vertex 76.6098 39.5616 7.3
      vertex 76.804 35.6096 7.3
      vertex 76.804 39.5904 7.3
    endloop
  endfacet
  facet normal 0 0 1
    outer loop
      vertex 76.6098 39.5616 7.3
      vertex 76.6098 35.6384 7.3
      vertex 76.804 35.6096 7.3
    endloop
  endfacet
  facet normal -0 0 1
    outer loop
      vertex 76.4194 39.5139 7.3
      vertex 76.6098 35.6384 7.3
      vertex 76.6098 39.5616 7.3
    endloop
  endfacet
  facet normal 0 0 1
    outer loop
      vertex 76.4194 39.5139 7.3
      vertex 76.4194 35.6861 7.3
      vertex 76.6098 35.6384 7.3
    endloop
  endfacet
  facet normal -0 0 1
    outer loop
      vertex 76.2346 39.4478 7.3
      vertex 76.4194 35.6861 7.3
      vertex 76.4194 39.5139 7.3
    endloop
  endfacet
  facet normal 0 0 1
    outer loop
      vertex 76.2346 39.4478 7.3
      vertex 76.2346 35.7522 7.3
      vertex 76.4194 35.6861 7.3
    endloop
  endfacet
  facet normal -0 0 1
    outer loop
      vertex 76.0572 39.3638 7.3
      vertex 76.2346 35.7522 7.3
      vertex 76.2346 39.4478 7.3
    endloop
  endfacet
  facet normal 0 0 1
    outer loop
      vertex 76.0572 39.3638 7.3
      vertex 76.0572 35.8362 7.3
      vertex 76.2346 35.7522 7.3
    endloop
  endfacet
  facet normal -0 0 1
    outer loop
      vertex 75.8889 39.2629 7.3
      vertex 76.0572 35.8362 7.3
      vertex 76.0572 39.3638 7.3
    endloop
  endfacet
  facet normal 0 0 1
    outer loop
      vertex 75.8889 39.2629 7.3
      vertex 75.8889 35.9371 7.3
      vertex 76.0572 35.8362 7.3
    endloop
  endfacet
  facet normal -0 0 1
    outer loop
      vertex 75.7312 39.146 7.3
      vertex 75.8889 35.9371 7.3
      vertex 75.8889 39.2629 7.3
    endloop
  endfacet
  facet normal 0 0 1
    outer loop
      vertex 75.7312 39.146 7.3
      vertex 75.7312 36.054 7.3
      vertex 75.8889 35.9371 7.3
    endloop
  endfacet
  facet normal -0 0 1
    outer loop
      vertex 75.5858 39.0142 7.3
      vertex 75.7312 36.054 7.3
      vertex 75.7312 39.146 7.3
    endloop
  endfacet
  facet normal 0 0 1
    outer loop
      vertex 75.5858 39.0142 7.3
      vertex 75.5858 36.1858 7.3
      vertex 75.7312 36.054 7.3
    endloop
  endfacet
  facet normal -0 0 1
    outer loop
      vertex 75.454 38.8688 7.3
      vertex 75.5858 36.1858 7.3
      vertex 75.5858 39.0142 7.3
    endloop
  endfacet
  facet normal 0 0 1
    outer loop
      vertex 75.454 38.8688 7.3
      vertex 75.454 36.3312 7.3
      vertex 75.5858 36.1858 7.3
    endloop
  endfacet
  facet normal -0 0 1
    outer loop
      vertex 75.3371 38.7111 7.3
      vertex 75.454 36.3312 7.3
      vertex 75.454 38.8688 7.3
    endloop
  endfacet
  facet normal 0 0 1
    outer loop
      vertex 75.3371 38.7111 7.3
      vertex 75.3371 36.4889 7.3
      vertex 75.454 36.3312 7.3
    endloop
  endfacet
  facet normal -0 0 1
    outer loop
      vertex 75.2362 38.5428 7.3
      vertex 75.3371 36.4889 7.3
      vertex 75.3371 38.7111 7.3
    endloop
  endfacet
  facet normal 0 0 1
    outer loop
      vertex 75.2362 38.5428 7.3
      vertex 75.2362 36.6572 7.3
      vertex 75.3371 36.4889 7.3
    endloop
  endfacet
  facet normal -0 0 1
    outer loop
      vertex 75.1522 38.3654 7.3
      vertex 75.2362 36.6572 7.3
      vertex 75.2362 38.5428 7.3
    endloop
  endfacet
  facet normal 0 0 1
    outer loop
      vertex 75.1522 38.3654 7.3
      vertex 75.1522 36.8346 7.3
      vertex 75.2362 36.6572 7.3
    endloop
  endfacet
  facet normal -0 0 1
    outer loop
      vertex 75.0861 38.1806 7.3
      vertex 75.1522 36.8346 7.3
      vertex 75.1522 38.3654 7.3
    endloop
  endfacet
  facet normal 0 0 1
    outer loop
      vertex 75.0861 38.1806 7.3
      vertex 75.0861 37.0194 7.3
      vertex 75.1522 36.8346 7.3
    endloop
  endfacet
  facet normal -0 0 1
    outer loop
      vertex 75.0384 37.9902 7.3
      vertex 75.0861 37.0194 7.3
      vertex 75.0861 38.1806 7.3
    endloop
  endfacet
  facet normal 0 0 1
    outer loop
      vertex 75.0384 37.9902 7.3
      vertex 75.0384 37.2098 7.3
      vertex 75.0861 37.0194 7.3
    endloop
  endfacet
  facet normal -0 0 1
    outer loop
      vertex 75.0096 37.796 7.3
      vertex 75.0384 37.2098 7.3
      vertex 75.0384 37.9902 7.3
    endloop
  endfacet
  facet normal 0 0 1
    outer loop
      vertex 75.0096 37.796 7.3
      vertex 75.0096 37.404 7.3
      vertex 75.0384 37.2098 7.3
    endloop
  endfacet
  facet normal 0 -0 1
    outer loop
      vertex 75.0096 37.404 7.3
      vertex 75.0096 37.796 7.3
      vertex 75 37.6 7.3
    endloop
  endfacet
  facet normal 0.94158 0.336788 0
    outer loop
      vertex 75.1522 36.8346 10.9
      vertex 75.0861 37.0194 7.3
      vertex 75.0861 37.0194 10.9
    endloop
  endfacet
  facet normal 0.94158 0.336788 0
    outer loop
      vertex 75.0861 37.0194 7.3
      vertex 75.1522 36.8346 10.9
      vertex 75.1522 36.8346 7.3
    endloop
  endfacet
  facet normal -0.336788 0.94158 0
    outer loop
      vertex 77.7654 35.7522 7.3
      vertex 77.5806 35.6861 10.9
      vertex 77.7654 35.7522 10.9
    endloop
  endfacet
  facet normal -0.336788 0.94158 0
    outer loop
      vertex 77.5806 35.6861 10.9
      vertex 77.7654 35.7522 7.3
      vertex 77.5806 35.6861 7.3
    endloop
  endfacet
  facet normal -0.243015 0.970023 0
    outer loop
      vertex 77.5806 35.6861 7.3
      vertex 77.3902 35.6384 10.9
      vertex 77.5806 35.6861 10.9
    endloop
  endfacet
  facet normal -0.243015 0.970023 0
    outer loop
      vertex 77.3902 35.6384 10.9
      vertex 77.5806 35.6861 7.3
      vertex 77.3902 35.6384 7.3
    endloop
  endfacet
  facet normal -0.514196 0.857673 0
    outer loop
      vertex 78.1111 35.9371 7.3
      vertex 77.9428 35.8362 10.9
      vertex 78.1111 35.9371 10.9
    endloop
  endfacet
  facet normal -0.514196 0.857673 0
    outer loop
      vertex 77.9428 35.8362 10.9
      vertex 78.1111 35.9371 7.3
      vertex 77.9428 35.8362 7.3
    endloop
  endfacet
  facet normal -0.671607 0.740908 0
    outer loop
      vertex 78.4142 36.1858 7.3
      vertex 78.2688 36.054 10.9
      vertex 78.4142 36.1858 10.9
    endloop
  endfacet
  facet normal -0.671607 0.740908 0
    outer loop
      vertex 78.2688 36.054 10.9
      vertex 78.4142 36.1858 7.3
      vertex 78.2688 36.054 7.3
    endloop
  endfacet
  facet normal -0.595508 0.80335 0
    outer loop
      vertex 78.2688 36.054 7.3
      vertex 78.1111 35.9371 10.9
      vertex 78.2688 36.054 10.9
    endloop
  endfacet
  facet normal -0.595508 0.80335 0
    outer loop
      vertex 78.1111 35.9371 10.9
      vertex 78.2688 36.054 7.3
      vertex 78.1111 35.9371 7.3
    endloop
  endfacet
  facet normal 0.9038 0.427955 0
    outer loop
      vertex 75.2362 36.6572 10.9
      vertex 75.1522 36.8346 7.3
      vertex 75.1522 36.8346 10.9
    endloop
  endfacet
  facet normal 0.9038 0.427955 0
    outer loop
      vertex 75.1522 36.8346 7.3
      vertex 75.2362 36.6572 10.9
      vertex 75.2362 36.6572 7.3
    endloop
  endfacet
  facet normal -0.9038 -0.427955 0
    outer loop
      vertex 78.8478 38.3654 7.3
      vertex 78.7638 38.5428 10.9
      vertex 78.7638 38.5428 7.3
    endloop
  endfacet
  facet normal -0.9038 -0.427955 0
    outer loop
      vertex 78.7638 38.5428 10.9
      vertex 78.8478 38.3654 7.3
      vertex 78.8478 38.3654 10.9
    endloop
  endfacet
  facet normal 0.595508 0.80335 -0
    outer loop
      vertex 75.8889 35.9371 7.3
      vertex 75.7312 36.054 10.9
      vertex 75.8889 35.9371 10.9
    endloop
  endfacet
  facet normal 0.595508 0.80335 0
    outer loop
      vertex 75.7312 36.054 10.9
      vertex 75.8889 35.9371 7.3
      vertex 75.7312 36.054 7.3
    endloop
  endfacet
  facet normal -0.146531 -0.989206 0
    outer loop
      vertex 8.43424 34.7557 1.2
      vertex 8.71575 34.714 10.9
      vertex 8.43424 34.7557 10.9
    endloop
  endfacet
  facet normal -0.146531 -0.989206 -0
    outer loop
      vertex 8.71575 34.714 10.9
      vertex 8.43424 34.7557 1.2
      vertex 8.71575 34.714 1.2
    endloop
  endfacet
  facet normal 0.802984 -0.596 0
    outer loop
      vertex 11.2417 35.7603 10.9
      vertex 11.4113 35.9888 1.2
      vertex 11.4113 35.9888 10.9
    endloop
  endfacet
  facet normal 0.802984 -0.596 0
    outer loop
      vertex 11.4113 35.9888 1.2
      vertex 11.2417 35.7603 10.9
      vertex 11.2417 35.7603 1.2
    endloop
  endfacet
  facet normal 0.989205 0.146536 0
    outer loop
      vertex 11.886 37.8843 10.9
      vertex 11.8443 38.1658 1.2
      vertex 11.8443 38.1658 10.9
    endloop
  endfacet
  facet normal 0.989205 0.146536 0
    outer loop
      vertex 11.8443 38.1658 1.2
      vertex 11.886 37.8843 10.9
      vertex 11.886 37.8843 1.2
    endloop
  endfacet
  facet normal 0.671465 0.741036 -0
    outer loop
      vertex 11.0506 39.6506 1.2
      vertex 10.8397 39.8417 10.9
      vertex 11.0506 39.6506 10.9
    endloop
  endfacet
  facet normal 0.671465 0.741036 0
    outer loop
      vertex 10.8397 39.8417 10.9
      vertex 11.0506 39.6506 1.2
      vertex 10.8397 39.8417 1.2
    endloop
  endfacet
  facet normal -0.671518 0.740989 0
    outer loop
      vertex 7.16026 39.8417 1.2
      vertex 6.94939 39.6506 10.9
      vertex 7.16026 39.8417 10.9
    endloop
  endfacet
  facet normal -0.671518 0.740989 0
    outer loop
      vertex 6.94939 39.6506 10.9
      vertex 7.16026 39.8417 1.2
      vertex 6.94939 39.6506 1.2
    endloop
  endfacet
  facet normal 0.596 -0.802984 0
    outer loop
      vertex 10.6112 35.1887 1.2
      vertex 10.8397 35.3583 10.9
      vertex 10.6112 35.1887 10.9
    endloop
  endfacet
  facet normal 0.596 -0.802984 0
    outer loop
      vertex 10.8397 35.3583 10.9
      vertex 10.6112 35.1887 1.2
      vertex 10.8397 35.3583 1.2
    endloop
  endfacet
  facet normal -0.941557 -0.336853 0
    outer loop
      vertex 6.32075 36.4902 1.2
      vertex 6.22487 36.7582 10.9
      vertex 6.22487 36.7582 1.2
    endloop
  endfacet
  facet normal -0.941557 -0.336853 0
    outer loop
      vertex 6.22487 36.7582 10.9
      vertex 6.32075 36.4902 1.2
      vertex 6.32075 36.4902 10.9
    endloop
  endfacet
  facet normal -0.0491928 -0.998789 0
    outer loop
      vertex 8.71575 34.714 1.2
      vertex 9 34.7 10.9
      vertex 8.71575 34.714 10.9
    endloop
  endfacet
  facet normal -0.0491928 -0.998789 -0
    outer loop
      vertex 9 34.7 10.9
      vertex 8.71575 34.714 1.2
      vertex 9 34.7 1.2
    endloop
  endfacet
  facet normal 0.514082 0.857741 -0
    outer loop
      vertex 10.6112 40.0113 1.2
      vertex 10.3671 40.1576 10.9
      vertex 10.6112 40.0113 10.9
    endloop
  endfacet
  facet normal 0.514082 0.857741 0
    outer loop
      vertex 10.3671 40.1576 10.9
      vertex 10.6112 40.0113 1.2
      vertex 10.3671 40.1576 1.2
    endloop
  endfacet
  facet normal -0.336659 0.941627 0
    outer loop
      vertex 8.15817 40.3751 1.2
      vertex 7.89022 40.2793 10.9
      vertex 8.15817 40.3751 10.9
    endloop
  endfacet
  facet normal -0.336659 0.941627 0
    outer loop
      vertex 7.89022 40.2793 10.9
      vertex 8.15817 40.3751 1.2
      vertex 7.89022 40.2793 1.2
    endloop
  endfacet
  facet normal -0.671518 -0.740989 0
    outer loop
      vertex 6.94939 35.5494 1.2
      vertex 7.16026 35.3583 10.9
      vertex 6.94939 35.5494 10.9
    endloop
  endfacet
  facet normal -0.671518 -0.740989 -0
    outer loop
      vertex 7.16026 35.3583 10.9
      vertex 6.94939 35.5494 1.2
      vertex 7.16026 35.3583 1.2
    endloop
  endfacet
  facet normal 0.514082 -0.857741 0
    outer loop
      vertex 10.3671 35.0424 1.2
      vertex 10.6112 35.1887 10.9
      vertex 10.3671 35.0424 10.9
    endloop
  endfacet
  facet normal 0.514082 -0.857741 0
    outer loop
      vertex 10.6112 35.1887 10.9
      vertex 10.3671 35.0424 1.2
      vertex 10.6112 35.1887 1.2
    endloop
  endfacet
  facet normal -0.857725 -0.514108 0
    outer loop
      vertex 6.58874 35.9888 1.2
      vertex 6.44243 36.2329 10.9
      vertex 6.44243 36.2329 1.2
    endloop
  endfacet
  facet normal -0.857725 -0.514108 0
    outer loop
      vertex 6.44243 36.2329 10.9
      vertex 6.58874 35.9888 1.2
      vertex 6.58874 35.9888 10.9
    endloop
  endfacet
  facet normal 0 0 1
    outer loop
      vertex 11 37.6 10.9
      vertex 11.9 37.6 10.9
      vertex 11.886 37.8843 10.9
    endloop
  endfacet
  facet normal 0 0 1
    outer loop
      vertex 10.9904 37.796 10.9
      vertex 11.886 37.8843 10.9
      vertex 11.8443 38.1658 10.9
    endloop
  endfacet
  facet normal 0 0 1
    outer loop
      vertex 11.9 37.6 10.9
      vertex 11 37.6 10.9
      vertex 11.886 37.3158 10.9
    endloop
  endfacet
  facet normal 0 0 1
    outer loop
      vertex 10.9616 37.9902 10.9
      vertex 11.8443 38.1658 10.9
      vertex 11.7751 38.4418 10.9
    endloop
  endfacet
  facet normal -0 0 1
    outer loop
      vertex 10.9904 37.404 10.9
      vertex 11.886 37.3158 10.9
      vertex 11 37.6 10.9
    endloop
  endfacet
  facet normal 0 0 1
    outer loop
      vertex 10.9139 38.1806 10.9
      vertex 11.7751 38.4418 10.9
      vertex 11.6792 38.7098 10.9
    endloop
  endfacet
  facet normal 0 0 1
    outer loop
      vertex 11.886 37.3158 10.9
      vertex 10.9904 37.404 10.9
      vertex 11.8443 37.0342 10.9
    endloop
  endfacet
  facet normal 0 0 1
    outer loop
      vertex 10.8478 38.3654 10.9
      vertex 11.6792 38.7098 10.9
      vertex 11.5576 38.967 10.9
    endloop
  endfacet
  facet normal -0 0 1
    outer loop
      vertex 10.9616 37.2098 10.9
      vertex 11.8443 37.0342 10.9
      vertex 10.9904 37.404 10.9
    endloop
  endfacet
  facet normal 0 0 1
    outer loop
      vertex 10.7638 38.5428 10.9
      vertex 11.5576 38.967 10.9
      vertex 11.4113 39.2112 10.9
    endloop
  endfacet
  facet normal 0 0 1
    outer loop
      vertex 11.8443 37.0342 10.9
      vertex 10.9616 37.2098 10.9
      vertex 11.7751 36.7582 10.9
    endloop
  endfacet
  facet normal 0 0 1
    outer loop
      vertex 10.6629 38.7111 10.9
      vertex 11.4113 39.2112 10.9
      vertex 11.2417 39.4397 10.9
    endloop
  endfacet
  facet normal -0 0 1
    outer loop
      vertex 10.9139 37.0194 10.9
      vertex 11.7751 36.7582 10.9
      vertex 10.9616 37.2098 10.9
    endloop
  endfacet
  facet normal 0 0 1
    outer loop
      vertex 10.546 38.8688 10.9
      vertex 11.2417 39.4397 10.9
      vertex 11.0506 39.6506 10.9
    endloop
  endfacet
  facet normal 0 0 1
    outer loop
      vertex 11.7751 36.7582 10.9
      vertex 10.9139 37.0194 10.9
      vertex 11.6792 36.4902 10.9
    endloop
  endfacet
  facet normal -0 0 1
    outer loop
      vertex 10.8478 36.8346 10.9
      vertex 11.6792 36.4902 10.9
      vertex 10.9139 37.0194 10.9
    endloop
  endfacet
  facet normal 0 0 1
    outer loop
      vertex 11.886 37.8843 10.9
      vertex 10.9904 37.796 10.9
      vertex 11 37.6 10.9
    endloop
  endfacet
  facet normal 0 0 1
    outer loop
      vertex 11.8443 38.1658 10.9
      vertex 10.9616 37.9902 10.9
      vertex 10.9904 37.796 10.9
    endloop
  endfacet
  facet normal 0 0 1
    outer loop
      vertex 11.7751 38.4418 10.9
      vertex 10.9139 38.1806 10.9
      vertex 10.9616 37.9902 10.9
    endloop
  endfacet
  facet normal 0 0 1
    outer loop
      vertex 11.6792 38.7098 10.9
      vertex 10.8478 38.3654 10.9
      vertex 10.9139 38.1806 10.9
    endloop
  endfacet
  facet normal 0 0 1
    outer loop
      vertex 10.4142 39.0142 10.9
      vertex 11.0506 39.6506 10.9
      vertex 10.8397 39.8417 10.9
    endloop
  endfacet
  facet normal 0 0 1
    outer loop
      vertex 11.5576 38.967 10.9
      vertex 10.7638 38.5428 10.9
      vertex 10.8478 38.3654 10.9
    endloop
  endfacet
  facet normal 0 0 1
    outer loop
      vertex 11.4113 39.2112 10.9
      vertex 10.6629 38.7111 10.9
      vertex 10.7638 38.5428 10.9
    endloop
  endfacet
  facet normal 0 0 1
    outer loop
      vertex 10.2688 39.146 10.9
      vertex 10.8397 39.8417 10.9
      vertex 10.6112 40.0113 10.9
    endloop
  endfacet
  facet normal 0 0 1
    outer loop
      vertex 11.2417 39.4397 10.9
      vertex 10.546 38.8688 10.9
      vertex 10.6629 38.7111 10.9
    endloop
  endfacet
  facet normal 0 0 1
    outer loop
      vertex 11.0506 39.6506 10.9
      vertex 10.4142 39.0142 10.9
      vertex 10.546 38.8688 10.9
    endloop
  endfacet
  facet normal 0 0 1
    outer loop
      vertex 10.1111 39.2629 10.9
      vertex 10.6112 40.0113 10.9
      vertex 10.3671 40.1576 10.9
    endloop
  endfacet
  facet normal 0 0 1
    outer loop
      vertex 10.8397 39.8417 10.9
      vertex 10.2688 39.146 10.9
      vertex 10.4142 39.0142 10.9
    endloop
  endfacet
  facet normal 0 0 1
    outer loop
      vertex 10.6112 40.0113 10.9
      vertex 10.1111 39.2629 10.9
      vertex 10.2688 39.146 10.9
    endloop
  endfacet
  facet normal 0 0 1
    outer loop
      vertex 9.94279 39.3638 10.9
      vertex 10.3671 40.1576 10.9
      vertex 10.1098 40.2793 10.9
    endloop
  endfacet
  facet normal 0 0 1
    outer loop
      vertex 10.3671 40.1576 10.9
      vertex 9.94279 39.3638 10.9
      vertex 10.1111 39.2629 10.9
    endloop
  endfacet
  facet normal 0 0 1
    outer loop
      vertex 9.76537 39.4478 10.9
      vertex 10.1098 40.2793 10.9
      vertex 9.84183 40.3751 10.9
    endloop
  endfacet
  facet normal 0 0 1
    outer loop
      vertex 10.1098 40.2793 10.9
      vertex 9.76537 39.4478 10.9
      vertex 9.94279 39.3638 10.9
    endloop
  endfacet
  facet normal 0 0 1
    outer loop
      vertex 9.84183 40.3751 10.9
      vertex 9.58057 39.5139 10.9
      vertex 9.76537 39.4478 10.9
    endloop
  endfacet
  facet normal 0 0 1
    outer loop
      vertex 9.56576 40.4443 10.9
      vertex 9.58057 39.5139 10.9
      vertex 9.84183 40.3751 10.9
    endloop
  endfacet
  facet normal 0 0 1
    outer loop
      vertex 9.56576 40.4443 10.9
      vertex 9.39018 39.5616 10.9
      vertex 9.58057 39.5139 10.9
    endloop
  endfacet
  facet normal 0 0 1
    outer loop
      vertex 9.28425 40.486 10.9
      vertex 9.39018 39.5616 10.9
      vertex 9.56576 40.4443 10.9
    endloop
  endfacet
  facet normal 0 0 1
    outer loop
      vertex 9.28425 40.486 10.9
      vertex 9.19603 39.5904 10.9
      vertex 9.39018 39.5616 10.9
    endloop
  endfacet
  facet normal 0 0 1
    outer loop
      vertex 9 40.5 10.9
      vertex 9.19603 39.5904 10.9
      vertex 9.28425 40.486 10.9
    endloop
  endfacet
  facet normal 0 0 1
    outer loop
      vertex 9 40.5 10.9
      vertex 9 39.6 10.9
      vertex 9.19603 39.5904 10.9
    endloop
  endfacet
  facet normal 0 0 1
    outer loop
      vertex 9 40.5 10.9
      vertex 8.80397 39.5904 10.9
      vertex 9 39.6 10.9
    endloop
  endfacet
  facet normal -0 0 1
    outer loop
      vertex 8.71575 40.486 10.9
      vertex 8.80397 39.5904 10.9
      vertex 9 40.5 10.9
    endloop
  endfacet
  facet normal 0 0 1
    outer loop
      vertex 8.71575 40.486 10.9
      vertex 8.60982 39.5616 10.9
      vertex 8.80397 39.5904 10.9
    endloop
  endfacet
  facet normal -0 0 1
    outer loop
      vertex 8.43424 40.4443 10.9
      vertex 8.60982 39.5616 10.9
      vertex 8.71575 40.486 10.9
    endloop
  endfacet
  facet normal 0 0 1
    outer loop
      vertex 8.43424 40.4443 10.9
      vertex 8.41943 39.5139 10.9
      vertex 8.60982 39.5616 10.9
    endloop
  endfacet
  facet normal -0 0 1
    outer loop
      vertex 8.15817 40.3751 10.9
      vertex 8.41943 39.5139 10.9
      vertex 8.43424 40.4443 10.9
    endloop
  endfacet
  facet normal 0 0 1
    outer loop
      vertex 8.41943 39.5139 10.9
      vertex 8.15817 40.3751 10.9
      vertex 8.23463 39.4478 10.9
    endloop
  endfacet
  facet normal -0 0 1
    outer loop
      vertex 7.89022 40.2793 10.9
      vertex 8.23463 39.4478 10.9
      vertex 8.15817 40.3751 10.9
    endloop
  endfacet
  facet normal 0 0 1
    outer loop
      vertex 8.23463 39.4478 10.9
      vertex 7.89022 40.2793 10.9
      vertex 8.05721 39.3638 10.9
    endloop
  endfacet
  facet normal -0 0 1
    outer loop
      vertex 7.63295 40.1576 10.9
      vertex 8.05721 39.3638 10.9
      vertex 7.89022 40.2793 10.9
    endloop
  endfacet
  facet normal 0 0 1
    outer loop
      vertex 8.05721 39.3638 10.9
      vertex 7.63295 40.1576 10.9
      vertex 7.88886 39.2629 10.9
    endloop
  endfacet
  facet normal -0 0 1
    outer loop
      vertex 7.38885 40.0113 10.9
      vertex 7.88886 39.2629 10.9
      vertex 7.63295 40.1576 10.9
    endloop
  endfacet
  facet normal 0 0 1
    outer loop
      vertex 7.88886 39.2629 10.9
      vertex 7.38885 40.0113 10.9
      vertex 7.73121 39.146 10.9
    endloop
  endfacet
  facet normal -0 0 1
    outer loop
      vertex 7.16026 39.8417 10.9
      vertex 7.73121 39.146 10.9
      vertex 7.38885 40.0113 10.9
    endloop
  endfacet
  facet normal 0 0 1
    outer loop
      vertex 7.73121 39.146 10.9
      vertex 7.16026 39.8417 10.9
      vertex 7.58579 39.0142 10.9
    endloop
  endfacet
  facet normal -0 0 1
    outer loop
      vertex 6.94939 39.6506 10.9
      vertex 7.58579 39.0142 10.9
      vertex 7.16026 39.8417 10.9
    endloop
  endfacet
  facet normal 0 0 1
    outer loop
      vertex 7.58579 39.0142 10.9
      vertex 6.94939 39.6506 10.9
      vertex 7.45398 38.8688 10.9
    endloop
  endfacet
  facet normal -0 0 1
    outer loop
      vertex 6.75827 39.4397 10.9
      vertex 7.45398 38.8688 10.9
      vertex 6.94939 39.6506 10.9
    endloop
  endfacet
  facet normal 0 0 1
    outer loop
      vertex 7.45398 38.8688 10.9
      vertex 6.75827 39.4397 10.9
      vertex 7.33706 38.7111 10.9
    endloop
  endfacet
  facet normal -0 0 1
    outer loop
      vertex 6.58874 39.2112 10.9
      vertex 7.33706 38.7111 10.9
      vertex 6.75827 39.4397 10.9
    endloop
  endfacet
  facet normal 0 0 1
    outer loop
      vertex 7.33706 38.7111 10.9
      vertex 6.58874 39.2112 10.9
      vertex 7.23616 38.5428 10.9
    endloop
  endfacet
  facet normal -0 0 1
    outer loop
      vertex 6.44243 38.967 10.9
      vertex 7.23616 38.5428 10.9
      vertex 6.58874 39.2112 10.9
    endloop
  endfacet
  facet normal -0 0 1
    outer loop
      vertex 6.32075 38.7098 10.9
      vertex 7.15224 38.3654 10.9
      vertex 6.44243 38.967 10.9
    endloop
  endfacet
  facet normal 0 0 1
    outer loop
      vertex 7.23616 38.5428 10.9
      vertex 6.44243 38.967 10.9
      vertex 7.15224 38.3654 10.9
    endloop
  endfacet
  facet normal 0 0 1
    outer loop
      vertex 11.6792 36.4902 10.9
      vertex 10.8478 36.8346 10.9
      vertex 11.5576 36.2329 10.9
    endloop
  endfacet
  facet normal -0 0 1
    outer loop
      vertex 10.7638 36.6572 10.9
      vertex 11.5576 36.2329 10.9
      vertex 10.8478 36.8346 10.9
    endloop
  endfacet
  facet normal 0 0 1
    outer loop
      vertex 11.5576 36.2329 10.9
      vertex 10.7638 36.6572 10.9
      vertex 11.4113 35.9888 10.9
    endloop
  endfacet
  facet normal -0 0 1
    outer loop
      vertex 10.6629 36.4889 10.9
      vertex 11.4113 35.9888 10.9
      vertex 10.7638 36.6572 10.9
    endloop
  endfacet
  facet normal 0 0 1
    outer loop
      vertex 11.4113 35.9888 10.9
      vertex 10.6629 36.4889 10.9
      vertex 11.2417 35.7603 10.9
    endloop
  endfacet
  facet normal -0 0 1
    outer loop
      vertex 10.546 36.3312 10.9
      vertex 11.2417 35.7603 10.9
      vertex 10.6629 36.4889 10.9
    endloop
  endfacet
  facet normal 0 0 1
    outer loop
      vertex 11.2417 35.7603 10.9
      vertex 10.546 36.3312 10.9
      vertex 11.0506 35.5494 10.9
    endloop
  endfacet
  facet normal -0 0 1
    outer loop
      vertex 10.4142 36.1858 10.9
      vertex 11.0506 35.5494 10.9
      vertex 10.546 36.3312 10.9
    endloop
  endfacet
  facet normal 0 0 1
    outer loop
      vertex 11.0506 35.5494 10.9
      vertex 10.4142 36.1858 10.9
      vertex 10.8397 35.3583 10.9
    endloop
  endfacet
  facet normal -0 0 1
    outer loop
      vertex 10.2688 36.054 10.9
      vertex 10.8397 35.3583 10.9
      vertex 10.4142 36.1858 10.9
    endloop
  endfacet
  facet normal 0 0 1
    outer loop
      vertex 10.8397 35.3583 10.9
      vertex 10.2688 36.054 10.9
      vertex 10.6112 35.1887 10.9
    endloop
  endfacet
  facet normal -0 0 1
    outer loop
      vertex 10.1111 35.9371 10.9
      vertex 10.6112 35.1887 10.9
      vertex 10.2688 36.054 10.9
    endloop
  endfacet
  facet normal 0 0 1
    outer loop
      vertex 10.6112 35.1887 10.9
      vertex 10.1111 35.9371 10.9
      vertex 10.3671 35.0424 10.9
    endloop
  endfacet
  facet normal -0 0 1
    outer loop
      vertex 9.94279 35.8362 10.9
      vertex 10.3671 35.0424 10.9
      vertex 10.1111 35.9371 10.9
    endloop
  endfacet
  facet normal 0 0 1
    outer loop
      vertex 10.3671 35.0424 10.9
      vertex 9.94279 35.8362 10.9
      vertex 10.1098 34.9207 10.9
    endloop
  endfacet
  facet normal -0 0 1
    outer loop
      vertex 9.76537 35.7522 10.9
      vertex 10.1098 34.9207 10.9
      vertex 9.94279 35.8362 10.9
    endloop
  endfacet
  facet normal 0 0 1
    outer loop
      vertex 10.1098 34.9207 10.9
      vertex 9.76537 35.7522 10.9
      vertex 9.84183 34.8249 10.9
    endloop
  endfacet
  facet normal -0 0 1
    outer loop
      vertex 9.58057 35.6861 10.9
      vertex 9.84183 34.8249 10.9
      vertex 9.76537 35.7522 10.9
    endloop
  endfacet
  facet normal 0 0 1
    outer loop
      vertex 9.58057 35.6861 10.9
      vertex 9.56576 34.7557 10.9
      vertex 9.84183 34.8249 10.9
    endloop
  endfacet
  facet normal -0 0 1
    outer loop
      vertex 9.39018 35.6384 10.9
      vertex 9.56576 34.7557 10.9
      vertex 9.58057 35.6861 10.9
    endloop
  endfacet
  facet normal 0 0 1
    outer loop
      vertex 9.39018 35.6384 10.9
      vertex 9.28425 34.714 10.9
      vertex 9.56576 34.7557 10.9
    endloop
  endfacet
  facet normal -0 0 1
    outer loop
      vertex 9.19603 35.6096 10.9
      vertex 9.28425 34.714 10.9
      vertex 9.39018 35.6384 10.9
    endloop
  endfacet
  facet normal -0 0 1
    outer loop
      vertex 9 35.6 10.9
      vertex 9.28425 34.714 10.9
      vertex 9.19603 35.6096 10.9
    endloop
  endfacet
  facet normal 0 0 1
    outer loop
      vertex 9 35.6 10.9
      vertex 9 34.7 10.9
      vertex 9.28425 34.714 10.9
    endloop
  endfacet
  facet normal 0 0 1
    outer loop
      vertex 8.80397 35.6096 10.9
      vertex 9 34.7 10.9
      vertex 9 35.6 10.9
    endloop
  endfacet
  facet normal 0 0 1
    outer loop
      vertex 8.80397 35.6096 10.9
      vertex 8.71575 34.714 10.9
      vertex 9 34.7 10.9
    endloop
  endfacet
  facet normal 0 0 1
    outer loop
      vertex 8.60982 35.6384 10.9
      vertex 8.71575 34.714 10.9
      vertex 8.80397 35.6096 10.9
    endloop
  endfacet
  facet normal 0 0 1
    outer loop
      vertex 8.60982 35.6384 10.9
      vertex 8.43424 34.7557 10.9
      vertex 8.71575 34.714 10.9
    endloop
  endfacet
  facet normal 0 0 1
    outer loop
      vertex 8.41943 35.6861 10.9
      vertex 8.43424 34.7557 10.9
      vertex 8.60982 35.6384 10.9
    endloop
  endfacet
  facet normal 0 0 1
    outer loop
      vertex 8.15817 34.8249 10.9
      vertex 8.41943 35.6861 10.9
      vertex 8.23463 35.7522 10.9
    endloop
  endfacet
  facet normal 0 0 1
    outer loop
      vertex 8.41943 35.6861 10.9
      vertex 8.15817 34.8249 10.9
      vertex 8.43424 34.7557 10.9
    endloop
  endfacet
  facet normal 0 0 1
    outer loop
      vertex 7.89022 34.9207 10.9
      vertex 8.23463 35.7522 10.9
      vertex 8.05721 35.8362 10.9
    endloop
  endfacet
  facet normal 0 0 1
    outer loop
      vertex 8.23463 35.7522 10.9
      vertex 7.89022 34.9207 10.9
      vertex 8.15817 34.8249 10.9
    endloop
  endfacet
  facet normal 0 0 1
    outer loop
      vertex 7.63295 35.0424 10.9
      vertex 8.05721 35.8362 10.9
      vertex 7.88886 35.9371 10.9
    endloop
  endfacet
  facet normal 0 0 1
    outer loop
      vertex 7.38885 35.1887 10.9
      vertex 7.88886 35.9371 10.9
      vertex 7.73121 36.054 10.9
    endloop
  endfacet
  facet normal 0 0 1
    outer loop
      vertex 8.05721 35.8362 10.9
      vertex 7.63295 35.0424 10.9
      vertex 7.89022 34.9207 10.9
    endloop
  endfacet
  facet normal 0 0 1
    outer loop
      vertex 7.16026 35.3583 10.9
      vertex 7.73121 36.054 10.9
      vertex 7.58579 36.1858 10.9
    endloop
  endfacet
  facet normal 0 0 1
    outer loop
      vertex 6.94939 35.5494 10.9
      vertex 7.58579 36.1858 10.9
      vertex 7.45398 36.3312 10.9
    endloop
  endfacet
  facet normal 0 0 1
    outer loop
      vertex 7.88886 35.9371 10.9
      vertex 7.38885 35.1887 10.9
      vertex 7.63295 35.0424 10.9
    endloop
  endfacet
  facet normal 0 0 1
    outer loop
      vertex 6.75827 35.7603 10.9
      vertex 7.45398 36.3312 10.9
      vertex 7.33706 36.4889 10.9
    endloop
  endfacet
  facet normal 0 0 1
    outer loop
      vertex 6.58874 35.9888 10.9
      vertex 7.33706 36.4889 10.9
      vertex 7.23616 36.6572 10.9
    endloop
  endfacet
  facet normal 0 0 1
    outer loop
      vertex 7.73121 36.054 10.9
      vertex 7.16026 35.3583 10.9
      vertex 7.38885 35.1887 10.9
    endloop
  endfacet
  facet normal 0 0 1
    outer loop
      vertex 6.44243 36.2329 10.9
      vertex 7.23616 36.6572 10.9
      vertex 7.15224 36.8346 10.9
    endloop
  endfacet
  facet normal 0 0 1
    outer loop
      vertex 6.32075 36.4902 10.9
      vertex 7.15224 36.8346 10.9
      vertex 7.08612 37.0194 10.9
    endloop
  endfacet
  facet normal 0 0 1
    outer loop
      vertex 6.22487 36.7582 10.9
      vertex 7.08612 37.0194 10.9
      vertex 7.03843 37.2098 10.9
    endloop
  endfacet
  facet normal 0 0 1
    outer loop
      vertex 6.15572 37.0342 10.9
      vertex 7.03843 37.2098 10.9
      vertex 7.00963 37.404 10.9
    endloop
  endfacet
  facet normal 0 0 1
    outer loop
      vertex 7.58579 36.1858 10.9
      vertex 6.94939 35.5494 10.9
      vertex 7.16026 35.3583 10.9
    endloop
  endfacet
  facet normal 0 0 1
    outer loop
      vertex 6.11397 37.3158 10.9
      vertex 7.00963 37.404 10.9
      vertex 7 37.6 10.9
    endloop
  endfacet
  facet normal 0 0 1
    outer loop
      vertex 7.15224 38.3654 10.9
      vertex 6.32075 38.7098 10.9
      vertex 7.08612 38.1806 10.9
    endloop
  endfacet
  facet normal -0 0 1
    outer loop
      vertex 6.22487 38.4418 10.9
      vertex 7.08612 38.1806 10.9
      vertex 6.32075 38.7098 10.9
    endloop
  endfacet
  facet normal 0 0 1
    outer loop
      vertex 7.45398 36.3312 10.9
      vertex 6.75827 35.7603 10.9
      vertex 6.94939 35.5494 10.9
    endloop
  endfacet
  facet normal 0 0 1
    outer loop
      vertex 7.08612 38.1806 10.9
      vertex 6.22487 38.4418 10.9
      vertex 7.03843 37.9902 10.9
    endloop
  endfacet
  facet normal 0 0 1
    outer loop
      vertex 7.33706 36.4889 10.9
      vertex 6.58874 35.9888 10.9
      vertex 6.75827 35.7603 10.9
    endloop
  endfacet
  facet normal -0 0 1
    outer loop
      vertex 6.15572 38.1658 10.9
      vertex 7.03843 37.9902 10.9
      vertex 6.22487 38.4418 10.9
    endloop
  endfacet
  facet normal 0 0 1
    outer loop
      vertex 7.23616 36.6572 10.9
      vertex 6.44243 36.2329 10.9
      vertex 6.58874 35.9888 10.9
    endloop
  endfacet
  facet normal 0 0 1
    outer loop
      vertex 7.03843 37.9902 10.9
      vertex 6.15572 38.1658 10.9
      vertex 7.00963 37.796 10.9
    endloop
  endfacet
  facet normal 0 0 1
    outer loop
      vertex 7.15224 36.8346 10.9
      vertex 6.32075 36.4902 10.9
      vertex 6.44243 36.2329 10.9
    endloop
  endfacet
  facet normal -0 0 1
    outer loop
      vertex 6.11397 37.8843 10.9
      vertex 7.00963 37.796 10.9
      vertex 6.15572 38.1658 10.9
    endloop
  endfacet
  facet normal 0 0 1
    outer loop
      vertex 7.08612 37.0194 10.9
      vertex 6.22487 36.7582 10.9
      vertex 6.32075 36.4902 10.9
    endloop
  endfacet
  facet normal 0 0 1
    outer loop
      vertex 7.00963 37.796 10.9
      vertex 6.11397 37.8843 10.9
      vertex 7 37.6 10.9
    endloop
  endfacet
  facet normal 0 0 1
    outer loop
      vertex 7.03843 37.2098 10.9
      vertex 6.15572 37.0342 10.9
      vertex 6.22487 36.7582 10.9
    endloop
  endfacet
  facet normal 0 0 1
    outer loop
      vertex 6.1 37.6 10.9
      vertex 7 37.6 10.9
      vertex 6.11397 37.8843 10.9
    endloop
  endfacet
  facet normal 0 0 1
    outer loop
      vertex 7.00963 37.404 10.9
      vertex 6.11397 37.3158 10.9
      vertex 6.15572 37.0342 10.9
    endloop
  endfacet
  facet normal 0 0 1
    outer loop
      vertex 7 37.6 10.9
      vertex 6.1 37.6 10.9
      vertex 6.11397 37.3158 10.9
    endloop
  endfacet
  facet normal 0.989213 -0.146485 0
    outer loop
      vertex 11.8443 37.0342 10.9
      vertex 11.886 37.3158 1.2
      vertex 11.886 37.3158 10.9
    endloop
  endfacet
  facet normal 0.989213 -0.146485 0
    outer loop
      vertex 11.886 37.3158 1.2
      vertex 11.8443 37.0342 10.9
      vertex 11.8443 37.0342 1.2
    endloop
  endfacet
  facet normal 0.146531 -0.989206 0
    outer loop
      vertex 9.28425 34.714 1.2
      vertex 9.56576 34.7557 10.9
      vertex 9.28425 34.714 10.9
    endloop
  endfacet
  facet normal 0.146531 -0.989206 0
    outer loop
      vertex 9.56576 34.7557 10.9
      vertex 9.28425 34.714 1.2
      vertex 9.56576 34.7557 1.2
    endloop
  endfacet
  facet normal -0.243139 0.969991 0
    outer loop
      vertex 8.43424 40.4443 1.2
      vertex 8.15817 40.3751 10.9
      vertex 8.43424 40.4443 10.9
    endloop
  endfacet
  facet normal -0.243139 0.969991 0
    outer loop
      vertex 8.15817 40.3751 10.9
      vertex 8.43424 40.4443 1.2
      vertex 8.15817 40.3751 1.2
    endloop
  endfacet
  facet normal -0.741001 0.671504 0
    outer loop
      vertex 6.75827 39.4397 1.2
      vertex 6.94939 39.6506 10.9
      vertex 6.94939 39.6506 1.2
    endloop
  endfacet
  facet normal -0.741001 0.671504 0
    outer loop
      vertex 6.94939 39.6506 10.9
      vertex 6.75827 39.4397 1.2
      vertex 6.75827 39.4397 10.9
    endloop
  endfacet
  facet normal -0.595849 0.803096 0
    outer loop
      vertex 7.38885 40.0113 1.2
      vertex 7.16026 39.8417 10.9
      vertex 7.38885 40.0113 10.9
    endloop
  endfacet
  facet normal -0.595849 0.803096 0
    outer loop
      vertex 7.16026 39.8417 10.9
      vertex 7.38885 40.0113 1.2
      vertex 7.16026 39.8417 1.2
    endloop
  endfacet
  facet normal 0.99879 0.0491842 0
    outer loop
      vertex 11.9 37.6 10.9
      vertex 11.886 37.8843 1.2
      vertex 11.886 37.8843 10.9
    endloop
  endfacet
  facet normal 0.99879 0.0491842 0
    outer loop
      vertex 11.886 37.8843 1.2
      vertex 11.9 37.6 10.9
      vertex 11.9 37.6 1.2
    endloop
  endfacet
  facet normal -0.336659 -0.941627 0
    outer loop
      vertex 7.89022 34.9207 1.2
      vertex 8.15817 34.8249 10.9
      vertex 7.89022 34.9207 10.9
    endloop
  endfacet
  facet normal -0.336659 -0.941627 -0
    outer loop
      vertex 8.15817 34.8249 10.9
      vertex 7.89022 34.9207 1.2
      vertex 8.15817 34.8249 1.2
    endloop
  endfacet
  facet normal -0.146531 0.989206 0
    outer loop
      vertex 8.71575 40.486 1.2
      vertex 8.43424 40.4443 10.9
      vertex 8.71575 40.486 10.9
    endloop
  endfacet
  facet normal -0.146531 0.989206 0
    outer loop
      vertex 8.43424 40.4443 10.9
      vertex 8.71575 40.486 1.2
      vertex 8.43424 40.4443 1.2
    endloop
  endfacet
  facet normal -0.0491928 0.998789 0
    outer loop
      vertex 9 40.5 1.2
      vertex 8.71575 40.486 10.9
      vertex 9 40.5 10.9
    endloop
  endfacet
  facet normal -0.0491928 0.998789 0
    outer loop
      vertex 8.71575 40.486 10.9
      vertex 9 40.5 1.2
      vertex 8.71575 40.486 1.2
    endloop
  endfacet
  facet normal -0.904008 -0.427515 0
    outer loop
      vertex 6.44243 36.2329 1.2
      vertex 6.32075 36.4902 10.9
      vertex 6.32075 36.4902 1.2
    endloop
  endfacet
  facet normal -0.904008 -0.427515 0
    outer loop
      vertex 6.32075 36.4902 10.9
      vertex 6.44243 36.2329 1.2
      vertex 6.44243 36.2329 10.9
    endloop
  endfacet
  facet normal 0.904053 0.427421 0
    outer loop
      vertex 11.6792 38.7098 10.9
      vertex 11.5576 38.967 1.2
      vertex 11.5576 38.967 10.9
    endloop
  endfacet
  facet normal 0.904053 0.427421 0
    outer loop
      vertex 11.5576 38.967 1.2
      vertex 11.6792 38.7098 10.9
      vertex 11.6792 38.7098 1.2
    endloop
  endfacet
  facet normal 0.998789 -0.0492014 0
    outer loop
      vertex 11.886 37.3158 10.9
      vertex 11.9 37.6 1.2
      vertex 11.9 37.6 10.9
    endloop
  endfacet
  facet normal 0.998789 -0.0492014 0
    outer loop
      vertex 11.9 37.6 1.2
      vertex 11.886 37.3158 10.9
      vertex 11.886 37.3158 1.2
    endloop
  endfacet
  facet normal 0.857834 0.513927 0
    outer loop
      vertex 11.5576 38.967 10.9
      vertex 11.4113 39.2112 1.2
      vertex 11.4113 39.2112 10.9
    endloop
  endfacet
  facet normal 0.857834 0.513927 0
    outer loop
      vertex 11.4113 39.2112 1.2
      vertex 11.5576 38.967 10.9
      vertex 11.5576 38.967 1.2
    endloop
  endfacet
  facet normal 0.969977 0.243197 0
    outer loop
      vertex 11.8443 38.1658 10.9
      vertex 11.7751 38.4418 1.2
      vertex 11.7751 38.4418 10.9
    endloop
  endfacet
  facet normal 0.969977 0.243197 0
    outer loop
      vertex 11.7751 38.4418 1.2
      vertex 11.8443 38.1658 10.9
      vertex 11.8443 38.1658 1.2
    endloop
  endfacet
  facet normal -0.970018 0.243032 0
    outer loop
      vertex 6.15572 38.1658 1.2
      vertex 6.22487 38.4418 10.9
      vertex 6.22487 38.4418 1.2
    endloop
  endfacet
  facet normal -0.970018 0.243032 0
    outer loop
      vertex 6.22487 38.4418 10.9
      vertex 6.15572 38.1658 1.2
      vertex 6.15572 38.1658 10.9
    endloop
  endfacet
  facet normal -0.427614 -0.903962 0
    outer loop
      vertex 7.63295 35.0424 1.2
      vertex 7.89022 34.9207 10.9
      vertex 7.63295 35.0424 10.9
    endloop
  endfacet
  facet normal -0.427614 -0.903962 -0
    outer loop
      vertex 7.89022 34.9207 10.9
      vertex 7.63295 35.0424 1.2
      vertex 7.89022 34.9207 1.2
    endloop
  endfacet
  facet normal 0.0491928 -0.998789 0
    outer loop
      vertex 9 34.7 1.2
      vertex 9.28425 34.714 10.9
      vertex 9 34.7 10.9
    endloop
  endfacet
  facet normal 0.0491928 -0.998789 0
    outer loop
      vertex 9.28425 34.714 10.9
      vertex 9 34.7 1.2
      vertex 9.28425 34.714 1.2
    endloop
  endfacet
  facet normal -0.998794 -0.0490962 0
    outer loop
      vertex 6.11397 37.3158 1.2
      vertex 6.1 37.6 10.9
      vertex 6.1 37.6 1.2
    endloop
  endfacet
  facet normal -0.998794 -0.0490962 0
    outer loop
      vertex 6.1 37.6 10.9
      vertex 6.11397 37.3158 1.2
      vertex 6.11397 37.3158 10.9
    endloop
  endfacet
  facet normal 0.243139 0.969991 -0
    outer loop
      vertex 9.84183 40.3751 1.2
      vertex 9.56576 40.4443 10.9
      vertex 9.84183 40.3751 10.9
    endloop
  endfacet
  facet normal 0.243139 0.969991 0
    outer loop
      vertex 9.56576 40.4443 10.9
      vertex 9.84183 40.3751 1.2
      vertex 9.56576 40.4443 1.2
    endloop
  endfacet
  facet normal 0.857741 -0.514082 0
    outer loop
      vertex 11.4113 35.9888 10.9
      vertex 11.5576 36.2329 1.2
      vertex 11.5576 36.2329 10.9
    endloop
  endfacet
  facet normal 0.857741 -0.514082 0
    outer loop
      vertex 11.5576 36.2329 1.2
      vertex 11.4113 35.9888 10.9
      vertex 11.4113 35.9888 1.2
    endloop
  endfacet
  facet normal 0.941535 0.336915 0
    outer loop
      vertex 11.7751 38.4418 10.9
      vertex 11.6792 38.7098 1.2
      vertex 11.6792 38.7098 10.9
    endloop
  endfacet
  facet normal 0.941535 0.336915 0
    outer loop
      vertex 11.6792 38.7098 1.2
      vertex 11.7751 38.4418 10.9
      vertex 11.7751 38.4418 1.2
    endloop
  endfacet
  facet normal 0.243139 -0.969991 0
    outer loop
      vertex 9.56576 34.7557 1.2
      vertex 9.84183 34.8249 10.9
      vertex 9.56576 34.7557 10.9
    endloop
  endfacet
  facet normal 0.243139 -0.969991 0
    outer loop
      vertex 9.84183 34.8249 10.9
      vertex 9.56576 34.7557 1.2
      vertex 9.84183 34.8249 1.2
    endloop
  endfacet
  facet normal -0.427614 0.903962 0
    outer loop
      vertex 7.89022 40.2793 1.2
      vertex 7.63295 40.1576 10.9
      vertex 7.89022 40.2793 10.9
    endloop
  endfacet
  facet normal -0.427614 0.903962 0
    outer loop
      vertex 7.63295 40.1576 10.9
      vertex 7.89022 40.2793 1.2
      vertex 7.63295 40.1576 1.2
    endloop
  endfacet
  facet normal -0.514082 0.857741 0
    outer loop
      vertex 7.63295 40.1576 1.2
      vertex 7.38885 40.0113 10.9
      vertex 7.63295 40.1576 10.9
    endloop
  endfacet
  facet normal -0.514082 0.857741 0
    outer loop
      vertex 7.38885 40.0113 10.9
      vertex 7.63295 40.1576 1.2
      vertex 7.38885 40.0113 1.2
    endloop
  endfacet
  facet normal 0.596 0.802984 -0
    outer loop
      vertex 10.8397 39.8417 1.2
      vertex 10.6112 40.0113 10.9
      vertex 10.8397 39.8417 10.9
    endloop
  endfacet
  facet normal 0.596 0.802984 0
    outer loop
      vertex 10.6112 40.0113 10.9
      vertex 10.8397 39.8417 1.2
      vertex 10.6112 40.0113 1.2
    endloop
  endfacet
  facet normal -0.803102 0.595842 0
    outer loop
      vertex 6.58874 39.2112 1.2
      vertex 6.75827 39.4397 10.9
      vertex 6.75827 39.4397 1.2
    endloop
  endfacet
  facet normal -0.803102 0.595842 0
    outer loop
      vertex 6.75827 39.4397 10.9
      vertex 6.58874 39.2112 1.2
      vertex 6.58874 39.2112 10.9
    endloop
  endfacet
  facet normal -0.98918 0.146708 0
    outer loop
      vertex 6.11397 37.8843 1.2
      vertex 6.15572 38.1658 10.9
      vertex 6.15572 38.1658 1.2
    endloop
  endfacet
  facet normal -0.98918 0.146708 0
    outer loop
      vertex 6.15572 38.1658 10.9
      vertex 6.11397 37.8843 1.2
      vertex 6.11397 37.8843 10.9
    endloop
  endfacet
  facet normal 0.427573 0.903981 -0
    outer loop
      vertex 10.3671 40.1576 1.2
      vertex 10.1098 40.2793 10.9
      vertex 10.3671 40.1576 10.9
    endloop
  endfacet
  facet normal 0.427573 0.903981 0
    outer loop
      vertex 10.1098 40.2793 10.9
      vertex 10.3671 40.1576 1.2
      vertex 10.1098 40.2793 1.2
    endloop
  endfacet
  facet normal 0.904117 -0.427286 0
    outer loop
      vertex 11.5576 36.2329 10.9
      vertex 11.6792 36.4902 1.2
      vertex 11.6792 36.4902 10.9
    endloop
  endfacet
  facet normal 0.904117 -0.427286 0
    outer loop
      vertex 11.6792 36.4902 1.2
      vertex 11.5576 36.2329 10.9
      vertex 11.5576 36.2329 1.2
    endloop
  endfacet
  facet normal 0.741036 0.671465 0
    outer loop
      vertex 11.2417 39.4397 10.9
      vertex 11.0506 39.6506 1.2
      vertex 11.0506 39.6506 10.9
    endloop
  endfacet
  facet normal 0.741036 0.671465 0
    outer loop
      vertex 11.0506 39.6506 1.2
      vertex 11.2417 39.4397 10.9
      vertex 11.2417 39.4397 1.2
    endloop
  endfacet
  facet normal -0.803102 -0.595842 0
    outer loop
      vertex 6.75827 35.7603 1.2
      vertex 6.58874 35.9888 10.9
      vertex 6.58874 35.9888 1.2
    endloop
  endfacet
  facet normal -0.803102 -0.595842 0
    outer loop
      vertex 6.58874 35.9888 10.9
      vertex 6.75827 35.7603 1.2
      vertex 6.75827 35.7603 10.9
    endloop
  endfacet
  facet normal 0.0491928 0.998789 -0
    outer loop
      vertex 9.28425 40.486 1.2
      vertex 9 40.5 10.9
      vertex 9.28425 40.486 10.9
    endloop
  endfacet
  facet normal 0.0491928 0.998789 0
    outer loop
      vertex 9 40.5 10.9
      vertex 9.28425 40.486 1.2
      vertex 9 40.5 1.2
    endloop
  endfacet
  facet normal 0.941535 -0.336915 0
    outer loop
      vertex 11.6792 36.4902 10.9
      vertex 11.7751 36.7582 1.2
      vertex 11.7751 36.7582 10.9
    endloop
  endfacet
  facet normal 0.941535 -0.336915 0
    outer loop
      vertex 11.7751 36.7582 1.2
      vertex 11.6792 36.4902 10.9
      vertex 11.6792 36.4902 1.2
    endloop
  endfacet
  facet normal -0.741001 -0.671504 0
    outer loop
      vertex 6.94939 35.5494 1.2
      vertex 6.75827 35.7603 10.9
      vertex 6.75827 35.7603 1.2
    endloop
  endfacet
  facet normal -0.741001 -0.671504 0
    outer loop
      vertex 6.75827 35.7603 10.9
      vertex 6.94939 35.5494 1.2
      vertex 6.94939 35.5494 10.9
    endloop
  endfacet
  facet normal -0.998795 0.049079 0
    outer loop
      vertex 6.1 37.6 1.2
      vertex 6.11397 37.8843 10.9
      vertex 6.11397 37.8843 1.2
    endloop
  endfacet
  facet normal -0.998795 0.049079 0
    outer loop
      vertex 6.11397 37.8843 10.9
      vertex 6.1 37.6 1.2
      vertex 6.1 37.6 10.9
    endloop
  endfacet
  facet normal -0.970018 -0.243032 0
    outer loop
      vertex 6.22487 36.7582 1.2
      vertex 6.15572 37.0342 10.9
      vertex 6.15572 37.0342 1.2
    endloop
  endfacet
  facet normal -0.970018 -0.243032 0
    outer loop
      vertex 6.15572 37.0342 10.9
      vertex 6.22487 36.7582 1.2
      vertex 6.22487 36.7582 10.9
    endloop
  endfacet
  facet normal 0.146531 0.989206 -0
    outer loop
      vertex 9.56576 40.4443 1.2
      vertex 9.28425 40.486 10.9
      vertex 9.56576 40.4443 10.9
    endloop
  endfacet
  facet normal 0.146531 0.989206 0
    outer loop
      vertex 9.28425 40.486 10.9
      vertex 9.56576 40.4443 1.2
      vertex 9.28425 40.486 1.2
    endloop
  endfacet
  facet normal -0.903944 0.427651 0
    outer loop
      vertex 6.32075 38.7098 1.2
      vertex 6.44243 38.967 10.9
      vertex 6.44243 38.967 1.2
    endloop
  endfacet
  facet normal -0.903944 0.427651 0
    outer loop
      vertex 6.44243 38.967 10.9
      vertex 6.32075 38.7098 1.2
      vertex 6.32075 38.7098 10.9
    endloop
  endfacet
  facet normal 0.336637 -0.941635 0
    outer loop
      vertex 9.84183 34.8249 1.2
      vertex 10.1098 34.9207 10.9
      vertex 9.84183 34.8249 10.9
    endloop
  endfacet
  facet normal 0.336637 -0.941635 0
    outer loop
      vertex 10.1098 34.9207 10.9
      vertex 9.84183 34.8249 1.2
      vertex 10.1098 34.9207 1.2
    endloop
  endfacet
  facet normal 0.969977 -0.243197 0
    outer loop
      vertex 11.7751 36.7582 10.9
      vertex 11.8443 37.0342 1.2
      vertex 11.8443 37.0342 10.9
    endloop
  endfacet
  facet normal 0.969977 -0.243197 0
    outer loop
      vertex 11.8443 37.0342 1.2
      vertex 11.7751 36.7582 10.9
      vertex 11.7751 36.7582 1.2
    endloop
  endfacet
  facet normal -0.989187 -0.146657 0
    outer loop
      vertex 6.15572 37.0342 1.2
      vertex 6.11397 37.3158 10.9
      vertex 6.11397 37.3158 1.2
    endloop
  endfacet
  facet normal -0.989187 -0.146657 0
    outer loop
      vertex 6.11397 37.3158 10.9
      vertex 6.15572 37.0342 1.2
      vertex 6.15572 37.0342 10.9
    endloop
  endfacet
  facet normal 0.802984 0.596 0
    outer loop
      vertex 11.4113 39.2112 10.9
      vertex 11.2417 39.4397 1.2
      vertex 11.2417 39.4397 10.9
    endloop
  endfacet
  facet normal 0.802984 0.596 0
    outer loop
      vertex 11.2417 39.4397 1.2
      vertex 11.4113 39.2112 10.9
      vertex 11.4113 39.2112 1.2
    endloop
  endfacet
  facet normal 0.741036 -0.671465 0
    outer loop
      vertex 11.0506 35.5494 10.9
      vertex 11.2417 35.7603 1.2
      vertex 11.2417 35.7603 10.9
    endloop
  endfacet
  facet normal 0.741036 -0.671465 0
    outer loop
      vertex 11.2417 35.7603 1.2
      vertex 11.0506 35.5494 10.9
      vertex 11.0506 35.5494 1.2
    endloop
  endfacet
  facet normal -0.243139 -0.969991 0
    outer loop
      vertex 8.15817 34.8249 1.2
      vertex 8.43424 34.7557 10.9
      vertex 8.15817 34.8249 10.9
    endloop
  endfacet
  facet normal -0.243139 -0.969991 -0
    outer loop
      vertex 8.43424 34.7557 10.9
      vertex 8.15817 34.8249 1.2
      vertex 8.43424 34.7557 1.2
    endloop
  endfacet
  facet normal 0.427573 -0.903981 0
    outer loop
      vertex 10.1098 34.9207 1.2
      vertex 10.3671 35.0424 10.9
      vertex 10.1098 34.9207 10.9
    endloop
  endfacet
  facet normal 0.427573 -0.903981 0
    outer loop
      vertex 10.3671 35.0424 10.9
      vertex 10.1098 34.9207 1.2
      vertex 10.3671 35.0424 1.2
    endloop
  endfacet
  facet normal 0.336637 0.941635 -0
    outer loop
      vertex 10.1098 40.2793 1.2
      vertex 9.84183 40.3751 10.9
      vertex 10.1098 40.2793 10.9
    endloop
  endfacet
  facet normal 0.336637 0.941635 0
    outer loop
      vertex 9.84183 40.3751 10.9
      vertex 10.1098 40.2793 1.2
      vertex 9.84183 40.3751 1.2
    endloop
  endfacet
  facet normal -0.595849 -0.803096 0
    outer loop
      vertex 7.16026 35.3583 1.2
      vertex 7.38885 35.1887 10.9
      vertex 7.16026 35.3583 10.9
    endloop
  endfacet
  facet normal -0.595849 -0.803096 -0
    outer loop
      vertex 7.38885 35.1887 10.9
      vertex 7.16026 35.3583 1.2
      vertex 7.38885 35.1887 1.2
    endloop
  endfacet
  facet normal -0.857818 0.513953 0
    outer loop
      vertex 6.44243 38.967 1.2
      vertex 6.58874 39.2112 10.9
      vertex 6.58874 39.2112 1.2
    endloop
  endfacet
  facet normal -0.857818 0.513953 0
    outer loop
      vertex 6.58874 39.2112 10.9
      vertex 6.44243 38.967 1.2
      vertex 6.44243 38.967 10.9
    endloop
  endfacet
  facet normal -0.941557 0.336853 0
    outer loop
      vertex 6.22487 38.4418 1.2
      vertex 6.32075 38.7098 10.9
      vertex 6.32075 38.7098 1.2
    endloop
  endfacet
  facet normal -0.941557 0.336853 0
    outer loop
      vertex 6.32075 38.7098 10.9
      vertex 6.22487 38.4418 1.2
      vertex 6.22487 38.4418 10.9
    endloop
  endfacet
  facet normal -0.514082 -0.857741 0
    outer loop
      vertex 7.38885 35.1887 1.2
      vertex 7.63295 35.0424 10.9
      vertex 7.38885 35.1887 10.9
    endloop
  endfacet
  facet normal -0.514082 -0.857741 -0
    outer loop
      vertex 7.63295 35.0424 10.9
      vertex 7.38885 35.1887 1.2
      vertex 7.63295 35.0424 1.2
    endloop
  endfacet
  facet normal 0.671465 -0.741036 0
    outer loop
      vertex 10.8397 35.3583 1.2
      vertex 11.0506 35.5494 10.9
      vertex 10.8397 35.3583 10.9
    endloop
  endfacet
  facet normal 0.671465 -0.741036 0
    outer loop
      vertex 11.0506 35.5494 10.9
      vertex 10.8397 35.3583 1.2
      vertex 11.0506 35.5494 1.2
    endloop
  endfacet
  facet normal -0.989182 0.146696 0
    outer loop
      vertex 10.9616 37.2098 7.3
      vertex 10.9904 37.404 10.9
      vertex 10.9904 37.404 7.3
    endloop
  endfacet
  facet normal -0.989182 0.146696 0
    outer loop
      vertex 10.9904 37.404 10.9
      vertex 10.9616 37.2098 7.3
      vertex 10.9616 37.2098 10.9
    endloop
  endfacet
  facet normal 0.427916 0.903819 -0
    outer loop
      vertex 8.23463 35.7522 7.3
      vertex 8.05721 35.8362 10.9
      vertex 8.23463 35.7522 10.9
    endloop
  endfacet
  facet normal 0.427916 0.903819 0
    outer loop
      vertex 8.05721 35.8362 10.9
      vertex 8.23463 35.7522 7.3
      vertex 8.05721 35.8362 7.3
    endloop
  endfacet
  facet normal -0.0489135 0.998803 0
    outer loop
      vertex 9.19603 35.6096 7.3
      vertex 9 35.6 10.9
      vertex 9.19603 35.6096 10.9
    endloop
  endfacet
  facet normal -0.0489135 0.998803 0
    outer loop
      vertex 9 35.6 10.9
      vertex 9.19603 35.6096 7.3
      vertex 9 35.6 7.3
    endloop
  endfacet
  facet normal 0.146733 -0.989176 0
    outer loop
      vertex 8.60982 39.5616 7.3
      vertex 8.80397 39.5904 10.9
      vertex 8.60982 39.5616 10.9
    endloop
  endfacet
  facet normal 0.146733 -0.989176 0
    outer loop
      vertex 8.80397 39.5904 10.9
      vertex 8.60982 39.5616 7.3
      vertex 8.80397 39.5904 7.3
    endloop
  endfacet
  facet normal 0.740882 -0.671635 0
    outer loop
      vertex 7.45398 38.8688 10.9
      vertex 7.58579 39.0142 7.3
      vertex 7.58579 39.0142 10.9
    endloop
  endfacet
  facet normal 0.740882 -0.671635 0
    outer loop
      vertex 7.58579 39.0142 7.3
      vertex 7.45398 38.8688 10.9
      vertex 7.45398 38.8688 7.3
    endloop
  endfacet
  facet normal -0.427916 0.903819 0
    outer loop
      vertex 9.94279 35.8362 7.3
      vertex 9.76537 35.7522 10.9
      vertex 9.94279 35.8362 10.9
    endloop
  endfacet
  facet normal -0.427916 0.903819 0
    outer loop
      vertex 9.76537 35.7522 10.9
      vertex 9.94279 35.8362 7.3
      vertex 9.76537 35.7522 7.3
    endloop
  endfacet
  facet normal 0.998795 -0.0490735 0
    outer loop
      vertex 7 37.6 10.9
      vertex 7.00963 37.796 7.3
      vertex 7.00963 37.796 10.9
    endloop
  endfacet
  facet normal 0.998795 -0.0490735 0
    outer loop
      vertex 7.00963 37.796 7.3
      vertex 7 37.6 10.9
      vertex 7 37.6 7.3
    endloop
  endfacet
  facet normal -0.94158 -0.336788 0
    outer loop
      vertex 10.9139 38.1806 7.3
      vertex 10.8478 38.3654 10.9
      vertex 10.8478 38.3654 7.3
    endloop
  endfacet
  facet normal -0.94158 -0.336788 0
    outer loop
      vertex 10.8478 38.3654 10.9
      vertex 10.9139 38.1806 7.3
      vertex 10.9139 38.1806 10.9
    endloop
  endfacet
  facet normal -0.671607 -0.740908 0
    outer loop
      vertex 10.2688 39.146 7.3
      vertex 10.4142 39.0142 10.9
      vertex 10.2688 39.146 10.9
    endloop
  endfacet
  facet normal -0.671607 -0.740908 -0
    outer loop
      vertex 10.4142 39.0142 10.9
      vertex 10.2688 39.146 7.3
      vertex 10.4142 39.0142 7.3
    endloop
  endfacet
  facet normal -0.336788 -0.94158 0
    outer loop
      vertex 9.58057 39.5139 7.3
      vertex 9.76537 39.4478 10.9
      vertex 9.58057 39.5139 10.9
    endloop
  endfacet
  facet normal -0.336788 -0.94158 -0
    outer loop
      vertex 9.76537 39.4478 10.9
      vertex 9.58057 39.5139 7.3
      vertex 9.76537 39.4478 7.3
    endloop
  endfacet
  facet normal 0.514084 -0.85774 0
    outer loop
      vertex 7.88886 39.2629 7.3
      vertex 8.05721 39.3638 10.9
      vertex 7.88886 39.2629 10.9
    endloop
  endfacet
  facet normal 0.514084 -0.85774 0
    outer loop
      vertex 8.05721 39.3638 10.9
      vertex 7.88886 39.2629 7.3
      vertex 8.05721 39.3638 7.3
    endloop
  endfacet
  facet normal -0.989182 -0.146696 0
    outer loop
      vertex 10.9904 37.796 7.3
      vertex 10.9616 37.9902 10.9
      vertex 10.9616 37.9902 7.3
    endloop
  endfacet
  facet normal -0.989182 -0.146696 0
    outer loop
      vertex 10.9616 37.9902 10.9
      vertex 10.9904 37.796 7.3
      vertex 10.9904 37.796 10.9
    endloop
  endfacet
  facet normal -0.243027 -0.970019 0
    outer loop
      vertex 9.39018 39.5616 7.3
      vertex 9.58057 39.5139 10.9
      vertex 9.39018 39.5616 10.9
    endloop
  endfacet
  facet normal -0.243027 -0.970019 -0
    outer loop
      vertex 9.58057 39.5139 10.9
      vertex 9.39018 39.5616 7.3
      vertex 9.58057 39.5139 7.3
    endloop
  endfacet
  facet normal 0.970035 -0.242967 0
    outer loop
      vertex 7.03843 37.9902 10.9
      vertex 7.08612 38.1806 7.3
      vertex 7.08612 38.1806 10.9
    endloop
  endfacet
  facet normal 0.970035 -0.242967 0
    outer loop
      vertex 7.08612 38.1806 7.3
      vertex 7.03843 37.9902 10.9
      vertex 7.03843 37.9902 7.3
    endloop
  endfacet
  facet normal -0.998803 -0.0489209 0
    outer loop
      vertex 11 37.6 7.3
      vertex 10.9904 37.796 10.9
      vertex 10.9904 37.796 7.3
    endloop
  endfacet
  facet normal -0.998803 -0.0489209 0
    outer loop
      vertex 10.9904 37.796 10.9
      vertex 11 37.6 7.3
      vertex 11 37.6 10.9
    endloop
  endfacet
  facet normal -0.514173 0.857686 0
    outer loop
      vertex 10.1111 35.9371 7.3
      vertex 9.94279 35.8362 10.9
      vertex 10.1111 35.9371 10.9
    endloop
  endfacet
  facet normal -0.514173 0.857686 0
    outer loop
      vertex 9.94279 35.8362 10.9
      vertex 10.1111 35.9371 7.3
      vertex 9.94279 35.8362 7.3
    endloop
  endfacet
  facet normal 0.989182 0.146696 0
    outer loop
      vertex 7.03843 37.2098 10.9
      vertex 7.00963 37.404 7.3
      vertex 7.00963 37.404 10.9
    endloop
  endfacet
  facet normal 0.989182 0.146696 0
    outer loop
      vertex 7.00963 37.404 7.3
      vertex 7.03843 37.2098 10.9
      vertex 7.03843 37.2098 7.3
    endloop
  endfacet
  facet normal -0.427916 -0.903819 0
    outer loop
      vertex 9.76537 39.4478 7.3
      vertex 9.94279 39.3638 10.9
      vertex 9.76537 39.4478 10.9
    endloop
  endfacet
  facet normal -0.427916 -0.903819 -0
    outer loop
      vertex 9.94279 39.3638 10.9
      vertex 9.76537 39.4478 7.3
      vertex 9.94279 39.3638 7.3
    endloop
  endfacet
  facet normal 0.0489135 -0.998803 0
    outer loop
      vertex 8.80397 39.5904 7.3
      vertex 9 39.6 10.9
      vertex 8.80397 39.5904 10.9
    endloop
  endfacet
  facet normal 0.0489135 -0.998803 0
    outer loop
      vertex 9 39.6 10.9
      vertex 8.80397 39.5904 7.3
      vertex 9 39.6 7.3
    endloop
  endfacet
  facet normal -0.80335 0.595508 0
    outer loop
      vertex 10.546 36.3312 7.3
      vertex 10.6629 36.4889 10.9
      vertex 10.6629 36.4889 7.3
    endloop
  endfacet
  facet normal -0.80335 0.595508 0
    outer loop
      vertex 10.6629 36.4889 10.9
      vertex 10.546 36.3312 7.3
      vertex 10.546 36.3312 10.9
    endloop
  endfacet
  facet normal 0.803301 -0.595573 0
    outer loop
      vertex 7.33706 38.7111 10.9
      vertex 7.45398 38.8688 7.3
      vertex 7.45398 38.8688 10.9
    endloop
  endfacet
  facet normal 0.803301 -0.595573 0
    outer loop
      vertex 7.45398 38.8688 7.3
      vertex 7.33706 38.7111 10.9
      vertex 7.33706 38.7111 7.3
    endloop
  endfacet
  facet normal -0.970023 0.243015 0
    outer loop
      vertex 10.9139 37.0194 7.3
      vertex 10.9616 37.2098 10.9
      vertex 10.9616 37.2098 7.3
    endloop
  endfacet
  facet normal -0.970023 0.243015 0
    outer loop
      vertex 10.9616 37.2098 10.9
      vertex 10.9139 37.0194 7.3
      vertex 10.9139 37.0194 10.9
    endloop
  endfacet
  facet normal -0.970023 -0.243015 0
    outer loop
      vertex 10.9616 37.9902 7.3
      vertex 10.9139 38.1806 10.9
      vertex 10.9139 38.1806 7.3
    endloop
  endfacet
  facet normal -0.970023 -0.243015 0
    outer loop
      vertex 10.9139 38.1806 10.9
      vertex 10.9616 37.9902 7.3
      vertex 10.9616 37.9902 10.9
    endloop
  endfacet
  facet normal -0.0489135 -0.998803 0
    outer loop
      vertex 9 39.6 7.3
      vertex 9.19603 39.5904 10.9
      vertex 9 39.6 10.9
    endloop
  endfacet
  facet normal -0.0489135 -0.998803 -0
    outer loop
      vertex 9.19603 39.5904 10.9
      vertex 9 39.6 7.3
      vertex 9.19603 39.5904 7.3
    endloop
  endfacet
  facet normal 0.998795 0.0490735 0
    outer loop
      vertex 7.00963 37.404 10.9
      vertex 7 37.6 7.3
      vertex 7 37.6 10.9
    endloop
  endfacet
  facet normal 0.998795 0.0490735 0
    outer loop
      vertex 7 37.6 7.3
      vertex 7.00963 37.404 10.9
      vertex 7.00963 37.404 7.3
    endloop
  endfacet
  facet normal -0.243027 0.970019 0
    outer loop
      vertex 9.58057 35.6861 7.3
      vertex 9.39018 35.6384 10.9
      vertex 9.58057 35.6861 10.9
    endloop
  endfacet
  facet normal -0.243027 0.970019 0
    outer loop
      vertex 9.39018 35.6384 10.9
      vertex 9.58057 35.6861 7.3
      vertex 9.39018 35.6384 7.3
    endloop
  endfacet
  facet normal 0.243027 -0.970019 0
    outer loop
      vertex 8.41943 39.5139 7.3
      vertex 8.60982 39.5616 10.9
      vertex 8.41943 39.5139 10.9
    endloop
  endfacet
  facet normal 0.243027 -0.970019 0
    outer loop
      vertex 8.60982 39.5616 10.9
      vertex 8.41943 39.5139 7.3
      vertex 8.60982 39.5616 7.3
    endloop
  endfacet
  facet normal 0.803301 0.595573 0
    outer loop
      vertex 7.45398 36.3312 10.9
      vertex 7.33706 36.4889 7.3
      vertex 7.33706 36.4889 10.9
    endloop
  endfacet
  facet normal 0.803301 0.595573 0
    outer loop
      vertex 7.33706 36.4889 7.3
      vertex 7.45398 36.3312 10.9
      vertex 7.45398 36.3312 7.3
    endloop
  endfacet
  facet normal -0.595508 -0.80335 0
    outer loop
      vertex 10.1111 39.2629 7.3
      vertex 10.2688 39.146 10.9
      vertex 10.1111 39.2629 10.9
    endloop
  endfacet
  facet normal -0.595508 -0.80335 -0
    outer loop
      vertex 10.2688 39.146 10.9
      vertex 10.1111 39.2629 7.3
      vertex 10.2688 39.146 7.3
    endloop
  endfacet
  facet normal 0.427916 -0.903819 0
    outer loop
      vertex 8.05721 39.3638 7.3
      vertex 8.23463 39.4478 10.9
      vertex 8.05721 39.3638 10.9
    endloop
  endfacet
  facet normal 0.427916 -0.903819 0
    outer loop
      vertex 8.23463 39.4478 10.9
      vertex 8.05721 39.3638 7.3
      vertex 8.23463 39.4478 7.3
    endloop
  endfacet
  facet normal 0.336788 -0.94158 0
    outer loop
      vertex 8.23463 39.4478 7.3
      vertex 8.41943 39.5139 10.9
      vertex 8.23463 39.4478 10.9
    endloop
  endfacet
  facet normal 0.336788 -0.94158 0
    outer loop
      vertex 8.41943 39.5139 10.9
      vertex 8.23463 39.4478 7.3
      vertex 8.41943 39.5139 7.3
    endloop
  endfacet
  facet normal 0.941548 0.336879 0
    outer loop
      vertex 7.15224 36.8346 10.9
      vertex 7.08612 37.0194 7.3
      vertex 7.08612 37.0194 10.9
    endloop
  endfacet
  facet normal 0.941548 0.336879 0
    outer loop
      vertex 7.08612 37.0194 7.3
      vertex 7.15224 36.8346 10.9
      vertex 7.15224 36.8346 7.3
    endloop
  endfacet
  facet normal -0.857673 -0.514196 0
    outer loop
      vertex 10.7638 38.5428 7.3
      vertex 10.6629 38.7111 10.9
      vertex 10.6629 38.7111 7.3
    endloop
  endfacet
  facet normal -0.857673 -0.514196 0
    outer loop
      vertex 10.6629 38.7111 10.9
      vertex 10.7638 38.5428 7.3
      vertex 10.7638 38.5428 10.9
    endloop
  endfacet
  facet normal -0.336788 0.94158 0
    outer loop
      vertex 9.76537 35.7522 7.3
      vertex 9.58057 35.6861 10.9
      vertex 9.76537 35.7522 10.9
    endloop
  endfacet
  facet normal -0.336788 0.94158 0
    outer loop
      vertex 9.58057 35.6861 10.9
      vertex 9.76537 35.7522 7.3
      vertex 9.58057 35.6861 7.3
    endloop
  endfacet
  facet normal -0.514173 -0.857686 0
    outer loop
      vertex 9.94279 39.3638 7.3
      vertex 10.1111 39.2629 10.9
      vertex 9.94279 39.3638 10.9
    endloop
  endfacet
  facet normal -0.514173 -0.857686 -0
    outer loop
      vertex 10.1111 39.2629 10.9
      vertex 9.94279 39.3638 7.3
      vertex 10.1111 39.2629 7.3
    endloop
  endfacet
  facet normal 0.857673 -0.514196 0
    outer loop
      vertex 7.23616 38.5428 10.9
      vertex 7.33706 38.7111 7.3
      vertex 7.33706 38.7111 10.9
    endloop
  endfacet
  facet normal 0.857673 -0.514196 0
    outer loop
      vertex 7.33706 38.7111 7.3
      vertex 7.23616 38.5428 10.9
      vertex 7.23616 38.5428 7.3
    endloop
  endfacet
  facet normal -0.998803 0.0489209 0
    outer loop
      vertex 10.9904 37.404 7.3
      vertex 11 37.6 10.9
      vertex 11 37.6 7.3
    endloop
  endfacet
  facet normal -0.998803 0.0489209 0
    outer loop
      vertex 11 37.6 10.9
      vertex 10.9904 37.404 7.3
      vertex 10.9904 37.404 10.9
    endloop
  endfacet
  facet normal -0.146733 0.989176 0
    outer loop
      vertex 9.39018 35.6384 7.3
      vertex 9.19603 35.6096 10.9
      vertex 9.39018 35.6384 10.9
    endloop
  endfacet
  facet normal -0.146733 0.989176 0
    outer loop
      vertex 9.19603 35.6096 10.9
      vertex 9.39018 35.6384 7.3
      vertex 9.19603 35.6096 7.3
    endloop
  endfacet
  facet normal -0.146733 -0.989176 0
    outer loop
      vertex 9.19603 39.5904 7.3
      vertex 9.39018 39.5616 10.9
      vertex 9.19603 39.5904 10.9
    endloop
  endfacet
  facet normal -0.146733 -0.989176 -0
    outer loop
      vertex 9.39018 39.5616 10.9
      vertex 9.19603 39.5904 7.3
      vertex 9.39018 39.5616 7.3
    endloop
  endfacet
  facet normal -0.9038 -0.427955 0
    outer loop
      vertex 10.8478 38.3654 7.3
      vertex 10.7638 38.5428 10.9
      vertex 10.7638 38.5428 7.3
    endloop
  endfacet
  facet normal -0.9038 -0.427955 0
    outer loop
      vertex 10.7638 38.5428 10.9
      vertex 10.8478 38.3654 7.3
      vertex 10.8478 38.3654 10.9
    endloop
  endfacet
  facet normal -0.80335 -0.595508 0
    outer loop
      vertex 10.6629 38.7111 7.3
      vertex 10.546 38.8688 10.9
      vertex 10.546 38.8688 7.3
    endloop
  endfacet
  facet normal -0.80335 -0.595508 0
    outer loop
      vertex 10.546 38.8688 10.9
      vertex 10.6629 38.7111 7.3
      vertex 10.6629 38.7111 10.9
    endloop
  endfacet
  facet normal 0.857673 0.514196 0
    outer loop
      vertex 7.33706 36.4889 10.9
      vertex 7.23616 36.6572 7.3
      vertex 7.23616 36.6572 10.9
    endloop
  endfacet
  facet normal 0.857673 0.514196 0
    outer loop
      vertex 7.23616 36.6572 7.3
      vertex 7.33706 36.4889 10.9
      vertex 7.33706 36.4889 7.3
    endloop
  endfacet
  facet normal 0.941548 -0.336879 0
    outer loop
      vertex 7.08612 38.1806 10.9
      vertex 7.15224 38.3654 7.3
      vertex 7.15224 38.3654 10.9
    endloop
  endfacet
  facet normal 0.941548 -0.336879 0
    outer loop
      vertex 7.15224 38.3654 7.3
      vertex 7.08612 38.1806 10.9
      vertex 7.08612 38.1806 7.3
    endloop
  endfacet
  facet normal 0.671556 -0.740954 0
    outer loop
      vertex 7.58579 39.0142 7.3
      vertex 7.73121 39.146 10.9
      vertex 7.58579 39.0142 10.9
    endloop
  endfacet
  facet normal 0.671556 -0.740954 0
    outer loop
      vertex 7.73121 39.146 10.9
      vertex 7.58579 39.0142 7.3
      vertex 7.73121 39.146 7.3
    endloop
  endfacet
  facet normal 0.59563 -0.803259 0
    outer loop
      vertex 7.73121 39.146 7.3
      vertex 7.88886 39.2629 10.9
      vertex 7.73121 39.146 10.9
    endloop
  endfacet
  facet normal 0.59563 -0.803259 0
    outer loop
      vertex 7.88886 39.2629 10.9
      vertex 7.73121 39.146 7.3
      vertex 7.88886 39.2629 7.3
    endloop
  endfacet
  facet normal 0.989182 -0.146696 0
    outer loop
      vertex 7.00963 37.796 10.9
      vertex 7.03843 37.9902 7.3
      vertex 7.03843 37.9902 10.9
    endloop
  endfacet
  facet normal 0.989182 -0.146696 0
    outer loop
      vertex 7.03843 37.9902 7.3
      vertex 7.00963 37.796 10.9
      vertex 7.00963 37.796 7.3
    endloop
  endfacet
  facet normal 0.970035 0.242967 0
    outer loop
      vertex 7.08612 37.0194 10.9
      vertex 7.03843 37.2098 7.3
      vertex 7.03843 37.2098 10.9
    endloop
  endfacet
  facet normal 0.970035 0.242967 0
    outer loop
      vertex 7.03843 37.2098 7.3
      vertex 7.08612 37.0194 10.9
      vertex 7.08612 37.0194 7.3
    endloop
  endfacet
  facet normal 0.740882 0.671635 0
    outer loop
      vertex 7.58579 36.1858 10.9
      vertex 7.45398 36.3312 7.3
      vertex 7.45398 36.3312 10.9
    endloop
  endfacet
  facet normal 0.740882 0.671635 0
    outer loop
      vertex 7.45398 36.3312 7.3
      vertex 7.58579 36.1858 10.9
      vertex 7.58579 36.1858 7.3
    endloop
  endfacet
  facet normal -0.740908 0.671607 0
    outer loop
      vertex 10.4142 36.1858 7.3
      vertex 10.546 36.3312 10.9
      vertex 10.546 36.3312 7.3
    endloop
  endfacet
  facet normal -0.740908 0.671607 0
    outer loop
      vertex 10.546 36.3312 10.9
      vertex 10.4142 36.1858 7.3
      vertex 10.4142 36.1858 10.9
    endloop
  endfacet
  facet normal -0.740908 -0.671607 0
    outer loop
      vertex 10.546 38.8688 7.3
      vertex 10.4142 39.0142 10.9
      vertex 10.4142 39.0142 7.3
    endloop
  endfacet
  facet normal -0.740908 -0.671607 0
    outer loop
      vertex 10.4142 39.0142 10.9
      vertex 10.546 38.8688 7.3
      vertex 10.546 38.8688 10.9
    endloop
  endfacet
  facet normal -0.671607 0.740908 0
    outer loop
      vertex 10.4142 36.1858 7.3
      vertex 10.2688 36.054 10.9
      vertex 10.4142 36.1858 10.9
    endloop
  endfacet
  facet normal -0.671607 0.740908 0
    outer loop
      vertex 10.2688 36.054 10.9
      vertex 10.4142 36.1858 7.3
      vertex 10.2688 36.054 7.3
    endloop
  endfacet
  facet normal -0.857673 0.514196 0
    outer loop
      vertex 10.6629 36.4889 7.3
      vertex 10.7638 36.6572 10.9
      vertex 10.7638 36.6572 7.3
    endloop
  endfacet
  facet normal -0.857673 0.514196 0
    outer loop
      vertex 10.7638 36.6572 10.9
      vertex 10.6629 36.4889 7.3
      vertex 10.6629 36.4889 10.9
    endloop
  endfacet
  facet normal 0.903958 0.427622 0
    outer loop
      vertex 7.23616 36.6572 10.9
      vertex 7.15224 36.8346 7.3
      vertex 7.15224 36.8346 10.9
    endloop
  endfacet
  facet normal 0.903958 0.427622 0
    outer loop
      vertex 7.15224 36.8346 7.3
      vertex 7.23616 36.6572 10.9
      vertex 7.23616 36.6572 7.3
    endloop
  endfacet
  facet normal 0.146733 0.989176 -0
    outer loop
      vertex 8.80397 35.6096 7.3
      vertex 8.60982 35.6384 10.9
      vertex 8.80397 35.6096 10.9
    endloop
  endfacet
  facet normal 0.146733 0.989176 0
    outer loop
      vertex 8.60982 35.6384 10.9
      vertex 8.80397 35.6096 7.3
      vertex 8.60982 35.6384 7.3
    endloop
  endfacet
  facet normal 0.0489135 0.998803 -0
    outer loop
      vertex 9 35.6 7.3
      vertex 8.80397 35.6096 10.9
      vertex 9 35.6 10.9
    endloop
  endfacet
  facet normal 0.0489135 0.998803 0
    outer loop
      vertex 8.80397 35.6096 10.9
      vertex 9 35.6 7.3
      vertex 8.80397 35.6096 7.3
    endloop
  endfacet
  facet normal 0 0 1
    outer loop
      vertex 10.9904 37.796 7.3
      vertex 10.9904 37.404 7.3
      vertex 11 37.6 7.3
    endloop
  endfacet
  facet normal 0 0 1
    outer loop
      vertex 10.9616 37.9902 7.3
      vertex 10.9904 37.404 7.3
      vertex 10.9904 37.796 7.3
    endloop
  endfacet
  facet normal 0 0 1
    outer loop
      vertex 10.9616 37.9902 7.3
      vertex 10.9616 37.2098 7.3
      vertex 10.9904 37.404 7.3
    endloop
  endfacet
  facet normal 0 0 1
    outer loop
      vertex 10.9139 38.1806 7.3
      vertex 10.9616 37.2098 7.3
      vertex 10.9616 37.9902 7.3
    endloop
  endfacet
  facet normal 0 0 1
    outer loop
      vertex 10.9139 38.1806 7.3
      vertex 10.9139 37.0194 7.3
      vertex 10.9616 37.2098 7.3
    endloop
  endfacet
  facet normal 0 0 1
    outer loop
      vertex 10.8478 38.3654 7.3
      vertex 10.9139 37.0194 7.3
      vertex 10.9139 38.1806 7.3
    endloop
  endfacet
  facet normal 0 0 1
    outer loop
      vertex 10.8478 38.3654 7.3
      vertex 10.8478 36.8346 7.3
      vertex 10.9139 37.0194 7.3
    endloop
  endfacet
  facet normal 0 0 1
    outer loop
      vertex 10.7638 38.5428 7.3
      vertex 10.8478 36.8346 7.3
      vertex 10.8478 38.3654 7.3
    endloop
  endfacet
  facet normal 0 0 1
    outer loop
      vertex 10.7638 38.5428 7.3
      vertex 10.7638 36.6572 7.3
      vertex 10.8478 36.8346 7.3
    endloop
  endfacet
  facet normal 0 0 1
    outer loop
      vertex 10.6629 38.7111 7.3
      vertex 10.7638 36.6572 7.3
      vertex 10.7638 38.5428 7.3
    endloop
  endfacet
  facet normal 0 0 1
    outer loop
      vertex 10.6629 38.7111 7.3
      vertex 10.6629 36.4889 7.3
      vertex 10.7638 36.6572 7.3
    endloop
  endfacet
  facet normal 0 0 1
    outer loop
      vertex 10.546 38.8688 7.3
      vertex 10.6629 36.4889 7.3
      vertex 10.6629 38.7111 7.3
    endloop
  endfacet
  facet normal 0 0 1
    outer loop
      vertex 10.546 38.8688 7.3
      vertex 10.546 36.3312 7.3
      vertex 10.6629 36.4889 7.3
    endloop
  endfacet
  facet normal 0 0 1
    outer loop
      vertex 10.4142 39.0142 7.3
      vertex 10.546 36.3312 7.3
      vertex 10.546 38.8688 7.3
    endloop
  endfacet
  facet normal 0 0 1
    outer loop
      vertex 10.4142 39.0142 7.3
      vertex 10.4142 36.1858 7.3
      vertex 10.546 36.3312 7.3
    endloop
  endfacet
  facet normal 0 0 1
    outer loop
      vertex 10.2688 39.146 7.3
      vertex 10.4142 36.1858 7.3
      vertex 10.4142 39.0142 7.3
    endloop
  endfacet
  facet normal 0 0 1
    outer loop
      vertex 10.2688 39.146 7.3
      vertex 10.2688 36.054 7.3
      vertex 10.4142 36.1858 7.3
    endloop
  endfacet
  facet normal 0 0 1
    outer loop
      vertex 10.1111 39.2629 7.3
      vertex 10.2688 36.054 7.3
      vertex 10.2688 39.146 7.3
    endloop
  endfacet
  facet normal 0 0 1
    outer loop
      vertex 10.1111 39.2629 7.3
      vertex 10.1111 35.9371 7.3
      vertex 10.2688 36.054 7.3
    endloop
  endfacet
  facet normal 0 0 1
    outer loop
      vertex 9.94279 39.3638 7.3
      vertex 10.1111 35.9371 7.3
      vertex 10.1111 39.2629 7.3
    endloop
  endfacet
  facet normal 0 0 1
    outer loop
      vertex 9.94279 39.3638 7.3
      vertex 9.94279 35.8362 7.3
      vertex 10.1111 35.9371 7.3
    endloop
  endfacet
  facet normal 0 0 1
    outer loop
      vertex 9.76537 39.4478 7.3
      vertex 9.94279 35.8362 7.3
      vertex 9.94279 39.3638 7.3
    endloop
  endfacet
  facet normal 0 0 1
    outer loop
      vertex 9.76537 39.4478 7.3
      vertex 9.76537 35.7522 7.3
      vertex 9.94279 35.8362 7.3
    endloop
  endfacet
  facet normal 0 0 1
    outer loop
      vertex 9.58057 39.5139 7.3
      vertex 9.76537 35.7522 7.3
      vertex 9.76537 39.4478 7.3
    endloop
  endfacet
  facet normal 0 0 1
    outer loop
      vertex 9.58057 39.5139 7.3
      vertex 9.58057 35.6861 7.3
      vertex 9.76537 35.7522 7.3
    endloop
  endfacet
  facet normal 0 0 1
    outer loop
      vertex 9.39018 39.5616 7.3
      vertex 9.58057 35.6861 7.3
      vertex 9.58057 39.5139 7.3
    endloop
  endfacet
  facet normal 0 0 1
    outer loop
      vertex 9.39018 39.5616 7.3
      vertex 9.39018 35.6384 7.3
      vertex 9.58057 35.6861 7.3
    endloop
  endfacet
  facet normal 0 0 1
    outer loop
      vertex 9.19603 39.5904 7.3
      vertex 9.39018 35.6384 7.3
      vertex 9.39018 39.5616 7.3
    endloop
  endfacet
  facet normal 0 0 1
    outer loop
      vertex 9.19603 39.5904 7.3
      vertex 9.19603 35.6096 7.3
      vertex 9.39018 35.6384 7.3
    endloop
  endfacet
  facet normal 0 0 1
    outer loop
      vertex 9 39.6 7.3
      vertex 9.19603 35.6096 7.3
      vertex 9.19603 39.5904 7.3
    endloop
  endfacet
  facet normal 0 0 1
    outer loop
      vertex 9 39.6 7.3
      vertex 9 35.6 7.3
      vertex 9.19603 35.6096 7.3
    endloop
  endfacet
  facet normal -0 0 1
    outer loop
      vertex 8.80397 39.5904 7.3
      vertex 9 35.6 7.3
      vertex 9 39.6 7.3
    endloop
  endfacet
  facet normal 0 0 1
    outer loop
      vertex 8.80397 39.5904 7.3
      vertex 8.80397 35.6096 7.3
      vertex 9 35.6 7.3
    endloop
  endfacet
  facet normal -0 0 1
    outer loop
      vertex 8.60982 39.5616 7.3
      vertex 8.80397 35.6096 7.3
      vertex 8.80397 39.5904 7.3
    endloop
  endfacet
  facet normal 0 0 1
    outer loop
      vertex 8.60982 39.5616 7.3
      vertex 8.60982 35.6384 7.3
      vertex 8.80397 35.6096 7.3
    endloop
  endfacet
  facet normal -0 0 1
    outer loop
      vertex 8.41943 39.5139 7.3
      vertex 8.60982 35.6384 7.3
      vertex 8.60982 39.5616 7.3
    endloop
  endfacet
  facet normal 0 0 1
    outer loop
      vertex 8.41943 39.5139 7.3
      vertex 8.41943 35.6861 7.3
      vertex 8.60982 35.6384 7.3
    endloop
  endfacet
  facet normal -0 0 1
    outer loop
      vertex 8.23463 39.4478 7.3
      vertex 8.41943 35.6861 7.3
      vertex 8.41943 39.5139 7.3
    endloop
  endfacet
  facet normal 0 0 1
    outer loop
      vertex 8.23463 39.4478 7.3
      vertex 8.23463 35.7522 7.3
      vertex 8.41943 35.6861 7.3
    endloop
  endfacet
  facet normal -0 0 1
    outer loop
      vertex 8.05721 39.3638 7.3
      vertex 8.23463 35.7522 7.3
      vertex 8.23463 39.4478 7.3
    endloop
  endfacet
  facet normal 0 0 1
    outer loop
      vertex 8.05721 39.3638 7.3
      vertex 8.05721 35.8362 7.3
      vertex 8.23463 35.7522 7.3
    endloop
  endfacet
  facet normal -0 0 1
    outer loop
      vertex 7.88886 39.2629 7.3
      vertex 8.05721 35.8362 7.3
      vertex 8.05721 39.3638 7.3
    endloop
  endfacet
  facet normal 0 0 1
    outer loop
      vertex 7.88886 39.2629 7.3
      vertex 7.88886 35.9371 7.3
      vertex 8.05721 35.8362 7.3
    endloop
  endfacet
  facet normal -0 0 1
    outer loop
      vertex 7.73121 39.146 7.3
      vertex 7.88886 35.9371 7.3
      vertex 7.88886 39.2629 7.3
    endloop
  endfacet
  facet normal 0 0 1
    outer loop
      vertex 7.73121 39.146 7.3
      vertex 7.73121 36.054 7.3
      vertex 7.88886 35.9371 7.3
    endloop
  endfacet
  facet normal -0 0 1
    outer loop
      vertex 7.58579 39.0142 7.3
      vertex 7.73121 36.054 7.3
      vertex 7.73121 39.146 7.3
    endloop
  endfacet
  facet normal 0 0 1
    outer loop
      vertex 7.58579 39.0142 7.3
      vertex 7.58579 36.1858 7.3
      vertex 7.73121 36.054 7.3
    endloop
  endfacet
  facet normal -0 0 1
    outer loop
      vertex 7.45398 38.8688 7.3
      vertex 7.58579 36.1858 7.3
      vertex 7.58579 39.0142 7.3
    endloop
  endfacet
  facet normal 0 0 1
    outer loop
      vertex 7.45398 38.8688 7.3
      vertex 7.45398 36.3312 7.3
      vertex 7.58579 36.1858 7.3
    endloop
  endfacet
  facet normal -0 0 1
    outer loop
      vertex 7.33706 38.7111 7.3
      vertex 7.45398 36.3312 7.3
      vertex 7.45398 38.8688 7.3
    endloop
  endfacet
  facet normal 0 0 1
    outer loop
      vertex 7.33706 38.7111 7.3
      vertex 7.33706 36.4889 7.3
      vertex 7.45398 36.3312 7.3
    endloop
  endfacet
  facet normal -0 0 1
    outer loop
      vertex 7.23616 38.5428 7.3
      vertex 7.33706 36.4889 7.3
      vertex 7.33706 38.7111 7.3
    endloop
  endfacet
  facet normal 0 0 1
    outer loop
      vertex 7.23616 38.5428 7.3
      vertex 7.23616 36.6572 7.3
      vertex 7.33706 36.4889 7.3
    endloop
  endfacet
  facet normal -0 0 1
    outer loop
      vertex 7.15224 38.3654 7.3
      vertex 7.23616 36.6572 7.3
      vertex 7.23616 38.5428 7.3
    endloop
  endfacet
  facet normal 0 0 1
    outer loop
      vertex 7.15224 38.3654 7.3
      vertex 7.15224 36.8346 7.3
      vertex 7.23616 36.6572 7.3
    endloop
  endfacet
  facet normal -0 0 1
    outer loop
      vertex 7.08612 38.1806 7.3
      vertex 7.15224 36.8346 7.3
      vertex 7.15224 38.3654 7.3
    endloop
  endfacet
  facet normal 0 0 1
    outer loop
      vertex 7.08612 38.1806 7.3
      vertex 7.08612 37.0194 7.3
      vertex 7.15224 36.8346 7.3
    endloop
  endfacet
  facet normal -0 0 1
    outer loop
      vertex 7.03843 37.9902 7.3
      vertex 7.08612 37.0194 7.3
      vertex 7.08612 38.1806 7.3
    endloop
  endfacet
  facet normal 0 0 1
    outer loop
      vertex 7.03843 37.9902 7.3
      vertex 7.03843 37.2098 7.3
      vertex 7.08612 37.0194 7.3
    endloop
  endfacet
  facet normal -0 0 1
    outer loop
      vertex 7.00963 37.796 7.3
      vertex 7.03843 37.2098 7.3
      vertex 7.03843 37.9902 7.3
    endloop
  endfacet
  facet normal 0 0 1
    outer loop
      vertex 7.00963 37.796 7.3
      vertex 7.00963 37.404 7.3
      vertex 7.03843 37.2098 7.3
    endloop
  endfacet
  facet normal 0 -0 1
    outer loop
      vertex 7.00963 37.404 7.3
      vertex 7.00963 37.796 7.3
      vertex 7 37.6 7.3
    endloop
  endfacet
  facet normal -0.94158 0.336788 0
    outer loop
      vertex 10.8478 36.8346 7.3
      vertex 10.9139 37.0194 10.9
      vertex 10.9139 37.0194 7.3
    endloop
  endfacet
  facet normal -0.94158 0.336788 0
    outer loop
      vertex 10.9139 37.0194 10.9
      vertex 10.8478 36.8346 7.3
      vertex 10.8478 36.8346 10.9
    endloop
  endfacet
  facet normal 0.336788 0.94158 -0
    outer loop
      vertex 8.41943 35.6861 7.3
      vertex 8.23463 35.7522 10.9
      vertex 8.41943 35.6861 10.9
    endloop
  endfacet
  facet normal 0.336788 0.94158 0
    outer loop
      vertex 8.23463 35.7522 10.9
      vertex 8.41943 35.6861 7.3
      vertex 8.23463 35.7522 7.3
    endloop
  endfacet
  facet normal 0.243027 0.970019 -0
    outer loop
      vertex 8.60982 35.6384 7.3
      vertex 8.41943 35.6861 10.9
      vertex 8.60982 35.6384 10.9
    endloop
  endfacet
  facet normal 0.243027 0.970019 0
    outer loop
      vertex 8.41943 35.6861 10.9
      vertex 8.60982 35.6384 7.3
      vertex 8.41943 35.6861 7.3
    endloop
  endfacet
  facet normal 0.514084 0.85774 -0
    outer loop
      vertex 8.05721 35.8362 7.3
      vertex 7.88886 35.9371 10.9
      vertex 8.05721 35.8362 10.9
    endloop
  endfacet
  facet normal 0.514084 0.85774 0
    outer loop
      vertex 7.88886 35.9371 10.9
      vertex 8.05721 35.8362 7.3
      vertex 7.88886 35.9371 7.3
    endloop
  endfacet
  facet normal 0.671556 0.740954 -0
    outer loop
      vertex 7.73121 36.054 7.3
      vertex 7.58579 36.1858 10.9
      vertex 7.73121 36.054 10.9
    endloop
  endfacet
  facet normal 0.671556 0.740954 0
    outer loop
      vertex 7.58579 36.1858 10.9
      vertex 7.73121 36.054 7.3
      vertex 7.58579 36.1858 7.3
    endloop
  endfacet
  facet normal 0.59563 0.803259 -0
    outer loop
      vertex 7.88886 35.9371 7.3
      vertex 7.73121 36.054 10.9
      vertex 7.88886 35.9371 10.9
    endloop
  endfacet
  facet normal 0.59563 0.803259 0
    outer loop
      vertex 7.73121 36.054 10.9
      vertex 7.88886 35.9371 7.3
      vertex 7.73121 36.054 7.3
    endloop
  endfacet
  facet normal -0.9038 0.427955 0
    outer loop
      vertex 10.7638 36.6572 7.3
      vertex 10.8478 36.8346 10.9
      vertex 10.8478 36.8346 7.3
    endloop
  endfacet
  facet normal -0.9038 0.427955 0
    outer loop
      vertex 10.8478 36.8346 10.9
      vertex 10.7638 36.6572 7.3
      vertex 10.7638 36.6572 10.9
    endloop
  endfacet
  facet normal 0.903958 -0.427622 0
    outer loop
      vertex 7.15224 38.3654 10.9
      vertex 7.23616 38.5428 7.3
      vertex 7.23616 38.5428 10.9
    endloop
  endfacet
  facet normal 0.903958 -0.427622 0
    outer loop
      vertex 7.23616 38.5428 7.3
      vertex 7.15224 38.3654 10.9
      vertex 7.15224 38.3654 7.3
    endloop
  endfacet
  facet normal -0.595508 0.80335 0
    outer loop
      vertex 10.2688 36.054 7.3
      vertex 10.1111 35.9371 10.9
      vertex 10.2688 36.054 10.9
    endloop
  endfacet
  facet normal -0.595508 0.80335 0
    outer loop
      vertex 10.1111 35.9371 10.9
      vertex 10.2688 36.054 7.3
      vertex 10.1111 35.9371 7.3
    endloop
  endfacet
  facet normal -0 0 1
    outer loop
      vertex 0 3 6
      vertex 1.2 2.99999 6
      vertex 1.2 15.6 6
    endloop
  endfacet
  facet normal 0 -0 1
    outer loop
      vertex 0.0144348 2.70595 6
      vertex 1.2 2.99999 6
      vertex 0 3 6
    endloop
  endfacet
  facet normal 0 0 1
    outer loop
      vertex 1.2 2.99999 6
      vertex 0.878677 0.878677 6
      vertex 1.09682 0.680954 6
    endloop
  endfacet
  facet normal 0 0 1
    outer loop
      vertex 1.2 2.99999 6
      vertex 0.680954 1.09682 6
      vertex 0.878677 0.878677 6
    endloop
  endfacet
  facet normal 0 0 1
    outer loop
      vertex 1.2 2.99999 6
      vertex 0.505585 1.33328 6
      vertex 0.680954 1.09682 6
    endloop
  endfacet
  facet normal 0 0 1
    outer loop
      vertex 1.2 2.99999 6
      vertex 0.354233 1.5858 6
      vertex 0.505585 1.33328 6
    endloop
  endfacet
  facet normal 0 0 1
    outer loop
      vertex 1.2 2.99999 6
      vertex 0.228348 1.85194 6
      vertex 0.354233 1.5858 6
    endloop
  endfacet
  facet normal 0 0 1
    outer loop
      vertex 1.2 2.99999 6
      vertex 0.129166 2.12914 6
      vertex 0.228348 1.85194 6
    endloop
  endfacet
  facet normal 0 0 1
    outer loop
      vertex 1.2 2.99999 6
      vertex 0.0576324 2.41472 6
      vertex 0.129166 2.12914 6
    endloop
  endfacet
  facet normal 0 0 1
    outer loop
      vertex 0 3 6
      vertex 1.2 15.6 6
      vertex 0 15.6 6
    endloop
  endfacet
  facet normal 0 0 1
    outer loop
      vertex 1.2 2.99999 6
      vertex 0.0144348 2.70595 6
      vertex 0.0576324 2.41472 6
    endloop
  endfacet
  facet normal 0 0 1
    outer loop
      vertex 84.8 43.6 6
      vertex 86 43.6 6
      vertex 85.9855 43.894 6
    endloop
  endfacet
  facet normal 0 0 1
    outer loop
      vertex 86 43.6 6
      vertex 84.8 43.6 6
      vertex 86 3 6
    endloop
  endfacet
  facet normal 0 0 1
    outer loop
      vertex 84.7913 43.7764 6
      vertex 85.9855 43.894 6
      vertex 85.9424 44.1853 6
    endloop
  endfacet
  facet normal 0 0 1
    outer loop
      vertex 84.8 2.99999 6
      vertex 86 3 6
      vertex 84.8 43.6 6
    endloop
  endfacet
  facet normal 0 0 1
    outer loop
      vertex 84.7654 43.9512 6
      vertex 85.9424 44.1853 6
      vertex 85.8708 44.4708 6
    endloop
  endfacet
  facet normal 0 0 1
    outer loop
      vertex 86 3 6
      vertex 84.8 2.99999 6
      vertex 85.9855 2.70595 6
    endloop
  endfacet
  facet normal 0 0 1
    outer loop
      vertex 84.7225 44.1225 6
      vertex 85.8708 44.4708 6
      vertex 85.7716 44.748 6
    endloop
  endfacet
  facet normal -0 0 1
    outer loop
      vertex 84.7913 2.82357 6
      vertex 85.9855 2.70595 6
      vertex 84.8 2.99999 6
    endloop
  endfacet
  facet normal 0 0 1
    outer loop
      vertex 84.663 44.2888 6
      vertex 85.7716 44.748 6
      vertex 85.6458 45.0142 6
    endloop
  endfacet
  facet normal 0 0 1
    outer loop
      vertex 85.9855 2.70595 6
      vertex 84.7913 2.82357 6
      vertex 85.9424 2.41472 6
    endloop
  endfacet
  facet normal 0 0 1
    outer loop
      vertex 84.5874 44.4485 6
      vertex 85.6458 45.0142 6
      vertex 85.4944 45.2667 6
    endloop
  endfacet
  facet normal -0 0 1
    outer loop
      vertex 84.7654 2.64884 6
      vertex 85.9424 2.41472 6
      vertex 84.7913 2.82357 6
    endloop
  endfacet
  facet normal 0 0 1
    outer loop
      vertex 84.4966 44.6 6
      vertex 85.4944 45.2667 6
      vertex 85.319 45.5032 6
    endloop
  endfacet
  facet normal 0 0 1
    outer loop
      vertex 85.9424 2.41472 6
      vertex 84.7654 2.64884 6
      vertex 85.8708 2.12914 6
    endloop
  endfacet
  facet normal 0 0 1
    outer loop
      vertex 84.3914 44.7419 6
      vertex 85.319 45.5032 6
      vertex 85.1213 45.7213 6
    endloop
  endfacet
  facet normal -0 0 1
    outer loop
      vertex 84.7225 2.47748 6
      vertex 85.8708 2.12914 6
      vertex 84.7654 2.64884 6
    endloop
  endfacet
  facet normal 0 0 1
    outer loop
      vertex 84.2728 44.8728 6
      vertex 85.1213 45.7213 6
      vertex 84.9032 45.919 6
    endloop
  endfacet
  facet normal 0 0 1
    outer loop
      vertex 85.8708 2.12914 6
      vertex 84.7225 2.47748 6
      vertex 85.7716 1.85194 6
    endloop
  endfacet
  facet normal -0 0 1
    outer loop
      vertex 84.663 2.31116 6
      vertex 85.7716 1.85194 6
      vertex 84.7225 2.47748 6
    endloop
  endfacet
  facet normal 0 0 1
    outer loop
      vertex 85.9855 43.894 6
      vertex 84.7913 43.7764 6
      vertex 84.8 43.6 6
    endloop
  endfacet
  facet normal 0 0 1
    outer loop
      vertex 85.9424 44.1853 6
      vertex 84.7654 43.9512 6
      vertex 84.7913 43.7764 6
    endloop
  endfacet
  facet normal 0 0 1
    outer loop
      vertex 85.8708 44.4708 6
      vertex 84.7225 44.1225 6
      vertex 84.7654 43.9512 6
    endloop
  endfacet
  facet normal 0 0 1
    outer loop
      vertex 84.1419 44.9914 6
      vertex 84.9032 45.919 6
      vertex 84.6667 46.0944 6
    endloop
  endfacet
  facet normal 0 0 1
    outer loop
      vertex 85.7716 44.748 6
      vertex 84.663 44.2888 6
      vertex 84.7225 44.1225 6
    endloop
  endfacet
  facet normal 0 0 1
    outer loop
      vertex 85.6458 45.0142 6
      vertex 84.5874 44.4485 6
      vertex 84.663 44.2888 6
    endloop
  endfacet
  facet normal 0 0 1
    outer loop
      vertex 85.4944 45.2667 6
      vertex 84.4966 44.6 6
      vertex 84.5874 44.4485 6
    endloop
  endfacet
  facet normal 0 0 1
    outer loop
      vertex 84 45.0966 6
      vertex 84.6667 46.0944 6
      vertex 84.4142 46.2458 6
    endloop
  endfacet
  facet normal 0 0 1
    outer loop
      vertex 85.319 45.5032 6
      vertex 84.3914 44.7419 6
      vertex 84.4966 44.6 6
    endloop
  endfacet
  facet normal 0 0 1
    outer loop
      vertex 85.1213 45.7213 6
      vertex 84.2728 44.8728 6
      vertex 84.3914 44.7419 6
    endloop
  endfacet
  facet normal 0 0 1
    outer loop
      vertex 83.8485 45.1875 6
      vertex 84.4142 46.2458 6
      vertex 84.148 46.3716 6
    endloop
  endfacet
  facet normal 0 0 1
    outer loop
      vertex 84.9032 45.919 6
      vertex 84.1419 44.9914 6
      vertex 84.2728 44.8728 6
    endloop
  endfacet
  facet normal 0 0 1
    outer loop
      vertex 84.6667 46.0944 6
      vertex 84 45.0966 6
      vertex 84.1419 44.9914 6
    endloop
  endfacet
  facet normal 0 0 1
    outer loop
      vertex 83.6888 45.263 6
      vertex 84.148 46.3716 6
      vertex 83.8708 46.4708 6
    endloop
  endfacet
  facet normal 0 0 1
    outer loop
      vertex 84.4142 46.2458 6
      vertex 83.8485 45.1875 6
      vertex 84 45.0966 6
    endloop
  endfacet
  facet normal 0 0 1
    outer loop
      vertex 84.148 46.3716 6
      vertex 83.6888 45.263 6
      vertex 83.8485 45.1875 6
    endloop
  endfacet
  facet normal 0 0 1
    outer loop
      vertex 83.5225 45.3225 6
      vertex 83.8708 46.4708 6
      vertex 83.5853 46.5423 6
    endloop
  endfacet
  facet normal 0 0 1
    outer loop
      vertex 83.8708 46.4708 6
      vertex 83.5225 45.3225 6
      vertex 83.6888 45.263 6
    endloop
  endfacet
  facet normal 0 0 1
    outer loop
      vertex 83.5853 46.5423 6
      vertex 83.3512 45.3654 6
      vertex 83.5225 45.3225 6
    endloop
  endfacet
  facet normal 0 0 1
    outer loop
      vertex 83.294 46.5855 6
      vertex 83.3512 45.3654 6
      vertex 83.5853 46.5423 6
    endloop
  endfacet
  facet normal 0 0 1
    outer loop
      vertex 83.294 46.5855 6
      vertex 83.1764 45.3913 6
      vertex 83.3512 45.3654 6
    endloop
  endfacet
  facet normal 0 0 1
    outer loop
      vertex 83 46.6 6
      vertex 83.1764 45.3913 6
      vertex 83.294 46.5855 6
    endloop
  endfacet
  facet normal 0 0 1
    outer loop
      vertex 83 46.6 6
      vertex 83 45.4 6
      vertex 83.1764 45.3913 6
    endloop
  endfacet
  facet normal -0 0 1
    outer loop
      vertex 3 46.6 6
      vertex 83 45.4 6
      vertex 83 46.6 6
    endloop
  endfacet
  facet normal 0 0 1
    outer loop
      vertex 3 46.6 6
      vertex 2.99999 45.4 6
      vertex 83 45.4 6
    endloop
  endfacet
  facet normal 0 0 1
    outer loop
      vertex 3 46.6 6
      vertex 2.82357 45.3913 6
      vertex 2.99999 45.4 6
    endloop
  endfacet
  facet normal -0 0 1
    outer loop
      vertex 2.70595 46.5855 6
      vertex 2.82357 45.3913 6
      vertex 3 46.6 6
    endloop
  endfacet
  facet normal 0 0 1
    outer loop
      vertex 2.70595 46.5855 6
      vertex 2.64884 45.3654 6
      vertex 2.82357 45.3913 6
    endloop
  endfacet
  facet normal -0 0 1
    outer loop
      vertex 2.41472 46.5423 6
      vertex 2.64884 45.3654 6
      vertex 2.70595 46.5855 6
    endloop
  endfacet
  facet normal 0 0 1
    outer loop
      vertex 2.64884 45.3654 6
      vertex 2.41472 46.5423 6
      vertex 2.47748 45.3225 6
    endloop
  endfacet
  facet normal -0 0 1
    outer loop
      vertex 2.12914 46.4708 6
      vertex 2.47748 45.3225 6
      vertex 2.41472 46.5423 6
    endloop
  endfacet
  facet normal 0 0 1
    outer loop
      vertex 2.47748 45.3225 6
      vertex 2.12914 46.4708 6
      vertex 2.31116 45.263 6
    endloop
  endfacet
  facet normal -0 0 1
    outer loop
      vertex 1.85194 46.3716 6
      vertex 2.31116 45.263 6
      vertex 2.12914 46.4708 6
    endloop
  endfacet
  facet normal 0 0 1
    outer loop
      vertex 2.31116 45.263 6
      vertex 1.85194 46.3716 6
      vertex 2.15148 45.1875 6
    endloop
  endfacet
  facet normal -0 0 1
    outer loop
      vertex 1.5858 46.2458 6
      vertex 2.15148 45.1875 6
      vertex 1.85194 46.3716 6
    endloop
  endfacet
  facet normal 0 0 1
    outer loop
      vertex 2.15148 45.1875 6
      vertex 1.5858 46.2458 6
      vertex 1.99997 45.0966 6
    endloop
  endfacet
  facet normal -0 0 1
    outer loop
      vertex 1.33328 46.0944 6
      vertex 1.99997 45.0966 6
      vertex 1.5858 46.2458 6
    endloop
  endfacet
  facet normal 0 0 1
    outer loop
      vertex 1.99997 45.0966 6
      vertex 1.33328 46.0944 6
      vertex 1.85808 44.9914 6
    endloop
  endfacet
  facet normal -0 0 1
    outer loop
      vertex 1.09682 45.919 6
      vertex 1.85808 44.9914 6
      vertex 1.33328 46.0944 6
    endloop
  endfacet
  facet normal 0 0 1
    outer loop
      vertex 1.85808 44.9914 6
      vertex 1.09682 45.919 6
      vertex 1.72721 44.8728 6
    endloop
  endfacet
  facet normal -0 0 1
    outer loop
      vertex 0.878677 45.7213 6
      vertex 1.72721 44.8728 6
      vertex 1.09682 45.919 6
    endloop
  endfacet
  facet normal 0 0 1
    outer loop
      vertex 1.72721 44.8728 6
      vertex 0.878677 45.7213 6
      vertex 1.60857 44.7419 6
    endloop
  endfacet
  facet normal -0 0 1
    outer loop
      vertex 0.680954 45.5032 6
      vertex 1.60857 44.7419 6
      vertex 0.878677 45.7213 6
    endloop
  endfacet
  facet normal 0 0 1
    outer loop
      vertex 1.60857 44.7419 6
      vertex 0.680954 45.5032 6
      vertex 1.50334 44.6 6
    endloop
  endfacet
  facet normal -0 0 1
    outer loop
      vertex 0.505585 45.2667 6
      vertex 1.50334 44.6 6
      vertex 0.680954 45.5032 6
    endloop
  endfacet
  facet normal 0 0 1
    outer loop
      vertex 1.50334 44.6 6
      vertex 0.505585 45.2667 6
      vertex 1.41254 44.4485 6
    endloop
  endfacet
  facet normal -0 0 1
    outer loop
      vertex 0.354233 45.0142 6
      vertex 1.41254 44.4485 6
      vertex 0.505585 45.2667 6
    endloop
  endfacet
  facet normal 0 0 1
    outer loop
      vertex 1.41254 44.4485 6
      vertex 0.354233 45.0142 6
      vertex 1.33701 44.2888 6
    endloop
  endfacet
  facet normal -0 0 1
    outer loop
      vertex 0.228348 44.748 6
      vertex 1.33701 44.2888 6
      vertex 0.354233 45.0142 6
    endloop
  endfacet
  facet normal 0 0 1
    outer loop
      vertex 1.33701 44.2888 6
      vertex 0.228348 44.748 6
      vertex 1.2775 44.1225 6
    endloop
  endfacet
  facet normal -0 0 1
    outer loop
      vertex 0.129166 44.4708 6
      vertex 1.2775 44.1225 6
      vertex 0.228348 44.748 6
    endloop
  endfacet
  facet normal 0 0 1
    outer loop
      vertex 1.2775 44.1225 6
      vertex 0.129166 44.4708 6
      vertex 1.23458 43.9512 6
    endloop
  endfacet
  facet normal -0 0 1
    outer loop
      vertex 0.0576324 44.1853 6
      vertex 1.23458 43.9512 6
      vertex 0.129166 44.4708 6
    endloop
  endfacet
  facet normal 0 0 1
    outer loop
      vertex 1.23458 43.9512 6
      vertex 0.0576324 44.1853 6
      vertex 1.20867 43.7764 6
    endloop
  endfacet
  facet normal -0 0 1
    outer loop
      vertex 0.0144348 43.894 6
      vertex 1.20867 43.7764 6
      vertex 0.0576324 44.1853 6
    endloop
  endfacet
  facet normal 0 0 1
    outer loop
      vertex 1.20867 43.7764 6
      vertex 0.0144348 43.894 6
      vertex 1.2 43.6 6
    endloop
  endfacet
  facet normal 0 0 1
    outer loop
      vertex 1.2 43.6 6
      vertex 0.0144348 43.894 6
      vertex 0 43.6 6
    endloop
  endfacet
  facet normal 0 0 1
    outer loop
      vertex 1.2 43.6 6
      vertex 0 43.6 6
      vertex 1.2 31.6 6
    endloop
  endfacet
  facet normal 0 0 1
    outer loop
      vertex 1.2 31.6 6
      vertex 0 43.6 6
      vertex 0 31.6 6
    endloop
  endfacet
  facet normal 0 0 1
    outer loop
      vertex 85.7716 1.85194 6
      vertex 84.663 2.31116 6
      vertex 85.6458 1.5858 6
    endloop
  endfacet
  facet normal -0 0 1
    outer loop
      vertex 84.5874 2.15148 6
      vertex 85.6458 1.5858 6
      vertex 84.663 2.31116 6
    endloop
  endfacet
  facet normal 0 0 1
    outer loop
      vertex 85.6458 1.5858 6
      vertex 84.5874 2.15148 6
      vertex 85.4944 1.33328 6
    endloop
  endfacet
  facet normal -0 0 1
    outer loop
      vertex 84.4966 1.99997 6
      vertex 85.4944 1.33328 6
      vertex 84.5874 2.15148 6
    endloop
  endfacet
  facet normal 0 0 1
    outer loop
      vertex 85.4944 1.33328 6
      vertex 84.4966 1.99997 6
      vertex 85.319 1.09682 6
    endloop
  endfacet
  facet normal -0 0 1
    outer loop
      vertex 84.3914 1.85808 6
      vertex 85.319 1.09682 6
      vertex 84.4966 1.99997 6
    endloop
  endfacet
  facet normal 0 0 1
    outer loop
      vertex 85.319 1.09682 6
      vertex 84.3914 1.85808 6
      vertex 85.1213 0.878677 6
    endloop
  endfacet
  facet normal -0 0 1
    outer loop
      vertex 84.2728 1.72721 6
      vertex 85.1213 0.878677 6
      vertex 84.3914 1.85808 6
    endloop
  endfacet
  facet normal 0 0 1
    outer loop
      vertex 85.1213 0.878677 6
      vertex 84.2728 1.72721 6
      vertex 84.9032 0.680954 6
    endloop
  endfacet
  facet normal -0 0 1
    outer loop
      vertex 84.1419 1.60857 6
      vertex 84.9032 0.680954 6
      vertex 84.2728 1.72721 6
    endloop
  endfacet
  facet normal 0 0 1
    outer loop
      vertex 84.9032 0.680954 6
      vertex 84.1419 1.60857 6
      vertex 84.6667 0.505585 6
    endloop
  endfacet
  facet normal -0 0 1
    outer loop
      vertex 84 1.50334 6
      vertex 84.6667 0.505585 6
      vertex 84.1419 1.60857 6
    endloop
  endfacet
  facet normal 0 0 1
    outer loop
      vertex 84.6667 0.505585 6
      vertex 84 1.50334 6
      vertex 84.4142 0.354233 6
    endloop
  endfacet
  facet normal -0 0 1
    outer loop
      vertex 83.8485 1.41254 6
      vertex 84.4142 0.354233 6
      vertex 84 1.50334 6
    endloop
  endfacet
  facet normal 0 0 1
    outer loop
      vertex 84.4142 0.354233 6
      vertex 83.8485 1.41254 6
      vertex 84.148 0.228348 6
    endloop
  endfacet
  facet normal -0 0 1
    outer loop
      vertex 83.6888 1.33701 6
      vertex 84.148 0.228348 6
      vertex 83.8485 1.41254 6
    endloop
  endfacet
  facet normal 0 0 1
    outer loop
      vertex 84.148 0.228348 6
      vertex 83.6888 1.33701 6
      vertex 83.8708 0.129166 6
    endloop
  endfacet
  facet normal -0 0 1
    outer loop
      vertex 83.5225 1.2775 6
      vertex 83.8708 0.129166 6
      vertex 83.6888 1.33701 6
    endloop
  endfacet
  facet normal 0 0 1
    outer loop
      vertex 83.8708 0.129166 6
      vertex 83.5225 1.2775 6
      vertex 83.5853 0.0576324 6
    endloop
  endfacet
  facet normal -0 0 1
    outer loop
      vertex 83.3512 1.23458 6
      vertex 83.5853 0.0576324 6
      vertex 83.5225 1.2775 6
    endloop
  endfacet
  facet normal 0 0 1
    outer loop
      vertex 83.3512 1.23458 6
      vertex 83.294 0.0144348 6
      vertex 83.5853 0.0576324 6
    endloop
  endfacet
  facet normal -0 0 1
    outer loop
      vertex 83.1764 1.20867 6
      vertex 83.294 0.0144348 6
      vertex 83.3512 1.23458 6
    endloop
  endfacet
  facet normal 0 0 1
    outer loop
      vertex 83.1764 1.20867 6
      vertex 83 0 6
      vertex 83.294 0.0144348 6
    endloop
  endfacet
  facet normal -0 0 1
    outer loop
      vertex 83 1.2 6
      vertex 83 0 6
      vertex 83.1764 1.20867 6
    endloop
  endfacet
  facet normal 0 0 1
    outer loop
      vertex 83 1.2 6
      vertex 3 0 6
      vertex 83 0 6
    endloop
  endfacet
  facet normal -0 0 1
    outer loop
      vertex 2.99999 1.2 6
      vertex 3 0 6
      vertex 83 1.2 6
    endloop
  endfacet
  facet normal 0 0 1
    outer loop
      vertex 2.82357 1.20867 6
      vertex 3 0 6
      vertex 2.99999 1.2 6
    endloop
  endfacet
  facet normal 0 0 1
    outer loop
      vertex 2.82357 1.20867 6
      vertex 2.70595 0.0144348 6
      vertex 3 0 6
    endloop
  endfacet
  facet normal 0 0 1
    outer loop
      vertex 2.64884 1.23458 6
      vertex 2.70595 0.0144348 6
      vertex 2.82357 1.20867 6
    endloop
  endfacet
  facet normal 0 0 1
    outer loop
      vertex 2.41472 0.0576324 6
      vertex 2.64884 1.23458 6
      vertex 2.47748 1.2775 6
    endloop
  endfacet
  facet normal 0 0 1
    outer loop
      vertex 2.64884 1.23458 6
      vertex 2.41472 0.0576324 6
      vertex 2.70595 0.0144348 6
    endloop
  endfacet
  facet normal 0 0 1
    outer loop
      vertex 2.12914 0.129166 6
      vertex 2.47748 1.2775 6
      vertex 2.31116 1.33701 6
    endloop
  endfacet
  facet normal 0 0 1
    outer loop
      vertex 1.85194 0.228348 6
      vertex 2.31116 1.33701 6
      vertex 2.15148 1.41254 6
    endloop
  endfacet
  facet normal 0 0 1
    outer loop
      vertex 2.47748 1.2775 6
      vertex 2.12914 0.129166 6
      vertex 2.41472 0.0576324 6
    endloop
  endfacet
  facet normal 0 0 1
    outer loop
      vertex 1.5858 0.354233 6
      vertex 2.15148 1.41254 6
      vertex 1.99997 1.50334 6
    endloop
  endfacet
  facet normal 0 0 1
    outer loop
      vertex 1.33328 0.505585 6
      vertex 1.99997 1.50334 6
      vertex 1.85808 1.60857 6
    endloop
  endfacet
  facet normal 0 0 1
    outer loop
      vertex 2.31116 1.33701 6
      vertex 1.85194 0.228348 6
      vertex 2.12914 0.129166 6
    endloop
  endfacet
  facet normal 0 0 1
    outer loop
      vertex 1.09682 0.680954 6
      vertex 1.85808 1.60857 6
      vertex 1.72721 1.72721 6
    endloop
  endfacet
  facet normal 0 0 1
    outer loop
      vertex 1.09682 0.680954 6
      vertex 1.72721 1.72721 6
      vertex 1.60857 1.85808 6
    endloop
  endfacet
  facet normal 0 0 1
    outer loop
      vertex 2.15148 1.41254 6
      vertex 1.5858 0.354233 6
      vertex 1.85194 0.228348 6
    endloop
  endfacet
  facet normal 0 0 1
    outer loop
      vertex 1.09682 0.680954 6
      vertex 1.60857 1.85808 6
      vertex 1.50334 1.99997 6
    endloop
  endfacet
  facet normal 0 0 1
    outer loop
      vertex 1.09682 0.680954 6
      vertex 1.50334 1.99997 6
      vertex 1.41254 2.15148 6
    endloop
  endfacet
  facet normal 0 0 1
    outer loop
      vertex 1.09682 0.680954 6
      vertex 1.41254 2.15148 6
      vertex 1.33701 2.31116 6
    endloop
  endfacet
  facet normal 0 0 1
    outer loop
      vertex 1.99997 1.50334 6
      vertex 1.33328 0.505585 6
      vertex 1.5858 0.354233 6
    endloop
  endfacet
  facet normal 0 0 1
    outer loop
      vertex 1.09682 0.680954 6
      vertex 1.33701 2.31116 6
      vertex 1.2775 2.47748 6
    endloop
  endfacet
  facet normal 0 0 1
    outer loop
      vertex 1.09682 0.680954 6
      vertex 1.2775 2.47748 6
      vertex 1.23458 2.64884 6
    endloop
  endfacet
  facet normal 0 0 1
    outer loop
      vertex 1.09682 0.680954 6
      vertex 1.23458 2.64884 6
      vertex 1.20867 2.82357 6
    endloop
  endfacet
  facet normal 0 0 1
    outer loop
      vertex 1.85808 1.60857 6
      vertex 1.09682 0.680954 6
      vertex 1.33328 0.505585 6
    endloop
  endfacet
  facet normal 0 0 1
    outer loop
      vertex 1.09682 0.680954 6
      vertex 1.20867 2.82357 6
      vertex 1.2 2.99999 6
    endloop
  endfacet
  facet normal 0.989184 0.146682 0
    outer loop
      vertex 1.23458 2.64884 6
      vertex 1.20867 2.82357 2
      vertex 1.20867 2.82357 6
    endloop
  endfacet
  facet normal 0.989184 0.146682 0
    outer loop
      vertex 1.20867 2.82357 2
      vertex 1.23458 2.64884 6
      vertex 1.23458 2.64884 2
    endloop
  endfacet
  facet normal 0.59558 -0.803296 0
    outer loop
      vertex 1.85808 44.9914 2
      vertex 1.99997 45.0966 6
      vertex 1.85808 44.9914 6
    endloop
  endfacet
  facet normal 0.59558 -0.803296 0
    outer loop
      vertex 1.99997 45.0966 6
      vertex 1.85808 44.9914 2
      vertex 1.99997 45.0966 2
    endloop
  endfacet
  facet normal 0.998795 0.0490849 0
    outer loop
      vertex 1.20867 2.82357 6
      vertex 1.2 2.99999 2
      vertex 1.2 2.99999 6
    endloop
  endfacet
  facet normal 0.998795 0.0490849 0
    outer loop
      vertex 1.2 2.99999 2
      vertex 1.20867 2.82357 6
      vertex 1.20867 2.82357 2
    endloop
  endfacet
  facet normal 0.998794 -0.0490904 0
    outer loop
      vertex 1.2 43.6 6
      vertex 1.20867 43.7764 2
      vertex 1.20867 43.7764 6
    endloop
  endfacet
  facet normal 0.998794 -0.0490904 0
    outer loop
      vertex 1.20867 43.7764 2
      vertex 1.2 43.6 6
      vertex 1.2 43.6 2
    endloop
  endfacet
  facet normal -0.9892 -0.146569 0
    outer loop
      vertex 84.7913 43.7764 2
      vertex 84.7654 43.9512 6
      vertex 84.7654 43.9512 2
    endloop
  endfacet
  facet normal -0.9892 -0.146569 0
    outer loop
      vertex 84.7654 43.9512 6
      vertex 84.7913 43.7764 2
      vertex 84.7913 43.7764 6
    endloop
  endfacet
  facet normal -0.998786 -0.0492599 0
    outer loop
      vertex 84.8 43.6 2
      vertex 84.7913 43.7764 6
      vertex 84.7913 43.7764 2
    endloop
  endfacet
  facet normal -0.998786 -0.0492599 0
    outer loop
      vertex 84.7913 43.7764 6
      vertex 84.8 43.6 2
      vertex 84.8 43.6 6
    endloop
  endfacet
  facet normal 0.970016 -0.243042 0
    outer loop
      vertex 1.23458 43.9512 6
      vertex 1.2775 44.1225 2
      vertex 1.2775 44.1225 6
    endloop
  endfacet
  facet normal 0.970016 -0.243042 0
    outer loop
      vertex 1.2775 44.1225 2
      vertex 1.23458 43.9512 6
      vertex 1.23458 43.9512 2
    endloop
  endfacet
  facet normal -0.970063 0.242855 0
    outer loop
      vertex 84.7225 2.47748 2
      vertex 84.7654 2.64884 6
      vertex 84.7654 2.64884 2
    endloop
  endfacet
  facet normal -0.970063 0.242855 0
    outer loop
      vertex 84.7654 2.64884 6
      vertex 84.7225 2.47748 2
      vertex 84.7225 2.47748 6
    endloop
  endfacet
  facet normal 0 -1 0
    outer loop
      vertex 28.4 45.4 2.9
      vertex 57.6 45.4 4.87692
      vertex 28.4 45.4 4.87692
    endloop
  endfacet
  facet normal 0 -1 -0
    outer loop
      vertex 57.6 45.4 4.87692
      vertex 28.4 45.4 2.9
      vertex 57.6 45.4 2.9
    endloop
  endfacet
  facet normal 0 -1 0
    outer loop
      vertex 28.4 45.4 4.87692
      vertex 2.99999 45.4 6
      vertex 17.6 45.4 4.87692
    endloop
  endfacet
  facet normal 0 -1 0
    outer loop
      vertex 2.99999 45.4 2
      vertex 17.6 45.4 4.87692
      vertex 2.99999 45.4 6
    endloop
  endfacet
  facet normal 0 -1 0
    outer loop
      vertex 2.99999 45.4 2
      vertex 28.4 45.4 2.9
      vertex 17.6 45.4 2.9
    endloop
  endfacet
  facet normal 0 -1 -0
    outer loop
      vertex 28.4 45.4 2.9
      vertex 2.99999 45.4 2
      vertex 57.6 45.4 2.9
    endloop
  endfacet
  facet normal 0 -1 0
    outer loop
      vertex 83 45.4 2
      vertex 57.6 45.4 2.9
      vertex 2.99999 45.4 2
    endloop
  endfacet
  facet normal 0 -1 -0
    outer loop
      vertex 17.6 45.4 4.87692
      vertex 2.99999 45.4 2
      vertex 17.6 45.4 2.9
    endloop
  endfacet
  facet normal 0 -1 0
    outer loop
      vertex 2.99999 45.4 6
      vertex 28.4 45.4 4.87692
      vertex 83 45.4 6
    endloop
  endfacet
  facet normal 0 -1 0
    outer loop
      vertex 57.6 45.4 4.87692
      vertex 83 45.4 6
      vertex 28.4 45.4 4.87692
    endloop
  endfacet
  facet normal 0 -1 0
    outer loop
      vertex 68.4 45.4 4.87692
      vertex 83 45.4 6
      vertex 57.6 45.4 4.87692
    endloop
  endfacet
  facet normal 0 -1 0
    outer loop
      vertex 83 45.4 2
      vertex 68.4 45.4 4.87692
      vertex 68.4 45.4 2.9
    endloop
  endfacet
  facet normal 0 -1 0
    outer loop
      vertex 68.4 45.4 4.87692
      vertex 83 45.4 2
      vertex 83 45.4 6
    endloop
  endfacet
  facet normal 0 -1 0
    outer loop
      vertex 57.6 45.4 2.9
      vertex 83 45.4 2
      vertex 68.4 45.4 2.9
    endloop
  endfacet
  facet normal 1 -0 0
    outer loop
      vertex 1.2 31.6 6
      vertex 1.2 43.6 2
      vertex 1.2 43.6 6
    endloop
  endfacet
  facet normal 1 0 0
    outer loop
      vertex 1.2 43.6 2
      vertex 1.2 31.6 6
      vertex 1.2 31.6 2
    endloop
  endfacet
  facet normal 1 -0 0
    outer loop
      vertex 1.2 2.99999 6
      vertex 1.2 15.6 2
      vertex 1.2 15.6 6
    endloop
  endfacet
  facet normal 1 0 0
    outer loop
      vertex 1.2 15.6 2
      vertex 1.2 2.99999 6
      vertex 1.2 2.99999 2
    endloop
  endfacet
  facet normal 0.146682 0.989184 -0
    outer loop
      vertex 2.82357 1.20867 2
      vertex 2.64884 1.23458 6
      vertex 2.82357 1.20867 6
    endloop
  endfacet
  facet normal 0.146682 0.989184 0
    outer loop
      vertex 2.64884 1.23458 6
      vertex 2.82357 1.20867 2
      vertex 2.64884 1.23458 2
    endloop
  endfacet
  facet normal -0.146569 -0.9892 0
    outer loop
      vertex 83.1764 45.3913 2
      vertex 83.3512 45.3654 6
      vertex 83.1764 45.3913 6
    endloop
  endfacet
  facet normal -0.146569 -0.9892 -0
    outer loop
      vertex 83.3512 45.3654 6
      vertex 83.1764 45.3913 2
      vertex 83.3512 45.3654 2
    endloop
  endfacet
  facet normal 0 1 -0
    outer loop
      vertex 57.6 1.2 2.9
      vertex 28.4 1.2 4.87692
      vertex 57.6 1.2 4.87692
    endloop
  endfacet
  facet normal 0 1 0
    outer loop
      vertex 28.4 1.2 4.87692
      vertex 57.6 1.2 2.9
      vertex 28.4 1.2 2.9
    endloop
  endfacet
  facet normal 0 1 0
    outer loop
      vertex 57.6 1.2 4.87692
      vertex 83 1.2 6
      vertex 68.4 1.2 4.87692
    endloop
  endfacet
  facet normal 0 1 -0
    outer loop
      vertex 83 1.2 2
      vertex 68.4 1.2 4.87692
      vertex 83 1.2 6
    endloop
  endfacet
  facet normal 0 1 0
    outer loop
      vertex 83 1.2 2
      vertex 57.6 1.2 2.9
      vertex 68.4 1.2 2.9
    endloop
  endfacet
  facet normal 0 1 0
    outer loop
      vertex 57.6 1.2 2.9
      vertex 83 1.2 2
      vertex 28.4 1.2 2.9
    endloop
  endfacet
  facet normal 0 1 0
    outer loop
      vertex 2.99999 1.2 2
      vertex 28.4 1.2 2.9
      vertex 83 1.2 2
    endloop
  endfacet
  facet normal 0 1 0
    outer loop
      vertex 68.4 1.2 4.87692
      vertex 83 1.2 2
      vertex 68.4 1.2 2.9
    endloop
  endfacet
  facet normal 0 1 0
    outer loop
      vertex 83 1.2 6
      vertex 57.6 1.2 4.87692
      vertex 2.99999 1.2 6
    endloop
  endfacet
  facet normal 0 1 -0
    outer loop
      vertex 28.4 1.2 4.87692
      vertex 2.99999 1.2 6
      vertex 57.6 1.2 4.87692
    endloop
  endfacet
  facet normal 0 1 -0
    outer loop
      vertex 17.6 1.2 4.87692
      vertex 2.99999 1.2 6
      vertex 28.4 1.2 4.87692
    endloop
  endfacet
  facet normal 0 1 0
    outer loop
      vertex 2.99999 1.2 2
      vertex 17.6 1.2 4.87692
      vertex 17.6 1.2 2.9
    endloop
  endfacet
  facet normal 0 1 0
    outer loop
      vertex 17.6 1.2 4.87692
      vertex 2.99999 1.2 2
      vertex 2.99999 1.2 6
    endloop
  endfacet
  facet normal 0 1 0
    outer loop
      vertex 28.4 1.2 2.9
      vertex 2.99999 1.2 2
      vertex 17.6 1.2 2.9
    endloop
  endfacet
  facet normal -1 0 0
    outer loop
      vertex 84.8 2.99999 2
      vertex 84.8 43.6 6
      vertex 84.8 43.6 2
    endloop
  endfacet
  facet normal -1 -0 0
    outer loop
      vertex 84.8 43.6 6
      vertex 84.8 2.99999 2
      vertex 84.8 2.99999 6
    endloop
  endfacet
  facet normal -0.595552 -0.803316 0
    outer loop
      vertex 84 45.0966 2
      vertex 84.1419 44.9914 6
      vertex 84 45.0966 6
    endloop
  endfacet
  facet normal -0.595552 -0.803316 -0
    outer loop
      vertex 84.1419 44.9914 6
      vertex 84 45.0966 2
      vertex 84.1419 44.9914 2
    endloop
  endfacet
  facet normal 0.903995 -0.427544 0
    outer loop
      vertex 1.33701 44.2888 6
      vertex 1.41254 44.4485 2
      vertex 1.41254 44.4485 6
    endloop
  endfacet
  facet normal 0.903995 -0.427544 0
    outer loop
      vertex 1.41254 44.4485 2
      vertex 1.33701 44.2888 6
      vertex 1.33701 44.2888 2
    endloop
  endfacet
  facet normal 0.427449 -0.90404 0
    outer loop
      vertex 2.15148 45.1875 2
      vertex 2.31116 45.263 6
      vertex 2.15148 45.1875 6
    endloop
  endfacet
  facet normal 0.427449 -0.90404 0
    outer loop
      vertex 2.31116 45.263 6
      vertex 2.15148 45.1875 2
      vertex 2.31116 45.263 2
    endloop
  endfacet
  facet normal -0.0490904 0.998794 0
    outer loop
      vertex 83.1764 1.20867 2
      vertex 83 1.2 6
      vertex 83.1764 1.20867 6
    endloop
  endfacet
  facet normal -0.0490904 0.998794 0
    outer loop
      vertex 83 1.2 6
      vertex 83.1764 1.20867 2
      vertex 83 1.2 2
    endloop
  endfacet
  facet normal 0.989192 -0.146625 0
    outer loop
      vertex 1.20867 43.7764 6
      vertex 1.23458 43.9512 2
      vertex 1.23458 43.9512 6
    endloop
  endfacet
  facet normal 0.989192 -0.146625 0
    outer loop
      vertex 1.23458 43.9512 2
      vertex 1.20867 43.7764 6
      vertex 1.20867 43.7764 2
    endloop
  endfacet
  facet normal -0.903842 -0.427867 0
    outer loop
      vertex 84.663 44.2888 2
      vertex 84.5874 44.4485 6
      vertex 84.5874 44.4485 2
    endloop
  endfacet
  facet normal -0.903842 -0.427867 0
    outer loop
      vertex 84.5874 44.4485 6
      vertex 84.663 44.2888 2
      vertex 84.663 44.2888 6
    endloop
  endfacet
  facet normal 0.514054 0.857758 -0
    outer loop
      vertex 2.15148 1.41254 2
      vertex 1.99997 1.50334 6
      vertex 2.15148 1.41254 6
    endloop
  endfacet
  facet normal 0.514054 0.857758 0
    outer loop
      vertex 1.99997 1.50334 6
      vertex 2.15148 1.41254 2
      vertex 1.99997 1.50334 2
    endloop
  endfacet
  facet normal 0.242855 -0.970063 0
    outer loop
      vertex 2.47748 45.3225 2
      vertex 2.64884 45.3654 6
      vertex 2.47748 45.3225 6
    endloop
  endfacet
  facet normal 0.242855 -0.970063 0
    outer loop
      vertex 2.64884 45.3654 6
      vertex 2.47748 45.3225 2
      vertex 2.64884 45.3654 2
    endloop
  endfacet
  facet normal 0.970036 0.242962 0
    outer loop
      vertex 1.2775 2.47748 6
      vertex 1.23458 2.64884 2
      vertex 1.23458 2.64884 6
    endloop
  endfacet
  facet normal 0.970036 0.242962 0
    outer loop
      vertex 1.23458 2.64884 2
      vertex 1.2775 2.47748 6
      vertex 1.2775 2.47748 2
    endloop
  endfacet
  facet normal 0.146627 -0.989192 0
    outer loop
      vertex 2.64884 45.3654 2
      vertex 2.82357 45.3913 6
      vertex 2.64884 45.3654 6
    endloop
  endfacet
  facet normal 0.146627 -0.989192 0
    outer loop
      vertex 2.82357 45.3913 6
      vertex 2.64884 45.3654 2
      vertex 2.82357 45.3913 2
    endloop
  endfacet
  facet normal -0.941562 0.336838 0
    outer loop
      vertex 84.663 2.31116 2
      vertex 84.7225 2.47748 6
      vertex 84.7225 2.47748 2
    endloop
  endfacet
  facet normal -0.941562 0.336838 0
    outer loop
      vertex 84.7225 2.47748 6
      vertex 84.663 2.31116 2
      vertex 84.663 2.31116 6
    endloop
  endfacet
  facet normal 0.857743 -0.514079 0
    outer loop
      vertex 1.41254 44.4485 6
      vertex 1.50334 44.6 2
      vertex 1.50334 44.6 6
    endloop
  endfacet
  facet normal 0.857743 -0.514079 0
    outer loop
      vertex 1.50334 44.6 2
      vertex 1.41254 44.4485 6
      vertex 1.41254 44.4485 2
    endloop
  endfacet
  facet normal -0.74099 0.671517 0
    outer loop
      vertex 84.2728 1.72721 2
      vertex 84.3914 1.85808 6
      vertex 84.3914 1.85808 2
    endloop
  endfacet
  facet normal -0.74099 0.671517 0
    outer loop
      vertex 84.3914 1.85808 6
      vertex 84.2728 1.72721 2
      vertex 84.2728 1.72721 6
    endloop
  endfacet
  facet normal -0.514496 -0.857493 0
    outer loop
      vertex 83.8485 45.1875 2
      vertex 84 45.0966 6
      vertex 83.8485 45.1875 6
    endloop
  endfacet
  facet normal -0.514496 -0.857493 -0
    outer loop
      vertex 84 45.0966 6
      vertex 83.8485 45.1875 2
      vertex 84 45.0966 2
    endloop
  endfacet
  facet normal 0.803215 0.595689 0
    outer loop
      vertex 1.60857 1.85808 6
      vertex 1.50334 1.99997 2
      vertex 1.50334 1.99997 6
    endloop
  endfacet
  facet normal 0.803215 0.595689 0
    outer loop
      vertex 1.50334 1.99997 2
      vertex 1.60857 1.85808 6
      vertex 1.60857 1.85808 2
    endloop
  endfacet
  facet normal 0.514471 -0.857508 0
    outer loop
      vertex 1.99997 45.0966 2
      vertex 2.15148 45.1875 6
      vertex 1.99997 45.0966 6
    endloop
  endfacet
  facet normal 0.514471 -0.857508 0
    outer loop
      vertex 2.15148 45.1875 6
      vertex 1.99997 45.0966 2
      vertex 2.15148 45.1875 2
    endloop
  endfacet
  facet normal -0.243042 0.970016 0
    outer loop
      vertex 83.5225 1.2775 2
      vertex 83.3512 1.23458 6
      vertex 83.5225 1.2775 6
    endloop
  endfacet
  facet normal -0.243042 0.970016 0
    outer loop
      vertex 83.3512 1.23458 6
      vertex 83.5225 1.2775 2
      vertex 83.3512 1.23458 2
    endloop
  endfacet
  facet normal 0.941532 -0.336925 0
    outer loop
      vertex 1.2775 44.1225 6
      vertex 1.33701 44.2888 2
      vertex 1.33701 44.2888 6
    endloop
  endfacet
  facet normal 0.941532 -0.336925 0
    outer loop
      vertex 1.33701 44.2888 2
      vertex 1.2775 44.1225 6
      vertex 1.2775 44.1225 2
    endloop
  endfacet
  facet normal -0.671556 0.740954 0
    outer loop
      vertex 84.2728 1.72721 2
      vertex 84.1419 1.60857 6
      vertex 84.2728 1.72721 6
    endloop
  endfacet
  facet normal -0.671556 0.740954 0
    outer loop
      vertex 84.1419 1.60857 6
      vertex 84.2728 1.72721 2
      vertex 84.1419 1.60857 2
    endloop
  endfacet
  facet normal -0.146625 0.989192 0
    outer loop
      vertex 83.3512 1.23458 2
      vertex 83.1764 1.20867 6
      vertex 83.3512 1.23458 6
    endloop
  endfacet
  facet normal -0.146625 0.989192 0
    outer loop
      vertex 83.1764 1.20867 6
      vertex 83.3512 1.23458 2
      vertex 83.1764 1.20867 2
    endloop
  endfacet
  facet normal -0.989192 0.146627 0
    outer loop
      vertex 84.7654 2.64884 2
      vertex 84.7913 2.82357 6
      vertex 84.7913 2.82357 2
    endloop
  endfacet
  facet normal -0.989192 0.146627 0
    outer loop
      vertex 84.7913 2.82357 6
      vertex 84.7654 2.64884 2
      vertex 84.7654 2.64884 6
    endloop
  endfacet
  facet normal -0.514079 0.857743 0
    outer loop
      vertex 84 1.50334 2
      vertex 83.8485 1.41254 6
      vertex 84 1.50334 6
    endloop
  endfacet
  facet normal -0.514079 0.857743 0
    outer loop
      vertex 83.8485 1.41254 6
      vertex 84 1.50334 2
      vertex 83.8485 1.41254 2
    endloop
  endfacet
  facet normal 0.0490849 0.998795 -0
    outer loop
      vertex 2.99999 1.2 2
      vertex 2.82357 1.20867 6
      vertex 2.99999 1.2 6
    endloop
  endfacet
  facet normal 0.0490849 0.998795 0
    outer loop
      vertex 2.82357 1.20867 6
      vertex 2.99999 1.2 2
      vertex 2.82357 1.20867 2
    endloop
  endfacet
  facet normal -0.857743 -0.514079 0
    outer loop
      vertex 84.5874 44.4485 2
      vertex 84.4966 44.6 6
      vertex 84.4966 44.6 2
    endloop
  endfacet
  facet normal -0.857743 -0.514079 0
    outer loop
      vertex 84.4966 44.6 6
      vertex 84.5874 44.4485 2
      vertex 84.5874 44.4485 6
    endloop
  endfacet
  facet normal -0.857758 0.514054 0
    outer loop
      vertex 84.4966 1.99997 2
      vertex 84.5874 2.15148 6
      vertex 84.5874 2.15148 2
    endloop
  endfacet
  facet normal -0.857758 0.514054 0
    outer loop
      vertex 84.5874 2.15148 6
      vertex 84.4966 1.99997 2
      vertex 84.4966 1.99997 6
    endloop
  endfacet
  facet normal -0.803316 -0.595552 0
    outer loop
      vertex 84.4966 44.6 2
      vertex 84.3914 44.7419 6
      vertex 84.3914 44.7419 2
    endloop
  endfacet
  facet normal -0.803316 -0.595552 0
    outer loop
      vertex 84.3914 44.7419 6
      vertex 84.4966 44.6 2
      vertex 84.4966 44.6 6
    endloop
  endfacet
  facet normal 0.336889 0.941545 -0
    outer loop
      vertex 2.47748 1.2775 2
      vertex 2.31116 1.33701 6
      vertex 2.47748 1.2775 6
    endloop
  endfacet
  facet normal 0.336889 0.941545 0
    outer loop
      vertex 2.31116 1.33701 6
      vertex 2.47748 1.2775 2
      vertex 2.31116 1.33701 2
    endloop
  endfacet
  facet normal 0.0492543 -0.998786 0
    outer loop
      vertex 2.82357 45.3913 2
      vertex 2.99999 45.4 6
      vertex 2.82357 45.3913 6
    endloop
  endfacet
  facet normal 0.0492543 -0.998786 0
    outer loop
      vertex 2.99999 45.4 6
      vertex 2.82357 45.3913 2
      vertex 2.99999 45.4 2
    endloop
  endfacet
  facet normal -0.970042 -0.242935 0
    outer loop
      vertex 84.7654 43.9512 2
      vertex 84.7225 44.1225 6
      vertex 84.7225 44.1225 2
    endloop
  endfacet
  facet normal -0.970042 -0.242935 0
    outer loop
      vertex 84.7225 44.1225 6
      vertex 84.7654 43.9512 2
      vertex 84.7654 43.9512 6
    endloop
  endfacet
  facet normal -0.427544 0.903995 0
    outer loop
      vertex 83.8485 1.41254 2
      vertex 83.6888 1.33701 6
      vertex 83.8485 1.41254 6
    endloop
  endfacet
  facet normal -0.427544 0.903995 0
    outer loop
      vertex 83.6888 1.33701 6
      vertex 83.8485 1.41254 2
      vertex 83.6888 1.33701 2
    endloop
  endfacet
  facet normal 0.803235 -0.595662 0
    outer loop
      vertex 1.50334 44.6 6
      vertex 1.60857 44.7419 2
      vertex 1.60857 44.7419 6
    endloop
  endfacet
  facet normal 0.803235 -0.595662 0
    outer loop
      vertex 1.60857 44.7419 2
      vertex 1.50334 44.6 6
      vertex 1.50334 44.6 2
    endloop
  endfacet
  facet normal 0.336838 -0.941562 0
    outer loop
      vertex 2.31116 45.263 2
      vertex 2.47748 45.3225 6
      vertex 2.31116 45.263 6
    endloop
  endfacet
  facet normal 0.336838 -0.941562 0
    outer loop
      vertex 2.47748 45.3225 6
      vertex 2.31116 45.263 2
      vertex 2.47748 45.3225 2
    endloop
  endfacet
  facet normal 0.595689 0.803215 -0
    outer loop
      vertex 1.99997 1.50334 2
      vertex 1.85808 1.60857 6
      vertex 1.99997 1.50334 6
    endloop
  endfacet
  facet normal 0.595689 0.803215 0
    outer loop
      vertex 1.85808 1.60857 6
      vertex 1.99997 1.50334 2
      vertex 1.85808 1.60857 2
    endloop
  endfacet
  facet normal -0.336925 0.941532 0
    outer loop
      vertex 83.6888 1.33701 2
      vertex 83.5225 1.2775 6
      vertex 83.6888 1.33701 6
    endloop
  endfacet
  facet normal -0.336925 0.941532 0
    outer loop
      vertex 83.5225 1.2775 6
      vertex 83.6888 1.33701 2
      vertex 83.5225 1.2775 2
    endloop
  endfacet
  facet normal -0.94155 -0.336874 0
    outer loop
      vertex 84.7225 44.1225 2
      vertex 84.663 44.2888 6
      vertex 84.663 44.2888 2
    endloop
  endfacet
  facet normal -0.94155 -0.336874 0
    outer loop
      vertex 84.663 44.2888 6
      vertex 84.7225 44.1225 2
      vertex 84.7225 44.1225 6
    endloop
  endfacet
  facet normal -0.803296 0.59558 0
    outer loop
      vertex 84.3914 1.85808 2
      vertex 84.4966 1.99997 6
      vertex 84.4966 1.99997 2
    endloop
  endfacet
  facet normal -0.803296 0.59558 0
    outer loop
      vertex 84.4966 1.99997 6
      vertex 84.3914 1.85808 2
      vertex 84.3914 1.85808 6
    endloop
  endfacet
  facet normal -0.242935 -0.970042 0
    outer loop
      vertex 83.3512 45.3654 2
      vertex 83.5225 45.3225 6
      vertex 83.3512 45.3654 6
    endloop
  endfacet
  facet normal -0.242935 -0.970042 -0
    outer loop
      vertex 83.5225 45.3225 6
      vertex 83.3512 45.3654 2
      vertex 83.5225 45.3225 2
    endloop
  endfacet
  facet normal 0.427587 0.903974 -0
    outer loop
      vertex 2.31116 1.33701 2
      vertex 2.15148 1.41254 6
      vertex 2.31116 1.33701 6
    endloop
  endfacet
  facet normal 0.427587 0.903974 0
    outer loop
      vertex 2.15148 1.41254 6
      vertex 2.31116 1.33701 2
      vertex 2.15148 1.41254 2
    endloop
  endfacet
  facet normal 0.740877 0.671641 0
    outer loop
      vertex 1.72721 1.72721 6
      vertex 1.60857 1.85808 2
      vertex 1.60857 1.85808 6
    endloop
  endfacet
  facet normal 0.740877 0.671641 0
    outer loop
      vertex 1.60857 1.85808 2
      vertex 1.72721 1.72721 6
      vertex 1.72721 1.72721 2
    endloop
  endfacet
  facet normal -0.998786 0.0492543 0
    outer loop
      vertex 84.7913 2.82357 2
      vertex 84.8 2.99999 6
      vertex 84.8 2.99999 2
    endloop
  endfacet
  facet normal -0.998786 0.0492543 0
    outer loop
      vertex 84.8 2.99999 6
      vertex 84.7913 2.82357 2
      vertex 84.7913 2.82357 6
    endloop
  endfacet
  facet normal -0.595662 0.803235 0
    outer loop
      vertex 84.1419 1.60857 2
      vertex 84 1.50334 6
      vertex 84.1419 1.60857 6
    endloop
  endfacet
  facet normal -0.595662 0.803235 0
    outer loop
      vertex 84 1.50334 6
      vertex 84.1419 1.60857 2
      vertex 84 1.50334 2
    endloop
  endfacet
  facet normal -0.0492599 -0.998786 0
    outer loop
      vertex 83 45.4 2
      vertex 83.1764 45.3913 6
      vertex 83 45.4 6
    endloop
  endfacet
  facet normal -0.0492599 -0.998786 -0
    outer loop
      vertex 83.1764 45.3913 6
      vertex 83 45.4 2
      vertex 83.1764 45.3913 2
    endloop
  endfacet
  facet normal 0.242962 0.970036 -0
    outer loop
      vertex 2.64884 1.23458 2
      vertex 2.47748 1.2775 6
      vertex 2.64884 1.23458 6
    endloop
  endfacet
  facet normal 0.242962 0.970036 0
    outer loop
      vertex 2.47748 1.2775 6
      vertex 2.64884 1.23458 2
      vertex 2.47748 1.2775 2
    endloop
  endfacet
  facet normal -0.903821 0.427911 0
    outer loop
      vertex 84.5874 2.15148 2
      vertex 84.663 2.31116 6
      vertex 84.663 2.31116 2
    endloop
  endfacet
  facet normal -0.903821 0.427911 0
    outer loop
      vertex 84.663 2.31116 6
      vertex 84.5874 2.15148 2
      vertex 84.5874 2.15148 6
    endloop
  endfacet
  facet normal -0.671432 -0.741066 0
    outer loop
      vertex 84.1419 44.9914 2
      vertex 84.2728 44.8728 6
      vertex 84.1419 44.9914 6
    endloop
  endfacet
  facet normal -0.671432 -0.741066 -0
    outer loop
      vertex 84.2728 44.8728 6
      vertex 84.1419 44.9914 2
      vertex 84.2728 44.8728 2
    endloop
  endfacet
  facet normal 0.671641 0.740877 -0
    outer loop
      vertex 1.85808 1.60857 2
      vertex 1.72721 1.72721 6
      vertex 1.85808 1.60857 6
    endloop
  endfacet
  facet normal 0.671641 0.740877 0
    outer loop
      vertex 1.72721 1.72721 6
      vertex 1.85808 1.60857 2
      vertex 1.72721 1.72721 2
    endloop
  endfacet
  facet normal -0.336874 -0.94155 0
    outer loop
      vertex 83.5225 45.3225 2
      vertex 83.6888 45.263 6
      vertex 83.5225 45.3225 6
    endloop
  endfacet
  facet normal -0.336874 -0.94155 -0
    outer loop
      vertex 83.6888 45.263 6
      vertex 83.5225 45.3225 2
      vertex 83.6888 45.263 2
    endloop
  endfacet
  facet normal 0.740954 -0.671556 0
    outer loop
      vertex 1.60857 44.7419 6
      vertex 1.72721 44.8728 2
      vertex 1.72721 44.8728 6
    endloop
  endfacet
  facet normal 0.740954 -0.671556 0
    outer loop
      vertex 1.72721 44.8728 2
      vertex 1.60857 44.7419 6
      vertex 1.60857 44.7419 2
    endloop
  endfacet
  facet normal 0.671517 -0.74099 0
    outer loop
      vertex 1.72721 44.8728 2
      vertex 1.85808 44.9914 6
      vertex 1.72721 44.8728 6
    endloop
  endfacet
  facet normal 0.671517 -0.74099 0
    outer loop
      vertex 1.85808 44.9914 6
      vertex 1.72721 44.8728 2
      vertex 1.85808 44.9914 2
    endloop
  endfacet
  facet normal -0.741066 -0.671432 0
    outer loop
      vertex 84.3914 44.7419 2
      vertex 84.2728 44.8728 6
      vertex 84.2728 44.8728 2
    endloop
  endfacet
  facet normal -0.741066 -0.671432 0
    outer loop
      vertex 84.2728 44.8728 6
      vertex 84.3914 44.7419 2
      vertex 84.3914 44.7419 6
    endloop
  endfacet
  facet normal -0.427405 -0.90406 0
    outer loop
      vertex 83.6888 45.263 2
      vertex 83.8485 45.1875 6
      vertex 83.6888 45.263 6
    endloop
  endfacet
  facet normal -0.427405 -0.90406 -0
    outer loop
      vertex 83.8485 45.1875 6
      vertex 83.6888 45.263 2
      vertex 83.8485 45.1875 2
    endloop
  endfacet
  facet normal 0.903974 0.427587 0
    outer loop
      vertex 1.41254 2.15148 6
      vertex 1.33701 2.31116 2
      vertex 1.33701 2.31116 6
    endloop
  endfacet
  facet normal 0.903974 0.427587 0
    outer loop
      vertex 1.33701 2.31116 2
      vertex 1.41254 2.15148 6
      vertex 1.41254 2.15148 2
    endloop
  endfacet
  facet normal 0.857758 0.514054 0
    outer loop
      vertex 1.50334 1.99997 6
      vertex 1.41254 2.15148 2
      vertex 1.41254 2.15148 6
    endloop
  endfacet
  facet normal 0.857758 0.514054 0
    outer loop
      vertex 1.41254 2.15148 2
      vertex 1.50334 1.99997 6
      vertex 1.50334 1.99997 2
    endloop
  endfacet
  facet normal 0.941545 0.336889 0
    outer loop
      vertex 1.33701 2.31116 6
      vertex 1.2775 2.47748 2
      vertex 1.2775 2.47748 6
    endloop
  endfacet
  facet normal 0.941545 0.336889 0
    outer loop
      vertex 1.2775 2.47748 2
      vertex 1.33701 2.31116 6
      vertex 1.33701 2.31116 2
    endloop
  endfacet
  facet normal -1 0 0
    outer loop
      vertex 28.4 0 2.9
      vertex 28.4 1.2 4.87692
      vertex 28.4 1.2 2.9
    endloop
  endfacet
  facet normal -1 -0 0
    outer loop
      vertex 28.4 1.2 4.87692
      vertex 28.4 0 2.9
      vertex 28.4 0 4.87692
    endloop
  endfacet
  facet normal 0 0 -1
    outer loop
      vertex 17.6 0 4.87692
      vertex 28.4 1.2 4.87692
      vertex 28.4 0 4.87692
    endloop
  endfacet
  facet normal -0 0 -1
    outer loop
      vertex 28.4 1.2 4.87692
      vertex 17.6 0 4.87692
      vertex 17.6 1.2 4.87692
    endloop
  endfacet
  facet normal -0 0 1
    outer loop
      vertex 17.6 1.2 2.9
      vertex 28.4 0 2.9
      vertex 28.4 1.2 2.9
    endloop
  endfacet
  facet normal 0 0 1
    outer loop
      vertex 28.4 0 2.9
      vertex 17.6 1.2 2.9
      vertex 17.6 0 2.9
    endloop
  endfacet
  facet normal 1 -0 0
    outer loop
      vertex 17.6 0 4.87692
      vertex 17.6 1.2 2.9
      vertex 17.6 1.2 4.87692
    endloop
  endfacet
  facet normal 1 0 0
    outer loop
      vertex 17.6 1.2 2.9
      vertex 17.6 0 4.87692
      vertex 17.6 0 2.9
    endloop
  endfacet
  facet normal -1 0 0
    outer loop
      vertex 68.4 0 2.9
      vertex 68.4 1.2 4.87692
      vertex 68.4 1.2 2.9
    endloop
  endfacet
  facet normal -1 -0 0
    outer loop
      vertex 68.4 1.2 4.87692
      vertex 68.4 0 2.9
      vertex 68.4 0 4.87692
    endloop
  endfacet
  facet normal 0 0 -1
    outer loop
      vertex 57.6 0 4.87692
      vertex 68.4 1.2 4.87692
      vertex 68.4 0 4.87692
    endloop
  endfacet
  facet normal -0 0 -1
    outer loop
      vertex 68.4 1.2 4.87692
      vertex 57.6 0 4.87692
      vertex 57.6 1.2 4.87692
    endloop
  endfacet
  facet normal -0 0 1
    outer loop
      vertex 57.6 1.2 2.9
      vertex 68.4 0 2.9
      vertex 68.4 1.2 2.9
    endloop
  endfacet
  facet normal 0 0 1
    outer loop
      vertex 68.4 0 2.9
      vertex 57.6 1.2 2.9
      vertex 57.6 0 2.9
    endloop
  endfacet
  facet normal 1 -0 0
    outer loop
      vertex 57.6 0 4.87692
      vertex 57.6 1.2 2.9
      vertex 57.6 1.2 4.87692
    endloop
  endfacet
  facet normal 1 0 0
    outer loop
      vertex 57.6 1.2 2.9
      vertex 57.6 0 4.87692
      vertex 57.6 0 2.9
    endloop
  endfacet
  facet normal -1 0 0
    outer loop
      vertex 28.4 45.4 2.9
      vertex 28.4 46.6 4.87692
      vertex 28.4 46.6 2.9
    endloop
  endfacet
  facet normal -1 -0 0
    outer loop
      vertex 28.4 46.6 4.87692
      vertex 28.4 45.4 2.9
      vertex 28.4 45.4 4.87692
    endloop
  endfacet
  facet normal 0 0 -1
    outer loop
      vertex 17.6 45.4 4.87692
      vertex 28.4 46.6 4.87692
      vertex 28.4 45.4 4.87692
    endloop
  endfacet
  facet normal -0 0 -1
    outer loop
      vertex 28.4 46.6 4.87692
      vertex 17.6 45.4 4.87692
      vertex 17.6 46.6 4.87692
    endloop
  endfacet
  facet normal -0 0 1
    outer loop
      vertex 17.6 46.6 2.9
      vertex 28.4 45.4 2.9
      vertex 28.4 46.6 2.9
    endloop
  endfacet
  facet normal 0 0 1
    outer loop
      vertex 28.4 45.4 2.9
      vertex 17.6 46.6 2.9
      vertex 17.6 45.4 2.9
    endloop
  endfacet
  facet normal 1 -0 0
    outer loop
      vertex 17.6 45.4 4.87692
      vertex 17.6 46.6 2.9
      vertex 17.6 46.6 4.87692
    endloop
  endfacet
  facet normal 1 0 0
    outer loop
      vertex 17.6 46.6 2.9
      vertex 17.6 45.4 4.87692
      vertex 17.6 45.4 2.9
    endloop
  endfacet
  facet normal -1 0 0
    outer loop
      vertex 68.4 45.4 2.9
      vertex 68.4 46.6 4.87692
      vertex 68.4 46.6 2.9
    endloop
  endfacet
  facet normal -1 -0 0
    outer loop
      vertex 68.4 46.6 4.87692
      vertex 68.4 45.4 2.9
      vertex 68.4 45.4 4.87692
    endloop
  endfacet
  facet normal 0 0 -1
    outer loop
      vertex 57.6 45.4 4.87692
      vertex 68.4 46.6 4.87692
      vertex 68.4 45.4 4.87692
    endloop
  endfacet
  facet normal -0 0 -1
    outer loop
      vertex 68.4 46.6 4.87692
      vertex 57.6 45.4 4.87692
      vertex 57.6 46.6 4.87692
    endloop
  endfacet
  facet normal -0 0 1
    outer loop
      vertex 57.6 46.6 2.9
      vertex 68.4 45.4 2.9
      vertex 68.4 46.6 2.9
    endloop
  endfacet
  facet normal 0 0 1
    outer loop
      vertex 68.4 45.4 2.9
      vertex 57.6 46.6 2.9
      vertex 57.6 45.4 2.9
    endloop
  endfacet
  facet normal 1 -0 0
    outer loop
      vertex 57.6 45.4 4.87692
      vertex 57.6 46.6 2.9
      vertex 57.6 46.6 4.87692
    endloop
  endfacet
  facet normal 1 0 0
    outer loop
      vertex 57.6 46.6 2.9
      vertex 57.6 45.4 4.87692
      vertex 57.6 45.4 2.9
    endloop
  endfacet
  facet normal 0 -1 0
    outer loop
      vertex 0 31.6 2
      vertex 1.2 31.6 6
      vertex 0 31.6 6
    endloop
  endfacet
  facet normal 0 -1 -0
    outer loop
      vertex 1.2 31.6 6
      vertex 0 31.6 2
      vertex 1.2 31.6 2
    endloop
  endfacet
  facet normal 0 1 -0
    outer loop
      vertex 1.2 15.6 2
      vertex 0 15.6 6
      vertex 1.2 15.6 6
    endloop
  endfacet
  facet normal 0 1 0
    outer loop
      vertex 0 15.6 6
      vertex 1.2 15.6 2
      vertex 0 15.6 2
    endloop
  endfacet
  facet normal 0.970037 -0.242958 0
    outer loop
      vertex 6.96464 31.9026 2
      vertex 7.02425 32.1406 0
      vertex 7.02425 32.1406 2
    endloop
  endfacet
  facet normal 0.970037 -0.242958 0
    outer loop
      vertex 7.02425 32.1406 0
      vertex 6.96464 31.9026 2
      vertex 6.96464 31.9026 0
    endloop
  endfacet
  facet normal 0.146732 0.989176 -0
    outer loop
      vertex 9.17156 28.9269 0
      vertex 8.92887 28.9629 2
      vertex 9.17156 28.9269 2
    endloop
  endfacet
  facet normal 0.146732 0.989176 0
    outer loop
      vertex 8.92887 28.9629 2
      vertex 9.17156 28.9269 0
      vertex 8.92887 28.9629 0
    endloop
  endfacet
  facet normal 0.970037 0.242958 0
    outer loop
      vertex 7.02425 30.6892 2
      vertex 6.96464 30.9272 0
      vertex 6.96464 30.9272 2
    endloop
  endfacet
  facet normal 0.970037 0.242958 0
    outer loop
      vertex 6.96464 30.9272 0
      vertex 7.02425 30.6892 2
      vertex 7.02425 30.6892 0
    endloop
  endfacet
  facet normal 0.803284 -0.595596 0
    outer loop
      vertex 7.33793 32.8038 2
      vertex 7.48407 33.0009 0
      vertex 7.48407 33.0009 2
    endloop
  endfacet
  facet normal 0.803284 -0.595596 0
    outer loop
      vertex 7.48407 33.0009 0
      vertex 7.33793 32.8038 2
      vertex 7.33793 32.8038 0
    endloop
  endfacet
  facet normal -0.671394 -0.741101 0
    outer loop
      vertex 11.0026 33.3474 0
      vertex 11.1844 33.1827 2
      vertex 11.0026 33.3474 2
    endloop
  endfacet
  facet normal -0.671394 -0.741101 -0
    outer loop
      vertex 11.1844 33.1827 2
      vertex 11.0026 33.3474 0
      vertex 11.1844 33.1827 0
    endloop
  endfacet
  facet normal 0.857691 -0.514166 0
    outer loop
      vertex 7.2118 32.5934 2
      vertex 7.33793 32.8038 0
      vertex 7.33793 32.8038 2
    endloop
  endfacet
  facet normal 0.857691 -0.514166 0
    outer loop
      vertex 7.33793 32.8038 0
      vertex 7.2118 32.5934 2
      vertex 7.2118 32.5934 0
    endloop
  endfacet
  facet normal -0.989177 -0.146726 0
    outer loop
      vertex 11.9046 31.6599 0
      vertex 11.8686 31.9026 2
      vertex 11.8686 31.9026 0
    endloop
  endfacet
  facet normal -0.989177 -0.146726 0
    outer loop
      vertex 11.8686 31.9026 2
      vertex 11.9046 31.6599 0
      vertex 11.9046 31.6599 2
    endloop
  endfacet
  facet normal 0.989177 0.146726 0
    outer loop
      vertex 6.96464 30.9272 2
      vertex 6.92864 31.1699 0
      vertex 6.92864 31.1699 2
    endloop
  endfacet
  facet normal 0.989177 0.146726 0
    outer loop
      vertex 6.92864 31.1699 0
      vertex 6.96464 30.9272 2
      vertex 6.96464 30.9272 0
    endloop
  endfacet
  facet normal -0.857745 0.514076 0
    outer loop
      vertex 11.4953 30.026 0
      vertex 11.6214 30.2364 2
      vertex 11.6214 30.2364 0
    endloop
  endfacet
  facet normal -0.857745 0.514076 0
    outer loop
      vertex 11.6214 30.2364 2
      vertex 11.4953 30.026 0
      vertex 11.4953 30.026 2
    endloop
  endfacet
  facet normal -0.337059 0.941483 0
    outer loop
      vertex 10.3733 29.1052 0
      vertex 10.1423 29.0225 2
      vertex 10.3733 29.1052 2
    endloop
  endfacet
  facet normal -0.337059 0.941483 0
    outer loop
      vertex 10.1423 29.0225 2
      vertex 10.3733 29.1052 0
      vertex 10.1423 29.0225 0
    endloop
  endfacet
  facet normal 0.512258 -0.858832 0
    outer loop
      vertex 8.02767 33.4936 0
      vertex 8.0384 33.5 2
      vertex 8.02767 33.4936 2
    endloop
  endfacet
  facet normal 0.512258 -0.858832 0
    outer loop
      vertex 8.0384 33.5 2
      vertex 8.02767 33.4936 0
      vertex 8.0384 33.5 0
    endloop
  endfacet
  facet normal 0.998795 0.0490836 0
    outer loop
      vertex 6.92864 31.1699 2
      vertex 6.9166 31.4149 0
      vertex 6.9166 31.4149 2
    endloop
  endfacet
  facet normal 0.998795 0.0490836 0
    outer loop
      vertex 6.9166 31.4149 0
      vertex 6.92864 31.1699 2
      vertex 6.92864 31.1699 0
    endloop
  endfacet
  facet normal -0.671394 0.741101 0
    outer loop
      vertex 11.1844 29.6471 0
      vertex 11.0026 29.4824 2
      vertex 11.1844 29.6471 2
    endloop
  endfacet
  facet normal -0.671394 0.741101 0
    outer loop
      vertex 11.0026 29.4824 2
      vertex 11.1844 29.6471 0
      vertex 11.0026 29.4824 0
    endloop
  endfacet
  facet normal -0.998803 -0.0489209 0
    outer loop
      vertex 11.9166 31.4149 0
      vertex 11.9046 31.6599 2
      vertex 11.9046 31.6599 0
    endloop
  endfacet
  facet normal -0.998803 -0.0489209 0
    outer loop
      vertex 11.9046 31.6599 2
      vertex 11.9166 31.4149 0
      vertex 11.9166 31.4149 2
    endloop
  endfacet
  facet normal -0.146732 0.989176 0
    outer loop
      vertex 9.90433 28.9629 0
      vertex 9.66164 28.9269 2
      vertex 9.90433 28.9629 2
    endloop
  endfacet
  facet normal -0.146732 0.989176 0
    outer loop
      vertex 9.66164 28.9269 2
      vertex 9.90433 28.9629 0
      vertex 9.66164 28.9269 0
    endloop
  endfacet
  facet normal 0.998795 -0.0490836 0
    outer loop
      vertex 6.9166 31.4149 2
      vertex 6.92864 31.6599 0
      vertex 6.92864 31.6599 2
    endloop
  endfacet
  facet normal 0.998795 -0.0490836 0
    outer loop
      vertex 6.92864 31.6599 0
      vertex 6.9166 31.4149 2
      vertex 6.9166 31.4149 0
    endloop
  endfacet
  facet normal -0.741101 -0.671394 0
    outer loop
      vertex 11.3491 33.0009 0
      vertex 11.1844 33.1827 2
      vertex 11.1844 33.1827 0
    endloop
  endfacet
  facet normal -0.741101 -0.671394 0
    outer loop
      vertex 11.1844 33.1827 2
      vertex 11.3491 33.0009 0
      vertex 11.3491 33.0009 2
    endloop
  endfacet
  facet normal -0.803167 -0.595754 0
    outer loop
      vertex 11.4953 32.8038 0
      vertex 11.3491 33.0009 2
      vertex 11.3491 33.0009 0
    endloop
  endfacet
  facet normal -0.803167 -0.595754 0
    outer loop
      vertex 11.3491 33.0009 2
      vertex 11.4953 32.8038 0
      vertex 11.4953 32.8038 2
    endloop
  endfacet
  facet normal -0.048913 0.998803 0
    outer loop
      vertex 9.66164 28.9269 0
      vertex 9.4166 28.9149 2
      vertex 9.66164 28.9269 2
    endloop
  endfacet
  facet normal -0.048913 0.998803 0
    outer loop
      vertex 9.4166 28.9149 2
      vertex 9.66164 28.9269 0
      vertex 9.4166 28.9149 0
    endloop
  endfacet
  facet normal 0.242938 0.970042 -0
    outer loop
      vertex 8.92887 28.9629 0
      vertex 8.69089 29.0225 2
      vertex 8.92887 28.9629 2
    endloop
  endfacet
  facet normal 0.242938 0.970042 0
    outer loop
      vertex 8.69089 29.0225 2
      vertex 8.92887 28.9629 0
      vertex 8.69089 29.0225 0
    endloop
  endfacet
  facet normal 0.803284 0.595596 0
    outer loop
      vertex 7.48407 29.8289 2
      vertex 7.33793 30.026 0
      vertex 7.33793 30.026 2
    endloop
  endfacet
  facet normal 0.803284 0.595596 0
    outer loop
      vertex 7.33793 30.026 0
      vertex 7.48407 29.8289 2
      vertex 7.48407 29.8289 0
    endloop
  endfacet
  facet normal -0.970047 -0.242919 0
    outer loop
      vertex 11.8686 31.9026 0
      vertex 11.809 32.1406 2
      vertex 11.809 32.1406 0
    endloop
  endfacet
  facet normal -0.970047 -0.242919 0
    outer loop
      vertex 11.809 32.1406 2
      vertex 11.8686 31.9026 0
      vertex 11.8686 31.9026 2
    endloop
  endfacet
  facet normal -0.857745 -0.514076 0
    outer loop
      vertex 11.6214 32.5934 0
      vertex 11.4953 32.8038 2
      vertex 11.4953 32.8038 0
    endloop
  endfacet
  facet normal -0.857745 -0.514076 0
    outer loop
      vertex 11.4953 32.8038 2
      vertex 11.6214 32.5934 0
      vertex 11.6214 32.5934 2
    endloop
  endfacet
  facet normal 0.740979 0.671528 0
    outer loop
      vertex 7.64883 29.6471 2
      vertex 7.48407 29.8289 0
      vertex 7.48407 29.8289 2
    endloop
  endfacet
  facet normal 0.740979 0.671528 0
    outer loop
      vertex 7.48407 29.8289 0
      vertex 7.64883 29.6471 2
      vertex 7.64883 29.6471 0
    endloop
  endfacet
  facet normal -0.941483 -0.337059 0
    outer loop
      vertex 11.809 32.1406 0
      vertex 11.7263 32.3716 2
      vertex 11.7263 32.3716 0
    endloop
  endfacet
  facet normal -0.941483 -0.337059 0
    outer loop
      vertex 11.7263 32.3716 2
      vertex 11.809 32.1406 0
      vertex 11.809 32.1406 2
    endloop
  endfacet
  facet normal -0.903995 -0.427543 0
    outer loop
      vertex 11.7263 32.3716 0
      vertex 11.6214 32.5934 2
      vertex 11.6214 32.5934 0
    endloop
  endfacet
  facet normal -0.903995 -0.427543 0
    outer loop
      vertex 11.6214 32.5934 2
      vertex 11.7263 32.3716 0
      vertex 11.7263 32.3716 2
    endloop
  endfacet
  facet normal 0.903995 -0.427543 0
    outer loop
      vertex 7.1069 32.3716 2
      vertex 7.2118 32.5934 0
      vertex 7.2118 32.5934 2
    endloop
  endfacet
  facet normal 0.903995 -0.427543 0
    outer loop
      vertex 7.2118 32.5934 0
      vertex 7.1069 32.3716 2
      vertex 7.1069 32.3716 0
    endloop
  endfacet
  facet normal 0.427575 0.90398 -0
    outer loop
      vertex 8.45989 29.1052 0
      vertex 8.23811 29.2101 2
      vertex 8.45989 29.1052 2
    endloop
  endfacet
  facet normal 0.427575 0.90398 0
    outer loop
      vertex 8.23811 29.2101 2
      vertex 8.45989 29.1052 0
      vertex 8.23811 29.2101 0
    endloop
  endfacet
  facet normal -0.595754 0.803167 0
    outer loop
      vertex 11.0026 29.4824 0
      vertex 10.8055 29.3362 2
      vertex 11.0026 29.4824 2
    endloop
  endfacet
  facet normal -0.595754 0.803167 0
    outer loop
      vertex 10.8055 29.3362 2
      vertex 11.0026 29.4824 0
      vertex 10.8055 29.3362 0
    endloop
  endfacet
  facet normal -0.941483 0.337059 0
    outer loop
      vertex 11.7263 30.4582 0
      vertex 11.809 30.6892 2
      vertex 11.809 30.6892 0
    endloop
  endfacet
  facet normal -0.941483 0.337059 0
    outer loop
      vertex 11.809 30.6892 2
      vertex 11.7263 30.4582 0
      vertex 11.7263 30.4582 2
    endloop
  endfacet
  facet normal -0.903995 0.427543 0
    outer loop
      vertex 11.6214 30.2364 0
      vertex 11.7263 30.4582 2
      vertex 11.7263 30.4582 0
    endloop
  endfacet
  facet normal -0.903995 0.427543 0
    outer loop
      vertex 11.7263 30.4582 2
      vertex 11.6214 30.2364 0
      vertex 11.6214 30.2364 2
    endloop
  endfacet
  facet normal -0.513316 -0.8582 0
    outer loop
      vertex 10.7948 33.5 0
      vertex 10.8055 33.4936 2
      vertex 10.7948 33.5 2
    endloop
  endfacet
  facet normal -0.513316 -0.8582 -0
    outer loop
      vertex 10.8055 33.4936 2
      vertex 10.7948 33.5 0
      vertex 10.8055 33.4936 0
    endloop
  endfacet
  facet normal 0.671414 0.741083 -0
    outer loop
      vertex 7.83062 29.4824 0
      vertex 7.64883 29.6471 2
      vertex 7.83062 29.4824 2
    endloop
  endfacet
  facet normal 0.671414 0.741083 0
    outer loop
      vertex 7.64883 29.6471 2
      vertex 7.83062 29.4824 0
      vertex 7.64883 29.6471 0
    endloop
  endfacet
  facet normal -0.998803 0.0489209 0
    outer loop
      vertex 11.9046 31.1699 0
      vertex 11.9166 31.4149 2
      vertex 11.9166 31.4149 0
    endloop
  endfacet
  facet normal -0.998803 0.0489209 0
    outer loop
      vertex 11.9166 31.4149 2
      vertex 11.9046 31.1699 0
      vertex 11.9046 31.1699 2
    endloop
  endfacet
  facet normal 0.595851 0.803095 -0
    outer loop
      vertex 8.02767 29.3362 0
      vertex 7.83062 29.4824 2
      vertex 8.02767 29.3362 2
    endloop
  endfacet
  facet normal 0.595851 0.803095 0
    outer loop
      vertex 7.83062 29.4824 2
      vertex 8.02767 29.3362 0
      vertex 7.83062 29.4824 0
    endloop
  endfacet
  facet normal -0.970047 0.242919 0
    outer loop
      vertex 11.809 30.6892 0
      vertex 11.8686 30.9272 2
      vertex 11.8686 30.9272 0
    endloop
  endfacet
  facet normal -0.970047 0.242919 0
    outer loop
      vertex 11.8686 30.9272 2
      vertex 11.809 30.6892 0
      vertex 11.809 30.6892 2
    endloop
  endfacet
  facet normal 0.514004 0.857788 -0
    outer loop
      vertex 8.23811 29.2101 0
      vertex 8.02767 29.3362 2
      vertex 8.23811 29.2101 2
    endloop
  endfacet
  facet normal 0.514004 0.857788 0
    outer loop
      vertex 8.02767 29.3362 2
      vertex 8.23811 29.2101 0
      vertex 8.02767 29.3362 0
    endloop
  endfacet
  facet normal -0.595754 -0.803167 0
    outer loop
      vertex 10.8055 33.4936 0
      vertex 11.0026 33.3474 2
      vertex 10.8055 33.4936 2
    endloop
  endfacet
  facet normal -0.595754 -0.803167 -0
    outer loop
      vertex 11.0026 33.3474 2
      vertex 10.8055 33.4936 0
      vertex 11.0026 33.3474 0
    endloop
  endfacet
  facet normal 0.671414 -0.741083 0
    outer loop
      vertex 7.64883 33.1827 0
      vertex 7.83062 33.3474 2
      vertex 7.64883 33.1827 2
    endloop
  endfacet
  facet normal 0.671414 -0.741083 0
    outer loop
      vertex 7.83062 33.3474 2
      vertex 7.64883 33.1827 0
      vertex 7.83062 33.3474 0
    endloop
  endfacet
  facet normal 0.903995 0.427543 0
    outer loop
      vertex 7.2118 30.2364 2
      vertex 7.1069 30.4582 0
      vertex 7.1069 30.4582 2
    endloop
  endfacet
  facet normal 0.903995 0.427543 0
    outer loop
      vertex 7.1069 30.4582 0
      vertex 7.2118 30.2364 2
      vertex 7.2118 30.2364 0
    endloop
  endfacet
  facet normal 0.595851 -0.803095 0
    outer loop
      vertex 7.83062 33.3474 0
      vertex 8.02767 33.4936 2
      vertex 7.83062 33.3474 2
    endloop
  endfacet
  facet normal 0.595851 -0.803095 0
    outer loop
      vertex 8.02767 33.4936 2
      vertex 7.83062 33.3474 0
      vertex 8.02767 33.4936 0
    endloop
  endfacet
  facet normal 0.337059 0.941483 -0
    outer loop
      vertex 8.69089 29.0225 0
      vertex 8.45989 29.1052 2
      vertex 8.69089 29.0225 2
    endloop
  endfacet
  facet normal 0.337059 0.941483 0
    outer loop
      vertex 8.45989 29.1052 2
      vertex 8.69089 29.0225 0
      vertex 8.45989 29.1052 0
    endloop
  endfacet
  facet normal 0.941548 0.336879 0
    outer loop
      vertex 7.1069 30.4582 2
      vertex 7.02425 30.6892 0
      vertex 7.02425 30.6892 2
    endloop
  endfacet
  facet normal 0.941548 0.336879 0
    outer loop
      vertex 7.02425 30.6892 0
      vertex 7.1069 30.4582 2
      vertex 7.1069 30.4582 0
    endloop
  endfacet
  facet normal -0.803167 0.595754 0
    outer loop
      vertex 11.3491 29.8289 0
      vertex 11.4953 30.026 2
      vertex 11.4953 30.026 0
    endloop
  endfacet
  facet normal -0.803167 0.595754 0
    outer loop
      vertex 11.4953 30.026 2
      vertex 11.3491 29.8289 0
      vertex 11.3491 29.8289 2
    endloop
  endfacet
  facet normal -0.242948 0.970039 0
    outer loop
      vertex 10.1423 29.0225 0
      vertex 9.90433 28.9629 2
      vertex 10.1423 29.0225 2
    endloop
  endfacet
  facet normal -0.242948 0.970039 0
    outer loop
      vertex 9.90433 28.9629 2
      vertex 10.1423 29.0225 0
      vertex 9.90433 28.9629 0
    endloop
  endfacet
  facet normal 0.989177 -0.146726 0
    outer loop
      vertex 6.92864 31.6599 2
      vertex 6.96464 31.9026 0
      vertex 6.96464 31.9026 2
    endloop
  endfacet
  facet normal 0.989177 -0.146726 0
    outer loop
      vertex 6.96464 31.9026 0
      vertex 6.92864 31.6599 2
      vertex 6.92864 31.6599 0
    endloop
  endfacet
  facet normal -0.989177 0.146726 0
    outer loop
      vertex 11.8686 30.9272 0
      vertex 11.9046 31.1699 2
      vertex 11.9046 31.1699 0
    endloop
  endfacet
  facet normal -0.989177 0.146726 0
    outer loop
      vertex 11.9046 31.1699 2
      vertex 11.8686 30.9272 0
      vertex 11.8686 30.9272 2
    endloop
  endfacet
  facet normal -0.514076 0.857745 0
    outer loop
      vertex 10.8055 29.3362 0
      vertex 10.5951 29.2101 2
      vertex 10.8055 29.3362 2
    endloop
  endfacet
  facet normal -0.514076 0.857745 0
    outer loop
      vertex 10.5951 29.2101 2
      vertex 10.8055 29.3362 0
      vertex 10.5951 29.2101 0
    endloop
  endfacet
  facet normal 0.941548 -0.336879 0
    outer loop
      vertex 7.02425 32.1406 2
      vertex 7.1069 32.3716 0
      vertex 7.1069 32.3716 2
    endloop
  endfacet
  facet normal 0.941548 -0.336879 0
    outer loop
      vertex 7.1069 32.3716 0
      vertex 7.02425 32.1406 2
      vertex 7.02425 32.1406 0
    endloop
  endfacet
  facet normal 0.857691 0.514166 0
    outer loop
      vertex 7.33793 30.026 2
      vertex 7.2118 30.2364 0
      vertex 7.2118 30.2364 2
    endloop
  endfacet
  facet normal 0.857691 0.514166 0
    outer loop
      vertex 7.2118 30.2364 0
      vertex 7.33793 30.026 2
      vertex 7.33793 30.026 0
    endloop
  endfacet
  facet normal 0.048913 0.998803 -0
    outer loop
      vertex 9.4166 28.9149 0
      vertex 9.17156 28.9269 2
      vertex 9.4166 28.9149 2
    endloop
  endfacet
  facet normal 0.048913 0.998803 0
    outer loop
      vertex 9.17156 28.9269 2
      vertex 9.4166 28.9149 0
      vertex 9.17156 28.9269 0
    endloop
  endfacet
  facet normal -0.427543 0.903995 0
    outer loop
      vertex 10.5951 29.2101 0
      vertex 10.3733 29.1052 2
      vertex 10.5951 29.2101 2
    endloop
  endfacet
  facet normal -0.427543 0.903995 0
    outer loop
      vertex 10.3733 29.1052 2
      vertex 10.5951 29.2101 0
      vertex 10.3733 29.1052 0
    endloop
  endfacet
  facet normal -0.741101 0.671394 0
    outer loop
      vertex 11.1844 29.6471 0
      vertex 11.3491 29.8289 2
      vertex 11.3491 29.8289 0
    endloop
  endfacet
  facet normal -0.741101 0.671394 0
    outer loop
      vertex 11.3491 29.8289 2
      vertex 11.1844 29.6471 0
      vertex 11.1844 29.6471 2
    endloop
  endfacet
  facet normal 0.740979 -0.671528 0
    outer loop
      vertex 7.48407 33.0009 2
      vertex 7.64883 33.1827 0
      vertex 7.64883 33.1827 2
    endloop
  endfacet
  facet normal 0.740979 -0.671528 0
    outer loop
      vertex 7.64883 33.1827 0
      vertex 7.48407 33.0009 2
      vertex 7.48407 33.0009 0
    endloop
  endfacet
  facet normal 0.595851 -0.803095 0
    outer loop
      vertex 7.91402 17.0005 0
      vertex 8.11107 17.1467 2
      vertex 7.91402 17.0005 2
    endloop
  endfacet
  facet normal 0.595851 -0.803095 0
    outer loop
      vertex 8.11107 17.1467 2
      vertex 7.91402 17.0005 0
      vertex 8.11107 17.1467 0
    endloop
  endfacet
  facet normal 0.337059 -0.941483 0
    outer loop
      vertex 8.54329 17.3777 0
      vertex 8.77429 17.4604 2
      vertex 8.54329 17.3777 2
    endloop
  endfacet
  facet normal 0.337059 -0.941483 0
    outer loop
      vertex 8.77429 17.4604 2
      vertex 8.54329 17.3777 0
      vertex 8.77429 17.4604 0
    endloop
  endfacet
  facet normal -0.989177 -0.146726 0
    outer loop
      vertex 11.988 15.313 0
      vertex 11.952 15.5557 2
      vertex 11.952 15.5557 0
    endloop
  endfacet
  facet normal -0.989177 -0.146726 0
    outer loop
      vertex 11.952 15.5557 2
      vertex 11.988 15.313 0
      vertex 11.988 15.313 2
    endloop
  endfacet
  facet normal -0.998803 -0.0489209 0
    outer loop
      vertex 12 15.068 0
      vertex 11.988 15.313 2
      vertex 11.988 15.313 0
    endloop
  endfacet
  facet normal -0.998803 -0.0489209 0
    outer loop
      vertex 11.988 15.313 2
      vertex 12 15.068 0
      vertex 12 15.068 2
    endloop
  endfacet
  facet normal -0.970047 -0.242919 0
    outer loop
      vertex 11.952 15.5557 0
      vertex 11.8924 15.7937 2
      vertex 11.8924 15.7937 0
    endloop
  endfacet
  facet normal -0.970047 -0.242919 0
    outer loop
      vertex 11.8924 15.7937 2
      vertex 11.952 15.5557 0
      vertex 11.952 15.5557 2
    endloop
  endfacet
  facet normal -0.941483 -0.337059 0
    outer loop
      vertex 11.8924 15.7937 0
      vertex 11.8097 16.0247 2
      vertex 11.8097 16.0247 0
    endloop
  endfacet
  facet normal -0.941483 -0.337059 0
    outer loop
      vertex 11.8097 16.0247 2
      vertex 11.8924 15.7937 0
      vertex 11.8924 15.7937 2
    endloop
  endfacet
  facet normal -0.146732 -0.989176 0
    outer loop
      vertex 9.74504 17.556 0
      vertex 9.98773 17.52 2
      vertex 9.74504 17.556 2
    endloop
  endfacet
  facet normal -0.146732 -0.989176 -0
    outer loop
      vertex 9.98773 17.52 2
      vertex 9.74504 17.556 0
      vertex 9.98773 17.52 0
    endloop
  endfacet
  facet normal -0.941483 0.337059 0
    outer loop
      vertex 11.8097 14.1113 0
      vertex 11.8924 14.3423 2
      vertex 11.8924 14.3423 0
    endloop
  endfacet
  facet normal -0.941483 0.337059 0
    outer loop
      vertex 11.8924 14.3423 2
      vertex 11.8097 14.1113 0
      vertex 11.8097 14.1113 2
    endloop
  endfacet
  facet normal -0.998803 0.0489209 0
    outer loop
      vertex 11.988 14.823 0
      vertex 12 15.068 2
      vertex 12 15.068 0
    endloop
  endfacet
  facet normal -0.998803 0.0489209 0
    outer loop
      vertex 12 15.068 2
      vertex 11.988 14.823 0
      vertex 11.988 14.823 2
    endloop
  endfacet
  facet normal 0.740979 0.671528 0
    outer loop
      vertex 7.73223 13.3002 2
      vertex 7.56747 13.482 0
      vertex 7.56747 13.482 2
    endloop
  endfacet
  facet normal 0.740979 0.671528 0
    outer loop
      vertex 7.56747 13.482 0
      vertex 7.73223 13.3002 2
      vertex 7.73223 13.3002 0
    endloop
  endfacet
  facet normal 0.146732 -0.989176 0
    outer loop
      vertex 9.01227 17.52 0
      vertex 9.25496 17.556 2
      vertex 9.01227 17.52 2
    endloop
  endfacet
  facet normal 0.146732 -0.989176 0
    outer loop
      vertex 9.25496 17.556 2
      vertex 9.01227 17.52 0
      vertex 9.25496 17.556 0
    endloop
  endfacet
  facet normal 0.242938 -0.970042 0
    outer loop
      vertex 8.77429 17.4604 0
      vertex 9.01227 17.52 2
      vertex 8.77429 17.4604 2
    endloop
  endfacet
  facet normal 0.242938 -0.970042 0
    outer loop
      vertex 9.01227 17.52 2
      vertex 8.77429 17.4604 0
      vertex 9.01227 17.52 0
    endloop
  endfacet
  facet normal -0.671394 -0.741101 0
    outer loop
      vertex 11.086 17.0005 0
      vertex 11.2678 16.8358 2
      vertex 11.086 17.0005 2
    endloop
  endfacet
  facet normal -0.671394 -0.741101 -0
    outer loop
      vertex 11.2678 16.8358 2
      vertex 11.086 17.0005 0
      vertex 11.2678 16.8358 0
    endloop
  endfacet
  facet normal -0.427543 -0.903995 0
    outer loop
      vertex 10.4567 17.3777 0
      vertex 10.6785 17.2728 2
      vertex 10.4567 17.3777 2
    endloop
  endfacet
  facet normal -0.427543 -0.903995 -0
    outer loop
      vertex 10.6785 17.2728 2
      vertex 10.4567 17.3777 0
      vertex 10.6785 17.2728 0
    endloop
  endfacet
  facet normal -0.741101 -0.671394 0
    outer loop
      vertex 11.4325 16.654 0
      vertex 11.2678 16.8358 2
      vertex 11.2678 16.8358 0
    endloop
  endfacet
  facet normal -0.741101 -0.671394 0
    outer loop
      vertex 11.2678 16.8358 2
      vertex 11.4325 16.654 0
      vertex 11.4325 16.654 2
    endloop
  endfacet
  facet normal -0.803167 -0.595754 0
    outer loop
      vertex 11.5787 16.4569 0
      vertex 11.4325 16.654 2
      vertex 11.4325 16.654 0
    endloop
  endfacet
  facet normal -0.803167 -0.595754 0
    outer loop
      vertex 11.4325 16.654 2
      vertex 11.5787 16.4569 0
      vertex 11.5787 16.4569 2
    endloop
  endfacet
  facet normal 0.989177 -0.146726 0
    outer loop
      vertex 7.01204 15.313 2
      vertex 7.04804 15.5557 0
      vertex 7.04804 15.5557 2
    endloop
  endfacet
  facet normal 0.989177 -0.146726 0
    outer loop
      vertex 7.04804 15.5557 0
      vertex 7.01204 15.313 2
      vertex 7.01204 15.313 0
    endloop
  endfacet
  facet normal -0.903995 0.427543 0
    outer loop
      vertex 11.7048 13.8895 0
      vertex 11.8097 14.1113 2
      vertex 11.8097 14.1113 0
    endloop
  endfacet
  facet normal -0.903995 0.427543 0
    outer loop
      vertex 11.8097 14.1113 2
      vertex 11.7048 13.8895 0
      vertex 11.7048 13.8895 2
    endloop
  endfacet
  facet normal -0.903995 -0.427543 0
    outer loop
      vertex 11.8097 16.0247 0
      vertex 11.7048 16.2465 2
      vertex 11.7048 16.2465 0
    endloop
  endfacet
  facet normal -0.903995 -0.427543 0
    outer loop
      vertex 11.7048 16.2465 2
      vertex 11.8097 16.0247 0
      vertex 11.8097 16.0247 2
    endloop
  endfacet
  facet normal 0.803284 0.595596 0
    outer loop
      vertex 7.56747 13.482 2
      vertex 7.42133 13.6791 0
      vertex 7.42133 13.6791 2
    endloop
  endfacet
  facet normal 0.803284 0.595596 0
    outer loop
      vertex 7.42133 13.6791 0
      vertex 7.56747 13.482 2
      vertex 7.56747 13.482 0
    endloop
  endfacet
  facet normal 0.048913 -0.998803 0
    outer loop
      vertex 9.25496 17.556 0
      vertex 9.5 17.568 2
      vertex 9.25496 17.556 2
    endloop
  endfacet
  facet normal 0.048913 -0.998803 0
    outer loop
      vertex 9.5 17.568 2
      vertex 9.25496 17.556 0
      vertex 9.5 17.568 0
    endloop
  endfacet
  facet normal -0.595754 -0.803167 0
    outer loop
      vertex 10.8889 17.1467 0
      vertex 11.086 17.0005 2
      vertex 10.8889 17.1467 2
    endloop
  endfacet
  facet normal -0.595754 -0.803167 -0
    outer loop
      vertex 11.086 17.0005 2
      vertex 10.8889 17.1467 0
      vertex 11.086 17.0005 0
    endloop
  endfacet
  facet normal 0.671414 0.741083 -0
    outer loop
      vertex 7.91402 13.1355 0
      vertex 7.73223 13.3002 2
      vertex 7.91402 13.1355 2
    endloop
  endfacet
  facet normal 0.671414 0.741083 0
    outer loop
      vertex 7.73223 13.3002 2
      vertex 7.91402 13.1355 0
      vertex 7.73223 13.3002 0
    endloop
  endfacet
  facet normal -0.514076 -0.857745 0
    outer loop
      vertex 10.6785 17.2728 0
      vertex 10.8889 17.1467 2
      vertex 10.6785 17.2728 2
    endloop
  endfacet
  facet normal -0.514076 -0.857745 -0
    outer loop
      vertex 10.8889 17.1467 2
      vertex 10.6785 17.2728 0
      vertex 10.8889 17.1467 0
    endloop
  endfacet
  facet normal 0.427575 -0.90398 0
    outer loop
      vertex 8.32151 17.2728 0
      vertex 8.54329 17.3777 2
      vertex 8.32151 17.2728 2
    endloop
  endfacet
  facet normal 0.427575 -0.90398 0
    outer loop
      vertex 8.54329 17.3777 2
      vertex 8.32151 17.2728 0
      vertex 8.54329 17.3777 0
    endloop
  endfacet
  facet normal -0.970047 0.242919 0
    outer loop
      vertex 11.8924 14.3423 0
      vertex 11.952 14.5803 2
      vertex 11.952 14.5803 0
    endloop
  endfacet
  facet normal -0.970047 0.242919 0
    outer loop
      vertex 11.952 14.5803 2
      vertex 11.8924 14.3423 0
      vertex 11.8924 14.3423 2
    endloop
  endfacet
  facet normal -0.337059 -0.941483 0
    outer loop
      vertex 10.2257 17.4604 0
      vertex 10.4567 17.3777 2
      vertex 10.2257 17.4604 2
    endloop
  endfacet
  facet normal -0.337059 -0.941483 -0
    outer loop
      vertex 10.4567 17.3777 2
      vertex 10.2257 17.4604 0
      vertex 10.4567 17.3777 0
    endloop
  endfacet
  facet normal -0.989177 0.146726 0
    outer loop
      vertex 11.952 14.5803 0
      vertex 11.988 14.823 2
      vertex 11.988 14.823 0
    endloop
  endfacet
  facet normal -0.989177 0.146726 0
    outer loop
      vertex 11.988 14.823 2
      vertex 11.952 14.5803 0
      vertex 11.952 14.5803 2
    endloop
  endfacet
  facet normal 0.671414 -0.741083 0
    outer loop
      vertex 7.73223 16.8358 0
      vertex 7.91402 17.0005 2
      vertex 7.73223 16.8358 2
    endloop
  endfacet
  facet normal 0.671414 -0.741083 0
    outer loop
      vertex 7.91402 17.0005 2
      vertex 7.73223 16.8358 0
      vertex 7.91402 17.0005 0
    endloop
  endfacet
  facet normal -0.857745 -0.514076 0
    outer loop
      vertex 11.7048 16.2465 0
      vertex 11.5787 16.4569 2
      vertex 11.5787 16.4569 0
    endloop
  endfacet
  facet normal -0.857745 -0.514076 0
    outer loop
      vertex 11.5787 16.4569 2
      vertex 11.7048 16.2465 0
      vertex 11.7048 16.2465 2
    endloop
  endfacet
  facet normal -0.048913 -0.998803 0
    outer loop
      vertex 9.5 17.568 0
      vertex 9.74504 17.556 2
      vertex 9.5 17.568 2
    endloop
  endfacet
  facet normal -0.048913 -0.998803 -0
    outer loop
      vertex 9.74504 17.556 2
      vertex 9.5 17.568 0
      vertex 9.74504 17.556 0
    endloop
  endfacet
  facet normal -0.242948 -0.970039 0
    outer loop
      vertex 9.98773 17.52 0
      vertex 10.2257 17.4604 2
      vertex 9.98773 17.52 2
    endloop
  endfacet
  facet normal -0.242948 -0.970039 -0
    outer loop
      vertex 10.2257 17.4604 2
      vertex 9.98773 17.52 0
      vertex 10.2257 17.4604 0
    endloop
  endfacet
  facet normal 0.903995 0.427543 0
    outer loop
      vertex 7.2952 13.8895 2
      vertex 7.1903 14.1113 0
      vertex 7.1903 14.1113 2
    endloop
  endfacet
  facet normal 0.903995 0.427543 0
    outer loop
      vertex 7.1903 14.1113 0
      vertex 7.2952 13.8895 2
      vertex 7.2952 13.8895 0
    endloop
  endfacet
  facet normal 0.970037 -0.242958 0
    outer loop
      vertex 7.04804 15.5557 2
      vertex 7.10765 15.7937 0
      vertex 7.10765 15.7937 2
    endloop
  endfacet
  facet normal 0.970037 -0.242958 0
    outer loop
      vertex 7.10765 15.7937 0
      vertex 7.04804 15.5557 2
      vertex 7.04804 15.5557 0
    endloop
  endfacet
  facet normal 0.857691 -0.514166 0
    outer loop
      vertex 7.2952 16.2465 2
      vertex 7.42133 16.4569 0
      vertex 7.42133 16.4569 2
    endloop
  endfacet
  facet normal 0.857691 -0.514166 0
    outer loop
      vertex 7.42133 16.4569 0
      vertex 7.2952 16.2465 2
      vertex 7.2952 16.2465 0
    endloop
  endfacet
  facet normal 0.941548 0.336879 0
    outer loop
      vertex 7.1903 14.1113 2
      vertex 7.10765 14.3423 0
      vertex 7.10765 14.3423 2
    endloop
  endfacet
  facet normal 0.941548 0.336879 0
    outer loop
      vertex 7.10765 14.3423 0
      vertex 7.1903 14.1113 2
      vertex 7.1903 14.1113 0
    endloop
  endfacet
  facet normal 0.998795 0.0490836 0
    outer loop
      vertex 7.01204 14.823 2
      vertex 7 15.068 0
      vertex 7 15.068 2
    endloop
  endfacet
  facet normal 0.998795 0.0490836 0
    outer loop
      vertex 7 15.068 0
      vertex 7.01204 14.823 2
      vertex 7.01204 14.823 0
    endloop
  endfacet
  facet normal 0.740979 -0.671528 0
    outer loop
      vertex 7.56747 16.654 2
      vertex 7.73223 16.8358 0
      vertex 7.73223 16.8358 2
    endloop
  endfacet
  facet normal 0.740979 -0.671528 0
    outer loop
      vertex 7.73223 16.8358 0
      vertex 7.56747 16.654 2
      vertex 7.56747 16.654 0
    endloop
  endfacet
  facet normal 0.989177 0.146726 0
    outer loop
      vertex 7.04804 14.5803 2
      vertex 7.01204 14.823 0
      vertex 7.01204 14.823 2
    endloop
  endfacet
  facet normal 0.989177 0.146726 0
    outer loop
      vertex 7.01204 14.823 0
      vertex 7.04804 14.5803 2
      vertex 7.04804 14.5803 0
    endloop
  endfacet
  facet normal 0.803284 -0.595596 0
    outer loop
      vertex 7.42133 16.4569 2
      vertex 7.56747 16.654 0
      vertex 7.56747 16.654 2
    endloop
  endfacet
  facet normal 0.803284 -0.595596 0
    outer loop
      vertex 7.56747 16.654 0
      vertex 7.42133 16.4569 2
      vertex 7.42133 16.4569 0
    endloop
  endfacet
  facet normal -0.803167 0.595754 0
    outer loop
      vertex 11.4325 13.482 0
      vertex 11.5787 13.6791 2
      vertex 11.5787 13.6791 0
    endloop
  endfacet
  facet normal -0.803167 0.595754 0
    outer loop
      vertex 11.5787 13.6791 2
      vertex 11.4325 13.482 0
      vertex 11.4325 13.482 2
    endloop
  endfacet
  facet normal 0.514004 -0.857788 0
    outer loop
      vertex 8.11107 17.1467 0
      vertex 8.32151 17.2728 2
      vertex 8.11107 17.1467 2
    endloop
  endfacet
  facet normal 0.514004 -0.857788 0
    outer loop
      vertex 8.32151 17.2728 2
      vertex 8.11107 17.1467 0
      vertex 8.32151 17.2728 0
    endloop
  endfacet
  facet normal -0.857745 0.514076 0
    outer loop
      vertex 11.5787 13.6791 0
      vertex 11.7048 13.8895 2
      vertex 11.7048 13.8895 0
    endloop
  endfacet
  facet normal -0.857745 0.514076 0
    outer loop
      vertex 11.7048 13.8895 2
      vertex 11.5787 13.6791 0
      vertex 11.5787 13.6791 2
    endloop
  endfacet
  facet normal -0.596231 0.802813 0
    outer loop
      vertex 11.086 13.1355 0
      vertex 11.0382 13.1 2
      vertex 11.086 13.1355 2
    endloop
  endfacet
  facet normal -0.596231 0.802813 0
    outer loop
      vertex 11.0382 13.1 2
      vertex 11.086 13.1355 0
      vertex 11.0382 13.1 0
    endloop
  endfacet
  facet normal 0.857691 0.514166 0
    outer loop
      vertex 7.42133 13.6791 2
      vertex 7.2952 13.8895 0
      vertex 7.2952 13.8895 2
    endloop
  endfacet
  facet normal 0.857691 0.514166 0
    outer loop
      vertex 7.2952 13.8895 0
      vertex 7.42133 13.6791 2
      vertex 7.42133 13.6791 0
    endloop
  endfacet
  facet normal 0.941548 -0.336879 0
    outer loop
      vertex 7.10765 15.7937 2
      vertex 7.1903 16.0247 0
      vertex 7.1903 16.0247 2
    endloop
  endfacet
  facet normal 0.941548 -0.336879 0
    outer loop
      vertex 7.1903 16.0247 0
      vertex 7.10765 15.7937 2
      vertex 7.10765 15.7937 0
    endloop
  endfacet
  facet normal 0.903995 -0.427543 0
    outer loop
      vertex 7.1903 16.0247 2
      vertex 7.2952 16.2465 0
      vertex 7.2952 16.2465 2
    endloop
  endfacet
  facet normal 0.903995 -0.427543 0
    outer loop
      vertex 7.2952 16.2465 0
      vertex 7.1903 16.0247 2
      vertex 7.1903 16.0247 0
    endloop
  endfacet
  facet normal -0.671394 0.741101 0
    outer loop
      vertex 11.2678 13.3002 0
      vertex 11.086 13.1355 2
      vertex 11.2678 13.3002 2
    endloop
  endfacet
  facet normal -0.671394 0.741101 0
    outer loop
      vertex 11.086 13.1355 2
      vertex 11.2678 13.3002 0
      vertex 11.086 13.1355 0
    endloop
  endfacet
  facet normal 0.998795 -0.0490836 0
    outer loop
      vertex 7 15.068 2
      vertex 7.01204 15.313 0
      vertex 7.01204 15.313 2
    endloop
  endfacet
  facet normal 0.998795 -0.0490836 0
    outer loop
      vertex 7.01204 15.313 0
      vertex 7 15.068 2
      vertex 7 15.068 0
    endloop
  endfacet
  facet normal 0.970037 0.242958 0
    outer loop
      vertex 7.10765 14.3423 2
      vertex 7.04804 14.5803 0
      vertex 7.04804 14.5803 2
    endloop
  endfacet
  facet normal 0.970037 0.242958 0
    outer loop
      vertex 7.04804 14.5803 0
      vertex 7.10765 14.3423 2
      vertex 7.10765 14.3423 0
    endloop
  endfacet
  facet normal -0.741101 0.671394 0
    outer loop
      vertex 11.2678 13.3002 0
      vertex 11.4325 13.482 2
      vertex 11.4325 13.482 0
    endloop
  endfacet
  facet normal -0.741101 0.671394 0
    outer loop
      vertex 11.4325 13.482 2
      vertex 11.2678 13.3002 0
      vertex 11.2678 13.3002 2
    endloop
  endfacet
  facet normal 0.59599 0.802992 -0
    outer loop
      vertex 7.96185 13.1 0
      vertex 7.91402 13.1355 2
      vertex 7.96185 13.1 2
    endloop
  endfacet
  facet normal 0.59599 0.802992 0
    outer loop
      vertex 7.91402 13.1355 2
      vertex 7.96185 13.1 0
      vertex 7.91402 13.1355 0
    endloop
  endfacet
  facet normal 0.989359 0.145494 0
    outer loop
      vertex 34.3134 17.8634 2
      vertex 34.3034 17.9314 0
      vertex 34.3034 17.9314 2
    endloop
  endfacet
  facet normal 0.989359 0.145494 0
    outer loop
      vertex 34.3034 17.9314 0
      vertex 34.3134 17.8634 2
      vertex 34.3134 17.8634 0
    endloop
  endfacet
  facet normal -0.80348 0.595332 0
    outer loop
      vertex 35.5411 17.5559 0
      vertex 35.582 17.6111 2
      vertex 35.582 17.6111 0
    endloop
  endfacet
  facet normal -0.80348 0.595332 0
    outer loop
      vertex 35.582 17.6111 2
      vertex 35.5411 17.5559 0
      vertex 35.5411 17.5559 2
    endloop
  endfacet
  facet normal 0.998774 0.0495019 0
    outer loop
      vertex 34.3034 17.9314 2
      vertex 34.3 18 0
      vertex 34.3 18 2
    endloop
  endfacet
  facet normal 0.998774 0.0495019 0
    outer loop
      vertex 34.3 18 0
      vertex 34.3034 17.9314 2
      vertex 34.3034 17.9314 0
    endloop
  endfacet
  facet normal 0.595332 -0.80348 0
    outer loop
      vertex 34.5559 29.1411 0
      vertex 34.6111 29.182 2
      vertex 34.5559 29.1411 2
    endloop
  endfacet
  facet normal 0.595332 -0.80348 0
    outer loop
      vertex 34.6111 29.182 2
      vertex 34.5559 29.1411 0
      vertex 34.6111 29.182 0
    endloop
  endfacet
  facet normal -0.970314 0.24185 0
    outer loop
      vertex 35.6699 17.7968 0
      vertex 35.6865 17.8634 2
      vertex 35.6865 17.8634 0
    endloop
  endfacet
  facet normal -0.970314 0.24185 0
    outer loop
      vertex 35.6865 17.8634 2
      vertex 35.6699 17.7968 0
      vertex 35.6699 17.7968 2
    endloop
  endfacet
  facet normal -0.970314 -0.24185 0
    outer loop
      vertex 35.6865 28.7366 0
      vertex 35.6699 28.8032 2
      vertex 35.6699 28.8032 0
    endloop
  endfacet
  facet normal -0.970314 -0.24185 0
    outer loop
      vertex 35.6699 28.8032 2
      vertex 35.6865 28.7366 0
      vertex 35.6865 28.7366 2
    endloop
  endfacet
  facet normal 0.426709 0.904389 -0
    outer loop
      vertex 34.7321 17.3533 0
      vertex 34.67 17.3826 2
      vertex 34.7321 17.3533 2
    endloop
  endfacet
  facet normal 0.426709 0.904389 0
    outer loop
      vertex 34.67 17.3826 2
      vertex 34.7321 17.3533 0
      vertex 34.67 17.3826 0
    endloop
  endfacet
  facet normal 0.998774 -0.0495019 0
    outer loop
      vertex 34.3 28.6 2
      vertex 34.3034 28.6686 0
      vertex 34.3034 28.6686 2
    endloop
  endfacet
  facet normal 0.998774 -0.0495019 0
    outer loop
      vertex 34.3034 28.6686 0
      vertex 34.3 28.6 2
      vertex 34.3 28.6 0
    endloop
  endfacet
  facet normal 1 -0 0
    outer loop
      vertex 34.3 18 2
      vertex 34.3 28.6 0
      vertex 34.3 28.6 2
    endloop
  endfacet
  facet normal 1 0 0
    outer loop
      vertex 34.3 28.6 0
      vertex 34.3 18 2
      vertex 34.3 18 0
    endloop
  endfacet
  facet normal -0.998774 -0.0495019 0
    outer loop
      vertex 35.7 28.6 0
      vertex 35.6966 28.6686 2
      vertex 35.6966 28.6686 0
    endloop
  endfacet
  facet normal -0.998774 -0.0495019 0
    outer loop
      vertex 35.6966 28.6686 2
      vertex 35.7 28.6 0
      vertex 35.7 28.6 2
    endloop
  endfacet
  facet normal -0.671295 -0.741191 0
    outer loop
      vertex 35.4441 29.1411 0
      vertex 35.495 29.095 2
      vertex 35.4441 29.1411 2
    endloop
  endfacet
  facet normal -0.671295 -0.741191 -0
    outer loop
      vertex 35.495 29.095 2
      vertex 35.4441 29.1411 0
      vertex 35.495 29.095 0
    endloop
  endfacet
  facet normal -0.336244 -0.941775 0
    outer loop
      vertex 35.2032 29.2698 0
      vertex 35.2679 29.2467 2
      vertex 35.2032 29.2698 2
    endloop
  endfacet
  facet normal -0.336244 -0.941775 -0
    outer loop
      vertex 35.2679 29.2467 2
      vertex 35.2032 29.2698 0
      vertex 35.2679 29.2467 0
    endloop
  endfacet
  facet normal -0.941313 -0.337534 0
    outer loop
      vertex 35.6699 28.8032 0
      vertex 35.6467 28.8679 2
      vertex 35.6467 28.8679 0
    endloop
  endfacet
  facet normal -0.941313 -0.337534 0
    outer loop
      vertex 35.6467 28.8679 2
      vertex 35.6699 28.8032 0
      vertex 35.6699 28.8032 2
    endloop
  endfacet
  facet normal -0.85775 -0.514067 0
    outer loop
      vertex 35.6173 28.93 0
      vertex 35.582 28.9889 2
      vertex 35.582 28.9889 0
    endloop
  endfacet
  facet normal -0.85775 -0.514067 0
    outer loop
      vertex 35.582 28.9889 2
      vertex 35.6173 28.93 0
      vertex 35.6173 28.93 2
    endloop
  endfacet
  facet normal -0.989149 0.146918 0
    outer loop
      vertex 35.6865 17.8634 0
      vertex 35.6966 17.9314 2
      vertex 35.6966 17.9314 0
    endloop
  endfacet
  facet normal -0.989149 0.146918 0
    outer loop
      vertex 35.6966 17.9314 2
      vertex 35.6865 17.8634 0
      vertex 35.6865 17.8634 2
    endloop
  endfacet
  facet normal -0.243221 -0.969971 0
    outer loop
      vertex 35.1366 29.2865 0
      vertex 35.2032 29.2698 2
      vertex 35.1366 29.2865 2
    endloop
  endfacet
  facet normal -0.243221 -0.969971 -0
    outer loop
      vertex 35.2032 29.2698 2
      vertex 35.1366 29.2865 0
      vertex 35.2032 29.2698 0
    endloop
  endfacet
  facet normal -0.903827 0.427899 0
    outer loop
      vertex 35.6173 17.67 0
      vertex 35.6467 17.7321 2
      vertex 35.6467 17.7321 0
    endloop
  endfacet
  facet normal -0.903827 0.427899 0
    outer loop
      vertex 35.6467 17.7321 2
      vertex 35.6173 17.67 0
      vertex 35.6173 17.67 2
    endloop
  endfacet
  facet normal -0.595332 -0.80348 0
    outer loop
      vertex 35.3889 29.182 0
      vertex 35.4441 29.1411 2
      vertex 35.3889 29.182 2
    endloop
  endfacet
  facet normal -0.595332 -0.80348 -0
    outer loop
      vertex 35.4441 29.1411 2
      vertex 35.3889 29.182 0
      vertex 35.4441 29.1411 0
    endloop
  endfacet
  facet normal -0.741191 -0.671295 0
    outer loop
      vertex 35.5411 29.0441 0
      vertex 35.495 29.095 2
      vertex 35.495 29.095 0
    endloop
  endfacet
  facet normal -0.741191 -0.671295 0
    outer loop
      vertex 35.495 29.095 2
      vertex 35.5411 29.0441 0
      vertex 35.5411 29.0441 2
    endloop
  endfacet
  facet normal 0.336244 -0.941775 0
    outer loop
      vertex 34.7321 29.2467 0
      vertex 34.7968 29.2698 2
      vertex 34.7321 29.2467 2
    endloop
  endfacet
  facet normal 0.336244 -0.941775 0
    outer loop
      vertex 34.7968 29.2698 2
      vertex 34.7321 29.2467 0
      vertex 34.7968 29.2698 0
    endloop
  endfacet
  facet normal -0.145494 0.989359 0
    outer loop
      vertex 35.1366 17.3134 0
      vertex 35.0686 17.3034 2
      vertex 35.1366 17.3134 2
    endloop
  endfacet
  facet normal -0.145494 0.989359 0
    outer loop
      vertex 35.0686 17.3034 2
      vertex 35.1366 17.3134 0
      vertex 35.0686 17.3034 0
    endloop
  endfacet
  facet normal -0.998774 0.0495019 0
    outer loop
      vertex 35.6966 17.9314 0
      vertex 35.7 18 2
      vertex 35.7 18 0
    endloop
  endfacet
  facet normal -0.998774 0.0495019 0
    outer loop
      vertex 35.7 18 2
      vertex 35.6966 17.9314 0
      vertex 35.6966 17.9314 2
    endloop
  endfacet
  facet normal -1 0 0
    outer loop
      vertex 35.7 18 0
      vertex 35.7 28.6 2
      vertex 35.7 28.6 0
    endloop
  endfacet
  facet normal -1 -0 0
    outer loop
      vertex 35.7 28.6 2
      vertex 35.7 18 0
      vertex 35.7 18 2
    endloop
  endfacet
  facet normal 0.243221 0.969971 -0
    outer loop
      vertex 34.8634 17.3134 0
      vertex 34.7968 17.3301 2
      vertex 34.8634 17.3134 2
    endloop
  endfacet
  facet normal 0.243221 0.969971 0
    outer loop
      vertex 34.7968 17.3301 2
      vertex 34.8634 17.3134 0
      vertex 34.7968 17.3301 0
    endloop
  endfacet
  facet normal -0.989149 -0.146918 0
    outer loop
      vertex 35.6966 28.6686 0
      vertex 35.6865 28.7366 2
      vertex 35.6865 28.7366 0
    endloop
  endfacet
  facet normal -0.989149 -0.146918 0
    outer loop
      vertex 35.6865 28.7366 2
      vertex 35.6966 28.6686 0
      vertex 35.6966 28.6686 2
    endloop
  endfacet
  facet normal 0.0495019 0.998774 -0
    outer loop
      vertex 35 17.3 0
      vertex 34.9314 17.3034 2
      vertex 35 17.3 2
    endloop
  endfacet
  facet normal 0.0495019 0.998774 0
    outer loop
      vertex 34.9314 17.3034 2
      vertex 35 17.3 0
      vertex 34.9314 17.3034 0
    endloop
  endfacet
  facet normal 0.904389 0.426709 0
    outer loop
      vertex 34.3826 17.67 2
      vertex 34.3533 17.7321 0
      vertex 34.3533 17.7321 2
    endloop
  endfacet
  facet normal 0.904389 0.426709 0
    outer loop
      vertex 34.3533 17.7321 0
      vertex 34.3826 17.67 2
      vertex 34.3826 17.67 0
    endloop
  endfacet
  facet normal -0.427899 -0.903827 0
    outer loop
      vertex 35.2679 29.2467 0
      vertex 35.33 29.2173 2
      vertex 35.2679 29.2467 2
    endloop
  endfacet
  facet normal -0.427899 -0.903827 -0
    outer loop
      vertex 35.33 29.2173 2
      vertex 35.2679 29.2467 0
      vertex 35.33 29.2173 0
    endloop
  endfacet
  facet normal -0.741191 0.671295 0
    outer loop
      vertex 35.495 17.505 0
      vertex 35.5411 17.5559 2
      vertex 35.5411 17.5559 0
    endloop
  endfacet
  facet normal -0.741191 0.671295 0
    outer loop
      vertex 35.5411 17.5559 2
      vertex 35.495 17.505 0
      vertex 35.495 17.505 2
    endloop
  endfacet
  facet normal 0.0495019 -0.998774 0
    outer loop
      vertex 34.9314 29.2966 0
      vertex 35 29.3 2
      vertex 34.9314 29.2966 2
    endloop
  endfacet
  facet normal 0.0495019 -0.998774 0
    outer loop
      vertex 35 29.3 2
      vertex 34.9314 29.2966 0
      vertex 35 29.3 0
    endloop
  endfacet
  facet normal -0.595332 0.80348 0
    outer loop
      vertex 35.4441 17.4589 0
      vertex 35.3889 17.418 2
      vertex 35.4441 17.4589 2
    endloop
  endfacet
  facet normal -0.595332 0.80348 0
    outer loop
      vertex 35.3889 17.418 2
      vertex 35.4441 17.4589 0
      vertex 35.3889 17.418 0
    endloop
  endfacet
  facet normal -0.85775 0.514067 0
    outer loop
      vertex 35.582 17.6111 0
      vertex 35.6173 17.67 2
      vertex 35.6173 17.67 0
    endloop
  endfacet
  facet normal -0.85775 0.514067 0
    outer loop
      vertex 35.6173 17.67 2
      vertex 35.582 17.6111 0
      vertex 35.582 17.6111 2
    endloop
  endfacet
  facet normal 0.671295 -0.741191 0
    outer loop
      vertex 34.505 29.095 0
      vertex 34.5559 29.1411 2
      vertex 34.505 29.095 2
    endloop
  endfacet
  facet normal 0.671295 -0.741191 0
    outer loop
      vertex 34.5559 29.1411 2
      vertex 34.505 29.095 0
      vertex 34.5559 29.1411 0
    endloop
  endfacet
  facet normal 0.80348 -0.595332 0
    outer loop
      vertex 34.418 28.9889 2
      vertex 34.4589 29.0441 0
      vertex 34.4589 29.0441 2
    endloop
  endfacet
  facet normal 0.80348 -0.595332 0
    outer loop
      vertex 34.4589 29.0441 0
      vertex 34.418 28.9889 2
      vertex 34.418 28.9889 0
    endloop
  endfacet
  facet normal -0.903827 -0.427899 0
    outer loop
      vertex 35.6467 28.8679 0
      vertex 35.6173 28.93 2
      vertex 35.6173 28.93 0
    endloop
  endfacet
  facet normal -0.903827 -0.427899 0
    outer loop
      vertex 35.6173 28.93 2
      vertex 35.6467 28.8679 0
      vertex 35.6467 28.8679 2
    endloop
  endfacet
  facet normal -0.514067 -0.85775 0
    outer loop
      vertex 35.33 29.2173 0
      vertex 35.3889 29.182 2
      vertex 35.33 29.2173 2
    endloop
  endfacet
  facet normal -0.514067 -0.85775 -0
    outer loop
      vertex 35.3889 29.182 2
      vertex 35.33 29.2173 0
      vertex 35.3889 29.182 0
    endloop
  endfacet
  facet normal -0.146918 -0.989149 0
    outer loop
      vertex 35.0686 29.2966 0
      vertex 35.1366 29.2865 2
      vertex 35.0686 29.2966 2
    endloop
  endfacet
  facet normal -0.146918 -0.989149 -0
    outer loop
      vertex 35.1366 29.2865 2
      vertex 35.0686 29.2966 0
      vertex 35.1366 29.2865 0
    endloop
  endfacet
  facet normal 0.427899 -0.903827 0
    outer loop
      vertex 34.67 29.2173 0
      vertex 34.7321 29.2467 2
      vertex 34.67 29.2173 2
    endloop
  endfacet
  facet normal 0.427899 -0.903827 0
    outer loop
      vertex 34.7321 29.2467 2
      vertex 34.67 29.2173 0
      vertex 34.7321 29.2467 0
    endloop
  endfacet
  facet normal -0.243221 0.969971 0
    outer loop
      vertex 35.2032 17.3301 0
      vertex 35.1366 17.3134 2
      vertex 35.2032 17.3301 2
    endloop
  endfacet
  facet normal -0.243221 0.969971 0
    outer loop
      vertex 35.1366 17.3134 2
      vertex 35.2032 17.3301 0
      vertex 35.1366 17.3134 0
    endloop
  endfacet
  facet normal 0.514067 -0.85775 0
    outer loop
      vertex 34.6111 29.182 0
      vertex 34.67 29.2173 2
      vertex 34.6111 29.182 2
    endloop
  endfacet
  facet normal 0.514067 -0.85775 0
    outer loop
      vertex 34.67 29.2173 2
      vertex 34.6111 29.182 0
      vertex 34.67 29.2173 0
    endloop
  endfacet
  facet normal -0.80348 -0.595332 0
    outer loop
      vertex 35.582 28.9889 0
      vertex 35.5411 29.0441 2
      vertex 35.5411 29.0441 0
    endloop
  endfacet
  facet normal -0.80348 -0.595332 0
    outer loop
      vertex 35.5411 29.0441 2
      vertex 35.582 28.9889 0
      vertex 35.582 28.9889 2
    endloop
  endfacet
  facet normal -0.0495019 -0.998774 0
    outer loop
      vertex 35 29.3 0
      vertex 35.0686 29.2966 2
      vertex 35 29.3 2
    endloop
  endfacet
  facet normal -0.0495019 -0.998774 -0
    outer loop
      vertex 35.0686 29.2966 2
      vertex 35 29.3 0
      vertex 35.0686 29.2966 0
    endloop
  endfacet
  facet normal 0.741191 -0.671295 0
    outer loop
      vertex 34.4589 29.0441 2
      vertex 34.505 29.095 0
      vertex 34.505 29.095 2
    endloop
  endfacet
  facet normal 0.741191 -0.671295 0
    outer loop
      vertex 34.505 29.095 0
      vertex 34.4589 29.0441 2
      vertex 34.4589 29.0441 0
    endloop
  endfacet
  facet normal -0.515138 0.857107 0
    outer loop
      vertex 35.3889 17.418 0
      vertex 35.33 17.3826 2
      vertex 35.3889 17.418 2
    endloop
  endfacet
  facet normal -0.515138 0.857107 0
    outer loop
      vertex 35.33 17.3826 2
      vertex 35.3889 17.418 0
      vertex 35.33 17.3826 0
    endloop
  endfacet
  facet normal 0.857107 -0.515138 0
    outer loop
      vertex 34.3826 28.93 2
      vertex 34.418 28.9889 0
      vertex 34.418 28.9889 2
    endloop
  endfacet
  facet normal 0.857107 -0.515138 0
    outer loop
      vertex 34.418 28.9889 0
      vertex 34.3826 28.93 2
      vertex 34.3826 28.93 0
    endloop
  endfacet
  facet normal 0.145494 0.989359 -0
    outer loop
      vertex 34.9314 17.3034 0
      vertex 34.8634 17.3134 2
      vertex 34.9314 17.3034 2
    endloop
  endfacet
  facet normal 0.145494 0.989359 0
    outer loop
      vertex 34.8634 17.3134 2
      vertex 34.9314 17.3034 0
      vertex 34.8634 17.3134 0
    endloop
  endfacet
  facet normal 0.243221 -0.969971 0
    outer loop
      vertex 34.7968 29.2698 0
      vertex 34.8634 29.2865 2
      vertex 34.7968 29.2698 2
    endloop
  endfacet
  facet normal 0.243221 -0.969971 0
    outer loop
      vertex 34.8634 29.2865 2
      vertex 34.7968 29.2698 0
      vertex 34.8634 29.2865 0
    endloop
  endfacet
  facet normal -0.941313 0.337534 0
    outer loop
      vertex 35.6467 17.7321 0
      vertex 35.6699 17.7968 2
      vertex 35.6699 17.7968 0
    endloop
  endfacet
  facet normal -0.941313 0.337534 0
    outer loop
      vertex 35.6699 17.7968 2
      vertex 35.6467 17.7321 0
      vertex 35.6467 17.7321 2
    endloop
  endfacet
  facet normal 0.146918 -0.989149 0
    outer loop
      vertex 34.8634 29.2865 0
      vertex 34.9314 29.2966 2
      vertex 34.8634 29.2865 2
    endloop
  endfacet
  facet normal 0.146918 -0.989149 0
    outer loop
      vertex 34.9314 29.2966 2
      vertex 34.8634 29.2865 0
      vertex 34.9314 29.2966 0
    endloop
  endfacet
  facet normal 0.741191 0.671295 0
    outer loop
      vertex 34.505 17.505 2
      vertex 34.4589 17.5559 0
      vertex 34.4589 17.5559 2
    endloop
  endfacet
  facet normal 0.741191 0.671295 0
    outer loop
      vertex 34.4589 17.5559 0
      vertex 34.505 17.505 2
      vertex 34.505 17.505 0
    endloop
  endfacet
  facet normal 0.515138 0.857107 -0
    outer loop
      vertex 34.67 17.3826 0
      vertex 34.6111 17.418 2
      vertex 34.67 17.3826 2
    endloop
  endfacet
  facet normal 0.515138 0.857107 0
    outer loop
      vertex 34.6111 17.418 2
      vertex 34.67 17.3826 0
      vertex 34.6111 17.418 0
    endloop
  endfacet
  facet normal 0.969971 0.243221 0
    outer loop
      vertex 34.3301 17.7968 2
      vertex 34.3134 17.8634 0
      vertex 34.3134 17.8634 2
    endloop
  endfacet
  facet normal 0.969971 0.243221 0
    outer loop
      vertex 34.3134 17.8634 0
      vertex 34.3301 17.7968 2
      vertex 34.3301 17.7968 0
    endloop
  endfacet
  facet normal 0.969971 -0.243221 0
    outer loop
      vertex 34.3134 28.7366 2
      vertex 34.3301 28.8032 0
      vertex 34.3301 28.8032 2
    endloop
  endfacet
  facet normal 0.969971 -0.243221 0
    outer loop
      vertex 34.3301 28.8032 0
      vertex 34.3134 28.7366 2
      vertex 34.3134 28.7366 0
    endloop
  endfacet
  facet normal 0.989359 -0.145494 0
    outer loop
      vertex 34.3034 28.6686 2
      vertex 34.3134 28.7366 0
      vertex 34.3134 28.7366 2
    endloop
  endfacet
  facet normal 0.989359 -0.145494 0
    outer loop
      vertex 34.3134 28.7366 0
      vertex 34.3034 28.6686 2
      vertex 34.3034 28.6686 0
    endloop
  endfacet
  facet normal 0.904389 -0.426709 0
    outer loop
      vertex 34.3533 28.8679 2
      vertex 34.3826 28.93 0
      vertex 34.3826 28.93 2
    endloop
  endfacet
  facet normal 0.904389 -0.426709 0
    outer loop
      vertex 34.3826 28.93 0
      vertex 34.3533 28.8679 2
      vertex 34.3533 28.8679 0
    endloop
  endfacet
  facet normal 0.941313 -0.337534 0
    outer loop
      vertex 34.3301 28.8032 2
      vertex 34.3533 28.8679 0
      vertex 34.3533 28.8679 2
    endloop
  endfacet
  facet normal 0.941313 -0.337534 0
    outer loop
      vertex 34.3533 28.8679 0
      vertex 34.3301 28.8032 2
      vertex 34.3301 28.8032 0
    endloop
  endfacet
  facet normal -0.0495019 0.998774 0
    outer loop
      vertex 35.0686 17.3034 0
      vertex 35 17.3 2
      vertex 35.0686 17.3034 2
    endloop
  endfacet
  facet normal -0.0495019 0.998774 0
    outer loop
      vertex 35 17.3 2
      vertex 35.0686 17.3034 0
      vertex 35 17.3 0
    endloop
  endfacet
  facet normal 0.857107 0.515138 0
    outer loop
      vertex 34.418 17.6111 2
      vertex 34.3826 17.67 0
      vertex 34.3826 17.67 2
    endloop
  endfacet
  facet normal 0.857107 0.515138 0
    outer loop
      vertex 34.3826 17.67 0
      vertex 34.418 17.6111 2
      vertex 34.418 17.6111 0
    endloop
  endfacet
  facet normal 0.80348 0.595332 0
    outer loop
      vertex 34.4589 17.5559 2
      vertex 34.418 17.6111 0
      vertex 34.418 17.6111 2
    endloop
  endfacet
  facet normal 0.80348 0.595332 0
    outer loop
      vertex 34.418 17.6111 0
      vertex 34.4589 17.5559 2
      vertex 34.4589 17.5559 0
    endloop
  endfacet
  facet normal -0.337534 0.941313 0
    outer loop
      vertex 35.2679 17.3533 0
      vertex 35.2032 17.3301 2
      vertex 35.2679 17.3533 2
    endloop
  endfacet
  facet normal -0.337534 0.941313 0
    outer loop
      vertex 35.2032 17.3301 2
      vertex 35.2679 17.3533 0
      vertex 35.2032 17.3301 0
    endloop
  endfacet
  facet normal -0.426709 0.904389 0
    outer loop
      vertex 35.33 17.3826 0
      vertex 35.2679 17.3533 2
      vertex 35.33 17.3826 2
    endloop
  endfacet
  facet normal -0.426709 0.904389 0
    outer loop
      vertex 35.2679 17.3533 2
      vertex 35.33 17.3826 0
      vertex 35.2679 17.3533 0
    endloop
  endfacet
  facet normal 0.671295 0.741191 -0
    outer loop
      vertex 34.5559 17.4589 0
      vertex 34.505 17.505 2
      vertex 34.5559 17.4589 2
    endloop
  endfacet
  facet normal 0.671295 0.741191 0
    outer loop
      vertex 34.505 17.505 2
      vertex 34.5559 17.4589 0
      vertex 34.505 17.505 0
    endloop
  endfacet
  facet normal -0.671295 0.741191 0
    outer loop
      vertex 35.495 17.505 0
      vertex 35.4441 17.4589 2
      vertex 35.495 17.505 2
    endloop
  endfacet
  facet normal -0.671295 0.741191 0
    outer loop
      vertex 35.4441 17.4589 2
      vertex 35.495 17.505 0
      vertex 35.4441 17.4589 0
    endloop
  endfacet
  facet normal 0.337534 0.941313 -0
    outer loop
      vertex 34.7968 17.3301 0
      vertex 34.7321 17.3533 2
      vertex 34.7968 17.3301 2
    endloop
  endfacet
  facet normal 0.337534 0.941313 0
    outer loop
      vertex 34.7321 17.3533 2
      vertex 34.7968 17.3301 0
      vertex 34.7321 17.3533 0
    endloop
  endfacet
  facet normal 0.595332 0.80348 -0
    outer loop
      vertex 34.6111 17.418 0
      vertex 34.5559 17.4589 2
      vertex 34.6111 17.418 2
    endloop
  endfacet
  facet normal 0.595332 0.80348 0
    outer loop
      vertex 34.5559 17.4589 2
      vertex 34.6111 17.418 0
      vertex 34.5559 17.4589 0
    endloop
  endfacet
  facet normal 0.941313 0.337534 0
    outer loop
      vertex 34.3533 17.7321 2
      vertex 34.3301 17.7968 0
      vertex 34.3301 17.7968 2
    endloop
  endfacet
  facet normal 0.941313 0.337534 0
    outer loop
      vertex 34.3301 17.7968 0
      vertex 34.3533 17.7321 2
      vertex 34.3533 17.7321 0
    endloop
  endfacet
  facet normal 0.989359 0.145494 0
    outer loop
      vertex 38.3134 17.8634 2
      vertex 38.3034 17.9314 0
      vertex 38.3034 17.9314 2
    endloop
  endfacet
  facet normal 0.989359 0.145494 0
    outer loop
      vertex 38.3034 17.9314 0
      vertex 38.3134 17.8634 2
      vertex 38.3134 17.8634 0
    endloop
  endfacet
  facet normal -0.80348 0.595332 0
    outer loop
      vertex 39.5411 17.5559 0
      vertex 39.582 17.6111 2
      vertex 39.582 17.6111 0
    endloop
  endfacet
  facet normal -0.80348 0.595332 0
    outer loop
      vertex 39.582 17.6111 2
      vertex 39.5411 17.5559 0
      vertex 39.5411 17.5559 2
    endloop
  endfacet
  facet normal 0.998774 0.0495019 0
    outer loop
      vertex 38.3034 17.9314 2
      vertex 38.3 18 0
      vertex 38.3 18 2
    endloop
  endfacet
  facet normal 0.998774 0.0495019 0
    outer loop
      vertex 38.3 18 0
      vertex 38.3034 17.9314 2
      vertex 38.3034 17.9314 0
    endloop
  endfacet
  facet normal 0.595332 -0.80348 0
    outer loop
      vertex 38.5559 29.1411 0
      vertex 38.6111 29.182 2
      vertex 38.5559 29.1411 2
    endloop
  endfacet
  facet normal 0.595332 -0.80348 0
    outer loop
      vertex 38.6111 29.182 2
      vertex 38.5559 29.1411 0
      vertex 38.6111 29.182 0
    endloop
  endfacet
  facet normal -0.970314 0.24185 0
    outer loop
      vertex 39.6699 17.7968 0
      vertex 39.6865 17.8634 2
      vertex 39.6865 17.8634 0
    endloop
  endfacet
  facet normal -0.970314 0.24185 0
    outer loop
      vertex 39.6865 17.8634 2
      vertex 39.6699 17.7968 0
      vertex 39.6699 17.7968 2
    endloop
  endfacet
  facet normal -0.970314 -0.24185 0
    outer loop
      vertex 39.6865 28.7366 0
      vertex 39.6699 28.8032 2
      vertex 39.6699 28.8032 0
    endloop
  endfacet
  facet normal -0.970314 -0.24185 0
    outer loop
      vertex 39.6699 28.8032 2
      vertex 39.6865 28.7366 0
      vertex 39.6865 28.7366 2
    endloop
  endfacet
  facet normal 0.998774 -0.0495019 0
    outer loop
      vertex 38.3 28.6 2
      vertex 38.3034 28.6686 0
      vertex 38.3034 28.6686 2
    endloop
  endfacet
  facet normal 0.998774 -0.0495019 0
    outer loop
      vertex 38.3034 28.6686 0
      vertex 38.3 28.6 2
      vertex 38.3 28.6 0
    endloop
  endfacet
  facet normal 1 -0 0
    outer loop
      vertex 38.3 18 2
      vertex 38.3 28.6 0
      vertex 38.3 28.6 2
    endloop
  endfacet
  facet normal 1 0 0
    outer loop
      vertex 38.3 28.6 0
      vertex 38.3 18 2
      vertex 38.3 18 0
    endloop
  endfacet
  facet normal -0.998774 -0.0495019 0
    outer loop
      vertex 39.7 28.6 0
      vertex 39.6966 28.6686 2
      vertex 39.6966 28.6686 0
    endloop
  endfacet
  facet normal -0.998774 -0.0495019 0
    outer loop
      vertex 39.6966 28.6686 2
      vertex 39.7 28.6 0
      vertex 39.7 28.6 2
    endloop
  endfacet
  facet normal -0.671295 -0.741191 0
    outer loop
      vertex 39.4441 29.1411 0
      vertex 39.495 29.095 2
      vertex 39.4441 29.1411 2
    endloop
  endfacet
  facet normal -0.671295 -0.741191 -0
    outer loop
      vertex 39.495 29.095 2
      vertex 39.4441 29.1411 0
      vertex 39.495 29.095 0
    endloop
  endfacet
  facet normal -0.0495019 -0.998774 0
    outer loop
      vertex 39 29.3 0
      vertex 39.0686 29.2966 2
      vertex 39 29.3 2
    endloop
  endfacet
  facet normal -0.0495019 -0.998774 -0
    outer loop
      vertex 39.0686 29.2966 2
      vertex 39 29.3 0
      vertex 39.0686 29.2966 0
    endloop
  endfacet
  facet normal -0.336244 -0.941775 0
    outer loop
      vertex 39.2032 29.2698 0
      vertex 39.2679 29.2467 2
      vertex 39.2032 29.2698 2
    endloop
  endfacet
  facet normal -0.336244 -0.941775 -0
    outer loop
      vertex 39.2679 29.2467 2
      vertex 39.2032 29.2698 0
      vertex 39.2679 29.2467 0
    endloop
  endfacet
  facet normal -0.941313 -0.337534 0
    outer loop
      vertex 39.6699 28.8032 0
      vertex 39.6467 28.8679 2
      vertex 39.6467 28.8679 0
    endloop
  endfacet
  facet normal -0.941313 -0.337534 0
    outer loop
      vertex 39.6467 28.8679 2
      vertex 39.6699 28.8032 0
      vertex 39.6699 28.8032 2
    endloop
  endfacet
  facet normal -0.85775 -0.514067 0
    outer loop
      vertex 39.6173 28.93 0
      vertex 39.582 28.9889 2
      vertex 39.582 28.9889 0
    endloop
  endfacet
  facet normal -0.85775 -0.514067 0
    outer loop
      vertex 39.582 28.9889 2
      vertex 39.6173 28.93 0
      vertex 39.6173 28.93 2
    endloop
  endfacet
  facet normal -0.989149 0.146918 0
    outer loop
      vertex 39.6865 17.8634 0
      vertex 39.6966 17.9314 2
      vertex 39.6966 17.9314 0
    endloop
  endfacet
  facet normal -0.989149 0.146918 0
    outer loop
      vertex 39.6966 17.9314 2
      vertex 39.6865 17.8634 0
      vertex 39.6865 17.8634 2
    endloop
  endfacet
  facet normal -0.243221 -0.969971 0
    outer loop
      vertex 39.1366 29.2865 0
      vertex 39.2032 29.2698 2
      vertex 39.1366 29.2865 2
    endloop
  endfacet
  facet normal -0.243221 -0.969971 -0
    outer loop
      vertex 39.2032 29.2698 2
      vertex 39.1366 29.2865 0
      vertex 39.2032 29.2698 0
    endloop
  endfacet
  facet normal -0.903827 0.427899 0
    outer loop
      vertex 39.6173 17.67 0
      vertex 39.6467 17.7321 2
      vertex 39.6467 17.7321 0
    endloop
  endfacet
  facet normal -0.903827 0.427899 0
    outer loop
      vertex 39.6467 17.7321 2
      vertex 39.6173 17.67 0
      vertex 39.6173 17.67 2
    endloop
  endfacet
  facet normal -0.595332 -0.80348 0
    outer loop
      vertex 39.3889 29.182 0
      vertex 39.4441 29.1411 2
      vertex 39.3889 29.182 2
    endloop
  endfacet
  facet normal -0.595332 -0.80348 -0
    outer loop
      vertex 39.4441 29.1411 2
      vertex 39.3889 29.182 0
      vertex 39.4441 29.1411 0
    endloop
  endfacet
  facet normal -0.741191 -0.671295 0
    outer loop
      vertex 39.5411 29.0441 0
      vertex 39.495 29.095 2
      vertex 39.495 29.095 0
    endloop
  endfacet
  facet normal -0.741191 -0.671295 0
    outer loop
      vertex 39.495 29.095 2
      vertex 39.5411 29.0441 0
      vertex 39.5411 29.0441 2
    endloop
  endfacet
  facet normal 0.336244 -0.941775 0
    outer loop
      vertex 38.7321 29.2467 0
      vertex 38.7968 29.2698 2
      vertex 38.7321 29.2467 2
    endloop
  endfacet
  facet normal 0.336244 -0.941775 0
    outer loop
      vertex 38.7968 29.2698 2
      vertex 38.7321 29.2467 0
      vertex 38.7968 29.2698 0
    endloop
  endfacet
  facet normal -0.145494 0.989359 0
    outer loop
      vertex 39.1366 17.3134 0
      vertex 39.0686 17.3034 2
      vertex 39.1366 17.3134 2
    endloop
  endfacet
  facet normal -0.145494 0.989359 0
    outer loop
      vertex 39.0686 17.3034 2
      vertex 39.1366 17.3134 0
      vertex 39.0686 17.3034 0
    endloop
  endfacet
  facet normal -0.998774 0.0495019 0
    outer loop
      vertex 39.6966 17.9314 0
      vertex 39.7 18 2
      vertex 39.7 18 0
    endloop
  endfacet
  facet normal -0.998774 0.0495019 0
    outer loop
      vertex 39.7 18 2
      vertex 39.6966 17.9314 0
      vertex 39.6966 17.9314 2
    endloop
  endfacet
  facet normal -1 0 0
    outer loop
      vertex 39.7 18 0
      vertex 39.7 28.6 2
      vertex 39.7 28.6 0
    endloop
  endfacet
  facet normal -1 -0 0
    outer loop
      vertex 39.7 28.6 2
      vertex 39.7 18 0
      vertex 39.7 18 2
    endloop
  endfacet
  facet normal 0.243221 0.969971 -0
    outer loop
      vertex 38.8634 17.3134 0
      vertex 38.7968 17.3301 2
      vertex 38.8634 17.3134 2
    endloop
  endfacet
  facet normal 0.243221 0.969971 0
    outer loop
      vertex 38.7968 17.3301 2
      vertex 38.8634 17.3134 0
      vertex 38.7968 17.3301 0
    endloop
  endfacet
  facet normal -0.989149 -0.146918 0
    outer loop
      vertex 39.6966 28.6686 0
      vertex 39.6865 28.7366 2
      vertex 39.6865 28.7366 0
    endloop
  endfacet
  facet normal -0.989149 -0.146918 0
    outer loop
      vertex 39.6865 28.7366 2
      vertex 39.6966 28.6686 0
      vertex 39.6966 28.6686 2
    endloop
  endfacet
  facet normal 0.0495019 0.998774 -0
    outer loop
      vertex 39 17.3 0
      vertex 38.9314 17.3034 2
      vertex 39 17.3 2
    endloop
  endfacet
  facet normal 0.0495019 0.998774 0
    outer loop
      vertex 38.9314 17.3034 2
      vertex 39 17.3 0
      vertex 38.9314 17.3034 0
    endloop
  endfacet
  facet normal 0.904389 0.426709 0
    outer loop
      vertex 38.3826 17.67 2
      vertex 38.3533 17.7321 0
      vertex 38.3533 17.7321 2
    endloop
  endfacet
  facet normal 0.904389 0.426709 0
    outer loop
      vertex 38.3533 17.7321 0
      vertex 38.3826 17.67 2
      vertex 38.3826 17.67 0
    endloop
  endfacet
  facet normal -0.427899 -0.903827 0
    outer loop
      vertex 39.2679 29.2467 0
      vertex 39.33 29.2173 2
      vertex 39.2679 29.2467 2
    endloop
  endfacet
  facet normal -0.427899 -0.903827 -0
    outer loop
      vertex 39.33 29.2173 2
      vertex 39.2679 29.2467 0
      vertex 39.33 29.2173 0
    endloop
  endfacet
  facet normal -0.741191 0.671295 0
    outer loop
      vertex 39.495 17.505 0
      vertex 39.5411 17.5559 2
      vertex 39.5411 17.5559 0
    endloop
  endfacet
  facet normal -0.741191 0.671295 0
    outer loop
      vertex 39.5411 17.5559 2
      vertex 39.495 17.505 0
      vertex 39.495 17.505 2
    endloop
  endfacet
  facet normal 0.0495019 -0.998774 0
    outer loop
      vertex 38.9314 29.2966 0
      vertex 39 29.3 2
      vertex 38.9314 29.2966 2
    endloop
  endfacet
  facet normal 0.0495019 -0.998774 0
    outer loop
      vertex 39 29.3 2
      vertex 38.9314 29.2966 0
      vertex 39 29.3 0
    endloop
  endfacet
  facet normal -0.595332 0.80348 0
    outer loop
      vertex 39.4441 17.4589 0
      vertex 39.3889 17.418 2
      vertex 39.4441 17.4589 2
    endloop
  endfacet
  facet normal -0.595332 0.80348 0
    outer loop
      vertex 39.3889 17.418 2
      vertex 39.4441 17.4589 0
      vertex 39.3889 17.418 0
    endloop
  endfacet
  facet normal -0.85775 0.514067 0
    outer loop
      vertex 39.582 17.6111 0
      vertex 39.6173 17.67 2
      vertex 39.6173 17.67 0
    endloop
  endfacet
  facet normal -0.85775 0.514067 0
    outer loop
      vertex 39.6173 17.67 2
      vertex 39.582 17.6111 0
      vertex 39.582 17.6111 2
    endloop
  endfacet
  facet normal 0.671295 -0.741191 0
    outer loop
      vertex 38.505 29.095 0
      vertex 38.5559 29.1411 2
      vertex 38.505 29.095 2
    endloop
  endfacet
  facet normal 0.671295 -0.741191 0
    outer loop
      vertex 38.5559 29.1411 2
      vertex 38.505 29.095 0
      vertex 38.5559 29.1411 0
    endloop
  endfacet
  facet normal 0.80348 -0.595332 0
    outer loop
      vertex 38.418 28.9889 2
      vertex 38.4589 29.0441 0
      vertex 38.4589 29.0441 2
    endloop
  endfacet
  facet normal 0.80348 -0.595332 0
    outer loop
      vertex 38.4589 29.0441 0
      vertex 38.418 28.9889 2
      vertex 38.418 28.9889 0
    endloop
  endfacet
  facet normal -0.903827 -0.427899 0
    outer loop
      vertex 39.6467 28.8679 0
      vertex 39.6173 28.93 2
      vertex 39.6173 28.93 0
    endloop
  endfacet
  facet normal -0.903827 -0.427899 0
    outer loop
      vertex 39.6173 28.93 2
      vertex 39.6467 28.8679 0
      vertex 39.6467 28.8679 2
    endloop
  endfacet
  facet normal -0.514067 -0.85775 0
    outer loop
      vertex 39.33 29.2173 0
      vertex 39.3889 29.182 2
      vertex 39.33 29.2173 2
    endloop
  endfacet
  facet normal -0.514067 -0.85775 -0
    outer loop
      vertex 39.3889 29.182 2
      vertex 39.33 29.2173 0
      vertex 39.3889 29.182 0
    endloop
  endfacet
  facet normal -0.146918 -0.989149 0
    outer loop
      vertex 39.0686 29.2966 0
      vertex 39.1366 29.2865 2
      vertex 39.0686 29.2966 2
    endloop
  endfacet
  facet normal -0.146918 -0.989149 -0
    outer loop
      vertex 39.1366 29.2865 2
      vertex 39.0686 29.2966 0
      vertex 39.1366 29.2865 0
    endloop
  endfacet
  facet normal 0.427899 -0.903827 0
    outer loop
      vertex 38.67 29.2173 0
      vertex 38.7321 29.2467 2
      vertex 38.67 29.2173 2
    endloop
  endfacet
  facet normal 0.427899 -0.903827 0
    outer loop
      vertex 38.7321 29.2467 2
      vertex 38.67 29.2173 0
      vertex 38.7321 29.2467 0
    endloop
  endfacet
  facet normal -0.243221 0.969971 0
    outer loop
      vertex 39.2032 17.3301 0
      vertex 39.1366 17.3134 2
      vertex 39.2032 17.3301 2
    endloop
  endfacet
  facet normal -0.243221 0.969971 0
    outer loop
      vertex 39.1366 17.3134 2
      vertex 39.2032 17.3301 0
      vertex 39.1366 17.3134 0
    endloop
  endfacet
  facet normal 0.514067 -0.85775 0
    outer loop
      vertex 38.6111 29.182 0
      vertex 38.67 29.2173 2
      vertex 38.6111 29.182 2
    endloop
  endfacet
  facet normal 0.514067 -0.85775 0
    outer loop
      vertex 38.67 29.2173 2
      vertex 38.6111 29.182 0
      vertex 38.67 29.2173 0
    endloop
  endfacet
  facet normal -0.80348 -0.595332 0
    outer loop
      vertex 39.582 28.9889 0
      vertex 39.5411 29.0441 2
      vertex 39.5411 29.0441 0
    endloop
  endfacet
  facet normal -0.80348 -0.595332 0
    outer loop
      vertex 39.5411 29.0441 2
      vertex 39.582 28.9889 0
      vertex 39.582 28.9889 2
    endloop
  endfacet
  facet normal 0.741191 -0.671295 0
    outer loop
      vertex 38.4589 29.0441 2
      vertex 38.505 29.095 0
      vertex 38.505 29.095 2
    endloop
  endfacet
  facet normal 0.741191 -0.671295 0
    outer loop
      vertex 38.505 29.095 0
      vertex 38.4589 29.0441 2
      vertex 38.4589 29.0441 0
    endloop
  endfacet
  facet normal -0.515138 0.857107 0
    outer loop
      vertex 39.3889 17.418 0
      vertex 39.33 17.3826 2
      vertex 39.3889 17.418 2
    endloop
  endfacet
  facet normal -0.515138 0.857107 0
    outer loop
      vertex 39.33 17.3826 2
      vertex 39.3889 17.418 0
      vertex 39.33 17.3826 0
    endloop
  endfacet
  facet normal 0.857107 -0.515138 0
    outer loop
      vertex 38.3826 28.93 2
      vertex 38.418 28.9889 0
      vertex 38.418 28.9889 2
    endloop
  endfacet
  facet normal 0.857107 -0.515138 0
    outer loop
      vertex 38.418 28.9889 0
      vertex 38.3826 28.93 2
      vertex 38.3826 28.93 0
    endloop
  endfacet
  facet normal 0.145494 0.989359 -0
    outer loop
      vertex 38.9314 17.3034 0
      vertex 38.8634 17.3134 2
      vertex 38.9314 17.3034 2
    endloop
  endfacet
  facet normal 0.145494 0.989359 0
    outer loop
      vertex 38.8634 17.3134 2
      vertex 38.9314 17.3034 0
      vertex 38.8634 17.3134 0
    endloop
  endfacet
  facet normal 0.243221 -0.969971 0
    outer loop
      vertex 38.7968 29.2698 0
      vertex 38.8634 29.2865 2
      vertex 38.7968 29.2698 2
    endloop
  endfacet
  facet normal 0.243221 -0.969971 0
    outer loop
      vertex 38.8634 29.2865 2
      vertex 38.7968 29.2698 0
      vertex 38.8634 29.2865 0
    endloop
  endfacet
  facet normal -0.941313 0.337534 0
    outer loop
      vertex 39.6467 17.7321 0
      vertex 39.6699 17.7968 2
      vertex 39.6699 17.7968 0
    endloop
  endfacet
  facet normal -0.941313 0.337534 0
    outer loop
      vertex 39.6699 17.7968 2
      vertex 39.6467 17.7321 0
      vertex 39.6467 17.7321 2
    endloop
  endfacet
  facet normal 0.146918 -0.989149 0
    outer loop
      vertex 38.8634 29.2865 0
      vertex 38.9314 29.2966 2
      vertex 38.8634 29.2865 2
    endloop
  endfacet
  facet normal 0.146918 -0.989149 0
    outer loop
      vertex 38.9314 29.2966 2
      vertex 38.8634 29.2865 0
      vertex 38.9314 29.2966 0
    endloop
  endfacet
  facet normal 0.741191 0.671295 0
    outer loop
      vertex 38.505 17.505 2
      vertex 38.4589 17.5559 0
      vertex 38.4589 17.5559 2
    endloop
  endfacet
  facet normal 0.741191 0.671295 0
    outer loop
      vertex 38.4589 17.5559 0
      vertex 38.505 17.505 2
      vertex 38.505 17.505 0
    endloop
  endfacet
  facet normal 0.515138 0.857107 -0
    outer loop
      vertex 38.67 17.3826 0
      vertex 38.6111 17.418 2
      vertex 38.67 17.3826 2
    endloop
  endfacet
  facet normal 0.515138 0.857107 0
    outer loop
      vertex 38.6111 17.418 2
      vertex 38.67 17.3826 0
      vertex 38.6111 17.418 0
    endloop
  endfacet
  facet normal 0.426709 0.904389 -0
    outer loop
      vertex 38.7321 17.3533 0
      vertex 38.67 17.3826 2
      vertex 38.7321 17.3533 2
    endloop
  endfacet
  facet normal 0.426709 0.904389 0
    outer loop
      vertex 38.67 17.3826 2
      vertex 38.7321 17.3533 0
      vertex 38.67 17.3826 0
    endloop
  endfacet
  facet normal 0.969971 -0.243221 0
    outer loop
      vertex 38.3134 28.7366 2
      vertex 38.3301 28.8032 0
      vertex 38.3301 28.8032 2
    endloop
  endfacet
  facet normal 0.969971 -0.243221 0
    outer loop
      vertex 38.3301 28.8032 0
      vertex 38.3134 28.7366 2
      vertex 38.3134 28.7366 0
    endloop
  endfacet
  facet normal 0.989359 -0.145494 0
    outer loop
      vertex 38.3034 28.6686 2
      vertex 38.3134 28.7366 0
      vertex 38.3134 28.7366 2
    endloop
  endfacet
  facet normal 0.989359 -0.145494 0
    outer loop
      vertex 38.3134 28.7366 0
      vertex 38.3034 28.6686 2
      vertex 38.3034 28.6686 0
    endloop
  endfacet
  facet normal 0.904389 -0.426709 0
    outer loop
      vertex 38.3533 28.8679 2
      vertex 38.3826 28.93 0
      vertex 38.3826 28.93 2
    endloop
  endfacet
  facet normal 0.904389 -0.426709 0
    outer loop
      vertex 38.3826 28.93 0
      vertex 38.3533 28.8679 2
      vertex 38.3533 28.8679 0
    endloop
  endfacet
  facet normal 0.941313 -0.337534 0
    outer loop
      vertex 38.3301 28.8032 2
      vertex 38.3533 28.8679 0
      vertex 38.3533 28.8679 2
    endloop
  endfacet
  facet normal 0.941313 -0.337534 0
    outer loop
      vertex 38.3533 28.8679 0
      vertex 38.3301 28.8032 2
      vertex 38.3301 28.8032 0
    endloop
  endfacet
  facet normal -0.0495019 0.998774 0
    outer loop
      vertex 39.0686 17.3034 0
      vertex 39 17.3 2
      vertex 39.0686 17.3034 2
    endloop
  endfacet
  facet normal -0.0495019 0.998774 0
    outer loop
      vertex 39 17.3 2
      vertex 39.0686 17.3034 0
      vertex 39 17.3 0
    endloop
  endfacet
  facet normal 0.857107 0.515138 0
    outer loop
      vertex 38.418 17.6111 2
      vertex 38.3826 17.67 0
      vertex 38.3826 17.67 2
    endloop
  endfacet
  facet normal 0.857107 0.515138 0
    outer loop
      vertex 38.3826 17.67 0
      vertex 38.418 17.6111 2
      vertex 38.418 17.6111 0
    endloop
  endfacet
  facet normal 0.80348 0.595332 0
    outer loop
      vertex 38.4589 17.5559 2
      vertex 38.418 17.6111 0
      vertex 38.418 17.6111 2
    endloop
  endfacet
  facet normal 0.80348 0.595332 0
    outer loop
      vertex 38.418 17.6111 0
      vertex 38.4589 17.5559 2
      vertex 38.4589 17.5559 0
    endloop
  endfacet
  facet normal -0.337534 0.941313 0
    outer loop
      vertex 39.2679 17.3533 0
      vertex 39.2032 17.3301 2
      vertex 39.2679 17.3533 2
    endloop
  endfacet
  facet normal -0.337534 0.941313 0
    outer loop
      vertex 39.2032 17.3301 2
      vertex 39.2679 17.3533 0
      vertex 39.2032 17.3301 0
    endloop
  endfacet
  facet normal -0.426709 0.904389 0
    outer loop
      vertex 39.33 17.3826 0
      vertex 39.2679 17.3533 2
      vertex 39.33 17.3826 2
    endloop
  endfacet
  facet normal -0.426709 0.904389 0
    outer loop
      vertex 39.2679 17.3533 2
      vertex 39.33 17.3826 0
      vertex 39.2679 17.3533 0
    endloop
  endfacet
  facet normal 0.671295 0.741191 -0
    outer loop
      vertex 38.5559 17.4589 0
      vertex 38.505 17.505 2
      vertex 38.5559 17.4589 2
    endloop
  endfacet
  facet normal 0.671295 0.741191 0
    outer loop
      vertex 38.505 17.505 2
      vertex 38.5559 17.4589 0
      vertex 38.505 17.505 0
    endloop
  endfacet
  facet normal -0.671295 0.741191 0
    outer loop
      vertex 39.495 17.505 0
      vertex 39.4441 17.4589 2
      vertex 39.495 17.505 2
    endloop
  endfacet
  facet normal -0.671295 0.741191 0
    outer loop
      vertex 39.4441 17.4589 2
      vertex 39.495 17.505 0
      vertex 39.4441 17.4589 0
    endloop
  endfacet
  facet normal 0.337534 0.941313 -0
    outer loop
      vertex 38.7968 17.3301 0
      vertex 38.7321 17.3533 2
      vertex 38.7968 17.3301 2
    endloop
  endfacet
  facet normal 0.337534 0.941313 0
    outer loop
      vertex 38.7321 17.3533 2
      vertex 38.7968 17.3301 0
      vertex 38.7321 17.3533 0
    endloop
  endfacet
  facet normal 0.595332 0.80348 -0
    outer loop
      vertex 38.6111 17.418 0
      vertex 38.5559 17.4589 2
      vertex 38.6111 17.418 2
    endloop
  endfacet
  facet normal 0.595332 0.80348 0
    outer loop
      vertex 38.5559 17.4589 2
      vertex 38.6111 17.418 0
      vertex 38.5559 17.4589 0
    endloop
  endfacet
  facet normal 0.941313 0.337534 0
    outer loop
      vertex 38.3533 17.7321 2
      vertex 38.3301 17.7968 0
      vertex 38.3301 17.7968 2
    endloop
  endfacet
  facet normal 0.941313 0.337534 0
    outer loop
      vertex 38.3301 17.7968 0
      vertex 38.3533 17.7321 2
      vertex 38.3533 17.7321 0
    endloop
  endfacet
  facet normal 0.969971 0.243221 0
    outer loop
      vertex 38.3301 17.7968 2
      vertex 38.3134 17.8634 0
      vertex 38.3134 17.8634 2
    endloop
  endfacet
  facet normal 0.969971 0.243221 0
    outer loop
      vertex 38.3134 17.8634 0
      vertex 38.3301 17.7968 2
      vertex 38.3301 17.7968 0
    endloop
  endfacet
  facet normal 0.989359 0.145494 0
    outer loop
      vertex 42.3134 17.8634 2
      vertex 42.3034 17.9314 0
      vertex 42.3034 17.9314 2
    endloop
  endfacet
  facet normal 0.989359 0.145494 0
    outer loop
      vertex 42.3034 17.9314 0
      vertex 42.3134 17.8634 2
      vertex 42.3134 17.8634 0
    endloop
  endfacet
  facet normal -0.80348 0.595332 0
    outer loop
      vertex 43.5411 17.5559 0
      vertex 43.582 17.6111 2
      vertex 43.582 17.6111 0
    endloop
  endfacet
  facet normal -0.80348 0.595332 0
    outer loop
      vertex 43.582 17.6111 2
      vertex 43.5411 17.5559 0
      vertex 43.5411 17.5559 2
    endloop
  endfacet
  facet normal 0.998774 0.0495019 0
    outer loop
      vertex 42.3034 17.9314 2
      vertex 42.3 18 0
      vertex 42.3 18 2
    endloop
  endfacet
  facet normal 0.998774 0.0495019 0
    outer loop
      vertex 42.3 18 0
      vertex 42.3034 17.9314 2
      vertex 42.3034 17.9314 0
    endloop
  endfacet
  facet normal 0.595332 -0.80348 0
    outer loop
      vertex 42.5559 29.1411 0
      vertex 42.6111 29.182 2
      vertex 42.5559 29.1411 2
    endloop
  endfacet
  facet normal 0.595332 -0.80348 0
    outer loop
      vertex 42.6111 29.182 2
      vertex 42.5559 29.1411 0
      vertex 42.6111 29.182 0
    endloop
  endfacet
  facet normal -0.970314 0.24185 0
    outer loop
      vertex 43.6699 17.7968 0
      vertex 43.6865 17.8634 2
      vertex 43.6865 17.8634 0
    endloop
  endfacet
  facet normal -0.970314 0.24185 0
    outer loop
      vertex 43.6865 17.8634 2
      vertex 43.6699 17.7968 0
      vertex 43.6699 17.7968 2
    endloop
  endfacet
  facet normal -0.970314 -0.24185 0
    outer loop
      vertex 43.6865 28.7366 0
      vertex 43.6699 28.8032 2
      vertex 43.6699 28.8032 0
    endloop
  endfacet
  facet normal -0.970314 -0.24185 0
    outer loop
      vertex 43.6699 28.8032 2
      vertex 43.6865 28.7366 0
      vertex 43.6865 28.7366 2
    endloop
  endfacet
  facet normal 0.998774 -0.0495019 0
    outer loop
      vertex 42.3 28.6 2
      vertex 42.3034 28.6686 0
      vertex 42.3034 28.6686 2
    endloop
  endfacet
  facet normal 0.998774 -0.0495019 0
    outer loop
      vertex 42.3034 28.6686 0
      vertex 42.3 28.6 2
      vertex 42.3 28.6 0
    endloop
  endfacet
  facet normal 1 -0 0
    outer loop
      vertex 42.3 18 2
      vertex 42.3 28.6 0
      vertex 42.3 28.6 2
    endloop
  endfacet
  facet normal 1 0 0
    outer loop
      vertex 42.3 28.6 0
      vertex 42.3 18 2
      vertex 42.3 18 0
    endloop
  endfacet
  facet normal -0.998774 -0.0495019 0
    outer loop
      vertex 43.7 28.6 0
      vertex 43.6966 28.6686 2
      vertex 43.6966 28.6686 0
    endloop
  endfacet
  facet normal -0.998774 -0.0495019 0
    outer loop
      vertex 43.6966 28.6686 2
      vertex 43.7 28.6 0
      vertex 43.7 28.6 2
    endloop
  endfacet
  facet normal -0.336244 -0.941775 0
    outer loop
      vertex 43.2032 29.2698 0
      vertex 43.2679 29.2467 2
      vertex 43.2032 29.2698 2
    endloop
  endfacet
  facet normal -0.336244 -0.941775 -0
    outer loop
      vertex 43.2679 29.2467 2
      vertex 43.2032 29.2698 0
      vertex 43.2679 29.2467 0
    endloop
  endfacet
  facet normal -0.941313 -0.337534 0
    outer loop
      vertex 43.6699 28.8032 0
      vertex 43.6467 28.8679 2
      vertex 43.6467 28.8679 0
    endloop
  endfacet
  facet normal -0.941313 -0.337534 0
    outer loop
      vertex 43.6467 28.8679 2
      vertex 43.6699 28.8032 0
      vertex 43.6699 28.8032 2
    endloop
  endfacet
  facet normal -0.85775 -0.514067 0
    outer loop
      vertex 43.6173 28.93 0
      vertex 43.582 28.9889 2
      vertex 43.582 28.9889 0
    endloop
  endfacet
  facet normal -0.85775 -0.514067 0
    outer loop
      vertex 43.582 28.9889 2
      vertex 43.6173 28.93 0
      vertex 43.6173 28.93 2
    endloop
  endfacet
  facet normal -0.989149 0.146918 0
    outer loop
      vertex 43.6865 17.8634 0
      vertex 43.6966 17.9314 2
      vertex 43.6966 17.9314 0
    endloop
  endfacet
  facet normal -0.989149 0.146918 0
    outer loop
      vertex 43.6966 17.9314 2
      vertex 43.6865 17.8634 0
      vertex 43.6865 17.8634 2
    endloop
  endfacet
  facet normal -0.243221 -0.969971 0
    outer loop
      vertex 43.1366 29.2865 0
      vertex 43.2032 29.2698 2
      vertex 43.1366 29.2865 2
    endloop
  endfacet
  facet normal -0.243221 -0.969971 -0
    outer loop
      vertex 43.2032 29.2698 2
      vertex 43.1366 29.2865 0
      vertex 43.2032 29.2698 0
    endloop
  endfacet
  facet normal -0.903827 0.427899 0
    outer loop
      vertex 43.6173 17.67 0
      vertex 43.6467 17.7321 2
      vertex 43.6467 17.7321 0
    endloop
  endfacet
  facet normal -0.903827 0.427899 0
    outer loop
      vertex 43.6467 17.7321 2
      vertex 43.6173 17.67 0
      vertex 43.6173 17.67 2
    endloop
  endfacet
  facet normal -0.595332 -0.80348 0
    outer loop
      vertex 43.3889 29.182 0
      vertex 43.4441 29.1411 2
      vertex 43.3889 29.182 2
    endloop
  endfacet
  facet normal -0.595332 -0.80348 -0
    outer loop
      vertex 43.4441 29.1411 2
      vertex 43.3889 29.182 0
      vertex 43.4441 29.1411 0
    endloop
  endfacet
  facet normal -0.741191 -0.671295 0
    outer loop
      vertex 43.5411 29.0441 0
      vertex 43.495 29.095 2
      vertex 43.495 29.095 0
    endloop
  endfacet
  facet normal -0.741191 -0.671295 0
    outer loop
      vertex 43.495 29.095 2
      vertex 43.5411 29.0441 0
      vertex 43.5411 29.0441 2
    endloop
  endfacet
  facet normal 0.336244 -0.941775 0
    outer loop
      vertex 42.7321 29.2467 0
      vertex 42.7968 29.2698 2
      vertex 42.7321 29.2467 2
    endloop
  endfacet
  facet normal 0.336244 -0.941775 0
    outer loop
      vertex 42.7968 29.2698 2
      vertex 42.7321 29.2467 0
      vertex 42.7968 29.2698 0
    endloop
  endfacet
  facet normal -0.145494 0.989359 0
    outer loop
      vertex 43.1366 17.3134 0
      vertex 43.0686 17.3034 2
      vertex 43.1366 17.3134 2
    endloop
  endfacet
  facet normal -0.145494 0.989359 0
    outer loop
      vertex 43.0686 17.3034 2
      vertex 43.1366 17.3134 0
      vertex 43.0686 17.3034 0
    endloop
  endfacet
  facet normal -0.998774 0.0495019 0
    outer loop
      vertex 43.6966 17.9314 0
      vertex 43.7 18 2
      vertex 43.7 18 0
    endloop
  endfacet
  facet normal -0.998774 0.0495019 0
    outer loop
      vertex 43.7 18 2
      vertex 43.6966 17.9314 0
      vertex 43.6966 17.9314 2
    endloop
  endfacet
  facet normal -1 0 0
    outer loop
      vertex 43.7 18 0
      vertex 43.7 28.6 2
      vertex 43.7 28.6 0
    endloop
  endfacet
  facet normal -1 -0 0
    outer loop
      vertex 43.7 28.6 2
      vertex 43.7 18 0
      vertex 43.7 18 2
    endloop
  endfacet
  facet normal 0.243221 0.969971 -0
    outer loop
      vertex 42.8634 17.3134 0
      vertex 42.7968 17.3301 2
      vertex 42.8634 17.3134 2
    endloop
  endfacet
  facet normal 0.243221 0.969971 0
    outer loop
      vertex 42.7968 17.3301 2
      vertex 42.8634 17.3134 0
      vertex 42.7968 17.3301 0
    endloop
  endfacet
  facet normal -0.989149 -0.146918 0
    outer loop
      vertex 43.6966 28.6686 0
      vertex 43.6865 28.7366 2
      vertex 43.6865 28.7366 0
    endloop
  endfacet
  facet normal -0.989149 -0.146918 0
    outer loop
      vertex 43.6865 28.7366 2
      vertex 43.6966 28.6686 0
      vertex 43.6966 28.6686 2
    endloop
  endfacet
  facet normal 0.0495019 0.998774 -0
    outer loop
      vertex 43 17.3 0
      vertex 42.9314 17.3034 2
      vertex 43 17.3 2
    endloop
  endfacet
  facet normal 0.0495019 0.998774 0
    outer loop
      vertex 42.9314 17.3034 2
      vertex 43 17.3 0
      vertex 42.9314 17.3034 0
    endloop
  endfacet
  facet normal 0.904389 0.426709 0
    outer loop
      vertex 42.3826 17.67 2
      vertex 42.3533 17.7321 0
      vertex 42.3533 17.7321 2
    endloop
  endfacet
  facet normal 0.904389 0.426709 0
    outer loop
      vertex 42.3533 17.7321 0
      vertex 42.3826 17.67 2
      vertex 42.3826 17.67 0
    endloop
  endfacet
  facet normal -0.427899 -0.903827 0
    outer loop
      vertex 43.2679 29.2467 0
      vertex 43.33 29.2173 2
      vertex 43.2679 29.2467 2
    endloop
  endfacet
  facet normal -0.427899 -0.903827 -0
    outer loop
      vertex 43.33 29.2173 2
      vertex 43.2679 29.2467 0
      vertex 43.33 29.2173 0
    endloop
  endfacet
  facet normal -0.741191 0.671295 0
    outer loop
      vertex 43.495 17.505 0
      vertex 43.5411 17.5559 2
      vertex 43.5411 17.5559 0
    endloop
  endfacet
  facet normal -0.741191 0.671295 0
    outer loop
      vertex 43.5411 17.5559 2
      vertex 43.495 17.505 0
      vertex 43.495 17.505 2
    endloop
  endfacet
  facet normal 0.0495019 -0.998774 0
    outer loop
      vertex 42.9314 29.2966 0
      vertex 43 29.3 2
      vertex 42.9314 29.2966 2
    endloop
  endfacet
  facet normal 0.0495019 -0.998774 0
    outer loop
      vertex 43 29.3 2
      vertex 42.9314 29.2966 0
      vertex 43 29.3 0
    endloop
  endfacet
  facet normal -0.595332 0.80348 0
    outer loop
      vertex 43.4441 17.4589 0
      vertex 43.3889 17.418 2
      vertex 43.4441 17.4589 2
    endloop
  endfacet
  facet normal -0.595332 0.80348 0
    outer loop
      vertex 43.3889 17.418 2
      vertex 43.4441 17.4589 0
      vertex 43.3889 17.418 0
    endloop
  endfacet
  facet normal -0.85775 0.514067 0
    outer loop
      vertex 43.582 17.6111 0
      vertex 43.6173 17.67 2
      vertex 43.6173 17.67 0
    endloop
  endfacet
  facet normal -0.85775 0.514067 0
    outer loop
      vertex 43.6173 17.67 2
      vertex 43.582 17.6111 0
      vertex 43.582 17.6111 2
    endloop
  endfacet
  facet normal 0.671295 -0.741191 0
    outer loop
      vertex 42.505 29.095 0
      vertex 42.5559 29.1411 2
      vertex 42.505 29.095 2
    endloop
  endfacet
  facet normal 0.671295 -0.741191 0
    outer loop
      vertex 42.5559 29.1411 2
      vertex 42.505 29.095 0
      vertex 42.5559 29.1411 0
    endloop
  endfacet
  facet normal 0.80348 -0.595332 0
    outer loop
      vertex 42.418 28.9889 2
      vertex 42.4589 29.0441 0
      vertex 42.4589 29.0441 2
    endloop
  endfacet
  facet normal 0.80348 -0.595332 0
    outer loop
      vertex 42.4589 29.0441 0
      vertex 42.418 28.9889 2
      vertex 42.418 28.9889 0
    endloop
  endfacet
  facet normal -0.903827 -0.427899 0
    outer loop
      vertex 43.6467 28.8679 0
      vertex 43.6173 28.93 2
      vertex 43.6173 28.93 0
    endloop
  endfacet
  facet normal -0.903827 -0.427899 0
    outer loop
      vertex 43.6173 28.93 2
      vertex 43.6467 28.8679 0
      vertex 43.6467 28.8679 2
    endloop
  endfacet
  facet normal -0.514067 -0.85775 0
    outer loop
      vertex 43.33 29.2173 0
      vertex 43.3889 29.182 2
      vertex 43.33 29.2173 2
    endloop
  endfacet
  facet normal -0.514067 -0.85775 -0
    outer loop
      vertex 43.3889 29.182 2
      vertex 43.33 29.2173 0
      vertex 43.3889 29.182 0
    endloop
  endfacet
  facet normal -0.146918 -0.989149 0
    outer loop
      vertex 43.0686 29.2966 0
      vertex 43.1366 29.2865 2
      vertex 43.0686 29.2966 2
    endloop
  endfacet
  facet normal -0.146918 -0.989149 -0
    outer loop
      vertex 43.1366 29.2865 2
      vertex 43.0686 29.2966 0
      vertex 43.1366 29.2865 0
    endloop
  endfacet
  facet normal 0.427899 -0.903827 0
    outer loop
      vertex 42.67 29.2173 0
      vertex 42.7321 29.2467 2
      vertex 42.67 29.2173 2
    endloop
  endfacet
  facet normal 0.427899 -0.903827 0
    outer loop
      vertex 42.7321 29.2467 2
      vertex 42.67 29.2173 0
      vertex 42.7321 29.2467 0
    endloop
  endfacet
  facet normal -0.243221 0.969971 0
    outer loop
      vertex 43.2032 17.3301 0
      vertex 43.1366 17.3134 2
      vertex 43.2032 17.3301 2
    endloop
  endfacet
  facet normal -0.243221 0.969971 0
    outer loop
      vertex 43.1366 17.3134 2
      vertex 43.2032 17.3301 0
      vertex 43.1366 17.3134 0
    endloop
  endfacet
  facet normal -0.80348 -0.595332 0
    outer loop
      vertex 43.582 28.9889 0
      vertex 43.5411 29.0441 2
      vertex 43.5411 29.0441 0
    endloop
  endfacet
  facet normal -0.80348 -0.595332 0
    outer loop
      vertex 43.5411 29.0441 2
      vertex 43.582 28.9889 0
      vertex 43.582 28.9889 2
    endloop
  endfacet
  facet normal -0.0495019 -0.998774 0
    outer loop
      vertex 43 29.3 0
      vertex 43.0686 29.2966 2
      vertex 43 29.3 2
    endloop
  endfacet
  facet normal -0.0495019 -0.998774 -0
    outer loop
      vertex 43.0686 29.2966 2
      vertex 43 29.3 0
      vertex 43.0686 29.2966 0
    endloop
  endfacet
  facet normal 0.741191 -0.671295 0
    outer loop
      vertex 42.4589 29.0441 2
      vertex 42.505 29.095 0
      vertex 42.505 29.095 2
    endloop
  endfacet
  facet normal 0.741191 -0.671295 0
    outer loop
      vertex 42.505 29.095 0
      vertex 42.4589 29.0441 2
      vertex 42.4589 29.0441 0
    endloop
  endfacet
  facet normal -0.515138 0.857107 0
    outer loop
      vertex 43.3889 17.418 0
      vertex 43.33 17.3826 2
      vertex 43.3889 17.418 2
    endloop
  endfacet
  facet normal -0.515138 0.857107 0
    outer loop
      vertex 43.33 17.3826 2
      vertex 43.3889 17.418 0
      vertex 43.33 17.3826 0
    endloop
  endfacet
  facet normal 0.857107 -0.515138 0
    outer loop
      vertex 42.3826 28.93 2
      vertex 42.418 28.9889 0
      vertex 42.418 28.9889 2
    endloop
  endfacet
  facet normal 0.857107 -0.515138 0
    outer loop
      vertex 42.418 28.9889 0
      vertex 42.3826 28.93 2
      vertex 42.3826 28.93 0
    endloop
  endfacet
  facet normal 0.145494 0.989359 -0
    outer loop
      vertex 42.9314 17.3034 0
      vertex 42.8634 17.3134 2
      vertex 42.9314 17.3034 2
    endloop
  endfacet
  facet normal 0.145494 0.989359 0
    outer loop
      vertex 42.8634 17.3134 2
      vertex 42.9314 17.3034 0
      vertex 42.8634 17.3134 0
    endloop
  endfacet
  facet normal 0.243221 -0.969971 0
    outer loop
      vertex 42.7968 29.2698 0
      vertex 42.8634 29.2865 2
      vertex 42.7968 29.2698 2
    endloop
  endfacet
  facet normal 0.243221 -0.969971 0
    outer loop
      vertex 42.8634 29.2865 2
      vertex 42.7968 29.2698 0
      vertex 42.8634 29.2865 0
    endloop
  endfacet
  facet normal -0.671295 -0.741191 0
    outer loop
      vertex 43.4441 29.1411 0
      vertex 43.495 29.095 2
      vertex 43.4441 29.1411 2
    endloop
  endfacet
  facet normal -0.671295 -0.741191 -0
    outer loop
      vertex 43.495 29.095 2
      vertex 43.4441 29.1411 0
      vertex 43.495 29.095 0
    endloop
  endfacet
  facet normal -0.941313 0.337534 0
    outer loop
      vertex 43.6467 17.7321 0
      vertex 43.6699 17.7968 2
      vertex 43.6699 17.7968 0
    endloop
  endfacet
  facet normal -0.941313 0.337534 0
    outer loop
      vertex 43.6699 17.7968 2
      vertex 43.6467 17.7321 0
      vertex 43.6467 17.7321 2
    endloop
  endfacet
  facet normal 0.146918 -0.989149 0
    outer loop
      vertex 42.8634 29.2865 0
      vertex 42.9314 29.2966 2
      vertex 42.8634 29.2865 2
    endloop
  endfacet
  facet normal 0.146918 -0.989149 0
    outer loop
      vertex 42.9314 29.2966 2
      vertex 42.8634 29.2865 0
      vertex 42.9314 29.2966 0
    endloop
  endfacet
  facet normal 0.741191 0.671295 0
    outer loop
      vertex 42.505 17.505 2
      vertex 42.4589 17.5559 0
      vertex 42.4589 17.5559 2
    endloop
  endfacet
  facet normal 0.741191 0.671295 0
    outer loop
      vertex 42.4589 17.5559 0
      vertex 42.505 17.505 2
      vertex 42.505 17.505 0
    endloop
  endfacet
  facet normal 0.515138 0.857107 -0
    outer loop
      vertex 42.67 17.3826 0
      vertex 42.6111 17.418 2
      vertex 42.67 17.3826 2
    endloop
  endfacet
  facet normal 0.515138 0.857107 0
    outer loop
      vertex 42.6111 17.418 2
      vertex 42.67 17.3826 0
      vertex 42.6111 17.418 0
    endloop
  endfacet
  facet normal 0.426709 0.904389 -0
    outer loop
      vertex 42.7321 17.3533 0
      vertex 42.67 17.3826 2
      vertex 42.7321 17.3533 2
    endloop
  endfacet
  facet normal 0.426709 0.904389 0
    outer loop
      vertex 42.67 17.3826 2
      vertex 42.7321 17.3533 0
      vertex 42.67 17.3826 0
    endloop
  endfacet
  facet normal 0.969971 0.243221 0
    outer loop
      vertex 42.3301 17.7968 2
      vertex 42.3134 17.8634 0
      vertex 42.3134 17.8634 2
    endloop
  endfacet
  facet normal 0.969971 0.243221 0
    outer loop
      vertex 42.3134 17.8634 0
      vertex 42.3301 17.7968 2
      vertex 42.3301 17.7968 0
    endloop
  endfacet
  facet normal 0.969971 -0.243221 0
    outer loop
      vertex 42.3134 28.7366 2
      vertex 42.3301 28.8032 0
      vertex 42.3301 28.8032 2
    endloop
  endfacet
  facet normal 0.969971 -0.243221 0
    outer loop
      vertex 42.3301 28.8032 0
      vertex 42.3134 28.7366 2
      vertex 42.3134 28.7366 0
    endloop
  endfacet
  facet normal 0.989359 -0.145494 0
    outer loop
      vertex 42.3034 28.6686 2
      vertex 42.3134 28.7366 0
      vertex 42.3134 28.7366 2
    endloop
  endfacet
  facet normal 0.989359 -0.145494 0
    outer loop
      vertex 42.3134 28.7366 0
      vertex 42.3034 28.6686 2
      vertex 42.3034 28.6686 0
    endloop
  endfacet
  facet normal 0.904389 -0.426709 0
    outer loop
      vertex 42.3533 28.8679 2
      vertex 42.3826 28.93 0
      vertex 42.3826 28.93 2
    endloop
  endfacet
  facet normal 0.904389 -0.426709 0
    outer loop
      vertex 42.3826 28.93 0
      vertex 42.3533 28.8679 2
      vertex 42.3533 28.8679 0
    endloop
  endfacet
  facet normal 0.941313 -0.337534 0
    outer loop
      vertex 42.3301 28.8032 2
      vertex 42.3533 28.8679 0
      vertex 42.3533 28.8679 2
    endloop
  endfacet
  facet normal 0.941313 -0.337534 0
    outer loop
      vertex 42.3533 28.8679 0
      vertex 42.3301 28.8032 2
      vertex 42.3301 28.8032 0
    endloop
  endfacet
  facet normal -0.0495019 0.998774 0
    outer loop
      vertex 43.0686 17.3034 0
      vertex 43 17.3 2
      vertex 43.0686 17.3034 2
    endloop
  endfacet
  facet normal -0.0495019 0.998774 0
    outer loop
      vertex 43 17.3 2
      vertex 43.0686 17.3034 0
      vertex 43 17.3 0
    endloop
  endfacet
  facet normal 0.857107 0.515138 0
    outer loop
      vertex 42.418 17.6111 2
      vertex 42.3826 17.67 0
      vertex 42.3826 17.67 2
    endloop
  endfacet
  facet normal 0.857107 0.515138 0
    outer loop
      vertex 42.3826 17.67 0
      vertex 42.418 17.6111 2
      vertex 42.418 17.6111 0
    endloop
  endfacet
  facet normal 0.514067 -0.85775 0
    outer loop
      vertex 42.6111 29.182 0
      vertex 42.67 29.2173 2
      vertex 42.6111 29.182 2
    endloop
  endfacet
  facet normal 0.514067 -0.85775 0
    outer loop
      vertex 42.67 29.2173 2
      vertex 42.6111 29.182 0
      vertex 42.67 29.2173 0
    endloop
  endfacet
  facet normal 0.80348 0.595332 0
    outer loop
      vertex 42.4589 17.5559 2
      vertex 42.418 17.6111 0
      vertex 42.418 17.6111 2
    endloop
  endfacet
  facet normal 0.80348 0.595332 0
    outer loop
      vertex 42.418 17.6111 0
      vertex 42.4589 17.5559 2
      vertex 42.4589 17.5559 0
    endloop
  endfacet
  facet normal -0.337534 0.941313 0
    outer loop
      vertex 43.2679 17.3533 0
      vertex 43.2032 17.3301 2
      vertex 43.2679 17.3533 2
    endloop
  endfacet
  facet normal -0.337534 0.941313 0
    outer loop
      vertex 43.2032 17.3301 2
      vertex 43.2679 17.3533 0
      vertex 43.2032 17.3301 0
    endloop
  endfacet
  facet normal -0.426709 0.904389 0
    outer loop
      vertex 43.33 17.3826 0
      vertex 43.2679 17.3533 2
      vertex 43.33 17.3826 2
    endloop
  endfacet
  facet normal -0.426709 0.904389 0
    outer loop
      vertex 43.2679 17.3533 2
      vertex 43.33 17.3826 0
      vertex 43.2679 17.3533 0
    endloop
  endfacet
  facet normal 0.671295 0.741191 -0
    outer loop
      vertex 42.5559 17.4589 0
      vertex 42.505 17.505 2
      vertex 42.5559 17.4589 2
    endloop
  endfacet
  facet normal 0.671295 0.741191 0
    outer loop
      vertex 42.505 17.505 2
      vertex 42.5559 17.4589 0
      vertex 42.505 17.505 0
    endloop
  endfacet
  facet normal -0.671295 0.741191 0
    outer loop
      vertex 43.495 17.505 0
      vertex 43.4441 17.4589 2
      vertex 43.495 17.505 2
    endloop
  endfacet
  facet normal -0.671295 0.741191 0
    outer loop
      vertex 43.4441 17.4589 2
      vertex 43.495 17.505 0
      vertex 43.4441 17.4589 0
    endloop
  endfacet
  facet normal 0.337534 0.941313 -0
    outer loop
      vertex 42.7968 17.3301 0
      vertex 42.7321 17.3533 2
      vertex 42.7968 17.3301 2
    endloop
  endfacet
  facet normal 0.337534 0.941313 0
    outer loop
      vertex 42.7321 17.3533 2
      vertex 42.7968 17.3301 0
      vertex 42.7321 17.3533 0
    endloop
  endfacet
  facet normal 0.595332 0.80348 -0
    outer loop
      vertex 42.6111 17.418 0
      vertex 42.5559 17.4589 2
      vertex 42.6111 17.418 2
    endloop
  endfacet
  facet normal 0.595332 0.80348 0
    outer loop
      vertex 42.5559 17.4589 2
      vertex 42.6111 17.418 0
      vertex 42.5559 17.4589 0
    endloop
  endfacet
  facet normal 0.941313 0.337534 0
    outer loop
      vertex 42.3533 17.7321 2
      vertex 42.3301 17.7968 0
      vertex 42.3301 17.7968 2
    endloop
  endfacet
  facet normal 0.941313 0.337534 0
    outer loop
      vertex 42.3301 17.7968 0
      vertex 42.3533 17.7321 2
      vertex 42.3533 17.7321 0
    endloop
  endfacet
  facet normal 0.989359 0.145494 0
    outer loop
      vertex 46.3134 17.8634 2
      vertex 46.3034 17.9314 0
      vertex 46.3034 17.9314 2
    endloop
  endfacet
  facet normal 0.989359 0.145494 0
    outer loop
      vertex 46.3034 17.9314 0
      vertex 46.3134 17.8634 2
      vertex 46.3134 17.8634 0
    endloop
  endfacet
  facet normal -0.80348 0.595332 0
    outer loop
      vertex 47.5411 17.5559 0
      vertex 47.582 17.6111 2
      vertex 47.582 17.6111 0
    endloop
  endfacet
  facet normal -0.80348 0.595332 0
    outer loop
      vertex 47.582 17.6111 2
      vertex 47.5411 17.5559 0
      vertex 47.5411 17.5559 2
    endloop
  endfacet
  facet normal 0.998774 0.0495019 0
    outer loop
      vertex 46.3034 17.9314 2
      vertex 46.3 18 0
      vertex 46.3 18 2
    endloop
  endfacet
  facet normal 0.998774 0.0495019 0
    outer loop
      vertex 46.3 18 0
      vertex 46.3034 17.9314 2
      vertex 46.3034 17.9314 0
    endloop
  endfacet
  facet normal 0.595332 -0.80348 0
    outer loop
      vertex 46.5559 29.1411 0
      vertex 46.6111 29.182 2
      vertex 46.5559 29.1411 2
    endloop
  endfacet
  facet normal 0.595332 -0.80348 0
    outer loop
      vertex 46.6111 29.182 2
      vertex 46.5559 29.1411 0
      vertex 46.6111 29.182 0
    endloop
  endfacet
  facet normal -0.970314 0.24185 0
    outer loop
      vertex 47.6699 17.7968 0
      vertex 47.6865 17.8634 2
      vertex 47.6865 17.8634 0
    endloop
  endfacet
  facet normal -0.970314 0.24185 0
    outer loop
      vertex 47.6865 17.8634 2
      vertex 47.6699 17.7968 0
      vertex 47.6699 17.7968 2
    endloop
  endfacet
  facet normal -0.970314 -0.24185 0
    outer loop
      vertex 47.6865 28.7366 0
      vertex 47.6699 28.8032 2
      vertex 47.6699 28.8032 0
    endloop
  endfacet
  facet normal -0.970314 -0.24185 0
    outer loop
      vertex 47.6699 28.8032 2
      vertex 47.6865 28.7366 0
      vertex 47.6865 28.7366 2
    endloop
  endfacet
  facet normal 0.998774 -0.0495019 0
    outer loop
      vertex 46.3 28.6 2
      vertex 46.3034 28.6686 0
      vertex 46.3034 28.6686 2
    endloop
  endfacet
  facet normal 0.998774 -0.0495019 0
    outer loop
      vertex 46.3034 28.6686 0
      vertex 46.3 28.6 2
      vertex 46.3 28.6 0
    endloop
  endfacet
  facet normal 1 -0 0
    outer loop
      vertex 46.3 18 2
      vertex 46.3 28.6 0
      vertex 46.3 28.6 2
    endloop
  endfacet
  facet normal 1 0 0
    outer loop
      vertex 46.3 28.6 0
      vertex 46.3 18 2
      vertex 46.3 18 0
    endloop
  endfacet
  facet normal -0.998774 -0.0495019 0
    outer loop
      vertex 47.7 28.6 0
      vertex 47.6966 28.6686 2
      vertex 47.6966 28.6686 0
    endloop
  endfacet
  facet normal -0.998774 -0.0495019 0
    outer loop
      vertex 47.6966 28.6686 2
      vertex 47.7 28.6 0
      vertex 47.7 28.6 2
    endloop
  endfacet
  facet normal -0.671295 -0.741191 0
    outer loop
      vertex 47.4441 29.1411 0
      vertex 47.495 29.095 2
      vertex 47.4441 29.1411 2
    endloop
  endfacet
  facet normal -0.671295 -0.741191 -0
    outer loop
      vertex 47.495 29.095 2
      vertex 47.4441 29.1411 0
      vertex 47.495 29.095 0
    endloop
  endfacet
  facet normal -0.0495019 -0.998774 0
    outer loop
      vertex 47 29.3 0
      vertex 47.0686 29.2966 2
      vertex 47 29.3 2
    endloop
  endfacet
  facet normal -0.0495019 -0.998774 -0
    outer loop
      vertex 47.0686 29.2966 2
      vertex 47 29.3 0
      vertex 47.0686 29.2966 0
    endloop
  endfacet
  facet normal -0.336244 -0.941775 0
    outer loop
      vertex 47.2032 29.2698 0
      vertex 47.2679 29.2467 2
      vertex 47.2032 29.2698 2
    endloop
  endfacet
  facet normal -0.336244 -0.941775 -0
    outer loop
      vertex 47.2679 29.2467 2
      vertex 47.2032 29.2698 0
      vertex 47.2679 29.2467 0
    endloop
  endfacet
  facet normal -0.941313 -0.337534 0
    outer loop
      vertex 47.6699 28.8032 0
      vertex 47.6467 28.8679 2
      vertex 47.6467 28.8679 0
    endloop
  endfacet
  facet normal -0.941313 -0.337534 0
    outer loop
      vertex 47.6467 28.8679 2
      vertex 47.6699 28.8032 0
      vertex 47.6699 28.8032 2
    endloop
  endfacet
  facet normal -0.85775 -0.514067 0
    outer loop
      vertex 47.6173 28.93 0
      vertex 47.582 28.9889 2
      vertex 47.582 28.9889 0
    endloop
  endfacet
  facet normal -0.85775 -0.514067 0
    outer loop
      vertex 47.582 28.9889 2
      vertex 47.6173 28.93 0
      vertex 47.6173 28.93 2
    endloop
  endfacet
  facet normal -0.989149 0.146918 0
    outer loop
      vertex 47.6865 17.8634 0
      vertex 47.6966 17.9314 2
      vertex 47.6966 17.9314 0
    endloop
  endfacet
  facet normal -0.989149 0.146918 0
    outer loop
      vertex 47.6966 17.9314 2
      vertex 47.6865 17.8634 0
      vertex 47.6865 17.8634 2
    endloop
  endfacet
  facet normal -0.243221 -0.969971 0
    outer loop
      vertex 47.1366 29.2865 0
      vertex 47.2032 29.2698 2
      vertex 47.1366 29.2865 2
    endloop
  endfacet
  facet normal -0.243221 -0.969971 -0
    outer loop
      vertex 47.2032 29.2698 2
      vertex 47.1366 29.2865 0
      vertex 47.2032 29.2698 0
    endloop
  endfacet
  facet normal -0.903827 0.427899 0
    outer loop
      vertex 47.6173 17.67 0
      vertex 47.6467 17.7321 2
      vertex 47.6467 17.7321 0
    endloop
  endfacet
  facet normal -0.903827 0.427899 0
    outer loop
      vertex 47.6467 17.7321 2
      vertex 47.6173 17.67 0
      vertex 47.6173 17.67 2
    endloop
  endfacet
  facet normal -0.595332 -0.80348 0
    outer loop
      vertex 47.3889 29.182 0
      vertex 47.4441 29.1411 2
      vertex 47.3889 29.182 2
    endloop
  endfacet
  facet normal -0.595332 -0.80348 -0
    outer loop
      vertex 47.4441 29.1411 2
      vertex 47.3889 29.182 0
      vertex 47.4441 29.1411 0
    endloop
  endfacet
  facet normal -0.741191 -0.671295 0
    outer loop
      vertex 47.5411 29.0441 0
      vertex 47.495 29.095 2
      vertex 47.495 29.095 0
    endloop
  endfacet
  facet normal -0.741191 -0.671295 0
    outer loop
      vertex 47.495 29.095 2
      vertex 47.5411 29.0441 0
      vertex 47.5411 29.0441 2
    endloop
  endfacet
  facet normal 0.336244 -0.941775 0
    outer loop
      vertex 46.7321 29.2467 0
      vertex 46.7968 29.2698 2
      vertex 46.7321 29.2467 2
    endloop
  endfacet
  facet normal 0.336244 -0.941775 0
    outer loop
      vertex 46.7968 29.2698 2
      vertex 46.7321 29.2467 0
      vertex 46.7968 29.2698 0
    endloop
  endfacet
  facet normal -0.145494 0.989359 0
    outer loop
      vertex 47.1366 17.3134 0
      vertex 47.0686 17.3034 2
      vertex 47.1366 17.3134 2
    endloop
  endfacet
  facet normal -0.145494 0.989359 0
    outer loop
      vertex 47.0686 17.3034 2
      vertex 47.1366 17.3134 0
      vertex 47.0686 17.3034 0
    endloop
  endfacet
  facet normal -0.998774 0.0495019 0
    outer loop
      vertex 47.6966 17.9314 0
      vertex 47.7 18 2
      vertex 47.7 18 0
    endloop
  endfacet
  facet normal -0.998774 0.0495019 0
    outer loop
      vertex 47.7 18 2
      vertex 47.6966 17.9314 0
      vertex 47.6966 17.9314 2
    endloop
  endfacet
  facet normal -1 0 0
    outer loop
      vertex 47.7 18 0
      vertex 47.7 28.6 2
      vertex 47.7 28.6 0
    endloop
  endfacet
  facet normal -1 -0 0
    outer loop
      vertex 47.7 28.6 2
      vertex 47.7 18 0
      vertex 47.7 18 2
    endloop
  endfacet
  facet normal 0.243221 0.969971 -0
    outer loop
      vertex 46.8634 17.3134 0
      vertex 46.7968 17.3301 2
      vertex 46.8634 17.3134 2
    endloop
  endfacet
  facet normal 0.243221 0.969971 0
    outer loop
      vertex 46.7968 17.3301 2
      vertex 46.8634 17.3134 0
      vertex 46.7968 17.3301 0
    endloop
  endfacet
  facet normal -0.989149 -0.146918 0
    outer loop
      vertex 47.6966 28.6686 0
      vertex 47.6865 28.7366 2
      vertex 47.6865 28.7366 0
    endloop
  endfacet
  facet normal -0.989149 -0.146918 0
    outer loop
      vertex 47.6865 28.7366 2
      vertex 47.6966 28.6686 0
      vertex 47.6966 28.6686 2
    endloop
  endfacet
  facet normal 0.0495019 0.998774 -0
    outer loop
      vertex 47 17.3 0
      vertex 46.9314 17.3034 2
      vertex 47 17.3 2
    endloop
  endfacet
  facet normal 0.0495019 0.998774 0
    outer loop
      vertex 46.9314 17.3034 2
      vertex 47 17.3 0
      vertex 46.9314 17.3034 0
    endloop
  endfacet
  facet normal 0.904389 0.426709 0
    outer loop
      vertex 46.3826 17.67 2
      vertex 46.3533 17.7321 0
      vertex 46.3533 17.7321 2
    endloop
  endfacet
  facet normal 0.904389 0.426709 0
    outer loop
      vertex 46.3533 17.7321 0
      vertex 46.3826 17.67 2
      vertex 46.3826 17.67 0
    endloop
  endfacet
  facet normal -0.427899 -0.903827 0
    outer loop
      vertex 47.2679 29.2467 0
      vertex 47.33 29.2173 2
      vertex 47.2679 29.2467 2
    endloop
  endfacet
  facet normal -0.427899 -0.903827 -0
    outer loop
      vertex 47.33 29.2173 2
      vertex 47.2679 29.2467 0
      vertex 47.33 29.2173 0
    endloop
  endfacet
  facet normal -0.741191 0.671295 0
    outer loop
      vertex 47.495 17.505 0
      vertex 47.5411 17.5559 2
      vertex 47.5411 17.5559 0
    endloop
  endfacet
  facet normal -0.741191 0.671295 0
    outer loop
      vertex 47.5411 17.5559 2
      vertex 47.495 17.505 0
      vertex 47.495 17.505 2
    endloop
  endfacet
  facet normal 0.0495019 -0.998774 0
    outer loop
      vertex 46.9314 29.2966 0
      vertex 47 29.3 2
      vertex 46.9314 29.2966 2
    endloop
  endfacet
  facet normal 0.0495019 -0.998774 0
    outer loop
      vertex 47 29.3 2
      vertex 46.9314 29.2966 0
      vertex 47 29.3 0
    endloop
  endfacet
  facet normal -0.595332 0.80348 0
    outer loop
      vertex 47.4441 17.4589 0
      vertex 47.3889 17.418 2
      vertex 47.4441 17.4589 2
    endloop
  endfacet
  facet normal -0.595332 0.80348 0
    outer loop
      vertex 47.3889 17.418 2
      vertex 47.4441 17.4589 0
      vertex 47.3889 17.418 0
    endloop
  endfacet
  facet normal -0.85775 0.514067 0
    outer loop
      vertex 47.582 17.6111 0
      vertex 47.6173 17.67 2
      vertex 47.6173 17.67 0
    endloop
  endfacet
  facet normal -0.85775 0.514067 0
    outer loop
      vertex 47.6173 17.67 2
      vertex 47.582 17.6111 0
      vertex 47.582 17.6111 2
    endloop
  endfacet
  facet normal 0.671295 -0.741191 0
    outer loop
      vertex 46.505 29.095 0
      vertex 46.5559 29.1411 2
      vertex 46.505 29.095 2
    endloop
  endfacet
  facet normal 0.671295 -0.741191 0
    outer loop
      vertex 46.5559 29.1411 2
      vertex 46.505 29.095 0
      vertex 46.5559 29.1411 0
    endloop
  endfacet
  facet normal 0.80348 -0.595332 0
    outer loop
      vertex 46.418 28.9889 2
      vertex 46.4589 29.0441 0
      vertex 46.4589 29.0441 2
    endloop
  endfacet
  facet normal 0.80348 -0.595332 0
    outer loop
      vertex 46.4589 29.0441 0
      vertex 46.418 28.9889 2
      vertex 46.418 28.9889 0
    endloop
  endfacet
  facet normal -0.903827 -0.427899 0
    outer loop
      vertex 47.6467 28.8679 0
      vertex 47.6173 28.93 2
      vertex 47.6173 28.93 0
    endloop
  endfacet
  facet normal -0.903827 -0.427899 0
    outer loop
      vertex 47.6173 28.93 2
      vertex 47.6467 28.8679 0
      vertex 47.6467 28.8679 2
    endloop
  endfacet
  facet normal -0.514067 -0.85775 0
    outer loop
      vertex 47.33 29.2173 0
      vertex 47.3889 29.182 2
      vertex 47.33 29.2173 2
    endloop
  endfacet
  facet normal -0.514067 -0.85775 -0
    outer loop
      vertex 47.3889 29.182 2
      vertex 47.33 29.2173 0
      vertex 47.3889 29.182 0
    endloop
  endfacet
  facet normal -0.146918 -0.989149 0
    outer loop
      vertex 47.0686 29.2966 0
      vertex 47.1366 29.2865 2
      vertex 47.0686 29.2966 2
    endloop
  endfacet
  facet normal -0.146918 -0.989149 -0
    outer loop
      vertex 47.1366 29.2865 2
      vertex 47.0686 29.2966 0
      vertex 47.1366 29.2865 0
    endloop
  endfacet
  facet normal 0.427899 -0.903827 0
    outer loop
      vertex 46.67 29.2173 0
      vertex 46.7321 29.2467 2
      vertex 46.67 29.2173 2
    endloop
  endfacet
  facet normal 0.427899 -0.903827 0
    outer loop
      vertex 46.7321 29.2467 2
      vertex 46.67 29.2173 0
      vertex 46.7321 29.2467 0
    endloop
  endfacet
  facet normal -0.243221 0.969971 0
    outer loop
      vertex 47.2032 17.3301 0
      vertex 47.1366 17.3134 2
      vertex 47.2032 17.3301 2
    endloop
  endfacet
  facet normal -0.243221 0.969971 0
    outer loop
      vertex 47.1366 17.3134 2
      vertex 47.2032 17.3301 0
      vertex 47.1366 17.3134 0
    endloop
  endfacet
  facet normal 0.514067 -0.85775 0
    outer loop
      vertex 46.6111 29.182 0
      vertex 46.67 29.2173 2
      vertex 46.6111 29.182 2
    endloop
  endfacet
  facet normal 0.514067 -0.85775 0
    outer loop
      vertex 46.67 29.2173 2
      vertex 46.6111 29.182 0
      vertex 46.67 29.2173 0
    endloop
  endfacet
  facet normal -0.80348 -0.595332 0
    outer loop
      vertex 47.582 28.9889 0
      vertex 47.5411 29.0441 2
      vertex 47.5411 29.0441 0
    endloop
  endfacet
  facet normal -0.80348 -0.595332 0
    outer loop
      vertex 47.5411 29.0441 2
      vertex 47.582 28.9889 0
      vertex 47.582 28.9889 2
    endloop
  endfacet
  facet normal 0.741191 -0.671295 0
    outer loop
      vertex 46.4589 29.0441 2
      vertex 46.505 29.095 0
      vertex 46.505 29.095 2
    endloop
  endfacet
  facet normal 0.741191 -0.671295 0
    outer loop
      vertex 46.505 29.095 0
      vertex 46.4589 29.0441 2
      vertex 46.4589 29.0441 0
    endloop
  endfacet
  facet normal -0.515138 0.857107 0
    outer loop
      vertex 47.3889 17.418 0
      vertex 47.33 17.3826 2
      vertex 47.3889 17.418 2
    endloop
  endfacet
  facet normal -0.515138 0.857107 0
    outer loop
      vertex 47.33 17.3826 2
      vertex 47.3889 17.418 0
      vertex 47.33 17.3826 0
    endloop
  endfacet
  facet normal 0.857107 -0.515138 0
    outer loop
      vertex 46.3826 28.93 2
      vertex 46.418 28.9889 0
      vertex 46.418 28.9889 2
    endloop
  endfacet
  facet normal 0.857107 -0.515138 0
    outer loop
      vertex 46.418 28.9889 0
      vertex 46.3826 28.93 2
      vertex 46.3826 28.93 0
    endloop
  endfacet
  facet normal 0.145494 0.989359 -0
    outer loop
      vertex 46.9314 17.3034 0
      vertex 46.8634 17.3134 2
      vertex 46.9314 17.3034 2
    endloop
  endfacet
  facet normal 0.145494 0.989359 0
    outer loop
      vertex 46.8634 17.3134 2
      vertex 46.9314 17.3034 0
      vertex 46.8634 17.3134 0
    endloop
  endfacet
  facet normal 0.243221 -0.969971 0
    outer loop
      vertex 46.7968 29.2698 0
      vertex 46.8634 29.2865 2
      vertex 46.7968 29.2698 2
    endloop
  endfacet
  facet normal 0.243221 -0.969971 0
    outer loop
      vertex 46.8634 29.2865 2
      vertex 46.7968 29.2698 0
      vertex 46.8634 29.2865 0
    endloop
  endfacet
  facet normal -0.941313 0.337534 0
    outer loop
      vertex 47.6467 17.7321 0
      vertex 47.6699 17.7968 2
      vertex 47.6699 17.7968 0
    endloop
  endfacet
  facet normal -0.941313 0.337534 0
    outer loop
      vertex 47.6699 17.7968 2
      vertex 47.6467 17.7321 0
      vertex 47.6467 17.7321 2
    endloop
  endfacet
  facet normal 0.146918 -0.989149 0
    outer loop
      vertex 46.8634 29.2865 0
      vertex 46.9314 29.2966 2
      vertex 46.8634 29.2865 2
    endloop
  endfacet
  facet normal 0.146918 -0.989149 0
    outer loop
      vertex 46.9314 29.2966 2
      vertex 46.8634 29.2865 0
      vertex 46.9314 29.2966 0
    endloop
  endfacet
  facet normal 0.741191 0.671295 0
    outer loop
      vertex 46.505 17.505 2
      vertex 46.4589 17.5559 0
      vertex 46.4589 17.5559 2
    endloop
  endfacet
  facet normal 0.741191 0.671295 0
    outer loop
      vertex 46.4589 17.5559 0
      vertex 46.505 17.505 2
      vertex 46.505 17.505 0
    endloop
  endfacet
  facet normal 0.515138 0.857107 -0
    outer loop
      vertex 46.67 17.3826 0
      vertex 46.6111 17.418 2
      vertex 46.67 17.3826 2
    endloop
  endfacet
  facet normal 0.515138 0.857107 0
    outer loop
      vertex 46.6111 17.418 2
      vertex 46.67 17.3826 0
      vertex 46.6111 17.418 0
    endloop
  endfacet
  facet normal 0.426709 0.904389 -0
    outer loop
      vertex 46.7321 17.3533 0
      vertex 46.67 17.3826 2
      vertex 46.7321 17.3533 2
    endloop
  endfacet
  facet normal 0.426709 0.904389 0
    outer loop
      vertex 46.67 17.3826 2
      vertex 46.7321 17.3533 0
      vertex 46.67 17.3826 0
    endloop
  endfacet
  facet normal 0.969971 0.243221 0
    outer loop
      vertex 46.3301 17.7968 2
      vertex 46.3134 17.8634 0
      vertex 46.3134 17.8634 2
    endloop
  endfacet
  facet normal 0.969971 0.243221 0
    outer loop
      vertex 46.3134 17.8634 0
      vertex 46.3301 17.7968 2
      vertex 46.3301 17.7968 0
    endloop
  endfacet
  facet normal 0.969971 -0.243221 0
    outer loop
      vertex 46.3134 28.7366 2
      vertex 46.3301 28.8032 0
      vertex 46.3301 28.8032 2
    endloop
  endfacet
  facet normal 0.969971 -0.243221 0
    outer loop
      vertex 46.3301 28.8032 0
      vertex 46.3134 28.7366 2
      vertex 46.3134 28.7366 0
    endloop
  endfacet
  facet normal 0.989359 -0.145494 0
    outer loop
      vertex 46.3034 28.6686 2
      vertex 46.3134 28.7366 0
      vertex 46.3134 28.7366 2
    endloop
  endfacet
  facet normal 0.989359 -0.145494 0
    outer loop
      vertex 46.3134 28.7366 0
      vertex 46.3034 28.6686 2
      vertex 46.3034 28.6686 0
    endloop
  endfacet
  facet normal 0.904389 -0.426709 0
    outer loop
      vertex 46.3533 28.8679 2
      vertex 46.3826 28.93 0
      vertex 46.3826 28.93 2
    endloop
  endfacet
  facet normal 0.904389 -0.426709 0
    outer loop
      vertex 46.3826 28.93 0
      vertex 46.3533 28.8679 2
      vertex 46.3533 28.8679 0
    endloop
  endfacet
  facet normal 0.941313 -0.337534 0
    outer loop
      vertex 46.3301 28.8032 2
      vertex 46.3533 28.8679 0
      vertex 46.3533 28.8679 2
    endloop
  endfacet
  facet normal 0.941313 -0.337534 0
    outer loop
      vertex 46.3533 28.8679 0
      vertex 46.3301 28.8032 2
      vertex 46.3301 28.8032 0
    endloop
  endfacet
  facet normal -0.0495019 0.998774 0
    outer loop
      vertex 47.0686 17.3034 0
      vertex 47 17.3 2
      vertex 47.0686 17.3034 2
    endloop
  endfacet
  facet normal -0.0495019 0.998774 0
    outer loop
      vertex 47 17.3 2
      vertex 47.0686 17.3034 0
      vertex 47 17.3 0
    endloop
  endfacet
  facet normal 0.857107 0.515138 0
    outer loop
      vertex 46.418 17.6111 2
      vertex 46.3826 17.67 0
      vertex 46.3826 17.67 2
    endloop
  endfacet
  facet normal 0.857107 0.515138 0
    outer loop
      vertex 46.3826 17.67 0
      vertex 46.418 17.6111 2
      vertex 46.418 17.6111 0
    endloop
  endfacet
  facet normal 0.80348 0.595332 0
    outer loop
      vertex 46.4589 17.5559 2
      vertex 46.418 17.6111 0
      vertex 46.418 17.6111 2
    endloop
  endfacet
  facet normal 0.80348 0.595332 0
    outer loop
      vertex 46.418 17.6111 0
      vertex 46.4589 17.5559 2
      vertex 46.4589 17.5559 0
    endloop
  endfacet
  facet normal -0.337534 0.941313 0
    outer loop
      vertex 47.2679 17.3533 0
      vertex 47.2032 17.3301 2
      vertex 47.2679 17.3533 2
    endloop
  endfacet
  facet normal -0.337534 0.941313 0
    outer loop
      vertex 47.2032 17.3301 2
      vertex 47.2679 17.3533 0
      vertex 47.2032 17.3301 0
    endloop
  endfacet
  facet normal -0.426709 0.904389 0
    outer loop
      vertex 47.33 17.3826 0
      vertex 47.2679 17.3533 2
      vertex 47.33 17.3826 2
    endloop
  endfacet
  facet normal -0.426709 0.904389 0
    outer loop
      vertex 47.2679 17.3533 2
      vertex 47.33 17.3826 0
      vertex 47.2679 17.3533 0
    endloop
  endfacet
  facet normal 0.671295 0.741191 -0
    outer loop
      vertex 46.5559 17.4589 0
      vertex 46.505 17.505 2
      vertex 46.5559 17.4589 2
    endloop
  endfacet
  facet normal 0.671295 0.741191 0
    outer loop
      vertex 46.505 17.505 2
      vertex 46.5559 17.4589 0
      vertex 46.505 17.505 0
    endloop
  endfacet
  facet normal -0.671295 0.741191 0
    outer loop
      vertex 47.495 17.505 0
      vertex 47.4441 17.4589 2
      vertex 47.495 17.505 2
    endloop
  endfacet
  facet normal -0.671295 0.741191 0
    outer loop
      vertex 47.4441 17.4589 2
      vertex 47.495 17.505 0
      vertex 47.4441 17.4589 0
    endloop
  endfacet
  facet normal 0.337534 0.941313 -0
    outer loop
      vertex 46.7968 17.3301 0
      vertex 46.7321 17.3533 2
      vertex 46.7968 17.3301 2
    endloop
  endfacet
  facet normal 0.337534 0.941313 0
    outer loop
      vertex 46.7321 17.3533 2
      vertex 46.7968 17.3301 0
      vertex 46.7321 17.3533 0
    endloop
  endfacet
  facet normal 0.595332 0.80348 -0
    outer loop
      vertex 46.6111 17.418 0
      vertex 46.5559 17.4589 2
      vertex 46.6111 17.418 2
    endloop
  endfacet
  facet normal 0.595332 0.80348 0
    outer loop
      vertex 46.5559 17.4589 2
      vertex 46.6111 17.418 0
      vertex 46.5559 17.4589 0
    endloop
  endfacet
  facet normal 0.941313 0.337534 0
    outer loop
      vertex 46.3533 17.7321 2
      vertex 46.3301 17.7968 0
      vertex 46.3301 17.7968 2
    endloop
  endfacet
  facet normal 0.941313 0.337534 0
    outer loop
      vertex 46.3301 17.7968 0
      vertex 46.3533 17.7321 2
      vertex 46.3533 17.7321 0
    endloop
  endfacet
  facet normal 0.989359 0.145494 0
    outer loop
      vertex 50.3134 17.8634 2
      vertex 50.3034 17.9314 0
      vertex 50.3034 17.9314 2
    endloop
  endfacet
  facet normal 0.989359 0.145494 0
    outer loop
      vertex 50.3034 17.9314 0
      vertex 50.3134 17.8634 2
      vertex 50.3134 17.8634 0
    endloop
  endfacet
  facet normal -0.80348 0.595332 0
    outer loop
      vertex 51.5411 17.5559 0
      vertex 51.582 17.6111 2
      vertex 51.582 17.6111 0
    endloop
  endfacet
  facet normal -0.80348 0.595332 0
    outer loop
      vertex 51.582 17.6111 2
      vertex 51.5411 17.5559 0
      vertex 51.5411 17.5559 2
    endloop
  endfacet
  facet normal 0.998774 0.0495019 0
    outer loop
      vertex 50.3034 17.9314 2
      vertex 50.3 18 0
      vertex 50.3 18 2
    endloop
  endfacet
  facet normal 0.998774 0.0495019 0
    outer loop
      vertex 50.3 18 0
      vertex 50.3034 17.9314 2
      vertex 50.3034 17.9314 0
    endloop
  endfacet
  facet normal 0.595332 -0.80348 0
    outer loop
      vertex 50.5559 29.1411 0
      vertex 50.6111 29.182 2
      vertex 50.5559 29.1411 2
    endloop
  endfacet
  facet normal 0.595332 -0.80348 0
    outer loop
      vertex 50.6111 29.182 2
      vertex 50.5559 29.1411 0
      vertex 50.6111 29.182 0
    endloop
  endfacet
  facet normal -0.970314 0.24185 0
    outer loop
      vertex 51.6699 17.7968 0
      vertex 51.6865 17.8634 2
      vertex 51.6865 17.8634 0
    endloop
  endfacet
  facet normal -0.970314 0.24185 0
    outer loop
      vertex 51.6865 17.8634 2
      vertex 51.6699 17.7968 0
      vertex 51.6699 17.7968 2
    endloop
  endfacet
  facet normal -0.970314 -0.24185 0
    outer loop
      vertex 51.6865 28.7366 0
      vertex 51.6699 28.8032 2
      vertex 51.6699 28.8032 0
    endloop
  endfacet
  facet normal -0.970314 -0.24185 0
    outer loop
      vertex 51.6699 28.8032 2
      vertex 51.6865 28.7366 0
      vertex 51.6865 28.7366 2
    endloop
  endfacet
  facet normal 0.426709 0.904389 -0
    outer loop
      vertex 50.7321 17.3533 0
      vertex 50.67 17.3826 2
      vertex 50.7321 17.3533 2
    endloop
  endfacet
  facet normal 0.426709 0.904389 0
    outer loop
      vertex 50.67 17.3826 2
      vertex 50.7321 17.3533 0
      vertex 50.67 17.3826 0
    endloop
  endfacet
  facet normal 0.998774 -0.0495019 0
    outer loop
      vertex 50.3 28.6 2
      vertex 50.3034 28.6686 0
      vertex 50.3034 28.6686 2
    endloop
  endfacet
  facet normal 0.998774 -0.0495019 0
    outer loop
      vertex 50.3034 28.6686 0
      vertex 50.3 28.6 2
      vertex 50.3 28.6 0
    endloop
  endfacet
  facet normal 1 -0 0
    outer loop
      vertex 50.3 18 2
      vertex 50.3 28.6 0
      vertex 50.3 28.6 2
    endloop
  endfacet
  facet normal 1 0 0
    outer loop
      vertex 50.3 28.6 0
      vertex 50.3 18 2
      vertex 50.3 18 0
    endloop
  endfacet
  facet normal -0.998774 -0.0495019 0
    outer loop
      vertex 51.7 28.6 0
      vertex 51.6966 28.6686 2
      vertex 51.6966 28.6686 0
    endloop
  endfacet
  facet normal -0.998774 -0.0495019 0
    outer loop
      vertex 51.6966 28.6686 2
      vertex 51.7 28.6 0
      vertex 51.7 28.6 2
    endloop
  endfacet
  facet normal -0.0495019 -0.998774 0
    outer loop
      vertex 51 29.3 0
      vertex 51.0686 29.2966 2
      vertex 51 29.3 2
    endloop
  endfacet
  facet normal -0.0495019 -0.998774 -0
    outer loop
      vertex 51.0686 29.2966 2
      vertex 51 29.3 0
      vertex 51.0686 29.2966 0
    endloop
  endfacet
  facet normal -0.336244 -0.941775 0
    outer loop
      vertex 51.2032 29.2698 0
      vertex 51.2679 29.2467 2
      vertex 51.2032 29.2698 2
    endloop
  endfacet
  facet normal -0.336244 -0.941775 -0
    outer loop
      vertex 51.2679 29.2467 2
      vertex 51.2032 29.2698 0
      vertex 51.2679 29.2467 0
    endloop
  endfacet
  facet normal -0.941313 -0.337534 0
    outer loop
      vertex 51.6699 28.8032 0
      vertex 51.6467 28.8679 2
      vertex 51.6467 28.8679 0
    endloop
  endfacet
  facet normal -0.941313 -0.337534 0
    outer loop
      vertex 51.6467 28.8679 2
      vertex 51.6699 28.8032 0
      vertex 51.6699 28.8032 2
    endloop
  endfacet
  facet normal -0.85775 -0.514067 0
    outer loop
      vertex 51.6173 28.93 0
      vertex 51.582 28.9889 2
      vertex 51.582 28.9889 0
    endloop
  endfacet
  facet normal -0.85775 -0.514067 0
    outer loop
      vertex 51.582 28.9889 2
      vertex 51.6173 28.93 0
      vertex 51.6173 28.93 2
    endloop
  endfacet
  facet normal -0.989149 0.146918 0
    outer loop
      vertex 51.6865 17.8634 0
      vertex 51.6966 17.9314 2
      vertex 51.6966 17.9314 0
    endloop
  endfacet
  facet normal -0.989149 0.146918 0
    outer loop
      vertex 51.6966 17.9314 2
      vertex 51.6865 17.8634 0
      vertex 51.6865 17.8634 2
    endloop
  endfacet
  facet normal -0.243221 -0.969971 0
    outer loop
      vertex 51.1366 29.2865 0
      vertex 51.2032 29.2698 2
      vertex 51.1366 29.2865 2
    endloop
  endfacet
  facet normal -0.243221 -0.969971 -0
    outer loop
      vertex 51.2032 29.2698 2
      vertex 51.1366 29.2865 0
      vertex 51.2032 29.2698 0
    endloop
  endfacet
  facet normal -0.903827 0.427899 0
    outer loop
      vertex 51.6173 17.67 0
      vertex 51.6467 17.7321 2
      vertex 51.6467 17.7321 0
    endloop
  endfacet
  facet normal -0.903827 0.427899 0
    outer loop
      vertex 51.6467 17.7321 2
      vertex 51.6173 17.67 0
      vertex 51.6173 17.67 2
    endloop
  endfacet
  facet normal -0.595332 -0.80348 0
    outer loop
      vertex 51.3889 29.182 0
      vertex 51.4441 29.1411 2
      vertex 51.3889 29.182 2
    endloop
  endfacet
  facet normal -0.595332 -0.80348 -0
    outer loop
      vertex 51.4441 29.1411 2
      vertex 51.3889 29.182 0
      vertex 51.4441 29.1411 0
    endloop
  endfacet
  facet normal -0.741191 -0.671295 0
    outer loop
      vertex 51.5411 29.0441 0
      vertex 51.495 29.095 2
      vertex 51.495 29.095 0
    endloop
  endfacet
  facet normal -0.741191 -0.671295 0
    outer loop
      vertex 51.495 29.095 2
      vertex 51.5411 29.0441 0
      vertex 51.5411 29.0441 2
    endloop
  endfacet
  facet normal 0.336244 -0.941775 0
    outer loop
      vertex 50.7321 29.2467 0
      vertex 50.7968 29.2698 2
      vertex 50.7321 29.2467 2
    endloop
  endfacet
  facet normal 0.336244 -0.941775 0
    outer loop
      vertex 50.7968 29.2698 2
      vertex 50.7321 29.2467 0
      vertex 50.7968 29.2698 0
    endloop
  endfacet
  facet normal -0.145494 0.989359 0
    outer loop
      vertex 51.1366 17.3134 0
      vertex 51.0686 17.3034 2
      vertex 51.1366 17.3134 2
    endloop
  endfacet
  facet normal -0.145494 0.989359 0
    outer loop
      vertex 51.0686 17.3034 2
      vertex 51.1366 17.3134 0
      vertex 51.0686 17.3034 0
    endloop
  endfacet
  facet normal -0.998774 0.0495019 0
    outer loop
      vertex 51.6966 17.9314 0
      vertex 51.7 18 2
      vertex 51.7 18 0
    endloop
  endfacet
  facet normal -0.998774 0.0495019 0
    outer loop
      vertex 51.7 18 2
      vertex 51.6966 17.9314 0
      vertex 51.6966 17.9314 2
    endloop
  endfacet
  facet normal -1 0 0
    outer loop
      vertex 51.7 18 0
      vertex 51.7 28.6 2
      vertex 51.7 28.6 0
    endloop
  endfacet
  facet normal -1 -0 0
    outer loop
      vertex 51.7 28.6 2
      vertex 51.7 18 0
      vertex 51.7 18 2
    endloop
  endfacet
  facet normal 0.243221 0.969971 -0
    outer loop
      vertex 50.8634 17.3134 0
      vertex 50.7968 17.3301 2
      vertex 50.8634 17.3134 2
    endloop
  endfacet
  facet normal 0.243221 0.969971 0
    outer loop
      vertex 50.7968 17.3301 2
      vertex 50.8634 17.3134 0
      vertex 50.7968 17.3301 0
    endloop
  endfacet
  facet normal -0.989149 -0.146918 0
    outer loop
      vertex 51.6966 28.6686 0
      vertex 51.6865 28.7366 2
      vertex 51.6865 28.7366 0
    endloop
  endfacet
  facet normal -0.989149 -0.146918 0
    outer loop
      vertex 51.6865 28.7366 2
      vertex 51.6966 28.6686 0
      vertex 51.6966 28.6686 2
    endloop
  endfacet
  facet normal 0.0495019 0.998774 -0
    outer loop
      vertex 51 17.3 0
      vertex 50.9314 17.3034 2
      vertex 51 17.3 2
    endloop
  endfacet
  facet normal 0.0495019 0.998774 0
    outer loop
      vertex 50.9314 17.3034 2
      vertex 51 17.3 0
      vertex 50.9314 17.3034 0
    endloop
  endfacet
  facet normal 0.904389 0.426709 0
    outer loop
      vertex 50.3826 17.67 2
      vertex 50.3533 17.7321 0
      vertex 50.3533 17.7321 2
    endloop
  endfacet
  facet normal 0.904389 0.426709 0
    outer loop
      vertex 50.3533 17.7321 0
      vertex 50.3826 17.67 2
      vertex 50.3826 17.67 0
    endloop
  endfacet
  facet normal -0.427899 -0.903827 0
    outer loop
      vertex 51.2679 29.2467 0
      vertex 51.33 29.2173 2
      vertex 51.2679 29.2467 2
    endloop
  endfacet
  facet normal -0.427899 -0.903827 -0
    outer loop
      vertex 51.33 29.2173 2
      vertex 51.2679 29.2467 0
      vertex 51.33 29.2173 0
    endloop
  endfacet
  facet normal -0.741191 0.671295 0
    outer loop
      vertex 51.495 17.505 0
      vertex 51.5411 17.5559 2
      vertex 51.5411 17.5559 0
    endloop
  endfacet
  facet normal -0.741191 0.671295 0
    outer loop
      vertex 51.5411 17.5559 2
      vertex 51.495 17.505 0
      vertex 51.495 17.505 2
    endloop
  endfacet
  facet normal 0.0495019 -0.998774 0
    outer loop
      vertex 50.9314 29.2966 0
      vertex 51 29.3 2
      vertex 50.9314 29.2966 2
    endloop
  endfacet
  facet normal 0.0495019 -0.998774 0
    outer loop
      vertex 51 29.3 2
      vertex 50.9314 29.2966 0
      vertex 51 29.3 0
    endloop
  endfacet
  facet normal -0.85775 0.514067 0
    outer loop
      vertex 51.582 17.6111 0
      vertex 51.6173 17.67 2
      vertex 51.6173 17.67 0
    endloop
  endfacet
  facet normal -0.85775 0.514067 0
    outer loop
      vertex 51.6173 17.67 2
      vertex 51.582 17.6111 0
      vertex 51.582 17.6111 2
    endloop
  endfacet
  facet normal 0.671295 -0.741191 0
    outer loop
      vertex 50.505 29.095 0
      vertex 50.5559 29.1411 2
      vertex 50.505 29.095 2
    endloop
  endfacet
  facet normal 0.671295 -0.741191 0
    outer loop
      vertex 50.5559 29.1411 2
      vertex 50.505 29.095 0
      vertex 50.5559 29.1411 0
    endloop
  endfacet
  facet normal 0.80348 -0.595332 0
    outer loop
      vertex 50.418 28.9889 2
      vertex 50.4589 29.0441 0
      vertex 50.4589 29.0441 2
    endloop
  endfacet
  facet normal 0.80348 -0.595332 0
    outer loop
      vertex 50.4589 29.0441 0
      vertex 50.418 28.9889 2
      vertex 50.418 28.9889 0
    endloop
  endfacet
  facet normal -0.903827 -0.427899 0
    outer loop
      vertex 51.6467 28.8679 0
      vertex 51.6173 28.93 2
      vertex 51.6173 28.93 0
    endloop
  endfacet
  facet normal -0.903827 -0.427899 0
    outer loop
      vertex 51.6173 28.93 2
      vertex 51.6467 28.8679 0
      vertex 51.6467 28.8679 2
    endloop
  endfacet
  facet normal -0.514067 -0.85775 0
    outer loop
      vertex 51.33 29.2173 0
      vertex 51.3889 29.182 2
      vertex 51.33 29.2173 2
    endloop
  endfacet
  facet normal -0.514067 -0.85775 -0
    outer loop
      vertex 51.3889 29.182 2
      vertex 51.33 29.2173 0
      vertex 51.3889 29.182 0
    endloop
  endfacet
  facet normal -0.146918 -0.989149 0
    outer loop
      vertex 51.0686 29.2966 0
      vertex 51.1366 29.2865 2
      vertex 51.0686 29.2966 2
    endloop
  endfacet
  facet normal -0.146918 -0.989149 -0
    outer loop
      vertex 51.1366 29.2865 2
      vertex 51.0686 29.2966 0
      vertex 51.1366 29.2865 0
    endloop
  endfacet
  facet normal 0.427899 -0.903827 0
    outer loop
      vertex 50.67 29.2173 0
      vertex 50.7321 29.2467 2
      vertex 50.67 29.2173 2
    endloop
  endfacet
  facet normal 0.427899 -0.903827 0
    outer loop
      vertex 50.7321 29.2467 2
      vertex 50.67 29.2173 0
      vertex 50.7321 29.2467 0
    endloop
  endfacet
  facet normal -0.243221 0.969971 0
    outer loop
      vertex 51.2032 17.3301 0
      vertex 51.1366 17.3134 2
      vertex 51.2032 17.3301 2
    endloop
  endfacet
  facet normal -0.243221 0.969971 0
    outer loop
      vertex 51.1366 17.3134 2
      vertex 51.2032 17.3301 0
      vertex 51.1366 17.3134 0
    endloop
  endfacet
  facet normal -0.80348 -0.595332 0
    outer loop
      vertex 51.582 28.9889 0
      vertex 51.5411 29.0441 2
      vertex 51.5411 29.0441 0
    endloop
  endfacet
  facet normal -0.80348 -0.595332 0
    outer loop
      vertex 51.5411 29.0441 2
      vertex 51.582 28.9889 0
      vertex 51.582 28.9889 2
    endloop
  endfacet
  facet normal 0.741191 -0.671295 0
    outer loop
      vertex 50.4589 29.0441 2
      vertex 50.505 29.095 0
      vertex 50.505 29.095 2
    endloop
  endfacet
  facet normal 0.741191 -0.671295 0
    outer loop
      vertex 50.505 29.095 0
      vertex 50.4589 29.0441 2
      vertex 50.4589 29.0441 0
    endloop
  endfacet
  facet normal -0.515138 0.857107 0
    outer loop
      vertex 51.3889 17.418 0
      vertex 51.33 17.3826 2
      vertex 51.3889 17.418 2
    endloop
  endfacet
  facet normal -0.515138 0.857107 0
    outer loop
      vertex 51.33 17.3826 2
      vertex 51.3889 17.418 0
      vertex 51.33 17.3826 0
    endloop
  endfacet
  facet normal 0.857107 -0.515138 0
    outer loop
      vertex 50.3826 28.93 2
      vertex 50.418 28.9889 0
      vertex 50.418 28.9889 2
    endloop
  endfacet
  facet normal 0.857107 -0.515138 0
    outer loop
      vertex 50.418 28.9889 0
      vertex 50.3826 28.93 2
      vertex 50.3826 28.93 0
    endloop
  endfacet
  facet normal 0.145494 0.989359 -0
    outer loop
      vertex 50.9314 17.3034 0
      vertex 50.8634 17.3134 2
      vertex 50.9314 17.3034 2
    endloop
  endfacet
  facet normal 0.145494 0.989359 0
    outer loop
      vertex 50.8634 17.3134 2
      vertex 50.9314 17.3034 0
      vertex 50.8634 17.3134 0
    endloop
  endfacet
  facet normal 0.243221 -0.969971 0
    outer loop
      vertex 50.7968 29.2698 0
      vertex 50.8634 29.2865 2
      vertex 50.7968 29.2698 2
    endloop
  endfacet
  facet normal 0.243221 -0.969971 0
    outer loop
      vertex 50.8634 29.2865 2
      vertex 50.7968 29.2698 0
      vertex 50.8634 29.2865 0
    endloop
  endfacet
  facet normal -0.671295 -0.741191 0
    outer loop
      vertex 51.4441 29.1411 0
      vertex 51.495 29.095 2
      vertex 51.4441 29.1411 2
    endloop
  endfacet
  facet normal -0.671295 -0.741191 -0
    outer loop
      vertex 51.495 29.095 2
      vertex 51.4441 29.1411 0
      vertex 51.495 29.095 0
    endloop
  endfacet
  facet normal -0.941313 0.337534 0
    outer loop
      vertex 51.6467 17.7321 0
      vertex 51.6699 17.7968 2
      vertex 51.6699 17.7968 0
    endloop
  endfacet
  facet normal -0.941313 0.337534 0
    outer loop
      vertex 51.6699 17.7968 2
      vertex 51.6467 17.7321 0
      vertex 51.6467 17.7321 2
    endloop
  endfacet
  facet normal 0.146918 -0.989149 0
    outer loop
      vertex 50.8634 29.2865 0
      vertex 50.9314 29.2966 2
      vertex 50.8634 29.2865 2
    endloop
  endfacet
  facet normal 0.146918 -0.989149 0
    outer loop
      vertex 50.9314 29.2966 2
      vertex 50.8634 29.2865 0
      vertex 50.9314 29.2966 0
    endloop
  endfacet
  facet normal 0.741191 0.671295 0
    outer loop
      vertex 50.505 17.505 2
      vertex 50.4589 17.5559 0
      vertex 50.4589 17.5559 2
    endloop
  endfacet
  facet normal 0.741191 0.671295 0
    outer loop
      vertex 50.4589 17.5559 0
      vertex 50.505 17.505 2
      vertex 50.505 17.505 0
    endloop
  endfacet
  facet normal 0.515138 0.857107 -0
    outer loop
      vertex 50.67 17.3826 0
      vertex 50.6111 17.418 2
      vertex 50.67 17.3826 2
    endloop
  endfacet
  facet normal 0.515138 0.857107 0
    outer loop
      vertex 50.6111 17.418 2
      vertex 50.67 17.3826 0
      vertex 50.6111 17.418 0
    endloop
  endfacet
  facet normal 0.969971 0.243221 0
    outer loop
      vertex 50.3301 17.7968 2
      vertex 50.3134 17.8634 0
      vertex 50.3134 17.8634 2
    endloop
  endfacet
  facet normal 0.969971 0.243221 0
    outer loop
      vertex 50.3134 17.8634 0
      vertex 50.3301 17.7968 2
      vertex 50.3301 17.7968 0
    endloop
  endfacet
  facet normal 0.969971 -0.243221 0
    outer loop
      vertex 50.3134 28.7366 2
      vertex 50.3301 28.8032 0
      vertex 50.3301 28.8032 2
    endloop
  endfacet
  facet normal 0.969971 -0.243221 0
    outer loop
      vertex 50.3301 28.8032 0
      vertex 50.3134 28.7366 2
      vertex 50.3134 28.7366 0
    endloop
  endfacet
  facet normal 0.989359 -0.145494 0
    outer loop
      vertex 50.3034 28.6686 2
      vertex 50.3134 28.7366 0
      vertex 50.3134 28.7366 2
    endloop
  endfacet
  facet normal 0.989359 -0.145494 0
    outer loop
      vertex 50.3134 28.7366 0
      vertex 50.3034 28.6686 2
      vertex 50.3034 28.6686 0
    endloop
  endfacet
  facet normal 0.904389 -0.426709 0
    outer loop
      vertex 50.3533 28.8679 2
      vertex 50.3826 28.93 0
      vertex 50.3826 28.93 2
    endloop
  endfacet
  facet normal 0.904389 -0.426709 0
    outer loop
      vertex 50.3826 28.93 0
      vertex 50.3533 28.8679 2
      vertex 50.3533 28.8679 0
    endloop
  endfacet
  facet normal 0.941313 -0.337534 0
    outer loop
      vertex 50.3301 28.8032 2
      vertex 50.3533 28.8679 0
      vertex 50.3533 28.8679 2
    endloop
  endfacet
  facet normal 0.941313 -0.337534 0
    outer loop
      vertex 50.3533 28.8679 0
      vertex 50.3301 28.8032 2
      vertex 50.3301 28.8032 0
    endloop
  endfacet
  facet normal 0.671295 0.741191 -0
    outer loop
      vertex 50.5559 17.4589 0
      vertex 50.505 17.505 2
      vertex 50.5559 17.4589 2
    endloop
  endfacet
  facet normal 0.671295 0.741191 0
    outer loop
      vertex 50.505 17.505 2
      vertex 50.5559 17.4589 0
      vertex 50.505 17.505 0
    endloop
  endfacet
  facet normal -0.0495019 0.998774 0
    outer loop
      vertex 51.0686 17.3034 0
      vertex 51 17.3 2
      vertex 51.0686 17.3034 2
    endloop
  endfacet
  facet normal -0.0495019 0.998774 0
    outer loop
      vertex 51 17.3 2
      vertex 51.0686 17.3034 0
      vertex 51 17.3 0
    endloop
  endfacet
  facet normal 0.857107 0.515138 0
    outer loop
      vertex 50.418 17.6111 2
      vertex 50.3826 17.67 0
      vertex 50.3826 17.67 2
    endloop
  endfacet
  facet normal 0.857107 0.515138 0
    outer loop
      vertex 50.3826 17.67 0
      vertex 50.418 17.6111 2
      vertex 50.418 17.6111 0
    endloop
  endfacet
  facet normal 0.514067 -0.85775 0
    outer loop
      vertex 50.6111 29.182 0
      vertex 50.67 29.2173 2
      vertex 50.6111 29.182 2
    endloop
  endfacet
  facet normal 0.514067 -0.85775 0
    outer loop
      vertex 50.67 29.2173 2
      vertex 50.6111 29.182 0
      vertex 50.67 29.2173 0
    endloop
  endfacet
  facet normal -0.595332 0.80348 0
    outer loop
      vertex 51.4441 17.4589 0
      vertex 51.3889 17.418 2
      vertex 51.4441 17.4589 2
    endloop
  endfacet
  facet normal -0.595332 0.80348 0
    outer loop
      vertex 51.3889 17.418 2
      vertex 51.4441 17.4589 0
      vertex 51.3889 17.418 0
    endloop
  endfacet
  facet normal 0.80348 0.595332 0
    outer loop
      vertex 50.4589 17.5559 2
      vertex 50.418 17.6111 0
      vertex 50.418 17.6111 2
    endloop
  endfacet
  facet normal 0.80348 0.595332 0
    outer loop
      vertex 50.418 17.6111 0
      vertex 50.4589 17.5559 2
      vertex 50.4589 17.5559 0
    endloop
  endfacet
  facet normal -0.337534 0.941313 0
    outer loop
      vertex 51.2679 17.3533 0
      vertex 51.2032 17.3301 2
      vertex 51.2679 17.3533 2
    endloop
  endfacet
  facet normal -0.337534 0.941313 0
    outer loop
      vertex 51.2032 17.3301 2
      vertex 51.2679 17.3533 0
      vertex 51.2032 17.3301 0
    endloop
  endfacet
  facet normal -0.426709 0.904389 0
    outer loop
      vertex 51.33 17.3826 0
      vertex 51.2679 17.3533 2
      vertex 51.33 17.3826 2
    endloop
  endfacet
  facet normal -0.426709 0.904389 0
    outer loop
      vertex 51.2679 17.3533 2
      vertex 51.33 17.3826 0
      vertex 51.2679 17.3533 0
    endloop
  endfacet
  facet normal -0.671295 0.741191 0
    outer loop
      vertex 51.495 17.505 0
      vertex 51.4441 17.4589 2
      vertex 51.495 17.505 2
    endloop
  endfacet
  facet normal -0.671295 0.741191 0
    outer loop
      vertex 51.4441 17.4589 2
      vertex 51.495 17.505 0
      vertex 51.4441 17.4589 0
    endloop
  endfacet
  facet normal 0.337534 0.941313 -0
    outer loop
      vertex 50.7968 17.3301 0
      vertex 50.7321 17.3533 2
      vertex 50.7968 17.3301 2
    endloop
  endfacet
  facet normal 0.337534 0.941313 0
    outer loop
      vertex 50.7321 17.3533 2
      vertex 50.7968 17.3301 0
      vertex 50.7321 17.3533 0
    endloop
  endfacet
  facet normal 0.595332 0.80348 -0
    outer loop
      vertex 50.6111 17.418 0
      vertex 50.5559 17.4589 2
      vertex 50.6111 17.418 2
    endloop
  endfacet
  facet normal 0.595332 0.80348 0
    outer loop
      vertex 50.5559 17.4589 2
      vertex 50.6111 17.418 0
      vertex 50.5559 17.4589 0
    endloop
  endfacet
  facet normal 0.941313 0.337534 0
    outer loop
      vertex 50.3533 17.7321 2
      vertex 50.3301 17.7968 0
      vertex 50.3301 17.7968 2
    endloop
  endfacet
  facet normal 0.941313 0.337534 0
    outer loop
      vertex 50.3301 17.7968 0
      vertex 50.3533 17.7321 2
      vertex 50.3533 17.7321 0
    endloop
  endfacet
  facet normal 0 0 -1
    outer loop
      vertex 39.5114 6.83282 0.4
      vertex 39.1876 7.09729 0.4
      vertex 39.5114 9.22151 0.4
    endloop
  endfacet
  facet normal 0 0 -1
    outer loop
      vertex 37.9806 6.83282 0.4
      vertex 39.1876 7.09729 0.4
      vertex 39.5114 6.83282 0.4
    endloop
  endfacet
  facet normal -0 0 -1
    outer loop
      vertex 39.1876 7.09729 0.4
      vertex 37.9806 6.83282 0.4
      vertex 37.9806 7.09729 0.4
    endloop
  endfacet
  facet normal -0 0 -1
    outer loop
      vertex 39.5114 9.22151 0.4
      vertex 39.1876 7.09729 0.4
      vertex 39.1876 9.22151 0.4
    endloop
  endfacet
  facet normal 0 0 -1
    outer loop
      vertex 47.3415 6.90601 0.4
      vertex 47.6588 6.93513 0.4
      vertex 47.6612 6.83282 0.4
    endloop
  endfacet
  facet normal 0 0 -1
    outer loop
      vertex 47.3387 6.97865 0.4
      vertex 47.6588 6.93513 0.4
      vertex 47.3415 6.90601 0.4
    endloop
  endfacet
  facet normal 0 0 -1
    outer loop
      vertex 47.3341 7.05075 0.4
      vertex 47.6516 7.03864 0.4
      vertex 47.3387 6.97865 0.4
    endloop
  endfacet
  facet normal 0 0 -1
    outer loop
      vertex 47.3276 7.12231 0.4
      vertex 47.6396 7.14334 0.4
      vertex 47.3341 7.05075 0.4
    endloop
  endfacet
  facet normal -0 0 -1
    outer loop
      vertex 47.6396 7.14334 0.4
      vertex 47.3276 7.12231 0.4
      vertex 47.6228 7.24924 0.4
    endloop
  endfacet
  facet normal 0 0 -1
    outer loop
      vertex 47.3089 7.26379 0.4
      vertex 47.6228 7.24924 0.4
      vertex 47.3192 7.19333 0.4
    endloop
  endfacet
  facet normal 0 0 -1
    outer loop
      vertex 47.2968 7.33372 0.4
      vertex 47.6013 7.35632 0.4
      vertex 47.3089 7.26379 0.4
    endloop
  endfacet
  facet normal 0 0 -1
    outer loop
      vertex 47.2829 7.40311 0.4
      vertex 47.5749 7.4646 0.4
      vertex 47.2968 7.33372 0.4
    endloop
  endfacet
  facet normal 0 0 -1
    outer loop
      vertex 47.267 7.47194 0.4
      vertex 47.5749 7.4646 0.4
      vertex 47.2829 7.40311 0.4
    endloop
  endfacet
  facet normal 0 0 -1
    outer loop
      vertex 47.2493 7.54062 0.4
      vertex 47.5437 7.57407 0.4
      vertex 47.267 7.47194 0.4
    endloop
  endfacet
  facet normal 0 0 -1
    outer loop
      vertex 47.3415 6.90601 0.4
      vertex 47.6612 6.83282 0.4
      vertex 47.3425 6.83282 0.4
    endloop
  endfacet
  facet normal 0 0 -1
    outer loop
      vertex 47.6588 6.93513 0.4
      vertex 47.3387 6.97865 0.4
      vertex 47.6516 7.03864 0.4
    endloop
  endfacet
  facet normal 0 0 -1
    outer loop
      vertex 47.6516 7.03864 0.4
      vertex 47.3341 7.05075 0.4
      vertex 47.6396 7.14334 0.4
    endloop
  endfacet
  facet normal 0 0 -1
    outer loop
      vertex 47.3192 7.19333 0.4
      vertex 47.6228 7.24924 0.4
      vertex 47.3276 7.12231 0.4
    endloop
  endfacet
  facet normal 0 0 -1
    outer loop
      vertex 47.6228 7.24924 0.4
      vertex 47.3089 7.26379 0.4
      vertex 47.6013 7.35632 0.4
    endloop
  endfacet
  facet normal -0 0 -1
    outer loop
      vertex 47.6013 7.35632 0.4
      vertex 47.2968 7.33372 0.4
      vertex 47.5749 7.4646 0.4
    endloop
  endfacet
  facet normal 0 0 -1
    outer loop
      vertex 47.5749 7.4646 0.4
      vertex 47.267 7.47194 0.4
      vertex 47.5437 7.57407 0.4
    endloop
  endfacet
  facet normal -0 0 -1
    outer loop
      vertex 47.5437 7.57407 0.4
      vertex 47.2493 7.54062 0.4
      vertex 47.5078 7.68474 0.4
    endloop
  endfacet
  facet normal 0 0 -1
    outer loop
      vertex 47.2298 7.6095 0.4
      vertex 47.5078 7.68474 0.4
      vertex 47.2493 7.54062 0.4
    endloop
  endfacet
  facet normal 0 0 -1
    outer loop
      vertex 47.2083 7.67859 0.4
      vertex 47.5078 7.68474 0.4
      vertex 47.2298 7.6095 0.4
    endloop
  endfacet
  facet normal -0 0 -1
    outer loop
      vertex 47.5078 7.68474 0.4
      vertex 47.2083 7.67859 0.4
      vertex 47.4671 7.7966 0.4
    endloop
  endfacet
  facet normal 0 0 -1
    outer loop
      vertex 47.185 7.74788 0.4
      vertex 47.4671 7.7966 0.4
      vertex 47.2083 7.67859 0.4
    endloop
  endfacet
  facet normal -0 0 -1
    outer loop
      vertex 47.4671 7.7966 0.4
      vertex 47.185 7.74788 0.4
      vertex 47.4207 7.91095 0.4
    endloop
  endfacet
  facet normal 0 0 -1
    outer loop
      vertex 47.1599 7.8174 0.4
      vertex 47.4207 7.91095 0.4
      vertex 47.185 7.74788 0.4
    endloop
  endfacet
  facet normal 0 0 -1
    outer loop
      vertex 47.1329 7.88712 0.4
      vertex 47.4207 7.91095 0.4
      vertex 47.1599 7.8174 0.4
    endloop
  endfacet
  facet normal -0 0 -1
    outer loop
      vertex 47.4207 7.91095 0.4
      vertex 47.1329 7.88712 0.4
      vertex 47.3679 8.02907 0.4
    endloop
  endfacet
  facet normal 0 0 -1
    outer loop
      vertex 47.104 7.95703 0.4
      vertex 47.3679 8.02907 0.4
      vertex 47.1329 7.88712 0.4
    endloop
  endfacet
  facet normal -0 0 -1
    outer loop
      vertex 47.3679 8.02907 0.4
      vertex 47.104 7.95703 0.4
      vertex 47.3087 8.151 0.4
    endloop
  endfacet
  facet normal 0 0 -1
    outer loop
      vertex 47.0733 8.02716 0.4
      vertex 47.3087 8.151 0.4
      vertex 47.104 7.95703 0.4
    endloop
  endfacet
  facet normal 0 0 -1
    outer loop
      vertex 47.0407 8.0975 0.4
      vertex 47.3087 8.151 0.4
      vertex 47.0733 8.02716 0.4
    endloop
  endfacet
  facet normal -0 0 -1
    outer loop
      vertex 47.3087 8.151 0.4
      vertex 47.0407 8.0975 0.4
      vertex 47.2431 8.27672 0.4
    endloop
  endfacet
  facet normal 0 0 -1
    outer loop
      vertex 47.0045 8.17094 0.4
      vertex 47.2431 8.27672 0.4
      vertex 47.0407 8.0975 0.4
    endloop
  endfacet
  facet normal 0 0 -1
    outer loop
      vertex 46.963 8.25038 0.4
      vertex 47.2431 8.27672 0.4
      vertex 47.0045 8.17094 0.4
    endloop
  endfacet
  facet normal -0 0 -1
    outer loop
      vertex 47.2431 8.27672 0.4
      vertex 46.963 8.25038 0.4
      vertex 47.1711 8.40622 0.4
    endloop
  endfacet
  facet normal 0 0 -1
    outer loop
      vertex 46.9162 8.33578 0.4
      vertex 47.1711 8.40622 0.4
      vertex 46.963 8.25038 0.4
    endloop
  endfacet
  facet normal -0 0 -1
    outer loop
      vertex 47.1711 8.40622 0.4
      vertex 46.9162 8.33578 0.4
      vertex 47.0926 8.53952 0.4
    endloop
  endfacet
  facet normal 0 0 -1
    outer loop
      vertex 46.864 8.42719 0.4
      vertex 47.0926 8.53952 0.4
      vertex 46.9162 8.33578 0.4
    endloop
  endfacet
  facet normal 0 0 -1
    outer loop
      vertex 46.8066 8.52458 0.4
      vertex 47.0926 8.53952 0.4
      vertex 46.864 8.42719 0.4
    endloop
  endfacet
  facet normal -0 0 -1
    outer loop
      vertex 47.0926 8.53952 0.4
      vertex 46.8066 8.52458 0.4
      vertex 47.0077 8.67659 0.4
    endloop
  endfacet
  facet normal 0 0 -1
    outer loop
      vertex 46.7438 8.62794 0.4
      vertex 47.0077 8.67659 0.4
      vertex 46.8066 8.52458 0.4
    endloop
  endfacet
  facet normal -0 0 -1
    outer loop
      vertex 47.0077 8.67659 0.4
      vertex 46.7438 8.62794 0.4
      vertex 46.9164 8.81747 0.4
    endloop
  endfacet
  facet normal 0 0 -1
    outer loop
      vertex 46.8186 8.96213 0.4
      vertex 48.102 9.22151 0.4
      vertex 48.102 8.96213 0.4
    endloop
  endfacet
  facet normal 0 0 -1
    outer loop
      vertex 46.6757 8.7373 0.4
      vertex 46.9164 8.81747 0.4
      vertex 46.7438 8.62794 0.4
    endloop
  endfacet
  facet normal -0 0 -1
    outer loop
      vertex 46.9164 8.81747 0.4
      vertex 46.6757 8.7373 0.4
      vertex 46.8186 8.96213 0.4
    endloop
  endfacet
  facet normal 0 0 -1
    outer loop
      vertex 46.6023 8.85265 0.4
      vertex 46.8186 8.96213 0.4
      vertex 46.6757 8.7373 0.4
    endloop
  endfacet
  facet normal 0 0 -1
    outer loop
      vertex 46.5236 8.97398 0.4
      vertex 46.8186 8.96213 0.4
      vertex 46.6023 8.85265 0.4
    endloop
  endfacet
  facet normal 0 0 -1
    outer loop
      vertex 46.5236 9.22151 0.4
      vertex 46.8186 8.96213 0.4
      vertex 46.5236 8.97398 0.4
    endloop
  endfacet
  facet normal 0 0 -1
    outer loop
      vertex 46.8186 8.96213 0.4
      vertex 46.5236 9.22151 0.4
      vertex 48.102 9.22151 0.4
    endloop
  endfacet
  facet normal 0 0 -1
    outer loop
      vertex 42.1785 7.91837 0.4
      vertex 42.4885 8.028 0.4
      vertex 42.486 7.89783 0.4
    endloop
  endfacet
  facet normal 0 0 -1
    outer loop
      vertex 42.1785 8.14078 0.4
      vertex 42.4885 8.028 0.4
      vertex 42.18 8.028 0.4
    endloop
  endfacet
  facet normal 0 0 -1
    outer loop
      vertex 42.1738 7.81546 0.4
      vertex 42.486 7.89783 0.4
      vertex 42.4783 7.77477 0.4
    endloop
  endfacet
  facet normal 0 0 -1
    outer loop
      vertex 42.4885 8.028 0.4
      vertex 42.1785 8.14078 0.4
      vertex 42.4861 8.16095 0.4
    endloop
  endfacet
  facet normal 0 0 -1
    outer loop
      vertex 42.1662 7.71928 0.4
      vertex 42.4783 7.77477 0.4
      vertex 42.4656 7.65881 0.4
    endloop
  endfacet
  facet normal 0 0 -1
    outer loop
      vertex 42.1739 8.24626 0.4
      vertex 42.4861 8.16095 0.4
      vertex 42.1785 8.14078 0.4
    endloop
  endfacet
  facet normal 0 0 -1
    outer loop
      vertex 42.1554 7.62985 0.4
      vertex 42.4656 7.65881 0.4
      vertex 42.4477 7.54997 0.4
    endloop
  endfacet
  facet normal 0 0 -1
    outer loop
      vertex 42.4861 8.16095 0.4
      vertex 42.1739 8.24626 0.4
      vertex 42.4786 8.28629 0.4
    endloop
  endfacet
  facet normal 0 0 -1
    outer loop
      vertex 42.1415 7.54715 0.4
      vertex 42.4477 7.54997 0.4
      vertex 42.4247 7.44826 0.4
    endloop
  endfacet
  facet normal 0 0 -1
    outer loop
      vertex 42.1663 8.34447 0.4
      vertex 42.4786 8.28629 0.4
      vertex 42.1739 8.24626 0.4
    endloop
  endfacet
  facet normal 0 0 -1
    outer loop
      vertex 42.1246 7.47119 0.4
      vertex 42.4247 7.44826 0.4
      vertex 42.3966 7.35365 0.4
    endloop
  endfacet
  facet normal 0 0 -1
    outer loop
      vertex 42.4786 8.28629 0.4
      vertex 42.1663 8.34447 0.4
      vertex 42.4662 8.40399 0.4
    endloop
  endfacet
  facet normal 0 0 -1
    outer loop
      vertex 42.1046 7.40198 0.4
      vertex 42.3966 7.35365 0.4
      vertex 42.3634 7.26617 0.4
    endloop
  endfacet
  facet normal 0 0 -1
    outer loop
      vertex 42.1557 8.43538 0.4
      vertex 42.4662 8.40399 0.4
      vertex 42.1663 8.34447 0.4
    endloop
  endfacet
  facet normal 0 0 -1
    outer loop
      vertex 42.0815 7.33951 0.4
      vertex 42.3634 7.26617 0.4
      vertex 42.3251 7.18579 0.4
    endloop
  endfacet
  facet normal 0 0 -1
    outer loop
      vertex 42.4662 8.40399 0.4
      vertex 42.1557 8.43538 0.4
      vertex 42.4489 8.51408 0.4
    endloop
  endfacet
  facet normal 0 0 -1
    outer loop
      vertex 42.0554 7.28377 0.4
      vertex 42.3251 7.18579 0.4
      vertex 42.2817 7.11255 0.4
    endloop
  endfacet
  facet normal 0 0 -1
    outer loop
      vertex 42.1421 8.51901 0.4
      vertex 42.4489 8.51408 0.4
      vertex 42.1557 8.43538 0.4
    endloop
  endfacet
  facet normal 0 0 -1
    outer loop
      vertex 42.0259 7.23431 0.4
      vertex 42.2817 7.11255 0.4
      vertex 42.2332 7.04672 0.4
    endloop
  endfacet
  facet normal 0 0 -1
    outer loop
      vertex 42.4489 8.51408 0.4
      vertex 42.1421 8.51901 0.4
      vertex 42.4265 8.61655 0.4
    endloop
  endfacet
  facet normal 0 0 -1
    outer loop
      vertex 42.1254 8.59537 0.4
      vertex 42.4265 8.61655 0.4
      vertex 42.1421 8.51901 0.4
    endloop
  endfacet
  facet normal 0 0 -1
    outer loop
      vertex 41.9928 7.19067 0.4
      vertex 42.2332 7.04672 0.4
      vertex 42.1797 6.98865 0.4
    endloop
  endfacet
  facet normal -0 0 -1
    outer loop
      vertex 42.4885 8.028 0.4
      vertex 42.1785 7.91837 0.4
      vertex 42.18 8.028 0.4
    endloop
  endfacet
  facet normal -0 0 -1
    outer loop
      vertex 42.486 7.89783 0.4
      vertex 42.1738 7.81546 0.4
      vertex 42.1785 7.91837 0.4
    endloop
  endfacet
  facet normal -0 0 -1
    outer loop
      vertex 42.4783 7.77477 0.4
      vertex 42.1662 7.71928 0.4
      vertex 42.1738 7.81546 0.4
    endloop
  endfacet
  facet normal -0 0 -1
    outer loop
      vertex 42.4656 7.65881 0.4
      vertex 42.1554 7.62985 0.4
      vertex 42.1662 7.71928 0.4
    endloop
  endfacet
  facet normal -0 0 -1
    outer loop
      vertex 42.4477 7.54997 0.4
      vertex 42.1415 7.54715 0.4
      vertex 42.1554 7.62985 0.4
    endloop
  endfacet
  facet normal 0 0 -1
    outer loop
      vertex 42.4247 7.44826 0.4
      vertex 42.1246 7.47119 0.4
      vertex 42.1415 7.54715 0.4
    endloop
  endfacet
  facet normal 0 0 -1
    outer loop
      vertex 41.956 7.15285 0.4
      vertex 42.1797 6.98865 0.4
      vertex 42.121 6.93831 0.4
    endloop
  endfacet
  facet normal 0 0 -1
    outer loop
      vertex 42.3966 7.35365 0.4
      vertex 42.1046 7.40198 0.4
      vertex 42.1246 7.47119 0.4
    endloop
  endfacet
  facet normal 0 0 -1
    outer loop
      vertex 42.3634 7.26617 0.4
      vertex 42.0815 7.33951 0.4
      vertex 42.1046 7.40198 0.4
    endloop
  endfacet
  facet normal 0 0 -1
    outer loop
      vertex 41.9157 7.12085 0.4
      vertex 42.121 6.93831 0.4
      vertex 42.0573 6.89572 0.4
    endloop
  endfacet
  facet normal 0 0 -1
    outer loop
      vertex 42.3251 7.18579 0.4
      vertex 42.0554 7.28377 0.4
      vertex 42.0815 7.33951 0.4
    endloop
  endfacet
  facet normal 0 0 -1
    outer loop
      vertex 42.2817 7.11255 0.4
      vertex 42.0259 7.23431 0.4
      vertex 42.0554 7.28377 0.4
    endloop
  endfacet
  facet normal 0 0 -1
    outer loop
      vertex 42.2332 7.04672 0.4
      vertex 41.9928 7.19067 0.4
      vertex 42.0259 7.23431 0.4
    endloop
  endfacet
  facet normal 0 0 -1
    outer loop
      vertex 41.9157 7.12085 0.4
      vertex 42.0573 6.89572 0.4
      vertex 41.9886 6.86087 0.4
    endloop
  endfacet
  facet normal 0 0 -1
    outer loop
      vertex 42.1797 6.98865 0.4
      vertex 41.956 7.15285 0.4
      vertex 41.9928 7.19067 0.4
    endloop
  endfacet
  facet normal 0 0 -1
    outer loop
      vertex 42.121 6.93831 0.4
      vertex 41.9157 7.12085 0.4
      vertex 41.956 7.15285 0.4
    endloop
  endfacet
  facet normal 0 0 -1
    outer loop
      vertex 41.8717 7.09467 0.4
      vertex 41.9886 6.86087 0.4
      vertex 41.9148 6.83377 0.4
    endloop
  endfacet
  facet normal 0 0 -1
    outer loop
      vertex 41.9886 6.86087 0.4
      vertex 41.8717 7.09467 0.4
      vertex 41.9157 7.12085 0.4
    endloop
  endfacet
  facet normal 0 0 -1
    outer loop
      vertex 41.8241 7.07431 0.4
      vertex 41.9148 6.83377 0.4
      vertex 41.8359 6.81441 0.4
    endloop
  endfacet
  facet normal 0 0 -1
    outer loop
      vertex 41.9148 6.83377 0.4
      vertex 41.8241 7.07431 0.4
      vertex 41.8717 7.09467 0.4
    endloop
  endfacet
  facet normal 0 0 -1
    outer loop
      vertex 41.8359 6.81441 0.4
      vertex 41.7729 7.05975 0.4
      vertex 41.8241 7.07431 0.4
    endloop
  endfacet
  facet normal 0 0 -1
    outer loop
      vertex 41.7519 6.8028 0.4
      vertex 41.7729 7.05975 0.4
      vertex 41.8359 6.81441 0.4
    endloop
  endfacet
  facet normal 0 0 -1
    outer loop
      vertex 41.7519 6.8028 0.4
      vertex 41.718 7.05103 0.4
      vertex 41.7729 7.05975 0.4
    endloop
  endfacet
  facet normal 0 0 -1
    outer loop
      vertex 41.6629 6.79892 0.4
      vertex 41.718 7.05103 0.4
      vertex 41.7519 6.8028 0.4
    endloop
  endfacet
  facet normal 0 0 -1
    outer loop
      vertex 41.6629 6.79892 0.4
      vertex 41.6595 7.04813 0.4
      vertex 41.718 7.05103 0.4
    endloop
  endfacet
  facet normal 0 0 -1
    outer loop
      vertex 41.6629 6.79892 0.4
      vertex 41.6014 7.05109 0.4
      vertex 41.6595 7.04813 0.4
    endloop
  endfacet
  facet normal 0 0 -1
    outer loop
      vertex 41.5739 6.80281 0.4
      vertex 41.6014 7.05109 0.4
      vertex 41.6629 6.79892 0.4
    endloop
  endfacet
  facet normal 0 0 -1
    outer loop
      vertex 41.5739 6.80281 0.4
      vertex 41.5468 7.06001 0.4
      vertex 41.6014 7.05109 0.4
    endloop
  endfacet
  facet normal 0 0 -1
    outer loop
      vertex 41.4897 6.8145 0.4
      vertex 41.5468 7.06001 0.4
      vertex 41.5739 6.80281 0.4
    endloop
  endfacet
  facet normal -0 0 -1
    outer loop
      vertex 41.5468 7.06001 0.4
      vertex 41.4897 6.8145 0.4
      vertex 41.4958 7.07487 0.4
    endloop
  endfacet
  facet normal 0 0 -1
    outer loop
      vertex 41.4106 6.83395 0.4
      vertex 41.4958 7.07487 0.4
      vertex 41.4897 6.8145 0.4
    endloop
  endfacet
  facet normal -0 0 -1
    outer loop
      vertex 41.4958 7.07487 0.4
      vertex 41.4106 6.83395 0.4
      vertex 41.4484 7.09567 0.4
    endloop
  endfacet
  facet normal 0 0 -1
    outer loop
      vertex 41.3364 6.86121 0.4
      vertex 41.4484 7.09567 0.4
      vertex 41.4106 6.83395 0.4
    endloop
  endfacet
  facet normal 0 0 -1
    outer loop
      vertex 41.2672 6.89624 0.4
      vertex 41.4484 7.09567 0.4
      vertex 41.3364 6.86121 0.4
    endloop
  endfacet
  facet normal -0 0 -1
    outer loop
      vertex 41.4484 7.09567 0.4
      vertex 41.2672 6.89624 0.4
      vertex 41.4045 7.12242 0.4
    endloop
  endfacet
  facet normal 0 0 -1
    outer loop
      vertex 41.2029 6.93907 0.4
      vertex 41.4045 7.12242 0.4
      vertex 41.2672 6.89624 0.4
    endloop
  endfacet
  facet normal -0 0 -1
    outer loop
      vertex 41.4045 7.12242 0.4
      vertex 41.2029 6.93907 0.4
      vertex 41.3642 7.15511 0.4
    endloop
  endfacet
  facet normal 0 0 -1
    outer loop
      vertex 41.1436 6.98967 0.4
      vertex 41.3642 7.15511 0.4
      vertex 41.2029 6.93907 0.4
    endloop
  endfacet
  facet normal -0 0 -1
    outer loop
      vertex 41.3642 7.15511 0.4
      vertex 41.1436 6.98967 0.4
      vertex 41.3274 7.19374 0.4
    endloop
  endfacet
  facet normal 0 0 -1
    outer loop
      vertex 41.0893 7.04807 0.4
      vertex 41.3274 7.19374 0.4
      vertex 41.1436 6.98967 0.4
    endloop
  endfacet
  facet normal -0 0 -1
    outer loop
      vertex 41.3274 7.19374 0.4
      vertex 41.0893 7.04807 0.4
      vertex 41.2942 7.23833 0.4
    endloop
  endfacet
  facet normal 0 0 -1
    outer loop
      vertex 41.0399 7.11424 0.4
      vertex 41.2942 7.23833 0.4
      vertex 41.0893 7.04807 0.4
    endloop
  endfacet
  facet normal -0 0 -1
    outer loop
      vertex 41.2942 7.23833 0.4
      vertex 41.0399 7.11424 0.4
      vertex 41.2645 7.28885 0.4
    endloop
  endfacet
  facet normal 0 0 -1
    outer loop
      vertex 40.9956 7.18781 0.4
      vertex 41.2645 7.28885 0.4
      vertex 41.0399 7.11424 0.4
    endloop
  endfacet
  facet normal -0 0 -1
    outer loop
      vertex 41.2645 7.28885 0.4
      vertex 40.9956 7.18781 0.4
      vertex 41.2382 7.34552 0.4
    endloop
  endfacet
  facet normal 0 0 -1
    outer loop
      vertex 40.9565 7.26837 0.4
      vertex 41.2382 7.34552 0.4
      vertex 40.9956 7.18781 0.4
    endloop
  endfacet
  facet normal -0 0 -1
    outer loop
      vertex 41.2382 7.34552 0.4
      vertex 40.9565 7.26837 0.4
      vertex 41.215 7.40857 0.4
    endloop
  endfacet
  facet normal 0 0 -1
    outer loop
      vertex 40.9227 7.35593 0.4
      vertex 41.215 7.40857 0.4
      vertex 40.9565 7.26837 0.4
    endloop
  endfacet
  facet normal -0 0 -1
    outer loop
      vertex 41.215 7.40857 0.4
      vertex 40.9227 7.35593 0.4
      vertex 41.1948 7.47798 0.4
    endloop
  endfacet
  facet normal 0 0 -1
    outer loop
      vertex 40.894 7.45045 0.4
      vertex 41.1948 7.47798 0.4
      vertex 40.9227 7.35593 0.4
    endloop
  endfacet
  facet normal -0 0 -1
    outer loop
      vertex 41.1948 7.47798 0.4
      vertex 40.894 7.45045 0.4
      vertex 41.1778 7.55374 0.4
    endloop
  endfacet
  facet normal 0 0 -1
    outer loop
      vertex 40.8705 7.55199 0.4
      vertex 41.1778 7.55374 0.4
      vertex 40.894 7.45045 0.4
    endloop
  endfacet
  facet normal 0 -0 -1
    outer loop
      vertex 40.8313 8.15958 0.4
      vertex 41.1391 8.028 0.4
      vertex 40.8288 8.028 0.4
    endloop
  endfacet
  facet normal -0 0 -1
    outer loop
      vertex 41.1778 7.55374 0.4
      vertex 40.8705 7.55199 0.4
      vertex 41.1638 7.63588 0.4
    endloop
  endfacet
  facet normal 0 -0 -1
    outer loop
      vertex 40.8388 8.28377 0.4
      vertex 41.1391 8.028 0.4
      vertex 40.8313 8.15958 0.4
    endloop
  endfacet
  facet normal 0 0 -1
    outer loop
      vertex 40.8523 7.66051 0.4
      vertex 41.1638 7.63588 0.4
      vertex 40.8705 7.55199 0.4
    endloop
  endfacet
  facet normal 0 -0 -1
    outer loop
      vertex 40.8512 8.4006 0.4
      vertex 41.1391 8.028 0.4
      vertex 40.8388 8.28377 0.4
    endloop
  endfacet
  facet normal 0 0 -1
    outer loop
      vertex 41.1638 7.63588 0.4
      vertex 40.8523 7.66051 0.4
      vertex 41.153 7.72437 0.4
    endloop
  endfacet
  facet normal 0 -0 -1
    outer loop
      vertex 40.8685 8.51006 0.4
      vertex 41.1391 8.028 0.4
      vertex 40.8512 8.4006 0.4
    endloop
  endfacet
  facet normal 0 0 -1
    outer loop
      vertex 40.8393 7.77602 0.4
      vertex 41.153 7.72437 0.4
      vertex 40.8523 7.66051 0.4
    endloop
  endfacet
  facet normal 0 -0 -1
    outer loop
      vertex 40.8909 8.61215 0.4
      vertex 41.1391 8.028 0.4
      vertex 40.8685 8.51006 0.4
    endloop
  endfacet
  facet normal 0 0 -1
    outer loop
      vertex 41.153 7.72437 0.4
      vertex 40.8393 7.77602 0.4
      vertex 41.1453 7.81923 0.4
    endloop
  endfacet
  facet normal 0 0 -1
    outer loop
      vertex 41.1406 7.92044 0.4
      vertex 40.8288 8.028 0.4
      vertex 41.1391 8.028 0.4
    endloop
  endfacet
  facet normal 0 0 -1
    outer loop
      vertex 40.8315 7.89853 0.4
      vertex 41.1453 7.81923 0.4
      vertex 40.8393 7.77602 0.4
    endloop
  endfacet
  facet normal 0 0 -1
    outer loop
      vertex 41.1453 7.81923 0.4
      vertex 40.8315 7.89853 0.4
      vertex 41.1406 7.92044 0.4
    endloop
  endfacet
  facet normal 0 0 -1
    outer loop
      vertex 40.8288 8.028 0.4
      vertex 41.1406 7.92044 0.4
      vertex 40.8315 7.89853 0.4
    endloop
  endfacet
  facet normal 0 0 -1
    outer loop
      vertex 41.1299 9.06943 0.4
      vertex 41.0297 8.94685 0.4
      vertex 41.0771 9.01196 0.4
    endloop
  endfacet
  facet normal 0 -0 -1
    outer loop
      vertex 40.9181 8.70688 0.4
      vertex 41.1391 8.028 0.4
      vertex 40.8909 8.61215 0.4
    endloop
  endfacet
  facet normal 0 -0 -1
    outer loop
      vertex 41.0297 8.94685 0.4
      vertex 41.1299 9.06943 0.4
      vertex 40.9876 8.87424 0.4
    endloop
  endfacet
  facet normal 0 -0 -1
    outer loop
      vertex 40.9876 8.87424 0.4
      vertex 41.1391 8.028 0.4
      vertex 40.9504 8.79424 0.4
    endloop
  endfacet
  facet normal 0 0 -1
    outer loop
      vertex 41.1391 8.028 0.4
      vertex 40.9876 8.87424 0.4
      vertex 41.1299 9.06943 0.4
    endloop
  endfacet
  facet normal 0 -0 -1
    outer loop
      vertex 40.9504 8.79424 0.4
      vertex 41.1391 8.028 0.4
      vertex 40.9181 8.70688 0.4
    endloop
  endfacet
  facet normal -0 0 -1
    outer loop
      vertex 42.4265 8.61655 0.4
      vertex 42.1254 8.59537 0.4
      vertex 42.3992 8.71141 0.4
    endloop
  endfacet
  facet normal 0 0 -1
    outer loop
      vertex 42.1056 8.66443 0.4
      vertex 42.3992 8.71141 0.4
      vertex 42.1254 8.59537 0.4
    endloop
  endfacet
  facet normal -0 0 -1
    outer loop
      vertex 42.3992 8.71141 0.4
      vertex 42.1056 8.66443 0.4
      vertex 42.367 8.79865 0.4
    endloop
  endfacet
  facet normal 0 0 -1
    outer loop
      vertex 42.0829 8.72621 0.4
      vertex 42.367 8.79865 0.4
      vertex 42.1056 8.66443 0.4
    endloop
  endfacet
  facet normal -0 0 -1
    outer loop
      vertex 42.367 8.79865 0.4
      vertex 42.0829 8.72621 0.4
      vertex 42.3298 8.87825 0.4
    endloop
  endfacet
  facet normal 0 0 -1
    outer loop
      vertex 42.0571 8.7807 0.4
      vertex 42.3298 8.87825 0.4
      vertex 42.0829 8.72621 0.4
    endloop
  endfacet
  facet normal -0 0 -1
    outer loop
      vertex 42.3298 8.87825 0.4
      vertex 42.0571 8.7807 0.4
      vertex 42.2876 8.95026 0.4
    endloop
  endfacet
  facet normal 0 0 -1
    outer loop
      vertex 42.0278 8.82874 0.4
      vertex 42.2876 8.95026 0.4
      vertex 42.0571 8.7807 0.4
    endloop
  endfacet
  facet normal -0 0 -1
    outer loop
      vertex 42.2876 8.95026 0.4
      vertex 42.0278 8.82874 0.4
      vertex 42.2401 9.01465 0.4
    endloop
  endfacet
  facet normal 0 0 -1
    outer loop
      vertex 41.9946 8.87112 0.4
      vertex 42.2401 9.01465 0.4
      vertex 42.0278 8.82874 0.4
    endloop
  endfacet
  facet normal -0 0 -1
    outer loop
      vertex 42.2401 9.01465 0.4
      vertex 41.9946 8.87112 0.4
      vertex 42.1868 9.07147 0.4
    endloop
  endfacet
  facet normal 0 0 -1
    outer loop
      vertex 41.9575 8.90785 0.4
      vertex 42.1868 9.07147 0.4
      vertex 41.9946 8.87112 0.4
    endloop
  endfacet
  facet normal -0 0 -1
    outer loop
      vertex 42.1868 9.07147 0.4
      vertex 41.9575 8.90785 0.4
      vertex 42.1278 9.12073 0.4
    endloop
  endfacet
  facet normal -0 0 -1
    outer loop
      vertex 42.1278 9.12073 0.4
      vertex 41.9575 8.90785 0.4
      vertex 42.063 9.1624 0.4
    endloop
  endfacet
  facet normal 0 0 -1
    outer loop
      vertex 41.9165 8.93893 0.4
      vertex 42.063 9.1624 0.4
      vertex 41.9575 8.90785 0.4
    endloop
  endfacet
  facet normal -0 0 -1
    outer loop
      vertex 42.063 9.1624 0.4
      vertex 41.9165 8.93893 0.4
      vertex 41.9925 9.19649 0.4
    endloop
  endfacet
  facet normal 0 0 -1
    outer loop
      vertex 41.8716 8.96437 0.4
      vertex 41.9925 9.19649 0.4
      vertex 41.9165 8.93893 0.4
    endloop
  endfacet
  facet normal -0 0 -1
    outer loop
      vertex 41.9925 9.19649 0.4
      vertex 41.8716 8.96437 0.4
      vertex 41.9162 9.22301 0.4
    endloop
  endfacet
  facet normal 0 0 -1
    outer loop
      vertex 41.8227 8.98415 0.4
      vertex 41.9162 9.22301 0.4
      vertex 41.8716 8.96437 0.4
    endloop
  endfacet
  facet normal -0 0 -1
    outer loop
      vertex 41.9162 9.22301 0.4
      vertex 41.8227 8.98415 0.4
      vertex 41.8341 9.24196 0.4
    endloop
  endfacet
  facet normal 0 0 -1
    outer loop
      vertex 41.77 8.99828 0.4
      vertex 41.8341 9.24196 0.4
      vertex 41.8227 8.98415 0.4
    endloop
  endfacet
  facet normal 0 0 -1
    outer loop
      vertex 41.77 8.99828 0.4
      vertex 41.7463 9.25331 0.4
      vertex 41.8341 9.24196 0.4
    endloop
  endfacet
  facet normal 0 0 -1
    outer loop
      vertex 41.7133 9.00676 0.4
      vertex 41.7463 9.25331 0.4
      vertex 41.77 8.99828 0.4
    endloop
  endfacet
  facet normal 0 0 -1
    outer loop
      vertex 41.6527 9.25711 0.4
      vertex 41.7133 9.00676 0.4
      vertex 41.6527 9.00958 0.4
    endloop
  endfacet
  facet normal 0 0 -1
    outer loop
      vertex 41.7133 9.00676 0.4
      vertex 41.6527 9.25711 0.4
      vertex 41.7463 9.25331 0.4
    endloop
  endfacet
  facet normal 0 0 -1
    outer loop
      vertex 41.5936 9.00671 0.4
      vertex 41.6527 9.25711 0.4
      vertex 41.6527 9.00958 0.4
    endloop
  endfacet
  facet normal 0 0 -1
    outer loop
      vertex 41.5936 9.00671 0.4
      vertex 41.5617 9.25328 0.4
      vertex 41.6527 9.25711 0.4
    endloop
  endfacet
  facet normal 0 0 -1
    outer loop
      vertex 41.5383 8.99811 0.4
      vertex 41.5617 9.25328 0.4
      vertex 41.5936 9.00671 0.4
    endloop
  endfacet
  facet normal 0 0 -1
    outer loop
      vertex 41.4761 9.24179 0.4
      vertex 41.5383 8.99811 0.4
      vertex 41.4869 8.98378 0.4
    endloop
  endfacet
  facet normal 0 0 -1
    outer loop
      vertex 41.5383 8.99811 0.4
      vertex 41.4761 9.24179 0.4
      vertex 41.5617 9.25328 0.4
    endloop
  endfacet
  facet normal 0 0 -1
    outer loop
      vertex 41.3959 9.22263 0.4
      vertex 41.4869 8.98378 0.4
      vertex 41.4393 8.9637 0.4
    endloop
  endfacet
  facet normal 0 0 -1
    outer loop
      vertex 41.4869 8.98378 0.4
      vertex 41.3959 9.22263 0.4
      vertex 41.4761 9.24179 0.4
    endloop
  endfacet
  facet normal 0 0 -1
    outer loop
      vertex 41.3212 9.19582 0.4
      vertex 41.4393 8.9637 0.4
      vertex 41.3955 8.9379 0.4
    endloop
  endfacet
  facet normal 0 0 -1
    outer loop
      vertex 41.1882 9.11922 0.4
      vertex 41.3955 8.9379 0.4
      vertex 41.3555 8.90636 0.4
    endloop
  endfacet
  facet normal 0 0 -1
    outer loop
      vertex 41.4393 8.9637 0.4
      vertex 41.3212 9.19582 0.4
      vertex 41.3959 9.22263 0.4
    endloop
  endfacet
  facet normal 0 0 -1
    outer loop
      vertex 41.1299 9.06943 0.4
      vertex 41.3555 8.90636 0.4
      vertex 41.3194 8.86908 0.4
    endloop
  endfacet
  facet normal 0 0 -1
    outer loop
      vertex 41.1299 9.06943 0.4
      vertex 41.3194 8.86908 0.4
      vertex 41.2871 8.82608 0.4
    endloop
  endfacet
  facet normal 0 0 -1
    outer loop
      vertex 41.1299 9.06943 0.4
      vertex 41.2871 8.82608 0.4
      vertex 41.2586 8.77733 0.4
    endloop
  endfacet
  facet normal 0 0 -1
    outer loop
      vertex 41.3955 8.9379 0.4
      vertex 41.252 9.16135 0.4
      vertex 41.3212 9.19582 0.4
    endloop
  endfacet
  facet normal 0 0 -1
    outer loop
      vertex 41.1299 9.06943 0.4
      vertex 41.2586 8.77733 0.4
      vertex 41.2335 8.7222 0.4
    endloop
  endfacet
  facet normal 0 0 -1
    outer loop
      vertex 41.1299 9.06943 0.4
      vertex 41.2335 8.7222 0.4
      vertex 41.2114 8.66005 0.4
    endloop
  endfacet
  facet normal 0 0 -1
    outer loop
      vertex 41.1299 9.06943 0.4
      vertex 41.2114 8.66005 0.4
      vertex 41.1922 8.59085 0.4
    endloop
  endfacet
  facet normal 0 0 -1
    outer loop
      vertex 41.3955 8.9379 0.4
      vertex 41.1882 9.11922 0.4
      vertex 41.252 9.16135 0.4
    endloop
  endfacet
  facet normal 0 0 -1
    outer loop
      vertex 41.1299 9.06943 0.4
      vertex 41.1922 8.59085 0.4
      vertex 41.1759 8.51462 0.4
    endloop
  endfacet
  facet normal 0 0 -1
    outer loop
      vertex 41.1299 9.06943 0.4
      vertex 41.1759 8.51462 0.4
      vertex 41.1627 8.43137 0.4
    endloop
  endfacet
  facet normal 0 0 -1
    outer loop
      vertex 41.1299 9.06943 0.4
      vertex 41.1627 8.43137 0.4
      vertex 41.1523 8.34108 0.4
    endloop
  endfacet
  facet normal 0 0 -1
    outer loop
      vertex 41.1299 9.06943 0.4
      vertex 41.1523 8.34108 0.4
      vertex 41.145 8.24374 0.4
    endloop
  endfacet
  facet normal 0 0 -1
    outer loop
      vertex 41.3555 8.90636 0.4
      vertex 41.1299 9.06943 0.4
      vertex 41.1882 9.11922 0.4
    endloop
  endfacet
  facet normal 0 0 -1
    outer loop
      vertex 41.1405 8.13939 0.4
      vertex 41.1299 9.06943 0.4
      vertex 41.145 8.24374 0.4
    endloop
  endfacet
  facet normal 0 0 -1
    outer loop
      vertex 41.1299 9.06943 0.4
      vertex 41.1405 8.13939 0.4
      vertex 41.1391 8.028 0.4
    endloop
  endfacet
  facet normal 0 0 -1
    outer loop
      vertex 50.6989 7.70422 0.4
      vertex 51.4651 9.22151 0.4
      vertex 50.7616 6.83282 0.4
    endloop
  endfacet
  facet normal -0 0 -1
    outer loop
      vertex 51.4651 9.22151 0.4
      vertex 50.6989 7.70422 0.4
      vertex 51.1278 9.22151 0.4
    endloop
  endfacet
  facet normal 0 0 -1
    outer loop
      vertex 50.7616 6.83282 0.4
      vertex 50.6821 7.64072 0.4
      vertex 50.6989 7.70422 0.4
    endloop
  endfacet
  facet normal 0 0 -1
    outer loop
      vertex 50.7616 6.83282 0.4
      vertex 50.6655 7.5768 0.4
      vertex 50.6821 7.64072 0.4
    endloop
  endfacet
  facet normal 0 0 -1
    outer loop
      vertex 50.7616 6.83282 0.4
      vertex 50.6493 7.51245 0.4
      vertex 50.6655 7.5768 0.4
    endloop
  endfacet
  facet normal 0 0 -1
    outer loop
      vertex 50.7616 6.83282 0.4
      vertex 50.6334 7.44769 0.4
      vertex 50.6493 7.51245 0.4
    endloop
  endfacet
  facet normal 0 0 -1
    outer loop
      vertex 50.7616 6.83282 0.4
      vertex 50.6178 7.38252 0.4
      vertex 50.6334 7.44769 0.4
    endloop
  endfacet
  facet normal 0 0 -1
    outer loop
      vertex 50.7616 6.83282 0.4
      vertex 50.6024 7.31693 0.4
      vertex 50.6178 7.38252 0.4
    endloop
  endfacet
  facet normal 0 0 -1
    outer loop
      vertex 50.7616 6.83282 0.4
      vertex 50.5874 7.25092 0.4
      vertex 50.6024 7.31693 0.4
    endloop
  endfacet
  facet normal 0 0 -1
    outer loop
      vertex 50.7616 6.83282 0.4
      vertex 50.5726 7.18449 0.4
      vertex 50.5874 7.25092 0.4
    endloop
  endfacet
  facet normal 0 0 -1
    outer loop
      vertex 50.7616 6.83282 0.4
      vertex 50.5582 7.11765 0.4
      vertex 50.5726 7.18449 0.4
    endloop
  endfacet
  facet normal 0 0 -1
    outer loop
      vertex 50.284 7.16322 0.4
      vertex 50.549 7.1595 0.4
      vertex 50.5582 7.11765 0.4
    endloop
  endfacet
  facet normal 0 0 -1
    outer loop
      vertex 50.549 7.1595 0.4
      vertex 50.284 7.16322 0.4
      vertex 50.5394 7.20219 0.4
    endloop
  endfacet
  facet normal -0 0 -1
    outer loop
      vertex 50.5394 7.20219 0.4
      vertex 50.284 7.16322 0.4
      vertex 50.5296 7.24573 0.4
    endloop
  endfacet
  facet normal -0 0 -1
    outer loop
      vertex 50.5296 7.24573 0.4
      vertex 50.284 7.16322 0.4
      vertex 50.5195 7.2901 0.4
    endloop
  endfacet
  facet normal -0 0 -1
    outer loop
      vertex 50.5195 7.2901 0.4
      vertex 50.284 7.16322 0.4
      vertex 50.509 7.3353 0.4
    endloop
  endfacet
  facet normal -0 0 -1
    outer loop
      vertex 50.509 7.3353 0.4
      vertex 50.284 7.16322 0.4
      vertex 50.4982 7.38135 0.4
    endloop
  endfacet
  facet normal 0 0 -1
    outer loop
      vertex 50.2028 7.45821 0.4
      vertex 50.4982 7.38135 0.4
      vertex 50.284 7.16322 0.4
    endloop
  endfacet
  facet normal 0 0 -1
    outer loop
      vertex 50.4982 7.38135 0.4
      vertex 50.2028 7.45821 0.4
      vertex 50.4872 7.42822 0.4
    endloop
  endfacet
  facet normal 0 0 -1
    outer loop
      vertex 50.4872 7.42822 0.4
      vertex 50.2028 7.45821 0.4
      vertex 50.4758 7.47594 0.4
    endloop
  endfacet
  facet normal -0 0 -1
    outer loop
      vertex 50.4758 7.47594 0.4
      vertex 50.2028 7.45821 0.4
      vertex 50.4641 7.52449 0.4
    endloop
  endfacet
  facet normal -0 0 -1
    outer loop
      vertex 50.4477 7.58899 0.4
      vertex 50.2028 7.45821 0.4
      vertex 50.4224 7.68449 0.4
    endloop
  endfacet
  facet normal 0 0 -1
    outer loop
      vertex 50.375 6.83282 0.4
      vertex 50.5582 7.11765 0.4
      vertex 50.7616 6.83282 0.4
    endloop
  endfacet
  facet normal 0 0 -1
    outer loop
      vertex 50.284 7.16322 0.4
      vertex 50.5582 7.11765 0.4
      vertex 50.375 6.83282 0.4
    endloop
  endfacet
  facet normal -0 0 -1
    outer loop
      vertex 50.4641 7.52449 0.4
      vertex 50.2028 7.45821 0.4
      vertex 50.4477 7.58899 0.4
    endloop
  endfacet
  facet normal 0 0 -1
    outer loop
      vertex 50.1315 7.71777 0.4
      vertex 50.4224 7.68449 0.4
      vertex 50.2028 7.45821 0.4
    endloop
  endfacet
  facet normal 0 0 -1
    outer loop
      vertex 50.4224 7.68449 0.4
      vertex 50.1315 7.71777 0.4
      vertex 50.388 7.811 0.4
    endloop
  endfacet
  facet normal -0 0 -1
    outer loop
      vertex 50.388 7.811 0.4
      vertex 50.1315 7.71777 0.4
      vertex 50.3448 7.96855 0.4
    endloop
  endfacet
  facet normal 0 0 -1
    outer loop
      vertex 50.0701 7.94194 0.4
      vertex 50.3448 7.96855 0.4
      vertex 50.1315 7.71777 0.4
    endloop
  endfacet
  facet normal -0 0 -1
    outer loop
      vertex 50.3448 7.96855 0.4
      vertex 50.0701 7.94194 0.4
      vertex 50.2925 8.15709 0.4
    endloop
  endfacet
  facet normal 0 0 -1
    outer loop
      vertex 50.0187 8.13066 0.4
      vertex 50.2925 8.15709 0.4
      vertex 50.0701 7.94194 0.4
    endloop
  endfacet
  facet normal -0 0 -1
    outer loop
      vertex 50.2925 8.15709 0.4
      vertex 50.0187 8.13066 0.4
      vertex 50.2312 8.37666 0.4
    endloop
  endfacet
  facet normal 0 0 -1
    outer loop
      vertex 49.9772 8.284 0.4
      vertex 50.2312 8.37666 0.4
      vertex 50.0187 8.13066 0.4
    endloop
  endfacet
  facet normal 0 0 -1
    outer loop
      vertex 49.9456 8.40192 0.4
      vertex 50.2312 8.37666 0.4
      vertex 49.9772 8.284 0.4
    endloop
  endfacet
  facet normal 0 0 -1
    outer loop
      vertex 50.2312 8.37666 0.4
      vertex 49.9456 8.40192 0.4
      vertex 50.161 8.62726 0.4
    endloop
  endfacet
  facet normal 0 0 -1
    outer loop
      vertex 49.924 8.48442 0.4
      vertex 50.161 8.62726 0.4
      vertex 49.9456 8.40192 0.4
    endloop
  endfacet
  facet normal 0 0 -1
    outer loop
      vertex 49.9122 8.53151 0.4
      vertex 50.161 8.62726 0.4
      vertex 49.924 8.48442 0.4
    endloop
  endfacet
  facet normal 0 0 -1
    outer loop
      vertex 49.898 8.59346 0.4
      vertex 50.161 8.62726 0.4
      vertex 49.9122 8.53151 0.4
    endloop
  endfacet
  facet normal 0 0 -1
    outer loop
      vertex 49.8741 8.69832 0.4
      vertex 50.161 8.62726 0.4
      vertex 49.898 8.59346 0.4
    endloop
  endfacet
  facet normal 0 0 -1
    outer loop
      vertex 50.161 8.62726 0.4
      vertex 49.8741 8.69832 0.4
      vertex 50.0818 8.90887 0.4
    endloop
  endfacet
  facet normal 0 0 -1
    outer loop
      vertex 49.8566 8.77618 0.4
      vertex 50.0818 8.90887 0.4
      vertex 49.8741 8.69832 0.4
    endloop
  endfacet
  facet normal 0 0 -1
    outer loop
      vertex 49.8376 8.8604 0.4
      vertex 50.0818 8.90887 0.4
      vertex 49.8566 8.77618 0.4
    endloop
  endfacet
  facet normal -0 0 -1
    outer loop
      vertex 50.0818 8.90887 0.4
      vertex 49.8376 8.8604 0.4
      vertex 49.9936 9.22151 0.4
    endloop
  endfacet
  facet normal 0 0 -1
    outer loop
      vertex 49.6834 9.22151 0.4
      vertex 49.8208 8.78143 0.4
      vertex 49.8048 8.70802 0.4
    endloop
  endfacet
  facet normal 0 0 -1
    outer loop
      vertex 49.6834 9.22151 0.4
      vertex 49.8048 8.70802 0.4
      vertex 49.7898 8.6402 0.4
    endloop
  endfacet
  facet normal 0 0 -1
    outer loop
      vertex 49.6834 9.22151 0.4
      vertex 49.7898 8.6402 0.4
      vertex 49.7757 8.57793 0.4
    endloop
  endfacet
  facet normal 0 0 -1
    outer loop
      vertex 49.6834 9.22151 0.4
      vertex 49.7757 8.57793 0.4
      vertex 49.7625 8.52122 0.4
    endloop
  endfacet
  facet normal 0 0 -1
    outer loop
      vertex 49.6834 9.22151 0.4
      vertex 49.7625 8.52122 0.4
      vertex 49.7502 8.47009 0.4
    endloop
  endfacet
  facet normal 0 0 -1
    outer loop
      vertex 49.6834 9.22151 0.4
      vertex 49.7502 8.47009 0.4
      vertex 49.7389 8.42453 0.4
    endloop
  endfacet
  facet normal 0 0 -1
    outer loop
      vertex 49.268 7.73473 0.4
      vertex 49.7389 8.42453 0.4
      vertex 49.7285 8.38454 0.4
    endloop
  endfacet
  facet normal 0 0 -1
    outer loop
      vertex 49.268 7.73473 0.4
      vertex 49.7285 8.38454 0.4
      vertex 49.719 8.3501 0.4
    endloop
  endfacet
  facet normal 0 0 -1
    outer loop
      vertex 49.8376 8.8604 0.4
      vertex 49.6834 9.22151 0.4
      vertex 49.9936 9.22151 0.4
    endloop
  endfacet
  facet normal 0 0 -1
    outer loop
      vertex 49.8208 8.78143 0.4
      vertex 49.6834 9.22151 0.4
      vertex 49.8376 8.8604 0.4
    endloop
  endfacet
  facet normal 0 0 -1
    outer loop
      vertex 49.2474 7.65511 0.4
      vertex 49.719 8.3501 0.4
      vertex 49.3053 6.83282 0.4
    endloop
  endfacet
  facet normal -0 0 -1
    outer loop
      vertex 49.7389 8.42453 0.4
      vertex 49.268 7.73473 0.4
      vertex 49.6834 9.22151 0.4
    endloop
  endfacet
  facet normal 0 0 -1
    outer loop
      vertex 49.719 8.3501 0.4
      vertex 49.2474 7.65511 0.4
      vertex 49.268 7.73473 0.4
    endloop
  endfacet
  facet normal 0 0 -1
    outer loop
      vertex 49.3053 6.83282 0.4
      vertex 49.2278 7.57826 0.4
      vertex 49.2474 7.65511 0.4
    endloop
  endfacet
  facet normal 0 0 -1
    outer loop
      vertex 49.3053 6.83282 0.4
      vertex 49.2092 7.50417 0.4
      vertex 49.2278 7.57826 0.4
    endloop
  endfacet
  facet normal 0 0 -1
    outer loop
      vertex 49.3053 6.83282 0.4
      vertex 49.1917 7.43285 0.4
      vertex 49.2092 7.50417 0.4
    endloop
  endfacet
  facet normal 0 0 -1
    outer loop
      vertex 49.3053 6.83282 0.4
      vertex 49.1751 7.36427 0.4
      vertex 49.1917 7.43285 0.4
    endloop
  endfacet
  facet normal 0 0 -1
    outer loop
      vertex 49.3053 6.83282 0.4
      vertex 49.1595 7.29848 0.4
      vertex 49.1751 7.36427 0.4
    endloop
  endfacet
  facet normal 0 0 -1
    outer loop
      vertex 49.3053 6.83282 0.4
      vertex 49.1449 7.23544 0.4
      vertex 49.1595 7.29848 0.4
    endloop
  endfacet
  facet normal 0 0 -1
    outer loop
      vertex 49.3053 6.83282 0.4
      vertex 49.1314 7.17516 0.4
      vertex 49.1449 7.23544 0.4
    endloop
  endfacet
  facet normal 0 0 -1
    outer loop
      vertex 49.3053 6.83282 0.4
      vertex 49.1188 7.11765 0.4
      vertex 49.1314 7.17516 0.4
    endloop
  endfacet
  facet normal 0 0 -1
    outer loop
      vertex 48.9188 6.83282 0.4
      vertex 49.029 7.49483 0.4
      vertex 49.1036 7.17697 0.4
    endloop
  endfacet
  facet normal -0 0 -1
    outer loop
      vertex 49.029 7.49483 0.4
      vertex 48.9188 6.83282 0.4
      vertex 49.0174 7.54042 0.4
    endloop
  endfacet
  facet normal -0 0 -1
    outer loop
      vertex 49.0174 7.54042 0.4
      vertex 48.9188 6.83282 0.4
      vertex 48.9955 7.62259 0.4
    endloop
  endfacet
  facet normal -0 0 -1
    outer loop
      vertex 48.9955 7.62259 0.4
      vertex 48.9188 6.83282 0.4
      vertex 48.9632 7.7413 0.4
    endloop
  endfacet
  facet normal 0 0 -1
    outer loop
      vertex 48.9188 6.83282 0.4
      vertex 49.1188 7.11765 0.4
      vertex 49.3053 6.83282 0.4
    endloop
  endfacet
  facet normal 0 0 -1
    outer loop
      vertex 48.9188 6.83282 0.4
      vertex 49.1036 7.17697 0.4
      vertex 49.1188 7.11765 0.4
    endloop
  endfacet
  facet normal -0 0 -1
    outer loop
      vertex 48.9632 7.7413 0.4
      vertex 48.9188 6.83282 0.4
      vertex 48.9206 7.89661 0.4
    endloop
  endfacet
  facet normal 0 0 -1
    outer loop
      vertex 48.9188 6.83282 0.4
      vertex 48.8677 8.08844 0.4
      vertex 48.9206 7.89661 0.4
    endloop
  endfacet
  facet normal 0 0 -1
    outer loop
      vertex 48.2152 9.22151 0.4
      vertex 48.8677 8.08844 0.4
      vertex 48.9188 6.83282 0.4
    endloop
  endfacet
  facet normal 0 0 -1
    outer loop
      vertex 48.8677 8.08844 0.4
      vertex 48.2152 9.22151 0.4
      vertex 48.8044 8.31686 0.4
    endloop
  endfacet
  facet normal 0 0 -1
    outer loop
      vertex 48.8044 8.31686 0.4
      vertex 48.2152 9.22151 0.4
      vertex 48.7308 8.58185 0.4
    endloop
  endfacet
  facet normal 0 0 -1
    outer loop
      vertex 48.7308 8.58185 0.4
      vertex 48.2152 9.22151 0.4
      vertex 48.6469 8.88339 0.4
    endloop
  endfacet
  facet normal 0 0 -1
    outer loop
      vertex 48.6469 8.88339 0.4
      vertex 48.2152 9.22151 0.4
      vertex 48.5526 9.22151 0.4
    endloop
  endfacet
  facet normal 0 0 -1
    outer loop
      vertex 45.1876 6.83282 0.4
      vertex 44.579 7.09219 0.4
      vertex 45.1876 7.09219 0.4
    endloop
  endfacet
  facet normal 0 0 -1
    outer loop
      vertex 44.2721 7.09219 0.4
      vertex 44.579 8.9299 0.4
      vertex 44.579 7.09219 0.4
    endloop
  endfacet
  facet normal 0 0 -1
    outer loop
      vertex 44.2721 9.22151 0.4
      vertex 44.579 8.9299 0.4
      vertex 44.2721 7.09219 0.4
    endloop
  endfacet
  facet normal 0 0 -1
    outer loop
      vertex 43.6906 6.83282 0.4
      vertex 44.579 7.09219 0.4
      vertex 45.1876 6.83282 0.4
    endloop
  endfacet
  facet normal -0 0 -1
    outer loop
      vertex 44.579 7.09219 0.4
      vertex 43.6906 6.83282 0.4
      vertex 44.2721 7.09219 0.4
    endloop
  endfacet
  facet normal -0 0 -1
    outer loop
      vertex 44.2721 7.09219 0.4
      vertex 43.6906 6.83282 0.4
      vertex 43.6906 7.09219 0.4
    endloop
  endfacet
  facet normal 0 0 -1
    outer loop
      vertex 44.579 8.9299 0.4
      vertex 45.1181 8.83328 0.4
      vertex 45.1181 8.54507 0.4
    endloop
  endfacet
  facet normal 0 0 -1
    outer loop
      vertex 45.1181 8.83328 0.4
      vertex 44.579 8.9299 0.4
      vertex 44.5535 9.22151 0.4
    endloop
  endfacet
  facet normal 0 0 -1
    outer loop
      vertex 44.579 8.9299 0.4
      vertex 44.2721 9.22151 0.4
      vertex 44.5535 9.22151 0.4
    endloop
  endfacet
  facet normal 0 0 -1
    outer loop
      vertex 37.2662 6.83282 0.4
      vertex 37.59 9.22151 0.4
      vertex 37.59 6.83282 0.4
    endloop
  endfacet
  facet normal -0 0 -1
    outer loop
      vertex 37.59 9.22151 0.4
      vertex 37.2662 6.83282 0.4
      vertex 37.2662 9.22151 0.4
    endloop
  endfacet
  facet normal 0 0 -1
    outer loop
      vertex 36.6835 6.83282 0.4
      vertex 36.3597 7.09219 0.4
      vertex 36.6835 9.22151 0.4
    endloop
  endfacet
  facet normal 0 0 -1
    outer loop
      vertex 35.7901 6.83282 0.4
      vertex 36.3597 7.09219 0.4
      vertex 36.6835 6.83282 0.4
    endloop
  endfacet
  facet normal -0 0 -1
    outer loop
      vertex 36.3597 7.09219 0.4
      vertex 35.7901 6.83282 0.4
      vertex 35.8274 7.09219 0.4
    endloop
  endfacet
  facet normal 0 0 -1
    outer loop
      vertex 35.7901 6.83282 0.4
      vertex 35.7698 7.09361 0.4
      vertex 35.8274 7.09219 0.4
    endloop
  endfacet
  facet normal 0 0 -1
    outer loop
      vertex 35.7143 6.83464 0.4
      vertex 35.7698 7.09361 0.4
      vertex 35.7901 6.83282 0.4
    endloop
  endfacet
  facet normal 0 0 -1
    outer loop
      vertex 35.7143 6.83464 0.4
      vertex 35.7138 7.09789 0.4
      vertex 35.7698 7.09361 0.4
    endloop
  endfacet
  facet normal 0 0 -1
    outer loop
      vertex 35.6404 6.8401 0.4
      vertex 35.7138 7.09789 0.4
      vertex 35.7143 6.83464 0.4
    endloop
  endfacet
  facet normal -0 0 -1
    outer loop
      vertex 35.7138 7.09789 0.4
      vertex 35.6404 6.8401 0.4
      vertex 35.6593 7.10501 0.4
    endloop
  endfacet
  facet normal 0 0 -1
    outer loop
      vertex 35.5686 6.84921 0.4
      vertex 35.6593 7.10501 0.4
      vertex 35.6404 6.8401 0.4
    endloop
  endfacet
  facet normal -0 0 -1
    outer loop
      vertex 35.6593 7.10501 0.4
      vertex 35.5686 6.84921 0.4
      vertex 35.6064 7.11496 0.4
    endloop
  endfacet
  facet normal 0 0 -1
    outer loop
      vertex 35.4988 6.86195 0.4
      vertex 35.6064 7.11496 0.4
      vertex 35.5686 6.84921 0.4
    endloop
  endfacet
  facet normal -0 0 -1
    outer loop
      vertex 35.6064 7.11496 0.4
      vertex 35.4988 6.86195 0.4
      vertex 35.5551 7.12778 0.4
    endloop
  endfacet
  facet normal 0 0 -1
    outer loop
      vertex 35.431 6.87834 0.4
      vertex 35.5551 7.12778 0.4
      vertex 35.4988 6.86195 0.4
    endloop
  endfacet
  facet normal -0 0 -1
    outer loop
      vertex 35.5551 7.12778 0.4
      vertex 35.431 6.87834 0.4
      vertex 35.5053 7.14343 0.4
    endloop
  endfacet
  facet normal 0 0 -1
    outer loop
      vertex 35.3652 6.89836 0.4
      vertex 35.5053 7.14343 0.4
      vertex 35.431 6.87834 0.4
    endloop
  endfacet
  facet normal -0 0 -1
    outer loop
      vertex 35.5053 7.14343 0.4
      vertex 35.3652 6.89836 0.4
      vertex 35.4571 7.16193 0.4
    endloop
  endfacet
  facet normal 0 0 -1
    outer loop
      vertex 35.3014 6.92203 0.4
      vertex 35.4571 7.16193 0.4
      vertex 35.3652 6.89836 0.4
    endloop
  endfacet
  facet normal -0 0 -1
    outer loop
      vertex 35.4571 7.16193 0.4
      vertex 35.3014 6.92203 0.4
      vertex 35.4105 7.18327 0.4
    endloop
  endfacet
  facet normal 0 0 -1
    outer loop
      vertex 35.2396 6.94934 0.4
      vertex 35.4105 7.18327 0.4
      vertex 35.3014 6.92203 0.4
    endloop
  endfacet
  facet normal -0 0 -1
    outer loop
      vertex 35.4105 7.18327 0.4
      vertex 35.2396 6.94934 0.4
      vertex 35.3654 7.20747 0.4
    endloop
  endfacet
  facet normal 0 0 -1
    outer loop
      vertex 35.1798 6.9803 0.4
      vertex 35.3654 7.20747 0.4
      vertex 35.2396 6.94934 0.4
    endloop
  endfacet
  facet normal -0 0 -1
    outer loop
      vertex 35.3654 7.20747 0.4
      vertex 35.1798 6.9803 0.4
      vertex 35.3223 7.23434 0.4
    endloop
  endfacet
  facet normal 0 0 -1
    outer loop
      vertex 35.1225 7.01468 0.4
      vertex 35.3223 7.23434 0.4
      vertex 35.1798 6.9803 0.4
    endloop
  endfacet
  facet normal -0 0 -1
    outer loop
      vertex 35.3223 7.23434 0.4
      vertex 35.1225 7.01468 0.4
      vertex 35.2815 7.26373 0.4
    endloop
  endfacet
  facet normal 0 0 -1
    outer loop
      vertex 35.0682 7.05226 0.4
      vertex 35.2815 7.26373 0.4
      vertex 35.1225 7.01468 0.4
    endloop
  endfacet
  facet normal -0 0 -1
    outer loop
      vertex 35.2815 7.26373 0.4
      vertex 35.0682 7.05226 0.4
      vertex 35.2429 7.29564 0.4
    endloop
  endfacet
  facet normal 0 0 -1
    outer loop
      vertex 35.0169 7.09303 0.4
      vertex 35.2429 7.29564 0.4
      vertex 35.0682 7.05226 0.4
    endloop
  endfacet
  facet normal -0 0 -1
    outer loop
      vertex 35.2429 7.29564 0.4
      vertex 35.0169 7.09303 0.4
      vertex 35.2066 7.33005 0.4
    endloop
  endfacet
  facet normal 0 0 -1
    outer loop
      vertex 34.9685 7.13702 0.4
      vertex 35.2066 7.33005 0.4
      vertex 35.0169 7.09303 0.4
    endloop
  endfacet
  facet normal -0 0 -1
    outer loop
      vertex 35.2066 7.33005 0.4
      vertex 34.9685 7.13702 0.4
      vertex 35.1726 7.36697 0.4
    endloop
  endfacet
  facet normal 0 0 -1
    outer loop
      vertex 34.9231 7.1842 0.4
      vertex 35.1726 7.36697 0.4
      vertex 34.9685 7.13702 0.4
    endloop
  endfacet
  facet normal -0 0 -1
    outer loop
      vertex 35.1726 7.36697 0.4
      vertex 34.9231 7.1842 0.4
      vertex 35.1409 7.4064 0.4
    endloop
  endfacet
  facet normal 0 0 -1
    outer loop
      vertex 34.8807 7.23459 0.4
      vertex 35.1409 7.4064 0.4
      vertex 34.9231 7.1842 0.4
    endloop
  endfacet
  facet normal -0 0 -1
    outer loop
      vertex 35.1409 7.4064 0.4
      vertex 34.8807 7.23459 0.4
      vertex 35.1115 7.44835 0.4
    endloop
  endfacet
  facet normal 0 0 -1
    outer loop
      vertex 34.8412 7.28818 0.4
      vertex 35.1115 7.44835 0.4
      vertex 34.8807 7.23459 0.4
    endloop
  endfacet
  facet normal -0 0 -1
    outer loop
      vertex 35.1115 7.44835 0.4
      vertex 34.8412 7.28818 0.4
      vertex 35.0843 7.4928 0.4
    endloop
  endfacet
  facet normal 0 0 -1
    outer loop
      vertex 34.8047 7.34497 0.4
      vertex 35.0843 7.4928 0.4
      vertex 34.8412 7.28818 0.4
    endloop
  endfacet
  facet normal -0 0 -1
    outer loop
      vertex 35.0843 7.4928 0.4
      vertex 34.8047 7.34497 0.4
      vertex 35.0594 7.53976 0.4
    endloop
  endfacet
  facet normal 0 0 -1
    outer loop
      vertex 34.7712 7.40497 0.4
      vertex 35.0594 7.53976 0.4
      vertex 34.8047 7.34497 0.4
    endloop
  endfacet
  facet normal -0 0 -1
    outer loop
      vertex 35.0594 7.53976 0.4
      vertex 34.7712 7.40497 0.4
      vertex 35.037 7.58896 0.4
    endloop
  endfacet
  facet normal 0 0 -1
    outer loop
      vertex 34.741 7.46771 0.4
      vertex 35.037 7.58896 0.4
      vertex 34.7712 7.40497 0.4
    endloop
  endfacet
  facet normal -0 0 -1
    outer loop
      vertex 35.037 7.58896 0.4
      vertex 34.741 7.46771 0.4
      vertex 35.0172 7.64006 0.4
    endloop
  endfacet
  facet normal 0 0 -1
    outer loop
      vertex 34.7143 7.53273 0.4
      vertex 35.0172 7.64006 0.4
      vertex 34.741 7.46771 0.4
    endloop
  endfacet
  facet normal -0 0 -1
    outer loop
      vertex 35.0172 7.64006 0.4
      vertex 34.7143 7.53273 0.4
      vertex 35.0001 7.6931 0.4
    endloop
  endfacet
  facet normal 0 0 -1
    outer loop
      vertex 36.3597 8.96213 0.4
      vertex 36.6835 9.22151 0.4
      vertex 36.3597 7.09219 0.4
    endloop
  endfacet
  facet normal 0 0 -1
    outer loop
      vertex 35.8935 9.22151 0.4
      vertex 36.3597 8.96213 0.4
      vertex 35.9003 8.96213 0.4
    endloop
  endfacet
  facet normal 0 0 -1
    outer loop
      vertex 36.3597 8.96213 0.4
      vertex 35.8935 9.22151 0.4
      vertex 36.6835 9.22151 0.4
    endloop
  endfacet
  facet normal 0 0 -1
    outer loop
      vertex 35.8005 8.95926 0.4
      vertex 35.8935 9.22151 0.4
      vertex 35.9003 8.96213 0.4
    endloop
  endfacet
  facet normal 0 0 -1
    outer loop
      vertex 35.8005 8.95926 0.4
      vertex 35.7621 9.21774 0.4
      vertex 35.8935 9.22151 0.4
    endloop
  endfacet
  facet normal 0 0 -1
    outer loop
      vertex 35.7061 8.95062 0.4
      vertex 35.7621 9.21774 0.4
      vertex 35.8005 8.95926 0.4
    endloop
  endfacet
  facet normal 0 0 -1
    outer loop
      vertex 35.7061 8.95062 0.4
      vertex 35.6375 9.20648 0.4
      vertex 35.7621 9.21774 0.4
    endloop
  endfacet
  facet normal 0 0 -1
    outer loop
      vertex 35.6171 8.93623 0.4
      vertex 35.6375 9.20648 0.4
      vertex 35.7061 8.95062 0.4
    endloop
  endfacet
  facet normal 0 0 -1
    outer loop
      vertex 35.5197 9.1877 0.4
      vertex 35.6171 8.93623 0.4
      vertex 35.5334 8.91608 0.4
    endloop
  endfacet
  facet normal 0 0 -1
    outer loop
      vertex 35.6171 8.93623 0.4
      vertex 35.5197 9.1877 0.4
      vertex 35.6375 9.20648 0.4
    endloop
  endfacet
  facet normal 0 0 -1
    outer loop
      vertex 35.4088 9.16139 0.4
      vertex 35.5334 8.91608 0.4
      vertex 35.4552 8.89018 0.4
    endloop
  endfacet
  facet normal 0 0 -1
    outer loop
      vertex 35.5334 8.91608 0.4
      vertex 35.4088 9.16139 0.4
      vertex 35.5197 9.1877 0.4
    endloop
  endfacet
  facet normal 0 0 -1
    outer loop
      vertex 35.3047 9.12758 0.4
      vertex 35.4552 8.89018 0.4
      vertex 35.3823 8.85852 0.4
    endloop
  endfacet
  facet normal 0 0 -1
    outer loop
      vertex 35.2075 9.08624 0.4
      vertex 35.3823 8.85852 0.4
      vertex 35.3148 8.82111 0.4
    endloop
  endfacet
  facet normal 0 0 -1
    outer loop
      vertex 35.4552 8.89018 0.4
      vertex 35.3047 9.12758 0.4
      vertex 35.4088 9.16139 0.4
    endloop
  endfacet
  facet normal 0 0 -1
    outer loop
      vertex 35.1171 9.03741 0.4
      vertex 35.3148 8.82111 0.4
      vertex 35.2527 8.77794 0.4
    endloop
  endfacet
  facet normal 0 0 -1
    outer loop
      vertex 35.3823 8.85852 0.4
      vertex 35.2075 9.08624 0.4
      vertex 35.3047 9.12758 0.4
    endloop
  endfacet
  facet normal 0 0 -1
    outer loop
      vertex 35.0336 8.98105 0.4
      vertex 35.2527 8.77794 0.4
      vertex 35.1959 8.729 0.4
    endloop
  endfacet
  facet normal 0 0 -1
    outer loop
      vertex 34.9569 8.91718 0.4
      vertex 35.1959 8.729 0.4
      vertex 35.1449 8.67461 0.4
    endloop
  endfacet
  facet normal 0 0 -1
    outer loop
      vertex 35.3148 8.82111 0.4
      vertex 35.1171 9.03741 0.4
      vertex 35.2075 9.08624 0.4
    endloop
  endfacet
  facet normal 0 0 -1
    outer loop
      vertex 34.8877 8.84639 0.4
      vertex 35.1449 8.67461 0.4
      vertex 35.0998 8.61497 0.4
    endloop
  endfacet
  facet normal 0 0 -1
    outer loop
      vertex 34.8266 8.76926 0.4
      vertex 35.0998 8.61497 0.4
      vertex 35.0607 8.55016 0.4
    endloop
  endfacet
  facet normal 0 0 -1
    outer loop
      vertex 35.2527 8.77794 0.4
      vertex 35.0336 8.98105 0.4
      vertex 35.1171 9.03741 0.4
    endloop
  endfacet
  facet normal 0 0 -1
    outer loop
      vertex 34.7737 8.68578 0.4
      vertex 35.0607 8.55016 0.4
      vertex 35.0277 8.48012 0.4
    endloop
  endfacet
  facet normal 0 0 -1
    outer loop
      vertex 34.7289 8.59596 0.4
      vertex 35.0277 8.48012 0.4
      vertex 35.0007 8.40486 0.4
    endloop
  endfacet
  facet normal 0 0 -1
    outer loop
      vertex 34.6923 8.4998 0.4
      vertex 35.0007 8.40486 0.4
      vertex 34.9797 8.32439 0.4
    endloop
  endfacet
  facet normal 0 0 -1
    outer loop
      vertex 34.6434 8.28845 0.4
      vertex 34.9797 8.32439 0.4
      vertex 34.9646 8.23872 0.4
    endloop
  endfacet
  facet normal 0 0 -1
    outer loop
      vertex 35.1959 8.729 0.4
      vertex 34.9569 8.91718 0.4
      vertex 35.0336 8.98105 0.4
    endloop
  endfacet
  facet normal 0 0 -1
    outer loop
      vertex 34.6312 8.17326 0.4
      vertex 34.9646 8.23872 0.4
      vertex 34.9556 8.14783 0.4
    endloop
  endfacet
  facet normal 0 0 -1
    outer loop
      vertex 34.6271 8.05173 0.4
      vertex 34.9556 8.14783 0.4
      vertex 34.9526 8.05173 0.4
    endloop
  endfacet
  facet normal 0 0 -1
    outer loop
      vertex 34.6912 7.60004 0.4
      vertex 35.0001 7.6931 0.4
      vertex 34.7143 7.53273 0.4
    endloop
  endfacet
  facet normal 0 0 -1
    outer loop
      vertex 34.6271 8.05173 0.4
      vertex 34.9526 8.05173 0.4
      vertex 34.6289 7.97076 0.4
    endloop
  endfacet
  facet normal -0 0 -1
    outer loop
      vertex 35.0001 7.6931 0.4
      vertex 34.6912 7.60004 0.4
      vertex 34.9856 7.74806 0.4
    endloop
  endfacet
  facet normal 0 0 -1
    outer loop
      vertex 34.6716 7.66962 0.4
      vertex 34.9856 7.74806 0.4
      vertex 34.6912 7.60004 0.4
    endloop
  endfacet
  facet normal -0 0 -1
    outer loop
      vertex 34.9556 8.14783 0.4
      vertex 34.6271 8.05173 0.4
      vertex 34.6312 8.17326 0.4
    endloop
  endfacet
  facet normal 0 0 -1
    outer loop
      vertex 34.6556 7.74149 0.4
      vertex 34.9856 7.74806 0.4
      vertex 34.6716 7.66962 0.4
    endloop
  endfacet
  facet normal -0 0 -1
    outer loop
      vertex 34.9646 8.23872 0.4
      vertex 34.6312 8.17326 0.4
      vertex 34.6434 8.28845 0.4
    endloop
  endfacet
  facet normal -0 0 -1
    outer loop
      vertex 34.9856 7.74806 0.4
      vertex 34.6556 7.74149 0.4
      vertex 34.9737 7.80495 0.4
    endloop
  endfacet
  facet normal 0 0 -1
    outer loop
      vertex 34.6431 7.81563 0.4
      vertex 34.9737 7.80495 0.4
      vertex 34.6556 7.74149 0.4
    endloop
  endfacet
  facet normal -0 0 -1
    outer loop
      vertex 34.9539 7.98715 0.4
      vertex 34.6289 7.97076 0.4
      vertex 34.9526 8.05173 0.4
    endloop
  endfacet
  facet normal 0 0 -1
    outer loop
      vertex 34.9737 7.80495 0.4
      vertex 34.6431 7.81563 0.4
      vertex 34.9645 7.86375 0.4
    endloop
  endfacet
  facet normal 0 0 -1
    outer loop
      vertex 34.6342 7.89204 0.4
      vertex 34.9645 7.86375 0.4
      vertex 34.6431 7.81563 0.4
    endloop
  endfacet
  facet normal 0 0 -1
    outer loop
      vertex 34.9645 7.86375 0.4
      vertex 34.6342 7.89204 0.4
      vertex 34.9579 7.9245 0.4
    endloop
  endfacet
  facet normal 0 0 -1
    outer loop
      vertex 34.6289 7.97076 0.4
      vertex 34.9579 7.9245 0.4
      vertex 34.6342 7.89204 0.4
    endloop
  endfacet
  facet normal 0 0 -1
    outer loop
      vertex 34.9579 7.9245 0.4
      vertex 34.6289 7.97076 0.4
      vertex 34.9539 7.98715 0.4
    endloop
  endfacet
  facet normal -0 0 -1
    outer loop
      vertex 34.9797 8.32439 0.4
      vertex 34.6434 8.28845 0.4
      vertex 34.6638 8.39729 0.4
    endloop
  endfacet
  facet normal 0 0 -1
    outer loop
      vertex 34.9797 8.32439 0.4
      vertex 34.6638 8.39729 0.4
      vertex 34.6923 8.4998 0.4
    endloop
  endfacet
  facet normal 0 0 -1
    outer loop
      vertex 35.1449 8.67461 0.4
      vertex 34.8877 8.84639 0.4
      vertex 34.9569 8.91718 0.4
    endloop
  endfacet
  facet normal 0 0 -1
    outer loop
      vertex 35.0998 8.61497 0.4
      vertex 34.8266 8.76926 0.4
      vertex 34.8877 8.84639 0.4
    endloop
  endfacet
  facet normal 0 0 -1
    outer loop
      vertex 35.0007 8.40486 0.4
      vertex 34.6923 8.4998 0.4
      vertex 34.7289 8.59596 0.4
    endloop
  endfacet
  facet normal 0 0 -1
    outer loop
      vertex 35.0607 8.55016 0.4
      vertex 34.7737 8.68578 0.4
      vertex 34.8266 8.76926 0.4
    endloop
  endfacet
  facet normal 0 0 -1
    outer loop
      vertex 35.0277 8.48012 0.4
      vertex 34.7289 8.59596 0.4
      vertex 34.7737 8.68578 0.4
    endloop
  endfacet
  facet normal 0 0 -1
    outer loop
      vertex 45.7466 6.83282 0.4
      vertex 46.0771 7.2041 0.4
      vertex 46.0771 6.83282 0.4
    endloop
  endfacet
  facet normal -0 0 -1
    outer loop
      vertex 46.0771 7.2041 0.4
      vertex 45.7466 6.83282 0.4
      vertex 45.7466 7.2041 0.4
    endloop
  endfacet
  facet normal 0 0 -1
    outer loop
      vertex 42.9187 6.83282 0.4
      vertex 43.2492 7.2041 0.4
      vertex 43.2492 6.83282 0.4
    endloop
  endfacet
  facet normal -0 0 -1
    outer loop
      vertex 43.2492 7.2041 0.4
      vertex 42.9187 6.83282 0.4
      vertex 42.9187 7.2041 0.4
    endloop
  endfacet
  facet normal 0.137517 0.990499 -0
    outer loop
      vertex 41.5739 6.80281 0
      vertex 41.4897 6.8145 0.4
      vertex 41.5739 6.80281 0.4
    endloop
  endfacet
  facet normal 0.137517 0.990499 0
    outer loop
      vertex 41.4897 6.8145 0.4
      vertex 41.5739 6.80281 0
      vertex 41.4897 6.8145 0
    endloop
  endfacet
  facet normal 0.238779 0.971074 -0
    outer loop
      vertex 41.4897 6.8145 0
      vertex 41.4106 6.83395 0.4
      vertex 41.4897 6.8145 0.4
    endloop
  endfacet
  facet normal 0.238779 0.971074 0
    outer loop
      vertex 41.4106 6.83395 0.4
      vertex 41.4897 6.8145 0
      vertex 41.4106 6.83395 0
    endloop
  endfacet
  facet normal 0.344849 0.938658 -0
    outer loop
      vertex 41.4106 6.83395 0
      vertex 41.3364 6.86121 0.4
      vertex 41.4106 6.83395 0.4
    endloop
  endfacet
  facet normal 0.344849 0.938658 0
    outer loop
      vertex 41.3364 6.86121 0.4
      vertex 41.4106 6.83395 0
      vertex 41.3364 6.86121 0
    endloop
  endfacet
  facet normal 0.451643 0.892199 -0
    outer loop
      vertex 41.3364 6.86121 0
      vertex 41.2672 6.89624 0.4
      vertex 41.3364 6.86121 0.4
    endloop
  endfacet
  facet normal 0.451643 0.892199 0
    outer loop
      vertex 41.2672 6.89624 0.4
      vertex 41.3364 6.86121 0
      vertex 41.2672 6.89624 0
    endloop
  endfacet
  facet normal 0.554372 0.832269 -0
    outer loop
      vertex 41.2672 6.89624 0
      vertex 41.2029 6.93907 0.4
      vertex 41.2672 6.89624 0.4
    endloop
  endfacet
  facet normal 0.554372 0.832269 0
    outer loop
      vertex 41.2029 6.93907 0.4
      vertex 41.2672 6.89624 0
      vertex 41.2029 6.93907 0
    endloop
  endfacet
  facet normal 0.649099 0.760704 -0
    outer loop
      vertex 41.2029 6.93907 0
      vertex 41.1436 6.98967 0.4
      vertex 41.2029 6.93907 0.4
    endloop
  endfacet
  facet normal 0.649099 0.760704 0
    outer loop
      vertex 41.1436 6.98967 0.4
      vertex 41.2029 6.93907 0
      vertex 41.1436 6.98967 0
    endloop
  endfacet
  facet normal 0.732347 0.680932 0
    outer loop
      vertex 41.1436 6.98967 0.4
      vertex 41.0893 7.04807 0
      vertex 41.0893 7.04807 0.4
    endloop
  endfacet
  facet normal 0.732347 0.680932 0
    outer loop
      vertex 41.0893 7.04807 0
      vertex 41.1436 6.98967 0.4
      vertex 41.1436 6.98967 0
    endloop
  endfacet
  facet normal 0.80132 0.598235 0
    outer loop
      vertex 41.0893 7.04807 0.4
      vertex 41.0399 7.11424 0
      vertex 41.0399 7.11424 0.4
    endloop
  endfacet
  facet normal 0.80132 0.598235 0
    outer loop
      vertex 41.0399 7.11424 0
      vertex 41.0893 7.04807 0.4
      vertex 41.0893 7.04807 0
    endloop
  endfacet
  facet normal 0.85668 0.515848 0
    outer loop
      vertex 41.0399 7.11424 0.4
      vertex 40.9956 7.18781 0
      vertex 40.9956 7.18781 0.4
    endloop
  endfacet
  facet normal 0.85668 0.515848 0
    outer loop
      vertex 40.9956 7.18781 0
      vertex 41.0399 7.11424 0.4
      vertex 41.0399 7.11424 0
    endloop
  endfacet
  facet normal 0.899636 0.436641 0
    outer loop
      vertex 40.9956 7.18781 0.4
      vertex 40.9565 7.26837 0
      vertex 40.9565 7.26837 0.4
    endloop
  endfacet
  facet normal 0.899636 0.436641 0
    outer loop
      vertex 40.9565 7.26837 0
      vertex 40.9956 7.18781 0.4
      vertex 40.9956 7.18781 0
    endloop
  endfacet
  facet normal 0.932906 0.360121 0
    outer loop
      vertex 40.9565 7.26837 0.4
      vertex 40.9227 7.35593 0
      vertex 40.9227 7.35593 0.4
    endloop
  endfacet
  facet normal 0.932906 0.360121 0
    outer loop
      vertex 40.9227 7.35593 0
      vertex 40.9565 7.26837 0.4
      vertex 40.9565 7.26837 0
    endloop
  endfacet
  facet normal 0.956862 0.290541 0
    outer loop
      vertex 40.9227 7.35593 0.4
      vertex 40.894 7.45045 0
      vertex 40.894 7.45045 0.4
    endloop
  endfacet
  facet normal 0.956862 0.290541 0
    outer loop
      vertex 40.894 7.45045 0
      vertex 40.9227 7.35593 0.4
      vertex 40.9227 7.35593 0
    endloop
  endfacet
  facet normal 0.974249 0.225476 0
    outer loop
      vertex 40.894 7.45045 0.4
      vertex 40.8705 7.55199 0
      vertex 40.8705 7.55199 0.4
    endloop
  endfacet
  facet normal 0.974249 0.225476 0
    outer loop
      vertex 40.8705 7.55199 0
      vertex 40.894 7.45045 0.4
      vertex 40.894 7.45045 0
    endloop
  endfacet
  facet normal 0.986226 0.165401 0
    outer loop
      vertex 40.8705 7.55199 0.4
      vertex 40.8523 7.66051 0
      vertex 40.8523 7.66051 0.4
    endloop
  endfacet
  facet normal 0.986226 0.165401 0
    outer loop
      vertex 40.8523 7.66051 0
      vertex 40.8705 7.55199 0.4
      vertex 40.8705 7.55199 0
    endloop
  endfacet
  facet normal 0.993726 0.111838 0
    outer loop
      vertex 40.8523 7.66051 0.4
      vertex 40.8393 7.77602 0
      vertex 40.8393 7.77602 0.4
    endloop
  endfacet
  facet normal 0.993726 0.111838 0
    outer loop
      vertex 40.8393 7.77602 0
      vertex 40.8523 7.66051 0.4
      vertex 40.8523 7.66051 0
    endloop
  endfacet
  facet normal 0.997979 0.0635396 0
    outer loop
      vertex 40.8393 7.77602 0.4
      vertex 40.8315 7.89853 0
      vertex 40.8315 7.89853 0.4
    endloop
  endfacet
  facet normal 0.997979 0.0635396 0
    outer loop
      vertex 40.8315 7.89853 0
      vertex 40.8393 7.77602 0.4
      vertex 40.8393 7.77602 0
    endloop
  endfacet
  facet normal 0.999783 0.0208497 0
    outer loop
      vertex 40.8315 7.89853 0.4
      vertex 40.8288 8.028 0
      vertex 40.8288 8.028 0.4
    endloop
  endfacet
  facet normal 0.999783 0.0208497 0
    outer loop
      vertex 40.8288 8.028 0
      vertex 40.8315 7.89853 0.4
      vertex 40.8315 7.89853 0
    endloop
  endfacet
  facet normal 0.99982 -0.0189964 0
    outer loop
      vertex 40.8288 8.028 0.4
      vertex 40.8313 8.15958 0
      vertex 40.8313 8.15958 0.4
    endloop
  endfacet
  facet normal 0.99982 -0.0189964 0
    outer loop
      vertex 40.8313 8.15958 0
      vertex 40.8288 8.028 0.4
      vertex 40.8288 8.028 0
    endloop
  endfacet
  facet normal 0.998181 -0.0602815 0
    outer loop
      vertex 40.8313 8.15958 0.4
      vertex 40.8388 8.28377 0
      vertex 40.8388 8.28377 0.4
    endloop
  endfacet
  facet normal 0.998181 -0.0602815 0
    outer loop
      vertex 40.8388 8.28377 0
      vertex 40.8313 8.15958 0.4
      vertex 40.8313 8.15958 0
    endloop
  endfacet
  facet normal 0.994415 -0.105544 0
    outer loop
      vertex 40.8388 8.28377 0.4
      vertex 40.8512 8.4006 0
      vertex 40.8512 8.4006 0.4
    endloop
  endfacet
  facet normal 0.994415 -0.105544 0
    outer loop
      vertex 40.8512 8.4006 0
      vertex 40.8388 8.28377 0.4
      vertex 40.8388 8.28377 0
    endloop
  endfacet
  facet normal 0.98774 -0.156111 0
    outer loop
      vertex 40.8512 8.4006 0.4
      vertex 40.8685 8.51006 0
      vertex 40.8685 8.51006 0.4
    endloop
  endfacet
  facet normal 0.98774 -0.156111 0
    outer loop
      vertex 40.8685 8.51006 0
      vertex 40.8512 8.4006 0.4
      vertex 40.8512 8.4006 0
    endloop
  endfacet
  facet normal 0.976764 -0.214316 0
    outer loop
      vertex 40.8685 8.51006 0.4
      vertex 40.8909 8.61215 0
      vertex 40.8909 8.61215 0.4
    endloop
  endfacet
  facet normal 0.976764 -0.214316 0
    outer loop
      vertex 40.8909 8.61215 0
      vertex 40.8685 8.51006 0.4
      vertex 40.8685 8.51006 0
    endloop
  endfacet
  facet normal 0.961163 -0.275981 0
    outer loop
      vertex 40.8909 8.61215 0.4
      vertex 40.9181 8.70688 0
      vertex 40.9181 8.70688 0.4
    endloop
  endfacet
  facet normal 0.961163 -0.275981 0
    outer loop
      vertex 40.9181 8.70688 0
      vertex 40.8909 8.61215 0.4
      vertex 40.8909 8.61215 0
    endloop
  endfacet
  facet normal 0.937943 -0.34679 0
    outer loop
      vertex 40.9181 8.70688 0.4
      vertex 40.9504 8.79424 0
      vertex 40.9504 8.79424 0.4
    endloop
  endfacet
  facet normal 0.937943 -0.34679 0
    outer loop
      vertex 40.9504 8.79424 0
      vertex 40.9181 8.70688 0.4
      vertex 40.9181 8.70688 0
    endloop
  endfacet
  facet normal 0.906761 -0.421644 0
    outer loop
      vertex 40.9504 8.79424 0.4
      vertex 40.9876 8.87424 0
      vertex 40.9876 8.87424 0.4
    endloop
  endfacet
  facet normal 0.906761 -0.421644 0
    outer loop
      vertex 40.9876 8.87424 0
      vertex 40.9504 8.79424 0.4
      vertex 40.9504 8.79424 0
    endloop
  endfacet
  facet normal 0.865103 -0.501595 0
    outer loop
      vertex 40.9876 8.87424 0.4
      vertex 41.0297 8.94685 0
      vertex 41.0297 8.94685 0.4
    endloop
  endfacet
  facet normal 0.865103 -0.501595 0
    outer loop
      vertex 41.0297 8.94685 0
      vertex 40.9876 8.87424 0.4
      vertex 40.9876 8.87424 0
    endloop
  endfacet
  facet normal 0.808457 -0.588556 0
    outer loop
      vertex 41.0297 8.94685 0.4
      vertex 41.0771 9.01196 0
      vertex 41.0771 9.01196 0.4
    endloop
  endfacet
  facet normal 0.808457 -0.588556 0
    outer loop
      vertex 41.0771 9.01196 0
      vertex 41.0297 8.94685 0.4
      vertex 41.0297 8.94685 0
    endloop
  endfacet
  facet normal 0.736393 -0.676554 0
    outer loop
      vertex 41.0771 9.01196 0.4
      vertex 41.1299 9.06943 0
      vertex 41.1299 9.06943 0.4
    endloop
  endfacet
  facet normal 0.736393 -0.676554 0
    outer loop
      vertex 41.1299 9.06943 0
      vertex 41.0771 9.01196 0.4
      vertex 41.0771 9.01196 0
    endloop
  endfacet
  facet normal 0.649426 -0.760425 0
    outer loop
      vertex 41.1299 9.06943 0
      vertex 41.1882 9.11922 0.4
      vertex 41.1299 9.06943 0.4
    endloop
  endfacet
  facet normal 0.649426 -0.760425 0
    outer loop
      vertex 41.1882 9.11922 0.4
      vertex 41.1299 9.06943 0
      vertex 41.1882 9.11922 0
    endloop
  endfacet
  facet normal 0.551043 -0.834477 0
    outer loop
      vertex 41.1882 9.11922 0
      vertex 41.252 9.16135 0.4
      vertex 41.1882 9.11922 0.4
    endloop
  endfacet
  facet normal 0.551043 -0.834477 0
    outer loop
      vertex 41.252 9.16135 0.4
      vertex 41.1882 9.11922 0
      vertex 41.252 9.16135 0
    endloop
  endfacet
  facet normal 0.445868 -0.895099 0
    outer loop
      vertex 41.252 9.16135 0
      vertex 41.3212 9.19582 0.4
      vertex 41.252 9.16135 0.4
    endloop
  endfacet
  facet normal 0.445868 -0.895099 0
    outer loop
      vertex 41.3212 9.19582 0.4
      vertex 41.252 9.16135 0
      vertex 41.3212 9.19582 0
    endloop
  endfacet
  facet normal 0.337805 -0.941216 0
    outer loop
      vertex 41.3212 9.19582 0
      vertex 41.3959 9.22263 0.4
      vertex 41.3212 9.19582 0.4
    endloop
  endfacet
  facet normal 0.337805 -0.941216 0
    outer loop
      vertex 41.3959 9.22263 0.4
      vertex 41.3212 9.19582 0
      vertex 41.3959 9.22263 0
    endloop
  endfacet
  facet normal 0.232364 -0.972629 0
    outer loop
      vertex 41.3959 9.22263 0
      vertex 41.4761 9.24179 0.4
      vertex 41.3959 9.22263 0.4
    endloop
  endfacet
  facet normal 0.232364 -0.972629 0
    outer loop
      vertex 41.4761 9.24179 0.4
      vertex 41.3959 9.22263 0
      vertex 41.4761 9.24179 0
    endloop
  endfacet
  facet normal 0.133036 -0.991111 0
    outer loop
      vertex 41.4761 9.24179 0
      vertex 41.5617 9.25328 0.4
      vertex 41.4761 9.24179 0.4
    endloop
  endfacet
  facet normal 0.133036 -0.991111 0
    outer loop
      vertex 41.5617 9.25328 0.4
      vertex 41.4761 9.24179 0
      vertex 41.5617 9.25328 0
    endloop
  endfacet
  facet normal 0.0420507 -0.999115 0
    outer loop
      vertex 41.5617 9.25328 0
      vertex 41.6527 9.25711 0.4
      vertex 41.5617 9.25328 0.4
    endloop
  endfacet
  facet normal 0.0420507 -0.999115 0
    outer loop
      vertex 41.6527 9.25711 0.4
      vertex 41.5617 9.25328 0
      vertex 41.6527 9.25711 0
    endloop
  endfacet
  facet normal -0.0405649 -0.999177 0
    outer loop
      vertex 41.6527 9.25711 0
      vertex 41.7463 9.25331 0.4
      vertex 41.6527 9.25711 0.4
    endloop
  endfacet
  facet normal -0.0405649 -0.999177 -0
    outer loop
      vertex 41.7463 9.25331 0.4
      vertex 41.6527 9.25711 0
      vertex 41.7463 9.25331 0
    endloop
  endfacet
  facet normal -0.128204 -0.991748 0
    outer loop
      vertex 41.7463 9.25331 0
      vertex 41.8341 9.24196 0.4
      vertex 41.7463 9.25331 0.4
    endloop
  endfacet
  facet normal -0.128204 -0.991748 -0
    outer loop
      vertex 41.8341 9.24196 0.4
      vertex 41.7463 9.25331 0
      vertex 41.8341 9.24196 0
    endloop
  endfacet
  facet normal -0.224903 -0.974381 0
    outer loop
      vertex 41.8341 9.24196 0
      vertex 41.9162 9.22301 0.4
      vertex 41.8341 9.24196 0.4
    endloop
  endfacet
  facet normal -0.224903 -0.974381 -0
    outer loop
      vertex 41.9162 9.22301 0.4
      vertex 41.8341 9.24196 0
      vertex 41.9162 9.22301 0
    endloop
  endfacet
  facet normal -0.328309 -0.94457 0
    outer loop
      vertex 41.9162 9.22301 0
      vertex 41.9925 9.19649 0.4
      vertex 41.9162 9.22301 0.4
    endloop
  endfacet
  facet normal -0.328309 -0.94457 -0
    outer loop
      vertex 41.9925 9.19649 0.4
      vertex 41.9162 9.22301 0
      vertex 41.9925 9.19649 0
    endloop
  endfacet
  facet normal -0.435324 -0.900274 0
    outer loop
      vertex 41.9925 9.19649 0
      vertex 42.063 9.1624 0.4
      vertex 41.9925 9.19649 0.4
    endloop
  endfacet
  facet normal -0.435324 -0.900274 -0
    outer loop
      vertex 42.063 9.1624 0.4
      vertex 41.9925 9.19649 0
      vertex 42.063 9.1624 0
    endloop
  endfacet
  facet normal -0.540876 -0.841103 0
    outer loop
      vertex 42.063 9.1624 0
      vertex 42.1278 9.12073 0.4
      vertex 42.063 9.1624 0.4
    endloop
  endfacet
  facet normal -0.540876 -0.841103 -0
    outer loop
      vertex 42.1278 9.12073 0.4
      vertex 42.063 9.1624 0
      vertex 42.1278 9.12073 0
    endloop
  endfacet
  facet normal -0.640901 -0.767624 0
    outer loop
      vertex 42.1278 9.12073 0
      vertex 42.1868 9.07147 0.4
      vertex 42.1278 9.12073 0.4
    endloop
  endfacet
  facet normal -0.640901 -0.767624 -0
    outer loop
      vertex 42.1868 9.07147 0.4
      vertex 42.1278 9.12073 0
      vertex 42.1868 9.07147 0
    endloop
  endfacet
  facet normal -0.729337 -0.684155 0
    outer loop
      vertex 42.2401 9.01465 0
      vertex 42.1868 9.07147 0.4
      vertex 42.1868 9.07147 0
    endloop
  endfacet
  facet normal -0.729337 -0.684155 0
    outer loop
      vertex 42.1868 9.07147 0.4
      vertex 42.2401 9.01465 0
      vertex 42.2401 9.01465 0.4
    endloop
  endfacet
  facet normal -0.804729 -0.593642 0
    outer loop
      vertex 42.2876 8.95026 0
      vertex 42.2401 9.01465 0.4
      vertex 42.2401 9.01465 0
    endloop
  endfacet
  facet normal -0.804729 -0.593642 0
    outer loop
      vertex 42.2401 9.01465 0.4
      vertex 42.2876 8.95026 0
      vertex 42.2876 8.95026 0.4
    endloop
  endfacet
  facet normal -0.862765 -0.505606 0
    outer loop
      vertex 42.3298 8.87825 0
      vertex 42.2876 8.95026 0.4
      vertex 42.2876 8.95026 0
    endloop
  endfacet
  facet normal -0.862765 -0.505606 0
    outer loop
      vertex 42.2876 8.95026 0.4
      vertex 42.3298 8.87825 0
      vertex 42.3298 8.87825 0.4
    endloop
  endfacet
  facet normal -0.90595 -0.423384 0
    outer loop
      vertex 42.367 8.79865 0
      vertex 42.3298 8.87825 0.4
      vertex 42.3298 8.87825 0
    endloop
  endfacet
  facet normal -0.90595 -0.423384 0
    outer loop
      vertex 42.3298 8.87825 0.4
      vertex 42.367 8.79865 0
      vertex 42.367 8.79865 0.4
    endloop
  endfacet
  facet normal -0.938137 -0.346263 0
    outer loop
      vertex 42.3992 8.71141 0
      vertex 42.367 8.79865 0.4
      vertex 42.367 8.79865 0
    endloop
  endfacet
  facet normal -0.938137 -0.346263 0
    outer loop
      vertex 42.367 8.79865 0.4
      vertex 42.3992 8.71141 0
      vertex 42.3992 8.71141 0.4
    endloop
  endfacet
  facet normal -0.960995 -0.276567 0
    outer loop
      vertex 42.4265 8.61655 0
      vertex 42.3992 8.71141 0.4
      vertex 42.3992 8.71141 0
    endloop
  endfacet
  facet normal -0.960995 -0.276567 0
    outer loop
      vertex 42.3992 8.71141 0.4
      vertex 42.4265 8.61655 0
      vertex 42.4265 8.61655 0.4
    endloop
  endfacet
  facet normal -0.97693 -0.213558 0
    outer loop
      vertex 42.4489 8.51408 0
      vertex 42.4265 8.61655 0.4
      vertex 42.4265 8.61655 0
    endloop
  endfacet
  facet normal -0.97693 -0.213558 0
    outer loop
      vertex 42.4265 8.61655 0.4
      vertex 42.4489 8.51408 0
      vertex 42.4489 8.51408 0.4
    endloop
  endfacet
  facet normal -0.987877 -0.155239 0
    outer loop
      vertex 42.4662 8.40399 0
      vertex 42.4489 8.51408 0.4
      vertex 42.4489 8.51408 0
    endloop
  endfacet
  facet normal -0.987877 -0.155239 0
    outer loop
      vertex 42.4489 8.51408 0.4
      vertex 42.4662 8.40399 0
      vertex 42.4662 8.40399 0.4
    endloop
  endfacet
  facet normal -0.994496 -0.104773 0
    outer loop
      vertex 42.4786 8.28629 0
      vertex 42.4662 8.40399 0.4
      vertex 42.4662 8.40399 0
    endloop
  endfacet
  facet normal -0.994496 -0.104773 0
    outer loop
      vertex 42.4662 8.40399 0.4
      vertex 42.4786 8.28629 0
      vertex 42.4786 8.28629 0.4
    endloop
  endfacet
  facet normal -0.998215 -0.0597304 0
    outer loop
      vertex 42.4861 8.16095 0
      vertex 42.4786 8.28629 0.4
      vertex 42.4786 8.28629 0
    endloop
  endfacet
  facet normal -0.998215 -0.0597304 0
    outer loop
      vertex 42.4786 8.28629 0.4
      vertex 42.4861 8.16095 0
      vertex 42.4861 8.16095 0.4
    endloop
  endfacet
  facet normal -0.999837 -0.018049 0
    outer loop
      vertex 42.4885 8.028 0
      vertex 42.4861 8.16095 0.4
      vertex 42.4861 8.16095 0
    endloop
  endfacet
  facet normal -0.999837 -0.018049 0
    outer loop
      vertex 42.4861 8.16095 0.4
      vertex 42.4885 8.028 0
      vertex 42.4885 8.028 0.4
    endloop
  endfacet
  facet normal -0.999816 0.0192021 0
    outer loop
      vertex 42.486 7.89783 0
      vertex 42.4885 8.028 0.4
      vertex 42.4885 8.028 0
    endloop
  endfacet
  facet normal -0.999816 0.0192021 0
    outer loop
      vertex 42.4885 8.028 0.4
      vertex 42.486 7.89783 0
      vertex 42.486 7.89783 0.4
    endloop
  endfacet
  facet normal -0.998048 0.062449 0
    outer loop
      vertex 42.4783 7.77477 0
      vertex 42.486 7.89783 0.4
      vertex 42.486 7.89783 0
    endloop
  endfacet
  facet normal -0.998048 0.062449 0
    outer loop
      vertex 42.486 7.89783 0.4
      vertex 42.4783 7.77477 0
      vertex 42.4783 7.77477 0.4
    endloop
  endfacet
  facet normal -0.994056 0.10887 0
    outer loop
      vertex 42.4656 7.65881 0
      vertex 42.4783 7.77477 0.4
      vertex 42.4783 7.77477 0
    endloop
  endfacet
  facet normal -0.994056 0.10887 0
    outer loop
      vertex 42.4783 7.77477 0.4
      vertex 42.4656 7.65881 0
      vertex 42.4656 7.65881 0.4
    endloop
  endfacet
  facet normal -0.986744 0.162282 0
    outer loop
      vertex 42.4477 7.54997 0
      vertex 42.4656 7.65881 0.4
      vertex 42.4656 7.65881 0
    endloop
  endfacet
  facet normal -0.986744 0.162282 0
    outer loop
      vertex 42.4656 7.65881 0.4
      vertex 42.4477 7.54997 0
      vertex 42.4477 7.54997 0.4
    endloop
  endfacet
  facet normal -0.975372 0.220564 0
    outer loop
      vertex 42.4247 7.44826 0
      vertex 42.4477 7.54997 0.4
      vertex 42.4477 7.54997 0
    endloop
  endfacet
  facet normal -0.975372 0.220564 0
    outer loop
      vertex 42.4477 7.54997 0.4
      vertex 42.4247 7.44826 0
      vertex 42.4247 7.44826 0.4
    endloop
  endfacet
  facet normal -0.958612 0.284716 0
    outer loop
      vertex 42.3966 7.35365 0
      vertex 42.4247 7.44826 0.4
      vertex 42.4247 7.44826 0
    endloop
  endfacet
  facet normal -0.958612 0.284716 0
    outer loop
      vertex 42.4247 7.44826 0.4
      vertex 42.3966 7.35365 0
      vertex 42.3966 7.35365 0.4
    endloop
  endfacet
  facet normal -0.934934 0.354822 0
    outer loop
      vertex 42.3634 7.26617 0
      vertex 42.3966 7.35365 0.4
      vertex 42.3966 7.35365 0
    endloop
  endfacet
  facet normal -0.934934 0.354822 0
    outer loop
      vertex 42.3966 7.35365 0.4
      vertex 42.3634 7.26617 0
      vertex 42.3634 7.26617 0.4
    endloop
  endfacet
  facet normal -0.902757 0.430152 0
    outer loop
      vertex 42.3251 7.18579 0
      vertex 42.3634 7.26617 0.4
      vertex 42.3634 7.26617 0
    endloop
  endfacet
  facet normal -0.902757 0.430152 0
    outer loop
      vertex 42.3634 7.26617 0.4
      vertex 42.3251 7.18579 0
      vertex 42.3251 7.18579 0.4
    endloop
  endfacet
  facet normal -0.860299 0.50979 0
    outer loop
      vertex 42.2817 7.11255 0
      vertex 42.3251 7.18579 0.4
      vertex 42.3251 7.18579 0
    endloop
  endfacet
  facet normal -0.860299 0.50979 0
    outer loop
      vertex 42.3251 7.18579 0.4
      vertex 42.2817 7.11255 0
      vertex 42.2817 7.11255 0.4
    endloop
  endfacet
  facet normal -0.805093 0.593149 0
    outer loop
      vertex 42.2332 7.04672 0
      vertex 42.2817 7.11255 0.4
      vertex 42.2817 7.11255 0
    endloop
  endfacet
  facet normal -0.805093 0.593149 0
    outer loop
      vertex 42.2817 7.11255 0.4
      vertex 42.2332 7.04672 0
      vertex 42.2332 7.04672 0.4
    endloop
  endfacet
  facet normal -0.735454 0.677575 0
    outer loop
      vertex 42.1797 6.98865 0
      vertex 42.2332 7.04672 0.4
      vertex 42.2332 7.04672 0
    endloop
  endfacet
  facet normal -0.735454 0.677575 0
    outer loop
      vertex 42.2332 7.04672 0.4
      vertex 42.1797 6.98865 0
      vertex 42.1797 6.98865 0.4
    endloop
  endfacet
  facet normal -0.650983 0.759092 0
    outer loop
      vertex 42.1797 6.98865 0
      vertex 42.121 6.93831 0.4
      vertex 42.1797 6.98865 0.4
    endloop
  endfacet
  facet normal -0.650983 0.759092 0
    outer loop
      vertex 42.121 6.93831 0.4
      vertex 42.1797 6.98865 0
      vertex 42.121 6.93831 0
    endloop
  endfacet
  facet normal -0.555814 0.831307 0
    outer loop
      vertex 42.121 6.93831 0
      vertex 42.0573 6.89572 0.4
      vertex 42.121 6.93831 0.4
    endloop
  endfacet
  facet normal -0.555814 0.831307 0
    outer loop
      vertex 42.0573 6.89572 0.4
      vertex 42.121 6.93831 0
      vertex 42.0573 6.89572 0
    endloop
  endfacet
  facet normal -0.452399 0.891816 0
    outer loop
      vertex 42.0573 6.89572 0
      vertex 41.9886 6.86087 0.4
      vertex 42.0573 6.89572 0.4
    endloop
  endfacet
  facet normal -0.452399 0.891816 0
    outer loop
      vertex 41.9886 6.86087 0.4
      vertex 42.0573 6.89572 0
      vertex 41.9886 6.86087 0
    endloop
  endfacet
  facet normal -0.344703 0.938712 0
    outer loop
      vertex 41.9886 6.86087 0
      vertex 41.9148 6.83377 0.4
      vertex 41.9886 6.86087 0.4
    endloop
  endfacet
  facet normal -0.344703 0.938712 0
    outer loop
      vertex 41.9148 6.83377 0.4
      vertex 41.9886 6.86087 0
      vertex 41.9148 6.83377 0
    endloop
  endfacet
  facet normal -0.238305 0.97119 0
    outer loop
      vertex 41.9148 6.83377 0
      vertex 41.8359 6.81441 0.4
      vertex 41.9148 6.83377 0.4
    endloop
  endfacet
  facet normal -0.238305 0.97119 0
    outer loop
      vertex 41.8359 6.81441 0.4
      vertex 41.9148 6.83377 0
      vertex 41.8359 6.81441 0
    endloop
  endfacet
  facet normal -0.136913 0.990583 0
    outer loop
      vertex 41.8359 6.81441 0
      vertex 41.7519 6.8028 0.4
      vertex 41.8359 6.81441 0.4
    endloop
  endfacet
  facet normal -0.136913 0.990583 0
    outer loop
      vertex 41.7519 6.8028 0.4
      vertex 41.8359 6.81441 0
      vertex 41.7519 6.8028 0
    endloop
  endfacet
  facet normal -0.0435541 0.999051 0
    outer loop
      vertex 41.7519 6.8028 0
      vertex 41.6629 6.79892 0.4
      vertex 41.7519 6.8028 0.4
    endloop
  endfacet
  facet normal -0.0435541 0.999051 0
    outer loop
      vertex 41.6629 6.79892 0.4
      vertex 41.7519 6.8028 0
      vertex 41.6629 6.79892 0
    endloop
  endfacet
  facet normal 0.0436662 0.999046 -0
    outer loop
      vertex 41.6629 6.79892 0
      vertex 41.5739 6.80281 0.4
      vertex 41.6629 6.79892 0.4
    endloop
  endfacet
  facet normal 0.0436662 0.999046 0
    outer loop
      vertex 41.5739 6.80281 0.4
      vertex 41.6629 6.79892 0
      vertex 41.5739 6.80281 0
    endloop
  endfacet
  facet normal 0.156868 -0.98762 0
    outer loop
      vertex 41.718 7.05103 0
      vertex 41.7729 7.05975 0.4
      vertex 41.718 7.05103 0.4
    endloop
  endfacet
  facet normal 0.156868 -0.98762 0
    outer loop
      vertex 41.7729 7.05975 0.4
      vertex 41.718 7.05103 0
      vertex 41.7729 7.05975 0
    endloop
  endfacet
  facet normal 0.27353 -0.961863 0
    outer loop
      vertex 41.7729 7.05975 0
      vertex 41.8241 7.07431 0.4
      vertex 41.7729 7.05975 0.4
    endloop
  endfacet
  facet normal 0.27353 -0.961863 0
    outer loop
      vertex 41.8241 7.07431 0.4
      vertex 41.7729 7.05975 0
      vertex 41.8241 7.07431 0
    endloop
  endfacet
  facet normal 0.393266 -0.919425 0
    outer loop
      vertex 41.8241 7.07431 0
      vertex 41.8717 7.09467 0.4
      vertex 41.8241 7.07431 0.4
    endloop
  endfacet
  facet normal 0.393266 -0.919425 0
    outer loop
      vertex 41.8717 7.09467 0.4
      vertex 41.8241 7.07431 0
      vertex 41.8717 7.09467 0
    endloop
  endfacet
  facet normal 0.511333 -0.859383 0
    outer loop
      vertex 41.8717 7.09467 0
      vertex 41.9157 7.12085 0.4
      vertex 41.8717 7.09467 0.4
    endloop
  endfacet
  facet normal 0.511333 -0.859383 0
    outer loop
      vertex 41.9157 7.12085 0.4
      vertex 41.8717 7.09467 0
      vertex 41.9157 7.12085 0
    endloop
  endfacet
  facet normal 0.621847 -0.783139 0
    outer loop
      vertex 41.9157 7.12085 0
      vertex 41.956 7.15285 0.4
      vertex 41.9157 7.12085 0.4
    endloop
  endfacet
  facet normal 0.621847 -0.783139 0
    outer loop
      vertex 41.956 7.15285 0.4
      vertex 41.9157 7.12085 0
      vertex 41.956 7.15285 0
    endloop
  endfacet
  facet normal 0.716705 -0.697376 0
    outer loop
      vertex 41.956 7.15285 0.4
      vertex 41.9928 7.19067 0
      vertex 41.9928 7.19067 0.4
    endloop
  endfacet
  facet normal 0.716705 -0.697376 0
    outer loop
      vertex 41.9928 7.19067 0
      vertex 41.956 7.15285 0.4
      vertex 41.956 7.15285 0
    endloop
  endfacet
  facet normal 0.796746 -0.604315 0
    outer loop
      vertex 41.9928 7.19067 0.4
      vertex 42.0259 7.23431 0
      vertex 42.0259 7.23431 0.4
    endloop
  endfacet
  facet normal 0.796746 -0.604315 0
    outer loop
      vertex 42.0259 7.23431 0
      vertex 41.9928 7.19067 0.4
      vertex 41.9928 7.19067 0
    endloop
  endfacet
  facet normal 0.858838 -0.512247 0
    outer loop
      vertex 42.0259 7.23431 0.4
      vertex 42.0554 7.28377 0
      vertex 42.0554 7.28377 0.4
    endloop
  endfacet
  facet normal 0.858838 -0.512247 0
    outer loop
      vertex 42.0554 7.28377 0
      vertex 42.0259 7.23431 0.4
      vertex 42.0259 7.23431 0
    endloop
  endfacet
  facet normal 0.905634 -0.424059 0
    outer loop
      vertex 42.0554 7.28377 0.4
      vertex 42.0815 7.33951 0
      vertex 42.0815 7.33951 0.4
    endloop
  endfacet
  facet normal 0.905634 -0.424059 0
    outer loop
      vertex 42.0815 7.33951 0
      vertex 42.0554 7.28377 0.4
      vertex 42.0554 7.28377 0
    endloop
  endfacet
  facet normal 0.93793 -0.346825 0
    outer loop
      vertex 42.0815 7.33951 0.4
      vertex 42.1046 7.40198 0
      vertex 42.1046 7.40198 0.4
    endloop
  endfacet
  facet normal 0.93793 -0.346825 0
    outer loop
      vertex 42.1046 7.40198 0
      vertex 42.0815 7.33951 0.4
      vertex 42.0815 7.33951 0
    endloop
  endfacet
  facet normal 0.960692 -0.277617 0
    outer loop
      vertex 42.1046 7.40198 0.4
      vertex 42.1246 7.47119 0
      vertex 42.1246 7.47119 0.4
    endloop
  endfacet
  facet normal 0.960692 -0.277617 0
    outer loop
      vertex 42.1246 7.47119 0
      vertex 42.1046 7.40198 0.4
      vertex 42.1046 7.40198 0
    endloop
  endfacet
  facet normal 0.976133 -0.217175 0
    outer loop
      vertex 42.1246 7.47119 0.4
      vertex 42.1415 7.54715 0
      vertex 42.1415 7.54715 0.4
    endloop
  endfacet
  facet normal 0.976133 -0.217175 0
    outer loop
      vertex 42.1415 7.54715 0
      vertex 42.1246 7.47119 0.4
      vertex 42.1246 7.47119 0
    endloop
  endfacet
  facet normal 0.986167 -0.165752 0
    outer loop
      vertex 42.1415 7.54715 0.4
      vertex 42.1554 7.62985 0
      vertex 42.1554 7.62985 0.4
    endloop
  endfacet
  facet normal 0.986167 -0.165752 0
    outer loop
      vertex 42.1554 7.62985 0
      vertex 42.1415 7.54715 0.4
      vertex 42.1415 7.54715 0
    endloop
  endfacet
  facet normal 0.992787 -0.119894 0
    outer loop
      vertex 42.1554 7.62985 0.4
      vertex 42.1662 7.71928 0
      vertex 42.1662 7.71928 0.4
    endloop
  endfacet
  facet normal 0.992787 -0.119894 0
    outer loop
      vertex 42.1662 7.71928 0
      vertex 42.1554 7.62985 0.4
      vertex 42.1554 7.62985 0
    endloop
  endfacet
  facet normal 0.996893 -0.078773 0
    outer loop
      vertex 42.1662 7.71928 0.4
      vertex 42.1738 7.81546 0
      vertex 42.1738 7.81546 0.4
    endloop
  endfacet
  facet normal 0.996893 -0.078773 0
    outer loop
      vertex 42.1738 7.81546 0
      vertex 42.1662 7.71928 0.4
      vertex 42.1662 7.71928 0
    endloop
  endfacet
  facet normal 0.998959 -0.0456234 0
    outer loop
      vertex 42.1738 7.81546 0.4
      vertex 42.1785 7.91837 0
      vertex 42.1785 7.91837 0.4
    endloop
  endfacet
  facet normal 0.998959 -0.0456234 0
    outer loop
      vertex 42.1785 7.91837 0
      vertex 42.1738 7.81546 0.4
      vertex 42.1738 7.81546 0
    endloop
  endfacet
  facet normal 0.999906 -0.0136811 0
    outer loop
      vertex 42.1785 7.91837 0.4
      vertex 42.18 8.028 0
      vertex 42.18 8.028 0.4
    endloop
  endfacet
  facet normal 0.999906 -0.0136811 0
    outer loop
      vertex 42.18 8.028 0
      vertex 42.1785 7.91837 0.4
      vertex 42.1785 7.91837 0
    endloop
  endfacet
  facet normal 0.999912 0.0132991 0
    outer loop
      vertex 42.18 8.028 0.4
      vertex 42.1785 8.14078 0
      vertex 42.1785 8.14078 0.4
    endloop
  endfacet
  facet normal 0.999912 0.0132991 0
    outer loop
      vertex 42.1785 8.14078 0
      vertex 42.18 8.028 0.4
      vertex 42.18 8.028 0
    endloop
  endfacet
  facet normal 0.99905 0.0435688 0
    outer loop
      vertex 42.1785 8.14078 0.4
      vertex 42.1739 8.24626 0
      vertex 42.1739 8.24626 0.4
    endloop
  endfacet
  facet normal 0.99905 0.0435688 0
    outer loop
      vertex 42.1739 8.24626 0
      vertex 42.1785 8.14078 0.4
      vertex 42.1785 8.14078 0
    endloop
  endfacet
  facet normal 0.997019 0.0771545 0
    outer loop
      vertex 42.1739 8.24626 0.4
      vertex 42.1663 8.34447 0
      vertex 42.1663 8.34447 0.4
    endloop
  endfacet
  facet normal 0.997019 0.0771545 0
    outer loop
      vertex 42.1663 8.34447 0
      vertex 42.1739 8.24626 0.4
      vertex 42.1739 8.24626 0
    endloop
  endfacet
  facet normal 0.993271 0.115814 0
    outer loop
      vertex 42.1663 8.34447 0.4
      vertex 42.1557 8.43538 0
      vertex 42.1557 8.43538 0.4
    endloop
  endfacet
  facet normal 0.993271 0.115814 0
    outer loop
      vertex 42.1557 8.43538 0
      vertex 42.1663 8.34447 0.4
      vertex 42.1663 8.34447 0
    endloop
  endfacet
  facet normal 0.987034 0.160512 0
    outer loop
      vertex 42.1557 8.43538 0.4
      vertex 42.1421 8.51901 0
      vertex 42.1421 8.51901 0.4
    endloop
  endfacet
  facet normal 0.987034 0.160512 0
    outer loop
      vertex 42.1421 8.51901 0
      vertex 42.1557 8.43538 0.4
      vertex 42.1557 8.43538 0
    endloop
  endfacet
  facet normal 0.97691 0.213651 0
    outer loop
      vertex 42.1421 8.51901 0.4
      vertex 42.1254 8.59537 0
      vertex 42.1254 8.59537 0.4
    endloop
  endfacet
  facet normal 0.97691 0.213651 0
    outer loop
      vertex 42.1254 8.59537 0
      vertex 42.1421 8.51901 0.4
      vertex 42.1421 8.51901 0
    endloop
  endfacet
  facet normal 0.961271 0.275603 0
    outer loop
      vertex 42.1254 8.59537 0.4
      vertex 42.1056 8.66443 0
      vertex 42.1056 8.66443 0.4
    endloop
  endfacet
  facet normal 0.961271 0.275603 0
    outer loop
      vertex 42.1056 8.66443 0
      vertex 42.1254 8.59537 0.4
      vertex 42.1254 8.59537 0
    endloop
  endfacet
  facet normal 0.938644 0.344888 0
    outer loop
      vertex 42.1056 8.66443 0.4
      vertex 42.0829 8.72621 0
      vertex 42.0829 8.72621 0.4
    endloop
  endfacet
  facet normal 0.938644 0.344888 0
    outer loop
      vertex 42.0829 8.72621 0
      vertex 42.1056 8.66443 0.4
      vertex 42.1056 8.66443 0
    endloop
  endfacet
  facet normal 0.903809 0.427937 0
    outer loop
      vertex 42.0829 8.72621 0.4
      vertex 42.0571 8.7807 0
      vertex 42.0571 8.7807 0.4
    endloop
  endfacet
  facet normal 0.903809 0.427937 0
    outer loop
      vertex 42.0571 8.7807 0
      vertex 42.0829 8.72621 0.4
      vertex 42.0829 8.72621 0
    endloop
  endfacet
  facet normal 0.853738 0.520702 0
    outer loop
      vertex 42.0571 8.7807 0.4
      vertex 42.0278 8.82874 0
      vertex 42.0278 8.82874 0.4
    endloop
  endfacet
  facet normal 0.853738 0.520702 0
    outer loop
      vertex 42.0278 8.82874 0
      vertex 42.0571 8.7807 0.4
      vertex 42.0571 8.7807 0
    endloop
  endfacet
  facet normal 0.787207 0.616689 0
    outer loop
      vertex 42.0278 8.82874 0.4
      vertex 41.9946 8.87112 0
      vertex 41.9946 8.87112 0.4
    endloop
  endfacet
  facet normal 0.787207 0.616689 0
    outer loop
      vertex 41.9946 8.87112 0
      vertex 42.0278 8.82874 0.4
      vertex 42.0278 8.82874 0
    endloop
  endfacet
  facet normal 0.703554 0.710642 -0
    outer loop
      vertex 41.9946 8.87112 0
      vertex 41.9575 8.90785 0.4
      vertex 41.9946 8.87112 0.4
    endloop
  endfacet
  facet normal 0.703554 0.710642 0
    outer loop
      vertex 41.9575 8.90785 0.4
      vertex 41.9946 8.87112 0
      vertex 41.9575 8.90785 0
    endloop
  endfacet
  facet normal 0.604097 0.796911 -0
    outer loop
      vertex 41.9575 8.90785 0
      vertex 41.9165 8.93893 0.4
      vertex 41.9575 8.90785 0.4
    endloop
  endfacet
  facet normal 0.604097 0.796911 0
    outer loop
      vertex 41.9165 8.93893 0.4
      vertex 41.9575 8.90785 0
      vertex 41.9165 8.93893 0
    endloop
  endfacet
  facet normal 0.492964 0.87005 -0
    outer loop
      vertex 41.9165 8.93893 0
      vertex 41.8716 8.96437 0.4
      vertex 41.9165 8.93893 0.4
    endloop
  endfacet
  facet normal 0.492964 0.87005 0
    outer loop
      vertex 41.8716 8.96437 0.4
      vertex 41.9165 8.93893 0
      vertex 41.8716 8.96437 0
    endloop
  endfacet
  facet normal 0.374983 0.927032 -0
    outer loop
      vertex 41.8716 8.96437 0
      vertex 41.8227 8.98415 0.4
      vertex 41.8716 8.96437 0.4
    endloop
  endfacet
  facet normal 0.374983 0.927032 0
    outer loop
      vertex 41.8227 8.98415 0.4
      vertex 41.8716 8.96437 0
      vertex 41.8227 8.98415 0
    endloop
  endfacet
  facet normal 0.258974 0.965884 -0
    outer loop
      vertex 41.8227 8.98415 0
      vertex 41.77 8.99828 0.4
      vertex 41.8227 8.98415 0.4
    endloop
  endfacet
  facet normal 0.258974 0.965884 0
    outer loop
      vertex 41.77 8.99828 0.4
      vertex 41.8227 8.98415 0
      vertex 41.77 8.99828 0
    endloop
  endfacet
  facet normal 0.147914 0.989 -0
    outer loop
      vertex 41.77 8.99828 0
      vertex 41.7133 9.00676 0.4
      vertex 41.77 8.99828 0.4
    endloop
  endfacet
  facet normal 0.147914 0.989 0
    outer loop
      vertex 41.7133 9.00676 0.4
      vertex 41.77 8.99828 0
      vertex 41.7133 9.00676 0
    endloop
  endfacet
  facet normal 0.0464844 0.998919 -0
    outer loop
      vertex 41.7133 9.00676 0
      vertex 41.6527 9.00958 0.4
      vertex 41.7133 9.00676 0.4
    endloop
  endfacet
  facet normal 0.0464844 0.998919 0
    outer loop
      vertex 41.6527 9.00958 0.4
      vertex 41.7133 9.00676 0
      vertex 41.6527 9.00958 0
    endloop
  endfacet
  facet normal -0.0485046 0.998823 0
    outer loop
      vertex 41.6527 9.00958 0
      vertex 41.5936 9.00671 0.4
      vertex 41.6527 9.00958 0.4
    endloop
  endfacet
  facet normal -0.0485046 0.998823 0
    outer loop
      vertex 41.5936 9.00671 0.4
      vertex 41.6527 9.00958 0
      vertex 41.5936 9.00671 0
    endloop
  endfacet
  facet normal -0.153668 0.988122 0
    outer loop
      vertex 41.5936 9.00671 0
      vertex 41.5383 8.99811 0.4
      vertex 41.5936 9.00671 0.4
    endloop
  endfacet
  facet normal -0.153668 0.988122 0
    outer loop
      vertex 41.5383 8.99811 0.4
      vertex 41.5936 9.00671 0
      vertex 41.5383 8.99811 0
    endloop
  endfacet
  facet normal -0.268552 0.963265 0
    outer loop
      vertex 41.5383 8.99811 0
      vertex 41.4869 8.98378 0.4
      vertex 41.5383 8.99811 0.4
    endloop
  endfacet
  facet normal -0.268552 0.963265 0
    outer loop
      vertex 41.4869 8.98378 0.4
      vertex 41.5383 8.99811 0
      vertex 41.4869 8.98378 0
    endloop
  endfacet
  facet normal -0.38868 0.921373 0
    outer loop
      vertex 41.4869 8.98378 0
      vertex 41.4393 8.9637 0.4
      vertex 41.4869 8.98378 0.4
    endloop
  endfacet
  facet normal -0.38868 0.921373 0
    outer loop
      vertex 41.4393 8.9637 0.4
      vertex 41.4869 8.98378 0
      vertex 41.4393 8.9637 0
    endloop
  endfacet
  facet normal -0.507536 0.861631 0
    outer loop
      vertex 41.4393 8.9637 0
      vertex 41.3955 8.9379 0.4
      vertex 41.4393 8.9637 0.4
    endloop
  endfacet
  facet normal -0.507536 0.861631 0
    outer loop
      vertex 41.3955 8.9379 0.4
      vertex 41.4393 8.9637 0
      vertex 41.3955 8.9379 0
    endloop
  endfacet
  facet normal -0.619173 0.785254 0
    outer loop
      vertex 41.3955 8.9379 0
      vertex 41.3555 8.90636 0.4
      vertex 41.3955 8.9379 0.4
    endloop
  endfacet
  facet normal -0.619173 0.785254 0
    outer loop
      vertex 41.3555 8.90636 0.4
      vertex 41.3955 8.9379 0
      vertex 41.3555 8.90636 0
    endloop
  endfacet
  facet normal -0.718385 0.695646 0
    outer loop
      vertex 41.3194 8.86908 0
      vertex 41.3555 8.90636 0.4
      vertex 41.3555 8.90636 0
    endloop
  endfacet
  facet normal -0.718385 0.695646 0
    outer loop
      vertex 41.3555 8.90636 0.4
      vertex 41.3194 8.86908 0
      vertex 41.3194 8.86908 0.4
    endloop
  endfacet
  facet normal -0.799554 0.600595 0
    outer loop
      vertex 41.2871 8.82608 0
      vertex 41.3194 8.86908 0.4
      vertex 41.3194 8.86908 0
    endloop
  endfacet
  facet normal -0.799554 0.600595 0
    outer loop
      vertex 41.3194 8.86908 0.4
      vertex 41.2871 8.82608 0
      vertex 41.2871 8.82608 0.4
    endloop
  endfacet
  facet normal -0.863297 0.504697 0
    outer loop
      vertex 41.2586 8.77733 0
      vertex 41.2871 8.82608 0.4
      vertex 41.2871 8.82608 0
    endloop
  endfacet
  facet normal -0.863297 0.504697 0
    outer loop
      vertex 41.2871 8.82608 0.4
      vertex 41.2586 8.77733 0
      vertex 41.2586 8.77733 0.4
    endloop
  endfacet
  facet normal -0.910112 0.414363 0
    outer loop
      vertex 41.2335 8.7222 0
      vertex 41.2586 8.77733 0.4
      vertex 41.2586 8.77733 0
    endloop
  endfacet
  facet normal -0.910112 0.414363 0
    outer loop
      vertex 41.2586 8.77733 0.4
      vertex 41.2335 8.7222 0
      vertex 41.2335 8.7222 0.4
    endloop
  endfacet
  facet normal -0.942204 0.33504 0
    outer loop
      vertex 41.2114 8.66005 0
      vertex 41.2335 8.7222 0.4
      vertex 41.2335 8.7222 0
    endloop
  endfacet
  facet normal -0.942204 0.33504 0
    outer loop
      vertex 41.2335 8.7222 0.4
      vertex 41.2114 8.66005 0
      vertex 41.2114 8.66005 0.4
    endloop
  endfacet
  facet normal -0.963598 0.267357 0
    outer loop
      vertex 41.1922 8.59085 0
      vertex 41.2114 8.66005 0.4
      vertex 41.2114 8.66005 0
    endloop
  endfacet
  facet normal -0.963598 0.267357 0
    outer loop
      vertex 41.2114 8.66005 0.4
      vertex 41.1922 8.59085 0
      vertex 41.1922 8.59085 0.4
    endloop
  endfacet
  facet normal -0.977894 0.2091 0
    outer loop
      vertex 41.1759 8.51462 0
      vertex 41.1922 8.59085 0.4
      vertex 41.1922 8.59085 0
    endloop
  endfacet
  facet normal -0.977894 0.2091 0
    outer loop
      vertex 41.1922 8.59085 0.4
      vertex 41.1759 8.51462 0
      vertex 41.1759 8.51462 0.4
    endloop
  endfacet
  facet normal -0.987662 0.156602 0
    outer loop
      vertex 41.1627 8.43137 0
      vertex 41.1759 8.51462 0.4
      vertex 41.1759 8.51462 0
    endloop
  endfacet
  facet normal -0.987662 0.156602 0
    outer loop
      vertex 41.1759 8.51462 0.4
      vertex 41.1627 8.43137 0
      vertex 41.1627 8.43137 0.4
    endloop
  endfacet
  facet normal -0.993432 0.114428 0
    outer loop
      vertex 41.1523 8.34108 0
      vertex 41.1627 8.43137 0.4
      vertex 41.1627 8.43137 0
    endloop
  endfacet
  facet normal -0.993432 0.114428 0
    outer loop
      vertex 41.1627 8.43137 0.4
      vertex 41.1523 8.34108 0
      vertex 41.1523 8.34108 0.4
    endloop
  endfacet
  facet normal -0.9972 0.0747849 0
    outer loop
      vertex 41.145 8.24374 0
      vertex 41.1523 8.34108 0.4
      vertex 41.1523 8.34108 0
    endloop
  endfacet
  facet normal -0.9972 0.0747849 0
    outer loop
      vertex 41.1523 8.34108 0.4
      vertex 41.145 8.24374 0
      vertex 41.145 8.24374 0.4
    endloop
  endfacet
  facet normal -0.999071 0.0430841 0
    outer loop
      vertex 41.1405 8.13939 0
      vertex 41.145 8.24374 0.4
      vertex 41.145 8.24374 0
    endloop
  endfacet
  facet normal -0.999071 0.0430841 0
    outer loop
      vertex 41.145 8.24374 0.4
      vertex 41.1405 8.13939 0
      vertex 41.1405 8.13939 0.4
    endloop
  endfacet
  facet normal -0.999921 0.0125675 0
    outer loop
      vertex 41.1391 8.028 0
      vertex 41.1405 8.13939 0.4
      vertex 41.1405 8.13939 0
    endloop
  endfacet
  facet normal -0.999921 0.0125675 0
    outer loop
      vertex 41.1405 8.13939 0.4
      vertex 41.1391 8.028 0
      vertex 41.1391 8.028 0.4
    endloop
  endfacet
  facet normal -0.999903 -0.0139443 0
    outer loop
      vertex 41.1406 7.92044 0
      vertex 41.1391 8.028 0.4
      vertex 41.1391 8.028 0
    endloop
  endfacet
  facet normal -0.999903 -0.0139443 0
    outer loop
      vertex 41.1391 8.028 0.4
      vertex 41.1406 7.92044 0
      vertex 41.1406 7.92044 0.4
    endloop
  endfacet
  facet normal -0.998923 -0.0463881 0
    outer loop
      vertex 41.1453 7.81923 0
      vertex 41.1406 7.92044 0.4
      vertex 41.1406 7.92044 0
    endloop
  endfacet
  facet normal -0.998923 -0.0463881 0
    outer loop
      vertex 41.1406 7.92044 0.4
      vertex 41.1453 7.81923 0
      vertex 41.1453 7.81923 0.4
    endloop
  endfacet
  facet normal -0.996722 -0.0809061 0
    outer loop
      vertex 41.153 7.72437 0
      vertex 41.1453 7.81923 0.4
      vertex 41.1453 7.81923 0
    endloop
  endfacet
  facet normal -0.996722 -0.0809061 0
    outer loop
      vertex 41.1453 7.81923 0.4
      vertex 41.153 7.72437 0
      vertex 41.153 7.72437 0.4
    endloop
  endfacet
  facet normal -0.992634 -0.121149 0
    outer loop
      vertex 41.1638 7.63588 0
      vertex 41.153 7.72437 0.4
      vertex 41.153 7.72437 0
    endloop
  endfacet
  facet normal -0.992634 -0.121149 0
    outer loop
      vertex 41.153 7.72437 0.4
      vertex 41.1638 7.63588 0
      vertex 41.1638 7.63588 0.4
    endloop
  endfacet
  facet normal -0.985784 -0.168018 0
    outer loop
      vertex 41.1778 7.55374 0
      vertex 41.1638 7.63588 0.4
      vertex 41.1638 7.63588 0
    endloop
  endfacet
  facet normal -0.985784 -0.168018 0
    outer loop
      vertex 41.1638 7.63588 0.4
      vertex 41.1778 7.55374 0
      vertex 41.1778 7.55374 0.4
    endloop
  endfacet
  facet normal -0.975736 -0.218948 0
    outer loop
      vertex 41.1948 7.47798 0
      vertex 41.1778 7.55374 0.4
      vertex 41.1778 7.55374 0
    endloop
  endfacet
  facet normal -0.975736 -0.218948 0
    outer loop
      vertex 41.1778 7.55374 0.4
      vertex 41.1948 7.47798 0
      vertex 41.1948 7.47798 0.4
    endloop
  endfacet
  facet normal -0.960166 -0.279432 0
    outer loop
      vertex 41.215 7.40857 0
      vertex 41.1948 7.47798 0.4
      vertex 41.1948 7.47798 0
    endloop
  endfacet
  facet normal -0.960166 -0.279432 0
    outer loop
      vertex 41.1948 7.47798 0.4
      vertex 41.215 7.40857 0
      vertex 41.215 7.40857 0.4
    endloop
  endfacet
  facet normal -0.938483 -0.345326 0
    outer loop
      vertex 41.2382 7.34552 0
      vertex 41.215 7.40857 0.4
      vertex 41.215 7.40857 0
    endloop
  endfacet
  facet normal -0.938483 -0.345326 0
    outer loop
      vertex 41.215 7.40857 0.4
      vertex 41.2382 7.34552 0
      vertex 41.2382 7.34552 0.4
    endloop
  endfacet
  facet normal -0.907077 -0.420966 0
    outer loop
      vertex 41.2645 7.28885 0
      vertex 41.2382 7.34552 0.4
      vertex 41.2382 7.34552 0
    endloop
  endfacet
  facet normal -0.907077 -0.420966 0
    outer loop
      vertex 41.2382 7.34552 0.4
      vertex 41.2645 7.28885 0
      vertex 41.2645 7.28885 0.4
    endloop
  endfacet
  facet normal -0.862066 -0.506796 0
    outer loop
      vertex 41.2942 7.23833 0
      vertex 41.2645 7.28885 0.4
      vertex 41.2645 7.28885 0
    endloop
  endfacet
  facet normal -0.862066 -0.506796 0
    outer loop
      vertex 41.2645 7.28885 0.4
      vertex 41.2942 7.23833 0
      vertex 41.2942 7.23833 0.4
    endloop
  endfacet
  facet normal -0.802089 -0.597205 0
    outer loop
      vertex 41.3274 7.19374 0
      vertex 41.2942 7.23833 0.4
      vertex 41.2942 7.23833 0
    endloop
  endfacet
  facet normal -0.802089 -0.597205 0
    outer loop
      vertex 41.2942 7.23833 0.4
      vertex 41.3274 7.19374 0
      vertex 41.3274 7.19374 0.4
    endloop
  endfacet
  facet normal -0.724049 -0.689749 0
    outer loop
      vertex 41.3642 7.15511 0
      vertex 41.3274 7.19374 0.4
      vertex 41.3274 7.19374 0
    endloop
  endfacet
  facet normal -0.724049 -0.689749 0
    outer loop
      vertex 41.3274 7.19374 0.4
      vertex 41.3642 7.15511 0
      vertex 41.3642 7.15511 0.4
    endloop
  endfacet
  facet normal -0.629968 -0.776621 0
    outer loop
      vertex 41.3642 7.15511 0
      vertex 41.4045 7.12242 0.4
      vertex 41.3642 7.15511 0.4
    endloop
  endfacet
  facet normal -0.629968 -0.776621 -0
    outer loop
      vertex 41.4045 7.12242 0.4
      vertex 41.3642 7.15511 0
      vertex 41.4045 7.12242 0
    endloop
  endfacet
  facet normal -0.520348 -0.853954 0
    outer loop
      vertex 41.4045 7.12242 0
      vertex 41.4484 7.09567 0.4
      vertex 41.4045 7.12242 0.4
    endloop
  endfacet
  facet normal -0.520348 -0.853954 -0
    outer loop
      vertex 41.4484 7.09567 0.4
      vertex 41.4045 7.12242 0
      vertex 41.4484 7.09567 0
    endloop
  endfacet
  facet normal -0.401832 -0.915713 0
    outer loop
      vertex 41.4484 7.09567 0
      vertex 41.4958 7.07487 0.4
      vertex 41.4484 7.09567 0.4
    endloop
  endfacet
  facet normal -0.401832 -0.915713 -0
    outer loop
      vertex 41.4958 7.07487 0.4
      vertex 41.4484 7.09567 0
      vertex 41.4958 7.07487 0
    endloop
  endfacet
  facet normal -0.27974 -0.960076 0
    outer loop
      vertex 41.4958 7.07487 0
      vertex 41.5468 7.06001 0.4
      vertex 41.4958 7.07487 0.4
    endloop
  endfacet
  facet normal -0.27974 -0.960076 -0
    outer loop
      vertex 41.5468 7.06001 0.4
      vertex 41.4958 7.07487 0
      vertex 41.5468 7.06001 0
    endloop
  endfacet
  facet normal -0.161233 -0.986916 0
    outer loop
      vertex 41.5468 7.06001 0
      vertex 41.6014 7.05109 0.4
      vertex 41.5468 7.06001 0.4
    endloop
  endfacet
  facet normal -0.161233 -0.986916 -0
    outer loop
      vertex 41.6014 7.05109 0.4
      vertex 41.5468 7.06001 0
      vertex 41.6014 7.05109 0
    endloop
  endfacet
  facet normal -0.0508807 -0.998705 0
    outer loop
      vertex 41.6014 7.05109 0
      vertex 41.6595 7.04813 0.4
      vertex 41.6014 7.05109 0.4
    endloop
  endfacet
  facet normal -0.0508807 -0.998705 -0
    outer loop
      vertex 41.6595 7.04813 0.4
      vertex 41.6014 7.05109 0
      vertex 41.6595 7.04813 0
    endloop
  endfacet
  facet normal 0.0495119 -0.998774 0
    outer loop
      vertex 41.6595 7.04813 0
      vertex 41.718 7.05103 0.4
      vertex 41.6595 7.04813 0.4
    endloop
  endfacet
  facet normal 0.0495119 -0.998774 0
    outer loop
      vertex 41.718 7.05103 0.4
      vertex 41.6595 7.04813 0
      vertex 41.718 7.05103 0
    endloop
  endfacet
  facet normal 0.96414 0.265393 0
    outer loop
      vertex 50.284 7.16322 0.4
      vertex 50.2028 7.45821 0
      vertex 50.2028 7.45821 0.4
    endloop
  endfacet
  facet normal 0.96414 0.265393 0
    outer loop
      vertex 50.2028 7.45821 0
      vertex 50.284 7.16322 0.4
      vertex 50.284 7.16322 0
    endloop
  endfacet
  facet normal 0.96428 0.264884 0
    outer loop
      vertex 50.2028 7.45821 0.4
      vertex 50.1315 7.71777 0
      vertex 50.1315 7.71777 0.4
    endloop
  endfacet
  facet normal 0.96428 0.264884 0
    outer loop
      vertex 50.1315 7.71777 0
      vertex 50.2028 7.45821 0.4
      vertex 50.2028 7.45821 0
    endloop
  endfacet
  facet normal 0.964476 0.264169 0
    outer loop
      vertex 50.1315 7.71777 0.4
      vertex 50.0701 7.94194 0
      vertex 50.0701 7.94194 0.4
    endloop
  endfacet
  facet normal 0.964476 0.264169 0
    outer loop
      vertex 50.0701 7.94194 0
      vertex 50.1315 7.71777 0.4
      vertex 50.1315 7.71777 0
    endloop
  endfacet
  facet normal 0.964853 0.262789 0
    outer loop
      vertex 50.0701 7.94194 0.4
      vertex 50.0187 8.13066 0
      vertex 50.0187 8.13066 0.4
    endloop
  endfacet
  facet normal 0.964853 0.262789 0
    outer loop
      vertex 50.0187 8.13066 0
      vertex 50.0701 7.94194 0.4
      vertex 50.0701 7.94194 0
    endloop
  endfacet
  facet normal 0.965273 0.261242 0
    outer loop
      vertex 50.0187 8.13066 0.4
      vertex 49.9772 8.284 0
      vertex 49.9772 8.284 0.4
    endloop
  endfacet
  facet normal 0.965273 0.261242 0
    outer loop
      vertex 49.9772 8.284 0
      vertex 50.0187 8.13066 0.4
      vertex 50.0187 8.13066 0
    endloop
  endfacet
  facet normal 0.965919 0.258845 0
    outer loop
      vertex 49.9772 8.284 0.4
      vertex 49.9456 8.40192 0
      vertex 49.9456 8.40192 0.4
    endloop
  endfacet
  facet normal 0.965919 0.258845 0
    outer loop
      vertex 49.9456 8.40192 0
      vertex 49.9772 8.284 0.4
      vertex 49.9772 8.284 0
    endloop
  endfacet
  facet normal 0.967393 0.253281 0
    outer loop
      vertex 49.9456 8.40192 0.4
      vertex 49.924 8.48442 0
      vertex 49.924 8.48442 0.4
    endloop
  endfacet
  facet normal 0.967393 0.253281 0
    outer loop
      vertex 49.924 8.48442 0
      vertex 49.9456 8.40192 0.4
      vertex 49.9456 8.40192 0
    endloop
  endfacet
  facet normal 0.970009 0.243069 0
    outer loop
      vertex 49.924 8.48442 0.4
      vertex 49.9122 8.53151 0
      vertex 49.9122 8.53151 0.4
    endloop
  endfacet
  facet normal 0.970009 0.243069 0
    outer loop
      vertex 49.9122 8.53151 0
      vertex 49.924 8.48442 0.4
      vertex 49.924 8.48442 0
    endloop
  endfacet
  facet normal 0.974722 0.223423 0
    outer loop
      vertex 49.9122 8.53151 0.4
      vertex 49.898 8.59346 0
      vertex 49.898 8.59346 0.4
    endloop
  endfacet
  facet normal 0.974722 0.223423 0
    outer loop
      vertex 49.898 8.59346 0
      vertex 49.9122 8.53151 0.4
      vertex 49.9122 8.53151 0
    endloop
  endfacet
  facet normal 0.974996 0.222224 0
    outer loop
      vertex 49.898 8.59346 0.4
      vertex 49.8741 8.69832 0
      vertex 49.8741 8.69832 0.4
    endloop
  endfacet
  facet normal 0.974996 0.222224 0
    outer loop
      vertex 49.8741 8.69832 0
      vertex 49.898 8.59346 0.4
      vertex 49.898 8.59346 0
    endloop
  endfacet
  facet normal 0.975659 0.219292 0
    outer loop
      vertex 49.8741 8.69832 0.4
      vertex 49.8566 8.77618 0
      vertex 49.8566 8.77618 0.4
    endloop
  endfacet
  facet normal 0.975659 0.219292 0
    outer loop
      vertex 49.8566 8.77618 0
      vertex 49.8741 8.69832 0.4
      vertex 49.8741 8.69832 0
    endloop
  endfacet
  facet normal 0.975484 0.220069 0
    outer loop
      vertex 49.8566 8.77618 0.4
      vertex 49.8376 8.8604 0
      vertex 49.8376 8.8604 0.4
    endloop
  endfacet
  facet normal 0.975484 0.220069 0
    outer loop
      vertex 49.8376 8.8604 0
      vertex 49.8566 8.77618 0.4
      vertex 49.8566 8.77618 0
    endloop
  endfacet
  facet normal -0.978111 0.208082 0
    outer loop
      vertex 49.8208 8.78143 0
      vertex 49.8376 8.8604 0.4
      vertex 49.8376 8.8604 0
    endloop
  endfacet
  facet normal -0.978111 0.208082 0
    outer loop
      vertex 49.8376 8.8604 0.4
      vertex 49.8208 8.78143 0
      vertex 49.8208 8.78143 0.4
    endloop
  endfacet
  facet normal -0.977062 0.212955 0
    outer loop
      vertex 49.8048 8.70802 0
      vertex 49.8208 8.78143 0.4
      vertex 49.8208 8.78143 0
    endloop
  endfacet
  facet normal -0.977062 0.212955 0
    outer loop
      vertex 49.8208 8.78143 0.4
      vertex 49.8048 8.70802 0
      vertex 49.8048 8.70802 0.4
    endloop
  endfacet
  facet normal -0.976403 0.215955 0
    outer loop
      vertex 49.7898 8.6402 0
      vertex 49.8048 8.70802 0.4
      vertex 49.8048 8.70802 0
    endloop
  endfacet
  facet normal -0.976403 0.215955 0
    outer loop
      vertex 49.8048 8.70802 0.4
      vertex 49.7898 8.6402 0
      vertex 49.7898 8.6402 0.4
    endloop
  endfacet
  facet normal -0.975309 0.220843 0
    outer loop
      vertex 49.7757 8.57793 0
      vertex 49.7898 8.6402 0.4
      vertex 49.7898 8.6402 0
    endloop
  endfacet
  facet normal -0.975309 0.220843 0
    outer loop
      vertex 49.7898 8.6402 0.4
      vertex 49.7757 8.57793 0
      vertex 49.7757 8.57793 0.4
    endloop
  endfacet
  facet normal -0.973964 0.226703 0
    outer loop
      vertex 49.7625 8.52122 0
      vertex 49.7757 8.57793 0.4
      vertex 49.7757 8.57793 0
    endloop
  endfacet
  facet normal -0.973964 0.226703 0
    outer loop
      vertex 49.7757 8.57793 0.4
      vertex 49.7625 8.52122 0
      vertex 49.7625 8.52122 0.4
    endloop
  endfacet
  facet normal -0.972263 0.233891 0
    outer loop
      vertex 49.7502 8.47009 0
      vertex 49.7625 8.52122 0.4
      vertex 49.7625 8.52122 0
    endloop
  endfacet
  facet normal -0.972263 0.233891 0
    outer loop
      vertex 49.7625 8.52122 0.4
      vertex 49.7502 8.47009 0
      vertex 49.7502 8.47009 0.4
    endloop
  endfacet
  facet normal -0.970592 0.240731 0
    outer loop
      vertex 49.7389 8.42453 0
      vertex 49.7502 8.47009 0.4
      vertex 49.7502 8.47009 0
    endloop
  endfacet
  facet normal -0.970592 0.240731 0
    outer loop
      vertex 49.7502 8.47009 0.4
      vertex 49.7389 8.42453 0
      vertex 49.7389 8.42453 0.4
    endloop
  endfacet
  facet normal -0.967807 0.251693 0
    outer loop
      vertex 49.7285 8.38454 0
      vertex 49.7389 8.42453 0.4
      vertex 49.7389 8.42453 0
    endloop
  endfacet
  facet normal -0.967807 0.251693 0
    outer loop
      vertex 49.7389 8.42453 0.4
      vertex 49.7285 8.38454 0
      vertex 49.7285 8.38454 0.4
    endloop
  endfacet
  facet normal -0.963998 0.265911 0
    outer loop
      vertex 49.719 8.3501 0
      vertex 49.7285 8.38454 0.4
      vertex 49.7285 8.38454 0
    endloop
  endfacet
  facet normal -0.963998 0.265911 0
    outer loop
      vertex 49.7285 8.38454 0.4
      vertex 49.719 8.3501 0
      vertex 49.719 8.3501 0.4
    endloop
  endfacet
  facet normal -0.964781 0.263056 0
    outer loop
      vertex 49.3053 6.83282 0
      vertex 49.719 8.3501 0.4
      vertex 49.719 8.3501 0
    endloop
  endfacet
  facet normal -0.964781 0.263056 0
    outer loop
      vertex 49.719 8.3501 0.4
      vertex 49.3053 6.83282 0
      vertex 49.3053 6.83282 0.4
    endloop
  endfacet
  facet normal 0 1 -0
    outer loop
      vertex 49.3053 6.83282 0
      vertex 48.9188 6.83282 0.4
      vertex 49.3053 6.83282 0.4
    endloop
  endfacet
  facet normal 0 1 0
    outer loop
      vertex 48.9188 6.83282 0.4
      vertex 49.3053 6.83282 0
      vertex 48.9188 6.83282 0
    endloop
  endfacet
  facet normal 0.959252 0.282552 0
    outer loop
      vertex 48.9188 6.83282 0.4
      vertex 48.2152 9.22151 0
      vertex 48.2152 9.22151 0.4
    endloop
  endfacet
  facet normal 0.959252 0.282552 0
    outer loop
      vertex 48.2152 9.22151 0
      vertex 48.9188 6.83282 0.4
      vertex 48.9188 6.83282 0
    endloop
  endfacet
  facet normal 0 -1 0
    outer loop
      vertex 48.2152 9.22151 0
      vertex 48.5526 9.22151 0.4
      vertex 48.2152 9.22151 0.4
    endloop
  endfacet
  facet normal 0 -1 -0
    outer loop
      vertex 48.5526 9.22151 0.4
      vertex 48.2152 9.22151 0
      vertex 48.5526 9.22151 0
    endloop
  endfacet
  facet normal -0.96324 -0.268643 0
    outer loop
      vertex 48.6469 8.88339 0
      vertex 48.5526 9.22151 0.4
      vertex 48.5526 9.22151 0
    endloop
  endfacet
  facet normal -0.96324 -0.268643 0
    outer loop
      vertex 48.5526 9.22151 0.4
      vertex 48.6469 8.88339 0
      vertex 48.6469 8.88339 0.4
    endloop
  endfacet
  facet normal -0.963403 -0.268056 0
    outer loop
      vertex 48.7308 8.58185 0
      vertex 48.6469 8.88339 0.4
      vertex 48.6469 8.88339 0
    endloop
  endfacet
  facet normal -0.963403 -0.268056 0
    outer loop
      vertex 48.6469 8.88339 0.4
      vertex 48.7308 8.58185 0
      vertex 48.7308 8.58185 0.4
    endloop
  endfacet
  facet normal -0.963526 -0.267616 0
    outer loop
      vertex 48.8044 8.31686 0
      vertex 48.7308 8.58185 0.4
      vertex 48.7308 8.58185 0
    endloop
  endfacet
  facet normal -0.963526 -0.267616 0
    outer loop
      vertex 48.7308 8.58185 0.4
      vertex 48.8044 8.31686 0
      vertex 48.8044 8.31686 0.4
    endloop
  endfacet
  facet normal -0.963681 -0.267056 0
    outer loop
      vertex 48.8677 8.08844 0
      vertex 48.8044 8.31686 0.4
      vertex 48.8044 8.31686 0
    endloop
  endfacet
  facet normal -0.963681 -0.267056 0
    outer loop
      vertex 48.8044 8.31686 0.4
      vertex 48.8677 8.08844 0
      vertex 48.8677 8.08844 0.4
    endloop
  endfacet
  facet normal -0.964017 -0.265842 0
    outer loop
      vertex 48.9206 7.89661 0
      vertex 48.8677 8.08844 0.4
      vertex 48.8677 8.08844 0
    endloop
  endfacet
  facet normal -0.964017 -0.265842 0
    outer loop
      vertex 48.8677 8.08844 0.4
      vertex 48.9206 7.89661 0
      vertex 48.9206 7.89661 0.4
    endloop
  endfacet
  facet normal -0.96438 -0.26452 0
    outer loop
      vertex 48.9632 7.7413 0
      vertex 48.9206 7.89661 0.4
      vertex 48.9206 7.89661 0
    endloop
  endfacet
  facet normal -0.96438 -0.26452 0
    outer loop
      vertex 48.9206 7.89661 0.4
      vertex 48.9632 7.7413 0
      vertex 48.9632 7.7413 0.4
    endloop
  endfacet
  facet normal -0.964919 -0.262546 0
    outer loop
      vertex 48.9955 7.62259 0
      vertex 48.9632 7.7413 0.4
      vertex 48.9632 7.7413 0
    endloop
  endfacet
  facet normal -0.964919 -0.262546 0
    outer loop
      vertex 48.9632 7.7413 0.4
      vertex 48.9955 7.62259 0
      vertex 48.9955 7.62259 0.4
    endloop
  endfacet
  facet normal -0.96627 -0.257531 0
    outer loop
      vertex 49.0174 7.54042 0
      vertex 48.9955 7.62259 0.4
      vertex 48.9955 7.62259 0
    endloop
  endfacet
  facet normal -0.96627 -0.257531 0
    outer loop
      vertex 48.9955 7.62259 0.4
      vertex 49.0174 7.54042 0
      vertex 49.0174 7.54042 0.4
    endloop
  endfacet
  facet normal -0.969121 -0.246585 0
    outer loop
      vertex 49.029 7.49483 0
      vertex 49.0174 7.54042 0.4
      vertex 49.0174 7.54042 0
    endloop
  endfacet
  facet normal -0.969121 -0.246585 0
    outer loop
      vertex 49.0174 7.54042 0.4
      vertex 49.029 7.49483 0
      vertex 49.029 7.49483 0.4
    endloop
  endfacet
  facet normal -0.973547 -0.228486 0
    outer loop
      vertex 49.1036 7.17697 0
      vertex 49.029 7.49483 0.4
      vertex 49.029 7.49483 0
    endloop
  endfacet
  facet normal -0.973547 -0.228486 0
    outer loop
      vertex 49.029 7.49483 0.4
      vertex 49.1036 7.17697 0
      vertex 49.1036 7.17697 0.4
    endloop
  endfacet
  facet normal -0.968704 -0.248218 0
    outer loop
      vertex 49.1188 7.11765 0
      vertex 49.1036 7.17697 0.4
      vertex 49.1036 7.17697 0
    endloop
  endfacet
  facet normal -0.968704 -0.248218 0
    outer loop
      vertex 49.1036 7.17697 0.4
      vertex 49.1188 7.11765 0
      vertex 49.1188 7.11765 0.4
    endloop
  endfacet
  facet normal 0.97683 -0.214016 0
    outer loop
      vertex 49.1188 7.11765 0.4
      vertex 49.1314 7.17516 0
      vertex 49.1314 7.17516 0.4
    endloop
  endfacet
  facet normal 0.97683 -0.214016 0
    outer loop
      vertex 49.1314 7.17516 0
      vertex 49.1188 7.11765 0.4
      vertex 49.1188 7.11765 0
    endloop
  endfacet
  facet normal 0.975828 -0.218541 0
    outer loop
      vertex 49.1314 7.17516 0.4
      vertex 49.1449 7.23544 0
      vertex 49.1449 7.23544 0.4
    endloop
  endfacet
  facet normal 0.975828 -0.218541 0
    outer loop
      vertex 49.1449 7.23544 0
      vertex 49.1314 7.17516 0.4
      vertex 49.1314 7.17516 0
    endloop
  endfacet
  facet normal 0.974214 -0.225627 0
    outer loop
      vertex 49.1449 7.23544 0.4
      vertex 49.1595 7.29848 0
      vertex 49.1595 7.29848 0.4
    endloop
  endfacet
  facet normal 0.974214 -0.225627 0
    outer loop
      vertex 49.1595 7.29848 0
      vertex 49.1449 7.23544 0.4
      vertex 49.1449 7.23544 0
    endloop
  endfacet
  facet normal 0.97302 -0.230721 0
    outer loop
      vertex 49.1595 7.29848 0.4
      vertex 49.1751 7.36427 0
      vertex 49.1751 7.36427 0.4
    endloop
  endfacet
  facet normal 0.97302 -0.230721 0
    outer loop
      vertex 49.1751 7.36427 0
      vertex 49.1595 7.29848 0.4
      vertex 49.1595 7.29848 0
    endloop
  endfacet
  facet normal 0.971933 -0.235259 0
    outer loop
      vertex 49.1751 7.36427 0.4
      vertex 49.1917 7.43285 0
      vertex 49.1917 7.43285 0.4
    endloop
  endfacet
  facet normal 0.971933 -0.235259 0
    outer loop
      vertex 49.1917 7.43285 0
      vertex 49.1751 7.36427 0.4
      vertex 49.1751 7.36427 0
    endloop
  endfacet
  facet normal 0.971191 -0.238304 0
    outer loop
      vertex 49.1917 7.43285 0.4
      vertex 49.2092 7.50417 0
      vertex 49.2092 7.50417 0.4
    endloop
  endfacet
  facet normal 0.971191 -0.238304 0
    outer loop
      vertex 49.2092 7.50417 0
      vertex 49.1917 7.43285 0.4
      vertex 49.1917 7.43285 0
    endloop
  endfacet
  facet normal 0.969903 -0.24349 0
    outer loop
      vertex 49.2092 7.50417 0.4
      vertex 49.2278 7.57826 0
      vertex 49.2278 7.57826 0.4
    endloop
  endfacet
  facet normal 0.969903 -0.24349 0
    outer loop
      vertex 49.2278 7.57826 0
      vertex 49.2092 7.50417 0.4
      vertex 49.2092 7.50417 0
    endloop
  endfacet
  facet normal 0.968982 -0.247131 0
    outer loop
      vertex 49.2278 7.57826 0.4
      vertex 49.2474 7.65511 0
      vertex 49.2474 7.65511 0.4
    endloop
  endfacet
  facet normal 0.968982 -0.247131 0
    outer loop
      vertex 49.2474 7.65511 0
      vertex 49.2278 7.57826 0.4
      vertex 49.2278 7.57826 0
    endloop
  endfacet
  facet normal 0.968121 -0.250481 0
    outer loop
      vertex 49.2474 7.65511 0.4
      vertex 49.268 7.73473 0
      vertex 49.268 7.73473 0.4
    endloop
  endfacet
  facet normal 0.968121 -0.250481 0
    outer loop
      vertex 49.268 7.73473 0
      vertex 49.2474 7.65511 0.4
      vertex 49.2474 7.65511 0
    endloop
  endfacet
  facet normal 0.963115 -0.26909 0
    outer loop
      vertex 49.268 7.73473 0.4
      vertex 49.6834 9.22151 0
      vertex 49.6834 9.22151 0.4
    endloop
  endfacet
  facet normal 0.963115 -0.26909 0
    outer loop
      vertex 49.6834 9.22151 0
      vertex 49.268 7.73473 0.4
      vertex 49.268 7.73473 0
    endloop
  endfacet
  facet normal 0 -1 0
    outer loop
      vertex 49.6834 9.22151 0
      vertex 49.9936 9.22151 0.4
      vertex 49.6834 9.22151 0.4
    endloop
  endfacet
  facet normal 0 -1 -0
    outer loop
      vertex 49.9936 9.22151 0.4
      vertex 49.6834 9.22151 0
      vertex 49.9936 9.22151 0
    endloop
  endfacet
  facet normal -0.962434 -0.271516 0
    outer loop
      vertex 50.0818 8.90887 0
      vertex 49.9936 9.22151 0.4
      vertex 49.9936 9.22151 0
    endloop
  endfacet
  facet normal -0.962434 -0.271516 0
    outer loop
      vertex 49.9936 9.22151 0.4
      vertex 50.0818 8.90887 0
      vertex 50.0818 8.90887 0.4
    endloop
  endfacet
  facet normal -0.962653 -0.270737 0
    outer loop
      vertex 50.161 8.62726 0
      vertex 50.0818 8.90887 0.4
      vertex 50.0818 8.90887 0
    endloop
  endfacet
  facet normal -0.962653 -0.270737 0
    outer loop
      vertex 50.0818 8.90887 0.4
      vertex 50.161 8.62726 0
      vertex 50.161 8.62726 0.4
    endloop
  endfacet
  facet normal -0.962932 -0.269744 0
    outer loop
      vertex 50.2312 8.37666 0
      vertex 50.161 8.62726 0.4
      vertex 50.161 8.62726 0
    endloop
  endfacet
  facet normal -0.962932 -0.269744 0
    outer loop
      vertex 50.161 8.62726 0.4
      vertex 50.2312 8.37666 0
      vertex 50.2312 8.37666 0.4
    endloop
  endfacet
  facet normal -0.963168 -0.268899 0
    outer loop
      vertex 50.2925 8.15709 0
      vertex 50.2312 8.37666 0.4
      vertex 50.2312 8.37666 0
    endloop
  endfacet
  facet normal -0.963168 -0.268899 0
    outer loop
      vertex 50.2312 8.37666 0.4
      vertex 50.2925 8.15709 0
      vertex 50.2925 8.15709 0.4
    endloop
  endfacet
  facet normal -0.963613 -0.267301 0
    outer loop
      vertex 50.3448 7.96855 0
      vertex 50.2925 8.15709 0.4
      vertex 50.2925 8.15709 0
    endloop
  endfacet
  facet normal -0.963613 -0.267301 0
    outer loop
      vertex 50.2925 8.15709 0.4
      vertex 50.3448 7.96855 0
      vertex 50.3448 7.96855 0.4
    endloop
  endfacet
  facet normal -0.964403 -0.264438 0
    outer loop
      vertex 50.388 7.811 0
      vertex 50.3448 7.96855 0.4
      vertex 50.3448 7.96855 0
    endloop
  endfacet
  facet normal -0.964403 -0.264438 0
    outer loop
      vertex 50.3448 7.96855 0.4
      vertex 50.388 7.811 0
      vertex 50.388 7.811 0.4
    endloop
  endfacet
  facet normal -0.964962 -0.262388 0
    outer loop
      vertex 50.4224 7.68449 0
      vertex 50.388 7.811 0.4
      vertex 50.388 7.811 0
    endloop
  endfacet
  facet normal -0.964962 -0.262388 0
    outer loop
      vertex 50.388 7.811 0.4
      vertex 50.4224 7.68449 0
      vertex 50.4224 7.68449 0.4
    endloop
  endfacet
  facet normal -0.966654 -0.256087 0
    outer loop
      vertex 50.4477 7.58899 0
      vertex 50.4224 7.68449 0.4
      vertex 50.4224 7.68449 0
    endloop
  endfacet
  facet normal -0.966654 -0.256087 0
    outer loop
      vertex 50.4224 7.68449 0.4
      vertex 50.4477 7.58899 0
      vertex 50.4477 7.58899 0.4
    endloop
  endfacet
  facet normal -0.969162 -0.246423 0
    outer loop
      vertex 50.4641 7.52449 0
      vertex 50.4477 7.58899 0.4
      vertex 50.4477 7.58899 0
    endloop
  endfacet
  facet normal -0.969162 -0.246423 0
    outer loop
      vertex 50.4477 7.58899 0.4
      vertex 50.4641 7.52449 0
      vertex 50.4641 7.52449 0.4
    endloop
  endfacet
  facet normal -0.972169 -0.234282 0
    outer loop
      vertex 50.4758 7.47594 0
      vertex 50.4641 7.52449 0.4
      vertex 50.4641 7.52449 0
    endloop
  endfacet
  facet normal -0.972169 -0.234282 0
    outer loop
      vertex 50.4641 7.52449 0.4
      vertex 50.4758 7.47594 0
      vertex 50.4758 7.47594 0.4
    endloop
  endfacet
  facet normal -0.972631 -0.232355 0
    outer loop
      vertex 50.4872 7.42822 0
      vertex 50.4758 7.47594 0.4
      vertex 50.4758 7.47594 0
    endloop
  endfacet
  facet normal -0.972631 -0.232355 0
    outer loop
      vertex 50.4758 7.47594 0.4
      vertex 50.4872 7.42822 0
      vertex 50.4872 7.42822 0.4
    endloop
  endfacet
  facet normal -0.973548 -0.228484 0
    outer loop
      vertex 50.4982 7.38135 0
      vertex 50.4872 7.42822 0.4
      vertex 50.4872 7.42822 0
    endloop
  endfacet
  facet normal -0.973548 -0.228484 0
    outer loop
      vertex 50.4872 7.42822 0.4
      vertex 50.4982 7.38135 0
      vertex 50.4982 7.38135 0.4
    endloop
  endfacet
  facet normal -0.973583 -0.228332 0
    outer loop
      vertex 50.509 7.3353 0
      vertex 50.4982 7.38135 0.4
      vertex 50.4982 7.38135 0
    endloop
  endfacet
  facet normal -0.973583 -0.228332 0
    outer loop
      vertex 50.4982 7.38135 0.4
      vertex 50.509 7.3353 0
      vertex 50.509 7.3353 0.4
    endloop
  endfacet
  facet normal -0.974063 -0.226276 0
    outer loop
      vertex 50.5195 7.2901 0
      vertex 50.509 7.3353 0.4
      vertex 50.509 7.3353 0
    endloop
  endfacet
  facet normal -0.974063 -0.226276 0
    outer loop
      vertex 50.509 7.3353 0.4
      vertex 50.5195 7.2901 0
      vertex 50.5195 7.2901 0.4
    endloop
  endfacet
  facet normal -0.975057 -0.221954 0
    outer loop
      vertex 50.5296 7.24573 0
      vertex 50.5195 7.2901 0.4
      vertex 50.5195 7.2901 0
    endloop
  endfacet
  facet normal -0.975057 -0.221954 0
    outer loop
      vertex 50.5195 7.2901 0.4
      vertex 50.5296 7.24573 0
      vertex 50.5296 7.24573 0.4
    endloop
  endfacet
  facet normal -0.975593 -0.219587 0
    outer loop
      vertex 50.5394 7.20219 0
      vertex 50.5296 7.24573 0.4
      vertex 50.5296 7.24573 0
    endloop
  endfacet
  facet normal -0.975593 -0.219587 0
    outer loop
      vertex 50.5296 7.24573 0.4
      vertex 50.5394 7.20219 0
      vertex 50.5394 7.20219 0.4
    endloop
  endfacet
  facet normal -0.975635 -0.219398 0
    outer loop
      vertex 50.549 7.1595 0
      vertex 50.5394 7.20219 0.4
      vertex 50.5394 7.20219 0
    endloop
  endfacet
  facet normal -0.975635 -0.219398 0
    outer loop
      vertex 50.5394 7.20219 0.4
      vertex 50.549 7.1595 0
      vertex 50.549 7.1595 0.4
    endloop
  endfacet
  facet normal -0.976679 -0.214706 0
    outer loop
      vertex 50.5582 7.11765 0
      vertex 50.549 7.1595 0.4
      vertex 50.549 7.1595 0
    endloop
  endfacet
  facet normal -0.976679 -0.214706 0
    outer loop
      vertex 50.549 7.1595 0.4
      vertex 50.5582 7.11765 0
      vertex 50.5582 7.11765 0.4
    endloop
  endfacet
  facet normal 0.977571 -0.210608 0
    outer loop
      vertex 50.5582 7.11765 0.4
      vertex 50.5726 7.18449 0
      vertex 50.5726 7.18449 0.4
    endloop
  endfacet
  facet normal 0.977571 -0.210608 0
    outer loop
      vertex 50.5726 7.18449 0
      vertex 50.5582 7.11765 0.4
      vertex 50.5582 7.11765 0
    endloop
  endfacet
  facet normal 0.976069 -0.217459 0
    outer loop
      vertex 50.5726 7.18449 0.4
      vertex 50.5874 7.25092 0
      vertex 50.5874 7.25092 0.4
    endloop
  endfacet
  facet normal 0.976069 -0.217459 0
    outer loop
      vertex 50.5874 7.25092 0
      vertex 50.5726 7.18449 0.4
      vertex 50.5726 7.18449 0
    endloop
  endfacet
  facet normal 0.97514 -0.221589 0
    outer loop
      vertex 50.5874 7.25092 0.4
      vertex 50.6024 7.31693 0
      vertex 50.6024 7.31693 0.4
    endloop
  endfacet
  facet normal 0.97514 -0.221589 0
    outer loop
      vertex 50.6024 7.31693 0
      vertex 50.5874 7.25092 0.4
      vertex 50.5874 7.25092 0
    endloop
  endfacet
  facet normal 0.973526 -0.228576 0
    outer loop
      vertex 50.6024 7.31693 0.4
      vertex 50.6178 7.38252 0
      vertex 50.6178 7.38252 0.4
    endloop
  endfacet
  facet normal 0.973526 -0.228576 0
    outer loop
      vertex 50.6178 7.38252 0
      vertex 50.6024 7.31693 0.4
      vertex 50.6024 7.31693 0
    endloop
  endfacet
  facet normal 0.972525 -0.232797 0
    outer loop
      vertex 50.6178 7.38252 0.4
      vertex 50.6334 7.44769 0
      vertex 50.6334 7.44769 0.4
    endloop
  endfacet
  facet normal 0.972525 -0.232797 0
    outer loop
      vertex 50.6334 7.44769 0
      vertex 50.6178 7.38252 0.4
      vertex 50.6178 7.38252 0
    endloop
  endfacet
  facet normal 0.971157 -0.23844 0
    outer loop
      vertex 50.6334 7.44769 0.4
      vertex 50.6493 7.51245 0
      vertex 50.6493 7.51245 0.4
    endloop
  endfacet
  facet normal 0.971157 -0.23844 0
    outer loop
      vertex 50.6493 7.51245 0
      vertex 50.6334 7.44769 0.4
      vertex 50.6334 7.44769 0
    endloop
  endfacet
  facet normal 0.969742 -0.244131 0
    outer loop
      vertex 50.6493 7.51245 0.4
      vertex 50.6655 7.5768 0
      vertex 50.6655 7.5768 0.4
    endloop
  endfacet
  facet normal 0.969742 -0.244131 0
    outer loop
      vertex 50.6655 7.5768 0
      vertex 50.6493 7.51245 0.4
      vertex 50.6493 7.51245 0
    endloop
  endfacet
  facet normal 0.967893 -0.251362 0
    outer loop
      vertex 50.6655 7.5768 0.4
      vertex 50.6821 7.64072 0
      vertex 50.6821 7.64072 0.4
    endloop
  endfacet
  facet normal 0.967893 -0.251362 0
    outer loop
      vertex 50.6821 7.64072 0
      vertex 50.6655 7.5768 0.4
      vertex 50.6655 7.5768 0
    endloop
  endfacet
  facet normal 0.966738 -0.255767 0
    outer loop
      vertex 50.6821 7.64072 0.4
      vertex 50.6989 7.70422 0
      vertex 50.6989 7.70422 0.4
    endloop
  endfacet
  facet normal 0.966738 -0.255767 0
    outer loop
      vertex 50.6989 7.70422 0
      vertex 50.6821 7.64072 0.4
      vertex 50.6821 7.64072 0
    endloop
  endfacet
  facet normal 0.962293 -0.272016 0
    outer loop
      vertex 50.6989 7.70422 0.4
      vertex 51.1278 9.22151 0
      vertex 51.1278 9.22151 0.4
    endloop
  endfacet
  facet normal 0.962293 -0.272016 0
    outer loop
      vertex 51.1278 9.22151 0
      vertex 50.6989 7.70422 0.4
      vertex 50.6989 7.70422 0
    endloop
  endfacet
  facet normal 0 -1 0
    outer loop
      vertex 51.1278 9.22151 0
      vertex 51.4651 9.22151 0.4
      vertex 51.1278 9.22151 0.4
    endloop
  endfacet
  facet normal 0 -1 -0
    outer loop
      vertex 51.4651 9.22151 0.4
      vertex 51.1278 9.22151 0
      vertex 51.4651 9.22151 0
    endloop
  endfacet
  facet normal -0.959263 0.282515 0
    outer loop
      vertex 50.7616 6.83282 0
      vertex 51.4651 9.22151 0.4
      vertex 51.4651 9.22151 0
    endloop
  endfacet
  facet normal -0.959263 0.282515 0
    outer loop
      vertex 51.4651 9.22151 0.4
      vertex 50.7616 6.83282 0
      vertex 50.7616 6.83282 0.4
    endloop
  endfacet
  facet normal 0 1 -0
    outer loop
      vertex 50.7616 6.83282 0
      vertex 50.375 6.83282 0.4
      vertex 50.7616 6.83282 0.4
    endloop
  endfacet
  facet normal 0 1 0
    outer loop
      vertex 50.375 6.83282 0.4
      vertex 50.7616 6.83282 0
      vertex 50.375 6.83282 0
    endloop
  endfacet
  facet normal 0.964101 0.265536 0
    outer loop
      vertex 50.375 6.83282 0.4
      vertex 50.284 7.16322 0
      vertex 50.284 7.16322 0.4
    endloop
  endfacet
  facet normal 0.964101 0.265536 0
    outer loop
      vertex 50.284 7.16322 0
      vertex 50.375 6.83282 0.4
      vertex 50.375 6.83282 0
    endloop
  endfacet
  facet normal 0.999258 0.0385177 0
    outer loop
      vertex 47.3415 6.90601 0.4
      vertex 47.3387 6.97865 0
      vertex 47.3387 6.97865 0.4
    endloop
  endfacet
  facet normal 0.999258 0.0385177 0
    outer loop
      vertex 47.3387 6.97865 0
      vertex 47.3415 6.90601 0.4
      vertex 47.3415 6.90601 0
    endloop
  endfacet
  facet normal 0.997971 0.0636708 0
    outer loop
      vertex 47.3387 6.97865 0.4
      vertex 47.3341 7.05075 0
      vertex 47.3341 7.05075 0.4
    endloop
  endfacet
  facet normal 0.997971 0.0636708 0
    outer loop
      vertex 47.3341 7.05075 0
      vertex 47.3387 6.97865 0.4
      vertex 47.3387 6.97865 0
    endloop
  endfacet
  facet normal 0.9959 0.0904605 0
    outer loop
      vertex 47.3341 7.05075 0.4
      vertex 47.3276 7.12231 0
      vertex 47.3276 7.12231 0.4
    endloop
  endfacet
  facet normal 0.9959 0.0904605 0
    outer loop
      vertex 47.3276 7.12231 0
      vertex 47.3341 7.05075 0.4
      vertex 47.3341 7.05075 0
    endloop
  endfacet
  facet normal 0.993078 0.117458 0
    outer loop
      vertex 47.3276 7.12231 0.4
      vertex 47.3192 7.19333 0
      vertex 47.3192 7.19333 0.4
    endloop
  endfacet
  facet normal 0.993078 0.117458 0
    outer loop
      vertex 47.3192 7.19333 0
      vertex 47.3276 7.12231 0.4
      vertex 47.3276 7.12231 0
    endloop
  endfacet
  facet normal 0.989484 0.144645 0
    outer loop
      vertex 47.3192 7.19333 0.4
      vertex 47.3089 7.26379 0
      vertex 47.3089 7.26379 0.4
    endloop
  endfacet
  facet normal 0.989484 0.144645 0
    outer loop
      vertex 47.3089 7.26379 0
      vertex 47.3192 7.19333 0.4
      vertex 47.3192 7.19333 0
    endloop
  endfacet
  facet normal 0.985358 0.170497 0
    outer loop
      vertex 47.3089 7.26379 0.4
      vertex 47.2968 7.33372 0
      vertex 47.2968 7.33372 0.4
    endloop
  endfacet
  facet normal 0.985358 0.170497 0
    outer loop
      vertex 47.2968 7.33372 0
      vertex 47.3089 7.26379 0.4
      vertex 47.3089 7.26379 0
    endloop
  endfacet
  facet normal 0.980521 0.196415 0
    outer loop
      vertex 47.2968 7.33372 0.4
      vertex 47.2829 7.40311 0
      vertex 47.2829 7.40311 0.4
    endloop
  endfacet
  facet normal 0.980521 0.196415 0
    outer loop
      vertex 47.2829 7.40311 0
      vertex 47.2968 7.33372 0.4
      vertex 47.2968 7.33372 0
    endloop
  endfacet
  facet normal 0.974341 0.225077 0
    outer loop
      vertex 47.2829 7.40311 0.4
      vertex 47.267 7.47194 0
      vertex 47.267 7.47194 0.4
    endloop
  endfacet
  facet normal 0.974341 0.225077 0
    outer loop
      vertex 47.267 7.47194 0
      vertex 47.2829 7.40311 0.4
      vertex 47.2829 7.40311 0
    endloop
  endfacet
  facet normal 0.968359 0.249562 0
    outer loop
      vertex 47.267 7.47194 0.4
      vertex 47.2493 7.54062 0
      vertex 47.2493 7.54062 0.4
    endloop
  endfacet
  facet normal 0.968359 0.249562 0
    outer loop
      vertex 47.2493 7.54062 0
      vertex 47.267 7.47194 0.4
      vertex 47.267 7.47194 0
    endloop
  endfacet
  facet normal 0.962185 0.272396 0
    outer loop
      vertex 47.2493 7.54062 0.4
      vertex 47.2298 7.6095 0
      vertex 47.2298 7.6095 0.4
    endloop
  endfacet
  facet normal 0.962185 0.272396 0
    outer loop
      vertex 47.2298 7.6095 0
      vertex 47.2493 7.54062 0.4
      vertex 47.2493 7.54062 0
    endloop
  endfacet
  facet normal 0.954836 0.297134 0
    outer loop
      vertex 47.2298 7.6095 0.4
      vertex 47.2083 7.67859 0
      vertex 47.2083 7.67859 0.4
    endloop
  endfacet
  facet normal 0.954836 0.297134 0
    outer loop
      vertex 47.2083 7.67859 0
      vertex 47.2298 7.6095 0.4
      vertex 47.2298 7.6095 0
    endloop
  endfacet
  facet normal 0.947846 0.31873 0
    outer loop
      vertex 47.2083 7.67859 0.4
      vertex 47.185 7.74788 0
      vertex 47.185 7.74788 0.4
    endloop
  endfacet
  facet normal 0.947846 0.31873 0
    outer loop
      vertex 47.185 7.74788 0
      vertex 47.2083 7.67859 0.4
      vertex 47.2083 7.67859 0
    endloop
  endfacet
  facet normal 0.940573 0.339591 0
    outer loop
      vertex 47.185 7.74788 0.4
      vertex 47.1599 7.8174 0
      vertex 47.1599 7.8174 0.4
    endloop
  endfacet
  facet normal 0.940573 0.339591 0
    outer loop
      vertex 47.1599 7.8174 0
      vertex 47.185 7.74788 0.4
      vertex 47.185 7.74788 0
    endloop
  endfacet
  facet normal 0.932516 0.361129 0
    outer loop
      vertex 47.1599 7.8174 0.4
      vertex 47.1329 7.88712 0
      vertex 47.1329 7.88712 0.4
    endloop
  endfacet
  facet normal 0.932516 0.361129 0
    outer loop
      vertex 47.1329 7.88712 0
      vertex 47.1599 7.8174 0.4
      vertex 47.1599 7.8174 0
    endloop
  endfacet
  facet normal 0.924149 0.382033 0
    outer loop
      vertex 47.1329 7.88712 0.4
      vertex 47.104 7.95703 0
      vertex 47.104 7.95703 0.4
    endloop
  endfacet
  facet normal 0.924149 0.382033 0
    outer loop
      vertex 47.104 7.95703 0
      vertex 47.1329 7.88712 0.4
      vertex 47.1329 7.88712 0
    endloop
  endfacet
  facet normal 0.91607 0.401018 0
    outer loop
      vertex 47.104 7.95703 0.4
      vertex 47.0733 8.02716 0
      vertex 47.0733 8.02716 0.4
    endloop
  endfacet
  facet normal 0.91607 0.401018 0
    outer loop
      vertex 47.0733 8.02716 0
      vertex 47.104 7.95703 0.4
      vertex 47.104 7.95703 0
    endloop
  endfacet
  facet normal 0.907294 0.420497 0
    outer loop
      vertex 47.0733 8.02716 0.4
      vertex 47.0407 8.0975 0
      vertex 47.0407 8.0975 0.4
    endloop
  endfacet
  facet normal 0.907294 0.420497 0
    outer loop
      vertex 47.0407 8.0975 0
      vertex 47.0733 8.02716 0.4
      vertex 47.0733 8.02716 0
    endloop
  endfacet
  facet normal 0.896953 0.442126 0
    outer loop
      vertex 47.0407 8.0975 0.4
      vertex 47.0045 8.17094 0
      vertex 47.0045 8.17094 0.4
    endloop
  endfacet
  facet normal 0.896953 0.442126 0
    outer loop
      vertex 47.0045 8.17094 0
      vertex 47.0407 8.0975 0.4
      vertex 47.0407 8.0975 0
    endloop
  endfacet
  facet normal 0.886342 0.463031 0
    outer loop
      vertex 47.0045 8.17094 0.4
      vertex 46.963 8.25038 0
      vertex 46.963 8.25038 0.4
    endloop
  endfacet
  facet normal 0.886342 0.463031 0
    outer loop
      vertex 46.963 8.25038 0
      vertex 47.0045 8.17094 0.4
      vertex 47.0045 8.17094 0
    endloop
  endfacet
  facet normal 0.876952 0.480578 0
    outer loop
      vertex 46.963 8.25038 0.4
      vertex 46.9162 8.33578 0
      vertex 46.9162 8.33578 0.4
    endloop
  endfacet
  facet normal 0.876952 0.480578 0
    outer loop
      vertex 46.9162 8.33578 0
      vertex 46.963 8.25038 0.4
      vertex 46.963 8.25038 0
    endloop
  endfacet
  facet normal 0.868383 0.495893 0
    outer loop
      vertex 46.9162 8.33578 0.4
      vertex 46.864 8.42719 0
      vertex 46.864 8.42719 0.4
    endloop
  endfacet
  facet normal 0.868383 0.495893 0
    outer loop
      vertex 46.864 8.42719 0
      vertex 46.9162 8.33578 0.4
      vertex 46.9162 8.33578 0
    endloop
  endfacet
  facet normal 0.861502 0.507754 0
    outer loop
      vertex 46.864 8.42719 0.4
      vertex 46.8066 8.52458 0
      vertex 46.8066 8.52458 0.4
    endloop
  endfacet
  facet normal 0.861502 0.507754 0
    outer loop
      vertex 46.8066 8.52458 0
      vertex 46.864 8.42719 0.4
      vertex 46.864 8.42719 0
    endloop
  endfacet
  facet normal 0.85462 0.519254 0
    outer loop
      vertex 46.8066 8.52458 0.4
      vertex 46.7438 8.62794 0
      vertex 46.7438 8.62794 0.4
    endloop
  endfacet
  facet normal 0.85462 0.519254 0
    outer loop
      vertex 46.7438 8.62794 0
      vertex 46.8066 8.52458 0.4
      vertex 46.8066 8.52458 0
    endloop
  endfacet
  facet normal 0.848869 0.528603 0
    outer loop
      vertex 46.7438 8.62794 0.4
      vertex 46.6757 8.7373 0
      vertex 46.6757 8.7373 0.4
    endloop
  endfacet
  facet normal 0.848869 0.528603 0
    outer loop
      vertex 46.6757 8.7373 0
      vertex 46.7438 8.62794 0.4
      vertex 46.7438 8.62794 0
    endloop
  endfacet
  facet normal 0.843677 0.536852 0
    outer loop
      vertex 46.6757 8.7373 0.4
      vertex 46.6023 8.85265 0
      vertex 46.6023 8.85265 0.4
    endloop
  endfacet
  facet normal 0.843677 0.536852 0
    outer loop
      vertex 46.6023 8.85265 0
      vertex 46.6757 8.7373 0.4
      vertex 46.6757 8.7373 0
    endloop
  endfacet
  facet normal 0.838963 0.544188 0
    outer loop
      vertex 46.6023 8.85265 0.4
      vertex 46.5236 8.97398 0
      vertex 46.5236 8.97398 0.4
    endloop
  endfacet
  facet normal 0.838963 0.544188 0
    outer loop
      vertex 46.5236 8.97398 0
      vertex 46.6023 8.85265 0.4
      vertex 46.6023 8.85265 0
    endloop
  endfacet
  facet normal 1 -0 0
    outer loop
      vertex 46.5236 8.97398 0.4
      vertex 46.5236 9.22151 0
      vertex 46.5236 9.22151 0.4
    endloop
  endfacet
  facet normal 1 0 0
    outer loop
      vertex 46.5236 9.22151 0
      vertex 46.5236 8.97398 0.4
      vertex 46.5236 8.97398 0
    endloop
  endfacet
  facet normal 0 -1 0
    outer loop
      vertex 46.5236 9.22151 0
      vertex 48.102 9.22151 0.4
      vertex 46.5236 9.22151 0.4
    endloop
  endfacet
  facet normal 0 -1 -0
    outer loop
      vertex 48.102 9.22151 0.4
      vertex 46.5236 9.22151 0
      vertex 48.102 9.22151 0
    endloop
  endfacet
  facet normal -1 0 0
    outer loop
      vertex 48.102 8.96213 0
      vertex 48.102 9.22151 0.4
      vertex 48.102 9.22151 0
    endloop
  endfacet
  facet normal -1 -0 0
    outer loop
      vertex 48.102 9.22151 0.4
      vertex 48.102 8.96213 0
      vertex 48.102 8.96213 0.4
    endloop
  endfacet
  facet normal 0 1 -0
    outer loop
      vertex 48.102 8.96213 0
      vertex 46.8186 8.96213 0.4
      vertex 48.102 8.96213 0.4
    endloop
  endfacet
  facet normal 0 1 0
    outer loop
      vertex 46.8186 8.96213 0.4
      vertex 48.102 8.96213 0
      vertex 46.8186 8.96213 0
    endloop
  endfacet
  facet normal -0.828438 -0.560081 0
    outer loop
      vertex 46.9164 8.81747 0
      vertex 46.8186 8.96213 0.4
      vertex 46.8186 8.96213 0
    endloop
  endfacet
  facet normal -0.828438 -0.560081 0
    outer loop
      vertex 46.8186 8.96213 0.4
      vertex 46.9164 8.81747 0
      vertex 46.9164 8.81747 0.4
    endloop
  endfacet
  facet normal -0.839183 -0.543849 0
    outer loop
      vertex 47.0077 8.67659 0
      vertex 46.9164 8.81747 0.4
      vertex 46.9164 8.81747 0
    endloop
  endfacet
  facet normal -0.839183 -0.543849 0
    outer loop
      vertex 46.9164 8.81747 0.4
      vertex 47.0077 8.67659 0
      vertex 47.0077 8.67659 0.4
    endloop
  endfacet
  facet normal -0.850134 -0.526566 0
    outer loop
      vertex 47.0926 8.53952 0
      vertex 47.0077 8.67659 0.4
      vertex 47.0077 8.67659 0
    endloop
  endfacet
  facet normal -0.850134 -0.526566 0
    outer loop
      vertex 47.0077 8.67659 0.4
      vertex 47.0926 8.53952 0
      vertex 47.0926 8.53952 0.4
    endloop
  endfacet
  facet normal -0.861685 -0.507444 0
    outer loop
      vertex 47.1711 8.40622 0
      vertex 47.0926 8.53952 0.4
      vertex 47.0926 8.53952 0
    endloop
  endfacet
  facet normal -0.861685 -0.507444 0
    outer loop
      vertex 47.0926 8.53952 0.4
      vertex 47.1711 8.40622 0
      vertex 47.1711 8.40622 0.4
    endloop
  endfacet
  facet normal -0.873998 -0.485929 0
    outer loop
      vertex 47.2431 8.27672 0
      vertex 47.1711 8.40622 0.4
      vertex 47.1711 8.40622 0
    endloop
  endfacet
  facet normal -0.873998 -0.485929 0
    outer loop
      vertex 47.1711 8.40622 0.4
      vertex 47.2431 8.27672 0
      vertex 47.2431 8.27672 0.4
    endloop
  endfacet
  facet normal -0.886565 -0.462605 0
    outer loop
      vertex 47.3087 8.151 0
      vertex 47.2431 8.27672 0.4
      vertex 47.2431 8.27672 0
    endloop
  endfacet
  facet normal -0.886565 -0.462605 0
    outer loop
      vertex 47.2431 8.27672 0.4
      vertex 47.3087 8.151 0
      vertex 47.3087 8.151 0.4
    endloop
  endfacet
  facet normal -0.899575 -0.436766 0
    outer loop
      vertex 47.3679 8.02907 0
      vertex 47.3087 8.151 0.4
      vertex 47.3087 8.151 0
    endloop
  endfacet
  facet normal -0.899575 -0.436766 0
    outer loop
      vertex 47.3087 8.151 0.4
      vertex 47.3679 8.02907 0
      vertex 47.3679 8.02907 0.4
    endloop
  endfacet
  facet normal -0.912943 -0.408088 0
    outer loop
      vertex 47.4207 7.91095 0
      vertex 47.3679 8.02907 0.4
      vertex 47.3679 8.02907 0
    endloop
  endfacet
  facet normal -0.912943 -0.408088 0
    outer loop
      vertex 47.3679 8.02907 0.4
      vertex 47.4207 7.91095 0
      vertex 47.4207 7.91095 0.4
    endloop
  endfacet
  facet normal -0.926621 -0.375997 0
    outer loop
      vertex 47.4671 7.7966 0
      vertex 47.4207 7.91095 0.4
      vertex 47.4207 7.91095 0
    endloop
  endfacet
  facet normal -0.926621 -0.375997 0
    outer loop
      vertex 47.4207 7.91095 0.4
      vertex 47.4671 7.7966 0
      vertex 47.4671 7.7966 0.4
    endloop
  endfacet
  facet normal -0.93973 -0.341918 0
    outer loop
      vertex 47.5078 7.68474 0
      vertex 47.4671 7.7966 0.4
      vertex 47.4671 7.7966 0
    endloop
  endfacet
  facet normal -0.93973 -0.341918 0
    outer loop
      vertex 47.4671 7.7966 0.4
      vertex 47.5078 7.68474 0
      vertex 47.5078 7.68474 0.4
    endloop
  endfacet
  facet normal -0.951205 -0.308559 0
    outer loop
      vertex 47.5437 7.57407 0
      vertex 47.5078 7.68474 0.4
      vertex 47.5078 7.68474 0
    endloop
  endfacet
  facet normal -0.951205 -0.308559 0
    outer loop
      vertex 47.5078 7.68474 0.4
      vertex 47.5437 7.57407 0
      vertex 47.5437 7.57407 0.4
    endloop
  endfacet
  facet normal -0.961703 -0.274095 0
    outer loop
      vertex 47.5749 7.4646 0
      vertex 47.5437 7.57407 0.4
      vertex 47.5437 7.57407 0
    endloop
  endfacet
  facet normal -0.961703 -0.274095 0
    outer loop
      vertex 47.5437 7.57407 0.4
      vertex 47.5749 7.4646 0
      vertex 47.5749 7.4646 0.4
    endloop
  endfacet
  facet normal -0.97154 -0.236874 0
    outer loop
      vertex 47.6013 7.35632 0
      vertex 47.5749 7.4646 0.4
      vertex 47.5749 7.4646 0
    endloop
  endfacet
  facet normal -0.97154 -0.236874 0
    outer loop
      vertex 47.5749 7.4646 0.4
      vertex 47.6013 7.35632 0
      vertex 47.6013 7.35632 0.4
    endloop
  endfacet
  facet normal -0.980432 -0.196856 0
    outer loop
      vertex 47.6228 7.24924 0
      vertex 47.6013 7.35632 0.4
      vertex 47.6013 7.35632 0
    endloop
  endfacet
  facet normal -0.980432 -0.196856 0
    outer loop
      vertex 47.6013 7.35632 0.4
      vertex 47.6228 7.24924 0
      vertex 47.6228 7.24924 0.4
    endloop
  endfacet
  facet normal -0.987649 -0.156681 0
    outer loop
      vertex 47.6396 7.14334 0
      vertex 47.6228 7.24924 0.4
      vertex 47.6228 7.24924 0
    endloop
  endfacet
  facet normal -0.987649 -0.156681 0
    outer loop
      vertex 47.6228 7.24924 0.4
      vertex 47.6396 7.14334 0
      vertex 47.6396 7.14334 0.4
    endloop
  endfacet
  facet normal -0.993496 -0.113868 0
    outer loop
      vertex 47.6516 7.03864 0
      vertex 47.6396 7.14334 0.4
      vertex 47.6396 7.14334 0
    endloop
  endfacet
  facet normal -0.993496 -0.113868 0
    outer loop
      vertex 47.6396 7.14334 0.4
      vertex 47.6516 7.03864 0
      vertex 47.6516 7.03864 0.4
    endloop
  endfacet
  facet normal -0.99759 -0.0693908 0
    outer loop
      vertex 47.6588 6.93513 0
      vertex 47.6516 7.03864 0.4
      vertex 47.6516 7.03864 0
    endloop
  endfacet
  facet normal -0.99759 -0.0693908 0
    outer loop
      vertex 47.6516 7.03864 0.4
      vertex 47.6588 6.93513 0
      vertex 47.6588 6.93513 0.4
    endloop
  endfacet
  facet normal -0.999725 -0.0234517 0
    outer loop
      vertex 47.6612 6.83282 0
      vertex 47.6588 6.93513 0.4
      vertex 47.6588 6.93513 0
    endloop
  endfacet
  facet normal -0.999725 -0.0234517 0
    outer loop
      vertex 47.6588 6.93513 0.4
      vertex 47.6612 6.83282 0
      vertex 47.6612 6.83282 0.4
    endloop
  endfacet
  facet normal 0 1 -0
    outer loop
      vertex 47.6612 6.83282 0
      vertex 47.3425 6.83282 0.4
      vertex 47.6612 6.83282 0.4
    endloop
  endfacet
  facet normal 0 1 0
    outer loop
      vertex 47.3425 6.83282 0.4
      vertex 47.6612 6.83282 0
      vertex 47.3425 6.83282 0
    endloop
  endfacet
  facet normal 0.999907 0.0136618 0
    outer loop
      vertex 47.3425 6.83282 0.4
      vertex 47.3415 6.90601 0
      vertex 47.3415 6.90601 0.4
    endloop
  endfacet
  facet normal 0.999907 0.0136618 0
    outer loop
      vertex 47.3415 6.90601 0
      vertex 47.3425 6.83282 0.4
      vertex 47.3425 6.83282 0
    endloop
  endfacet
  facet normal 0 -1 0
    outer loop
      vertex 43.6906 7.09219 0
      vertex 44.2721 7.09219 0.4
      vertex 43.6906 7.09219 0.4
    endloop
  endfacet
  facet normal 0 -1 -0
    outer loop
      vertex 44.2721 7.09219 0.4
      vertex 43.6906 7.09219 0
      vertex 44.2721 7.09219 0
    endloop
  endfacet
  facet normal 1 -0 0
    outer loop
      vertex 44.2721 7.09219 0.4
      vertex 44.2721 9.22151 0
      vertex 44.2721 9.22151 0.4
    endloop
  endfacet
  facet normal 1 0 0
    outer loop
      vertex 44.2721 9.22151 0
      vertex 44.2721 7.09219 0.4
      vertex 44.2721 7.09219 0
    endloop
  endfacet
  facet normal 0 -1 0
    outer loop
      vertex 44.2721 9.22151 0
      vertex 44.5535 9.22151 0.4
      vertex 44.2721 9.22151 0.4
    endloop
  endfacet
  facet normal 0 -1 -0
    outer loop
      vertex 44.5535 9.22151 0.4
      vertex 44.2721 9.22151 0
      vertex 44.5535 9.22151 0
    endloop
  endfacet
  facet normal -0.566596 -0.823996 0
    outer loop
      vertex 44.5535 9.22151 0
      vertex 45.1181 8.83328 0.4
      vertex 44.5535 9.22151 0.4
    endloop
  endfacet
  facet normal -0.566596 -0.823996 -0
    outer loop
      vertex 45.1181 8.83328 0.4
      vertex 44.5535 9.22151 0
      vertex 45.1181 8.83328 0
    endloop
  endfacet
  facet normal -1 0 0
    outer loop
      vertex 45.1181 8.54507 0
      vertex 45.1181 8.83328 0.4
      vertex 45.1181 8.83328 0
    endloop
  endfacet
  facet normal -1 -0 0
    outer loop
      vertex 45.1181 8.83328 0.4
      vertex 45.1181 8.54507 0
      vertex 45.1181 8.54507 0.4
    endloop
  endfacet
  facet normal 0.580997 0.813906 -0
    outer loop
      vertex 45.1181 8.54507 0
      vertex 44.579 8.9299 0.4
      vertex 45.1181 8.54507 0.4
    endloop
  endfacet
  facet normal 0.580997 0.813906 0
    outer loop
      vertex 44.579 8.9299 0.4
      vertex 45.1181 8.54507 0
      vertex 44.579 8.9299 0
    endloop
  endfacet
  facet normal -1 0 0
    outer loop
      vertex 44.579 7.09219 0
      vertex 44.579 8.9299 0.4
      vertex 44.579 8.9299 0
    endloop
  endfacet
  facet normal -1 -0 0
    outer loop
      vertex 44.579 8.9299 0.4
      vertex 44.579 7.09219 0
      vertex 44.579 7.09219 0.4
    endloop
  endfacet
  facet normal 0 -1 0
    outer loop
      vertex 44.579 7.09219 0
      vertex 45.1876 7.09219 0.4
      vertex 44.579 7.09219 0.4
    endloop
  endfacet
  facet normal 0 -1 -0
    outer loop
      vertex 45.1876 7.09219 0.4
      vertex 44.579 7.09219 0
      vertex 45.1876 7.09219 0
    endloop
  endfacet
  facet normal -1 0 0
    outer loop
      vertex 45.1876 6.83282 0
      vertex 45.1876 7.09219 0.4
      vertex 45.1876 7.09219 0
    endloop
  endfacet
  facet normal -1 -0 0
    outer loop
      vertex 45.1876 7.09219 0.4
      vertex 45.1876 6.83282 0
      vertex 45.1876 6.83282 0.4
    endloop
  endfacet
  facet normal 0 1 -0
    outer loop
      vertex 45.1876 6.83282 0
      vertex 43.6906 6.83282 0.4
      vertex 45.1876 6.83282 0.4
    endloop
  endfacet
  facet normal 0 1 0
    outer loop
      vertex 43.6906 6.83282 0.4
      vertex 45.1876 6.83282 0
      vertex 43.6906 6.83282 0
    endloop
  endfacet
  facet normal 1 -0 0
    outer loop
      vertex 43.6906 6.83282 0.4
      vertex 43.6906 7.09219 0
      vertex 43.6906 7.09219 0.4
    endloop
  endfacet
  facet normal 1 0 0
    outer loop
      vertex 43.6906 7.09219 0
      vertex 43.6906 6.83282 0.4
      vertex 43.6906 6.83282 0
    endloop
  endfacet
  facet normal 0 -1 0
    outer loop
      vertex 37.9806 7.09729 0
      vertex 39.1876 7.09729 0.4
      vertex 37.9806 7.09729 0.4
    endloop
  endfacet
  facet normal 0 -1 -0
    outer loop
      vertex 39.1876 7.09729 0.4
      vertex 37.9806 7.09729 0
      vertex 39.1876 7.09729 0
    endloop
  endfacet
  facet normal 1 -0 0
    outer loop
      vertex 39.1876 7.09729 0.4
      vertex 39.1876 9.22151 0
      vertex 39.1876 9.22151 0.4
    endloop
  endfacet
  facet normal 1 0 0
    outer loop
      vertex 39.1876 9.22151 0
      vertex 39.1876 7.09729 0.4
      vertex 39.1876 7.09729 0
    endloop
  endfacet
  facet normal 0 -1 0
    outer loop
      vertex 39.1876 9.22151 0
      vertex 39.5114 9.22151 0.4
      vertex 39.1876 9.22151 0.4
    endloop
  endfacet
  facet normal 0 -1 -0
    outer loop
      vertex 39.5114 9.22151 0.4
      vertex 39.1876 9.22151 0
      vertex 39.5114 9.22151 0
    endloop
  endfacet
  facet normal -1 0 0
    outer loop
      vertex 39.5114 6.83282 0
      vertex 39.5114 9.22151 0.4
      vertex 39.5114 9.22151 0
    endloop
  endfacet
  facet normal -1 -0 0
    outer loop
      vertex 39.5114 9.22151 0.4
      vertex 39.5114 6.83282 0
      vertex 39.5114 6.83282 0.4
    endloop
  endfacet
  facet normal 0 1 -0
    outer loop
      vertex 39.5114 6.83282 0
      vertex 37.9806 6.83282 0.4
      vertex 39.5114 6.83282 0.4
    endloop
  endfacet
  facet normal 0 1 0
    outer loop
      vertex 37.9806 6.83282 0.4
      vertex 39.5114 6.83282 0
      vertex 37.9806 6.83282 0
    endloop
  endfacet
  facet normal 1 -0 0
    outer loop
      vertex 37.9806 6.83282 0.4
      vertex 37.9806 7.09729 0
      vertex 37.9806 7.09729 0.4
    endloop
  endfacet
  facet normal 1 0 0
    outer loop
      vertex 37.9806 7.09729 0
      vertex 37.9806 6.83282 0.4
      vertex 37.9806 6.83282 0
    endloop
  endfacet
  facet normal 0 -1 0
    outer loop
      vertex 37.2662 9.22151 0
      vertex 37.59 9.22151 0.4
      vertex 37.2662 9.22151 0.4
    endloop
  endfacet
  facet normal 0 -1 -0
    outer loop
      vertex 37.59 9.22151 0.4
      vertex 37.2662 9.22151 0
      vertex 37.59 9.22151 0
    endloop
  endfacet
  facet normal -1 0 0
    outer loop
      vertex 37.59 6.83282 0
      vertex 37.59 9.22151 0.4
      vertex 37.59 9.22151 0
    endloop
  endfacet
  facet normal -1 -0 0
    outer loop
      vertex 37.59 9.22151 0.4
      vertex 37.59 6.83282 0
      vertex 37.59 6.83282 0.4
    endloop
  endfacet
  facet normal 0 1 -0
    outer loop
      vertex 37.59 6.83282 0
      vertex 37.2662 6.83282 0.4
      vertex 37.59 6.83282 0.4
    endloop
  endfacet
  facet normal 0 1 0
    outer loop
      vertex 37.2662 6.83282 0.4
      vertex 37.59 6.83282 0
      vertex 37.2662 6.83282 0
    endloop
  endfacet
  facet normal 1 -0 0
    outer loop
      vertex 37.2662 6.83282 0.4
      vertex 37.2662 9.22151 0
      vertex 37.2662 9.22151 0.4
    endloop
  endfacet
  facet normal 1 0 0
    outer loop
      vertex 37.2662 9.22151 0
      vertex 37.2662 6.83282 0.4
      vertex 37.2662 6.83282 0
    endloop
  endfacet
  facet normal 0.0736828 0.997282 -0
    outer loop
      vertex 35.7143 6.83464 0
      vertex 35.6404 6.8401 0.4
      vertex 35.7143 6.83464 0.4
    endloop
  endfacet
  facet normal 0.0736828 0.997282 0
    outer loop
      vertex 35.6404 6.8401 0.4
      vertex 35.7143 6.83464 0
      vertex 35.6404 6.8401 0
    endloop
  endfacet
  facet normal 0.125871 0.992047 -0
    outer loop
      vertex 35.6404 6.8401 0
      vertex 35.5686 6.84921 0.4
      vertex 35.6404 6.8401 0.4
    endloop
  endfacet
  facet normal 0.125871 0.992047 0
    outer loop
      vertex 35.5686 6.84921 0.4
      vertex 35.6404 6.8401 0
      vertex 35.5686 6.84921 0
    endloop
  endfacet
  facet normal 0.179555 0.983748 -0
    outer loop
      vertex 35.5686 6.84921 0
      vertex 35.4988 6.86195 0.4
      vertex 35.5686 6.84921 0.4
    endloop
  endfacet
  facet normal 0.179555 0.983748 0
    outer loop
      vertex 35.4988 6.86195 0.4
      vertex 35.5686 6.84921 0
      vertex 35.4988 6.86195 0
    endloop
  endfacet
  facet normal 0.234972 0.972002 -0
    outer loop
      vertex 35.4988 6.86195 0
      vertex 35.431 6.87834 0.4
      vertex 35.4988 6.86195 0.4
    endloop
  endfacet
  facet normal 0.234972 0.972002 0
    outer loop
      vertex 35.431 6.87834 0.4
      vertex 35.4988 6.86195 0
      vertex 35.431 6.87834 0
    endloop
  endfacet
  facet normal 0.291081 0.956699 -0
    outer loop
      vertex 35.431 6.87834 0
      vertex 35.3652 6.89836 0.4
      vertex 35.431 6.87834 0.4
    endloop
  endfacet
  facet normal 0.291081 0.956699 0
    outer loop
      vertex 35.3652 6.89836 0.4
      vertex 35.431 6.87834 0
      vertex 35.3652 6.89836 0
    endloop
  endfacet
  facet normal 0.347836 0.937555 -0
    outer loop
      vertex 35.3652 6.89836 0
      vertex 35.3014 6.92203 0.4
      vertex 35.3652 6.89836 0.4
    endloop
  endfacet
  facet normal 0.347836 0.937555 0
    outer loop
      vertex 35.3014 6.92203 0.4
      vertex 35.3652 6.89836 0
      vertex 35.3014 6.92203 0
    endloop
  endfacet
  facet normal 0.404201 0.91467 -0
    outer loop
      vertex 35.3014 6.92203 0
      vertex 35.2396 6.94934 0.4
      vertex 35.3014 6.92203 0.4
    endloop
  endfacet
  facet normal 0.404201 0.91467 0
    outer loop
      vertex 35.2396 6.94934 0.4
      vertex 35.3014 6.92203 0
      vertex 35.2396 6.94934 0
    endloop
  endfacet
  facet normal 0.459762 0.888042 -0
    outer loop
      vertex 35.2396 6.94934 0
      vertex 35.1798 6.9803 0.4
      vertex 35.2396 6.94934 0.4
    endloop
  endfacet
  facet normal 0.459762 0.888042 0
    outer loop
      vertex 35.1798 6.9803 0.4
      vertex 35.2396 6.94934 0
      vertex 35.1798 6.9803 0
    endloop
  endfacet
  facet normal 0.514496 0.857493 -0
    outer loop
      vertex 35.1798 6.9803 0
      vertex 35.1225 7.01468 0.4
      vertex 35.1798 6.9803 0.4
    endloop
  endfacet
  facet normal 0.514496 0.857493 0
    outer loop
      vertex 35.1225 7.01468 0.4
      vertex 35.1798 6.9803 0
      vertex 35.1225 7.01468 0
    endloop
  endfacet
  facet normal 0.569084 0.822279 -0
    outer loop
      vertex 35.1225 7.01468 0
      vertex 35.0682 7.05226 0.4
      vertex 35.1225 7.01468 0.4
    endloop
  endfacet
  facet normal 0.569084 0.822279 0
    outer loop
      vertex 35.0682 7.05226 0.4
      vertex 35.1225 7.01468 0
      vertex 35.0682 7.05226 0
    endloop
  endfacet
  facet normal 0.622179 0.782875 -0
    outer loop
      vertex 35.0682 7.05226 0
      vertex 35.0169 7.09303 0.4
      vertex 35.0682 7.05226 0.4
    endloop
  endfacet
  facet normal 0.622179 0.782875 0
    outer loop
      vertex 35.0169 7.09303 0.4
      vertex 35.0682 7.05226 0
      vertex 35.0169 7.09303 0
    endloop
  endfacet
  facet normal 0.672589 0.740016 -0
    outer loop
      vertex 35.0169 7.09303 0
      vertex 34.9685 7.13702 0.4
      vertex 35.0169 7.09303 0.4
    endloop
  endfacet
  facet normal 0.672589 0.740016 0
    outer loop
      vertex 34.9685 7.13702 0.4
      vertex 35.0169 7.09303 0
      vertex 34.9685 7.13702 0
    endloop
  endfacet
  facet normal 0.720569 0.693383 0
    outer loop
      vertex 34.9685 7.13702 0.4
      vertex 34.9231 7.1842 0
      vertex 34.9231 7.1842 0.4
    endloop
  endfacet
  facet normal 0.720569 0.693383 0
    outer loop
      vertex 34.9231 7.1842 0
      vertex 34.9685 7.13702 0.4
      vertex 34.9685 7.13702 0
    endloop
  endfacet
  facet normal 0.765163 0.643836 0
    outer loop
      vertex 34.9231 7.1842 0.4
      vertex 34.8807 7.23459 0
      vertex 34.8807 7.23459 0.4
    endloop
  endfacet
  facet normal 0.765163 0.643836 0
    outer loop
      vertex 34.8807 7.23459 0
      vertex 34.9231 7.1842 0.4
      vertex 34.9231 7.1842 0
    endloop
  endfacet
  facet normal 0.804965 0.593322 0
    outer loop
      vertex 34.8807 7.23459 0.4
      vertex 34.8412 7.28818 0
      vertex 34.8412 7.28818 0.4
    endloop
  endfacet
  facet normal 0.804965 0.593322 0
    outer loop
      vertex 34.8412 7.28818 0
      vertex 34.8807 7.23459 0.4
      vertex 34.8807 7.23459 0
    endloop
  endfacet
  facet normal 0.841231 0.540675 0
    outer loop
      vertex 34.8412 7.28818 0.4
      vertex 34.8047 7.34497 0
      vertex 34.8047 7.34497 0.4
    endloop
  endfacet
  facet normal 0.841231 0.540675 0
    outer loop
      vertex 34.8047 7.34497 0
      vertex 34.8412 7.28818 0.4
      vertex 34.8412 7.28818 0
    endloop
  endfacet
  facet normal 0.873126 0.487495 0
    outer loop
      vertex 34.8047 7.34497 0.4
      vertex 34.7712 7.40497 0
      vertex 34.7712 7.40497 0.4
    endloop
  endfacet
  facet normal 0.873126 0.487495 0
    outer loop
      vertex 34.7712 7.40497 0
      vertex 34.8047 7.34497 0.4
      vertex 34.8047 7.34497 0
    endloop
  endfacet
  facet normal 0.901047 0.433721 0
    outer loop
      vertex 34.7712 7.40497 0.4
      vertex 34.741 7.46771 0
      vertex 34.741 7.46771 0.4
    endloop
  endfacet
  facet normal 0.901047 0.433721 0
    outer loop
      vertex 34.741 7.46771 0
      vertex 34.7712 7.40497 0.4
      vertex 34.7712 7.40497 0
    endloop
  endfacet
  facet normal 0.925043 0.379862 0
    outer loop
      vertex 34.741 7.46771 0.4
      vertex 34.7143 7.53273 0
      vertex 34.7143 7.53273 0.4
    endloop
  endfacet
  facet normal 0.925043 0.379862 0
    outer loop
      vertex 34.7143 7.53273 0
      vertex 34.741 7.46771 0.4
      vertex 34.741 7.46771 0
    endloop
  endfacet
  facet normal 0.94585 0.324605 0
    outer loop
      vertex 34.7143 7.53273 0.4
      vertex 34.6912 7.60004 0
      vertex 34.6912 7.60004 0.4
    endloop
  endfacet
  facet normal 0.94585 0.324605 0
    outer loop
      vertex 34.6912 7.60004 0
      vertex 34.7143 7.53273 0.4
      vertex 34.7143 7.53273 0
    endloop
  endfacet
  facet normal 0.96254 0.271138 0
    outer loop
      vertex 34.6912 7.60004 0.4
      vertex 34.6716 7.66962 0
      vertex 34.6716 7.66962 0.4
    endloop
  endfacet
  facet normal 0.96254 0.271138 0
    outer loop
      vertex 34.6716 7.66962 0
      vertex 34.6912 7.60004 0.4
      vertex 34.6912 7.60004 0
    endloop
  endfacet
  facet normal 0.976104 0.217304 0
    outer loop
      vertex 34.6716 7.66962 0.4
      vertex 34.6556 7.74149 0
      vertex 34.6556 7.74149 0.4
    endloop
  endfacet
  facet normal 0.976104 0.217304 0
    outer loop
      vertex 34.6556 7.74149 0
      vertex 34.6716 7.66962 0.4
      vertex 34.6716 7.66962 0
    endloop
  endfacet
  facet normal 0.986083 0.166254 0
    outer loop
      vertex 34.6556 7.74149 0.4
      vertex 34.6431 7.81563 0
      vertex 34.6431 7.81563 0.4
    endloop
  endfacet
  facet normal 0.986083 0.166254 0
    outer loop
      vertex 34.6431 7.81563 0
      vertex 34.6556 7.74149 0.4
      vertex 34.6556 7.74149 0
    endloop
  endfacet
  facet normal 0.993285 0.115695 0
    outer loop
      vertex 34.6431 7.81563 0.4
      vertex 34.6342 7.89204 0
      vertex 34.6342 7.89204 0.4
    endloop
  endfacet
  facet normal 0.993285 0.115695 0
    outer loop
      vertex 34.6342 7.89204 0
      vertex 34.6431 7.81563 0.4
      vertex 34.6431 7.81563 0
    endloop
  endfacet
  facet normal 0.997741 0.0671752 0
    outer loop
      vertex 34.6342 7.89204 0.4
      vertex 34.6289 7.97076 0
      vertex 34.6289 7.97076 0.4
    endloop
  endfacet
  facet normal 0.997741 0.0671752 0
    outer loop
      vertex 34.6289 7.97076 0
      vertex 34.6342 7.89204 0.4
      vertex 34.6342 7.89204 0
    endloop
  endfacet
  facet normal 0.999753 0.022225 0
    outer loop
      vertex 34.6289 7.97076 0.4
      vertex 34.6271 8.05173 0
      vertex 34.6271 8.05173 0.4
    endloop
  endfacet
  facet normal 0.999753 0.022225 0
    outer loop
      vertex 34.6271 8.05173 0
      vertex 34.6289 7.97076 0.4
      vertex 34.6289 7.97076 0
    endloop
  endfacet
  facet normal 0.999431 -0.0337173 0
    outer loop
      vertex 34.6271 8.05173 0.4
      vertex 34.6312 8.17326 0
      vertex 34.6312 8.17326 0.4
    endloop
  endfacet
  facet normal 0.999431 -0.0337173 0
    outer loop
      vertex 34.6312 8.17326 0
      vertex 34.6271 8.05173 0.4
      vertex 34.6271 8.05173 0
    endloop
  endfacet
  facet normal 0.994438 -0.105323 0
    outer loop
      vertex 34.6312 8.17326 0.4
      vertex 34.6434 8.28845 0
      vertex 34.6434 8.28845 0.4
    endloop
  endfacet
  facet normal 0.994438 -0.105323 0
    outer loop
      vertex 34.6434 8.28845 0
      vertex 34.6312 8.17326 0.4
      vertex 34.6312 8.17326 0
    endloop
  endfacet
  facet normal 0.982884 -0.184223 0
    outer loop
      vertex 34.6434 8.28845 0.4
      vertex 34.6638 8.39729 0
      vertex 34.6638 8.39729 0.4
    endloop
  endfacet
  facet normal 0.982884 -0.184223 0
    outer loop
      vertex 34.6638 8.39729 0
      vertex 34.6434 8.28845 0.4
      vertex 34.6434 8.28845 0
    endloop
  endfacet
  facet normal 0.963457 -0.267862 0
    outer loop
      vertex 34.6638 8.39729 0.4
      vertex 34.6923 8.4998 0
      vertex 34.6923 8.4998 0.4
    endloop
  endfacet
  facet normal 0.963457 -0.267862 0
    outer loop
      vertex 34.6923 8.4998 0
      vertex 34.6638 8.39729 0.4
      vertex 34.6638 8.39729 0
    endloop
  endfacet
  facet normal 0.934592 -0.35572 0
    outer loop
      vertex 34.6923 8.4998 0.4
      vertex 34.7289 8.59596 0
      vertex 34.7289 8.59596 0.4
    endloop
  endfacet
  facet normal 0.934592 -0.35572 0
    outer loop
      vertex 34.7289 8.59596 0
      vertex 34.6923 8.4998 0.4
      vertex 34.6923 8.4998 0
    endloop
  endfacet
  facet normal 0.894865 -0.446337 0
    outer loop
      vertex 34.7289 8.59596 0.4
      vertex 34.7737 8.68578 0
      vertex 34.7737 8.68578 0.4
    endloop
  endfacet
  facet normal 0.894865 -0.446337 0
    outer loop
      vertex 34.7737 8.68578 0
      vertex 34.7289 8.59596 0.4
      vertex 34.7289 8.59596 0
    endloop
  endfacet
  facet normal 0.844685 -0.535264 0
    outer loop
      vertex 34.7737 8.68578 0.4
      vertex 34.8266 8.76926 0
      vertex 34.8266 8.76926 0.4
    endloop
  endfacet
  facet normal 0.844685 -0.535264 0
    outer loop
      vertex 34.8266 8.76926 0
      vertex 34.7737 8.68578 0.4
      vertex 34.7737 8.68578 0
    endloop
  endfacet
  facet normal 0.783854 -0.620945 0
    outer loop
      vertex 34.8266 8.76926 0.4
      vertex 34.8877 8.84639 0
      vertex 34.8877 8.84639 0.4
    endloop
  endfacet
  facet normal 0.783854 -0.620945 0
    outer loop
      vertex 34.8877 8.84639 0
      vertex 34.8266 8.76926 0.4
      vertex 34.8266 8.76926 0
    endloop
  endfacet
  facet normal 0.715092 -0.69903 0
    outer loop
      vertex 34.8877 8.84639 0.4
      vertex 34.9569 8.91718 0
      vertex 34.9569 8.91718 0.4
    endloop
  endfacet
  facet normal 0.715092 -0.69903 0
    outer loop
      vertex 34.9569 8.91718 0
      vertex 34.8877 8.84639 0.4
      vertex 34.8877 8.84639 0
    endloop
  endfacet
  facet normal 0.639908 -0.768451 0
    outer loop
      vertex 34.9569 8.91718 0
      vertex 35.0336 8.98105 0.4
      vertex 34.9569 8.91718 0.4
    endloop
  endfacet
  facet normal 0.639908 -0.768451 0
    outer loop
      vertex 35.0336 8.98105 0.4
      vertex 34.9569 8.91718 0
      vertex 35.0336 8.98105 0
    endloop
  endfacet
  facet normal 0.559456 -0.82886 0
    outer loop
      vertex 35.0336 8.98105 0
      vertex 35.1171 9.03741 0.4
      vertex 35.0336 8.98105 0.4
    endloop
  endfacet
  facet normal 0.559456 -0.82886 0
    outer loop
      vertex 35.1171 9.03741 0.4
      vertex 35.0336 8.98105 0
      vertex 35.1171 9.03741 0
    endloop
  endfacet
  facet normal 0.475254 -0.879848 0
    outer loop
      vertex 35.1171 9.03741 0
      vertex 35.2075 9.08624 0.4
      vertex 35.1171 9.03741 0.4
    endloop
  endfacet
  facet normal 0.475254 -0.879848 0
    outer loop
      vertex 35.2075 9.08624 0.4
      vertex 35.1171 9.03741 0
      vertex 35.2075 9.08624 0
    endloop
  endfacet
  facet normal 0.391381 -0.920229 0
    outer loop
      vertex 35.2075 9.08624 0
      vertex 35.3047 9.12758 0.4
      vertex 35.2075 9.08624 0.4
    endloop
  endfacet
  facet normal 0.391381 -0.920229 0
    outer loop
      vertex 35.3047 9.12758 0.4
      vertex 35.2075 9.08624 0
      vertex 35.3047 9.12758 0
    endloop
  endfacet
  facet normal 0.3089 -0.951094 0
    outer loop
      vertex 35.3047 9.12758 0
      vertex 35.4088 9.16139 0.4
      vertex 35.3047 9.12758 0.4
    endloop
  endfacet
  facet normal 0.3089 -0.951094 0
    outer loop
      vertex 35.4088 9.16139 0.4
      vertex 35.3047 9.12758 0
      vertex 35.4088 9.16139 0
    endloop
  endfacet
  facet normal 0.230834 -0.972993 0
    outer loop
      vertex 35.4088 9.16139 0
      vertex 35.5197 9.1877 0.4
      vertex 35.4088 9.16139 0.4
    endloop
  endfacet
  facet normal 0.230834 -0.972993 0
    outer loop
      vertex 35.5197 9.1877 0.4
      vertex 35.4088 9.16139 0
      vertex 35.5197 9.1877 0
    endloop
  endfacet
  facet normal 0.157435 -0.987529 0
    outer loop
      vertex 35.5197 9.1877 0
      vertex 35.6375 9.20648 0.4
      vertex 35.5197 9.1877 0.4
    endloop
  endfacet
  facet normal 0.157435 -0.987529 0
    outer loop
      vertex 35.6375 9.20648 0.4
      vertex 35.5197 9.1877 0
      vertex 35.6375 9.20648 0
    endloop
  endfacet
  facet normal 0.0900024 -0.995942 0
    outer loop
      vertex 35.6375 9.20648 0
      vertex 35.7621 9.21774 0.4
      vertex 35.6375 9.20648 0.4
    endloop
  endfacet
  facet normal 0.0900024 -0.995942 0
    outer loop
      vertex 35.7621 9.21774 0.4
      vertex 35.6375 9.20648 0
      vertex 35.7621 9.21774 0
    endloop
  endfacet
  facet normal 0.0286792 -0.999589 0
    outer loop
      vertex 35.7621 9.21774 0
      vertex 35.8935 9.22151 0.4
      vertex 35.7621 9.21774 0.4
    endloop
  endfacet
  facet normal 0.0286792 -0.999589 0
    outer loop
      vertex 35.8935 9.22151 0.4
      vertex 35.7621 9.21774 0
      vertex 35.8935 9.22151 0
    endloop
  endfacet
  facet normal 0 -1 0
    outer loop
      vertex 35.8935 9.22151 0
      vertex 36.6835 9.22151 0.4
      vertex 35.8935 9.22151 0.4
    endloop
  endfacet
  facet normal 0 -1 -0
    outer loop
      vertex 36.6835 9.22151 0.4
      vertex 35.8935 9.22151 0
      vertex 36.6835 9.22151 0
    endloop
  endfacet
  facet normal -1 0 0
    outer loop
      vertex 36.6835 6.83282 0
      vertex 36.6835 9.22151 0.4
      vertex 36.6835 9.22151 0
    endloop
  endfacet
  facet normal -1 -0 0
    outer loop
      vertex 36.6835 9.22151 0.4
      vertex 36.6835 6.83282 0
      vertex 36.6835 6.83282 0.4
    endloop
  endfacet
  facet normal 0 1 -0
    outer loop
      vertex 36.6835 6.83282 0
      vertex 35.7901 6.83282 0.4
      vertex 36.6835 6.83282 0.4
    endloop
  endfacet
  facet normal 0 1 0
    outer loop
      vertex 35.7901 6.83282 0.4
      vertex 36.6835 6.83282 0
      vertex 35.7901 6.83282 0
    endloop
  endfacet
  facet normal 0.0240036 0.999712 -0
    outer loop
      vertex 35.7901 6.83282 0
      vertex 35.7143 6.83464 0.4
      vertex 35.7901 6.83282 0.4
    endloop
  endfacet
  facet normal 0.0240036 0.999712 0
    outer loop
      vertex 35.7143 6.83464 0.4
      vertex 35.7901 6.83282 0
      vertex 35.7143 6.83464 0
    endloop
  endfacet
  facet normal 1 -0 0
    outer loop
      vertex 36.3597 7.09219 0.4
      vertex 36.3597 8.96213 0
      vertex 36.3597 8.96213 0.4
    endloop
  endfacet
  facet normal 1 0 0
    outer loop
      vertex 36.3597 8.96213 0
      vertex 36.3597 7.09219 0.4
      vertex 36.3597 7.09219 0
    endloop
  endfacet
  facet normal 0 1 -0
    outer loop
      vertex 36.3597 8.96213 0
      vertex 35.9003 8.96213 0.4
      vertex 36.3597 8.96213 0.4
    endloop
  endfacet
  facet normal 0 1 0
    outer loop
      vertex 35.9003 8.96213 0.4
      vertex 36.3597 8.96213 0
      vertex 35.9003 8.96213 0
    endloop
  endfacet
  facet normal -0.0287456 0.999587 0
    outer loop
      vertex 35.9003 8.96213 0
      vertex 35.8005 8.95926 0.4
      vertex 35.9003 8.96213 0.4
    endloop
  endfacet
  facet normal -0.0287456 0.999587 0
    outer loop
      vertex 35.8005 8.95926 0.4
      vertex 35.9003 8.96213 0
      vertex 35.8005 8.95926 0
    endloop
  endfacet
  facet normal -0.0911445 0.995838 0
    outer loop
      vertex 35.8005 8.95926 0
      vertex 35.7061 8.95062 0.4
      vertex 35.8005 8.95926 0.4
    endloop
  endfacet
  facet normal -0.0911445 0.995838 0
    outer loop
      vertex 35.7061 8.95062 0.4
      vertex 35.8005 8.95926 0
      vertex 35.7061 8.95062 0
    endloop
  endfacet
  facet normal -0.159613 0.98718 0
    outer loop
      vertex 35.7061 8.95062 0
      vertex 35.6171 8.93623 0.4
      vertex 35.7061 8.95062 0.4
    endloop
  endfacet
  facet normal -0.159613 0.98718 0
    outer loop
      vertex 35.6171 8.93623 0.4
      vertex 35.7061 8.95062 0
      vertex 35.6171 8.93623 0
    endloop
  endfacet
  facet normal -0.234054 0.972224 0
    outer loop
      vertex 35.6171 8.93623 0
      vertex 35.5334 8.91608 0.4
      vertex 35.6171 8.93623 0.4
    endloop
  endfacet
  facet normal -0.234054 0.972224 0
    outer loop
      vertex 35.5334 8.91608 0.4
      vertex 35.6171 8.93623 0
      vertex 35.5334 8.91608 0
    endloop
  endfacet
  facet normal -0.314406 0.949289 0
    outer loop
      vertex 35.5334 8.91608 0
      vertex 35.4552 8.89018 0.4
      vertex 35.5334 8.91608 0.4
    endloop
  endfacet
  facet normal -0.314406 0.949289 0
    outer loop
      vertex 35.4552 8.89018 0.4
      vertex 35.5334 8.91608 0
      vertex 35.4552 8.89018 0
    endloop
  endfacet
  facet normal -0.398349 0.917234 0
    outer loop
      vertex 35.4552 8.89018 0
      vertex 35.3823 8.85852 0.4
      vertex 35.4552 8.89018 0.4
    endloop
  endfacet
  facet normal -0.398349 0.917234 0
    outer loop
      vertex 35.3823 8.85852 0.4
      vertex 35.4552 8.89018 0
      vertex 35.3823 8.85852 0
    endloop
  endfacet
  facet normal -0.484752 0.874652 0
    outer loop
      vertex 35.3823 8.85852 0
      vertex 35.3148 8.82111 0.4
      vertex 35.3823 8.85852 0.4
    endloop
  endfacet
  facet normal -0.484752 0.874652 0
    outer loop
      vertex 35.3148 8.82111 0.4
      vertex 35.3823 8.85852 0
      vertex 35.3148 8.82111 0
    endloop
  endfacet
  facet normal -0.570797 0.821091 0
    outer loop
      vertex 35.3148 8.82111 0
      vertex 35.2527 8.77794 0.4
      vertex 35.3148 8.82111 0.4
    endloop
  endfacet
  facet normal -0.570797 0.821091 0
    outer loop
      vertex 35.2527 8.77794 0.4
      vertex 35.3148 8.82111 0
      vertex 35.2527 8.77794 0
    endloop
  endfacet
  facet normal -0.652744 0.757578 0
    outer loop
      vertex 35.2527 8.77794 0
      vertex 35.1959 8.729 0.4
      vertex 35.2527 8.77794 0.4
    endloop
  endfacet
  facet normal -0.652744 0.757578 0
    outer loop
      vertex 35.1959 8.729 0.4
      vertex 35.2527 8.77794 0
      vertex 35.1959 8.729 0
    endloop
  endfacet
  facet normal -0.729474 0.684008 0
    outer loop
      vertex 35.1449 8.67461 0
      vertex 35.1959 8.729 0.4
      vertex 35.1959 8.729 0
    endloop
  endfacet
  facet normal -0.729474 0.684008 0
    outer loop
      vertex 35.1959 8.729 0.4
      vertex 35.1449 8.67461 0
      vertex 35.1449 8.67461 0.4
    endloop
  endfacet
  facet normal -0.797619 0.603162 0
    outer loop
      vertex 35.0998 8.61497 0
      vertex 35.1449 8.67461 0.4
      vertex 35.1449 8.67461 0
    endloop
  endfacet
  facet normal -0.797619 0.603162 0
    outer loop
      vertex 35.1449 8.67461 0.4
      vertex 35.0998 8.61497 0
      vertex 35.0998 8.61497 0.4
    endloop
  endfacet
  facet normal -0.856243 0.516573 0
    outer loop
      vertex 35.0607 8.55016 0
      vertex 35.0998 8.61497 0.4
      vertex 35.0998 8.61497 0
    endloop
  endfacet
  facet normal -0.856243 0.516573 0
    outer loop
      vertex 35.0998 8.61497 0.4
      vertex 35.0607 8.55016 0
      vertex 35.0607 8.55016 0.4
    endloop
  endfacet
  facet normal -0.90462 0.42622 0
    outer loop
      vertex 35.0277 8.48012 0
      vertex 35.0607 8.55016 0.4
      vertex 35.0607 8.55016 0
    endloop
  endfacet
  facet normal -0.90462 0.42622 0
    outer loop
      vertex 35.0607 8.55016 0.4
      vertex 35.0277 8.48012 0
      vertex 35.0277 8.48012 0.4
    endloop
  endfacet
  facet normal -0.94126 0.337683 0
    outer loop
      vertex 35.0007 8.40486 0
      vertex 35.0277 8.48012 0.4
      vertex 35.0277 8.48012 0
    endloop
  endfacet
  facet normal -0.94126 0.337683 0
    outer loop
      vertex 35.0277 8.48012 0.4
      vertex 35.0007 8.40486 0
      vertex 35.0007 8.40486 0.4
    endloop
  endfacet
  facet normal -0.967594 0.25251 0
    outer loop
      vertex 34.9797 8.32439 0
      vertex 35.0007 8.40486 0.4
      vertex 35.0007 8.40486 0
    endloop
  endfacet
  facet normal -0.967594 0.25251 0
    outer loop
      vertex 35.0007 8.40486 0.4
      vertex 34.9797 8.32439 0
      vertex 34.9797 8.32439 0.4
    endloop
  endfacet
  facet normal -0.984819 0.173582 0
    outer loop
      vertex 34.9646 8.23872 0
      vertex 34.9797 8.32439 0.4
      vertex 34.9797 8.32439 0
    endloop
  endfacet
  facet normal -0.984819 0.173582 0
    outer loop
      vertex 34.9797 8.32439 0.4
      vertex 34.9646 8.23872 0
      vertex 34.9646 8.23872 0.4
    endloop
  endfacet
  facet normal -0.995133 0.0985389 0
    outer loop
      vertex 34.9556 8.14783 0
      vertex 34.9646 8.23872 0.4
      vertex 34.9646 8.23872 0
    endloop
  endfacet
  facet normal -0.995133 0.0985389 0
    outer loop
      vertex 34.9646 8.23872 0.4
      vertex 34.9556 8.14783 0
      vertex 34.9556 8.14783 0.4
    endloop
  endfacet
  facet normal -0.999513 0.0312023 0
    outer loop
      vertex 34.9526 8.05173 0
      vertex 34.9556 8.14783 0.4
      vertex 34.9556 8.14783 0
    endloop
  endfacet
  facet normal -0.999513 0.0312023 0
    outer loop
      vertex 34.9556 8.14783 0.4
      vertex 34.9526 8.05173 0
      vertex 34.9526 8.05173 0.4
    endloop
  endfacet
  facet normal -0.999797 -0.020126 0
    outer loop
      vertex 34.9539 7.98715 0
      vertex 34.9526 8.05173 0.4
      vertex 34.9526 8.05173 0
    endloop
  endfacet
  facet normal -0.999797 -0.020126 0
    outer loop
      vertex 34.9526 8.05173 0.4
      vertex 34.9539 7.98715 0
      vertex 34.9539 7.98715 0.4
    endloop
  endfacet
  facet normal -0.997968 -0.063717 0
    outer loop
      vertex 34.9579 7.9245 0
      vertex 34.9539 7.98715 0.4
      vertex 34.9539 7.98715 0
    endloop
  endfacet
  facet normal -0.997968 -0.063717 0
    outer loop
      vertex 34.9539 7.98715 0.4
      vertex 34.9579 7.9245 0
      vertex 34.9579 7.9245 0.4
    endloop
  endfacet
  facet normal -0.99415 -0.108006 0
    outer loop
      vertex 34.9645 7.86375 0
      vertex 34.9579 7.9245 0.4
      vertex 34.9579 7.9245 0
    endloop
  endfacet
  facet normal -0.99415 -0.108006 0
    outer loop
      vertex 34.9579 7.9245 0.4
      vertex 34.9645 7.86375 0
      vertex 34.9645 7.86375 0.4
    endloop
  endfacet
  facet normal -0.98798 -0.154582 0
    outer loop
      vertex 34.9737 7.80495 0
      vertex 34.9645 7.86375 0.4
      vertex 34.9645 7.86375 0
    endloop
  endfacet
  facet normal -0.98798 -0.154582 0
    outer loop
      vertex 34.9645 7.86375 0.4
      vertex 34.9737 7.80495 0
      vertex 34.9737 7.80495 0.4
    endloop
  endfacet
  facet normal -0.978815 -0.204744 0
    outer loop
      vertex 34.9856 7.74806 0
      vertex 34.9737 7.80495 0.4
      vertex 34.9737 7.80495 0
    endloop
  endfacet
  facet normal -0.978815 -0.204744 0
    outer loop
      vertex 34.9737 7.80495 0.4
      vertex 34.9856 7.74806 0
      vertex 34.9856 7.74806 0.4
    endloop
  endfacet
  facet normal -0.966915 -0.255099 0
    outer loop
      vertex 35.0001 7.6931 0
      vertex 34.9856 7.74806 0.4
      vertex 34.9856 7.74806 0
    endloop
  endfacet
  facet normal -0.966915 -0.255099 0
    outer loop
      vertex 34.9856 7.74806 0.4
      vertex 35.0001 7.6931 0
      vertex 35.0001 7.6931 0.4
    endloop
  endfacet
  facet normal -0.951759 -0.306845 0
    outer loop
      vertex 35.0172 7.64006 0
      vertex 35.0001 7.6931 0.4
      vertex 35.0001 7.6931 0
    endloop
  endfacet
  facet normal -0.951759 -0.306845 0
    outer loop
      vertex 35.0001 7.6931 0.4
      vertex 35.0172 7.64006 0
      vertex 35.0172 7.64006 0.4
    endloop
  endfacet
  facet normal -0.932449 -0.361301 0
    outer loop
      vertex 35.037 7.58896 0
      vertex 35.0172 7.64006 0.4
      vertex 35.0172 7.64006 0
    endloop
  endfacet
  facet normal -0.932449 -0.361301 0
    outer loop
      vertex 35.0172 7.64006 0.4
      vertex 35.037 7.58896 0
      vertex 35.037 7.58896 0.4
    endloop
  endfacet
  facet normal -0.910113 -0.41436 0
    outer loop
      vertex 35.0594 7.53976 0
      vertex 35.037 7.58896 0.4
      vertex 35.037 7.58896 0
    endloop
  endfacet
  facet normal -0.910113 -0.41436 0
    outer loop
      vertex 35.037 7.58896 0.4
      vertex 35.0594 7.53976 0
      vertex 35.0594 7.53976 0.4
    endloop
  endfacet
  facet normal -0.883486 -0.468458 0
    outer loop
      vertex 35.0843 7.4928 0
      vertex 35.0594 7.53976 0.4
      vertex 35.0594 7.53976 0
    endloop
  endfacet
  facet normal -0.883486 -0.468458 0
    outer loop
      vertex 35.0594 7.53976 0.4
      vertex 35.0843 7.4928 0
      vertex 35.0843 7.4928 0.4
    endloop
  endfacet
  facet normal -0.852973 -0.521954 0
    outer loop
      vertex 35.1115 7.44835 0
      vertex 35.0843 7.4928 0.4
      vertex 35.0843 7.4928 0
    endloop
  endfacet
  facet normal -0.852973 -0.521954 0
    outer loop
      vertex 35.0843 7.4928 0.4
      vertex 35.1115 7.44835 0
      vertex 35.1115 7.44835 0.4
    endloop
  endfacet
  facet normal -0.818911 -0.573921 0
    outer loop
      vertex 35.1409 7.4064 0
      vertex 35.1115 7.44835 0.4
      vertex 35.1115 7.44835 0
    endloop
  endfacet
  facet normal -0.818911 -0.573921 0
    outer loop
      vertex 35.1115 7.44835 0.4
      vertex 35.1409 7.4064 0
      vertex 35.1409 7.4064 0.4
    endloop
  endfacet
  facet normal -0.779362 -0.626573 0
    outer loop
      vertex 35.1726 7.36697 0
      vertex 35.1409 7.4064 0.4
      vertex 35.1409 7.4064 0
    endloop
  endfacet
  facet normal -0.779362 -0.626573 0
    outer loop
      vertex 35.1409 7.4064 0.4
      vertex 35.1726 7.36697 0
      vertex 35.1726 7.36697 0.4
    endloop
  endfacet
  facet normal -0.735597 -0.677419 0
    outer loop
      vertex 35.2066 7.33005 0
      vertex 35.1726 7.36697 0.4
      vertex 35.1726 7.36697 0
    endloop
  endfacet
  facet normal -0.735597 -0.677419 0
    outer loop
      vertex 35.1726 7.36697 0.4
      vertex 35.2066 7.33005 0
      vertex 35.2066 7.33005 0.4
    endloop
  endfacet
  facet normal -0.687961 -0.725748 0
    outer loop
      vertex 35.2066 7.33005 0
      vertex 35.2429 7.29564 0.4
      vertex 35.2066 7.33005 0.4
    endloop
  endfacet
  facet normal -0.687961 -0.725748 -0
    outer loop
      vertex 35.2429 7.29564 0.4
      vertex 35.2066 7.33005 0
      vertex 35.2429 7.29564 0
    endloop
  endfacet
  facet normal -0.637155 -0.770736 0
    outer loop
      vertex 35.2429 7.29564 0
      vertex 35.2815 7.26373 0.4
      vertex 35.2429 7.29564 0.4
    endloop
  endfacet
  facet normal -0.637155 -0.770736 -0
    outer loop
      vertex 35.2815 7.26373 0.4
      vertex 35.2429 7.29564 0
      vertex 35.2815 7.26373 0
    endloop
  endfacet
  facet normal -0.584488 -0.811402 0
    outer loop
      vertex 35.2815 7.26373 0
      vertex 35.3223 7.23434 0.4
      vertex 35.2815 7.26373 0.4
    endloop
  endfacet
  facet normal -0.584488 -0.811402 -0
    outer loop
      vertex 35.3223 7.23434 0.4
      vertex 35.2815 7.26373 0
      vertex 35.3223 7.23434 0
    endloop
  endfacet
  facet normal -0.529043 -0.848595 0
    outer loop
      vertex 35.3223 7.23434 0
      vertex 35.3654 7.20747 0.4
      vertex 35.3223 7.23434 0.4
    endloop
  endfacet
  facet normal -0.529043 -0.848595 -0
    outer loop
      vertex 35.3654 7.20747 0.4
      vertex 35.3223 7.23434 0
      vertex 35.3654 7.20747 0
    endloop
  endfacet
  facet normal -0.472818 -0.88116 0
    outer loop
      vertex 35.3654 7.20747 0
      vertex 35.4105 7.18327 0.4
      vertex 35.3654 7.20747 0.4
    endloop
  endfacet
  facet normal -0.472818 -0.88116 -0
    outer loop
      vertex 35.4105 7.18327 0.4
      vertex 35.3654 7.20747 0
      vertex 35.4105 7.18327 0
    endloop
  endfacet
  facet normal -0.416359 -0.9092 0
    outer loop
      vertex 35.4105 7.18327 0
      vertex 35.4571 7.16193 0.4
      vertex 35.4105 7.18327 0.4
    endloop
  endfacet
  facet normal -0.416359 -0.9092 -0
    outer loop
      vertex 35.4571 7.16193 0.4
      vertex 35.4105 7.18327 0
      vertex 35.4571 7.16193 0
    endloop
  endfacet
  facet normal -0.35833 -0.933595 0
    outer loop
      vertex 35.4571 7.16193 0
      vertex 35.5053 7.14343 0.4
      vertex 35.4571 7.16193 0.4
    endloop
  endfacet
  facet normal -0.35833 -0.933595 -0
    outer loop
      vertex 35.5053 7.14343 0.4
      vertex 35.4571 7.16193 0
      vertex 35.5053 7.14343 0
    endloop
  endfacet
  facet normal -0.299802 -0.954002 0
    outer loop
      vertex 35.5053 7.14343 0
      vertex 35.5551 7.12778 0.4
      vertex 35.5053 7.14343 0.4
    endloop
  endfacet
  facet normal -0.299802 -0.954002 -0
    outer loop
      vertex 35.5551 7.12778 0.4
      vertex 35.5053 7.14343 0
      vertex 35.5551 7.12778 0
    endloop
  endfacet
  facet normal -0.242447 -0.970165 0
    outer loop
      vertex 35.5551 7.12778 0
      vertex 35.6064 7.11496 0.4
      vertex 35.5551 7.12778 0.4
    endloop
  endfacet
  facet normal -0.242447 -0.970165 -0
    outer loop
      vertex 35.6064 7.11496 0.4
      vertex 35.5551 7.12778 0
      vertex 35.6064 7.11496 0
    endloop
  endfacet
  facet normal -0.184849 -0.982767 0
    outer loop
      vertex 35.6064 7.11496 0
      vertex 35.6593 7.10501 0.4
      vertex 35.6064 7.11496 0.4
    endloop
  endfacet
  facet normal -0.184849 -0.982767 -0
    outer loop
      vertex 35.6593 7.10501 0.4
      vertex 35.6064 7.11496 0
      vertex 35.6593 7.10501 0
    endloop
  endfacet
  facet normal -0.129541 -0.991574 0
    outer loop
      vertex 35.6593 7.10501 0
      vertex 35.7138 7.09789 0.4
      vertex 35.6593 7.10501 0.4
    endloop
  endfacet
  facet normal -0.129541 -0.991574 -0
    outer loop
      vertex 35.7138 7.09789 0.4
      vertex 35.6593 7.10501 0
      vertex 35.7138 7.09789 0
    endloop
  endfacet
  facet normal -0.0762063 -0.997092 0
    outer loop
      vertex 35.7138 7.09789 0
      vertex 35.7698 7.09361 0.4
      vertex 35.7138 7.09789 0.4
    endloop
  endfacet
  facet normal -0.0762063 -0.997092 -0
    outer loop
      vertex 35.7698 7.09361 0.4
      vertex 35.7138 7.09789 0
      vertex 35.7698 7.09361 0
    endloop
  endfacet
  facet normal -0.0246453 -0.999696 0
    outer loop
      vertex 35.7698 7.09361 0
      vertex 35.8274 7.09219 0.4
      vertex 35.7698 7.09361 0.4
    endloop
  endfacet
  facet normal -0.0246453 -0.999696 -0
    outer loop
      vertex 35.8274 7.09219 0.4
      vertex 35.7698 7.09361 0
      vertex 35.8274 7.09219 0
    endloop
  endfacet
  facet normal 0 -1 0
    outer loop
      vertex 35.8274 7.09219 0
      vertex 36.3597 7.09219 0.4
      vertex 35.8274 7.09219 0.4
    endloop
  endfacet
  facet normal 0 -1 -0
    outer loop
      vertex 36.3597 7.09219 0.4
      vertex 35.8274 7.09219 0
      vertex 36.3597 7.09219 0
    endloop
  endfacet
  facet normal 0 -1 0
    outer loop
      vertex 45.7466 7.2041 0
      vertex 46.0771 7.2041 0.4
      vertex 45.7466 7.2041 0.4
    endloop
  endfacet
  facet normal 0 -1 -0
    outer loop
      vertex 46.0771 7.2041 0.4
      vertex 45.7466 7.2041 0
      vertex 46.0771 7.2041 0
    endloop
  endfacet
  facet normal -1 0 0
    outer loop
      vertex 46.0771 6.83282 0
      vertex 46.0771 7.2041 0.4
      vertex 46.0771 7.2041 0
    endloop
  endfacet
  facet normal -1 -0 0
    outer loop
      vertex 46.0771 7.2041 0.4
      vertex 46.0771 6.83282 0
      vertex 46.0771 6.83282 0.4
    endloop
  endfacet
  facet normal 0 1 -0
    outer loop
      vertex 46.0771 6.83282 0
      vertex 45.7466 6.83282 0.4
      vertex 46.0771 6.83282 0.4
    endloop
  endfacet
  facet normal 0 1 0
    outer loop
      vertex 45.7466 6.83282 0.4
      vertex 46.0771 6.83282 0
      vertex 45.7466 6.83282 0
    endloop
  endfacet
  facet normal 1 -0 0
    outer loop
      vertex 45.7466 6.83282 0.4
      vertex 45.7466 7.2041 0
      vertex 45.7466 7.2041 0.4
    endloop
  endfacet
  facet normal 1 0 0
    outer loop
      vertex 45.7466 7.2041 0
      vertex 45.7466 6.83282 0.4
      vertex 45.7466 6.83282 0
    endloop
  endfacet
  facet normal 0 -1 0
    outer loop
      vertex 42.9187 7.2041 0
      vertex 43.2492 7.2041 0.4
      vertex 42.9187 7.2041 0.4
    endloop
  endfacet
  facet normal 0 -1 -0
    outer loop
      vertex 43.2492 7.2041 0.4
      vertex 42.9187 7.2041 0
      vertex 43.2492 7.2041 0
    endloop
  endfacet
  facet normal -1 0 0
    outer loop
      vertex 43.2492 6.83282 0
      vertex 43.2492 7.2041 0.4
      vertex 43.2492 7.2041 0
    endloop
  endfacet
  facet normal -1 -0 0
    outer loop
      vertex 43.2492 7.2041 0.4
      vertex 43.2492 6.83282 0
      vertex 43.2492 6.83282 0.4
    endloop
  endfacet
  facet normal 0 1 -0
    outer loop
      vertex 43.2492 6.83282 0
      vertex 42.9187 6.83282 0.4
      vertex 43.2492 6.83282 0.4
    endloop
  endfacet
  facet normal 0 1 0
    outer loop
      vertex 42.9187 6.83282 0.4
      vertex 43.2492 6.83282 0
      vertex 42.9187 6.83282 0
    endloop
  endfacet
  facet normal 1 -0 0
    outer loop
      vertex 42.9187 6.83282 0.4
      vertex 42.9187 7.2041 0
      vertex 42.9187 7.2041 0.4
    endloop
  endfacet
  facet normal 1 0 0
    outer loop
      vertex 42.9187 7.2041 0
      vertex 42.9187 6.83282 0.4
      vertex 42.9187 6.83282 0
    endloop
  endfacet
endsolid OpenSCAD_Model
