solid OpenSCAD_Model
  facet normal -0.336939 0.941527 0
    outer loop
      vertex 2.12914 42.4708 0
      vertex 1.85194 42.3716 15.6
      vertex 2.12914 42.4708 15.6
    endloop
  endfacet
  facet normal -0.336939 0.941527 0
    outer loop
      vertex 1.85194 42.3716 15.6
      vertex 2.12914 42.4708 0
      vertex 1.85194 42.3716 0
    endloop
  endfacet
  facet normal -0.989178 -0.146723 0
    outer loop
      vertex 0.0576324 2.41472 0
      vertex 0.0144348 2.70595 15.6
      vertex 0.0144348 2.70595 0
    endloop
  endfacet
  facet normal -0.989178 -0.146723 0
    outer loop
      vertex 0.0144348 2.70595 15.6
      vertex 0.0576324 2.41472 0
      vertex 0.0576324 2.41472 15.6
    endloop
  endfacet
  facet normal -0.998797 -0.0490306 0
    outer loop
      vertex 0.0144348 2.70595 0
      vertex 0 3 15.6
      vertex 0 3 0
    endloop
  endfacet
  facet normal -0.998797 -0.0490306 0
    outer loop
      vertex 0 3 15.6
      vertex 0.0144348 2.70595 0
      vertex 0.0144348 2.70595 15.6
    endloop
  endfacet
  facet normal -0.595696 -0.80321 0
    outer loop
      vertex 1.09682 0.680954 0
      vertex 1.33328 0.505585 15.6
      vertex 1.09682 0.680954 15.6
    endloop
  endfacet
  facet normal -0.595696 -0.80321 -0
    outer loop
      vertex 1.33328 0.505585 15.6
      vertex 1.09682 0.680954 0
      vertex 1.33328 0.505585 0
    endloop
  endfacet
  facet normal 1 -0 0
    outer loop
      vertex 82 3 15.6
      vertex 82 39.6 0
      vertex 82 39.6 15.6
    endloop
  endfacet
  facet normal 1 0 0
    outer loop
      vertex 82 39.6 0
      vertex 82 3 15.6
      vertex 82 3 0
    endloop
  endfacet
  facet normal 0 1 0
    outer loop
      vertex 48 42.6 13.7
      vertex 79 42.6 15.6
      vertex 55 42.6 13.7
    endloop
  endfacet
  facet normal 0 1 0
    outer loop
      vertex 79 42.6 15.6
      vertex 55 42.6 11.2
      vertex 55 42.6 13.7
    endloop
  endfacet
  facet normal 0 1 0
    outer loop
      vertex 55 42.6 11.2
      vertex 79 42.6 0
      vertex 48 42.6 11.2
    endloop
  endfacet
  facet normal 0 1 -0
    outer loop
      vertex 79 42.6 0
      vertex 55 42.6 11.2
      vertex 79 42.6 15.6
    endloop
  endfacet
  facet normal 0 1 0
    outer loop
      vertex 79 42.6 15.6
      vertex 48 42.6 13.7
      vertex 3 42.6 15.6
    endloop
  endfacet
  facet normal 0 1 -0
    outer loop
      vertex 48 42.6 11.2
      vertex 3 42.6 15.6
      vertex 48 42.6 13.7
    endloop
  endfacet
  facet normal 0 1 0
    outer loop
      vertex 3 42.6 0
      vertex 48 42.6 11.2
      vertex 79 42.6 0
    endloop
  endfacet
  facet normal 0 1 0
    outer loop
      vertex 48 42.6 11.2
      vertex 3 42.6 0
      vertex 3 42.6 15.6
    endloop
  endfacet
  facet normal -0.970016 0.243043 0
    outer loop
      vertex 0.0576324 40.1853 0
      vertex 0.129166 40.4708 15.6
      vertex 0.129166 40.4708 0
    endloop
  endfacet
  facet normal -0.970016 0.243043 0
    outer loop
      vertex 0.129166 40.4708 15.6
      vertex 0.0576324 40.1853 0
      vertex 0.0576324 40.1853 15.6
    endloop
  endfacet
  facet normal -0.803258 0.595631 0
    outer loop
      vertex 0.505585 41.2667 0
      vertex 0.680954 41.5032 15.6
      vertex 0.680954 41.5032 0
    endloop
  endfacet
  facet normal -0.803258 0.595631 0
    outer loop
      vertex 0.680954 41.5032 15.6
      vertex 0.505585 41.2667 0
      vertex 0.505585 41.2667 15.6
    endloop
  endfacet
  facet normal -0.740869 0.67165 0
    outer loop
      vertex 0.680954 41.5032 0
      vertex 0.878677 41.7213 15.6
      vertex 0.878677 41.7213 0
    endloop
  endfacet
  facet normal -0.740869 0.67165 0
    outer loop
      vertex 0.878677 41.7213 15.6
      vertex 0.680954 41.5032 0
      vertex 0.680954 41.5032 15.6
    endloop
  endfacet
  facet normal -1 0 0
    outer loop
      vertex 0 39.6 0
      vertex 0 29 5.6
      vertex 0 39.6 15.6
    endloop
  endfacet
  facet normal -1 0 0
    outer loop
      vertex 0 3 0
      vertex 0 29 5.6
      vertex 0 39.6 0
    endloop
  endfacet
  facet normal -1 -0 0
    outer loop
      vertex 0 29 5.6
      vertex 0 3 0
      vertex 0 13 5.6
    endloop
  endfacet
  facet normal -1 0 0
    outer loop
      vertex 0 3 15.6
      vertex 0 13 5.6
      vertex 0 3 0
    endloop
  endfacet
  facet normal -1 0 0
    outer loop
      vertex 0 13 5.6
      vertex 0 3 15.6
      vertex 0 13 15.6
    endloop
  endfacet
  facet normal -1 -0 0
    outer loop
      vertex 0 39.6 15.6
      vertex 0 29 5.6
      vertex 0 29 15.6
    endloop
  endfacet
  facet normal 0 -1 0
    outer loop
      vertex 3 0 15.6
      vertex 48 0 13.7
      vertex 79 0 15.6
    endloop
  endfacet
  facet normal 0 -1 0
    outer loop
      vertex 3 0 15.6
      vertex 48 0 11.2
      vertex 48 0 13.7
    endloop
  endfacet
  facet normal 0 -1 0
    outer loop
      vertex 79 0 0
      vertex 48 0 11.2
      vertex 3 0 0
    endloop
  endfacet
  facet normal 0 -1 0
    outer loop
      vertex 3 0 0
      vertex 48 0 11.2
      vertex 3 0 15.6
    endloop
  endfacet
  facet normal 0 -1 0
    outer loop
      vertex 55 0 13.7
      vertex 79 0 15.6
      vertex 48 0 13.7
    endloop
  endfacet
  facet normal 0 -1 0
    outer loop
      vertex 55 0 11.2
      vertex 79 0 15.6
      vertex 55 0 13.7
    endloop
  endfacet
  facet normal 0 -1 0
    outer loop
      vertex 48 0 11.2
      vertex 79 0 0
      vertex 55 0 11.2
    endloop
  endfacet
  facet normal 0 -1 0
    outer loop
      vertex 55 0 11.2
      vertex 79 0 0
      vertex 79 0 15.6
    endloop
  endfacet
  facet normal 0.514246 0.857643 -0
    outer loop
      vertex 80.6667 42.0944 0
      vertex 80.4142 42.2458 15.6
      vertex 80.6667 42.0944 15.6
    endloop
  endfacet
  facet normal 0.514246 0.857643 0
    outer loop
      vertex 80.4142 42.2458 15.6
      vertex 80.6667 42.0944 0
      vertex 80.4142 42.2458 0
    endloop
  endfacet
  facet normal 0.969962 0.243255 0
    outer loop
      vertex 81.9424 40.1853 15.6
      vertex 81.8708 40.4708 0
      vertex 81.8708 40.4708 15.6
    endloop
  endfacet
  facet normal 0.969962 0.243255 0
    outer loop
      vertex 81.8708 40.4708 0
      vertex 81.9424 40.1853 15.6
      vertex 81.9424 40.1853 0
    endloop
  endfacet
  facet normal 0.146688 -0.989183 0
    outer loop
      vertex 79.294 0.0144348 0
      vertex 79.5853 0.0576324 15.6
      vertex 79.294 0.0144348 15.6
    endloop
  endfacet
  facet normal 0.146688 -0.989183 0
    outer loop
      vertex 79.5853 0.0576324 15.6
      vertex 79.294 0.0144348 0
      vertex 79.5853 0.0576324 0
    endloop
  endfacet
  facet normal -0.671577 -0.740935 0
    outer loop
      vertex 0.878677 0.878677 0
      vertex 1.09682 0.680954 15.6
      vertex 0.878677 0.878677 15.6
    endloop
  endfacet
  facet normal -0.671577 -0.740935 -0
    outer loop
      vertex 1.09682 0.680954 15.6
      vertex 0.878677 0.878677 0
      vertex 1.09682 0.680954 0
    endloop
  endfacet
  facet normal 0.904125 0.427269 0
    outer loop
      vertex 81.7716 40.748 15.6
      vertex 81.6458 41.0142 0
      vertex 81.6458 41.0142 15.6
    endloop
  endfacet
  facet normal 0.904125 0.427269 0
    outer loop
      vertex 81.6458 41.0142 0
      vertex 81.7716 40.748 15.6
      vertex 81.7716 40.748 0
    endloop
  endfacet
  facet normal 0.941527 0.336939 0
    outer loop
      vertex 81.8708 40.4708 15.6
      vertex 81.7716 40.748 0
      vertex 81.7716 40.748 15.6
    endloop
  endfacet
  facet normal 0.941527 0.336939 0
    outer loop
      vertex 81.7716 40.748 0
      vertex 81.8708 40.4708 15.6
      vertex 81.8708 40.4708 0
    endloop
  endfacet
  facet normal -0.0492515 0.998786 0
    outer loop
      vertex 3 42.6 0
      vertex 2.70595 42.5855 15.6
      vertex 3 42.6 15.6
    endloop
  endfacet
  facet normal -0.0492515 0.998786 0
    outer loop
      vertex 2.70595 42.5855 15.6
      vertex 3 42.6 0
      vertex 2.70595 42.5855 0
    endloop
  endfacet
  facet normal 0.243043 -0.970016 0
    outer loop
      vertex 79.5853 0.0576324 0
      vertex 79.8708 0.129166 15.6
      vertex 79.5853 0.0576324 15.6
    endloop
  endfacet
  facet normal 0.243043 -0.970016 0
    outer loop
      vertex 79.8708 0.129166 15.6
      vertex 79.5853 0.0576324 0
      vertex 79.8708 0.129166 0
    endloop
  endfacet
  facet normal 0.0490389 -0.998797 0
    outer loop
      vertex 79 0 0
      vertex 79.294 0.0144348 15.6
      vertex 79 0 15.6
    endloop
  endfacet
  facet normal 0.0490389 -0.998797 0
    outer loop
      vertex 79.294 0.0144348 15.6
      vertex 79 0 0
      vertex 79.294 0.0144348 0
    endloop
  endfacet
  facet normal -0.336885 -0.941546 0
    outer loop
      vertex 1.85194 0.228348 0
      vertex 2.12914 0.129166 15.6
      vertex 1.85194 0.228348 15.6
    endloop
  endfacet
  facet normal -0.336885 -0.941546 -0
    outer loop
      vertex 2.12914 0.129166 15.6
      vertex 1.85194 0.228348 0
      vertex 2.12914 0.129166 0
    endloop
  endfacet
  facet normal 0.969978 -0.243191 0
    outer loop
      vertex 81.8708 2.12914 15.6
      vertex 81.9424 2.41472 0
      vertex 81.9424 2.41472 15.6
    endloop
  endfacet
  facet normal 0.969978 -0.243191 0
    outer loop
      vertex 81.9424 2.41472 0
      vertex 81.8708 2.12914 15.6
      vertex 81.8708 2.12914 0
    endloop
  endfacet
  facet normal -0.857733 -0.514096 0
    outer loop
      vertex 0.505585 1.33328 0
      vertex 0.354233 1.5858 15.6
      vertex 0.354233 1.5858 0
    endloop
  endfacet
  facet normal -0.857733 -0.514096 0
    outer loop
      vertex 0.354233 1.5858 15.6
      vertex 0.505585 1.33328 0
      vertex 0.505585 1.33328 15.6
    endloop
  endfacet
  facet normal 0.998786 0.0492599 0
    outer loop
      vertex 82 39.6 15.6
      vertex 81.9855 39.894 0
      vertex 81.9855 39.894 15.6
    endloop
  endfacet
  facet normal 0.998786 0.0492599 0
    outer loop
      vertex 81.9855 39.894 0
      vertex 82 39.6 15.6
      vertex 82 39.6 0
    endloop
  endfacet
  facet normal -0.595764 0.80316 0
    outer loop
      vertex 1.33328 42.0944 0
      vertex 1.09682 41.919 15.6
      vertex 1.33328 42.0944 15.6
    endloop
  endfacet
  facet normal -0.595764 0.80316 0
    outer loop
      vertex 1.09682 41.919 15.6
      vertex 1.33328 42.0944 0
      vertex 1.09682 41.919 0
    endloop
  endfacet
  facet normal 0.595631 -0.803258 0
    outer loop
      vertex 80.6667 0.505585 0
      vertex 80.9032 0.680954 15.6
      vertex 80.6667 0.505585 15.6
    endloop
  endfacet
  facet normal 0.595631 -0.803258 0
    outer loop
      vertex 80.9032 0.680954 15.6
      vertex 80.6667 0.505585 0
      vertex 80.9032 0.680954 0
    endloop
  endfacet
  facet normal -0.427347 0.904088 0
    outer loop
      vertex 1.85194 42.3716 0
      vertex 1.5858 42.2458 15.6
      vertex 1.85194 42.3716 15.6
    endloop
  endfacet
  facet normal -0.427347 0.904088 0
    outer loop
      vertex 1.5858 42.2458 15.6
      vertex 1.85194 42.3716 0
      vertex 1.5858 42.2458 0
    endloop
  endfacet
  facet normal 0.803208 0.595699 0
    outer loop
      vertex 81.4944 41.2667 15.6
      vertex 81.319 41.5032 0
      vertex 81.319 41.5032 15.6
    endloop
  endfacet
  facet normal 0.803208 0.595699 0
    outer loop
      vertex 81.319 41.5032 0
      vertex 81.4944 41.2667 15.6
      vertex 81.4944 41.2667 0
    endloop
  endfacet
  facet normal 0.904088 -0.427347 0
    outer loop
      vertex 81.6458 1.5858 15.6
      vertex 81.7716 1.85194 0
      vertex 81.7716 1.85194 15.6
    endloop
  endfacet
  facet normal 0.904088 -0.427347 0
    outer loop
      vertex 81.7716 1.85194 0
      vertex 81.6458 1.5858 15.6
      vertex 81.6458 1.5858 0
    endloop
  endfacet
  facet normal -0.146731 0.989176 0
    outer loop
      vertex 2.70595 42.5855 0
      vertex 2.41472 42.5423 15.6
      vertex 2.70595 42.5855 15.6
    endloop
  endfacet
  facet normal -0.146731 0.989176 0
    outer loop
      vertex 2.41472 42.5423 15.6
      vertex 2.70595 42.5855 0
      vertex 2.41472 42.5423 0
    endloop
  endfacet
  facet normal 0.857661 -0.514216 0
    outer loop
      vertex 81.4944 1.33328 15.6
      vertex 81.6458 1.5858 0
      vertex 81.6458 1.5858 15.6
    endloop
  endfacet
  facet normal 0.857661 -0.514216 0
    outer loop
      vertex 81.6458 1.5858 0
      vertex 81.4944 1.33328 15.6
      vertex 81.4944 1.33328 0
    endloop
  endfacet
  facet normal 0.80316 -0.595764 0
    outer loop
      vertex 81.319 1.09682 15.6
      vertex 81.4944 1.33328 0
      vertex 81.4944 1.33328 15.6
    endloop
  endfacet
  facet normal 0.80316 -0.595764 0
    outer loop
      vertex 81.4944 1.33328 0
      vertex 81.319 1.09682 15.6
      vertex 81.319 1.09682 0
    endloop
  endfacet
  facet normal 0.740908 0.671607 0
    outer loop
      vertex 81.319 41.5032 15.6
      vertex 81.1213 41.7213 0
      vertex 81.1213 41.7213 15.6
    endloop
  endfacet
  facet normal 0.740908 0.671607 0
    outer loop
      vertex 81.1213 41.7213 0
      vertex 81.319 41.5032 15.6
      vertex 81.319 41.5032 0
    endloop
  endfacet
  facet normal -0.242871 0.970059 0
    outer loop
      vertex 2.41472 42.5423 0
      vertex 2.12914 42.4708 15.6
      vertex 2.41472 42.5423 15.6
    endloop
  endfacet
  facet normal -0.242871 0.970059 0
    outer loop
      vertex 2.12914 42.4708 15.6
      vertex 2.41472 42.5423 0
      vertex 2.12914 42.4708 0
    endloop
  endfacet
  facet normal 0.146696 0.989182 -0
    outer loop
      vertex 79.5853 42.5423 0
      vertex 79.294 42.5855 15.6
      vertex 79.5853 42.5423 15.6
    endloop
  endfacet
  facet normal 0.146696 0.989182 0
    outer loop
      vertex 79.294 42.5855 15.6
      vertex 79.5853 42.5423 0
      vertex 79.294 42.5855 0
    endloop
  endfacet
  facet normal 0.989231 0.146364 0
    outer loop
      vertex 81.9855 39.894 15.6
      vertex 81.9424 40.1853 0
      vertex 81.9424 40.1853 15.6
    endloop
  endfacet
  facet normal 0.989231 0.146364 0
    outer loop
      vertex 81.9424 40.1853 0
      vertex 81.9855 39.894 15.6
      vertex 81.9855 39.894 0
    endloop
  endfacet
  facet normal -0.857715 0.514126 0
    outer loop
      vertex 0.354233 41.0142 0
      vertex 0.505585 41.2667 15.6
      vertex 0.505585 41.2667 0
    endloop
  endfacet
  facet normal -0.857715 0.514126 0
    outer loop
      vertex 0.505585 41.2667 15.6
      vertex 0.354233 41.0142 0
      vertex 0.354233 41.0142 15.6
    endloop
  endfacet
  facet normal 0.671607 0.740908 -0
    outer loop
      vertex 81.1213 41.7213 0
      vertex 80.9032 41.919 15.6
      vertex 81.1213 41.7213 15.6
    endloop
  endfacet
  facet normal 0.671607 0.740908 0
    outer loop
      vertex 80.9032 41.919 15.6
      vertex 81.1213 41.7213 0
      vertex 80.9032 41.919 0
    endloop
  endfacet
  facet normal 0.67165 -0.740869 0
    outer loop
      vertex 80.9032 0.680954 0
      vertex 81.1213 0.878677 15.6
      vertex 80.9032 0.680954 15.6
    endloop
  endfacet
  facet normal 0.67165 -0.740869 0
    outer loop
      vertex 81.1213 0.878677 15.6
      vertex 80.9032 0.680954 0
      vertex 81.1213 0.878677 0
    endloop
  endfacet
  facet normal 0.427505 -0.904013 0
    outer loop
      vertex 80.148 0.228348 0
      vertex 80.4142 0.354233 15.6
      vertex 80.148 0.228348 15.6
    endloop
  endfacet
  facet normal 0.427505 -0.904013 0
    outer loop
      vertex 80.4142 0.354233 15.6
      vertex 80.148 0.228348 0
      vertex 80.4142 0.354233 0
    endloop
  endfacet
  facet normal -0.514216 0.857661 0
    outer loop
      vertex 1.5858 42.2458 0
      vertex 1.33328 42.0944 15.6
      vertex 1.5858 42.2458 15.6
    endloop
  endfacet
  facet normal -0.514216 0.857661 0
    outer loop
      vertex 1.33328 42.0944 15.6
      vertex 1.5858 42.2458 0
      vertex 1.33328 42.0944 0
    endloop
  endfacet
  facet normal -0.970032 -0.242979 0
    outer loop
      vertex 0.129166 2.12914 0
      vertex 0.0576324 2.41472 15.6
      vertex 0.0576324 2.41472 0
    endloop
  endfacet
  facet normal -0.970032 -0.242979 0
    outer loop
      vertex 0.0576324 2.41472 15.6
      vertex 0.129166 2.12914 0
      vertex 0.129166 2.12914 15.6
    endloop
  endfacet
  facet normal 0.0492599 0.998786 -0
    outer loop
      vertex 79.294 42.5855 0
      vertex 79 42.6 15.6
      vertex 79.294 42.5855 15.6
    endloop
  endfacet
  facet normal 0.0492599 0.998786 0
    outer loop
      vertex 79 42.6 15.6
      vertex 79.294 42.5855 0
      vertex 79 42.6 0
    endloop
  endfacet
  facet normal 0.242935 0.970042 -0
    outer loop
      vertex 79.8708 42.4708 0
      vertex 79.5853 42.5423 15.6
      vertex 79.8708 42.4708 15.6
    endloop
  endfacet
  facet normal 0.242935 0.970042 0
    outer loop
      vertex 79.5853 42.5423 15.6
      vertex 79.8708 42.4708 0
      vertex 79.5853 42.5423 0
    endloop
  endfacet
  facet normal -0.998797 0.0490389 0
    outer loop
      vertex 0 39.6 0
      vertex 0.0144348 39.894 15.6
      vertex 0.0144348 39.894 0
    endloop
  endfacet
  facet normal -0.998797 0.0490389 0
    outer loop
      vertex 0.0144348 39.894 15.6
      vertex 0 39.6 0
      vertex 0 39.6 15.6
    endloop
  endfacet
  facet normal -0.941546 0.336885 0
    outer loop
      vertex 0.129166 40.4708 0
      vertex 0.228348 40.748 15.6
      vertex 0.228348 40.748 0
    endloop
  endfacet
  facet normal -0.941546 0.336885 0
    outer loop
      vertex 0.228348 40.748 15.6
      vertex 0.129166 40.4708 0
      vertex 0.129166 40.4708 15.6
    endloop
  endfacet
  facet normal 0.427269 0.904125 -0
    outer loop
      vertex 80.4142 42.2458 0
      vertex 80.148 42.3716 15.6
      vertex 80.4142 42.2458 15.6
    endloop
  endfacet
  facet normal 0.427269 0.904125 0
    outer loop
      vertex 80.148 42.3716 15.6
      vertex 80.4142 42.2458 0
      vertex 80.148 42.3716 0
    endloop
  endfacet
  facet normal 0.514126 -0.857715 0
    outer loop
      vertex 80.4142 0.354233 0
      vertex 80.6667 0.505585 15.6
      vertex 80.4142 0.354233 15.6
    endloop
  endfacet
  facet normal 0.514126 -0.857715 0
    outer loop
      vertex 80.6667 0.505585 15.6
      vertex 80.4142 0.354233 0
      vertex 80.6667 0.505585 0
    endloop
  endfacet
  facet normal 0.336885 -0.941546 0
    outer loop
      vertex 79.8708 0.129166 0
      vertex 80.148 0.228348 15.6
      vertex 79.8708 0.129166 15.6
    endloop
  endfacet
  facet normal 0.336885 -0.941546 0
    outer loop
      vertex 80.148 0.228348 15.6
      vertex 79.8708 0.129166 0
      vertex 80.148 0.228348 0
    endloop
  endfacet
  facet normal -0.671534 0.740974 0
    outer loop
      vertex 1.09682 41.919 0
      vertex 0.878677 41.7213 15.6
      vertex 1.09682 41.919 15.6
    endloop
  endfacet
  facet normal -0.671534 0.740974 0
    outer loop
      vertex 0.878677 41.7213 15.6
      vertex 1.09682 41.919 0
      vertex 0.878677 41.7213 0
    endloop
  endfacet
  facet normal -0.80321 -0.595696 0
    outer loop
      vertex 0.680954 1.09682 0
      vertex 0.505585 1.33328 15.6
      vertex 0.505585 1.33328 0
    endloop
  endfacet
  facet normal -0.80321 -0.595696 0
    outer loop
      vertex 0.505585 1.33328 15.6
      vertex 0.680954 1.09682 0
      vertex 0.680954 1.09682 15.6
    endloop
  endfacet
  facet normal 0.595699 0.803208 -0
    outer loop
      vertex 80.9032 41.919 0
      vertex 80.6667 42.0944 15.6
      vertex 80.9032 41.919 15.6
    endloop
  endfacet
  facet normal 0.595699 0.803208 0
    outer loop
      vertex 80.6667 42.0944 15.6
      vertex 80.9032 41.919 0
      vertex 80.6667 42.0944 0
    endloop
  endfacet
  facet normal -0.427583 -0.903976 0
    outer loop
      vertex 1.5858 0.354233 0
      vertex 1.85194 0.228348 15.6
      vertex 1.5858 0.354233 15.6
    endloop
  endfacet
  facet normal -0.427583 -0.903976 -0
    outer loop
      vertex 1.85194 0.228348 15.6
      vertex 1.5858 0.354233 0
      vertex 1.85194 0.228348 0
    endloop
  endfacet
  facet normal -0.146723 -0.989178 0
    outer loop
      vertex 2.41472 0.0576324 0
      vertex 2.70595 0.0144348 15.6
      vertex 2.41472 0.0576324 15.6
    endloop
  endfacet
  facet normal -0.146723 -0.989178 -0
    outer loop
      vertex 2.70595 0.0144348 15.6
      vertex 2.41472 0.0576324 0
      vertex 2.70595 0.0144348 0
    endloop
  endfacet
  facet normal 0.857643 0.514246 0
    outer loop
      vertex 81.6458 41.0142 15.6
      vertex 81.4944 41.2667 0
      vertex 81.4944 41.2667 15.6
    endloop
  endfacet
  facet normal 0.857643 0.514246 0
    outer loop
      vertex 81.4944 41.2667 0
      vertex 81.6458 41.0142 15.6
      vertex 81.6458 41.0142 0
    endloop
  endfacet
  facet normal -0 0 1
    outer loop
      vertex 0 13 15.6
      vertex 3 3.59999 15.6
      vertex 3 13 15.6
    endloop
  endfacet
  facet normal 0 -0 1
    outer loop
      vertex 0.0144348 2.70595 15.6
      vertex 3 3.59999 15.6
      vertex 0 3 15.6
    endloop
  endfacet
  facet normal 0 0 1
    outer loop
      vertex 3 3.59999 15.6
      vertex 2.70595 0.0144348 15.6
      vertex 3 0 15.6
    endloop
  endfacet
  facet normal 0 0 1
    outer loop
      vertex 3 3.59999 15.6
      vertex 2.41472 0.0576324 15.6
      vertex 2.70595 0.0144348 15.6
    endloop
  endfacet
  facet normal 0 0 1
    outer loop
      vertex 3 3.59999 15.6
      vertex 2.12914 0.129166 15.6
      vertex 2.41472 0.0576324 15.6
    endloop
  endfacet
  facet normal 0 0 1
    outer loop
      vertex 3 3.59999 15.6
      vertex 1.85194 0.228348 15.6
      vertex 2.12914 0.129166 15.6
    endloop
  endfacet
  facet normal 0 0 1
    outer loop
      vertex 3 3.59999 15.6
      vertex 1.5858 0.354233 15.6
      vertex 1.85194 0.228348 15.6
    endloop
  endfacet
  facet normal 0 0 1
    outer loop
      vertex 3 3.59999 15.6
      vertex 1.33328 0.505585 15.6
      vertex 1.5858 0.354233 15.6
    endloop
  endfacet
  facet normal 0 0 1
    outer loop
      vertex 3 3.59999 15.6
      vertex 1.09682 0.680954 15.6
      vertex 1.33328 0.505585 15.6
    endloop
  endfacet
  facet normal 0 0 1
    outer loop
      vertex 3 3.59999 15.6
      vertex 0.878677 0.878677 15.6
      vertex 1.09682 0.680954 15.6
    endloop
  endfacet
  facet normal 0 0 1
    outer loop
      vertex 3 3.59999 15.6
      vertex 0.680954 1.09682 15.6
      vertex 0.878677 0.878677 15.6
    endloop
  endfacet
  facet normal 0 0 1
    outer loop
      vertex 3 3.59999 15.6
      vertex 0.505585 1.33328 15.6
      vertex 0.680954 1.09682 15.6
    endloop
  endfacet
  facet normal 0 0 1
    outer loop
      vertex 3 3.59999 15.6
      vertex 0.354233 1.5858 15.6
      vertex 0.505585 1.33328 15.6
    endloop
  endfacet
  facet normal 0 0 1
    outer loop
      vertex 3 3.59999 15.6
      vertex 0.228348 1.85194 15.6
      vertex 0.354233 1.5858 15.6
    endloop
  endfacet
  facet normal 0 0 1
    outer loop
      vertex 3 3.59999 15.6
      vertex 0.129166 2.12914 15.6
      vertex 0.228348 1.85194 15.6
    endloop
  endfacet
  facet normal 0 0 1
    outer loop
      vertex 3 3.59999 15.6
      vertex 0.0576324 2.41472 15.6
      vertex 0.129166 2.12914 15.6
    endloop
  endfacet
  facet normal 0 0 1
    outer loop
      vertex 3 3.59999 15.6
      vertex 0 13 15.6
      vertex 0 3 15.6
    endloop
  endfacet
  facet normal 0 0 1
    outer loop
      vertex 3 3.59999 15.6
      vertex 0.0144348 2.70595 15.6
      vertex 0.0576324 2.41472 15.6
    endloop
  endfacet
  facet normal 0 0 1
    outer loop
      vertex 82 39.6 15.6
      vertex 78.9971 39.0588 15.6
      vertex 79 39 15.6
    endloop
  endfacet
  facet normal 0 0 1
    outer loop
      vertex 79.294 42.5855 15.6
      vertex 78.9885 39.1171 15.6
      vertex 78.9971 39.0588 15.6
    endloop
  endfacet
  facet normal 0 0 1
    outer loop
      vertex 79.294 42.5855 15.6
      vertex 78.9742 39.1742 15.6
      vertex 78.9885 39.1171 15.6
    endloop
  endfacet
  facet normal 0 0 1
    outer loop
      vertex 79.294 42.5855 15.6
      vertex 78.9543 39.2296 15.6
      vertex 78.9742 39.1742 15.6
    endloop
  endfacet
  facet normal 0 0 1
    outer loop
      vertex 79.294 42.5855 15.6
      vertex 78.9291 39.2828 15.6
      vertex 78.9543 39.2296 15.6
    endloop
  endfacet
  facet normal 0 0 1
    outer loop
      vertex 79.294 42.5855 15.6
      vertex 78.8989 39.3333 15.6
      vertex 78.9291 39.2828 15.6
    endloop
  endfacet
  facet normal 0 0 1
    outer loop
      vertex 79.294 42.5855 15.6
      vertex 78.8638 39.3806 15.6
      vertex 78.8989 39.3333 15.6
    endloop
  endfacet
  facet normal 0 0 1
    outer loop
      vertex 79.294 42.5855 15.6
      vertex 78.8242 39.4243 15.6
      vertex 78.8638 39.3806 15.6
    endloop
  endfacet
  facet normal 0 0 1
    outer loop
      vertex 79.294 42.5855 15.6
      vertex 78.7806 39.4638 15.6
      vertex 78.8242 39.4243 15.6
    endloop
  endfacet
  facet normal 0 0 1
    outer loop
      vertex 79.294 42.5855 15.6
      vertex 78.7333 39.4989 15.6
      vertex 78.7806 39.4638 15.6
    endloop
  endfacet
  facet normal 0 0 1
    outer loop
      vertex 79.294 42.5855 15.6
      vertex 78.6828 39.5291 15.6
      vertex 78.7333 39.4989 15.6
    endloop
  endfacet
  facet normal 0 0 1
    outer loop
      vertex 79.294 42.5855 15.6
      vertex 78.6296 39.5543 15.6
      vertex 78.6828 39.5291 15.6
    endloop
  endfacet
  facet normal 0 0 1
    outer loop
      vertex 79.294 42.5855 15.6
      vertex 78.5742 39.5742 15.6
      vertex 78.6296 39.5543 15.6
    endloop
  endfacet
  facet normal 0 0 1
    outer loop
      vertex 79 42.6 15.6
      vertex 78.517 39.5885 15.6
      vertex 78.5742 39.5742 15.6
    endloop
  endfacet
  facet normal 0 0 1
    outer loop
      vertex 79 42.6 15.6
      vertex 78.4588 39.5971 15.6
      vertex 78.517 39.5885 15.6
    endloop
  endfacet
  facet normal 0 0 1
    outer loop
      vertex 79 42.6 15.6
      vertex 78.4 39.6 15.6
      vertex 78.4588 39.5971 15.6
    endloop
  endfacet
  facet normal 0 0 1
    outer loop
      vertex 79 42.6 15.6
      vertex 3.59999 39.6 15.6
      vertex 78.4 39.6 15.6
    endloop
  endfacet
  facet normal -0 0 1
    outer loop
      vertex 3 42.6 15.6
      vertex 3.59999 39.6 15.6
      vertex 79 42.6 15.6
    endloop
  endfacet
  facet normal 0 0 1
    outer loop
      vertex 3 42.6 15.6
      vertex 3.54118 39.5971 15.6
      vertex 3.59999 39.6 15.6
    endloop
  endfacet
  facet normal 0 0 1
    outer loop
      vertex 3 42.6 15.6
      vertex 3.48294 39.5885 15.6
      vertex 3.54118 39.5971 15.6
    endloop
  endfacet
  facet normal 0 0 1
    outer loop
      vertex 3 42.6 15.6
      vertex 3.42583 39.5742 15.6
      vertex 3.48294 39.5885 15.6
    endloop
  endfacet
  facet normal -0 0 1
    outer loop
      vertex 2.70595 42.5855 15.6
      vertex 3.42583 39.5742 15.6
      vertex 3 42.6 15.6
    endloop
  endfacet
  facet normal 0 0 1
    outer loop
      vertex 3.42583 39.5742 15.6
      vertex 2.70595 42.5855 15.6
      vertex 3.37038 39.5543 15.6
    endloop
  endfacet
  facet normal -0 0 1
    outer loop
      vertex 2.41472 42.5423 15.6
      vertex 3.37038 39.5543 15.6
      vertex 2.70595 42.5855 15.6
    endloop
  endfacet
  facet normal 0 0 1
    outer loop
      vertex 3.37038 39.5543 15.6
      vertex 2.41472 42.5423 15.6
      vertex 3.31715 39.5291 15.6
    endloop
  endfacet
  facet normal -0 0 1
    outer loop
      vertex 2.12914 42.4708 15.6
      vertex 3.31715 39.5291 15.6
      vertex 2.41472 42.5423 15.6
    endloop
  endfacet
  facet normal -0 0 1
    outer loop
      vertex 1.85194 42.3716 15.6
      vertex 3.31715 39.5291 15.6
      vertex 2.12914 42.4708 15.6
    endloop
  endfacet
  facet normal 0 0 1
    outer loop
      vertex 3.31715 39.5291 15.6
      vertex 1.85194 42.3716 15.6
      vertex 3.26665 39.4989 15.6
    endloop
  endfacet
  facet normal -0 0 1
    outer loop
      vertex 1.5858 42.2458 15.6
      vertex 3.26665 39.4989 15.6
      vertex 1.85194 42.3716 15.6
    endloop
  endfacet
  facet normal 0 0 1
    outer loop
      vertex 3.26665 39.4989 15.6
      vertex 1.5858 42.2458 15.6
      vertex 3.21936 39.4638 15.6
    endloop
  endfacet
  facet normal -0 0 1
    outer loop
      vertex 1.33328 42.0944 15.6
      vertex 3.21936 39.4638 15.6
      vertex 1.5858 42.2458 15.6
    endloop
  endfacet
  facet normal -0 0 1
    outer loop
      vertex 1.09682 41.919 15.6
      vertex 3.21936 39.4638 15.6
      vertex 1.33328 42.0944 15.6
    endloop
  endfacet
  facet normal 0 0 1
    outer loop
      vertex 3.21936 39.4638 15.6
      vertex 1.09682 41.919 15.6
      vertex 3.17574 39.4243 15.6
    endloop
  endfacet
  facet normal -0 0 1
    outer loop
      vertex 0.878677 41.7213 15.6
      vertex 3.17574 39.4243 15.6
      vertex 1.09682 41.919 15.6
    endloop
  endfacet
  facet normal -0 0 1
    outer loop
      vertex 0.680954 41.5032 15.6
      vertex 3.17574 39.4243 15.6
      vertex 0.878677 41.7213 15.6
    endloop
  endfacet
  facet normal 0 0 1
    outer loop
      vertex 3.17574 39.4243 15.6
      vertex 0.680954 41.5032 15.6
      vertex 3.13618 39.3806 15.6
    endloop
  endfacet
  facet normal -0 0 1
    outer loop
      vertex 0.505585 41.2667 15.6
      vertex 3.13618 39.3806 15.6
      vertex 0.680954 41.5032 15.6
    endloop
  endfacet
  facet normal 0 0 1
    outer loop
      vertex 3.13618 39.3806 15.6
      vertex 0.505585 41.2667 15.6
      vertex 3.1011 39.3333 15.6
    endloop
  endfacet
  facet normal -0 0 1
    outer loop
      vertex 0.354233 41.0142 15.6
      vertex 3.1011 39.3333 15.6
      vertex 0.505585 41.2667 15.6
    endloop
  endfacet
  facet normal -0 0 1
    outer loop
      vertex 0.228348 40.748 15.6
      vertex 3.1011 39.3333 15.6
      vertex 0.354233 41.0142 15.6
    endloop
  endfacet
  facet normal 0 0 1
    outer loop
      vertex 3.1011 39.3333 15.6
      vertex 0.228348 40.748 15.6
      vertex 3.07085 39.2828 15.6
    endloop
  endfacet
  facet normal -0 0 1
    outer loop
      vertex 0.129166 40.4708 15.6
      vertex 3.07085 39.2828 15.6
      vertex 0.228348 40.748 15.6
    endloop
  endfacet
  facet normal 0 0 1
    outer loop
      vertex 3.07085 39.2828 15.6
      vertex 0.129166 40.4708 15.6
      vertex 3.04567 39.2296 15.6
    endloop
  endfacet
  facet normal -0 0 1
    outer loop
      vertex 0.0576324 40.1853 15.6
      vertex 3.04567 39.2296 15.6
      vertex 0.129166 40.4708 15.6
    endloop
  endfacet
  facet normal -0 0 1
    outer loop
      vertex 0.0144348 39.894 15.6
      vertex 3.04567 39.2296 15.6
      vertex 0.0576324 40.1853 15.6
    endloop
  endfacet
  facet normal 0 0 1
    outer loop
      vertex 3.04567 39.2296 15.6
      vertex 0.0144348 39.894 15.6
      vertex 3.02583 39.1742 15.6
    endloop
  endfacet
  facet normal -0 0 1
    outer loop
      vertex 0 39.6 15.6
      vertex 3.02583 39.1742 15.6
      vertex 0.0144348 39.894 15.6
    endloop
  endfacet
  facet normal 0 0 1
    outer loop
      vertex 3.02583 39.1742 15.6
      vertex 0 39.6 15.6
      vertex 3.01152 39.1171 15.6
    endloop
  endfacet
  facet normal 0 0 1
    outer loop
      vertex 3.01152 39.1171 15.6
      vertex 0 39.6 15.6
      vertex 3.00288 39.0588 15.6
    endloop
  endfacet
  facet normal 0 0 1
    outer loop
      vertex 3.00288 39.0588 15.6
      vertex 0 39.6 15.6
      vertex 3 39 15.6
    endloop
  endfacet
  facet normal 0 0 1
    outer loop
      vertex 0 29 15.6
      vertex 3 39 15.6
      vertex 0 39.6 15.6
    endloop
  endfacet
  facet normal 0 0 1
    outer loop
      vertex 3 39 15.6
      vertex 0 29 15.6
      vertex 3 29 15.6
    endloop
  endfacet
  facet normal 0 0 1
    outer loop
      vertex 78.9971 39.0588 15.6
      vertex 82 39.6 15.6
      vertex 81.9855 39.894 15.6
    endloop
  endfacet
  facet normal 0 0 1
    outer loop
      vertex 82 39.6 15.6
      vertex 79 39 15.6
      vertex 82 3 15.6
    endloop
  endfacet
  facet normal 0 0 1
    outer loop
      vertex 78.9971 39.0588 15.6
      vertex 81.9855 39.894 15.6
      vertex 81.9424 40.1853 15.6
    endloop
  endfacet
  facet normal -0 0 1
    outer loop
      vertex 79 3.59999 15.6
      vertex 82 3 15.6
      vertex 79 39 15.6
    endloop
  endfacet
  facet normal 0 0 1
    outer loop
      vertex 78.9971 39.0588 15.6
      vertex 81.9424 40.1853 15.6
      vertex 81.8708 40.4708 15.6
    endloop
  endfacet
  facet normal -0 0 1
    outer loop
      vertex 78.9971 3.54118 15.6
      vertex 82 3 15.6
      vertex 79 3.59999 15.6
    endloop
  endfacet
  facet normal 0 0 1
    outer loop
      vertex 78.9971 39.0588 15.6
      vertex 81.8708 40.4708 15.6
      vertex 81.7716 40.748 15.6
    endloop
  endfacet
  facet normal -0 0 1
    outer loop
      vertex 78.9885 3.48294 15.6
      vertex 82 3 15.6
      vertex 78.9971 3.54118 15.6
    endloop
  endfacet
  facet normal 0 0 1
    outer loop
      vertex 78.9971 39.0588 15.6
      vertex 81.7716 40.748 15.6
      vertex 81.6458 41.0142 15.6
    endloop
  endfacet
  facet normal -0 0 1
    outer loop
      vertex 78.9742 3.42583 15.6
      vertex 82 3 15.6
      vertex 78.9885 3.48294 15.6
    endloop
  endfacet
  facet normal 0 0 1
    outer loop
      vertex 78.9971 39.0588 15.6
      vertex 81.6458 41.0142 15.6
      vertex 81.4944 41.2667 15.6
    endloop
  endfacet
  facet normal 0 0 1
    outer loop
      vertex 82 3 15.6
      vertex 78.9742 3.42583 15.6
      vertex 81.9855 2.70595 15.6
    endloop
  endfacet
  facet normal 0 0 1
    outer loop
      vertex 78.9971 39.0588 15.6
      vertex 81.4944 41.2667 15.6
      vertex 81.319 41.5032 15.6
    endloop
  endfacet
  facet normal -0 0 1
    outer loop
      vertex 78.9543 3.37038 15.6
      vertex 81.9855 2.70595 15.6
      vertex 78.9742 3.42583 15.6
    endloop
  endfacet
  facet normal 0 0 1
    outer loop
      vertex 78.9971 39.0588 15.6
      vertex 81.319 41.5032 15.6
      vertex 81.1213 41.7213 15.6
    endloop
  endfacet
  facet normal 0 0 1
    outer loop
      vertex 81.9855 2.70595 15.6
      vertex 78.9543 3.37038 15.6
      vertex 81.9424 2.41472 15.6
    endloop
  endfacet
  facet normal 0 0 1
    outer loop
      vertex 78.9971 39.0588 15.6
      vertex 81.1213 41.7213 15.6
      vertex 80.9032 41.919 15.6
    endloop
  endfacet
  facet normal 0 0 1
    outer loop
      vertex 81.9424 2.41472 15.6
      vertex 78.9543 3.37038 15.6
      vertex 81.8708 2.12914 15.6
    endloop
  endfacet
  facet normal 0 0 1
    outer loop
      vertex 78.9971 39.0588 15.6
      vertex 80.9032 41.919 15.6
      vertex 80.6667 42.0944 15.6
    endloop
  endfacet
  facet normal -0 0 1
    outer loop
      vertex 78.9291 3.31715 15.6
      vertex 81.8708 2.12914 15.6
      vertex 78.9543 3.37038 15.6
    endloop
  endfacet
  facet normal 0 0 1
    outer loop
      vertex 78.9971 39.0588 15.6
      vertex 80.6667 42.0944 15.6
      vertex 80.4142 42.2458 15.6
    endloop
  endfacet
  facet normal 0 0 1
    outer loop
      vertex 81.8708 2.12914 15.6
      vertex 78.9291 3.31715 15.6
      vertex 81.7716 1.85194 15.6
    endloop
  endfacet
  facet normal 0 0 1
    outer loop
      vertex 78.9971 39.0588 15.6
      vertex 80.4142 42.2458 15.6
      vertex 80.148 42.3716 15.6
    endloop
  endfacet
  facet normal -0 0 1
    outer loop
      vertex 78.8989 3.26665 15.6
      vertex 81.7716 1.85194 15.6
      vertex 78.9291 3.31715 15.6
    endloop
  endfacet
  facet normal 0 0 1
    outer loop
      vertex 78.9971 39.0588 15.6
      vertex 80.148 42.3716 15.6
      vertex 79.8708 42.4708 15.6
    endloop
  endfacet
  facet normal 0 0 1
    outer loop
      vertex 81.7716 1.85194 15.6
      vertex 78.8989 3.26665 15.6
      vertex 81.6458 1.5858 15.6
    endloop
  endfacet
  facet normal 0 0 1
    outer loop
      vertex 78.9971 39.0588 15.6
      vertex 79.8708 42.4708 15.6
      vertex 79.5853 42.5423 15.6
    endloop
  endfacet
  facet normal 0 0 1
    outer loop
      vertex 81.6458 1.5858 15.6
      vertex 78.8989 3.26665 15.6
      vertex 81.4944 1.33328 15.6
    endloop
  endfacet
  facet normal 0 0 1
    outer loop
      vertex 78.9971 39.0588 15.6
      vertex 79.5853 42.5423 15.6
      vertex 79.294 42.5855 15.6
    endloop
  endfacet
  facet normal -0 0 1
    outer loop
      vertex 78.8638 3.21936 15.6
      vertex 81.4944 1.33328 15.6
      vertex 78.8989 3.26665 15.6
    endloop
  endfacet
  facet normal 0 0 1
    outer loop
      vertex 78.5742 39.5742 15.6
      vertex 79.294 42.5855 15.6
      vertex 79 42.6 15.6
    endloop
  endfacet
  facet normal 0 0 1
    outer loop
      vertex 81.4944 1.33328 15.6
      vertex 78.8638 3.21936 15.6
      vertex 81.319 1.09682 15.6
    endloop
  endfacet
  facet normal -0 0 1
    outer loop
      vertex 78.8242 3.17574 15.6
      vertex 81.319 1.09682 15.6
      vertex 78.8638 3.21936 15.6
    endloop
  endfacet
  facet normal 0 0 1
    outer loop
      vertex 81.319 1.09682 15.6
      vertex 78.8242 3.17574 15.6
      vertex 81.1213 0.878677 15.6
    endloop
  endfacet
  facet normal 0 0 1
    outer loop
      vertex 81.1213 0.878677 15.6
      vertex 78.8242 3.17574 15.6
      vertex 80.9032 0.680954 15.6
    endloop
  endfacet
  facet normal -0 0 1
    outer loop
      vertex 78.7806 3.13618 15.6
      vertex 80.9032 0.680954 15.6
      vertex 78.8242 3.17574 15.6
    endloop
  endfacet
  facet normal 0 0 1
    outer loop
      vertex 80.9032 0.680954 15.6
      vertex 78.7806 3.13618 15.6
      vertex 80.6667 0.505585 15.6
    endloop
  endfacet
  facet normal 0 0 1
    outer loop
      vertex 80.6667 0.505585 15.6
      vertex 78.7806 3.13618 15.6
      vertex 80.4142 0.354233 15.6
    endloop
  endfacet
  facet normal -0 0 1
    outer loop
      vertex 78.7333 3.1011 15.6
      vertex 80.4142 0.354233 15.6
      vertex 78.7806 3.13618 15.6
    endloop
  endfacet
  facet normal 0 0 1
    outer loop
      vertex 80.4142 0.354233 15.6
      vertex 78.7333 3.1011 15.6
      vertex 80.148 0.228348 15.6
    endloop
  endfacet
  facet normal -0 0 1
    outer loop
      vertex 78.6828 3.07085 15.6
      vertex 80.148 0.228348 15.6
      vertex 78.7333 3.1011 15.6
    endloop
  endfacet
  facet normal 0 0 1
    outer loop
      vertex 80.148 0.228348 15.6
      vertex 78.6828 3.07085 15.6
      vertex 79.8708 0.129166 15.6
    endloop
  endfacet
  facet normal 0 0 1
    outer loop
      vertex 79.8708 0.129166 15.6
      vertex 78.6828 3.07085 15.6
      vertex 79.5853 0.0576324 15.6
    endloop
  endfacet
  facet normal -0 0 1
    outer loop
      vertex 78.6296 3.04567 15.6
      vertex 79.5853 0.0576324 15.6
      vertex 78.6828 3.07085 15.6
    endloop
  endfacet
  facet normal 0 0 1
    outer loop
      vertex 79.5853 0.0576324 15.6
      vertex 78.6296 3.04567 15.6
      vertex 79.294 0.0144348 15.6
    endloop
  endfacet
  facet normal -0 0 1
    outer loop
      vertex 78.5742 3.02583 15.6
      vertex 79.294 0.0144348 15.6
      vertex 78.6296 3.04567 15.6
    endloop
  endfacet
  facet normal 0 0 1
    outer loop
      vertex 79.294 0.0144348 15.6
      vertex 78.5742 3.02583 15.6
      vertex 79 0 15.6
    endloop
  endfacet
  facet normal -0 0 1
    outer loop
      vertex 78.517 3.01152 15.6
      vertex 79 0 15.6
      vertex 78.5742 3.02583 15.6
    endloop
  endfacet
  facet normal -0 0 1
    outer loop
      vertex 78.4588 3.00288 15.6
      vertex 79 0 15.6
      vertex 78.517 3.01152 15.6
    endloop
  endfacet
  facet normal -0 0 1
    outer loop
      vertex 78.4 3 15.6
      vertex 79 0 15.6
      vertex 78.4588 3.00288 15.6
    endloop
  endfacet
  facet normal -0 0 1
    outer loop
      vertex 3.59999 3 15.6
      vertex 79 0 15.6
      vertex 78.4 3 15.6
    endloop
  endfacet
  facet normal 0 0 1
    outer loop
      vertex 3.59999 3 15.6
      vertex 3 0 15.6
      vertex 79 0 15.6
    endloop
  endfacet
  facet normal 0 0 1
    outer loop
      vertex 3.54118 3.00288 15.6
      vertex 3 0 15.6
      vertex 3.59999 3 15.6
    endloop
  endfacet
  facet normal 0 0 1
    outer loop
      vertex 3.48294 3.01152 15.6
      vertex 3 0 15.6
      vertex 3.54118 3.00288 15.6
    endloop
  endfacet
  facet normal 0 0 1
    outer loop
      vertex 3.42583 3.02583 15.6
      vertex 3 0 15.6
      vertex 3.48294 3.01152 15.6
    endloop
  endfacet
  facet normal 0 0 1
    outer loop
      vertex 3.37038 3.04567 15.6
      vertex 3 0 15.6
      vertex 3.42583 3.02583 15.6
    endloop
  endfacet
  facet normal 0 0 1
    outer loop
      vertex 3.31715 3.07085 15.6
      vertex 3 0 15.6
      vertex 3.37038 3.04567 15.6
    endloop
  endfacet
  facet normal 0 0 1
    outer loop
      vertex 3.26665 3.1011 15.6
      vertex 3 0 15.6
      vertex 3.31715 3.07085 15.6
    endloop
  endfacet
  facet normal 0 0 1
    outer loop
      vertex 3.21936 3.13618 15.6
      vertex 3 0 15.6
      vertex 3.26665 3.1011 15.6
    endloop
  endfacet
  facet normal 0 0 1
    outer loop
      vertex 3.17574 3.17574 15.6
      vertex 3 0 15.6
      vertex 3.21936 3.13618 15.6
    endloop
  endfacet
  facet normal 0 0 1
    outer loop
      vertex 3.13618 3.21936 15.6
      vertex 3 0 15.6
      vertex 3.17574 3.17574 15.6
    endloop
  endfacet
  facet normal 0 0 1
    outer loop
      vertex 3.1011 3.26665 15.6
      vertex 3 0 15.6
      vertex 3.13618 3.21936 15.6
    endloop
  endfacet
  facet normal 0 0 1
    outer loop
      vertex 3.07085 3.31715 15.6
      vertex 3 0 15.6
      vertex 3.1011 3.26665 15.6
    endloop
  endfacet
  facet normal 0 0 1
    outer loop
      vertex 3.04567 3.37038 15.6
      vertex 3 0 15.6
      vertex 3.07085 3.31715 15.6
    endloop
  endfacet
  facet normal 0 0 1
    outer loop
      vertex 3.02583 3.42583 15.6
      vertex 3 0 15.6
      vertex 3.04567 3.37038 15.6
    endloop
  endfacet
  facet normal 0 0 1
    outer loop
      vertex 3.01152 3.48294 15.6
      vertex 3 0 15.6
      vertex 3.02583 3.42583 15.6
    endloop
  endfacet
  facet normal 0 0 1
    outer loop
      vertex 3.00288 3.54118 15.6
      vertex 3 0 15.6
      vertex 3.01152 3.48294 15.6
    endloop
  endfacet
  facet normal 0 0 1
    outer loop
      vertex 3 0 15.6
      vertex 3.00288 3.54118 15.6
      vertex 3 3.59999 15.6
    endloop
  endfacet
  facet normal -0.904013 0.427505 0
    outer loop
      vertex 0.228348 40.748 0
      vertex 0.354233 41.0142 15.6
      vertex 0.354233 41.0142 0
    endloop
  endfacet
  facet normal -0.904013 0.427505 0
    outer loop
      vertex 0.354233 41.0142 15.6
      vertex 0.228348 40.748 0
      vertex 0.228348 40.748 15.6
    endloop
  endfacet
  facet normal -0.740935 -0.671577 0
    outer loop
      vertex 0.878677 0.878677 0
      vertex 0.680954 1.09682 15.6
      vertex 0.680954 1.09682 0
    endloop
  endfacet
  facet normal -0.740935 -0.671577 0
    outer loop
      vertex 0.680954 1.09682 15.6
      vertex 0.878677 0.878677 0
      vertex 0.878677 0.878677 15.6
    endloop
  endfacet
  facet normal 0.989226 -0.146398 0
    outer loop
      vertex 81.9424 2.41472 15.6
      vertex 81.9855 2.70595 0
      vertex 81.9855 2.70595 15.6
    endloop
  endfacet
  facet normal 0.989226 -0.146398 0
    outer loop
      vertex 81.9855 2.70595 0
      vertex 81.9424 2.41472 15.6
      vertex 81.9424 2.41472 0
    endloop
  endfacet
  facet normal 0.336939 0.941527 -0
    outer loop
      vertex 80.148 42.3716 0
      vertex 79.8708 42.4708 15.6
      vertex 80.148 42.3716 15.6
    endloop
  endfacet
  facet normal 0.336939 0.941527 0
    outer loop
      vertex 79.8708 42.4708 15.6
      vertex 80.148 42.3716 0
      vertex 79.8708 42.4708 0
    endloop
  endfacet
  facet normal -0.989183 0.146688 0
    outer loop
      vertex 0.0144348 39.894 0
      vertex 0.0576324 40.1853 15.6
      vertex 0.0576324 40.1853 0
    endloop
  endfacet
  facet normal -0.989183 0.146688 0
    outer loop
      vertex 0.0576324 40.1853 15.6
      vertex 0.0144348 39.894 0
      vertex 0.0144348 39.894 15.6
    endloop
  endfacet
  facet normal -0.903976 -0.427583 0
    outer loop
      vertex 0.354233 1.5858 0
      vertex 0.228348 1.85194 15.6
      vertex 0.228348 1.85194 0
    endloop
  endfacet
  facet normal -0.903976 -0.427583 0
    outer loop
      vertex 0.228348 1.85194 15.6
      vertex 0.354233 1.5858 0
      vertex 0.354233 1.5858 15.6
    endloop
  endfacet
  facet normal 0.998786 -0.0492515 0
    outer loop
      vertex 81.9855 2.70595 15.6
      vertex 82 3 0
      vertex 82 3 15.6
    endloop
  endfacet
  facet normal 0.998786 -0.0492515 0
    outer loop
      vertex 82 3 0
      vertex 81.9855 2.70595 15.6
      vertex 81.9855 2.70595 0
    endloop
  endfacet
  facet normal 0.740974 -0.671534 0
    outer loop
      vertex 81.1213 0.878677 15.6
      vertex 81.319 1.09682 0
      vertex 81.319 1.09682 15.6
    endloop
  endfacet
  facet normal 0.740974 -0.671534 0
    outer loop
      vertex 81.319 1.09682 0
      vertex 81.1213 0.878677 15.6
      vertex 81.1213 0.878677 0
    endloop
  endfacet
  facet normal -0.0490306 -0.998797 0
    outer loop
      vertex 2.70595 0.0144348 0
      vertex 3 0 15.6
      vertex 2.70595 0.0144348 15.6
    endloop
  endfacet
  facet normal -0.0490306 -0.998797 -0
    outer loop
      vertex 3 0 15.6
      vertex 2.70595 0.0144348 0
      vertex 3 0 0
    endloop
  endfacet
  facet normal -0.514096 -0.857733 0
    outer loop
      vertex 1.33328 0.505585 0
      vertex 1.5858 0.354233 15.6
      vertex 1.33328 0.505585 15.6
    endloop
  endfacet
  facet normal -0.514096 -0.857733 -0
    outer loop
      vertex 1.5858 0.354233 15.6
      vertex 1.33328 0.505585 0
      vertex 1.5858 0.354233 0
    endloop
  endfacet
  facet normal 0.941527 -0.336939 0
    outer loop
      vertex 81.7716 1.85194 15.6
      vertex 81.8708 2.12914 0
      vertex 81.8708 2.12914 15.6
    endloop
  endfacet
  facet normal 0.941527 -0.336939 0
    outer loop
      vertex 81.8708 2.12914 0
      vertex 81.7716 1.85194 15.6
      vertex 81.7716 1.85194 0
    endloop
  endfacet
  facet normal -0.242979 -0.970032 0
    outer loop
      vertex 2.12914 0.129166 0
      vertex 2.41472 0.0576324 15.6
      vertex 2.12914 0.129166 15.6
    endloop
  endfacet
  facet normal -0.242979 -0.970032 -0
    outer loop
      vertex 2.41472 0.0576324 15.6
      vertex 2.12914 0.129166 0
      vertex 2.41472 0.0576324 0
    endloop
  endfacet
  facet normal 0 0 -1
    outer loop
      vertex 79 0 0
      vertex 82 3 0
      vertex 81.9855 2.70595 0
    endloop
  endfacet
  facet normal -0 0 -1
    outer loop
      vertex 82 3 0
      vertex 79 0 0
      vertex 82 39.6 0
    endloop
  endfacet
  facet normal 0 0 -1
    outer loop
      vertex 79 0 0
      vertex 81.9855 2.70595 0
      vertex 81.9424 2.41472 0
    endloop
  endfacet
  facet normal 0 0 -1
    outer loop
      vertex 79 42.6 0
      vertex 82 39.6 0
      vertex 79 0 0
    endloop
  endfacet
  facet normal 0 0 -1
    outer loop
      vertex 79 0 0
      vertex 81.9424 2.41472 0
      vertex 81.8708 2.12914 0
    endloop
  endfacet
  facet normal 0 0 -1
    outer loop
      vertex 82 39.6 0
      vertex 79 42.6 0
      vertex 81.9855 39.894 0
    endloop
  endfacet
  facet normal 0 0 -1
    outer loop
      vertex 79 0 0
      vertex 81.8708 2.12914 0
      vertex 81.7716 1.85194 0
    endloop
  endfacet
  facet normal 0 0 -1
    outer loop
      vertex 81.9855 39.894 0
      vertex 79 42.6 0
      vertex 81.9424 40.1853 0
    endloop
  endfacet
  facet normal 0 0 -1
    outer loop
      vertex 79 0 0
      vertex 81.7716 1.85194 0
      vertex 81.6458 1.5858 0
    endloop
  endfacet
  facet normal 0 0 -1
    outer loop
      vertex 81.9424 40.1853 0
      vertex 79 42.6 0
      vertex 81.8708 40.4708 0
    endloop
  endfacet
  facet normal 0 0 -1
    outer loop
      vertex 79 0 0
      vertex 81.6458 1.5858 0
      vertex 81.4944 1.33328 0
    endloop
  endfacet
  facet normal 0 0 -1
    outer loop
      vertex 81.8708 40.4708 0
      vertex 79 42.6 0
      vertex 81.7716 40.748 0
    endloop
  endfacet
  facet normal 0 0 -1
    outer loop
      vertex 79 0 0
      vertex 81.4944 1.33328 0
      vertex 81.319 1.09682 0
    endloop
  endfacet
  facet normal 0 0 -1
    outer loop
      vertex 81.7716 40.748 0
      vertex 79 42.6 0
      vertex 81.6458 41.0142 0
    endloop
  endfacet
  facet normal 0 0 -1
    outer loop
      vertex 79 0 0
      vertex 81.319 1.09682 0
      vertex 81.1213 0.878677 0
    endloop
  endfacet
  facet normal 0 0 -1
    outer loop
      vertex 81.6458 41.0142 0
      vertex 79 42.6 0
      vertex 81.4944 41.2667 0
    endloop
  endfacet
  facet normal 0 0 -1
    outer loop
      vertex 79 0 0
      vertex 81.1213 0.878677 0
      vertex 80.9032 0.680954 0
    endloop
  endfacet
  facet normal 0 0 -1
    outer loop
      vertex 81.4944 41.2667 0
      vertex 79 42.6 0
      vertex 81.319 41.5032 0
    endloop
  endfacet
  facet normal 0 0 -1
    outer loop
      vertex 79 0 0
      vertex 80.9032 0.680954 0
      vertex 80.6667 0.505585 0
    endloop
  endfacet
  facet normal 0 0 -1
    outer loop
      vertex 81.319 41.5032 0
      vertex 79 42.6 0
      vertex 81.1213 41.7213 0
    endloop
  endfacet
  facet normal 0 0 -1
    outer loop
      vertex 79 0 0
      vertex 80.6667 0.505585 0
      vertex 80.4142 0.354233 0
    endloop
  endfacet
  facet normal 0 0 -1
    outer loop
      vertex 81.1213 41.7213 0
      vertex 79 42.6 0
      vertex 80.9032 41.919 0
    endloop
  endfacet
  facet normal 0 0 -1
    outer loop
      vertex 79 0 0
      vertex 80.4142 0.354233 0
      vertex 80.148 0.228348 0
    endloop
  endfacet
  facet normal 0 0 -1
    outer loop
      vertex 80.9032 41.919 0
      vertex 79 42.6 0
      vertex 80.6667 42.0944 0
    endloop
  endfacet
  facet normal 0 0 -1
    outer loop
      vertex 79 0 0
      vertex 80.148 0.228348 0
      vertex 79.8708 0.129166 0
    endloop
  endfacet
  facet normal 0 0 -1
    outer loop
      vertex 80.6667 42.0944 0
      vertex 79 42.6 0
      vertex 80.4142 42.2458 0
    endloop
  endfacet
  facet normal 0 0 -1
    outer loop
      vertex 79 0 0
      vertex 79.8708 0.129166 0
      vertex 79.5853 0.0576324 0
    endloop
  endfacet
  facet normal 0 0 -1
    outer loop
      vertex 80.4142 42.2458 0
      vertex 79 42.6 0
      vertex 80.148 42.3716 0
    endloop
  endfacet
  facet normal 0 0 -1
    outer loop
      vertex 79 0 0
      vertex 79.5853 0.0576324 0
      vertex 79.294 0.0144348 0
    endloop
  endfacet
  facet normal 0 0 -1
    outer loop
      vertex 80.148 42.3716 0
      vertex 79 42.6 0
      vertex 79.8708 42.4708 0
    endloop
  endfacet
  facet normal 0 0 -1
    outer loop
      vertex 79.8708 42.4708 0
      vertex 79 42.6 0
      vertex 79.5853 42.5423 0
    endloop
  endfacet
  facet normal 0 0 -1
    outer loop
      vertex 79.5853 42.5423 0
      vertex 79 42.6 0
      vertex 79.294 42.5855 0
    endloop
  endfacet
  facet normal 0 0 -1
    outer loop
      vertex 3 0 0
      vertex 79 42.6 0
      vertex 79 0 0
    endloop
  endfacet
  facet normal 0 0 -1
    outer loop
      vertex 3 0 0
      vertex 3 42.6 0
      vertex 79 42.6 0
    endloop
  endfacet
  facet normal 0 0 -1
    outer loop
      vertex 0 3 0
      vertex 3 0 0
      vertex 2.70595 0.0144348 0
    endloop
  endfacet
  facet normal 0 0 -1
    outer loop
      vertex 3 0 0
      vertex 0 3 0
      vertex 3 42.6 0
    endloop
  endfacet
  facet normal 0 0 -1
    outer loop
      vertex 0 3 0
      vertex 2.70595 0.0144348 0
      vertex 2.41472 0.0576324 0
    endloop
  endfacet
  facet normal 0 0 -1
    outer loop
      vertex 0 39.6 0
      vertex 3 42.6 0
      vertex 0 3 0
    endloop
  endfacet
  facet normal 0 0 -1
    outer loop
      vertex 0 3 0
      vertex 2.41472 0.0576324 0
      vertex 2.12914 0.129166 0
    endloop
  endfacet
  facet normal 0 0 -1
    outer loop
      vertex 3 42.6 0
      vertex 0 39.6 0
      vertex 2.70595 42.5855 0
    endloop
  endfacet
  facet normal 0 0 -1
    outer loop
      vertex 0 3 0
      vertex 2.12914 0.129166 0
      vertex 1.85194 0.228348 0
    endloop
  endfacet
  facet normal 0 0 -1
    outer loop
      vertex 2.70595 42.5855 0
      vertex 0 39.6 0
      vertex 2.41472 42.5423 0
    endloop
  endfacet
  facet normal 0 0 -1
    outer loop
      vertex 0 3 0
      vertex 1.85194 0.228348 0
      vertex 1.5858 0.354233 0
    endloop
  endfacet
  facet normal 0 0 -1
    outer loop
      vertex 2.41472 42.5423 0
      vertex 0 39.6 0
      vertex 2.12914 42.4708 0
    endloop
  endfacet
  facet normal 0 0 -1
    outer loop
      vertex 0 3 0
      vertex 1.5858 0.354233 0
      vertex 1.33328 0.505585 0
    endloop
  endfacet
  facet normal 0 0 -1
    outer loop
      vertex 2.12914 42.4708 0
      vertex 0 39.6 0
      vertex 1.85194 42.3716 0
    endloop
  endfacet
  facet normal 0 0 -1
    outer loop
      vertex 0 3 0
      vertex 1.33328 0.505585 0
      vertex 1.09682 0.680954 0
    endloop
  endfacet
  facet normal 0 0 -1
    outer loop
      vertex 1.85194 42.3716 0
      vertex 0 39.6 0
      vertex 1.5858 42.2458 0
    endloop
  endfacet
  facet normal 0 0 -1
    outer loop
      vertex 0 3 0
      vertex 1.09682 0.680954 0
      vertex 0.878677 0.878677 0
    endloop
  endfacet
  facet normal 0 0 -1
    outer loop
      vertex 1.5858 42.2458 0
      vertex 0 39.6 0
      vertex 1.33328 42.0944 0
    endloop
  endfacet
  facet normal 0 0 -1
    outer loop
      vertex 0 3 0
      vertex 0.878677 0.878677 0
      vertex 0.680954 1.09682 0
    endloop
  endfacet
  facet normal 0 0 -1
    outer loop
      vertex 1.33328 42.0944 0
      vertex 0 39.6 0
      vertex 1.09682 41.919 0
    endloop
  endfacet
  facet normal 0 0 -1
    outer loop
      vertex 0 3 0
      vertex 0.680954 1.09682 0
      vertex 0.505585 1.33328 0
    endloop
  endfacet
  facet normal 0 0 -1
    outer loop
      vertex 1.09682 41.919 0
      vertex 0 39.6 0
      vertex 0.878677 41.7213 0
    endloop
  endfacet
  facet normal 0 0 -1
    outer loop
      vertex 0 3 0
      vertex 0.505585 1.33328 0
      vertex 0.354233 1.5858 0
    endloop
  endfacet
  facet normal 0 0 -1
    outer loop
      vertex 0.878677 41.7213 0
      vertex 0 39.6 0
      vertex 0.680954 41.5032 0
    endloop
  endfacet
  facet normal 0 0 -1
    outer loop
      vertex 0 3 0
      vertex 0.354233 1.5858 0
      vertex 0.228348 1.85194 0
    endloop
  endfacet
  facet normal 0 0 -1
    outer loop
      vertex 0.680954 41.5032 0
      vertex 0 39.6 0
      vertex 0.505585 41.2667 0
    endloop
  endfacet
  facet normal 0 0 -1
    outer loop
      vertex 0 3 0
      vertex 0.228348 1.85194 0
      vertex 0.129166 2.12914 0
    endloop
  endfacet
  facet normal 0 0 -1
    outer loop
      vertex 0.505585 41.2667 0
      vertex 0 39.6 0
      vertex 0.354233 41.0142 0
    endloop
  endfacet
  facet normal 0 0 -1
    outer loop
      vertex 0 3 0
      vertex 0.129166 2.12914 0
      vertex 0.0576324 2.41472 0
    endloop
  endfacet
  facet normal 0 0 -1
    outer loop
      vertex 0.354233 41.0142 0
      vertex 0 39.6 0
      vertex 0.228348 40.748 0
    endloop
  endfacet
  facet normal 0 0 -1
    outer loop
      vertex 0 3 0
      vertex 0.0576324 2.41472 0
      vertex 0.0144348 2.70595 0
    endloop
  endfacet
  facet normal 0 0 -1
    outer loop
      vertex 0.228348 40.748 0
      vertex 0 39.6 0
      vertex 0.129166 40.4708 0
    endloop
  endfacet
  facet normal 0 0 -1
    outer loop
      vertex 0.129166 40.4708 0
      vertex 0 39.6 0
      vertex 0.0576324 40.1853 0
    endloop
  endfacet
  facet normal 0 0 -1
    outer loop
      vertex 0.0576324 40.1853 0
      vertex 0 39.6 0
      vertex 0.0144348 39.894 0
    endloop
  endfacet
  facet normal -0.941546 -0.336885 0
    outer loop
      vertex 0.228348 1.85194 0
      vertex 0.129166 2.12914 15.6
      vertex 0.129166 2.12914 0
    endloop
  endfacet
  facet normal -0.941546 -0.336885 0
    outer loop
      vertex 0.129166 2.12914 15.6
      vertex 0.228348 1.85194 0
      vertex 0.228348 1.85194 15.6
    endloop
  endfacet
  facet normal 0.0492515 -0.998786 0
    outer loop
      vertex 3.54118 39.5971 2
      vertex 3.59999 39.6 15.6
      vertex 3.54118 39.5971 15.6
    endloop
  endfacet
  facet normal 0.0492515 -0.998786 0
    outer loop
      vertex 3.59999 39.6 15.6
      vertex 3.54118 39.5971 2
      vertex 3.59999 39.6 2
    endloop
  endfacet
  facet normal 0.513871 0.857867 -0
    outer loop
      vertex 3.31715 3.07085 2
      vertex 3.26665 3.1011 15.6
      vertex 3.31715 3.07085 15.6
    endloop
  endfacet
  facet normal 0.513871 0.857867 0
    outer loop
      vertex 3.26665 3.1011 15.6
      vertex 3.31715 3.07085 2
      vertex 3.26665 3.1011 2
    endloop
  endfacet
  facet normal 0.989174 0.146746 0
    outer loop
      vertex 3.01152 3.48294 15.6
      vertex 3.00288 3.54118 2
      vertex 3.00288 3.54118 15.6
    endloop
  endfacet
  facet normal 0.989174 0.146746 0
    outer loop
      vertex 3.00288 3.54118 2
      vertex 3.01152 3.48294 15.6
      vertex 3.01152 3.48294 2
    endloop
  endfacet
  facet normal 0.998803 0.0489126 0
    outer loop
      vertex 3.00288 3.54118 15.6
      vertex 3 3.59999 2
      vertex 3 3.59999 15.6
    endloop
  endfacet
  facet normal 0.998803 0.0489126 0
    outer loop
      vertex 3 3.59999 2
      vertex 3.00288 3.54118 15.6
      vertex 3.00288 3.54118 2
    endloop
  endfacet
  facet normal -0.989294 -0.145934 0
    outer loop
      vertex 78.9971 39.0588 2
      vertex 78.9885 39.1171 15.6
      vertex 78.9885 39.1171 2
    endloop
  endfacet
  facet normal -0.989294 -0.145934 0
    outer loop
      vertex 78.9885 39.1171 15.6
      vertex 78.9971 39.0588 2
      vertex 78.9971 39.0588 15.6
    endloop
  endfacet
  facet normal 0.595999 -0.802985 0
    outer loop
      vertex 3.21936 39.4638 2
      vertex 3.26665 39.4989 15.6
      vertex 3.21936 39.4638 15.6
    endloop
  endfacet
  facet normal 0.595999 -0.802985 0
    outer loop
      vertex 3.26665 39.4989 15.6
      vertex 3.21936 39.4638 2
      vertex 3.26665 39.4989 2
    endloop
  endfacet
  facet normal 0.998803 -0.0489209 0
    outer loop
      vertex 3 39 15.6
      vertex 3.00288 39.0588 2
      vertex 3.00288 39.0588 15.6
    endloop
  endfacet
  facet normal 0.998803 -0.0489209 0
    outer loop
      vertex 3.00288 39.0588 2
      vertex 3 39 15.6
      vertex 3 39 2
    endloop
  endfacet
  facet normal -1 0 0
    outer loop
      vertex 79 3.59999 2
      vertex 79 39 15.6
      vertex 79 39 2
    endloop
  endfacet
  facet normal -1 -0 0
    outer loop
      vertex 79 39 15.6
      vertex 79 3.59999 2
      vertex 79 3.59999 15.6
    endloop
  endfacet
  facet normal 0 1 -0
    outer loop
      vertex 78.4 3 2
      vertex 3.59999 3 15.6
      vertex 78.4 3 15.6
    endloop
  endfacet
  facet normal 0 1 0
    outer loop
      vertex 3.59999 3 15.6
      vertex 78.4 3 2
      vertex 3.59999 3 2
    endloop
  endfacet
  facet normal -0.513871 0.857867 0
    outer loop
      vertex 78.7333 3.1011 2
      vertex 78.6828 3.07085 15.6
      vertex 78.7333 3.1011 15.6
    endloop
  endfacet
  facet normal -0.513871 0.857867 0
    outer loop
      vertex 78.6828 3.07085 15.6
      vertex 78.7333 3.1011 2
      vertex 78.6828 3.07085 2
    endloop
  endfacet
  facet normal 1 0 0
    outer loop
      vertex 3 13 15.6
      vertex 3 3.59999 15.6
      vertex 3 13 5.6
    endloop
  endfacet
  facet normal 1 0 0
    outer loop
      vertex 3 29 5.6
      vertex 3 39 15.6
      vertex 3 29 15.6
    endloop
  endfacet
  facet normal 1 0 0
    outer loop
      vertex 3 39 15.6
      vertex 3 29 5.6
      vertex 3 39 2
    endloop
  endfacet
  facet normal 1 0 0
    outer loop
      vertex 3 3.59999 2
      vertex 3 29 5.6
      vertex 3 13 5.6
    endloop
  endfacet
  facet normal 1 0 0
    outer loop
      vertex 3 29 5.6
      vertex 3 3.59999 2
      vertex 3 39 2
    endloop
  endfacet
  facet normal 1 0 0
    outer loop
      vertex 3 3.59999 2
      vertex 3 13 5.6
      vertex 3 3.59999 15.6
    endloop
  endfacet
  facet normal -0.741013 -0.67149 0
    outer loop
      vertex 78.8638 39.3806 2
      vertex 78.8242 39.4243 15.6
      vertex 78.8242 39.4243 2
    endloop
  endfacet
  facet normal -0.741013 -0.67149 0
    outer loop
      vertex 78.8242 39.4243 15.6
      vertex 78.8638 39.3806 2
      vertex 78.8638 39.3806 15.6
    endloop
  endfacet
  facet normal -0.998786 -0.0492599 0
    outer loop
      vertex 79 39 2
      vertex 78.9971 39.0588 15.6
      vertex 78.9971 39.0588 2
    endloop
  endfacet
  facet normal -0.998786 -0.0492599 0
    outer loop
      vertex 78.9971 39.0588 15.6
      vertex 79 39 2
      vertex 79 39 15.6
    endloop
  endfacet
  facet normal -0.941222 0.337788 0
    outer loop
      vertex 78.9543 3.37038 2
      vertex 78.9742 3.42583 15.6
      vertex 78.9742 3.42583 2
    endloop
  endfacet
  facet normal -0.941222 0.337788 0
    outer loop
      vertex 78.9742 3.42583 15.6
      vertex 78.9543 3.37038 2
      vertex 78.9543 3.37038 15.6
    endloop
  endfacet
  facet normal -0.671403 -0.741093 0
    outer loop
      vertex 78.7806 39.4638 2
      vertex 78.8242 39.4243 15.6
      vertex 78.7806 39.4638 15.6
    endloop
  endfacet
  facet normal -0.671403 -0.741093 -0
    outer loop
      vertex 78.8242 39.4243 15.6
      vertex 78.7806 39.4638 2
      vertex 78.8242 39.4243 2
    endloop
  endfacet
  facet normal -0.802985 0.595999 0
    outer loop
      vertex 78.8638 3.21936 2
      vertex 78.8989 3.26665 15.6
      vertex 78.8989 3.26665 2
    endloop
  endfacet
  facet normal -0.802985 0.595999 0
    outer loop
      vertex 78.8989 3.26665 15.6
      vertex 78.8638 3.21936 2
      vertex 78.8638 3.21936 15.6
    endloop
  endfacet
  facet normal -0.970053 0.242895 0
    outer loop
      vertex 78.9742 3.42583 2
      vertex 78.9885 3.48294 15.6
      vertex 78.9885 3.48294 2
    endloop
  endfacet
  facet normal -0.970053 0.242895 0
    outer loop
      vertex 78.9885 3.48294 15.6
      vertex 78.9742 3.42583 2
      vertex 78.9742 3.42583 15.6
    endloop
  endfacet
  facet normal 0 -1 0
    outer loop
      vertex 3.59999 39.6 2
      vertex 78.4 39.6 15.6
      vertex 3.59999 39.6 15.6
    endloop
  endfacet
  facet normal 0 -1 -0
    outer loop
      vertex 78.4 39.6 15.6
      vertex 3.59999 39.6 2
      vertex 78.4 39.6 2
    endloop
  endfacet
  facet normal -0.595918 -0.803046 0
    outer loop
      vertex 78.7333 39.4989 2
      vertex 78.7806 39.4638 15.6
      vertex 78.7333 39.4989 15.6
    endloop
  endfacet
  facet normal -0.595918 -0.803046 -0
    outer loop
      vertex 78.7806 39.4638 15.6
      vertex 78.7333 39.4989 2
      vertex 78.7806 39.4638 2
    endloop
  endfacet
  facet normal 0.970012 0.243055 0
    outer loop
      vertex 3.02583 3.42583 15.6
      vertex 3.01152 3.48294 2
      vertex 3.01152 3.48294 15.6
    endloop
  endfacet
  facet normal 0.970012 0.243055 0
    outer loop
      vertex 3.01152 3.48294 2
      vertex 3.02583 3.42583 15.6
      vertex 3.02583 3.42583 2
    endloop
  endfacet
  facet normal -0.242695 0.970103 0
    outer loop
      vertex 78.5742 3.02583 2
      vertex 78.517 3.01152 15.6
      vertex 78.5742 3.02583 15.6
    endloop
  endfacet
  facet normal -0.242695 0.970103 0
    outer loop
      vertex 78.517 3.01152 15.6
      vertex 78.5742 3.02583 2
      vertex 78.517 3.01152 2
    endloop
  endfacet
  facet normal 0.337788 -0.941222 0
    outer loop
      vertex 3.37038 39.5543 2
      vertex 3.42583 39.5742 15.6
      vertex 3.37038 39.5543 15.6
    endloop
  endfacet
  facet normal 0.337788 -0.941222 0
    outer loop
      vertex 3.42583 39.5742 15.6
      vertex 3.37038 39.5543 2
      vertex 3.42583 39.5742 2
    endloop
  endfacet
  facet normal -0.595699 0.803208 0
    outer loop
      vertex 78.7806 3.13618 2
      vertex 78.7333 3.1011 15.6
      vertex 78.7806 3.13618 15.6
    endloop
  endfacet
  facet normal -0.595699 0.803208 0
    outer loop
      vertex 78.7333 3.1011 15.6
      vertex 78.7806 3.13618 2
      vertex 78.7333 3.1011 2
    endloop
  endfacet
  facet normal -0.858242 0.513246 0
    outer loop
      vertex 78.8989 3.26665 2
      vertex 78.9291 3.31715 15.6
      vertex 78.9291 3.31715 2
    endloop
  endfacet
  facet normal -0.858242 0.513246 0
    outer loop
      vertex 78.9291 3.31715 15.6
      vertex 78.8989 3.26665 2
      vertex 78.8989 3.26665 15.6
    endloop
  endfacet
  facet normal 0.146746 0.989174 -0
    outer loop
      vertex 3.54118 3.00288 2
      vertex 3.48294 3.01152 15.6
      vertex 3.54118 3.00288 15.6
    endloop
  endfacet
  facet normal 0.146746 0.989174 0
    outer loop
      vertex 3.48294 3.01152 15.6
      vertex 3.54118 3.00288 2
      vertex 3.48294 3.01152 2
    endloop
  endfacet
  facet normal 0.243055 0.970012 -0
    outer loop
      vertex 3.48294 3.01152 2
      vertex 3.42583 3.02583 15.6
      vertex 3.48294 3.01152 15.6
    endloop
  endfacet
  facet normal 0.243055 0.970012 0
    outer loop
      vertex 3.42583 3.02583 15.6
      vertex 3.48294 3.01152 2
      vertex 3.42583 3.02583 2
    endloop
  endfacet
  facet normal 0.242895 -0.970053 0
    outer loop
      vertex 3.42583 39.5742 2
      vertex 3.48294 39.5885 15.6
      vertex 3.42583 39.5742 15.6
    endloop
  endfacet
  facet normal 0.242895 -0.970053 0
    outer loop
      vertex 3.48294 39.5885 15.6
      vertex 3.42583 39.5742 2
      vertex 3.48294 39.5885 2
    endloop
  endfacet
  facet normal 0.970002 -0.243095 0
    outer loop
      vertex 3.01152 39.1171 15.6
      vertex 3.02583 39.1742 2
      vertex 3.02583 39.1742 15.6
    endloop
  endfacet
  facet normal 0.970002 -0.243095 0
    outer loop
      vertex 3.02583 39.1742 2
      vertex 3.01152 39.1171 15.6
      vertex 3.01152 39.1171 2
    endloop
  endfacet
  facet normal -0.427809 0.903869 0
    outer loop
      vertex 78.6828 3.07085 2
      vertex 78.6296 3.04567 15.6
      vertex 78.6828 3.07085 15.6
    endloop
  endfacet
  facet normal -0.427809 0.903869 0
    outer loop
      vertex 78.6296 3.04567 15.6
      vertex 78.6828 3.07085 2
      vertex 78.6296 3.04567 2
    endloop
  endfacet
  facet normal 0.857867 -0.513871 0
    outer loop
      vertex 3.07085 39.2828 15.6
      vertex 3.1011 39.3333 2
      vertex 3.1011 39.3333 15.6
    endloop
  endfacet
  facet normal 0.857867 -0.513871 0
    outer loop
      vertex 3.1011 39.3333 2
      vertex 3.07085 39.2828 15.6
      vertex 3.07085 39.2828 2
    endloop
  endfacet
  facet normal 0.740739 0.671793 0
    outer loop
      vertex 3.17574 3.17574 15.6
      vertex 3.13618 3.21936 2
      vertex 3.13618 3.21936 15.6
    endloop
  endfacet
  facet normal 0.740739 0.671793 0
    outer loop
      vertex 3.13618 3.21936 2
      vertex 3.17574 3.17574 15.6
      vertex 3.17574 3.17574 2
    endloop
  endfacet
  facet normal 0.336885 0.941546 -0
    outer loop
      vertex 3.42583 3.02583 2
      vertex 3.37038 3.04567 15.6
      vertex 3.42583 3.02583 15.6
    endloop
  endfacet
  facet normal 0.336885 0.941546 0
    outer loop
      vertex 3.37038 3.04567 15.6
      vertex 3.42583 3.02583 2
      vertex 3.37038 3.04567 2
    endloop
  endfacet
  facet normal 0.941449 -0.337154 0
    outer loop
      vertex 3.02583 39.1742 15.6
      vertex 3.04567 39.2296 2
      vertex 3.04567 39.2296 15.6
    endloop
  endfacet
  facet normal 0.941449 -0.337154 0
    outer loop
      vertex 3.04567 39.2296 2
      vertex 3.02583 39.1742 15.6
      vertex 3.02583 39.1742 2
    endloop
  endfacet
  facet normal 0.427889 -0.903831 0
    outer loop
      vertex 3.31715 39.5291 2
      vertex 3.37038 39.5543 15.6
      vertex 3.31715 39.5291 15.6
    endloop
  endfacet
  facet normal 0.427889 -0.903831 0
    outer loop
      vertex 3.37038 39.5543 15.6
      vertex 3.31715 39.5291 2
      vertex 3.37038 39.5543 2
    endloop
  endfacet
  facet normal -0.146844 0.98916 0
    outer loop
      vertex 78.517 3.01152 2
      vertex 78.4588 3.00288 15.6
      vertex 78.517 3.01152 15.6
    endloop
  endfacet
  facet normal -0.146844 0.98916 0
    outer loop
      vertex 78.4588 3.00288 15.6
      vertex 78.517 3.01152 2
      vertex 78.4588 3.00288 2
    endloop
  endfacet
  facet normal 0.146081 -0.989273 0
    outer loop
      vertex 3.48294 39.5885 2
      vertex 3.54118 39.5971 15.6
      vertex 3.48294 39.5885 15.6
    endloop
  endfacet
  facet normal 0.146081 -0.989273 0
    outer loop
      vertex 3.54118 39.5971 15.6
      vertex 3.48294 39.5885 2
      vertex 3.54118 39.5971 2
    endloop
  endfacet
  facet normal 0.941546 0.336885 0
    outer loop
      vertex 3.04567 3.37038 15.6
      vertex 3.02583 3.42583 2
      vertex 3.02583 3.42583 15.6
    endloop
  endfacet
  facet normal 0.941546 0.336885 0
    outer loop
      vertex 3.02583 3.42583 2
      vertex 3.04567 3.37038 15.6
      vertex 3.04567 3.37038 2
    endloop
  endfacet
  facet normal 0.857867 0.513871 0
    outer loop
      vertex 3.1011 3.26665 15.6
      vertex 3.07085 3.31715 2
      vertex 3.07085 3.31715 15.6
    endloop
  endfacet
  facet normal 0.857867 0.513871 0
    outer loop
      vertex 3.07085 3.31715 2
      vertex 3.1011 3.26665 15.6
      vertex 3.1011 3.26665 2
    endloop
  endfacet
  facet normal 0.0489126 0.998803 -0
    outer loop
      vertex 3.59999 3 2
      vertex 3.54118 3.00288 15.6
      vertex 3.59999 3 15.6
    endloop
  endfacet
  facet normal 0.0489126 0.998803 0
    outer loop
      vertex 3.54118 3.00288 15.6
      vertex 3.59999 3 2
      vertex 3.54118 3.00288 2
    endloop
  endfacet
  facet normal -0.146179 -0.989258 0
    outer loop
      vertex 78.4588 39.5971 2
      vertex 78.517 39.5885 15.6
      vertex 78.4588 39.5971 15.6
    endloop
  endfacet
  facet normal -0.146179 -0.989258 -0
    outer loop
      vertex 78.517 39.5885 15.6
      vertex 78.4588 39.5971 2
      vertex 78.517 39.5885 2
    endloop
  endfacet
  facet normal 0.803148 0.59578 0
    outer loop
      vertex 3.13618 3.21936 15.6
      vertex 3.1011 3.26665 2
      vertex 3.1011 3.26665 15.6
    endloop
  endfacet
  facet normal 0.803148 0.59578 0
    outer loop
      vertex 3.1011 3.26665 2
      vertex 3.13618 3.21936 15.6
      vertex 3.13618 3.21936 2
    endloop
  endfacet
  facet normal -0.903831 0.427889 0
    outer loop
      vertex 78.9291 3.31715 2
      vertex 78.9543 3.37038 15.6
      vertex 78.9543 3.37038 2
    endloop
  endfacet
  facet normal -0.903831 0.427889 0
    outer loop
      vertex 78.9543 3.37038 15.6
      vertex 78.9291 3.31715 2
      vertex 78.9291 3.31715 15.6
    endloop
  endfacet
  facet normal 0.427612 0.903962 -0
    outer loop
      vertex 3.37038 3.04567 2
      vertex 3.31715 3.07085 15.6
      vertex 3.37038 3.04567 15.6
    endloop
  endfacet
  facet normal 0.427612 0.903962 0
    outer loop
      vertex 3.31715 3.07085 15.6
      vertex 3.37038 3.04567 2
      vertex 3.31715 3.07085 2
    endloop
  endfacet
  facet normal 0.989196 -0.146598 0
    outer loop
      vertex 3.00288 39.0588 15.6
      vertex 3.01152 39.1171 2
      vertex 3.01152 39.1171 15.6
    endloop
  endfacet
  facet normal 0.989196 -0.146598 0
    outer loop
      vertex 3.01152 39.1171 2
      vertex 3.00288 39.0588 15.6
      vertex 3.00288 39.0588 2
    endloop
  endfacet
  facet normal 0.803208 -0.595699 0
    outer loop
      vertex 3.1011 39.3333 15.6
      vertex 3.13618 39.3806 2
      vertex 3.13618 39.3806 15.6
    endloop
  endfacet
  facet normal 0.803208 -0.595699 0
    outer loop
      vertex 3.13618 39.3806 2
      vertex 3.1011 39.3333 15.6
      vertex 3.1011 39.3333 2
    endloop
  endfacet
  facet normal -0.337154 0.941449 0
    outer loop
      vertex 78.6296 3.04567 2
      vertex 78.5742 3.02583 15.6
      vertex 78.6296 3.04567 15.6
    endloop
  endfacet
  facet normal -0.337154 0.941449 0
    outer loop
      vertex 78.5742 3.02583 15.6
      vertex 78.6296 3.04567 2
      vertex 78.5742 3.02583 2
    endloop
  endfacet
  facet normal 0.671793 0.740739 -0
    outer loop
      vertex 3.21936 3.13618 2
      vertex 3.17574 3.17574 15.6
      vertex 3.21936 3.13618 15.6
    endloop
  endfacet
  facet normal 0.671793 0.740739 0
    outer loop
      vertex 3.17574 3.17574 15.6
      vertex 3.21936 3.13618 2
      vertex 3.17574 3.17574 2
    endloop
  endfacet
  facet normal 0.59578 0.803148 -0
    outer loop
      vertex 3.26665 3.1011 2
      vertex 3.21936 3.13618 15.6
      vertex 3.26665 3.1011 15.6
    endloop
  endfacet
  facet normal 0.59578 0.803148 0
    outer loop
      vertex 3.21936 3.13618 15.6
      vertex 3.26665 3.1011 2
      vertex 3.21936 3.13618 2
    endloop
  endfacet
  facet normal -0.970042 -0.242935 0
    outer loop
      vertex 78.9885 39.1171 2
      vertex 78.9742 39.1742 15.6
      vertex 78.9742 39.1742 2
    endloop
  endfacet
  facet normal -0.970042 -0.242935 0
    outer loop
      vertex 78.9742 39.1742 15.6
      vertex 78.9885 39.1171 2
      vertex 78.9885 39.1171 15.6
    endloop
  endfacet
  facet normal -0.858242 -0.513246 0
    outer loop
      vertex 78.9291 39.2828 2
      vertex 78.8989 39.3333 15.6
      vertex 78.8989 39.3333 2
    endloop
  endfacet
  facet normal -0.858242 -0.513246 0
    outer loop
      vertex 78.8989 39.3333 15.6
      vertex 78.9291 39.2828 2
      vertex 78.9291 39.2828 15.6
    endloop
  endfacet
  facet normal -0.740401 0.672166 0
    outer loop
      vertex 78.8242 3.17574 2
      vertex 78.8638 3.21936 15.6
      vertex 78.8638 3.21936 2
    endloop
  endfacet
  facet normal -0.740401 0.672166 0
    outer loop
      vertex 78.8638 3.21936 15.6
      vertex 78.8242 3.17574 2
      vertex 78.8242 3.17574 15.6
    endloop
  endfacet
  facet normal 0.513246 -0.858242 0
    outer loop
      vertex 3.26665 39.4989 2
      vertex 3.31715 39.5291 15.6
      vertex 3.26665 39.4989 15.6
    endloop
  endfacet
  facet normal 0.513246 -0.858242 0
    outer loop
      vertex 3.31715 39.5291 15.6
      vertex 3.26665 39.4989 2
      vertex 3.31715 39.5291 2
    endloop
  endfacet
  facet normal -0.803046 -0.595918 0
    outer loop
      vertex 78.8989 39.3333 2
      vertex 78.8638 39.3806 15.6
      vertex 78.8638 39.3806 2
    endloop
  endfacet
  facet normal -0.803046 -0.595918 0
    outer loop
      vertex 78.8638 39.3806 15.6
      vertex 78.8989 39.3333 2
      vertex 78.8989 39.3333 15.6
    endloop
  endfacet
  facet normal -0.0492599 -0.998786 0
    outer loop
      vertex 78.4 39.6 2
      vertex 78.4588 39.5971 15.6
      vertex 78.4 39.6 15.6
    endloop
  endfacet
  facet normal -0.0492599 -0.998786 -0
    outer loop
      vertex 78.4588 39.5971 15.6
      vertex 78.4 39.6 2
      vertex 78.4588 39.5971 2
    endloop
  endfacet
  facet normal -0.903738 -0.428086 0
    outer loop
      vertex 78.9543 39.2296 2
      vertex 78.9291 39.2828 15.6
      vertex 78.9291 39.2828 2
    endloop
  endfacet
  facet normal -0.903738 -0.428086 0
    outer loop
      vertex 78.9291 39.2828 15.6
      vertex 78.9543 39.2296 2
      vertex 78.9543 39.2296 15.6
    endloop
  endfacet
  facet normal 0.903869 -0.427809 0
    outer loop
      vertex 3.04567 39.2296 15.6
      vertex 3.07085 39.2828 2
      vertex 3.07085 39.2828 15.6
    endloop
  endfacet
  facet normal 0.903869 -0.427809 0
    outer loop
      vertex 3.07085 39.2828 2
      vertex 3.04567 39.2296 15.6
      vertex 3.04567 39.2296 2
    endloop
  endfacet
  facet normal -0.989273 0.146081 0
    outer loop
      vertex 78.9885 3.48294 2
      vertex 78.9971 3.54118 15.6
      vertex 78.9971 3.54118 2
    endloop
  endfacet
  facet normal -0.989273 0.146081 0
    outer loop
      vertex 78.9971 3.54118 15.6
      vertex 78.9885 3.48294 2
      vertex 78.9885 3.48294 15.6
    endloop
  endfacet
  facet normal -0.513246 -0.858242 0
    outer loop
      vertex 78.6828 39.5291 2
      vertex 78.7333 39.4989 15.6
      vertex 78.6828 39.5291 15.6
    endloop
  endfacet
  facet normal -0.513246 -0.858242 -0
    outer loop
      vertex 78.7333 39.4989 15.6
      vertex 78.6828 39.5291 2
      vertex 78.7333 39.4989 2
    endloop
  endfacet
  facet normal 0.671234 -0.741246 0
    outer loop
      vertex 3.17574 39.4243 2
      vertex 3.21936 39.4638 15.6
      vertex 3.17574 39.4243 15.6
    endloop
  endfacet
  facet normal 0.671234 -0.741246 0
    outer loop
      vertex 3.21936 39.4638 15.6
      vertex 3.17574 39.4243 2
      vertex 3.21936 39.4638 2
    endloop
  endfacet
  facet normal -0.998786 0.0492515 0
    outer loop
      vertex 78.9971 3.54118 2
      vertex 79 3.59999 15.6
      vertex 79 3.59999 2
    endloop
  endfacet
  facet normal -0.998786 0.0492515 0
    outer loop
      vertex 79 3.59999 15.6
      vertex 78.9971 3.54118 2
      vertex 78.9971 3.54118 15.6
    endloop
  endfacet
  facet normal -0.941125 -0.338058 0
    outer loop
      vertex 78.9742 39.1742 2
      vertex 78.9543 39.2296 15.6
      vertex 78.9543 39.2296 2
    endloop
  endfacet
  facet normal -0.941125 -0.338058 0
    outer loop
      vertex 78.9543 39.2296 15.6
      vertex 78.9742 39.1742 2
      vertex 78.9742 39.1742 15.6
    endloop
  endfacet
  facet normal -0.0489209 0.998803 0
    outer loop
      vertex 78.4588 3.00288 2
      vertex 78.4 3 15.6
      vertex 78.4588 3.00288 15.6
    endloop
  endfacet
  facet normal -0.0489209 0.998803 0
    outer loop
      vertex 78.4 3 15.6
      vertex 78.4588 3.00288 2
      vertex 78.4 3 2
    endloop
  endfacet
  facet normal -0.242536 -0.970143 0
    outer loop
      vertex 78.517 39.5885 2
      vertex 78.5742 39.5742 15.6
      vertex 78.517 39.5885 15.6
    endloop
  endfacet
  facet normal -0.242536 -0.970143 -0
    outer loop
      vertex 78.5742 39.5742 15.6
      vertex 78.517 39.5885 2
      vertex 78.5742 39.5742 2
    endloop
  endfacet
  facet normal -0.338058 -0.941125 0
    outer loop
      vertex 78.5742 39.5742 2
      vertex 78.6296 39.5543 15.6
      vertex 78.5742 39.5742 15.6
    endloop
  endfacet
  facet normal -0.338058 -0.941125 -0
    outer loop
      vertex 78.6296 39.5543 15.6
      vertex 78.5742 39.5742 2
      vertex 78.6296 39.5543 2
    endloop
  endfacet
  facet normal 0.741351 -0.671118 0
    outer loop
      vertex 3.13618 39.3806 15.6
      vertex 3.17574 39.4243 2
      vertex 3.17574 39.4243 15.6
    endloop
  endfacet
  facet normal 0.741351 -0.671118 0
    outer loop
      vertex 3.17574 39.4243 2
      vertex 3.13618 39.3806 15.6
      vertex 3.13618 39.3806 2
    endloop
  endfacet
  facet normal -0.428086 -0.903738 0
    outer loop
      vertex 78.6296 39.5543 2
      vertex 78.6828 39.5291 15.6
      vertex 78.6296 39.5543 15.6
    endloop
  endfacet
  facet normal -0.428086 -0.903738 -0
    outer loop
      vertex 78.6828 39.5291 15.6
      vertex 78.6296 39.5543 2
      vertex 78.6828 39.5291 2
    endloop
  endfacet
  facet normal 0.903962 0.427612 0
    outer loop
      vertex 3.07085 3.31715 15.6
      vertex 3.04567 3.37038 2
      vertex 3.04567 3.37038 15.6
    endloop
  endfacet
  facet normal 0.903962 0.427612 0
    outer loop
      vertex 3.04567 3.37038 2
      vertex 3.07085 3.31715 15.6
      vertex 3.07085 3.31715 2
    endloop
  endfacet
  facet normal -0.671962 0.740585 0
    outer loop
      vertex 78.8242 3.17574 2
      vertex 78.7806 3.13618 15.6
      vertex 78.8242 3.17574 15.6
    endloop
  endfacet
  facet normal -0.671962 0.740585 0
    outer loop
      vertex 78.7806 3.13618 15.6
      vertex 78.8242 3.17574 2
      vertex 78.7806 3.13618 2
    endloop
  endfacet
  facet normal 0 0 1
    outer loop
      vertex 72.2249 34.7582 2
      vertex 9.77513 34.7582 2
      vertex 72.3207 34.4902 2
    endloop
  endfacet
  facet normal 0 0 1
    outer loop
      vertex 72.3207 8.10978 2
      vertex 9.88603 7.28425 2
      vertex 9.9 7 2
    endloop
  endfacet
  facet normal 0 0 1
    outer loop
      vertex 9.67925 34.4902 2
      vertex 72.3207 34.4902 2
      vertex 9.77513 34.7582 2
    endloop
  endfacet
  facet normal 0 0 1
    outer loop
      vertex 72.3207 8.10978 2
      vertex 9.84428 7.56576 2
      vertex 9.88603 7.28425 2
    endloop
  endfacet
  facet normal 0 0 1
    outer loop
      vertex 72.3207 34.4902 2
      vertex 9.67925 34.4902 2
      vertex 72.3207 8.10978 2
    endloop
  endfacet
  facet normal 0 0 1
    outer loop
      vertex 72.3207 8.10978 2
      vertex 9.77513 7.84183 2
      vertex 9.84428 7.56576 2
    endloop
  endfacet
  facet normal 0 0 1
    outer loop
      vertex 9.67925 8.10978 2
      vertex 72.3207 8.10978 2
      vertex 9.67925 34.4902 2
    endloop
  endfacet
  facet normal 0 0 1
    outer loop
      vertex 72.3207 8.10978 2
      vertex 9.67925 8.10978 2
      vertex 9.77513 7.84183 2
    endloop
  endfacet
  facet normal -0 0 1
    outer loop
      vertex 9.55757 34.2329 2
      vertex 9.67925 8.10978 2
      vertex 9.67925 34.4902 2
    endloop
  endfacet
  facet normal 0 0 1
    outer loop
      vertex 9.55757 34.2329 2
      vertex 9.55757 8.36705 2
      vertex 9.67925 8.10978 2
    endloop
  endfacet
  facet normal -0 0 1
    outer loop
      vertex 9.41126 33.9888 2
      vertex 9.55757 8.36705 2
      vertex 9.55757 34.2329 2
    endloop
  endfacet
  facet normal 0 0 1
    outer loop
      vertex 9.41126 33.9888 2
      vertex 9.41126 8.61115 2
      vertex 9.55757 8.36705 2
    endloop
  endfacet
  facet normal -0 0 1
    outer loop
      vertex 9.24173 33.7603 2
      vertex 9.41126 8.61115 2
      vertex 9.41126 33.9888 2
    endloop
  endfacet
  facet normal 0 0 1
    outer loop
      vertex 9.24173 33.7603 2
      vertex 9.24173 8.83974 2
      vertex 9.41126 8.61115 2
    endloop
  endfacet
  facet normal -0 0 1
    outer loop
      vertex 9.05061 33.5494 2
      vertex 9.24173 8.83974 2
      vertex 9.24173 33.7603 2
    endloop
  endfacet
  facet normal 0 0 1
    outer loop
      vertex 9.05061 33.5494 2
      vertex 9.05061 9.05061 2
      vertex 9.24173 8.83974 2
    endloop
  endfacet
  facet normal -0 0 1
    outer loop
      vertex 8.83974 33.3583 2
      vertex 9.05061 9.05061 2
      vertex 9.05061 33.5494 2
    endloop
  endfacet
  facet normal 0 0 1
    outer loop
      vertex 8.83974 33.3583 2
      vertex 8.83974 9.24173 2
      vertex 9.05061 9.05061 2
    endloop
  endfacet
  facet normal -0 0 1
    outer loop
      vertex 8.61115 33.1887 2
      vertex 8.83974 9.24173 2
      vertex 8.83974 33.3583 2
    endloop
  endfacet
  facet normal 0 0 1
    outer loop
      vertex 8.61115 33.1887 2
      vertex 8.61115 9.41126 2
      vertex 8.83974 9.24173 2
    endloop
  endfacet
  facet normal -0 0 1
    outer loop
      vertex 8.36705 33.0424 2
      vertex 8.61115 9.41126 2
      vertex 8.61115 33.1887 2
    endloop
  endfacet
  facet normal 0 0 1
    outer loop
      vertex 8.36705 33.0424 2
      vertex 8.36705 9.55757 2
      vertex 8.61115 9.41126 2
    endloop
  endfacet
  facet normal -0 0 1
    outer loop
      vertex 8.10978 32.9207 2
      vertex 8.36705 9.55757 2
      vertex 8.36705 33.0424 2
    endloop
  endfacet
  facet normal 0 0 1
    outer loop
      vertex 8.10978 32.9207 2
      vertex 8.10978 9.67925 2
      vertex 8.36705 9.55757 2
    endloop
  endfacet
  facet normal -0 0 1
    outer loop
      vertex 7.84183 32.8249 2
      vertex 8.10978 9.67925 2
      vertex 8.10978 32.9207 2
    endloop
  endfacet
  facet normal 0 0 1
    outer loop
      vertex 7.84183 32.8249 2
      vertex 7.84183 9.77513 2
      vertex 8.10978 9.67925 2
    endloop
  endfacet
  facet normal -0 0 1
    outer loop
      vertex 7.56576 32.7557 2
      vertex 7.84183 9.77513 2
      vertex 7.84183 32.8249 2
    endloop
  endfacet
  facet normal 0 0 1
    outer loop
      vertex 7.56576 32.7557 2
      vertex 7.56576 9.84428 2
      vertex 7.84183 9.77513 2
    endloop
  endfacet
  facet normal -0 0 1
    outer loop
      vertex 7.28425 32.714 2
      vertex 7.56576 9.84428 2
      vertex 7.56576 32.7557 2
    endloop
  endfacet
  facet normal 0 0 1
    outer loop
      vertex 7.28425 32.714 2
      vertex 7.28425 9.88603 2
      vertex 7.56576 9.84428 2
    endloop
  endfacet
  facet normal -0 0 1
    outer loop
      vertex 7 32.7 2
      vertex 7.28425 9.88603 2
      vertex 7.28425 32.714 2
    endloop
  endfacet
  facet normal 0 0 1
    outer loop
      vertex 7 32.7 2
      vertex 7 9.9 2
      vertex 7.28425 9.88603 2
    endloop
  endfacet
  facet normal 0 0 1
    outer loop
      vertex 6.71575 32.714 2
      vertex 7 9.9 2
      vertex 7 32.7 2
    endloop
  endfacet
  facet normal 0 0 1
    outer loop
      vertex 6.71575 32.714 2
      vertex 6.71575 9.88603 2
      vertex 7 9.9 2
    endloop
  endfacet
  facet normal 0 0 1
    outer loop
      vertex 6.43424 32.7557 2
      vertex 6.71575 9.88603 2
      vertex 6.71575 32.714 2
    endloop
  endfacet
  facet normal 0 0 1
    outer loop
      vertex 6.43424 32.7557 2
      vertex 6.43424 9.84428 2
      vertex 6.71575 9.88603 2
    endloop
  endfacet
  facet normal 0 0 1
    outer loop
      vertex 6.15817 32.8249 2
      vertex 6.43424 9.84428 2
      vertex 6.43424 32.7557 2
    endloop
  endfacet
  facet normal 0 0 1
    outer loop
      vertex 6.15817 32.8249 2
      vertex 6.15817 9.77513 2
      vertex 6.43424 9.84428 2
    endloop
  endfacet
  facet normal 0 0 1
    outer loop
      vertex 5.89022 32.9207 2
      vertex 6.15817 9.77513 2
      vertex 6.15817 32.8249 2
    endloop
  endfacet
  facet normal 0 0 1
    outer loop
      vertex 5.89022 32.9207 2
      vertex 5.89022 9.67925 2
      vertex 6.15817 9.77513 2
    endloop
  endfacet
  facet normal 0 0 1
    outer loop
      vertex 5.63295 33.0424 2
      vertex 5.89022 9.67925 2
      vertex 5.89022 32.9207 2
    endloop
  endfacet
  facet normal 0 0 1
    outer loop
      vertex 5.63295 33.0424 2
      vertex 5.63295 9.55757 2
      vertex 5.89022 9.67925 2
    endloop
  endfacet
  facet normal 0 0 1
    outer loop
      vertex 5.38885 33.1887 2
      vertex 5.63295 9.55757 2
      vertex 5.63295 33.0424 2
    endloop
  endfacet
  facet normal 0 0 1
    outer loop
      vertex 5.38885 33.1887 2
      vertex 5.38885 9.41126 2
      vertex 5.63295 9.55757 2
    endloop
  endfacet
  facet normal 0 0 1
    outer loop
      vertex 5.16026 33.3583 2
      vertex 5.38885 9.41126 2
      vertex 5.38885 33.1887 2
    endloop
  endfacet
  facet normal 0 0 1
    outer loop
      vertex 5.16026 33.3583 2
      vertex 5.16026 9.24173 2
      vertex 5.38885 9.41126 2
    endloop
  endfacet
  facet normal 0 0 1
    outer loop
      vertex 4.94939 33.5494 2
      vertex 5.16026 9.24173 2
      vertex 5.16026 33.3583 2
    endloop
  endfacet
  facet normal 0 0 1
    outer loop
      vertex 4.94939 33.5494 2
      vertex 4.94939 9.05061 2
      vertex 5.16026 9.24173 2
    endloop
  endfacet
  facet normal 0 0 1
    outer loop
      vertex 4.75827 33.7603 2
      vertex 4.94939 9.05061 2
      vertex 4.94939 33.5494 2
    endloop
  endfacet
  facet normal 0 0 1
    outer loop
      vertex 4.75827 33.7603 2
      vertex 4.75827 8.83974 2
      vertex 4.94939 9.05061 2
    endloop
  endfacet
  facet normal 0 0 1
    outer loop
      vertex 4.58874 33.9888 2
      vertex 4.75827 8.83974 2
      vertex 4.75827 33.7603 2
    endloop
  endfacet
  facet normal 0 0 1
    outer loop
      vertex 4.58874 33.9888 2
      vertex 4.58874 8.61115 2
      vertex 4.75827 8.83974 2
    endloop
  endfacet
  facet normal 0 0 1
    outer loop
      vertex 4.44243 34.2329 2
      vertex 4.58874 8.61115 2
      vertex 4.58874 33.9888 2
    endloop
  endfacet
  facet normal 0 0 1
    outer loop
      vertex 4.44243 34.2329 2
      vertex 4.44243 8.36705 2
      vertex 4.58874 8.61115 2
    endloop
  endfacet
  facet normal 0 0 1
    outer loop
      vertex 4.32075 34.4902 2
      vertex 4.44243 8.36705 2
      vertex 4.44243 34.2329 2
    endloop
  endfacet
  facet normal 0 0 1
    outer loop
      vertex 4.32075 34.4902 2
      vertex 4.32075 8.10978 2
      vertex 4.44243 8.36705 2
    endloop
  endfacet
  facet normal 0 0 1
    outer loop
      vertex 4.22487 34.7582 2
      vertex 4.32075 8.10978 2
      vertex 4.32075 34.4902 2
    endloop
  endfacet
  facet normal 0 0 1
    outer loop
      vertex 4.22487 34.7582 2
      vertex 4.22487 7.84183 2
      vertex 4.32075 8.10978 2
    endloop
  endfacet
  facet normal 0 0 1
    outer loop
      vertex 4.15572 35.0342 2
      vertex 4.22487 7.84183 2
      vertex 4.22487 34.7582 2
    endloop
  endfacet
  facet normal 0 0 1
    outer loop
      vertex 4.15572 35.0342 2
      vertex 4.15572 7.56576 2
      vertex 4.22487 7.84183 2
    endloop
  endfacet
  facet normal 0 0 1
    outer loop
      vertex 3 39 2
      vertex 4.15572 35.0342 2
      vertex 4.11396 35.3158 2
    endloop
  endfacet
  facet normal 0 0 1
    outer loop
      vertex 4.15572 35.0342 2
      vertex 3 39 2
      vertex 4.15572 7.56576 2
    endloop
  endfacet
  facet normal 0 0 1
    outer loop
      vertex 3 39 2
      vertex 4.11396 35.3158 2
      vertex 4.1 35.6 2
    endloop
  endfacet
  facet normal 0 0 1
    outer loop
      vertex 3 3.59999 2
      vertex 4.15572 7.56576 2
      vertex 3 39 2
    endloop
  endfacet
  facet normal 0 0 1
    outer loop
      vertex 79 39 2
      vertex 77.8443 35.0342 2
      vertex 79 3.59999 2
    endloop
  endfacet
  facet normal 0 0 1
    outer loop
      vertex 79 3.59999 2
      vertex 77.886 7.28425 2
      vertex 77.9 7 2
    endloop
  endfacet
  facet normal -0 0 1
    outer loop
      vertex 77.8443 7.56576 2
      vertex 79 3.59999 2
      vertex 77.8443 35.0342 2
    endloop
  endfacet
  facet normal 0 0 1
    outer loop
      vertex 79 3.59999 2
      vertex 77.8443 7.56576 2
      vertex 77.886 7.28425 2
    endloop
  endfacet
  facet normal -0 0 1
    outer loop
      vertex 77.7751 34.7582 2
      vertex 77.8443 7.56576 2
      vertex 77.8443 35.0342 2
    endloop
  endfacet
  facet normal 0 0 1
    outer loop
      vertex 77.7751 34.7582 2
      vertex 77.7751 7.84183 2
      vertex 77.8443 7.56576 2
    endloop
  endfacet
  facet normal -0 0 1
    outer loop
      vertex 77.6793 34.4902 2
      vertex 77.7751 7.84183 2
      vertex 77.7751 34.7582 2
    endloop
  endfacet
  facet normal 0 0 1
    outer loop
      vertex 77.6793 34.4902 2
      vertex 77.6793 8.10978 2
      vertex 77.7751 7.84183 2
    endloop
  endfacet
  facet normal -0 0 1
    outer loop
      vertex 77.5576 34.2329 2
      vertex 77.6793 8.10978 2
      vertex 77.6793 34.4902 2
    endloop
  endfacet
  facet normal 0 0 1
    outer loop
      vertex 77.5576 34.2329 2
      vertex 77.5576 8.36705 2
      vertex 77.6793 8.10978 2
    endloop
  endfacet
  facet normal -0 0 1
    outer loop
      vertex 77.4113 33.9888 2
      vertex 77.5576 8.36705 2
      vertex 77.5576 34.2329 2
    endloop
  endfacet
  facet normal 0 0 1
    outer loop
      vertex 77.4113 33.9888 2
      vertex 77.4113 8.61115 2
      vertex 77.5576 8.36705 2
    endloop
  endfacet
  facet normal -0 0 1
    outer loop
      vertex 77.2417 33.7603 2
      vertex 77.4113 8.61115 2
      vertex 77.4113 33.9888 2
    endloop
  endfacet
  facet normal 0 0 1
    outer loop
      vertex 77.2417 33.7603 2
      vertex 77.2417 8.83974 2
      vertex 77.4113 8.61115 2
    endloop
  endfacet
  facet normal -0 0 1
    outer loop
      vertex 77.0506 33.5494 2
      vertex 77.2417 8.83974 2
      vertex 77.2417 33.7603 2
    endloop
  endfacet
  facet normal 0 0 1
    outer loop
      vertex 77.0506 33.5494 2
      vertex 77.0506 9.05061 2
      vertex 77.2417 8.83974 2
    endloop
  endfacet
  facet normal -0 0 1
    outer loop
      vertex 76.8397 33.3583 2
      vertex 77.0506 9.05061 2
      vertex 77.0506 33.5494 2
    endloop
  endfacet
  facet normal 0 0 1
    outer loop
      vertex 76.8397 33.3583 2
      vertex 76.8397 9.24173 2
      vertex 77.0506 9.05061 2
    endloop
  endfacet
  facet normal -0 0 1
    outer loop
      vertex 76.6112 33.1887 2
      vertex 76.8397 9.24173 2
      vertex 76.8397 33.3583 2
    endloop
  endfacet
  facet normal 0 0 1
    outer loop
      vertex 76.6112 33.1887 2
      vertex 76.6112 9.41126 2
      vertex 76.8397 9.24173 2
    endloop
  endfacet
  facet normal -0 0 1
    outer loop
      vertex 76.3671 33.0424 2
      vertex 76.6112 9.41126 2
      vertex 76.6112 33.1887 2
    endloop
  endfacet
  facet normal 0 0 1
    outer loop
      vertex 76.3671 33.0424 2
      vertex 76.3671 9.55757 2
      vertex 76.6112 9.41126 2
    endloop
  endfacet
  facet normal -0 0 1
    outer loop
      vertex 76.1098 32.9207 2
      vertex 76.3671 9.55757 2
      vertex 76.3671 33.0424 2
    endloop
  endfacet
  facet normal 0 0 1
    outer loop
      vertex 76.1098 32.9207 2
      vertex 76.1098 9.67925 2
      vertex 76.3671 9.55757 2
    endloop
  endfacet
  facet normal -0 0 1
    outer loop
      vertex 75.8418 32.8249 2
      vertex 76.1098 9.67925 2
      vertex 76.1098 32.9207 2
    endloop
  endfacet
  facet normal 0 0 1
    outer loop
      vertex 75.8418 32.8249 2
      vertex 75.8418 9.77513 2
      vertex 76.1098 9.67925 2
    endloop
  endfacet
  facet normal -0 0 1
    outer loop
      vertex 75.5658 32.7557 2
      vertex 75.8418 9.77513 2
      vertex 75.8418 32.8249 2
    endloop
  endfacet
  facet normal 0 0 1
    outer loop
      vertex 75.5658 32.7557 2
      vertex 75.5658 9.84428 2
      vertex 75.8418 9.77513 2
    endloop
  endfacet
  facet normal -0 0 1
    outer loop
      vertex 75.2842 32.714 2
      vertex 75.5658 9.84428 2
      vertex 75.5658 32.7557 2
    endloop
  endfacet
  facet normal 0 0 1
    outer loop
      vertex 75.2842 32.714 2
      vertex 75.2842 9.88603 2
      vertex 75.5658 9.84428 2
    endloop
  endfacet
  facet normal -0 0 1
    outer loop
      vertex 75 32.7 2
      vertex 75.2842 9.88603 2
      vertex 75.2842 32.714 2
    endloop
  endfacet
  facet normal 0 0 1
    outer loop
      vertex 75 32.7 2
      vertex 75 9.9 2
      vertex 75.2842 9.88603 2
    endloop
  endfacet
  facet normal 0 0 1
    outer loop
      vertex 74.7158 32.714 2
      vertex 75 9.9 2
      vertex 75 32.7 2
    endloop
  endfacet
  facet normal 0 0 1
    outer loop
      vertex 74.7158 32.714 2
      vertex 74.7158 9.88603 2
      vertex 75 9.9 2
    endloop
  endfacet
  facet normal 0 0 1
    outer loop
      vertex 74.4342 32.7557 2
      vertex 74.7158 9.88603 2
      vertex 74.7158 32.714 2
    endloop
  endfacet
  facet normal 0 0 1
    outer loop
      vertex 74.4342 32.7557 2
      vertex 74.4342 9.84428 2
      vertex 74.7158 9.88603 2
    endloop
  endfacet
  facet normal 0 0 1
    outer loop
      vertex 74.1582 32.8249 2
      vertex 74.4342 9.84428 2
      vertex 74.4342 32.7557 2
    endloop
  endfacet
  facet normal 0 0 1
    outer loop
      vertex 74.1582 32.8249 2
      vertex 74.1582 9.77513 2
      vertex 74.4342 9.84428 2
    endloop
  endfacet
  facet normal 0 0 1
    outer loop
      vertex 73.8902 32.9207 2
      vertex 74.1582 9.77513 2
      vertex 74.1582 32.8249 2
    endloop
  endfacet
  facet normal 0 0 1
    outer loop
      vertex 73.8902 32.9207 2
      vertex 73.8902 9.67925 2
      vertex 74.1582 9.77513 2
    endloop
  endfacet
  facet normal 0 0 1
    outer loop
      vertex 73.6329 33.0424 2
      vertex 73.8902 9.67925 2
      vertex 73.8902 32.9207 2
    endloop
  endfacet
  facet normal 0 0 1
    outer loop
      vertex 73.6329 33.0424 2
      vertex 73.6329 9.55757 2
      vertex 73.8902 9.67925 2
    endloop
  endfacet
  facet normal 0 0 1
    outer loop
      vertex 73.3888 33.1887 2
      vertex 73.6329 9.55757 2
      vertex 73.6329 33.0424 2
    endloop
  endfacet
  facet normal 0 0 1
    outer loop
      vertex 73.3888 33.1887 2
      vertex 73.3888 9.41126 2
      vertex 73.6329 9.55757 2
    endloop
  endfacet
  facet normal 0 0 1
    outer loop
      vertex 73.1603 33.3583 2
      vertex 73.3888 9.41126 2
      vertex 73.3888 33.1887 2
    endloop
  endfacet
  facet normal 0 0 1
    outer loop
      vertex 73.1603 33.3583 2
      vertex 73.1603 9.24173 2
      vertex 73.3888 9.41126 2
    endloop
  endfacet
  facet normal 0 0 1
    outer loop
      vertex 72.9494 33.5494 2
      vertex 73.1603 9.24173 2
      vertex 73.1603 33.3583 2
    endloop
  endfacet
  facet normal 0 0 1
    outer loop
      vertex 72.9494 33.5494 2
      vertex 72.9494 9.05061 2
      vertex 73.1603 9.24173 2
    endloop
  endfacet
  facet normal 0 0 1
    outer loop
      vertex 72.7583 33.7603 2
      vertex 72.9494 9.05061 2
      vertex 72.9494 33.5494 2
    endloop
  endfacet
  facet normal 0 0 1
    outer loop
      vertex 72.7583 33.7603 2
      vertex 72.7583 8.83974 2
      vertex 72.9494 9.05061 2
    endloop
  endfacet
  facet normal 0 0 1
    outer loop
      vertex 72.5887 33.9888 2
      vertex 72.7583 8.83974 2
      vertex 72.7583 33.7603 2
    endloop
  endfacet
  facet normal 0 0 1
    outer loop
      vertex 72.5887 33.9888 2
      vertex 72.5887 8.61115 2
      vertex 72.7583 8.83974 2
    endloop
  endfacet
  facet normal 0 0 1
    outer loop
      vertex 72.4424 34.2329 2
      vertex 72.5887 8.61115 2
      vertex 72.5887 33.9888 2
    endloop
  endfacet
  facet normal 0 0 1
    outer loop
      vertex 72.4424 34.2329 2
      vertex 72.4424 8.36705 2
      vertex 72.5887 8.61115 2
    endloop
  endfacet
  facet normal 0 0 1
    outer loop
      vertex 72.3207 34.4902 2
      vertex 72.4424 8.36705 2
      vertex 72.4424 34.2329 2
    endloop
  endfacet
  facet normal 0 0 1
    outer loop
      vertex 72.3207 34.4902 2
      vertex 72.3207 8.10978 2
      vertex 72.4424 8.36705 2
    endloop
  endfacet
  facet normal 0 0 1
    outer loop
      vertex 9.84428 35.0342 2
      vertex 72.1557 35.0342 2
      vertex 9.88603 35.3158 2
    endloop
  endfacet
  facet normal 0 0 1
    outer loop
      vertex 72.1557 35.0342 2
      vertex 9.84428 35.0342 2
      vertex 72.2249 34.7582 2
    endloop
  endfacet
  facet normal 0 0 1
    outer loop
      vertex 72.114 35.3158 2
      vertex 9.88603 35.3158 2
      vertex 72.1557 35.0342 2
    endloop
  endfacet
  facet normal 0 0 1
    outer loop
      vertex 9.77513 34.7582 2
      vertex 72.2249 34.7582 2
      vertex 9.84428 35.0342 2
    endloop
  endfacet
  facet normal 0 0 1
    outer loop
      vertex 9.88603 35.3158 2
      vertex 72.114 35.3158 2
      vertex 9.9 35.6 2
    endloop
  endfacet
  facet normal 0 0 1
    outer loop
      vertex 72.3207 8.10978 2
      vertex 9.9 7 2
      vertex 72.2249 7.84183 2
    endloop
  endfacet
  facet normal -0 0 1
    outer loop
      vertex 9.9 35.6 2
      vertex 72.114 35.3158 2
      vertex 72.1 35.6 2
    endloop
  endfacet
  facet normal 0 0 1
    outer loop
      vertex 72.2249 7.84183 2
      vertex 9.9 7 2
      vertex 72.1557 7.56576 2
    endloop
  endfacet
  facet normal 0 0 1
    outer loop
      vertex 78.4 39.6 2
      vertex 79 39 2
      vertex 78.9971 39.0588 2
    endloop
  endfacet
  facet normal 0 0 1
    outer loop
      vertex 77.886 35.3158 2
      vertex 79 39 2
      vertex 77.9 35.6 2
    endloop
  endfacet
  facet normal 0 0 1
    outer loop
      vertex 78.4 39.6 2
      vertex 78.9971 39.0588 2
      vertex 78.9885 39.1171 2
    endloop
  endfacet
  facet normal 0 0 1
    outer loop
      vertex 77.8443 35.0342 2
      vertex 79 39 2
      vertex 77.886 35.3158 2
    endloop
  endfacet
  facet normal 0 0 1
    outer loop
      vertex 78.4 39.6 2
      vertex 78.9885 39.1171 2
      vertex 78.9742 39.1742 2
    endloop
  endfacet
  facet normal -0 0 1
    outer loop
      vertex 77.886 6.71575 2
      vertex 79 3.59999 2
      vertex 77.9 7 2
    endloop
  endfacet
  facet normal 0 0 1
    outer loop
      vertex 78.4 39.6 2
      vertex 78.9742 39.1742 2
      vertex 78.9543 39.2296 2
    endloop
  endfacet
  facet normal -0 0 1
    outer loop
      vertex 77.8443 6.43424 2
      vertex 79 3.59999 2
      vertex 77.886 6.71575 2
    endloop
  endfacet
  facet normal 0 0 1
    outer loop
      vertex 78.4 39.6 2
      vertex 78.9543 39.2296 2
      vertex 78.9291 39.2828 2
    endloop
  endfacet
  facet normal -0 0 1
    outer loop
      vertex 77.7751 6.15817 2
      vertex 79 3.59999 2
      vertex 77.8443 6.43424 2
    endloop
  endfacet
  facet normal 0 0 1
    outer loop
      vertex 78.4 39.6 2
      vertex 78.9291 39.2828 2
      vertex 78.8989 39.3333 2
    endloop
  endfacet
  facet normal -0 0 1
    outer loop
      vertex 77.6793 5.89022 2
      vertex 79 3.59999 2
      vertex 77.7751 6.15817 2
    endloop
  endfacet
  facet normal 0 0 1
    outer loop
      vertex 78.4 39.6 2
      vertex 78.8989 39.3333 2
      vertex 78.8638 39.3806 2
    endloop
  endfacet
  facet normal -0 0 1
    outer loop
      vertex 77.5576 5.63295 2
      vertex 79 3.59999 2
      vertex 77.6793 5.89022 2
    endloop
  endfacet
  facet normal 0 0 1
    outer loop
      vertex 78.4 39.6 2
      vertex 78.8638 39.3806 2
      vertex 78.8242 39.4243 2
    endloop
  endfacet
  facet normal -0 0 1
    outer loop
      vertex 77.4113 5.38885 2
      vertex 79 3.59999 2
      vertex 77.5576 5.63295 2
    endloop
  endfacet
  facet normal 0 0 1
    outer loop
      vertex 78.4 39.6 2
      vertex 78.8242 39.4243 2
      vertex 78.7806 39.4638 2
    endloop
  endfacet
  facet normal -0 0 1
    outer loop
      vertex 77.2417 5.16026 2
      vertex 79 3.59999 2
      vertex 77.4113 5.38885 2
    endloop
  endfacet
  facet normal 0 0 1
    outer loop
      vertex 78.4 39.6 2
      vertex 78.7806 39.4638 2
      vertex 78.7333 39.4989 2
    endloop
  endfacet
  facet normal -0 0 1
    outer loop
      vertex 77.0506 4.94939 2
      vertex 79 3.59999 2
      vertex 77.2417 5.16026 2
    endloop
  endfacet
  facet normal 0 0 1
    outer loop
      vertex 78.4 39.6 2
      vertex 78.7333 39.4989 2
      vertex 78.6828 39.5291 2
    endloop
  endfacet
  facet normal 0 -0 1
    outer loop
      vertex 78.4 3 2
      vertex 79 3.59999 2
      vertex 77.0506 4.94939 2
    endloop
  endfacet
  facet normal 0 0 1
    outer loop
      vertex 78.4 39.6 2
      vertex 78.6828 39.5291 2
      vertex 78.6296 39.5543 2
    endloop
  endfacet
  facet normal 0 0 1
    outer loop
      vertex 79 3.59999 2
      vertex 78.4 3 2
      vertex 78.9971 3.54118 2
    endloop
  endfacet
  facet normal 0 0 1
    outer loop
      vertex 78.4 39.6 2
      vertex 78.6296 39.5543 2
      vertex 78.5742 39.5742 2
    endloop
  endfacet
  facet normal 0 0 1
    outer loop
      vertex 78.9971 3.54118 2
      vertex 78.4 3 2
      vertex 78.9885 3.48294 2
    endloop
  endfacet
  facet normal 0 0 1
    outer loop
      vertex 78.4 39.6 2
      vertex 78.5742 39.5742 2
      vertex 78.517 39.5885 2
    endloop
  endfacet
  facet normal 0 0 1
    outer loop
      vertex 78.9885 3.48294 2
      vertex 78.4 3 2
      vertex 78.9742 3.42583 2
    endloop
  endfacet
  facet normal 0 0 1
    outer loop
      vertex 78.4 39.6 2
      vertex 78.517 39.5885 2
      vertex 78.4588 39.5971 2
    endloop
  endfacet
  facet normal 0 0 1
    outer loop
      vertex 78.9742 3.42583 2
      vertex 78.4 3 2
      vertex 78.9543 3.37038 2
    endloop
  endfacet
  facet normal 0 0 1
    outer loop
      vertex 79 39 2
      vertex 78.4 39.6 2
      vertex 77.0506 37.6506 2
    endloop
  endfacet
  facet normal 0 0 1
    outer loop
      vertex 78.9291 3.31715 2
      vertex 78.4 3 2
      vertex 78.8989 3.26665 2
    endloop
  endfacet
  facet normal 0 0 1
    outer loop
      vertex 78.8989 3.26665 2
      vertex 78.4 3 2
      vertex 78.8638 3.21936 2
    endloop
  endfacet
  facet normal 0 0 1
    outer loop
      vertex 79 39 2
      vertex 77.886 35.8843 2
      vertex 77.9 35.6 2
    endloop
  endfacet
  facet normal 0 0 1
    outer loop
      vertex 79 39 2
      vertex 77.8443 36.1658 2
      vertex 77.886 35.8843 2
    endloop
  endfacet
  facet normal 0 0 1
    outer loop
      vertex 79 39 2
      vertex 77.7751 36.4418 2
      vertex 77.8443 36.1658 2
    endloop
  endfacet
  facet normal 0 0 1
    outer loop
      vertex 79 39 2
      vertex 77.6793 36.7098 2
      vertex 77.7751 36.4418 2
    endloop
  endfacet
  facet normal 0 0 1
    outer loop
      vertex 79 39 2
      vertex 77.5576 36.967 2
      vertex 77.6793 36.7098 2
    endloop
  endfacet
  facet normal 0 0 1
    outer loop
      vertex 79 39 2
      vertex 77.4113 37.2112 2
      vertex 77.5576 36.967 2
    endloop
  endfacet
  facet normal 0 0 1
    outer loop
      vertex 79 39 2
      vertex 77.2417 37.4397 2
      vertex 77.4113 37.2112 2
    endloop
  endfacet
  facet normal 0 0 1
    outer loop
      vertex 79 39 2
      vertex 77.0506 37.6506 2
      vertex 77.2417 37.4397 2
    endloop
  endfacet
  facet normal 0 0 1
    outer loop
      vertex 78.4 39.6 2
      vertex 76.8397 37.8417 2
      vertex 77.0506 37.6506 2
    endloop
  endfacet
  facet normal 0 0 1
    outer loop
      vertex 78.4 39.6 2
      vertex 76.6112 38.0113 2
      vertex 76.8397 37.8417 2
    endloop
  endfacet
  facet normal 0 0 1
    outer loop
      vertex 78.4 39.6 2
      vertex 76.3671 38.1576 2
      vertex 76.6112 38.0113 2
    endloop
  endfacet
  facet normal 0 0 1
    outer loop
      vertex 78.4 39.6 2
      vertex 76.1098 38.2793 2
      vertex 76.3671 38.1576 2
    endloop
  endfacet
  facet normal 0 0 1
    outer loop
      vertex 78.4 39.6 2
      vertex 75.8418 38.3751 2
      vertex 76.1098 38.2793 2
    endloop
  endfacet
  facet normal 0 0 1
    outer loop
      vertex 78.4 39.6 2
      vertex 75.5658 38.4443 2
      vertex 75.8418 38.3751 2
    endloop
  endfacet
  facet normal 0 0 1
    outer loop
      vertex 78.4 39.6 2
      vertex 75.2842 38.486 2
      vertex 75.5658 38.4443 2
    endloop
  endfacet
  facet normal 0 0 1
    outer loop
      vertex 78.4 39.6 2
      vertex 75 38.5 2
      vertex 75.2842 38.486 2
    endloop
  endfacet
  facet normal 0 0 1
    outer loop
      vertex 78.4 39.6 2
      vertex 74.7158 38.486 2
      vertex 75 38.5 2
    endloop
  endfacet
  facet normal 0 0 1
    outer loop
      vertex 78.4 39.6 2
      vertex 74.4342 38.4443 2
      vertex 74.7158 38.486 2
    endloop
  endfacet
  facet normal 0 0 1
    outer loop
      vertex 78.4 39.6 2
      vertex 74.1582 38.3751 2
      vertex 74.4342 38.4443 2
    endloop
  endfacet
  facet normal 0 0 1
    outer loop
      vertex 72.1557 7.56576 2
      vertex 9.9 7 2
      vertex 72.114 7.28425 2
    endloop
  endfacet
  facet normal 0 0 1
    outer loop
      vertex 72.114 35.8843 2
      vertex 9.9 35.6 2
      vertex 72.1 35.6 2
    endloop
  endfacet
  facet normal 0 0 1
    outer loop
      vertex 9.88603 35.8843 2
      vertex 72.114 35.8843 2
      vertex 72.1557 36.1658 2
    endloop
  endfacet
  facet normal 0 0 1
    outer loop
      vertex 9.84428 36.1658 2
      vertex 72.1557 36.1658 2
      vertex 72.2249 36.4418 2
    endloop
  endfacet
  facet normal 0 0 1
    outer loop
      vertex 9.77513 36.4418 2
      vertex 72.2249 36.4418 2
      vertex 72.3207 36.7098 2
    endloop
  endfacet
  facet normal 0 0 1
    outer loop
      vertex 9.67925 36.7098 2
      vertex 72.3207 36.7098 2
      vertex 72.4424 36.967 2
    endloop
  endfacet
  facet normal 0 0 1
    outer loop
      vertex 9.55757 36.967 2
      vertex 72.4424 36.967 2
      vertex 72.5887 37.2112 2
    endloop
  endfacet
  facet normal 0 0 1
    outer loop
      vertex 9.41126 37.2112 2
      vertex 72.5887 37.2112 2
      vertex 72.7583 37.4397 2
    endloop
  endfacet
  facet normal 0 0 1
    outer loop
      vertex 9.24173 37.4397 2
      vertex 72.7583 37.4397 2
      vertex 72.9494 37.6506 2
    endloop
  endfacet
  facet normal 0 0 1
    outer loop
      vertex 9.05061 37.6506 2
      vertex 72.9494 37.6506 2
      vertex 73.1603 37.8417 2
    endloop
  endfacet
  facet normal 0 0 1
    outer loop
      vertex 8.83974 37.8417 2
      vertex 73.1603 37.8417 2
      vertex 73.3888 38.0113 2
    endloop
  endfacet
  facet normal 0 0 1
    outer loop
      vertex 8.61115 38.0113 2
      vertex 73.3888 38.0113 2
      vertex 73.6329 38.1576 2
    endloop
  endfacet
  facet normal 0 0 1
    outer loop
      vertex 8.36705 38.1576 2
      vertex 73.6329 38.1576 2
      vertex 73.8902 38.2793 2
    endloop
  endfacet
  facet normal 0 0 1
    outer loop
      vertex 8.10978 38.2793 2
      vertex 73.8902 38.2793 2
      vertex 74.1582 38.3751 2
    endloop
  endfacet
  facet normal 0 0 1
    outer loop
      vertex 7.84183 38.3751 2
      vertex 74.1582 38.3751 2
      vertex 78.4 39.6 2
    endloop
  endfacet
  facet normal 0 0 1
    outer loop
      vertex 72.114 35.8843 2
      vertex 9.88603 35.8843 2
      vertex 9.9 35.6 2
    endloop
  endfacet
  facet normal 0 0 1
    outer loop
      vertex 72.1557 36.1658 2
      vertex 9.84428 36.1658 2
      vertex 9.88603 35.8843 2
    endloop
  endfacet
  facet normal 0 0 1
    outer loop
      vertex 72.2249 36.4418 2
      vertex 9.77513 36.4418 2
      vertex 9.84428 36.1658 2
    endloop
  endfacet
  facet normal 0 0 1
    outer loop
      vertex 72.3207 36.7098 2
      vertex 9.67925 36.7098 2
      vertex 9.77513 36.4418 2
    endloop
  endfacet
  facet normal 0 0 1
    outer loop
      vertex 72.4424 36.967 2
      vertex 9.55757 36.967 2
      vertex 9.67925 36.7098 2
    endloop
  endfacet
  facet normal 0 0 1
    outer loop
      vertex 72.5887 37.2112 2
      vertex 9.41126 37.2112 2
      vertex 9.55757 36.967 2
    endloop
  endfacet
  facet normal 0 0 1
    outer loop
      vertex 72.7583 37.4397 2
      vertex 9.24173 37.4397 2
      vertex 9.41126 37.2112 2
    endloop
  endfacet
  facet normal 0 0 1
    outer loop
      vertex 72.9494 37.6506 2
      vertex 9.05061 37.6506 2
      vertex 9.24173 37.4397 2
    endloop
  endfacet
  facet normal 0 0 1
    outer loop
      vertex 73.1603 37.8417 2
      vertex 8.83974 37.8417 2
      vertex 9.05061 37.6506 2
    endloop
  endfacet
  facet normal 0 0 1
    outer loop
      vertex 73.3888 38.0113 2
      vertex 8.61115 38.0113 2
      vertex 8.83974 37.8417 2
    endloop
  endfacet
  facet normal 0 0 1
    outer loop
      vertex 73.6329 38.1576 2
      vertex 8.36705 38.1576 2
      vertex 8.61115 38.0113 2
    endloop
  endfacet
  facet normal 0 0 1
    outer loop
      vertex 73.8902 38.2793 2
      vertex 8.10978 38.2793 2
      vertex 8.36705 38.1576 2
    endloop
  endfacet
  facet normal 0 0 1
    outer loop
      vertex 74.1582 38.3751 2
      vertex 7.84183 38.3751 2
      vertex 8.10978 38.2793 2
    endloop
  endfacet
  facet normal -0 0 1
    outer loop
      vertex 3.59999 39.6 2
      vertex 7.84183 38.3751 2
      vertex 78.4 39.6 2
    endloop
  endfacet
  facet normal 0 0 1
    outer loop
      vertex 7.84183 38.3751 2
      vertex 3.59999 39.6 2
      vertex 7.56576 38.4443 2
    endloop
  endfacet
  facet normal 0 0 1
    outer loop
      vertex 7.56576 38.4443 2
      vertex 3.59999 39.6 2
      vertex 7.28425 38.486 2
    endloop
  endfacet
  facet normal 0 0 1
    outer loop
      vertex 4.11396 35.8843 2
      vertex 3 39 2
      vertex 4.1 35.6 2
    endloop
  endfacet
  facet normal 0 0 1
    outer loop
      vertex 4.15572 36.1658 2
      vertex 3 39 2
      vertex 4.11396 35.8843 2
    endloop
  endfacet
  facet normal 0 0 1
    outer loop
      vertex 4.22487 36.4418 2
      vertex 3 39 2
      vertex 4.15572 36.1658 2
    endloop
  endfacet
  facet normal 0 0 1
    outer loop
      vertex 4.32075 36.7098 2
      vertex 3 39 2
      vertex 4.22487 36.4418 2
    endloop
  endfacet
  facet normal 0 0 1
    outer loop
      vertex 4.44243 36.967 2
      vertex 3 39 2
      vertex 4.32075 36.7098 2
    endloop
  endfacet
  facet normal 0 0 1
    outer loop
      vertex 4.58874 37.2112 2
      vertex 3 39 2
      vertex 4.44243 36.967 2
    endloop
  endfacet
  facet normal 0 0 1
    outer loop
      vertex 4.75827 37.4397 2
      vertex 3 39 2
      vertex 4.58874 37.2112 2
    endloop
  endfacet
  facet normal 0 0 1
    outer loop
      vertex 4.94939 37.6506 2
      vertex 3 39 2
      vertex 4.75827 37.4397 2
    endloop
  endfacet
  facet normal -0 0 1
    outer loop
      vertex 3 39 2
      vertex 4.94939 37.6506 2
      vertex 3.59999 39.6 2
    endloop
  endfacet
  facet normal 0 0 1
    outer loop
      vertex 5.16026 37.8417 2
      vertex 3.59999 39.6 2
      vertex 4.94939 37.6506 2
    endloop
  endfacet
  facet normal 0 0 1
    outer loop
      vertex 5.38885 38.0113 2
      vertex 3.59999 39.6 2
      vertex 5.16026 37.8417 2
    endloop
  endfacet
  facet normal 0 0 1
    outer loop
      vertex 5.63295 38.1576 2
      vertex 3.59999 39.6 2
      vertex 5.38885 38.0113 2
    endloop
  endfacet
  facet normal 0 0 1
    outer loop
      vertex 5.89022 38.2793 2
      vertex 3.59999 39.6 2
      vertex 5.63295 38.1576 2
    endloop
  endfacet
  facet normal 0 0 1
    outer loop
      vertex 6.15817 38.3751 2
      vertex 3.59999 39.6 2
      vertex 5.89022 38.2793 2
    endloop
  endfacet
  facet normal 0 0 1
    outer loop
      vertex 6.43424 38.4443 2
      vertex 3.59999 39.6 2
      vertex 6.15817 38.3751 2
    endloop
  endfacet
  facet normal 0 0 1
    outer loop
      vertex 6.71575 38.486 2
      vertex 3.59999 39.6 2
      vertex 6.43424 38.4443 2
    endloop
  endfacet
  facet normal 0 0 1
    outer loop
      vertex 7 38.5 2
      vertex 3.59999 39.6 2
      vertex 6.71575 38.486 2
    endloop
  endfacet
  facet normal 0 0 1
    outer loop
      vertex 7.28425 38.486 2
      vertex 3.59999 39.6 2
      vertex 7 38.5 2
    endloop
  endfacet
  facet normal 0 0 1
    outer loop
      vertex 78.8638 3.21936 2
      vertex 78.4 3 2
      vertex 78.8242 3.17574 2
    endloop
  endfacet
  facet normal 0 0 1
    outer loop
      vertex 78.8242 3.17574 2
      vertex 78.4 3 2
      vertex 78.7806 3.13618 2
    endloop
  endfacet
  facet normal 0 0 1
    outer loop
      vertex 78.7806 3.13618 2
      vertex 78.4 3 2
      vertex 78.7333 3.1011 2
    endloop
  endfacet
  facet normal 0 0 1
    outer loop
      vertex 78.7333 3.1011 2
      vertex 78.4 3 2
      vertex 78.6828 3.07085 2
    endloop
  endfacet
  facet normal 0 0 1
    outer loop
      vertex 78.6828 3.07085 2
      vertex 78.4 3 2
      vertex 78.6296 3.04567 2
    endloop
  endfacet
  facet normal 0 0 1
    outer loop
      vertex 78.6296 3.04567 2
      vertex 78.4 3 2
      vertex 78.5742 3.02583 2
    endloop
  endfacet
  facet normal 0 0 1
    outer loop
      vertex 78.5742 3.02583 2
      vertex 78.4 3 2
      vertex 78.517 3.01152 2
    endloop
  endfacet
  facet normal 0 0 1
    outer loop
      vertex 78.517 3.01152 2
      vertex 78.4 3 2
      vertex 78.4588 3.00288 2
    endloop
  endfacet
  facet normal 0 0 1
    outer loop
      vertex 78.9543 3.37038 2
      vertex 78.4 3 2
      vertex 78.9291 3.31715 2
    endloop
  endfacet
  facet normal -0 0 1
    outer loop
      vertex 76.8397 4.75827 2
      vertex 78.4 3 2
      vertex 77.0506 4.94939 2
    endloop
  endfacet
  facet normal -0 0 1
    outer loop
      vertex 76.6112 4.58874 2
      vertex 78.4 3 2
      vertex 76.8397 4.75827 2
    endloop
  endfacet
  facet normal -0 0 1
    outer loop
      vertex 76.3671 4.44243 2
      vertex 78.4 3 2
      vertex 76.6112 4.58874 2
    endloop
  endfacet
  facet normal -0 0 1
    outer loop
      vertex 76.1098 4.32075 2
      vertex 78.4 3 2
      vertex 76.3671 4.44243 2
    endloop
  endfacet
  facet normal -0 0 1
    outer loop
      vertex 75.8418 4.22487 2
      vertex 78.4 3 2
      vertex 76.1098 4.32075 2
    endloop
  endfacet
  facet normal -0 0 1
    outer loop
      vertex 75.5658 4.15572 2
      vertex 78.4 3 2
      vertex 75.8418 4.22487 2
    endloop
  endfacet
  facet normal -0 0 1
    outer loop
      vertex 75.2842 4.11396 2
      vertex 78.4 3 2
      vertex 75.5658 4.15572 2
    endloop
  endfacet
  facet normal -0 0 1
    outer loop
      vertex 75 4.1 2
      vertex 78.4 3 2
      vertex 75.2842 4.11396 2
    endloop
  endfacet
  facet normal 0 0 1
    outer loop
      vertex 74.7158 4.11396 2
      vertex 78.4 3 2
      vertex 75 4.1 2
    endloop
  endfacet
  facet normal 0 0 1
    outer loop
      vertex 74.4342 4.15572 2
      vertex 78.4 3 2
      vertex 74.7158 4.11396 2
    endloop
  endfacet
  facet normal 0 0 1
    outer loop
      vertex 74.1582 4.22487 2
      vertex 78.4 3 2
      vertex 74.4342 4.15572 2
    endloop
  endfacet
  facet normal 0 0 1
    outer loop
      vertex 72.114 7.28425 2
      vertex 9.9 7 2
      vertex 72.1 7 2
    endloop
  endfacet
  facet normal 0 0 1
    outer loop
      vertex 72.1 7 2
      vertex 9.9 7 2
      vertex 72.114 6.71575 2
    endloop
  endfacet
  facet normal 0 0 1
    outer loop
      vertex 9.88603 6.71575 2
      vertex 72.114 6.71575 2
      vertex 9.9 7 2
    endloop
  endfacet
  facet normal 0 0 1
    outer loop
      vertex 72.114 6.71575 2
      vertex 9.88603 6.71575 2
      vertex 72.1557 6.43424 2
    endloop
  endfacet
  facet normal 0 0 1
    outer loop
      vertex 9.84428 6.43424 2
      vertex 72.1557 6.43424 2
      vertex 9.88603 6.71575 2
    endloop
  endfacet
  facet normal 0 0 1
    outer loop
      vertex 72.1557 6.43424 2
      vertex 9.84428 6.43424 2
      vertex 72.2249 6.15817 2
    endloop
  endfacet
  facet normal 0 0 1
    outer loop
      vertex 9.77513 6.15817 2
      vertex 72.2249 6.15817 2
      vertex 9.84428 6.43424 2
    endloop
  endfacet
  facet normal 0 0 1
    outer loop
      vertex 72.2249 6.15817 2
      vertex 9.77513 6.15817 2
      vertex 72.3207 5.89022 2
    endloop
  endfacet
  facet normal 0 0 1
    outer loop
      vertex 9.67925 5.89022 2
      vertex 72.3207 5.89022 2
      vertex 9.77513 6.15817 2
    endloop
  endfacet
  facet normal 0 0 1
    outer loop
      vertex 72.3207 5.89022 2
      vertex 9.67925 5.89022 2
      vertex 72.4424 5.63295 2
    endloop
  endfacet
  facet normal 0 0 1
    outer loop
      vertex 9.55757 5.63295 2
      vertex 72.4424 5.63295 2
      vertex 9.67925 5.89022 2
    endloop
  endfacet
  facet normal 0 0 1
    outer loop
      vertex 72.4424 5.63295 2
      vertex 9.55757 5.63295 2
      vertex 72.5887 5.38885 2
    endloop
  endfacet
  facet normal 0 0 1
    outer loop
      vertex 9.41126 5.38885 2
      vertex 72.5887 5.38885 2
      vertex 9.55757 5.63295 2
    endloop
  endfacet
  facet normal 0 0 1
    outer loop
      vertex 72.5887 5.38885 2
      vertex 9.41126 5.38885 2
      vertex 72.7583 5.16026 2
    endloop
  endfacet
  facet normal 0 0 1
    outer loop
      vertex 9.24173 5.16026 2
      vertex 72.7583 5.16026 2
      vertex 9.41126 5.38885 2
    endloop
  endfacet
  facet normal 0 0 1
    outer loop
      vertex 72.7583 5.16026 2
      vertex 9.24173 5.16026 2
      vertex 72.9494 4.94939 2
    endloop
  endfacet
  facet normal 0 0 1
    outer loop
      vertex 9.05061 4.94939 2
      vertex 72.9494 4.94939 2
      vertex 9.24173 5.16026 2
    endloop
  endfacet
  facet normal 0 0 1
    outer loop
      vertex 72.9494 4.94939 2
      vertex 9.05061 4.94939 2
      vertex 73.1603 4.75827 2
    endloop
  endfacet
  facet normal 0 0 1
    outer loop
      vertex 8.83974 4.75827 2
      vertex 73.1603 4.75827 2
      vertex 9.05061 4.94939 2
    endloop
  endfacet
  facet normal 0 0 1
    outer loop
      vertex 73.1603 4.75827 2
      vertex 8.83974 4.75827 2
      vertex 73.3888 4.58874 2
    endloop
  endfacet
  facet normal 0 0 1
    outer loop
      vertex 8.61115 4.58874 2
      vertex 73.3888 4.58874 2
      vertex 8.83974 4.75827 2
    endloop
  endfacet
  facet normal 0 0 1
    outer loop
      vertex 73.3888 4.58874 2
      vertex 8.61115 4.58874 2
      vertex 73.6329 4.44243 2
    endloop
  endfacet
  facet normal 0 0 1
    outer loop
      vertex 8.36705 4.44243 2
      vertex 73.6329 4.44243 2
      vertex 8.61115 4.58874 2
    endloop
  endfacet
  facet normal 0 0 1
    outer loop
      vertex 73.6329 4.44243 2
      vertex 8.36705 4.44243 2
      vertex 73.8902 4.32075 2
    endloop
  endfacet
  facet normal 0 0 1
    outer loop
      vertex 8.10978 4.32075 2
      vertex 73.8902 4.32075 2
      vertex 8.36705 4.44243 2
    endloop
  endfacet
  facet normal 0 0 1
    outer loop
      vertex 73.8902 4.32075 2
      vertex 8.10978 4.32075 2
      vertex 74.1582 4.22487 2
    endloop
  endfacet
  facet normal 0 0 1
    outer loop
      vertex 7.84183 4.22487 2
      vertex 74.1582 4.22487 2
      vertex 8.10978 4.32075 2
    endloop
  endfacet
  facet normal 0 0 1
    outer loop
      vertex 74.1582 4.22487 2
      vertex 7.84183 4.22487 2
      vertex 78.4 3 2
    endloop
  endfacet
  facet normal 0 0 1
    outer loop
      vertex 3.59999 3 2
      vertex 7.84183 4.22487 2
      vertex 7.56576 4.15572 2
    endloop
  endfacet
  facet normal 0 0 1
    outer loop
      vertex 3.59999 3 2
      vertex 7.56576 4.15572 2
      vertex 7.28425 4.11396 2
    endloop
  endfacet
  facet normal 0 0 1
    outer loop
      vertex 3.59999 3 2
      vertex 7.28425 4.11396 2
      vertex 7 4.1 2
    endloop
  endfacet
  facet normal 0 0 1
    outer loop
      vertex 7.84183 4.22487 2
      vertex 3.59999 3 2
      vertex 78.4 3 2
    endloop
  endfacet
  facet normal 0 0 1
    outer loop
      vertex 6.71575 4.11396 2
      vertex 3.59999 3 2
      vertex 7 4.1 2
    endloop
  endfacet
  facet normal 0 0 1
    outer loop
      vertex 6.43424 4.15572 2
      vertex 3.59999 3 2
      vertex 6.71575 4.11396 2
    endloop
  endfacet
  facet normal 0 0 1
    outer loop
      vertex 6.15817 4.22487 2
      vertex 3.59999 3 2
      vertex 6.43424 4.15572 2
    endloop
  endfacet
  facet normal 0 0 1
    outer loop
      vertex 5.89022 4.32075 2
      vertex 3.59999 3 2
      vertex 6.15817 4.22487 2
    endloop
  endfacet
  facet normal 0 0 1
    outer loop
      vertex 5.63295 4.44243 2
      vertex 3.59999 3 2
      vertex 5.89022 4.32075 2
    endloop
  endfacet
  facet normal 0 0 1
    outer loop
      vertex 5.38885 4.58874 2
      vertex 3.59999 3 2
      vertex 5.63295 4.44243 2
    endloop
  endfacet
  facet normal 0 0 1
    outer loop
      vertex 5.16026 4.75827 2
      vertex 3.59999 3 2
      vertex 5.38885 4.58874 2
    endloop
  endfacet
  facet normal 0 0 1
    outer loop
      vertex 4.94939 4.94939 2
      vertex 3.59999 3 2
      vertex 5.16026 4.75827 2
    endloop
  endfacet
  facet normal 0 0 1
    outer loop
      vertex 3 3.59999 2
      vertex 4.94939 4.94939 2
      vertex 4.75827 5.16026 2
    endloop
  endfacet
  facet normal 0 0 1
    outer loop
      vertex 3 3.59999 2
      vertex 4.75827 5.16026 2
      vertex 4.58874 5.38885 2
    endloop
  endfacet
  facet normal 0 0 1
    outer loop
      vertex 3 3.59999 2
      vertex 4.58874 5.38885 2
      vertex 4.44243 5.63295 2
    endloop
  endfacet
  facet normal 0 0 1
    outer loop
      vertex 3 3.59999 2
      vertex 4.44243 5.63295 2
      vertex 4.32075 5.89022 2
    endloop
  endfacet
  facet normal 0 0 1
    outer loop
      vertex 3 3.59999 2
      vertex 4.32075 5.89022 2
      vertex 4.22487 6.15817 2
    endloop
  endfacet
  facet normal 0 0 1
    outer loop
      vertex 3 3.59999 2
      vertex 4.22487 6.15817 2
      vertex 4.15572 6.43424 2
    endloop
  endfacet
  facet normal 0 0 1
    outer loop
      vertex 3 3.59999 2
      vertex 4.15572 6.43424 2
      vertex 4.11396 6.71575 2
    endloop
  endfacet
  facet normal 0 0 1
    outer loop
      vertex 3 3.59999 2
      vertex 4.11396 6.71575 2
      vertex 4.1 7 2
    endloop
  endfacet
  facet normal 0 0 1
    outer loop
      vertex 4.15572 7.56576 2
      vertex 3 3.59999 2
      vertex 4.11396 7.28425 2
    endloop
  endfacet
  facet normal 0 0 1
    outer loop
      vertex 3 39 2
      vertex 3.59999 39.6 2
      vertex 3.54118 39.5971 2
    endloop
  endfacet
  facet normal 0 0 1
    outer loop
      vertex 4.11396 7.28425 2
      vertex 3 3.59999 2
      vertex 4.1 7 2
    endloop
  endfacet
  facet normal 0 0 1
    outer loop
      vertex 3 39 2
      vertex 3.54118 39.5971 2
      vertex 3.48294 39.5885 2
    endloop
  endfacet
  facet normal 0 0 1
    outer loop
      vertex 4.94939 4.94939 2
      vertex 3 3.59999 2
      vertex 3.59999 3 2
    endloop
  endfacet
  facet normal 0 0 1
    outer loop
      vertex 3 39 2
      vertex 3.48294 39.5885 2
      vertex 3.42583 39.5742 2
    endloop
  endfacet
  facet normal 0 0 1
    outer loop
      vertex 3.59999 3 2
      vertex 3 3.59999 2
      vertex 3.54118 3.00288 2
    endloop
  endfacet
  facet normal 0 0 1
    outer loop
      vertex 3 39 2
      vertex 3.42583 39.5742 2
      vertex 3.37038 39.5543 2
    endloop
  endfacet
  facet normal 0 0 1
    outer loop
      vertex 3.54118 3.00288 2
      vertex 3 3.59999 2
      vertex 3.48294 3.01152 2
    endloop
  endfacet
  facet normal 0 0 1
    outer loop
      vertex 3 39 2
      vertex 3.37038 39.5543 2
      vertex 3.31715 39.5291 2
    endloop
  endfacet
  facet normal 0 0 1
    outer loop
      vertex 3.48294 3.01152 2
      vertex 3 3.59999 2
      vertex 3.42583 3.02583 2
    endloop
  endfacet
  facet normal 0 0 1
    outer loop
      vertex 3 39 2
      vertex 3.31715 39.5291 2
      vertex 3.26665 39.4989 2
    endloop
  endfacet
  facet normal 0 0 1
    outer loop
      vertex 3.42583 3.02583 2
      vertex 3 3.59999 2
      vertex 3.37038 3.04567 2
    endloop
  endfacet
  facet normal 0 0 1
    outer loop
      vertex 3 39 2
      vertex 3.26665 39.4989 2
      vertex 3.21936 39.4638 2
    endloop
  endfacet
  facet normal 0 0 1
    outer loop
      vertex 3.37038 3.04567 2
      vertex 3 3.59999 2
      vertex 3.31715 3.07085 2
    endloop
  endfacet
  facet normal 0 0 1
    outer loop
      vertex 3 39 2
      vertex 3.21936 39.4638 2
      vertex 3.17574 39.4243 2
    endloop
  endfacet
  facet normal 0 0 1
    outer loop
      vertex 3.31715 3.07085 2
      vertex 3 3.59999 2
      vertex 3.26665 3.1011 2
    endloop
  endfacet
  facet normal 0 0 1
    outer loop
      vertex 3 39 2
      vertex 3.17574 39.4243 2
      vertex 3.13618 39.3806 2
    endloop
  endfacet
  facet normal 0 0 1
    outer loop
      vertex 3.26665 3.1011 2
      vertex 3 3.59999 2
      vertex 3.21936 3.13618 2
    endloop
  endfacet
  facet normal 0 0 1
    outer loop
      vertex 3 39 2
      vertex 3.13618 39.3806 2
      vertex 3.1011 39.3333 2
    endloop
  endfacet
  facet normal 0 0 1
    outer loop
      vertex 3.21936 3.13618 2
      vertex 3 3.59999 2
      vertex 3.17574 3.17574 2
    endloop
  endfacet
  facet normal 0 0 1
    outer loop
      vertex 3 39 2
      vertex 3.1011 39.3333 2
      vertex 3.07085 39.2828 2
    endloop
  endfacet
  facet normal 0 0 1
    outer loop
      vertex 3.17574 3.17574 2
      vertex 3 3.59999 2
      vertex 3.13618 3.21936 2
    endloop
  endfacet
  facet normal 0 0 1
    outer loop
      vertex 3 39 2
      vertex 3.07085 39.2828 2
      vertex 3.04567 39.2296 2
    endloop
  endfacet
  facet normal 0 0 1
    outer loop
      vertex 3.13618 3.21936 2
      vertex 3 3.59999 2
      vertex 3.1011 3.26665 2
    endloop
  endfacet
  facet normal 0 0 1
    outer loop
      vertex 3 39 2
      vertex 3.04567 39.2296 2
      vertex 3.02583 39.1742 2
    endloop
  endfacet
  facet normal 0 0 1
    outer loop
      vertex 3.1011 3.26665 2
      vertex 3 3.59999 2
      vertex 3.07085 3.31715 2
    endloop
  endfacet
  facet normal 0 0 1
    outer loop
      vertex 3 39 2
      vertex 3.02583 39.1742 2
      vertex 3.01152 39.1171 2
    endloop
  endfacet
  facet normal 0 0 1
    outer loop
      vertex 3.07085 3.31715 2
      vertex 3 3.59999 2
      vertex 3.04567 3.37038 2
    endloop
  endfacet
  facet normal 0 0 1
    outer loop
      vertex 3 39 2
      vertex 3.01152 39.1171 2
      vertex 3.00288 39.0588 2
    endloop
  endfacet
  facet normal 0 0 1
    outer loop
      vertex 3.04567 3.37038 2
      vertex 3 3.59999 2
      vertex 3.02583 3.42583 2
    endloop
  endfacet
  facet normal 0 0 1
    outer loop
      vertex 3.02583 3.42583 2
      vertex 3 3.59999 2
      vertex 3.01152 3.48294 2
    endloop
  endfacet
  facet normal 0 0 1
    outer loop
      vertex 3.01152 3.48294 2
      vertex 3 3.59999 2
      vertex 3.00288 3.54118 2
    endloop
  endfacet
  facet normal -0.740954 -0.671556 0
    outer loop
      vertex 4.94939 4.94939 2
      vertex 4.75827 5.16026 6
      vertex 4.75827 5.16026 2
    endloop
  endfacet
  facet normal -0.740954 -0.671556 0
    outer loop
      vertex 4.75827 5.16026 6
      vertex 4.94939 4.94939 2
      vertex 4.94939 4.94939 6
    endloop
  endfacet
  facet normal 0.998794 0.0490876 0
    outer loop
      vertex 9.9 7 6
      vertex 9.88603 7.28425 2
      vertex 9.88603 7.28425 6
    endloop
  endfacet
  facet normal 0.998794 0.0490876 0
    outer loop
      vertex 9.88603 7.28425 2
      vertex 9.9 7 6
      vertex 9.9 7 2
    endloop
  endfacet
  facet normal -0.998796 -0.0490526 0
    outer loop
      vertex 4.11396 6.71575 2
      vertex 4.1 7 6
      vertex 4.1 7 2
    endloop
  endfacet
  facet normal -0.998796 -0.0490526 0
    outer loop
      vertex 4.1 7 6
      vertex 4.11396 6.71575 2
      vertex 4.11396 6.71575 6
    endloop
  endfacet
  facet normal -0.427556 0.903989 0
    outer loop
      vertex 5.89022 9.67925 2
      vertex 5.63295 9.55757 6
      vertex 5.89022 9.67925 6
    endloop
  endfacet
  facet normal -0.427556 0.903989 0
    outer loop
      vertex 5.63295 9.55757 6
      vertex 5.89022 9.67925 2
      vertex 5.63295 9.55757 2
    endloop
  endfacet
  facet normal -0.998796 0.0490526 0
    outer loop
      vertex 4.1 7 2
      vertex 4.11396 7.28425 6
      vertex 4.11396 7.28425 2
    endloop
  endfacet
  facet normal -0.998796 0.0490526 0
    outer loop
      vertex 4.11396 7.28425 6
      vertex 4.1 7 2
      vertex 4.1 7 6
    endloop
  endfacet
  facet normal 0.998794 -0.0490876 0
    outer loop
      vertex 9.88603 6.71575 6
      vertex 9.9 7 2
      vertex 9.9 7 6
    endloop
  endfacet
  facet normal 0.998794 -0.0490876 0
    outer loop
      vertex 9.9 7 2
      vertex 9.88603 6.71575 6
      vertex 9.88603 6.71575 2
    endloop
  endfacet
  facet normal -0.336908 0.941537 0
    outer loop
      vertex 6.15817 9.77513 2
      vertex 5.89022 9.67925 6
      vertex 6.15817 9.77513 6
    endloop
  endfacet
  facet normal -0.336908 0.941537 0
    outer loop
      vertex 5.89022 9.67925 6
      vertex 6.15817 9.77513 2
      vertex 5.89022 9.67925 2
    endloop
  endfacet
  facet normal 0.0490526 -0.998796 0
    outer loop
      vertex 7 4.1 2
      vertex 7.28425 4.11396 6
      vertex 7 4.1 6
    endloop
  endfacet
  facet normal 0.0490526 -0.998796 0
    outer loop
      vertex 7.28425 4.11396 6
      vertex 7 4.1 2
      vertex 7.28425 4.11396 2
    endloop
  endfacet
  facet normal 0.857725 -0.514108 0
    outer loop
      vertex 9.41126 5.38885 6
      vertex 9.55757 5.63295 2
      vertex 9.55757 5.63295 6
    endloop
  endfacet
  facet normal 0.857725 -0.514108 0
    outer loop
      vertex 9.55757 5.63295 2
      vertex 9.41126 5.38885 6
      vertex 9.41126 5.38885 2
    endloop
  endfacet
  facet normal 0.970033 0.242974 0
    outer loop
      vertex 9.84428 7.56576 6
      vertex 9.77513 7.84183 2
      vertex 9.77513 7.84183 6
    endloop
  endfacet
  facet normal 0.970033 0.242974 0
    outer loop
      vertex 9.77513 7.84183 2
      vertex 9.84428 7.56576 6
      vertex 9.84428 7.56576 2
    endloop
  endfacet
  facet normal 0.989181 0.146703 0
    outer loop
      vertex 9.88603 7.28425 6
      vertex 9.84428 7.56576 2
      vertex 9.84428 7.56576 6
    endloop
  endfacet
  facet normal 0.989181 0.146703 0
    outer loop
      vertex 9.84428 7.56576 2
      vertex 9.88603 7.28425 6
      vertex 9.88603 7.28425 2
    endloop
  endfacet
  facet normal 0.427556 0.903989 -0
    outer loop
      vertex 8.36705 9.55757 2
      vertex 8.10978 9.67925 6
      vertex 8.36705 9.55757 6
    endloop
  endfacet
  facet normal 0.427556 0.903989 0
    outer loop
      vertex 8.10978 9.67925 6
      vertex 8.36705 9.55757 2
      vertex 8.10978 9.67925 2
    endloop
  endfacet
  facet normal 0.59569 -0.803214 0
    outer loop
      vertex 8.61115 4.58874 2
      vertex 8.83974 4.75827 6
      vertex 8.61115 4.58874 6
    endloop
  endfacet
  facet normal 0.59569 -0.803214 0
    outer loop
      vertex 8.83974 4.75827 6
      vertex 8.61115 4.58874 2
      vertex 8.83974 4.75827 2
    endloop
  endfacet
  facet normal 0.989181 -0.146703 0
    outer loop
      vertex 9.84428 6.43424 6
      vertex 9.88603 6.71575 2
      vertex 9.88603 6.71575 6
    endloop
  endfacet
  facet normal 0.989181 -0.146703 0
    outer loop
      vertex 9.88603 6.71575 2
      vertex 9.84428 6.43424 6
      vertex 9.84428 6.43424 2
    endloop
  endfacet
  facet normal 0.803214 0.59569 0
    outer loop
      vertex 9.41126 8.61115 6
      vertex 9.24173 8.83974 2
      vertex 9.24173 8.83974 6
    endloop
  endfacet
  facet normal 0.803214 0.59569 0
    outer loop
      vertex 9.24173 8.83974 2
      vertex 9.41126 8.61115 6
      vertex 9.41126 8.61115 2
    endloop
  endfacet
  facet normal 0.146703 0.989181 -0
    outer loop
      vertex 7.56576 9.84428 2
      vertex 7.28425 9.88603 6
      vertex 7.56576 9.84428 6
    endloop
  endfacet
  facet normal 0.146703 0.989181 0
    outer loop
      vertex 7.28425 9.88603 6
      vertex 7.56576 9.84428 2
      vertex 7.28425 9.88603 2
    endloop
  endfacet
  facet normal 0.970033 -0.242974 0
    outer loop
      vertex 9.77513 6.15817 6
      vertex 9.84428 6.43424 2
      vertex 9.84428 6.43424 6
    endloop
  endfacet
  facet normal 0.970033 -0.242974 0
    outer loop
      vertex 9.84428 6.43424 2
      vertex 9.77513 6.15817 6
      vertex 9.77513 6.15817 2
    endloop
  endfacet
  facet normal -0.857725 0.514108 0
    outer loop
      vertex 4.44243 8.36705 2
      vertex 4.58874 8.61115 6
      vertex 4.58874 8.61115 2
    endloop
  endfacet
  facet normal -0.857725 0.514108 0
    outer loop
      vertex 4.58874 8.61115 6
      vertex 4.44243 8.36705 2
      vertex 4.44243 8.36705 6
    endloop
  endfacet
  facet normal -0.989176 0.146737 0
    outer loop
      vertex 4.11396 7.28425 2
      vertex 4.15572 7.56576 6
      vertex 4.15572 7.56576 2
    endloop
  endfacet
  facet normal -0.989176 0.146737 0
    outer loop
      vertex 4.15572 7.56576 6
      vertex 4.11396 7.28425 2
      vertex 4.11396 7.28425 6
    endloop
  endfacet
  facet normal 0.59569 0.803214 -0
    outer loop
      vertex 8.83974 9.24173 2
      vertex 8.61115 9.41126 6
      vertex 8.83974 9.24173 6
    endloop
  endfacet
  facet normal 0.59569 0.803214 0
    outer loop
      vertex 8.61115 9.41126 6
      vertex 8.83974 9.24173 2
      vertex 8.61115 9.41126 2
    endloop
  endfacet
  facet normal 0.336908 -0.941537 0
    outer loop
      vertex 7.84183 4.22487 2
      vertex 8.10978 4.32075 6
      vertex 7.84183 4.22487 6
    endloop
  endfacet
  facet normal 0.336908 -0.941537 0
    outer loop
      vertex 8.10978 4.32075 6
      vertex 7.84183 4.22487 2
      vertex 8.10978 4.32075 2
    endloop
  endfacet
  facet normal 0.146737 -0.989176 0
    outer loop
      vertex 7.28425 4.11396 2
      vertex 7.56576 4.15572 6
      vertex 7.28425 4.11396 6
    endloop
  endfacet
  facet normal 0.146737 -0.989176 0
    outer loop
      vertex 7.56576 4.15572 6
      vertex 7.28425 4.11396 2
      vertex 7.56576 4.15572 2
    endloop
  endfacet
  facet normal 0.514108 0.857725 -0
    outer loop
      vertex 8.61115 9.41126 2
      vertex 8.36705 9.55757 6
      vertex 8.61115 9.41126 6
    endloop
  endfacet
  facet normal 0.514108 0.857725 0
    outer loop
      vertex 8.36705 9.55757 6
      vertex 8.61115 9.41126 2
      vertex 8.36705 9.55757 2
    endloop
  endfacet
  facet normal -0.970033 0.242974 0
    outer loop
      vertex 4.15572 7.56576 2
      vertex 4.22487 7.84183 6
      vertex 4.22487 7.84183 2
    endloop
  endfacet
  facet normal -0.970033 0.242974 0
    outer loop
      vertex 4.22487 7.84183 6
      vertex 4.15572 7.56576 2
      vertex 4.15572 7.56576 6
    endloop
  endfacet
  facet normal 0.857725 0.514108 0
    outer loop
      vertex 9.55757 8.36705 6
      vertex 9.41126 8.61115 2
      vertex 9.41126 8.61115 6
    endloop
  endfacet
  facet normal 0.857725 0.514108 0
    outer loop
      vertex 9.41126 8.61115 2
      vertex 9.55757 8.36705 6
      vertex 9.55757 8.36705 2
    endloop
  endfacet
  facet normal -0.0490876 0.998794 0
    outer loop
      vertex 7 9.9 2
      vertex 6.71575 9.88603 6
      vertex 7 9.9 6
    endloop
  endfacet
  facet normal -0.0490876 0.998794 0
    outer loop
      vertex 6.71575 9.88603 6
      vertex 7 9.9 2
      vertex 6.71575 9.88603 2
    endloop
  endfacet
  facet normal -0.59569 0.803214 0
    outer loop
      vertex 5.38885 9.41126 2
      vertex 5.16026 9.24173 6
      vertex 5.38885 9.41126 6
    endloop
  endfacet
  facet normal -0.59569 0.803214 0
    outer loop
      vertex 5.16026 9.24173 6
      vertex 5.38885 9.41126 2
      vertex 5.16026 9.24173 2
    endloop
  endfacet
  facet normal 0.671556 -0.740954 0
    outer loop
      vertex 8.83974 4.75827 2
      vertex 9.05061 4.94939 6
      vertex 8.83974 4.75827 6
    endloop
  endfacet
  facet normal 0.671556 -0.740954 0
    outer loop
      vertex 9.05061 4.94939 6
      vertex 8.83974 4.75827 2
      vertex 9.05061 4.94939 2
    endloop
  endfacet
  facet normal 0.242974 -0.970033 0
    outer loop
      vertex 7.56576 4.15572 2
      vertex 7.84183 4.22487 6
      vertex 7.56576 4.15572 6
    endloop
  endfacet
  facet normal 0.242974 -0.970033 0
    outer loop
      vertex 7.84183 4.22487 6
      vertex 7.56576 4.15572 2
      vertex 7.84183 4.22487 2
    endloop
  endfacet
  facet normal 0.941537 0.336908 0
    outer loop
      vertex 9.77513 7.84183 6
      vertex 9.67925 8.10978 2
      vertex 9.67925 8.10978 6
    endloop
  endfacet
  facet normal 0.941537 0.336908 0
    outer loop
      vertex 9.67925 8.10978 2
      vertex 9.77513 7.84183 6
      vertex 9.77513 7.84183 2
    endloop
  endfacet
  facet normal -0.803214 -0.59569 0
    outer loop
      vertex 4.75827 5.16026 2
      vertex 4.58874 5.38885 6
      vertex 4.58874 5.38885 2
    endloop
  endfacet
  facet normal -0.803214 -0.59569 0
    outer loop
      vertex 4.58874 5.38885 6
      vertex 4.75827 5.16026 2
      vertex 4.75827 5.16026 6
    endloop
  endfacet
  facet normal -0.857725 -0.514108 0
    outer loop
      vertex 4.58874 5.38885 2
      vertex 4.44243 5.63295 6
      vertex 4.44243 5.63295 2
    endloop
  endfacet
  facet normal -0.857725 -0.514108 0
    outer loop
      vertex 4.44243 5.63295 6
      vertex 4.58874 5.38885 2
      vertex 4.58874 5.38885 6
    endloop
  endfacet
  facet normal 0.671556 0.740954 -0
    outer loop
      vertex 9.05061 9.05061 2
      vertex 8.83974 9.24173 6
      vertex 9.05061 9.05061 6
    endloop
  endfacet
  facet normal 0.671556 0.740954 0
    outer loop
      vertex 8.83974 9.24173 6
      vertex 9.05061 9.05061 2
      vertex 8.83974 9.24173 2
    endloop
  endfacet
  facet normal -0.803214 0.59569 0
    outer loop
      vertex 4.58874 8.61115 2
      vertex 4.75827 8.83974 6
      vertex 4.75827 8.83974 2
    endloop
  endfacet
  facet normal -0.803214 0.59569 0
    outer loop
      vertex 4.75827 8.83974 6
      vertex 4.58874 8.61115 2
      vertex 4.58874 8.61115 6
    endloop
  endfacet
  facet normal 0.242974 0.970033 -0
    outer loop
      vertex 7.84183 9.77513 2
      vertex 7.56576 9.84428 6
      vertex 7.84183 9.77513 6
    endloop
  endfacet
  facet normal 0.242974 0.970033 0
    outer loop
      vertex 7.56576 9.84428 6
      vertex 7.84183 9.77513 2
      vertex 7.56576 9.84428 2
    endloop
  endfacet
  facet normal -0.941537 0.336908 0
    outer loop
      vertex 4.22487 7.84183 2
      vertex 4.32075 8.10978 6
      vertex 4.32075 8.10978 2
    endloop
  endfacet
  facet normal -0.941537 0.336908 0
    outer loop
      vertex 4.32075 8.10978 6
      vertex 4.22487 7.84183 2
      vertex 4.22487 7.84183 6
    endloop
  endfacet
  facet normal 0.336908 0.941537 -0
    outer loop
      vertex 8.10978 9.67925 2
      vertex 7.84183 9.77513 6
      vertex 8.10978 9.67925 6
    endloop
  endfacet
  facet normal 0.336908 0.941537 0
    outer loop
      vertex 7.84183 9.77513 6
      vertex 8.10978 9.67925 2
      vertex 7.84183 9.77513 2
    endloop
  endfacet
  facet normal 0.740954 0.671556 0
    outer loop
      vertex 9.24173 8.83974 6
      vertex 9.05061 9.05061 2
      vertex 9.05061 9.05061 6
    endloop
  endfacet
  facet normal 0.740954 0.671556 0
    outer loop
      vertex 9.05061 9.05061 2
      vertex 9.24173 8.83974 6
      vertex 9.24173 8.83974 2
    endloop
  endfacet
  facet normal 0.427556 -0.903989 0
    outer loop
      vertex 8.10978 4.32075 2
      vertex 8.36705 4.44243 6
      vertex 8.10978 4.32075 6
    endloop
  endfacet
  facet normal 0.427556 -0.903989 0
    outer loop
      vertex 8.36705 4.44243 6
      vertex 8.10978 4.32075 2
      vertex 8.36705 4.44243 2
    endloop
  endfacet
  facet normal -0.514108 0.857725 0
    outer loop
      vertex 5.63295 9.55757 2
      vertex 5.38885 9.41126 6
      vertex 5.63295 9.55757 6
    endloop
  endfacet
  facet normal -0.514108 0.857725 0
    outer loop
      vertex 5.38885 9.41126 6
      vertex 5.63295 9.55757 2
      vertex 5.38885 9.41126 2
    endloop
  endfacet
  facet normal -0.242974 0.970033 0
    outer loop
      vertex 6.43424 9.84428 2
      vertex 6.15817 9.77513 6
      vertex 6.43424 9.84428 6
    endloop
  endfacet
  facet normal -0.242974 0.970033 0
    outer loop
      vertex 6.15817 9.77513 6
      vertex 6.43424 9.84428 2
      vertex 6.15817 9.77513 2
    endloop
  endfacet
  facet normal 0.903989 0.427556 0
    outer loop
      vertex 9.67925 8.10978 6
      vertex 9.55757 8.36705 2
      vertex 9.55757 8.36705 6
    endloop
  endfacet
  facet normal 0.903989 0.427556 0
    outer loop
      vertex 9.55757 8.36705 2
      vertex 9.67925 8.10978 6
      vertex 9.67925 8.10978 2
    endloop
  endfacet
  facet normal -0.671556 0.740954 0
    outer loop
      vertex 5.16026 9.24173 2
      vertex 4.94939 9.05061 6
      vertex 5.16026 9.24173 6
    endloop
  endfacet
  facet normal -0.671556 0.740954 0
    outer loop
      vertex 4.94939 9.05061 6
      vertex 5.16026 9.24173 2
      vertex 4.94939 9.05061 2
    endloop
  endfacet
  facet normal -0.989176 -0.146737 0
    outer loop
      vertex 4.15572 6.43424 2
      vertex 4.11396 6.71575 6
      vertex 4.11396 6.71575 2
    endloop
  endfacet
  facet normal -0.989176 -0.146737 0
    outer loop
      vertex 4.11396 6.71575 6
      vertex 4.15572 6.43424 2
      vertex 4.15572 6.43424 6
    endloop
  endfacet
  facet normal -0.740954 0.671556 0
    outer loop
      vertex 4.75827 8.83974 2
      vertex 4.94939 9.05061 6
      vertex 4.94939 9.05061 2
    endloop
  endfacet
  facet normal -0.740954 0.671556 0
    outer loop
      vertex 4.94939 9.05061 6
      vertex 4.75827 8.83974 2
      vertex 4.75827 8.83974 6
    endloop
  endfacet
  facet normal 0.0490876 0.998794 -0
    outer loop
      vertex 7.28425 9.88603 2
      vertex 7 9.9 6
      vertex 7.28425 9.88603 6
    endloop
  endfacet
  facet normal 0.0490876 0.998794 0
    outer loop
      vertex 7 9.9 6
      vertex 7.28425 9.88603 2
      vertex 7 9.9 2
    endloop
  endfacet
  facet normal -0.970033 -0.242974 0
    outer loop
      vertex 4.22487 6.15817 2
      vertex 4.15572 6.43424 6
      vertex 4.15572 6.43424 2
    endloop
  endfacet
  facet normal -0.970033 -0.242974 0
    outer loop
      vertex 4.15572 6.43424 6
      vertex 4.22487 6.15817 2
      vertex 4.22487 6.15817 6
    endloop
  endfacet
  facet normal 0.903989 -0.427556 0
    outer loop
      vertex 9.55757 5.63295 6
      vertex 9.67925 5.89022 2
      vertex 9.67925 5.89022 6
    endloop
  endfacet
  facet normal 0.903989 -0.427556 0
    outer loop
      vertex 9.67925 5.89022 2
      vertex 9.55757 5.63295 6
      vertex 9.55757 5.63295 2
    endloop
  endfacet
  facet normal -0.0490526 -0.998796 0
    outer loop
      vertex 6.71575 4.11396 2
      vertex 7 4.1 6
      vertex 6.71575 4.11396 6
    endloop
  endfacet
  facet normal -0.0490526 -0.998796 -0
    outer loop
      vertex 7 4.1 6
      vertex 6.71575 4.11396 2
      vertex 7 4.1 2
    endloop
  endfacet
  facet normal 0.740954 -0.671556 0
    outer loop
      vertex 9.05061 4.94939 6
      vertex 9.24173 5.16026 2
      vertex 9.24173 5.16026 6
    endloop
  endfacet
  facet normal 0.740954 -0.671556 0
    outer loop
      vertex 9.24173 5.16026 2
      vertex 9.05061 4.94939 6
      vertex 9.05061 4.94939 2
    endloop
  endfacet
  facet normal -0.146703 0.989181 0
    outer loop
      vertex 6.71575 9.88603 2
      vertex 6.43424 9.84428 6
      vertex 6.71575 9.88603 6
    endloop
  endfacet
  facet normal -0.146703 0.989181 0
    outer loop
      vertex 6.43424 9.84428 6
      vertex 6.71575 9.88603 2
      vertex 6.43424 9.84428 2
    endloop
  endfacet
  facet normal 0.803214 -0.59569 0
    outer loop
      vertex 9.24173 5.16026 6
      vertex 9.41126 5.38885 2
      vertex 9.41126 5.38885 6
    endloop
  endfacet
  facet normal 0.803214 -0.59569 0
    outer loop
      vertex 9.41126 5.38885 2
      vertex 9.24173 5.16026 6
      vertex 9.24173 5.16026 2
    endloop
  endfacet
  facet normal 0.514108 -0.857725 0
    outer loop
      vertex 8.36705 4.44243 2
      vertex 8.61115 4.58874 6
      vertex 8.36705 4.44243 6
    endloop
  endfacet
  facet normal 0.514108 -0.857725 0
    outer loop
      vertex 8.61115 4.58874 6
      vertex 8.36705 4.44243 2
      vertex 8.61115 4.58874 2
    endloop
  endfacet
  facet normal -0.903989 -0.427556 0
    outer loop
      vertex 4.44243 5.63295 2
      vertex 4.32075 5.89022 6
      vertex 4.32075 5.89022 2
    endloop
  endfacet
  facet normal -0.903989 -0.427556 0
    outer loop
      vertex 4.32075 5.89022 6
      vertex 4.44243 5.63295 2
      vertex 4.44243 5.63295 6
    endloop
  endfacet
  facet normal -0.941537 -0.336908 0
    outer loop
      vertex 4.32075 5.89022 2
      vertex 4.22487 6.15817 6
      vertex 4.22487 6.15817 2
    endloop
  endfacet
  facet normal -0.941537 -0.336908 0
    outer loop
      vertex 4.22487 6.15817 6
      vertex 4.32075 5.89022 2
      vertex 4.32075 5.89022 6
    endloop
  endfacet
  facet normal -0 0 1
    outer loop
      vertex 8.24667 7.00049 6
      vertex 9.9 7 6
      vertex 9.88603 7.28425 6
    endloop
  endfacet
  facet normal 0 0 1
    outer loop
      vertex 8.24069 7.1222 6
      vertex 9.88603 7.28425 6
      vertex 9.84428 7.56576 6
    endloop
  endfacet
  facet normal 0 0 1
    outer loop
      vertex 9.9 7 6
      vertex 8.24667 7.00049 6
      vertex 8.24669 7 6
    endloop
  endfacet
  facet normal 0 0 1
    outer loop
      vertex 8.22261 7.24369 6
      vertex 9.84428 7.56576 6
      vertex 9.77513 7.84183 6
    endloop
  endfacet
  facet normal 0 0 1
    outer loop
      vertex 8.24667 6.99951 6
      vertex 9.9 7 6
      vertex 8.24669 7 6
    endloop
  endfacet
  facet normal 0 0 1
    outer loop
      vertex 8.19301 7.36189 6
      vertex 9.77513 7.84183 6
      vertex 9.67925 8.10978 6
    endloop
  endfacet
  facet normal 0 0 1
    outer loop
      vertex 9.9 7 6
      vertex 8.24667 6.99951 6
      vertex 9.88603 6.71575 6
    endloop
  endfacet
  facet normal 0 0 1
    outer loop
      vertex 8.15158 7.47753 6
      vertex 9.67925 8.10978 6
      vertex 9.55757 8.36705 6
    endloop
  endfacet
  facet normal -0 0 1
    outer loop
      vertex 8.24069 6.8778 6
      vertex 9.88603 6.71575 6
      vertex 8.24667 6.99951 6
    endloop
  endfacet
  facet normal 0 0 1
    outer loop
      vertex 8.09948 7.58768 6
      vertex 9.55757 8.36705 6
      vertex 9.41126 8.61115 6
    endloop
  endfacet
  facet normal 0 0 1
    outer loop
      vertex 9.88603 6.71575 6
      vertex 8.24069 6.8778 6
      vertex 9.84428 6.43424 6
    endloop
  endfacet
  facet normal 0 0 1
    outer loop
      vertex 8.03629 7.69301 6
      vertex 9.41126 8.61115 6
      vertex 9.24173 8.83974 6
    endloop
  endfacet
  facet normal -0 0 1
    outer loop
      vertex 8.22281 6.75727 6
      vertex 9.84428 6.43424 6
      vertex 8.24069 6.8778 6
    endloop
  endfacet
  facet normal 0 0 1
    outer loop
      vertex 7.9637 7.79089 6
      vertex 9.24173 8.83974 6
      vertex 9.05061 9.05061 6
    endloop
  endfacet
  facet normal -0 0 1
    outer loop
      vertex 8.22273 6.75678 6
      vertex 9.84428 6.43424 6
      vertex 8.22281 6.75727 6
    endloop
  endfacet
  facet normal 0 0 1
    outer loop
      vertex 7.88118 7.88187 6
      vertex 9.05061 9.05061 6
      vertex 8.83974 9.24173 6
    endloop
  endfacet
  facet normal -0 0 1
    outer loop
      vertex 8.22261 6.75631 6
      vertex 9.84428 6.43424 6
      vertex 8.22273 6.75678 6
    endloop
  endfacet
  facet normal 0 0 1
    outer loop
      vertex 7.79089 7.9637 6
      vertex 8.83974 9.24173 6
      vertex 8.61115 9.41126 6
    endloop
  endfacet
  facet normal 0 0 1
    outer loop
      vertex 9.84428 6.43424 6
      vertex 8.22261 6.75631 6
      vertex 9.77513 6.15817 6
    endloop
  endfacet
  facet normal 0 0 1
    outer loop
      vertex 7.6922 8.03683 6
      vertex 8.61115 9.41126 6
      vertex 8.36705 9.55757 6
    endloop
  endfacet
  facet normal 0 0 1
    outer loop
      vertex 9.77513 6.15817 6
      vertex 8.19301 6.63811 6
      vertex 9.67925 5.89022 6
    endloop
  endfacet
  facet normal -0 0 1
    outer loop
      vertex 8.15195 6.52337 6
      vertex 9.67925 5.89022 6
      vertex 8.19301 6.63811 6
    endloop
  endfacet
  facet normal -0 0 1
    outer loop
      vertex 8.19301 6.63811 6
      vertex 9.77513 6.15817 6
      vertex 8.22261 6.75631 6
    endloop
  endfacet
  facet normal 0 0 1
    outer loop
      vertex 9.88603 7.28425 6
      vertex 8.24069 7.1222 6
      vertex 8.24667 7.00049 6
    endloop
  endfacet
  facet normal 0 0 1
    outer loop
      vertex 9.84428 7.56576 6
      vertex 8.22281 7.24273 6
      vertex 8.24069 7.1222 6
    endloop
  endfacet
  facet normal 0 0 1
    outer loop
      vertex 9.84428 7.56576 6
      vertex 8.22273 7.24322 6
      vertex 8.22281 7.24273 6
    endloop
  endfacet
  facet normal 0 0 1
    outer loop
      vertex 9.84428 7.56576 6
      vertex 8.22261 7.24369 6
      vertex 8.22273 7.24322 6
    endloop
  endfacet
  facet normal 0 0 1
    outer loop
      vertex 9.77513 7.84183 6
      vertex 8.19301 7.36189 6
      vertex 8.22261 7.24369 6
    endloop
  endfacet
  facet normal 0 0 1
    outer loop
      vertex 9.67925 8.10978 6
      vertex 8.15195 7.47663 6
      vertex 8.19301 7.36189 6
    endloop
  endfacet
  facet normal 0 0 1
    outer loop
      vertex 9.67925 8.10978 6
      vertex 8.15179 7.47709 6
      vertex 8.15195 7.47663 6
    endloop
  endfacet
  facet normal 0 0 1
    outer loop
      vertex 9.67925 8.10978 6
      vertex 8.15158 7.47753 6
      vertex 8.15179 7.47709 6
    endloop
  endfacet
  facet normal 0 0 1
    outer loop
      vertex 7.58768 8.09948 6
      vertex 8.36705 9.55757 6
      vertex 8.10978 9.67925 6
    endloop
  endfacet
  facet normal 0 0 1
    outer loop
      vertex 9.55757 8.36705 6
      vertex 8.09948 7.58768 6
      vertex 8.15158 7.47753 6
    endloop
  endfacet
  facet normal 0 0 1
    outer loop
      vertex 9.41126 8.61115 6
      vertex 8.03683 7.6922 6
      vertex 8.09948 7.58768 6
    endloop
  endfacet
  facet normal 0 0 1
    outer loop
      vertex 9.41126 8.61115 6
      vertex 8.03658 7.69262 6
      vertex 8.03683 7.6922 6
    endloop
  endfacet
  facet normal 0 0 1
    outer loop
      vertex 9.41126 8.61115 6
      vertex 8.03629 7.69301 6
      vertex 8.03658 7.69262 6
    endloop
  endfacet
  facet normal 0 0 1
    outer loop
      vertex 9.24173 8.83974 6
      vertex 7.9637 7.79089 6
      vertex 8.03629 7.69301 6
    endloop
  endfacet
  facet normal 0 0 1
    outer loop
      vertex 9.05061 9.05061 6
      vertex 7.88187 7.88118 6
      vertex 7.9637 7.79089 6
    endloop
  endfacet
  facet normal 0 0 1
    outer loop
      vertex 9.05061 9.05061 6
      vertex 7.88154 7.88154 6
      vertex 7.88187 7.88118 6
    endloop
  endfacet
  facet normal 0 0 1
    outer loop
      vertex 9.05061 9.05061 6
      vertex 7.88118 7.88187 6
      vertex 7.88154 7.88154 6
    endloop
  endfacet
  facet normal 0 0 1
    outer loop
      vertex 7.47663 8.15195 6
      vertex 8.10978 9.67925 6
      vertex 7.84183 9.77513 6
    endloop
  endfacet
  facet normal 0 0 1
    outer loop
      vertex 8.83974 9.24173 6
      vertex 7.79089 7.9637 6
      vertex 7.88118 7.88187 6
    endloop
  endfacet
  facet normal 0 0 1
    outer loop
      vertex 8.61115 9.41126 6
      vertex 7.69301 8.03629 6
      vertex 7.79089 7.9637 6
    endloop
  endfacet
  facet normal 0 0 1
    outer loop
      vertex 8.61115 9.41126 6
      vertex 7.69262 8.03658 6
      vertex 7.69301 8.03629 6
    endloop
  endfacet
  facet normal 0 0 1
    outer loop
      vertex 8.61115 9.41126 6
      vertex 7.6922 8.03683 6
      vertex 7.69262 8.03658 6
    endloop
  endfacet
  facet normal 0 0 1
    outer loop
      vertex 8.36705 9.55757 6
      vertex 7.58768 8.09948 6
      vertex 7.6922 8.03683 6
    endloop
  endfacet
  facet normal 0 0 1
    outer loop
      vertex 7.36189 8.19301 6
      vertex 7.84183 9.77513 6
      vertex 7.56576 9.84428 6
    endloop
  endfacet
  facet normal 0 0 1
    outer loop
      vertex 8.10978 9.67925 6
      vertex 7.47753 8.15158 6
      vertex 7.58768 8.09948 6
    endloop
  endfacet
  facet normal 0 0 1
    outer loop
      vertex 8.10978 9.67925 6
      vertex 7.47709 8.15179 6
      vertex 7.47753 8.15158 6
    endloop
  endfacet
  facet normal 0 0 1
    outer loop
      vertex 8.10978 9.67925 6
      vertex 7.47663 8.15195 6
      vertex 7.47709 8.15179 6
    endloop
  endfacet
  facet normal 0 0 1
    outer loop
      vertex 7.84183 9.77513 6
      vertex 7.36189 8.19301 6
      vertex 7.47663 8.15195 6
    endloop
  endfacet
  facet normal 0 0 1
    outer loop
      vertex 7.24273 8.22281 6
      vertex 7.56576 9.84428 6
      vertex 7.28425 9.88603 6
    endloop
  endfacet
  facet normal 0 0 1
    outer loop
      vertex 7.56576 9.84428 6
      vertex 7.24369 8.22261 6
      vertex 7.36189 8.19301 6
    endloop
  endfacet
  facet normal 0 0 1
    outer loop
      vertex 7.56576 9.84428 6
      vertex 7.24322 8.22273 6
      vertex 7.24369 8.22261 6
    endloop
  endfacet
  facet normal 0 0 1
    outer loop
      vertex 7.56576 9.84428 6
      vertex 7.24273 8.22281 6
      vertex 7.24322 8.22273 6
    endloop
  endfacet
  facet normal 0 0 1
    outer loop
      vertex 7.28425 9.88603 6
      vertex 7.1222 8.24069 6
      vertex 7.24273 8.22281 6
    endloop
  endfacet
  facet normal 0 0 1
    outer loop
      vertex 7.28425 9.88603 6
      vertex 7.00049 8.24667 6
      vertex 7.1222 8.24069 6
    endloop
  endfacet
  facet normal 0 0 1
    outer loop
      vertex 7 9.9 6
      vertex 7.00049 8.24667 6
      vertex 7.28425 9.88603 6
    endloop
  endfacet
  facet normal 0 0 1
    outer loop
      vertex 7 9.9 6
      vertex 7 8.24669 6
      vertex 7.00049 8.24667 6
    endloop
  endfacet
  facet normal 0 0 1
    outer loop
      vertex 7 9.9 6
      vertex 6.99951 8.24667 6
      vertex 7 8.24669 6
    endloop
  endfacet
  facet normal 0 0 1
    outer loop
      vertex 7 9.9 6
      vertex 6.8778 8.24069 6
      vertex 6.99951 8.24667 6
    endloop
  endfacet
  facet normal -0 0 1
    outer loop
      vertex 6.71575 9.88603 6
      vertex 6.8778 8.24069 6
      vertex 7 9.9 6
    endloop
  endfacet
  facet normal 0 0 1
    outer loop
      vertex 6.8778 8.24069 6
      vertex 6.71575 9.88603 6
      vertex 6.75727 8.22281 6
    endloop
  endfacet
  facet normal -0 0 1
    outer loop
      vertex 6.43424 9.84428 6
      vertex 6.75727 8.22281 6
      vertex 6.71575 9.88603 6
    endloop
  endfacet
  facet normal 0 0 1
    outer loop
      vertex 6.75727 8.22281 6
      vertex 6.43424 9.84428 6
      vertex 6.75678 8.22273 6
    endloop
  endfacet
  facet normal 0 0 1
    outer loop
      vertex 6.75678 8.22273 6
      vertex 6.43424 9.84428 6
      vertex 6.75631 8.22261 6
    endloop
  endfacet
  facet normal 0 0 1
    outer loop
      vertex 6.75631 8.22261 6
      vertex 6.43424 9.84428 6
      vertex 6.63811 8.19301 6
    endloop
  endfacet
  facet normal -0 0 1
    outer loop
      vertex 6.15817 9.77513 6
      vertex 6.63811 8.19301 6
      vertex 6.43424 9.84428 6
    endloop
  endfacet
  facet normal 0 0 1
    outer loop
      vertex 6.63811 8.19301 6
      vertex 6.15817 9.77513 6
      vertex 6.52337 8.15195 6
    endloop
  endfacet
  facet normal -0 0 1
    outer loop
      vertex 5.89022 9.67925 6
      vertex 6.52337 8.15195 6
      vertex 6.15817 9.77513 6
    endloop
  endfacet
  facet normal 0 0 1
    outer loop
      vertex 6.52337 8.15195 6
      vertex 5.89022 9.67925 6
      vertex 6.52291 8.15179 6
    endloop
  endfacet
  facet normal 0 0 1
    outer loop
      vertex 6.52291 8.15179 6
      vertex 5.89022 9.67925 6
      vertex 6.52247 8.15158 6
    endloop
  endfacet
  facet normal 0 0 1
    outer loop
      vertex 6.52247 8.15158 6
      vertex 5.89022 9.67925 6
      vertex 6.41231 8.09948 6
    endloop
  endfacet
  facet normal -0 0 1
    outer loop
      vertex 5.63295 9.55757 6
      vertex 6.41231 8.09948 6
      vertex 5.89022 9.67925 6
    endloop
  endfacet
  facet normal 0 0 1
    outer loop
      vertex 6.41231 8.09948 6
      vertex 5.63295 9.55757 6
      vertex 6.30779 8.03683 6
    endloop
  endfacet
  facet normal -0 0 1
    outer loop
      vertex 5.38885 9.41126 6
      vertex 6.30779 8.03683 6
      vertex 5.63295 9.55757 6
    endloop
  endfacet
  facet normal 0 0 1
    outer loop
      vertex 6.30779 8.03683 6
      vertex 5.38885 9.41126 6
      vertex 6.30738 8.03658 6
    endloop
  endfacet
  facet normal 0 0 1
    outer loop
      vertex 6.30738 8.03658 6
      vertex 5.38885 9.41126 6
      vertex 6.30698 8.03629 6
    endloop
  endfacet
  facet normal 0 0 1
    outer loop
      vertex 6.30698 8.03629 6
      vertex 5.38885 9.41126 6
      vertex 6.20911 7.9637 6
    endloop
  endfacet
  facet normal -0 0 1
    outer loop
      vertex 5.16026 9.24173 6
      vertex 6.20911 7.9637 6
      vertex 5.38885 9.41126 6
    endloop
  endfacet
  facet normal 0 0 1
    outer loop
      vertex 6.20911 7.9637 6
      vertex 5.16026 9.24173 6
      vertex 6.11882 7.88187 6
    endloop
  endfacet
  facet normal -0 0 1
    outer loop
      vertex 4.94939 9.05061 6
      vertex 6.11882 7.88187 6
      vertex 5.16026 9.24173 6
    endloop
  endfacet
  facet normal 0 0 1
    outer loop
      vertex 6.11882 7.88187 6
      vertex 4.94939 9.05061 6
      vertex 6.11846 7.88154 6
    endloop
  endfacet
  facet normal 0 0 1
    outer loop
      vertex 6.11846 7.88154 6
      vertex 4.94939 9.05061 6
      vertex 6.11813 7.88118 6
    endloop
  endfacet
  facet normal 0 0 1
    outer loop
      vertex 6.11813 7.88118 6
      vertex 4.94939 9.05061 6
      vertex 6.0363 7.79089 6
    endloop
  endfacet
  facet normal -0 0 1
    outer loop
      vertex 4.75827 8.83974 6
      vertex 6.0363 7.79089 6
      vertex 4.94939 9.05061 6
    endloop
  endfacet
  facet normal 0 0 1
    outer loop
      vertex 6.0363 7.79089 6
      vertex 4.75827 8.83974 6
      vertex 5.96371 7.69301 6
    endloop
  endfacet
  facet normal -0 0 1
    outer loop
      vertex 4.58874 8.61115 6
      vertex 5.96371 7.69301 6
      vertex 4.75827 8.83974 6
    endloop
  endfacet
  facet normal 0 0 1
    outer loop
      vertex 5.96371 7.69301 6
      vertex 4.58874 8.61115 6
      vertex 5.96342 7.69262 6
    endloop
  endfacet
  facet normal 0 0 1
    outer loop
      vertex 5.96342 7.69262 6
      vertex 4.58874 8.61115 6
      vertex 5.96317 7.6922 6
    endloop
  endfacet
  facet normal 0 0 1
    outer loop
      vertex 5.96317 7.6922 6
      vertex 4.58874 8.61115 6
      vertex 5.90052 7.58768 6
    endloop
  endfacet
  facet normal -0 0 1
    outer loop
      vertex 4.44243 8.36705 6
      vertex 5.90052 7.58768 6
      vertex 4.58874 8.61115 6
    endloop
  endfacet
  facet normal 0 0 1
    outer loop
      vertex 5.90052 7.58768 6
      vertex 4.44243 8.36705 6
      vertex 5.84842 7.47753 6
    endloop
  endfacet
  facet normal 0 0 1
    outer loop
      vertex 4.11396 7.28425 6
      vertex 5.75334 7.00049 6
      vertex 5.75931 7.1222 6
    endloop
  endfacet
  facet normal 0 0 1
    outer loop
      vertex 5.84842 7.47753 6
      vertex 4.32075 8.10978 6
      vertex 5.84821 7.47709 6
    endloop
  endfacet
  facet normal -0 0 1
    outer loop
      vertex 4.32075 8.10978 6
      vertex 5.84842 7.47753 6
      vertex 4.44243 8.36705 6
    endloop
  endfacet
  facet normal -0 0 1
    outer loop
      vertex 8.15179 6.52291 6
      vertex 9.67925 5.89022 6
      vertex 8.15195 6.52337 6
    endloop
  endfacet
  facet normal -0 0 1
    outer loop
      vertex 8.15158 6.52247 6
      vertex 9.67925 5.89022 6
      vertex 8.15179 6.52291 6
    endloop
  endfacet
  facet normal 0 0 1
    outer loop
      vertex 9.67925 5.89022 6
      vertex 8.15158 6.52247 6
      vertex 9.55757 5.63295 6
    endloop
  endfacet
  facet normal -0 0 1
    outer loop
      vertex 8.09948 6.41231 6
      vertex 9.55757 5.63295 6
      vertex 8.15158 6.52247 6
    endloop
  endfacet
  facet normal 0 0 1
    outer loop
      vertex 9.55757 5.63295 6
      vertex 8.09948 6.41231 6
      vertex 9.41126 5.38885 6
    endloop
  endfacet
  facet normal -0 0 1
    outer loop
      vertex 8.03683 6.30779 6
      vertex 9.41126 5.38885 6
      vertex 8.09948 6.41231 6
    endloop
  endfacet
  facet normal -0 0 1
    outer loop
      vertex 8.03658 6.30738 6
      vertex 9.41126 5.38885 6
      vertex 8.03683 6.30779 6
    endloop
  endfacet
  facet normal -0 0 1
    outer loop
      vertex 8.03629 6.30698 6
      vertex 9.41126 5.38885 6
      vertex 8.03658 6.30738 6
    endloop
  endfacet
  facet normal 0 0 1
    outer loop
      vertex 9.41126 5.38885 6
      vertex 8.03629 6.30698 6
      vertex 9.24173 5.16026 6
    endloop
  endfacet
  facet normal -0 0 1
    outer loop
      vertex 7.9637 6.20911 6
      vertex 9.24173 5.16026 6
      vertex 8.03629 6.30698 6
    endloop
  endfacet
  facet normal 0 0 1
    outer loop
      vertex 9.24173 5.16026 6
      vertex 7.9637 6.20911 6
      vertex 9.05061 4.94939 6
    endloop
  endfacet
  facet normal -0 0 1
    outer loop
      vertex 7.88187 6.11882 6
      vertex 9.05061 4.94939 6
      vertex 7.9637 6.20911 6
    endloop
  endfacet
  facet normal -0 0 1
    outer loop
      vertex 7.88154 6.11846 6
      vertex 9.05061 4.94939 6
      vertex 7.88187 6.11882 6
    endloop
  endfacet
  facet normal -0 0 1
    outer loop
      vertex 7.88118 6.11813 6
      vertex 9.05061 4.94939 6
      vertex 7.88154 6.11846 6
    endloop
  endfacet
  facet normal 0 0 1
    outer loop
      vertex 9.05061 4.94939 6
      vertex 7.88118 6.11813 6
      vertex 8.83974 4.75827 6
    endloop
  endfacet
  facet normal -0 0 1
    outer loop
      vertex 7.79089 6.0363 6
      vertex 8.83974 4.75827 6
      vertex 7.88118 6.11813 6
    endloop
  endfacet
  facet normal 0 0 1
    outer loop
      vertex 8.83974 4.75827 6
      vertex 7.79089 6.0363 6
      vertex 8.61115 4.58874 6
    endloop
  endfacet
  facet normal -0 0 1
    outer loop
      vertex 7.69301 5.96371 6
      vertex 8.61115 4.58874 6
      vertex 7.79089 6.0363 6
    endloop
  endfacet
  facet normal -0 0 1
    outer loop
      vertex 7.69262 5.96342 6
      vertex 8.61115 4.58874 6
      vertex 7.69301 5.96371 6
    endloop
  endfacet
  facet normal -0 0 1
    outer loop
      vertex 7.6922 5.96317 6
      vertex 8.61115 4.58874 6
      vertex 7.69262 5.96342 6
    endloop
  endfacet
  facet normal 0 0 1
    outer loop
      vertex 8.61115 4.58874 6
      vertex 7.6922 5.96317 6
      vertex 8.36705 4.44243 6
    endloop
  endfacet
  facet normal -0 0 1
    outer loop
      vertex 7.58768 5.90052 6
      vertex 8.36705 4.44243 6
      vertex 7.6922 5.96317 6
    endloop
  endfacet
  facet normal 0 0 1
    outer loop
      vertex 8.36705 4.44243 6
      vertex 7.58768 5.90052 6
      vertex 8.10978 4.32075 6
    endloop
  endfacet
  facet normal -0 0 1
    outer loop
      vertex 7.47753 5.84842 6
      vertex 8.10978 4.32075 6
      vertex 7.58768 5.90052 6
    endloop
  endfacet
  facet normal -0 0 1
    outer loop
      vertex 7.47709 5.84821 6
      vertex 8.10978 4.32075 6
      vertex 7.47753 5.84842 6
    endloop
  endfacet
  facet normal -0 0 1
    outer loop
      vertex 7.47663 5.84804 6
      vertex 8.10978 4.32075 6
      vertex 7.47709 5.84821 6
    endloop
  endfacet
  facet normal 0 0 1
    outer loop
      vertex 8.10978 4.32075 6
      vertex 7.47663 5.84804 6
      vertex 7.84183 4.22487 6
    endloop
  endfacet
  facet normal -0 0 1
    outer loop
      vertex 7.36189 5.80699 6
      vertex 7.84183 4.22487 6
      vertex 7.47663 5.84804 6
    endloop
  endfacet
  facet normal 0 0 1
    outer loop
      vertex 7.84183 4.22487 6
      vertex 7.36189 5.80699 6
      vertex 7.56576 4.15572 6
    endloop
  endfacet
  facet normal -0 0 1
    outer loop
      vertex 7.24369 5.77738 6
      vertex 7.56576 4.15572 6
      vertex 7.36189 5.80699 6
    endloop
  endfacet
  facet normal -0 0 1
    outer loop
      vertex 7.24322 5.77727 6
      vertex 7.56576 4.15572 6
      vertex 7.24369 5.77738 6
    endloop
  endfacet
  facet normal -0 0 1
    outer loop
      vertex 7.24273 5.77719 6
      vertex 7.56576 4.15572 6
      vertex 7.24322 5.77727 6
    endloop
  endfacet
  facet normal 0 0 1
    outer loop
      vertex 7.56576 4.15572 6
      vertex 7.24273 5.77719 6
      vertex 7.28425 4.11396 6
    endloop
  endfacet
  facet normal -0 0 1
    outer loop
      vertex 7.1222 5.75931 6
      vertex 7.28425 4.11396 6
      vertex 7.24273 5.77719 6
    endloop
  endfacet
  facet normal -0 0 1
    outer loop
      vertex 7.00049 5.75334 6
      vertex 7.28425 4.11396 6
      vertex 7.1222 5.75931 6
    endloop
  endfacet
  facet normal 0 0 1
    outer loop
      vertex 7 4.1 6
      vertex 7.00049 5.75334 6
      vertex 7 5.75331 6
    endloop
  endfacet
  facet normal 0 0 1
    outer loop
      vertex 7.00049 5.75334 6
      vertex 7 4.1 6
      vertex 7.28425 4.11396 6
    endloop
  endfacet
  facet normal 0 0 1
    outer loop
      vertex 6.99951 5.75334 6
      vertex 7 4.1 6
      vertex 7 5.75331 6
    endloop
  endfacet
  facet normal 0 0 1
    outer loop
      vertex 6.8778 5.75931 6
      vertex 7 4.1 6
      vertex 6.99951 5.75334 6
    endloop
  endfacet
  facet normal 0 0 1
    outer loop
      vertex 6.71575 4.11396 6
      vertex 6.8778 5.75931 6
      vertex 6.75727 5.77719 6
    endloop
  endfacet
  facet normal 0 0 1
    outer loop
      vertex 6.43424 4.15572 6
      vertex 6.75727 5.77719 6
      vertex 6.75678 5.77727 6
    endloop
  endfacet
  facet normal 0 0 1
    outer loop
      vertex 6.43424 4.15572 6
      vertex 6.75678 5.77727 6
      vertex 6.75631 5.77738 6
    endloop
  endfacet
  facet normal 0 0 1
    outer loop
      vertex 6.8778 5.75931 6
      vertex 6.71575 4.11396 6
      vertex 7 4.1 6
    endloop
  endfacet
  facet normal 0 0 1
    outer loop
      vertex 6.43424 4.15572 6
      vertex 6.75631 5.77738 6
      vertex 6.63811 5.80699 6
    endloop
  endfacet
  facet normal 0 0 1
    outer loop
      vertex 6.15817 4.22487 6
      vertex 6.63811 5.80699 6
      vertex 6.52337 5.84804 6
    endloop
  endfacet
  facet normal 0 0 1
    outer loop
      vertex 5.89022 4.32075 6
      vertex 6.52337 5.84804 6
      vertex 6.52291 5.84821 6
    endloop
  endfacet
  facet normal 0 0 1
    outer loop
      vertex 5.89022 4.32075 6
      vertex 6.52291 5.84821 6
      vertex 6.52247 5.84842 6
    endloop
  endfacet
  facet normal 0 0 1
    outer loop
      vertex 6.75727 5.77719 6
      vertex 6.43424 4.15572 6
      vertex 6.71575 4.11396 6
    endloop
  endfacet
  facet normal 0 0 1
    outer loop
      vertex 5.89022 4.32075 6
      vertex 6.52247 5.84842 6
      vertex 6.41231 5.90052 6
    endloop
  endfacet
  facet normal 0 0 1
    outer loop
      vertex 5.63295 4.44243 6
      vertex 6.41231 5.90052 6
      vertex 6.30779 5.96317 6
    endloop
  endfacet
  facet normal 0 0 1
    outer loop
      vertex 5.38885 4.58874 6
      vertex 6.30779 5.96317 6
      vertex 6.30738 5.96342 6
    endloop
  endfacet
  facet normal 0 0 1
    outer loop
      vertex 5.38885 4.58874 6
      vertex 6.30738 5.96342 6
      vertex 6.30698 5.96371 6
    endloop
  endfacet
  facet normal 0 0 1
    outer loop
      vertex 5.38885 4.58874 6
      vertex 6.30698 5.96371 6
      vertex 6.20911 6.0363 6
    endloop
  endfacet
  facet normal 0 0 1
    outer loop
      vertex 6.63811 5.80699 6
      vertex 6.15817 4.22487 6
      vertex 6.43424 4.15572 6
    endloop
  endfacet
  facet normal 0 0 1
    outer loop
      vertex 5.16026 4.75827 6
      vertex 6.20911 6.0363 6
      vertex 6.11882 6.11813 6
    endloop
  endfacet
  facet normal 0 0 1
    outer loop
      vertex 4.94939 4.94939 6
      vertex 6.11882 6.11813 6
      vertex 6.11846 6.11846 6
    endloop
  endfacet
  facet normal 0 0 1
    outer loop
      vertex 4.94939 4.94939 6
      vertex 6.11846 6.11846 6
      vertex 6.11813 6.11882 6
    endloop
  endfacet
  facet normal 0 0 1
    outer loop
      vertex 4.94939 4.94939 6
      vertex 6.11813 6.11882 6
      vertex 6.0363 6.20911 6
    endloop
  endfacet
  facet normal 0 0 1
    outer loop
      vertex 4.75827 5.16026 6
      vertex 6.0363 6.20911 6
      vertex 5.96371 6.30698 6
    endloop
  endfacet
  facet normal 0 0 1
    outer loop
      vertex 4.58874 5.38885 6
      vertex 5.96371 6.30698 6
      vertex 5.96342 6.30738 6
    endloop
  endfacet
  facet normal 0 0 1
    outer loop
      vertex 4.58874 5.38885 6
      vertex 5.96342 6.30738 6
      vertex 5.96317 6.30779 6
    endloop
  endfacet
  facet normal 0 0 1
    outer loop
      vertex 4.58874 5.38885 6
      vertex 5.96317 6.30779 6
      vertex 5.90052 6.41231 6
    endloop
  endfacet
  facet normal 0 0 1
    outer loop
      vertex 6.52337 5.84804 6
      vertex 5.89022 4.32075 6
      vertex 6.15817 4.22487 6
    endloop
  endfacet
  facet normal 0 0 1
    outer loop
      vertex 4.44243 5.63295 6
      vertex 5.90052 6.41231 6
      vertex 5.84842 6.52247 6
    endloop
  endfacet
  facet normal 0 0 1
    outer loop
      vertex 4.32075 5.89022 6
      vertex 5.84842 6.52247 6
      vertex 5.84821 6.52291 6
    endloop
  endfacet
  facet normal 0 0 1
    outer loop
      vertex 4.32075 5.89022 6
      vertex 5.84821 6.52291 6
      vertex 5.84804 6.52337 6
    endloop
  endfacet
  facet normal 0 0 1
    outer loop
      vertex 4.32075 5.89022 6
      vertex 5.84804 6.52337 6
      vertex 5.80699 6.63811 6
    endloop
  endfacet
  facet normal 0 0 1
    outer loop
      vertex 4.22487 6.15817 6
      vertex 5.80699 6.63811 6
      vertex 5.77738 6.75631 6
    endloop
  endfacet
  facet normal 0 0 1
    outer loop
      vertex 4.15572 6.43424 6
      vertex 5.77738 6.75631 6
      vertex 5.77727 6.75678 6
    endloop
  endfacet
  facet normal 0 0 1
    outer loop
      vertex 4.15572 6.43424 6
      vertex 5.77727 6.75678 6
      vertex 5.77719 6.75727 6
    endloop
  endfacet
  facet normal 0 0 1
    outer loop
      vertex 4.15572 6.43424 6
      vertex 5.77719 6.75727 6
      vertex 5.75931 6.8778 6
    endloop
  endfacet
  facet normal -0 0 1
    outer loop
      vertex 4.1 7 6
      vertex 5.75334 6.99951 6
      vertex 5.75331 7 6
    endloop
  endfacet
  facet normal 0 0 1
    outer loop
      vertex 6.41231 5.90052 6
      vertex 5.63295 4.44243 6
      vertex 5.89022 4.32075 6
    endloop
  endfacet
  facet normal 0 0 1
    outer loop
      vertex 5.75334 6.99951 6
      vertex 4.11396 6.71575 6
      vertex 5.75931 6.8778 6
    endloop
  endfacet
  facet normal 0 0 1
    outer loop
      vertex 5.84821 7.47709 6
      vertex 4.32075 8.10978 6
      vertex 5.84804 7.47663 6
    endloop
  endfacet
  facet normal 0 0 1
    outer loop
      vertex 5.84804 7.47663 6
      vertex 4.32075 8.10978 6
      vertex 5.80699 7.36189 6
    endloop
  endfacet
  facet normal 0 0 1
    outer loop
      vertex 6.30779 5.96317 6
      vertex 5.38885 4.58874 6
      vertex 5.63295 4.44243 6
    endloop
  endfacet
  facet normal -0 0 1
    outer loop
      vertex 4.22487 7.84183 6
      vertex 5.80699 7.36189 6
      vertex 4.32075 8.10978 6
    endloop
  endfacet
  facet normal 0 0 1
    outer loop
      vertex 6.20911 6.0363 6
      vertex 5.16026 4.75827 6
      vertex 5.38885 4.58874 6
    endloop
  endfacet
  facet normal 0 0 1
    outer loop
      vertex 5.80699 7.36189 6
      vertex 4.22487 7.84183 6
      vertex 5.77738 7.24369 6
    endloop
  endfacet
  facet normal 0 0 1
    outer loop
      vertex 6.11882 6.11813 6
      vertex 4.94939 4.94939 6
      vertex 5.16026 4.75827 6
    endloop
  endfacet
  facet normal -0 0 1
    outer loop
      vertex 4.15572 7.56576 6
      vertex 5.77738 7.24369 6
      vertex 4.22487 7.84183 6
    endloop
  endfacet
  facet normal 0 0 1
    outer loop
      vertex 6.0363 6.20911 6
      vertex 4.75827 5.16026 6
      vertex 4.94939 4.94939 6
    endloop
  endfacet
  facet normal 0 0 1
    outer loop
      vertex 5.77738 7.24369 6
      vertex 4.15572 7.56576 6
      vertex 5.77727 7.24322 6
    endloop
  endfacet
  facet normal 0 0 1
    outer loop
      vertex 5.96371 6.30698 6
      vertex 4.58874 5.38885 6
      vertex 4.75827 5.16026 6
    endloop
  endfacet
  facet normal 0 0 1
    outer loop
      vertex 5.77727 7.24322 6
      vertex 4.15572 7.56576 6
      vertex 5.77719 7.24273 6
    endloop
  endfacet
  facet normal 0 0 1
    outer loop
      vertex 5.90052 6.41231 6
      vertex 4.44243 5.63295 6
      vertex 4.58874 5.38885 6
    endloop
  endfacet
  facet normal 0 0 1
    outer loop
      vertex 5.77719 7.24273 6
      vertex 4.15572 7.56576 6
      vertex 5.75931 7.1222 6
    endloop
  endfacet
  facet normal 0 0 1
    outer loop
      vertex 5.84842 6.52247 6
      vertex 4.32075 5.89022 6
      vertex 4.44243 5.63295 6
    endloop
  endfacet
  facet normal -0 0 1
    outer loop
      vertex 4.11396 7.28425 6
      vertex 5.75931 7.1222 6
      vertex 4.15572 7.56576 6
    endloop
  endfacet
  facet normal 0 0 1
    outer loop
      vertex 5.80699 6.63811 6
      vertex 4.22487 6.15817 6
      vertex 4.32075 5.89022 6
    endloop
  endfacet
  facet normal 0 0 1
    outer loop
      vertex 4.1 7 6
      vertex 5.75334 7.00049 6
      vertex 4.11396 7.28425 6
    endloop
  endfacet
  facet normal 0 0 1
    outer loop
      vertex 5.77738 6.75631 6
      vertex 4.15572 6.43424 6
      vertex 4.22487 6.15817 6
    endloop
  endfacet
  facet normal 0 0 1
    outer loop
      vertex 5.75334 7.00049 6
      vertex 4.1 7 6
      vertex 5.75331 7 6
    endloop
  endfacet
  facet normal 0 0 1
    outer loop
      vertex 5.75931 6.8778 6
      vertex 4.11396 6.71575 6
      vertex 4.15572 6.43424 6
    endloop
  endfacet
  facet normal 0 0 1
    outer loop
      vertex 5.75334 6.99951 6
      vertex 4.1 7 6
      vertex 4.11396 6.71575 6
    endloop
  endfacet
  facet normal 0.941537 -0.336908 0
    outer loop
      vertex 9.67925 5.89022 6
      vertex 9.77513 6.15817 2
      vertex 9.77513 6.15817 6
    endloop
  endfacet
  facet normal 0.941537 -0.336908 0
    outer loop
      vertex 9.77513 6.15817 2
      vertex 9.67925 5.89022 6
      vertex 9.67925 5.89022 2
    endloop
  endfacet
  facet normal -0.514108 -0.857725 0
    outer loop
      vertex 5.38885 4.58874 2
      vertex 5.63295 4.44243 6
      vertex 5.38885 4.58874 6
    endloop
  endfacet
  facet normal -0.514108 -0.857725 -0
    outer loop
      vertex 5.63295 4.44243 6
      vertex 5.38885 4.58874 2
      vertex 5.63295 4.44243 2
    endloop
  endfacet
  facet normal -0.146737 -0.989176 0
    outer loop
      vertex 6.43424 4.15572 2
      vertex 6.71575 4.11396 6
      vertex 6.43424 4.15572 6
    endloop
  endfacet
  facet normal -0.146737 -0.989176 -0
    outer loop
      vertex 6.71575 4.11396 6
      vertex 6.43424 4.15572 2
      vertex 6.71575 4.11396 2
    endloop
  endfacet
  facet normal -0.903989 0.427556 0
    outer loop
      vertex 4.32075 8.10978 2
      vertex 4.44243 8.36705 6
      vertex 4.44243 8.36705 2
    endloop
  endfacet
  facet normal -0.903989 0.427556 0
    outer loop
      vertex 4.44243 8.36705 6
      vertex 4.32075 8.10978 2
      vertex 4.32075 8.10978 6
    endloop
  endfacet
  facet normal -0.671556 -0.740954 0
    outer loop
      vertex 4.94939 4.94939 2
      vertex 5.16026 4.75827 6
      vertex 4.94939 4.94939 6
    endloop
  endfacet
  facet normal -0.671556 -0.740954 -0
    outer loop
      vertex 5.16026 4.75827 6
      vertex 4.94939 4.94939 2
      vertex 5.16026 4.75827 2
    endloop
  endfacet
  facet normal -0.336908 -0.941537 0
    outer loop
      vertex 5.89022 4.32075 2
      vertex 6.15817 4.22487 6
      vertex 5.89022 4.32075 6
    endloop
  endfacet
  facet normal -0.336908 -0.941537 -0
    outer loop
      vertex 6.15817 4.22487 6
      vertex 5.89022 4.32075 2
      vertex 6.15817 4.22487 2
    endloop
  endfacet
  facet normal -0.427556 -0.903989 0
    outer loop
      vertex 5.63295 4.44243 2
      vertex 5.89022 4.32075 6
      vertex 5.63295 4.44243 6
    endloop
  endfacet
  facet normal -0.427556 -0.903989 -0
    outer loop
      vertex 5.89022 4.32075 6
      vertex 5.63295 4.44243 2
      vertex 5.89022 4.32075 2
    endloop
  endfacet
  facet normal -0.242974 -0.970033 0
    outer loop
      vertex 6.15817 4.22487 2
      vertex 6.43424 4.15572 6
      vertex 6.15817 4.22487 6
    endloop
  endfacet
  facet normal -0.242974 -0.970033 -0
    outer loop
      vertex 6.43424 4.15572 6
      vertex 6.15817 4.22487 2
      vertex 6.43424 4.15572 2
    endloop
  endfacet
  facet normal -0.59569 -0.803214 0
    outer loop
      vertex 5.16026 4.75827 2
      vertex 5.38885 4.58874 6
      vertex 5.16026 4.75827 6
    endloop
  endfacet
  facet normal -0.59569 -0.803214 -0
    outer loop
      vertex 5.38885 4.58874 6
      vertex 5.16026 4.75827 2
      vertex 5.38885 4.58874 2
    endloop
  endfacet
  facet normal -0.595842 0.803102 0
    outer loop
      vertex 73.3888 9.41126 2
      vertex 73.1603 9.24173 6
      vertex 73.3888 9.41126 6
    endloop
  endfacet
  facet normal -0.595842 0.803102 0
    outer loop
      vertex 73.1603 9.24173 6
      vertex 73.3888 9.41126 2
      vertex 73.1603 9.24173 2
    endloop
  endfacet
  facet normal 0.336853 -0.941557 0
    outer loop
      vertex 75.8418 4.22487 2
      vertex 76.1098 4.32075 6
      vertex 75.8418 4.22487 6
    endloop
  endfacet
  facet normal 0.336853 -0.941557 0
    outer loop
      vertex 76.1098 4.32075 6
      vertex 75.8418 4.22487 2
      vertex 76.1098 4.32075 2
    endloop
  endfacet
  facet normal 0.989206 0.146531 0
    outer loop
      vertex 77.886 7.28425 6
      vertex 77.8443 7.56576 2
      vertex 77.8443 7.56576 6
    endloop
  endfacet
  facet normal 0.989206 0.146531 0
    outer loop
      vertex 77.8443 7.56576 2
      vertex 77.886 7.28425 6
      vertex 77.886 7.28425 2
    endloop
  endfacet
  facet normal 0.998789 0.0491928 0
    outer loop
      vertex 77.9 7 6
      vertex 77.886 7.28425 2
      vertex 77.886 7.28425 6
    endloop
  endfacet
  facet normal 0.998789 0.0491928 0
    outer loop
      vertex 77.886 7.28425 2
      vertex 77.9 7 6
      vertex 77.9 7 2
    endloop
  endfacet
  facet normal 0.969991 0.243139 0
    outer loop
      vertex 77.8443 7.56576 6
      vertex 77.7751 7.84183 2
      vertex 77.7751 7.84183 6
    endloop
  endfacet
  facet normal 0.969991 0.243139 0
    outer loop
      vertex 77.7751 7.84183 2
      vertex 77.8443 7.56576 6
      vertex 77.8443 7.56576 2
    endloop
  endfacet
  facet normal 0.0490962 0.998794 -0
    outer loop
      vertex 75.2842 9.88603 2
      vertex 75 9.9 6
      vertex 75.2842 9.88603 6
    endloop
  endfacet
  facet normal 0.0490962 0.998794 0
    outer loop
      vertex 75 9.9 6
      vertex 75.2842 9.88603 2
      vertex 75 9.9 2
    endloop
  endfacet
  facet normal -0.803096 0.595849 0
    outer loop
      vertex 72.5887 8.61115 2
      vertex 72.7583 8.83974 6
      vertex 72.7583 8.83974 2
    endloop
  endfacet
  facet normal -0.803096 0.595849 0
    outer loop
      vertex 72.7583 8.83974 6
      vertex 72.5887 8.61115 2
      vertex 72.5887 8.61115 6
    endloop
  endfacet
  facet normal 0.803096 0.595849 0
    outer loop
      vertex 77.4113 8.61115 6
      vertex 77.2417 8.83974 2
      vertex 77.2417 8.83974 6
    endloop
  endfacet
  facet normal 0.803096 0.595849 0
    outer loop
      vertex 77.2417 8.83974 2
      vertex 77.4113 8.61115 6
      vertex 77.4113 8.61115 2
    endloop
  endfacet
  facet normal -0.941627 -0.336659 0
    outer loop
      vertex 72.3207 5.89022 2
      vertex 72.2249 6.15817 6
      vertex 72.2249 6.15817 2
    endloop
  endfacet
  facet normal -0.941627 -0.336659 0
    outer loop
      vertex 72.2249 6.15817 6
      vertex 72.3207 5.89022 2
      vertex 72.3207 5.89022 6
    endloop
  endfacet
  facet normal 0.740989 0.671518 0
    outer loop
      vertex 77.2417 8.83974 6
      vertex 77.0506 9.05061 2
      vertex 77.0506 9.05061 6
    endloop
  endfacet
  facet normal 0.740989 0.671518 0
    outer loop
      vertex 77.0506 9.05061 2
      vertex 77.2417 8.83974 6
      vertex 77.2417 8.83974 2
    endloop
  endfacet
  facet normal 0.998789 -0.0491928 0
    outer loop
      vertex 77.886 6.71575 6
      vertex 77.9 7 2
      vertex 77.9 7 6
    endloop
  endfacet
  facet normal 0.998789 -0.0491928 0
    outer loop
      vertex 77.9 7 2
      vertex 77.886 6.71575 6
      vertex 77.886 6.71575 2
    endloop
  endfacet
  facet normal 0.514108 -0.857725 0
    outer loop
      vertex 76.3671 4.44243 2
      vertex 76.6112 4.58874 6
      vertex 76.3671 4.44243 6
    endloop
  endfacet
  facet normal 0.514108 -0.857725 0
    outer loop
      vertex 76.6112 4.58874 6
      vertex 76.3671 4.44243 2
      vertex 76.6112 4.58874 2
    endloop
  endfacet
  facet normal -0.998789 0.0491928 0
    outer loop
      vertex 72.1 7 2
      vertex 72.114 7.28425 6
      vertex 72.114 7.28425 2
    endloop
  endfacet
  facet normal -0.998789 0.0491928 0
    outer loop
      vertex 72.114 7.28425 6
      vertex 72.1 7 2
      vertex 72.1 7 6
    endloop
  endfacet
  facet normal 0.803096 -0.595849 0
    outer loop
      vertex 77.2417 5.16026 6
      vertex 77.4113 5.38885 2
      vertex 77.4113 5.38885 6
    endloop
  endfacet
  facet normal 0.803096 -0.595849 0
    outer loop
      vertex 77.4113 5.38885 2
      vertex 77.2417 5.16026 6
      vertex 77.2417 5.16026 2
    endloop
  endfacet
  facet normal -0.243032 0.970018 0
    outer loop
      vertex 74.4342 9.84428 2
      vertex 74.1582 9.77513 6
      vertex 74.4342 9.84428 6
    endloop
  endfacet
  facet normal -0.243032 0.970018 0
    outer loop
      vertex 74.1582 9.77513 6
      vertex 74.4342 9.84428 2
      vertex 74.1582 9.77513 2
    endloop
  endfacet
  facet normal 0.243032 -0.970018 0
    outer loop
      vertex 75.5658 4.15572 2
      vertex 75.8418 4.22487 6
      vertex 75.5658 4.15572 6
    endloop
  endfacet
  facet normal 0.243032 -0.970018 0
    outer loop
      vertex 75.8418 4.22487 6
      vertex 75.5658 4.15572 2
      vertex 75.8418 4.22487 2
    endloop
  endfacet
  facet normal -0.969991 0.243139 0
    outer loop
      vertex 72.1557 7.56576 2
      vertex 72.2249 7.84183 6
      vertex 72.2249 7.84183 2
    endloop
  endfacet
  facet normal -0.969991 0.243139 0
    outer loop
      vertex 72.2249 7.84183 6
      vertex 72.1557 7.56576 2
      vertex 72.1557 7.56576 6
    endloop
  endfacet
  facet normal -0.514108 0.857725 0
    outer loop
      vertex 73.6329 9.55757 2
      vertex 73.3888 9.41126 6
      vertex 73.6329 9.55757 6
    endloop
  endfacet
  facet normal -0.514108 0.857725 0
    outer loop
      vertex 73.3888 9.41126 6
      vertex 73.6329 9.55757 2
      vertex 73.3888 9.41126 2
    endloop
  endfacet
  facet normal 0.514108 0.857725 -0
    outer loop
      vertex 76.6112 9.41126 2
      vertex 76.3671 9.55757 6
      vertex 76.6112 9.41126 6
    endloop
  endfacet
  facet normal 0.514108 0.857725 0
    outer loop
      vertex 76.3671 9.55757 6
      vertex 76.6112 9.41126 2
      vertex 76.3671 9.55757 2
    endloop
  endfacet
  facet normal 0.903962 -0.427614 0
    outer loop
      vertex 77.5576 5.63295 6
      vertex 77.6793 5.89022 2
      vertex 77.6793 5.89022 6
    endloop
  endfacet
  facet normal 0.903962 -0.427614 0
    outer loop
      vertex 77.6793 5.89022 2
      vertex 77.5576 5.63295 6
      vertex 77.5576 5.63295 2
    endloop
  endfacet
  facet normal -0.671504 0.741001 0
    outer loop
      vertex 73.1603 9.24173 2
      vertex 72.9494 9.05061 6
      vertex 73.1603 9.24173 6
    endloop
  endfacet
  facet normal -0.671504 0.741001 0
    outer loop
      vertex 72.9494 9.05061 6
      vertex 73.1603 9.24173 2
      vertex 72.9494 9.05061 2
    endloop
  endfacet
  facet normal 0.903962 0.427614 0
    outer loop
      vertex 77.6793 8.10978 6
      vertex 77.5576 8.36705 2
      vertex 77.5576 8.36705 6
    endloop
  endfacet
  facet normal 0.903962 0.427614 0
    outer loop
      vertex 77.5576 8.36705 2
      vertex 77.6793 8.10978 6
      vertex 77.6793 8.10978 2
    endloop
  endfacet
  facet normal 0.671504 -0.741001 0
    outer loop
      vertex 76.8397 4.75827 2
      vertex 77.0506 4.94939 6
      vertex 76.8397 4.75827 6
    endloop
  endfacet
  facet normal 0.671504 -0.741001 0
    outer loop
      vertex 77.0506 4.94939 6
      vertex 76.8397 4.75827 2
      vertex 77.0506 4.94939 2
    endloop
  endfacet
  facet normal 0.427515 -0.904008 0
    outer loop
      vertex 76.1098 4.32075 2
      vertex 76.3671 4.44243 6
      vertex 76.1098 4.32075 6
    endloop
  endfacet
  facet normal 0.427515 -0.904008 0
    outer loop
      vertex 76.3671 4.44243 6
      vertex 76.1098 4.32075 2
      vertex 76.3671 4.44243 2
    endloop
  endfacet
  facet normal 0.941627 0.336659 0
    outer loop
      vertex 77.7751 7.84183 6
      vertex 77.6793 8.10978 2
      vertex 77.6793 8.10978 6
    endloop
  endfacet
  facet normal 0.941627 0.336659 0
    outer loop
      vertex 77.6793 8.10978 2
      vertex 77.7751 7.84183 6
      vertex 77.7751 7.84183 2
    endloop
  endfacet
  facet normal 0.0490612 -0.998796 0
    outer loop
      vertex 75 4.1 2
      vertex 75.2842 4.11396 6
      vertex 75 4.1 6
    endloop
  endfacet
  facet normal 0.0490612 -0.998796 0
    outer loop
      vertex 75.2842 4.11396 6
      vertex 75 4.1 2
      vertex 75.2842 4.11396 2
    endloop
  endfacet
  facet normal 0.146657 0.989187 -0
    outer loop
      vertex 75.5658 9.84428 2
      vertex 75.2842 9.88603 6
      vertex 75.5658 9.84428 6
    endloop
  endfacet
  facet normal 0.146657 0.989187 0
    outer loop
      vertex 75.2842 9.88603 6
      vertex 75.5658 9.84428 2
      vertex 75.2842 9.88603 2
    endloop
  endfacet
  facet normal -0.0490962 0.998794 0
    outer loop
      vertex 75 9.9 2
      vertex 74.7158 9.88603 6
      vertex 75 9.9 6
    endloop
  endfacet
  facet normal -0.0490962 0.998794 0
    outer loop
      vertex 74.7158 9.88603 6
      vertex 75 9.9 2
      vertex 74.7158 9.88603 2
    endloop
  endfacet
  facet normal 0.595842 0.803102 -0
    outer loop
      vertex 76.8397 9.24173 2
      vertex 76.6112 9.41126 6
      vertex 76.8397 9.24173 6
    endloop
  endfacet
  facet normal 0.595842 0.803102 0
    outer loop
      vertex 76.6112 9.41126 6
      vertex 76.8397 9.24173 2
      vertex 76.6112 9.41126 2
    endloop
  endfacet
  facet normal 0.427515 0.904008 -0
    outer loop
      vertex 76.3671 9.55757 2
      vertex 76.1098 9.67925 6
      vertex 76.3671 9.55757 6
    endloop
  endfacet
  facet normal 0.427515 0.904008 0
    outer loop
      vertex 76.1098 9.67925 6
      vertex 76.3671 9.55757 2
      vertex 76.1098 9.67925 2
    endloop
  endfacet
  facet normal -0.146691 -0.989182 0
    outer loop
      vertex 74.4342 4.15572 2
      vertex 74.7158 4.11396 6
      vertex 74.4342 4.15572 6
    endloop
  endfacet
  facet normal -0.146691 -0.989182 -0
    outer loop
      vertex 74.7158 4.11396 6
      vertex 74.4342 4.15572 2
      vertex 74.7158 4.11396 2
    endloop
  endfacet
  facet normal 0.857741 -0.514082 0
    outer loop
      vertex 77.4113 5.38885 6
      vertex 77.5576 5.63295 2
      vertex 77.5576 5.63295 6
    endloop
  endfacet
  facet normal 0.857741 -0.514082 0
    outer loop
      vertex 77.5576 5.63295 2
      vertex 77.4113 5.38885 6
      vertex 77.4113 5.38885 2
    endloop
  endfacet
  facet normal 0.969991 -0.243139 0
    outer loop
      vertex 77.7751 6.15817 6
      vertex 77.8443 6.43424 2
      vertex 77.8443 6.43424 6
    endloop
  endfacet
  facet normal 0.969991 -0.243139 0
    outer loop
      vertex 77.8443 6.43424 2
      vertex 77.7751 6.15817 6
      vertex 77.7751 6.15817 2
    endloop
  endfacet
  facet normal -0.514108 -0.857725 0
    outer loop
      vertex 73.3888 4.58874 2
      vertex 73.6329 4.44243 6
      vertex 73.3888 4.58874 6
    endloop
  endfacet
  facet normal -0.514108 -0.857725 -0
    outer loop
      vertex 73.6329 4.44243 6
      vertex 73.3888 4.58874 2
      vertex 73.6329 4.44243 2
    endloop
  endfacet
  facet normal -0.336853 0.941557 0
    outer loop
      vertex 74.1582 9.77513 2
      vertex 73.8902 9.67925 6
      vertex 74.1582 9.77513 6
    endloop
  endfacet
  facet normal -0.336853 0.941557 0
    outer loop
      vertex 73.8902 9.67925 6
      vertex 74.1582 9.77513 2
      vertex 73.8902 9.67925 2
    endloop
  endfacet
  facet normal -0.903962 -0.427614 0
    outer loop
      vertex 72.4424 5.63295 2
      vertex 72.3207 5.89022 6
      vertex 72.3207 5.89022 2
    endloop
  endfacet
  facet normal -0.903962 -0.427614 0
    outer loop
      vertex 72.3207 5.89022 6
      vertex 72.4424 5.63295 2
      vertex 72.4424 5.63295 6
    endloop
  endfacet
  facet normal 0.336853 0.941557 -0
    outer loop
      vertex 76.1098 9.67925 2
      vertex 75.8418 9.77513 6
      vertex 76.1098 9.67925 6
    endloop
  endfacet
  facet normal 0.336853 0.941557 0
    outer loop
      vertex 75.8418 9.77513 6
      vertex 76.1098 9.67925 2
      vertex 75.8418 9.77513 2
    endloop
  endfacet
  facet normal -0.989206 0.146531 0
    outer loop
      vertex 72.114 7.28425 2
      vertex 72.1557 7.56576 6
      vertex 72.1557 7.56576 2
    endloop
  endfacet
  facet normal -0.989206 0.146531 0
    outer loop
      vertex 72.1557 7.56576 6
      vertex 72.114 7.28425 2
      vertex 72.114 7.28425 6
    endloop
  endfacet
  facet normal -0.146657 0.989187 0
    outer loop
      vertex 74.7158 9.88603 2
      vertex 74.4342 9.84428 6
      vertex 74.7158 9.88603 6
    endloop
  endfacet
  facet normal -0.146657 0.989187 0
    outer loop
      vertex 74.4342 9.84428 6
      vertex 74.7158 9.88603 2
      vertex 74.4342 9.84428 2
    endloop
  endfacet
  facet normal -0.427515 0.904008 0
    outer loop
      vertex 73.8902 9.67925 2
      vertex 73.6329 9.55757 6
      vertex 73.8902 9.67925 6
    endloop
  endfacet
  facet normal -0.427515 0.904008 0
    outer loop
      vertex 73.6329 9.55757 6
      vertex 73.8902 9.67925 2
      vertex 73.6329 9.55757 2
    endloop
  endfacet
  facet normal 0.989206 -0.146531 0
    outer loop
      vertex 77.8443 6.43424 6
      vertex 77.886 6.71575 2
      vertex 77.886 6.71575 6
    endloop
  endfacet
  facet normal 0.989206 -0.146531 0
    outer loop
      vertex 77.886 6.71575 2
      vertex 77.8443 6.43424 6
      vertex 77.8443 6.43424 2
    endloop
  endfacet
  facet normal 0.740989 -0.671518 0
    outer loop
      vertex 77.0506 4.94939 6
      vertex 77.2417 5.16026 2
      vertex 77.2417 5.16026 6
    endloop
  endfacet
  facet normal 0.740989 -0.671518 0
    outer loop
      vertex 77.2417 5.16026 2
      vertex 77.0506 4.94939 6
      vertex 77.0506 4.94939 2
    endloop
  endfacet
  facet normal 0.857741 0.514082 0
    outer loop
      vertex 77.5576 8.36705 6
      vertex 77.4113 8.61115 2
      vertex 77.4113 8.61115 6
    endloop
  endfacet
  facet normal 0.857741 0.514082 0
    outer loop
      vertex 77.4113 8.61115 2
      vertex 77.5576 8.36705 6
      vertex 77.5576 8.36705 2
    endloop
  endfacet
  facet normal -0.857741 0.514082 0
    outer loop
      vertex 72.4424 8.36705 2
      vertex 72.5887 8.61115 6
      vertex 72.5887 8.61115 2
    endloop
  endfacet
  facet normal -0.857741 0.514082 0
    outer loop
      vertex 72.5887 8.61115 6
      vertex 72.4424 8.36705 2
      vertex 72.4424 8.36705 6
    endloop
  endfacet
  facet normal 0.941627 -0.336659 0
    outer loop
      vertex 77.6793 5.89022 6
      vertex 77.7751 6.15817 2
      vertex 77.7751 6.15817 6
    endloop
  endfacet
  facet normal 0.941627 -0.336659 0
    outer loop
      vertex 77.7751 6.15817 2
      vertex 77.6793 5.89022 6
      vertex 77.6793 5.89022 2
    endloop
  endfacet
  facet normal 0.671504 0.741001 -0
    outer loop
      vertex 77.0506 9.05061 2
      vertex 76.8397 9.24173 6
      vertex 77.0506 9.05061 6
    endloop
  endfacet
  facet normal 0.671504 0.741001 0
    outer loop
      vertex 76.8397 9.24173 6
      vertex 77.0506 9.05061 2
      vertex 76.8397 9.24173 2
    endloop
  endfacet
  facet normal -0.803096 -0.595849 0
    outer loop
      vertex 72.7583 5.16026 2
      vertex 72.5887 5.38885 6
      vertex 72.5887 5.38885 2
    endloop
  endfacet
  facet normal -0.803096 -0.595849 0
    outer loop
      vertex 72.5887 5.38885 6
      vertex 72.7583 5.16026 2
      vertex 72.7583 5.16026 6
    endloop
  endfacet
  facet normal -0.989206 -0.146531 0
    outer loop
      vertex 72.1557 6.43424 2
      vertex 72.114 6.71575 6
      vertex 72.114 6.71575 2
    endloop
  endfacet
  facet normal -0.989206 -0.146531 0
    outer loop
      vertex 72.114 6.71575 6
      vertex 72.1557 6.43424 2
      vertex 72.1557 6.43424 6
    endloop
  endfacet
  facet normal -0 0 1
    outer loop
      vertex 76.2467 7.00049 6
      vertex 77.9 7 6
      vertex 77.886 7.28425 6
    endloop
  endfacet
  facet normal 0 0 1
    outer loop
      vertex 76.2407 7.1222 6
      vertex 77.886 7.28425 6
      vertex 77.8443 7.56576 6
    endloop
  endfacet
  facet normal 0 0 1
    outer loop
      vertex 77.9 7 6
      vertex 76.2467 7.00049 6
      vertex 76.2467 7 6
    endloop
  endfacet
  facet normal 0 0 1
    outer loop
      vertex 76.2226 7.24369 6
      vertex 77.8443 7.56576 6
      vertex 77.7751 7.84183 6
    endloop
  endfacet
  facet normal 0 0 1
    outer loop
      vertex 76.2467 6.99951 6
      vertex 77.9 7 6
      vertex 76.2467 7 6
    endloop
  endfacet
  facet normal 0 0 1
    outer loop
      vertex 76.193 7.36189 6
      vertex 77.7751 7.84183 6
      vertex 77.6793 8.10978 6
    endloop
  endfacet
  facet normal 0 0 1
    outer loop
      vertex 77.9 7 6
      vertex 76.2467 6.99951 6
      vertex 77.886 6.71575 6
    endloop
  endfacet
  facet normal 0 0 1
    outer loop
      vertex 76.1516 7.47753 6
      vertex 77.6793 8.10978 6
      vertex 77.5576 8.36705 6
    endloop
  endfacet
  facet normal -0 0 1
    outer loop
      vertex 76.2407 6.8778 6
      vertex 77.886 6.71575 6
      vertex 76.2467 6.99951 6
    endloop
  endfacet
  facet normal 0 0 1
    outer loop
      vertex 76.0995 7.58768 6
      vertex 77.5576 8.36705 6
      vertex 77.4113 8.61115 6
    endloop
  endfacet
  facet normal 0 0 1
    outer loop
      vertex 77.886 6.71575 6
      vertex 76.2407 6.8778 6
      vertex 77.8443 6.43424 6
    endloop
  endfacet
  facet normal 0 0 1
    outer loop
      vertex 76.0363 7.69301 6
      vertex 77.4113 8.61115 6
      vertex 77.2417 8.83974 6
    endloop
  endfacet
  facet normal -0 0 1
    outer loop
      vertex 76.2228 6.75727 6
      vertex 77.8443 6.43424 6
      vertex 76.2407 6.8778 6
    endloop
  endfacet
  facet normal 0 0 1
    outer loop
      vertex 75.9637 7.79089 6
      vertex 77.2417 8.83974 6
      vertex 77.0506 9.05061 6
    endloop
  endfacet
  facet normal -0 0 1
    outer loop
      vertex 76.2227 6.75678 6
      vertex 77.8443 6.43424 6
      vertex 76.2228 6.75727 6
    endloop
  endfacet
  facet normal 0 0 1
    outer loop
      vertex 75.8812 7.88187 6
      vertex 77.0506 9.05061 6
      vertex 76.8397 9.24173 6
    endloop
  endfacet
  facet normal -0 0 1
    outer loop
      vertex 76.2226 6.75631 6
      vertex 77.8443 6.43424 6
      vertex 76.2227 6.75678 6
    endloop
  endfacet
  facet normal 0 0 1
    outer loop
      vertex 75.7909 7.9637 6
      vertex 76.8397 9.24173 6
      vertex 76.6112 9.41126 6
    endloop
  endfacet
  facet normal 0 0 1
    outer loop
      vertex 77.8443 6.43424 6
      vertex 76.2226 6.75631 6
      vertex 77.7751 6.15817 6
    endloop
  endfacet
  facet normal 0 0 1
    outer loop
      vertex 75.6922 8.03683 6
      vertex 76.6112 9.41126 6
      vertex 76.3671 9.55757 6
    endloop
  endfacet
  facet normal 0 0 1
    outer loop
      vertex 77.7751 6.15817 6
      vertex 76.193 6.63811 6
      vertex 77.6793 5.89022 6
    endloop
  endfacet
  facet normal -0 0 1
    outer loop
      vertex 76.152 6.52337 6
      vertex 77.6793 5.89022 6
      vertex 76.193 6.63811 6
    endloop
  endfacet
  facet normal -0 0 1
    outer loop
      vertex 76.193 6.63811 6
      vertex 77.7751 6.15817 6
      vertex 76.2226 6.75631 6
    endloop
  endfacet
  facet normal 0 0 1
    outer loop
      vertex 77.886 7.28425 6
      vertex 76.2407 7.1222 6
      vertex 76.2467 7.00049 6
    endloop
  endfacet
  facet normal 0 0 1
    outer loop
      vertex 77.8443 7.56576 6
      vertex 76.2228 7.24273 6
      vertex 76.2407 7.1222 6
    endloop
  endfacet
  facet normal 0 0 1
    outer loop
      vertex 77.8443 7.56576 6
      vertex 76.2227 7.24322 6
      vertex 76.2228 7.24273 6
    endloop
  endfacet
  facet normal 0 0 1
    outer loop
      vertex 77.8443 7.56576 6
      vertex 76.2226 7.24369 6
      vertex 76.2227 7.24322 6
    endloop
  endfacet
  facet normal 0 0 1
    outer loop
      vertex 77.7751 7.84183 6
      vertex 76.193 7.36189 6
      vertex 76.2226 7.24369 6
    endloop
  endfacet
  facet normal 0 0 1
    outer loop
      vertex 77.6793 8.10978 6
      vertex 76.152 7.47663 6
      vertex 76.193 7.36189 6
    endloop
  endfacet
  facet normal 0 0 1
    outer loop
      vertex 77.6793 8.10978 6
      vertex 76.1518 7.47709 6
      vertex 76.152 7.47663 6
    endloop
  endfacet
  facet normal 0 0 1
    outer loop
      vertex 77.6793 8.10978 6
      vertex 76.1516 7.47753 6
      vertex 76.1518 7.47709 6
    endloop
  endfacet
  facet normal 0 0 1
    outer loop
      vertex 75.5877 8.09948 6
      vertex 76.3671 9.55757 6
      vertex 76.1098 9.67925 6
    endloop
  endfacet
  facet normal 0 0 1
    outer loop
      vertex 77.5576 8.36705 6
      vertex 76.0995 7.58768 6
      vertex 76.1516 7.47753 6
    endloop
  endfacet
  facet normal 0 0 1
    outer loop
      vertex 77.4113 8.61115 6
      vertex 76.0368 7.6922 6
      vertex 76.0995 7.58768 6
    endloop
  endfacet
  facet normal 0 0 1
    outer loop
      vertex 77.4113 8.61115 6
      vertex 76.0366 7.69262 6
      vertex 76.0368 7.6922 6
    endloop
  endfacet
  facet normal 0 0 1
    outer loop
      vertex 77.4113 8.61115 6
      vertex 76.0363 7.69301 6
      vertex 76.0366 7.69262 6
    endloop
  endfacet
  facet normal 0 0 1
    outer loop
      vertex 77.2417 8.83974 6
      vertex 75.9637 7.79089 6
      vertex 76.0363 7.69301 6
    endloop
  endfacet
  facet normal 0 0 1
    outer loop
      vertex 77.0506 9.05061 6
      vertex 75.8819 7.88118 6
      vertex 75.9637 7.79089 6
    endloop
  endfacet
  facet normal 0 0 1
    outer loop
      vertex 77.0506 9.05061 6
      vertex 75.8815 7.88154 6
      vertex 75.8819 7.88118 6
    endloop
  endfacet
  facet normal 0 0 1
    outer loop
      vertex 77.0506 9.05061 6
      vertex 75.8812 7.88187 6
      vertex 75.8815 7.88154 6
    endloop
  endfacet
  facet normal 0 0 1
    outer loop
      vertex 75.4766 8.15195 6
      vertex 76.1098 9.67925 6
      vertex 75.8418 9.77513 6
    endloop
  endfacet
  facet normal 0 0 1
    outer loop
      vertex 76.8397 9.24173 6
      vertex 75.7909 7.9637 6
      vertex 75.8812 7.88187 6
    endloop
  endfacet
  facet normal 0 0 1
    outer loop
      vertex 76.6112 9.41126 6
      vertex 75.693 8.03629 6
      vertex 75.7909 7.9637 6
    endloop
  endfacet
  facet normal 0 0 1
    outer loop
      vertex 76.6112 9.41126 6
      vertex 75.6926 8.03658 6
      vertex 75.693 8.03629 6
    endloop
  endfacet
  facet normal 0 0 1
    outer loop
      vertex 76.6112 9.41126 6
      vertex 75.6922 8.03683 6
      vertex 75.6926 8.03658 6
    endloop
  endfacet
  facet normal 0 0 1
    outer loop
      vertex 76.3671 9.55757 6
      vertex 75.5877 8.09948 6
      vertex 75.6922 8.03683 6
    endloop
  endfacet
  facet normal 0 0 1
    outer loop
      vertex 75.3619 8.19301 6
      vertex 75.8418 9.77513 6
      vertex 75.5658 9.84428 6
    endloop
  endfacet
  facet normal 0 0 1
    outer loop
      vertex 76.1098 9.67925 6
      vertex 75.4775 8.15158 6
      vertex 75.5877 8.09948 6
    endloop
  endfacet
  facet normal 0 0 1
    outer loop
      vertex 76.1098 9.67925 6
      vertex 75.4771 8.15179 6
      vertex 75.4775 8.15158 6
    endloop
  endfacet
  facet normal 0 0 1
    outer loop
      vertex 76.1098 9.67925 6
      vertex 75.4766 8.15195 6
      vertex 75.4771 8.15179 6
    endloop
  endfacet
  facet normal 0 0 1
    outer loop
      vertex 75.8418 9.77513 6
      vertex 75.3619 8.19301 6
      vertex 75.4766 8.15195 6
    endloop
  endfacet
  facet normal 0 0 1
    outer loop
      vertex 75.2427 8.22281 6
      vertex 75.5658 9.84428 6
      vertex 75.2842 9.88603 6
    endloop
  endfacet
  facet normal 0 0 1
    outer loop
      vertex 75.5658 9.84428 6
      vertex 75.2437 8.22261 6
      vertex 75.3619 8.19301 6
    endloop
  endfacet
  facet normal 0 0 1
    outer loop
      vertex 75.5658 9.84428 6
      vertex 75.2432 8.22273 6
      vertex 75.2437 8.22261 6
    endloop
  endfacet
  facet normal 0 0 1
    outer loop
      vertex 75.5658 9.84428 6
      vertex 75.2427 8.22281 6
      vertex 75.2432 8.22273 6
    endloop
  endfacet
  facet normal 0 0 1
    outer loop
      vertex 75.2842 9.88603 6
      vertex 75.1222 8.24069 6
      vertex 75.2427 8.22281 6
    endloop
  endfacet
  facet normal 0 0 1
    outer loop
      vertex 75.2842 9.88603 6
      vertex 75.0005 8.24667 6
      vertex 75.1222 8.24069 6
    endloop
  endfacet
  facet normal 0 0 1
    outer loop
      vertex 75 9.9 6
      vertex 75.0005 8.24667 6
      vertex 75.2842 9.88603 6
    endloop
  endfacet
  facet normal 0 0 1
    outer loop
      vertex 75 9.9 6
      vertex 75 8.24669 6
      vertex 75.0005 8.24667 6
    endloop
  endfacet
  facet normal 0 0 1
    outer loop
      vertex 75 9.9 6
      vertex 74.9995 8.24667 6
      vertex 75 8.24669 6
    endloop
  endfacet
  facet normal 0 0 1
    outer loop
      vertex 75 9.9 6
      vertex 74.8778 8.24069 6
      vertex 74.9995 8.24667 6
    endloop
  endfacet
  facet normal -0 0 1
    outer loop
      vertex 74.7158 9.88603 6
      vertex 74.8778 8.24069 6
      vertex 75 9.9 6
    endloop
  endfacet
  facet normal 0 0 1
    outer loop
      vertex 74.8778 8.24069 6
      vertex 74.7158 9.88603 6
      vertex 74.7573 8.22281 6
    endloop
  endfacet
  facet normal -0 0 1
    outer loop
      vertex 74.4342 9.84428 6
      vertex 74.7573 8.22281 6
      vertex 74.7158 9.88603 6
    endloop
  endfacet
  facet normal 0 0 1
    outer loop
      vertex 74.7573 8.22281 6
      vertex 74.4342 9.84428 6
      vertex 74.7568 8.22273 6
    endloop
  endfacet
  facet normal 0 0 1
    outer loop
      vertex 74.7568 8.22273 6
      vertex 74.4342 9.84428 6
      vertex 74.7563 8.22261 6
    endloop
  endfacet
  facet normal 0 0 1
    outer loop
      vertex 74.7563 8.22261 6
      vertex 74.4342 9.84428 6
      vertex 74.6381 8.19301 6
    endloop
  endfacet
  facet normal -0 0 1
    outer loop
      vertex 74.1582 9.77513 6
      vertex 74.6381 8.19301 6
      vertex 74.4342 9.84428 6
    endloop
  endfacet
  facet normal 0 0 1
    outer loop
      vertex 74.6381 8.19301 6
      vertex 74.1582 9.77513 6
      vertex 74.5234 8.15195 6
    endloop
  endfacet
  facet normal -0 0 1
    outer loop
      vertex 73.8902 9.67925 6
      vertex 74.5234 8.15195 6
      vertex 74.1582 9.77513 6
    endloop
  endfacet
  facet normal 0 0 1
    outer loop
      vertex 74.5234 8.15195 6
      vertex 73.8902 9.67925 6
      vertex 74.5229 8.15179 6
    endloop
  endfacet
  facet normal 0 0 1
    outer loop
      vertex 74.5229 8.15179 6
      vertex 73.8902 9.67925 6
      vertex 74.5225 8.15158 6
    endloop
  endfacet
  facet normal 0 0 1
    outer loop
      vertex 74.5225 8.15158 6
      vertex 73.8902 9.67925 6
      vertex 74.4123 8.09948 6
    endloop
  endfacet
  facet normal -0 0 1
    outer loop
      vertex 73.6329 9.55757 6
      vertex 74.4123 8.09948 6
      vertex 73.8902 9.67925 6
    endloop
  endfacet
  facet normal 0 0 1
    outer loop
      vertex 74.4123 8.09948 6
      vertex 73.6329 9.55757 6
      vertex 74.3078 8.03683 6
    endloop
  endfacet
  facet normal -0 0 1
    outer loop
      vertex 73.3888 9.41126 6
      vertex 74.3078 8.03683 6
      vertex 73.6329 9.55757 6
    endloop
  endfacet
  facet normal 0 0 1
    outer loop
      vertex 74.3078 8.03683 6
      vertex 73.3888 9.41126 6
      vertex 74.3074 8.03658 6
    endloop
  endfacet
  facet normal 0 0 1
    outer loop
      vertex 74.3074 8.03658 6
      vertex 73.3888 9.41126 6
      vertex 74.307 8.03629 6
    endloop
  endfacet
  facet normal 0 0 1
    outer loop
      vertex 74.307 8.03629 6
      vertex 73.3888 9.41126 6
      vertex 74.2091 7.9637 6
    endloop
  endfacet
  facet normal -0 0 1
    outer loop
      vertex 73.1603 9.24173 6
      vertex 74.2091 7.9637 6
      vertex 73.3888 9.41126 6
    endloop
  endfacet
  facet normal 0 0 1
    outer loop
      vertex 74.2091 7.9637 6
      vertex 73.1603 9.24173 6
      vertex 74.1188 7.88187 6
    endloop
  endfacet
  facet normal -0 0 1
    outer loop
      vertex 72.9494 9.05061 6
      vertex 74.1188 7.88187 6
      vertex 73.1603 9.24173 6
    endloop
  endfacet
  facet normal 0 0 1
    outer loop
      vertex 74.1188 7.88187 6
      vertex 72.9494 9.05061 6
      vertex 74.1185 7.88154 6
    endloop
  endfacet
  facet normal 0 0 1
    outer loop
      vertex 74.1185 7.88154 6
      vertex 72.9494 9.05061 6
      vertex 74.1181 7.88118 6
    endloop
  endfacet
  facet normal 0 0 1
    outer loop
      vertex 74.1181 7.88118 6
      vertex 72.9494 9.05061 6
      vertex 74.0363 7.79089 6
    endloop
  endfacet
  facet normal -0 0 1
    outer loop
      vertex 72.7583 8.83974 6
      vertex 74.0363 7.79089 6
      vertex 72.9494 9.05061 6
    endloop
  endfacet
  facet normal 0 0 1
    outer loop
      vertex 74.0363 7.79089 6
      vertex 72.7583 8.83974 6
      vertex 73.9637 7.69301 6
    endloop
  endfacet
  facet normal -0 0 1
    outer loop
      vertex 72.5887 8.61115 6
      vertex 73.9637 7.69301 6
      vertex 72.7583 8.83974 6
    endloop
  endfacet
  facet normal 0 0 1
    outer loop
      vertex 73.9637 7.69301 6
      vertex 72.5887 8.61115 6
      vertex 73.9634 7.69262 6
    endloop
  endfacet
  facet normal 0 0 1
    outer loop
      vertex 73.9634 7.69262 6
      vertex 72.5887 8.61115 6
      vertex 73.9632 7.6922 6
    endloop
  endfacet
  facet normal 0 0 1
    outer loop
      vertex 73.9632 7.6922 6
      vertex 72.5887 8.61115 6
      vertex 73.9005 7.58768 6
    endloop
  endfacet
  facet normal -0 0 1
    outer loop
      vertex 72.4424 8.36705 6
      vertex 73.9005 7.58768 6
      vertex 72.5887 8.61115 6
    endloop
  endfacet
  facet normal 0 0 1
    outer loop
      vertex 73.9005 7.58768 6
      vertex 72.4424 8.36705 6
      vertex 73.8484 7.47753 6
    endloop
  endfacet
  facet normal 0 0 1
    outer loop
      vertex 73.8482 7.47709 6
      vertex 72.3207 8.10978 6
      vertex 73.848 7.47663 6
    endloop
  endfacet
  facet normal 0 0 1
    outer loop
      vertex 73.8484 7.47753 6
      vertex 72.3207 8.10978 6
      vertex 73.8482 7.47709 6
    endloop
  endfacet
  facet normal -0 0 1
    outer loop
      vertex 72.3207 8.10978 6
      vertex 73.8484 7.47753 6
      vertex 72.4424 8.36705 6
    endloop
  endfacet
  facet normal -0 0 1
    outer loop
      vertex 76.1518 6.52291 6
      vertex 77.6793 5.89022 6
      vertex 76.152 6.52337 6
    endloop
  endfacet
  facet normal -0 0 1
    outer loop
      vertex 76.1516 6.52247 6
      vertex 77.6793 5.89022 6
      vertex 76.1518 6.52291 6
    endloop
  endfacet
  facet normal 0 0 1
    outer loop
      vertex 77.6793 5.89022 6
      vertex 76.1516 6.52247 6
      vertex 77.5576 5.63295 6
    endloop
  endfacet
  facet normal -0 0 1
    outer loop
      vertex 76.0995 6.41231 6
      vertex 77.5576 5.63295 6
      vertex 76.1516 6.52247 6
    endloop
  endfacet
  facet normal 0 0 1
    outer loop
      vertex 77.5576 5.63295 6
      vertex 76.0995 6.41231 6
      vertex 77.4113 5.38885 6
    endloop
  endfacet
  facet normal -0 0 1
    outer loop
      vertex 76.0368 6.30779 6
      vertex 77.4113 5.38885 6
      vertex 76.0995 6.41231 6
    endloop
  endfacet
  facet normal -0 0 1
    outer loop
      vertex 76.0366 6.30738 6
      vertex 77.4113 5.38885 6
      vertex 76.0368 6.30779 6
    endloop
  endfacet
  facet normal -0 0 1
    outer loop
      vertex 76.0363 6.30698 6
      vertex 77.4113 5.38885 6
      vertex 76.0366 6.30738 6
    endloop
  endfacet
  facet normal 0 0 1
    outer loop
      vertex 77.4113 5.38885 6
      vertex 76.0363 6.30698 6
      vertex 77.2417 5.16026 6
    endloop
  endfacet
  facet normal -0 0 1
    outer loop
      vertex 75.9637 6.20911 6
      vertex 77.2417 5.16026 6
      vertex 76.0363 6.30698 6
    endloop
  endfacet
  facet normal 0 0 1
    outer loop
      vertex 77.2417 5.16026 6
      vertex 75.9637 6.20911 6
      vertex 77.0506 4.94939 6
    endloop
  endfacet
  facet normal -0 0 1
    outer loop
      vertex 75.8819 6.11882 6
      vertex 77.0506 4.94939 6
      vertex 75.9637 6.20911 6
    endloop
  endfacet
  facet normal -0 0 1
    outer loop
      vertex 75.8815 6.11846 6
      vertex 77.0506 4.94939 6
      vertex 75.8819 6.11882 6
    endloop
  endfacet
  facet normal -0 0 1
    outer loop
      vertex 75.8812 6.11813 6
      vertex 77.0506 4.94939 6
      vertex 75.8815 6.11846 6
    endloop
  endfacet
  facet normal 0 0 1
    outer loop
      vertex 77.0506 4.94939 6
      vertex 75.8812 6.11813 6
      vertex 76.8397 4.75827 6
    endloop
  endfacet
  facet normal -0 0 1
    outer loop
      vertex 75.7909 6.0363 6
      vertex 76.8397 4.75827 6
      vertex 75.8812 6.11813 6
    endloop
  endfacet
  facet normal 0 0 1
    outer loop
      vertex 76.8397 4.75827 6
      vertex 75.7909 6.0363 6
      vertex 76.6112 4.58874 6
    endloop
  endfacet
  facet normal -0 0 1
    outer loop
      vertex 75.693 5.96371 6
      vertex 76.6112 4.58874 6
      vertex 75.7909 6.0363 6
    endloop
  endfacet
  facet normal -0 0 1
    outer loop
      vertex 75.6926 5.96342 6
      vertex 76.6112 4.58874 6
      vertex 75.693 5.96371 6
    endloop
  endfacet
  facet normal -0 0 1
    outer loop
      vertex 75.6922 5.96317 6
      vertex 76.6112 4.58874 6
      vertex 75.6926 5.96342 6
    endloop
  endfacet
  facet normal 0 0 1
    outer loop
      vertex 76.6112 4.58874 6
      vertex 75.6922 5.96317 6
      vertex 76.3671 4.44243 6
    endloop
  endfacet
  facet normal -0 0 1
    outer loop
      vertex 75.5877 5.90052 6
      vertex 76.3671 4.44243 6
      vertex 75.6922 5.96317 6
    endloop
  endfacet
  facet normal 0 0 1
    outer loop
      vertex 76.3671 4.44243 6
      vertex 75.5877 5.90052 6
      vertex 76.1098 4.32075 6
    endloop
  endfacet
  facet normal -0 0 1
    outer loop
      vertex 75.4775 5.84842 6
      vertex 76.1098 4.32075 6
      vertex 75.5877 5.90052 6
    endloop
  endfacet
  facet normal -0 0 1
    outer loop
      vertex 75.4771 5.84821 6
      vertex 76.1098 4.32075 6
      vertex 75.4775 5.84842 6
    endloop
  endfacet
  facet normal -0 0 1
    outer loop
      vertex 75.4766 5.84804 6
      vertex 76.1098 4.32075 6
      vertex 75.4771 5.84821 6
    endloop
  endfacet
  facet normal 0 0 1
    outer loop
      vertex 76.1098 4.32075 6
      vertex 75.4766 5.84804 6
      vertex 75.8418 4.22487 6
    endloop
  endfacet
  facet normal -0 0 1
    outer loop
      vertex 75.3619 5.80699 6
      vertex 75.8418 4.22487 6
      vertex 75.4766 5.84804 6
    endloop
  endfacet
  facet normal 0 0 1
    outer loop
      vertex 75.8418 4.22487 6
      vertex 75.3619 5.80699 6
      vertex 75.5658 4.15572 6
    endloop
  endfacet
  facet normal -0 0 1
    outer loop
      vertex 75.2437 5.77738 6
      vertex 75.5658 4.15572 6
      vertex 75.3619 5.80699 6
    endloop
  endfacet
  facet normal -0 0 1
    outer loop
      vertex 75.2432 5.77727 6
      vertex 75.5658 4.15572 6
      vertex 75.2437 5.77738 6
    endloop
  endfacet
  facet normal -0 0 1
    outer loop
      vertex 75.2427 5.77719 6
      vertex 75.5658 4.15572 6
      vertex 75.2432 5.77727 6
    endloop
  endfacet
  facet normal 0 0 1
    outer loop
      vertex 75.5658 4.15572 6
      vertex 75.2427 5.77719 6
      vertex 75.2842 4.11396 6
    endloop
  endfacet
  facet normal -0 0 1
    outer loop
      vertex 75.1222 5.75931 6
      vertex 75.2842 4.11396 6
      vertex 75.2427 5.77719 6
    endloop
  endfacet
  facet normal -0 0 1
    outer loop
      vertex 75.0005 5.75334 6
      vertex 75.2842 4.11396 6
      vertex 75.1222 5.75931 6
    endloop
  endfacet
  facet normal 0 0 1
    outer loop
      vertex 75 4.1 6
      vertex 75.0005 5.75334 6
      vertex 75 5.75331 6
    endloop
  endfacet
  facet normal 0 0 1
    outer loop
      vertex 75.0005 5.75334 6
      vertex 75 4.1 6
      vertex 75.2842 4.11396 6
    endloop
  endfacet
  facet normal 0 0 1
    outer loop
      vertex 74.9995 5.75334 6
      vertex 75 4.1 6
      vertex 75 5.75331 6
    endloop
  endfacet
  facet normal 0 0 1
    outer loop
      vertex 74.8778 5.75931 6
      vertex 75 4.1 6
      vertex 74.9995 5.75334 6
    endloop
  endfacet
  facet normal 0 0 1
    outer loop
      vertex 74.7158 4.11396 6
      vertex 74.8778 5.75931 6
      vertex 74.7573 5.77719 6
    endloop
  endfacet
  facet normal 0 0 1
    outer loop
      vertex 74.4342 4.15572 6
      vertex 74.7573 5.77719 6
      vertex 74.7568 5.77727 6
    endloop
  endfacet
  facet normal 0 0 1
    outer loop
      vertex 74.4342 4.15572 6
      vertex 74.7568 5.77727 6
      vertex 74.7563 5.77738 6
    endloop
  endfacet
  facet normal 0 0 1
    outer loop
      vertex 74.8778 5.75931 6
      vertex 74.7158 4.11396 6
      vertex 75 4.1 6
    endloop
  endfacet
  facet normal 0 0 1
    outer loop
      vertex 74.4342 4.15572 6
      vertex 74.7563 5.77738 6
      vertex 74.6381 5.80699 6
    endloop
  endfacet
  facet normal 0 0 1
    outer loop
      vertex 74.1582 4.22487 6
      vertex 74.6381 5.80699 6
      vertex 74.5234 5.84804 6
    endloop
  endfacet
  facet normal 0 0 1
    outer loop
      vertex 73.8902 4.32075 6
      vertex 74.5234 5.84804 6
      vertex 74.5229 5.84821 6
    endloop
  endfacet
  facet normal 0 0 1
    outer loop
      vertex 73.8902 4.32075 6
      vertex 74.5229 5.84821 6
      vertex 74.5225 5.84842 6
    endloop
  endfacet
  facet normal 0 0 1
    outer loop
      vertex 74.7573 5.77719 6
      vertex 74.4342 4.15572 6
      vertex 74.7158 4.11396 6
    endloop
  endfacet
  facet normal 0 0 1
    outer loop
      vertex 73.8902 4.32075 6
      vertex 74.5225 5.84842 6
      vertex 74.4123 5.90052 6
    endloop
  endfacet
  facet normal 0 0 1
    outer loop
      vertex 73.6329 4.44243 6
      vertex 74.4123 5.90052 6
      vertex 74.3078 5.96317 6
    endloop
  endfacet
  facet normal 0 0 1
    outer loop
      vertex 73.3888 4.58874 6
      vertex 74.3078 5.96317 6
      vertex 74.3074 5.96342 6
    endloop
  endfacet
  facet normal 0 0 1
    outer loop
      vertex 73.3888 4.58874 6
      vertex 74.3074 5.96342 6
      vertex 74.307 5.96371 6
    endloop
  endfacet
  facet normal 0 0 1
    outer loop
      vertex 73.3888 4.58874 6
      vertex 74.307 5.96371 6
      vertex 74.2091 6.0363 6
    endloop
  endfacet
  facet normal 0 0 1
    outer loop
      vertex 74.6381 5.80699 6
      vertex 74.1582 4.22487 6
      vertex 74.4342 4.15572 6
    endloop
  endfacet
  facet normal 0 0 1
    outer loop
      vertex 73.1603 4.75827 6
      vertex 74.2091 6.0363 6
      vertex 74.1188 6.11813 6
    endloop
  endfacet
  facet normal 0 0 1
    outer loop
      vertex 72.9494 4.94939 6
      vertex 74.1188 6.11813 6
      vertex 74.1185 6.11846 6
    endloop
  endfacet
  facet normal 0 0 1
    outer loop
      vertex 72.9494 4.94939 6
      vertex 74.1185 6.11846 6
      vertex 74.1181 6.11882 6
    endloop
  endfacet
  facet normal 0 0 1
    outer loop
      vertex 72.9494 4.94939 6
      vertex 74.1181 6.11882 6
      vertex 74.0363 6.20911 6
    endloop
  endfacet
  facet normal 0 0 1
    outer loop
      vertex 72.7583 5.16026 6
      vertex 74.0363 6.20911 6
      vertex 73.9637 6.30698 6
    endloop
  endfacet
  facet normal 0 0 1
    outer loop
      vertex 72.5887 5.38885 6
      vertex 73.9637 6.30698 6
      vertex 73.9634 6.30738 6
    endloop
  endfacet
  facet normal 0 0 1
    outer loop
      vertex 72.5887 5.38885 6
      vertex 73.9634 6.30738 6
      vertex 73.9632 6.30779 6
    endloop
  endfacet
  facet normal 0 0 1
    outer loop
      vertex 72.5887 5.38885 6
      vertex 73.9632 6.30779 6
      vertex 73.9005 6.41231 6
    endloop
  endfacet
  facet normal 0 0 1
    outer loop
      vertex 74.5234 5.84804 6
      vertex 73.8902 4.32075 6
      vertex 74.1582 4.22487 6
    endloop
  endfacet
  facet normal 0 0 1
    outer loop
      vertex 72.4424 5.63295 6
      vertex 73.9005 6.41231 6
      vertex 73.8484 6.52247 6
    endloop
  endfacet
  facet normal 0 0 1
    outer loop
      vertex 72.3207 5.89022 6
      vertex 73.8484 6.52247 6
      vertex 73.8482 6.52291 6
    endloop
  endfacet
  facet normal 0 0 1
    outer loop
      vertex 72.3207 5.89022 6
      vertex 73.8482 6.52291 6
      vertex 73.848 6.52337 6
    endloop
  endfacet
  facet normal 0 0 1
    outer loop
      vertex 72.3207 5.89022 6
      vertex 73.848 6.52337 6
      vertex 73.807 6.63811 6
    endloop
  endfacet
  facet normal 0 0 1
    outer loop
      vertex 72.2249 6.15817 6
      vertex 73.807 6.63811 6
      vertex 73.7774 6.75631 6
    endloop
  endfacet
  facet normal 0 0 1
    outer loop
      vertex 72.1557 6.43424 6
      vertex 73.7774 6.75631 6
      vertex 73.7773 6.75678 6
    endloop
  endfacet
  facet normal 0 0 1
    outer loop
      vertex 72.1557 6.43424 6
      vertex 73.7773 6.75678 6
      vertex 73.7772 6.75727 6
    endloop
  endfacet
  facet normal 0 0 1
    outer loop
      vertex 72.1557 6.43424 6
      vertex 73.7772 6.75727 6
      vertex 73.7593 6.8778 6
    endloop
  endfacet
  facet normal 0 0 1
    outer loop
      vertex 73.848 7.47663 6
      vertex 72.3207 8.10978 6
      vertex 73.807 7.36189 6
    endloop
  endfacet
  facet normal 0 0 1
    outer loop
      vertex 74.4123 5.90052 6
      vertex 73.6329 4.44243 6
      vertex 73.8902 4.32075 6
    endloop
  endfacet
  facet normal 0 0 1
    outer loop
      vertex 72.114 6.71575 6
      vertex 73.7593 6.8778 6
      vertex 73.7533 6.99951 6
    endloop
  endfacet
  facet normal -0 0 1
    outer loop
      vertex 72.2249 7.84183 6
      vertex 73.807 7.36189 6
      vertex 72.3207 8.10978 6
    endloop
  endfacet
  facet normal 0 0 1
    outer loop
      vertex 73.807 7.36189 6
      vertex 72.2249 7.84183 6
      vertex 73.7774 7.24369 6
    endloop
  endfacet
  facet normal 0 0 1
    outer loop
      vertex 74.3078 5.96317 6
      vertex 73.3888 4.58874 6
      vertex 73.6329 4.44243 6
    endloop
  endfacet
  facet normal -0 0 1
    outer loop
      vertex 72.1557 7.56576 6
      vertex 73.7774 7.24369 6
      vertex 72.2249 7.84183 6
    endloop
  endfacet
  facet normal 0 0 1
    outer loop
      vertex 74.2091 6.0363 6
      vertex 73.1603 4.75827 6
      vertex 73.3888 4.58874 6
    endloop
  endfacet
  facet normal 0 0 1
    outer loop
      vertex 73.7774 7.24369 6
      vertex 72.1557 7.56576 6
      vertex 73.7773 7.24322 6
    endloop
  endfacet
  facet normal 0 0 1
    outer loop
      vertex 74.1188 6.11813 6
      vertex 72.9494 4.94939 6
      vertex 73.1603 4.75827 6
    endloop
  endfacet
  facet normal 0 0 1
    outer loop
      vertex 73.7773 7.24322 6
      vertex 72.1557 7.56576 6
      vertex 73.7772 7.24273 6
    endloop
  endfacet
  facet normal 0 0 1
    outer loop
      vertex 74.0363 6.20911 6
      vertex 72.7583 5.16026 6
      vertex 72.9494 4.94939 6
    endloop
  endfacet
  facet normal 0 0 1
    outer loop
      vertex 73.7772 7.24273 6
      vertex 72.1557 7.56576 6
      vertex 73.7593 7.1222 6
    endloop
  endfacet
  facet normal 0 0 1
    outer loop
      vertex 73.9637 6.30698 6
      vertex 72.5887 5.38885 6
      vertex 72.7583 5.16026 6
    endloop
  endfacet
  facet normal -0 0 1
    outer loop
      vertex 72.114 7.28425 6
      vertex 73.7593 7.1222 6
      vertex 72.1557 7.56576 6
    endloop
  endfacet
  facet normal 0 0 1
    outer loop
      vertex 73.9005 6.41231 6
      vertex 72.4424 5.63295 6
      vertex 72.5887 5.38885 6
    endloop
  endfacet
  facet normal 0 0 1
    outer loop
      vertex 73.7593 7.1222 6
      vertex 72.114 7.28425 6
      vertex 73.7533 7.00049 6
    endloop
  endfacet
  facet normal 0 0 1
    outer loop
      vertex 73.8484 6.52247 6
      vertex 72.3207 5.89022 6
      vertex 72.4424 5.63295 6
    endloop
  endfacet
  facet normal 0 0 1
    outer loop
      vertex 72.1 7 6
      vertex 73.7533 7.00049 6
      vertex 72.114 7.28425 6
    endloop
  endfacet
  facet normal 0 0 1
    outer loop
      vertex 73.807 6.63811 6
      vertex 72.2249 6.15817 6
      vertex 72.3207 5.89022 6
    endloop
  endfacet
  facet normal 0 0 1
    outer loop
      vertex 73.7533 7.00049 6
      vertex 72.1 7 6
      vertex 73.7533 7 6
    endloop
  endfacet
  facet normal 0 0 1
    outer loop
      vertex 73.7774 6.75631 6
      vertex 72.1557 6.43424 6
      vertex 72.2249 6.15817 6
    endloop
  endfacet
  facet normal 0 0 1
    outer loop
      vertex 73.7533 7 6
      vertex 72.1 7 6
      vertex 73.7533 6.99951 6
    endloop
  endfacet
  facet normal 0 0 1
    outer loop
      vertex 73.7593 6.8778 6
      vertex 72.114 6.71575 6
      vertex 72.1557 6.43424 6
    endloop
  endfacet
  facet normal 0 0 1
    outer loop
      vertex 73.7533 6.99951 6
      vertex 72.1 7 6
      vertex 72.114 6.71575 6
    endloop
  endfacet
  facet normal -0.740989 0.671518 0
    outer loop
      vertex 72.7583 8.83974 2
      vertex 72.9494 9.05061 6
      vertex 72.9494 9.05061 2
    endloop
  endfacet
  facet normal -0.740989 0.671518 0
    outer loop
      vertex 72.9494 9.05061 6
      vertex 72.7583 8.83974 2
      vertex 72.7583 8.83974 6
    endloop
  endfacet
  facet normal -0.243032 -0.970018 0
    outer loop
      vertex 74.1582 4.22487 2
      vertex 74.4342 4.15572 6
      vertex 74.1582 4.22487 6
    endloop
  endfacet
  facet normal -0.243032 -0.970018 -0
    outer loop
      vertex 74.4342 4.15572 6
      vertex 74.1582 4.22487 2
      vertex 74.4342 4.15572 2
    endloop
  endfacet
  facet normal 0.146691 -0.989182 0
    outer loop
      vertex 75.2842 4.11396 2
      vertex 75.5658 4.15572 6
      vertex 75.2842 4.11396 6
    endloop
  endfacet
  facet normal 0.146691 -0.989182 0
    outer loop
      vertex 75.5658 4.15572 6
      vertex 75.2842 4.11396 2
      vertex 75.5658 4.15572 2
    endloop
  endfacet
  facet normal -0.857741 -0.514082 0
    outer loop
      vertex 72.5887 5.38885 2
      vertex 72.4424 5.63295 6
      vertex 72.4424 5.63295 2
    endloop
  endfacet
  facet normal -0.857741 -0.514082 0
    outer loop
      vertex 72.4424 5.63295 6
      vertex 72.5887 5.38885 2
      vertex 72.5887 5.38885 6
    endloop
  endfacet
  facet normal 0.243032 0.970018 -0
    outer loop
      vertex 75.8418 9.77513 2
      vertex 75.5658 9.84428 6
      vertex 75.8418 9.77513 6
    endloop
  endfacet
  facet normal 0.243032 0.970018 0
    outer loop
      vertex 75.5658 9.84428 6
      vertex 75.8418 9.77513 2
      vertex 75.5658 9.84428 2
    endloop
  endfacet
  facet normal -0.969991 -0.243139 0
    outer loop
      vertex 72.2249 6.15817 2
      vertex 72.1557 6.43424 6
      vertex 72.1557 6.43424 2
    endloop
  endfacet
  facet normal -0.969991 -0.243139 0
    outer loop
      vertex 72.1557 6.43424 6
      vertex 72.2249 6.15817 2
      vertex 72.2249 6.15817 6
    endloop
  endfacet
  facet normal -0.0490612 -0.998796 0
    outer loop
      vertex 74.7158 4.11396 2
      vertex 75 4.1 6
      vertex 74.7158 4.11396 6
    endloop
  endfacet
  facet normal -0.0490612 -0.998796 -0
    outer loop
      vertex 75 4.1 6
      vertex 74.7158 4.11396 2
      vertex 75 4.1 2
    endloop
  endfacet
  facet normal 0.595842 -0.803102 0
    outer loop
      vertex 76.6112 4.58874 2
      vertex 76.8397 4.75827 6
      vertex 76.6112 4.58874 6
    endloop
  endfacet
  facet normal 0.595842 -0.803102 0
    outer loop
      vertex 76.8397 4.75827 6
      vertex 76.6112 4.58874 2
      vertex 76.8397 4.75827 2
    endloop
  endfacet
  facet normal -0.336853 -0.941557 0
    outer loop
      vertex 73.8902 4.32075 2
      vertex 74.1582 4.22487 6
      vertex 73.8902 4.32075 6
    endloop
  endfacet
  facet normal -0.336853 -0.941557 -0
    outer loop
      vertex 74.1582 4.22487 6
      vertex 73.8902 4.32075 2
      vertex 74.1582 4.22487 2
    endloop
  endfacet
  facet normal -0.595842 -0.803102 0
    outer loop
      vertex 73.1603 4.75827 2
      vertex 73.3888 4.58874 6
      vertex 73.1603 4.75827 6
    endloop
  endfacet
  facet normal -0.595842 -0.803102 -0
    outer loop
      vertex 73.3888 4.58874 6
      vertex 73.1603 4.75827 2
      vertex 73.3888 4.58874 2
    endloop
  endfacet
  facet normal -0.671504 -0.741001 0
    outer loop
      vertex 72.9494 4.94939 2
      vertex 73.1603 4.75827 6
      vertex 72.9494 4.94939 6
    endloop
  endfacet
  facet normal -0.671504 -0.741001 -0
    outer loop
      vertex 73.1603 4.75827 6
      vertex 72.9494 4.94939 2
      vertex 73.1603 4.75827 2
    endloop
  endfacet
  facet normal -0.998789 -0.0491928 0
    outer loop
      vertex 72.114 6.71575 2
      vertex 72.1 7 6
      vertex 72.1 7 2
    endloop
  endfacet
  facet normal -0.998789 -0.0491928 0
    outer loop
      vertex 72.1 7 6
      vertex 72.114 6.71575 2
      vertex 72.114 6.71575 6
    endloop
  endfacet
  facet normal -0.903962 0.427614 0
    outer loop
      vertex 72.3207 8.10978 2
      vertex 72.4424 8.36705 6
      vertex 72.4424 8.36705 2
    endloop
  endfacet
  facet normal -0.903962 0.427614 0
    outer loop
      vertex 72.4424 8.36705 6
      vertex 72.3207 8.10978 2
      vertex 72.3207 8.10978 6
    endloop
  endfacet
  facet normal -0.740989 -0.671518 0
    outer loop
      vertex 72.9494 4.94939 2
      vertex 72.7583 5.16026 6
      vertex 72.7583 5.16026 2
    endloop
  endfacet
  facet normal -0.740989 -0.671518 0
    outer loop
      vertex 72.7583 5.16026 6
      vertex 72.9494 4.94939 2
      vertex 72.9494 4.94939 6
    endloop
  endfacet
  facet normal -0.427515 -0.904008 0
    outer loop
      vertex 73.6329 4.44243 2
      vertex 73.8902 4.32075 6
      vertex 73.6329 4.44243 6
    endloop
  endfacet
  facet normal -0.427515 -0.904008 -0
    outer loop
      vertex 73.8902 4.32075 6
      vertex 73.6329 4.44243 2
      vertex 73.8902 4.32075 2
    endloop
  endfacet
  facet normal -0.941627 0.336659 0
    outer loop
      vertex 72.2249 7.84183 2
      vertex 72.3207 8.10978 6
      vertex 72.3207 8.10978 2
    endloop
  endfacet
  facet normal -0.941627 0.336659 0
    outer loop
      vertex 72.3207 8.10978 6
      vertex 72.2249 7.84183 2
      vertex 72.2249 7.84183 6
    endloop
  endfacet
  facet normal 0.989205 0.146536 0
    outer loop
      vertex 77.886 35.8843 6
      vertex 77.8443 36.1658 2
      vertex 77.8443 36.1658 6
    endloop
  endfacet
  facet normal 0.989205 0.146536 0
    outer loop
      vertex 77.8443 36.1658 2
      vertex 77.886 35.8843 6
      vertex 77.886 35.8843 2
    endloop
  endfacet
  facet normal 0.99879 0.0491842 0
    outer loop
      vertex 77.9 35.6 6
      vertex 77.886 35.8843 2
      vertex 77.886 35.8843 6
    endloop
  endfacet
  facet normal 0.99879 0.0491842 0
    outer loop
      vertex 77.886 35.8843 2
      vertex 77.9 35.6 6
      vertex 77.9 35.6 2
    endloop
  endfacet
  facet normal 0.969977 0.243197 0
    outer loop
      vertex 77.8443 36.1658 6
      vertex 77.7751 36.4418 2
      vertex 77.7751 36.4418 6
    endloop
  endfacet
  facet normal 0.969977 0.243197 0
    outer loop
      vertex 77.7751 36.4418 2
      vertex 77.8443 36.1658 6
      vertex 77.8443 36.1658 2
    endloop
  endfacet
  facet normal 0.146485 0.989213 -0
    outer loop
      vertex 75.5658 38.4443 2
      vertex 75.2842 38.486 6
      vertex 75.5658 38.4443 6
    endloop
  endfacet
  facet normal 0.146485 0.989213 0
    outer loop
      vertex 75.2842 38.486 6
      vertex 75.5658 38.4443 2
      vertex 75.2842 38.486 2
    endloop
  endfacet
  facet normal 0.0492014 0.998789 -0
    outer loop
      vertex 75.2842 38.486 2
      vertex 75 38.5 6
      vertex 75.2842 38.486 6
    endloop
  endfacet
  facet normal 0.0492014 0.998789 0
    outer loop
      vertex 75 38.5 6
      vertex 75.2842 38.486 2
      vertex 75 38.5 2
    endloop
  endfacet
  facet normal 0.998789 -0.0492014 0
    outer loop
      vertex 77.886 35.3158 6
      vertex 77.9 35.6 2
      vertex 77.9 35.6 6
    endloop
  endfacet
  facet normal 0.998789 -0.0492014 0
    outer loop
      vertex 77.9 35.6 2
      vertex 77.886 35.3158 6
      vertex 77.886 35.3158 2
    endloop
  endfacet
  facet normal 0.857834 0.513927 0
    outer loop
      vertex 77.5576 36.967 6
      vertex 77.4113 37.2112 2
      vertex 77.4113 37.2112 6
    endloop
  endfacet
  facet normal 0.857834 0.513927 0
    outer loop
      vertex 77.4113 37.2112 2
      vertex 77.5576 36.967 6
      vertex 77.5576 36.967 2
    endloop
  endfacet
  facet normal -0.596 -0.802984 0
    outer loop
      vertex 73.1603 33.3583 2
      vertex 73.3888 33.1887 6
      vertex 73.1603 33.3583 6
    endloop
  endfacet
  facet normal -0.596 -0.802984 -0
    outer loop
      vertex 73.3888 33.1887 6
      vertex 73.1603 33.3583 2
      vertex 73.3888 33.1887 2
    endloop
  endfacet
  facet normal -0.969977 -0.243197 0
    outer loop
      vertex 72.2249 34.7582 2
      vertex 72.1557 35.0342 6
      vertex 72.1557 35.0342 2
    endloop
  endfacet
  facet normal -0.969977 -0.243197 0
    outer loop
      vertex 72.1557 35.0342 6
      vertex 72.2249 34.7582 2
      vertex 72.2249 34.7582 6
    endloop
  endfacet
  facet normal 0.741036 0.671465 0
    outer loop
      vertex 77.2417 37.4397 6
      vertex 77.0506 37.6506 2
      vertex 77.0506 37.6506 6
    endloop
  endfacet
  facet normal 0.741036 0.671465 0
    outer loop
      vertex 77.0506 37.6506 2
      vertex 77.2417 37.4397 6
      vertex 77.2417 37.4397 2
    endloop
  endfacet
  facet normal -0.596 0.802984 0
    outer loop
      vertex 73.3888 38.0113 2
      vertex 73.1603 37.8417 6
      vertex 73.3888 38.0113 6
    endloop
  endfacet
  facet normal -0.596 0.802984 0
    outer loop
      vertex 73.1603 37.8417 6
      vertex 73.3888 38.0113 2
      vertex 73.1603 37.8417 2
    endloop
  endfacet
  facet normal -0.146485 -0.989213 0
    outer loop
      vertex 74.4342 32.7557 2
      vertex 74.7158 32.714 6
      vertex 74.4342 32.7557 6
    endloop
  endfacet
  facet normal -0.146485 -0.989213 -0
    outer loop
      vertex 74.7158 32.714 6
      vertex 74.4342 32.7557 2
      vertex 74.7158 32.714 2
    endloop
  endfacet
  facet normal 0.336603 -0.941646 0
    outer loop
      vertex 75.8418 32.8249 2
      vertex 76.1098 32.9207 6
      vertex 75.8418 32.8249 6
    endloop
  endfacet
  facet normal 0.336603 -0.941646 0
    outer loop
      vertex 76.1098 32.9207 6
      vertex 75.8418 32.8249 2
      vertex 76.1098 32.9207 2
    endloop
  endfacet
  facet normal -0.802984 -0.596 0
    outer loop
      vertex 72.7583 33.7603 2
      vertex 72.5887 33.9888 6
      vertex 72.5887 33.9888 2
    endloop
  endfacet
  facet normal -0.802984 -0.596 0
    outer loop
      vertex 72.5887 33.9888 6
      vertex 72.7583 33.7603 2
      vertex 72.7583 33.7603 6
    endloop
  endfacet
  facet normal 0.857741 -0.514082 0
    outer loop
      vertex 77.4113 33.9888 6
      vertex 77.5576 34.2329 2
      vertex 77.5576 34.2329 6
    endloop
  endfacet
  facet normal 0.857741 -0.514082 0
    outer loop
      vertex 77.5576 34.2329 2
      vertex 77.4113 33.9888 6
      vertex 77.4113 33.9888 2
    endloop
  endfacet
  facet normal 0.514082 -0.857741 0
    outer loop
      vertex 76.3671 33.0424 2
      vertex 76.6112 33.1887 6
      vertex 76.3671 33.0424 6
    endloop
  endfacet
  facet normal 0.514082 -0.857741 0
    outer loop
      vertex 76.6112 33.1887 6
      vertex 76.3671 33.0424 2
      vertex 76.6112 33.1887 2
    endloop
  endfacet
  facet normal -0.514082 0.857741 0
    outer loop
      vertex 73.6329 38.1576 2
      vertex 73.3888 38.0113 6
      vertex 73.6329 38.1576 6
    endloop
  endfacet
  facet normal -0.514082 0.857741 0
    outer loop
      vertex 73.3888 38.0113 6
      vertex 73.6329 38.1576 2
      vertex 73.3888 38.0113 2
    endloop
  endfacet
  facet normal -0.146485 0.989213 0
    outer loop
      vertex 74.7158 38.486 2
      vertex 74.4342 38.4443 6
      vertex 74.7158 38.486 6
    endloop
  endfacet
  facet normal -0.146485 0.989213 0
    outer loop
      vertex 74.4342 38.4443 6
      vertex 74.7158 38.486 2
      vertex 74.4342 38.4443 2
    endloop
  endfacet
  facet normal 0.941646 0.336603 0
    outer loop
      vertex 77.7751 36.4418 6
      vertex 77.6793 36.7098 2
      vertex 77.6793 36.7098 6
    endloop
  endfacet
  facet normal 0.941646 0.336603 0
    outer loop
      vertex 77.6793 36.7098 2
      vertex 77.7751 36.4418 6
      vertex 77.7751 36.4418 2
    endloop
  endfacet
  facet normal -0 0 1
    outer loop
      vertex 76.2467 35.6005 6
      vertex 77.9 35.6 6
      vertex 77.886 35.8843 6
    endloop
  endfacet
  facet normal 0 0 1
    outer loop
      vertex 76.2407 35.7222 6
      vertex 77.886 35.8843 6
      vertex 77.8443 36.1658 6
    endloop
  endfacet
  facet normal 0 0 1
    outer loop
      vertex 77.9 35.6 6
      vertex 76.2467 35.6005 6
      vertex 76.2467 35.6 6
    endloop
  endfacet
  facet normal 0 0 1
    outer loop
      vertex 76.2226 35.8437 6
      vertex 77.8443 36.1658 6
      vertex 77.7751 36.4418 6
    endloop
  endfacet
  facet normal 0 0 1
    outer loop
      vertex 76.2467 35.5995 6
      vertex 77.9 35.6 6
      vertex 76.2467 35.6 6
    endloop
  endfacet
  facet normal 0 0 1
    outer loop
      vertex 76.1928 35.9624 6
      vertex 77.7751 36.4418 6
      vertex 77.6793 36.7098 6
    endloop
  endfacet
  facet normal 0 0 1
    outer loop
      vertex 77.9 35.6 6
      vertex 76.2467 35.5995 6
      vertex 77.886 35.3158 6
    endloop
  endfacet
  facet normal 0 0 1
    outer loop
      vertex 76.1516 36.0775 6
      vertex 77.6793 36.7098 6
      vertex 77.5576 36.967 6
    endloop
  endfacet
  facet normal -0 0 1
    outer loop
      vertex 76.2407 35.4778 6
      vertex 77.886 35.3158 6
      vertex 76.2467 35.5995 6
    endloop
  endfacet
  facet normal 0 0 1
    outer loop
      vertex 76.0995 36.1877 6
      vertex 77.5576 36.967 6
      vertex 77.4113 37.2112 6
    endloop
  endfacet
  facet normal 0 0 1
    outer loop
      vertex 77.886 35.3158 6
      vertex 76.2407 35.4778 6
      vertex 77.8443 35.0342 6
    endloop
  endfacet
  facet normal 0 0 1
    outer loop
      vertex 76.0366 36.2926 6
      vertex 77.4113 37.2112 6
      vertex 77.2417 37.4397 6
    endloop
  endfacet
  facet normal -0 0 1
    outer loop
      vertex 76.2228 35.3573 6
      vertex 77.8443 35.0342 6
      vertex 76.2407 35.4778 6
    endloop
  endfacet
  facet normal 0 0 1
    outer loop
      vertex 75.9634 36.3913 6
      vertex 77.2417 37.4397 6
      vertex 77.0506 37.6506 6
    endloop
  endfacet
  facet normal -0 0 1
    outer loop
      vertex 76.2227 35.3568 6
      vertex 77.8443 35.0342 6
      vertex 76.2228 35.3573 6
    endloop
  endfacet
  facet normal 0 0 1
    outer loop
      vertex 75.8812 36.4819 6
      vertex 77.0506 37.6506 6
      vertex 76.8397 37.8417 6
    endloop
  endfacet
  facet normal -0 0 1
    outer loop
      vertex 76.2226 35.3563 6
      vertex 77.8443 35.0342 6
      vertex 76.2227 35.3568 6
    endloop
  endfacet
  facet normal 0 0 1
    outer loop
      vertex 75.7909 36.5637 6
      vertex 76.8397 37.8417 6
      vertex 76.6112 38.0113 6
    endloop
  endfacet
  facet normal 0 0 1
    outer loop
      vertex 77.8443 35.0342 6
      vertex 76.2226 35.3563 6
      vertex 77.7751 34.7582 6
    endloop
  endfacet
  facet normal 0 0 1
    outer loop
      vertex 75.6922 36.6368 6
      vertex 76.6112 38.0113 6
      vertex 76.3671 38.1576 6
    endloop
  endfacet
  facet normal 0 0 1
    outer loop
      vertex 77.7751 34.7582 6
      vertex 76.193 35.2381 6
      vertex 77.6793 34.4902 6
    endloop
  endfacet
  facet normal -0 0 1
    outer loop
      vertex 76.152 35.1234 6
      vertex 77.6793 34.4902 6
      vertex 76.193 35.2381 6
    endloop
  endfacet
  facet normal -0 0 1
    outer loop
      vertex 76.193 35.2381 6
      vertex 77.7751 34.7582 6
      vertex 76.2226 35.3563 6
    endloop
  endfacet
  facet normal 0 0 1
    outer loop
      vertex 77.886 35.8843 6
      vertex 76.2407 35.7222 6
      vertex 76.2467 35.6005 6
    endloop
  endfacet
  facet normal 0 0 1
    outer loop
      vertex 77.8443 36.1658 6
      vertex 76.2228 35.8427 6
      vertex 76.2407 35.7222 6
    endloop
  endfacet
  facet normal 0 0 1
    outer loop
      vertex 77.8443 36.1658 6
      vertex 76.2227 35.8432 6
      vertex 76.2228 35.8427 6
    endloop
  endfacet
  facet normal 0 0 1
    outer loop
      vertex 77.8443 36.1658 6
      vertex 76.2226 35.8437 6
      vertex 76.2227 35.8432 6
    endloop
  endfacet
  facet normal 0 0 1
    outer loop
      vertex 77.7751 36.4418 6
      vertex 76.193 35.9619 6
      vertex 76.2226 35.8437 6
    endloop
  endfacet
  facet normal 0 0 1
    outer loop
      vertex 77.7751 36.4418 6
      vertex 76.1928 35.9624 6
      vertex 76.193 35.9619 6
    endloop
  endfacet
  facet normal 0 0 1
    outer loop
      vertex 77.6793 36.7098 6
      vertex 76.1518 36.0771 6
      vertex 76.1928 35.9624 6
    endloop
  endfacet
  facet normal 0 0 1
    outer loop
      vertex 77.6793 36.7098 6
      vertex 76.1516 36.0775 6
      vertex 76.1518 36.0771 6
    endloop
  endfacet
  facet normal 0 0 1
    outer loop
      vertex 75.5872 36.6997 6
      vertex 76.3671 38.1576 6
      vertex 76.1098 38.2793 6
    endloop
  endfacet
  facet normal 0 0 1
    outer loop
      vertex 77.5576 36.967 6
      vertex 76.0995 36.1877 6
      vertex 76.1516 36.0775 6
    endloop
  endfacet
  facet normal 0 0 1
    outer loop
      vertex 77.4113 37.2112 6
      vertex 76.0368 36.2922 6
      vertex 76.0995 36.1877 6
    endloop
  endfacet
  facet normal 0 0 1
    outer loop
      vertex 77.4113 37.2112 6
      vertex 76.0366 36.2926 6
      vertex 76.0368 36.2922 6
    endloop
  endfacet
  facet normal 0 0 1
    outer loop
      vertex 77.2417 37.4397 6
      vertex 75.964 36.3905 6
      vertex 76.0366 36.2926 6
    endloop
  endfacet
  facet normal 0 0 1
    outer loop
      vertex 77.2417 37.4397 6
      vertex 75.9637 36.3909 6
      vertex 75.964 36.3905 6
    endloop
  endfacet
  facet normal 0 0 1
    outer loop
      vertex 77.2417 37.4397 6
      vertex 75.9634 36.3913 6
      vertex 75.9637 36.3909 6
    endloop
  endfacet
  facet normal 0 0 1
    outer loop
      vertex 77.0506 37.6506 6
      vertex 75.8815 36.4815 6
      vertex 75.9634 36.3913 6
    endloop
  endfacet
  facet normal 0 0 1
    outer loop
      vertex 77.0506 37.6506 6
      vertex 75.8812 36.4819 6
      vertex 75.8815 36.4815 6
    endloop
  endfacet
  facet normal 0 0 1
    outer loop
      vertex 75.4771 36.7518 6
      vertex 76.1098 38.2793 6
      vertex 75.8418 38.3751 6
    endloop
  endfacet
  facet normal 0 0 1
    outer loop
      vertex 76.8397 37.8417 6
      vertex 75.7909 36.5637 6
      vertex 75.8812 36.4819 6
    endloop
  endfacet
  facet normal 0 0 1
    outer loop
      vertex 76.6112 38.0113 6
      vertex 75.693 36.6363 6
      vertex 75.7909 36.5637 6
    endloop
  endfacet
  facet normal 0 0 1
    outer loop
      vertex 76.6112 38.0113 6
      vertex 75.6926 36.6366 6
      vertex 75.693 36.6363 6
    endloop
  endfacet
  facet normal 0 0 1
    outer loop
      vertex 76.6112 38.0113 6
      vertex 75.6922 36.6368 6
      vertex 75.6926 36.6366 6
    endloop
  endfacet
  facet normal 0 0 1
    outer loop
      vertex 76.3671 38.1576 6
      vertex 75.5877 36.6995 6
      vertex 75.6922 36.6368 6
    endloop
  endfacet
  facet normal 0 0 1
    outer loop
      vertex 76.3671 38.1576 6
      vertex 75.5872 36.6997 6
      vertex 75.5877 36.6995 6
    endloop
  endfacet
  facet normal 0 0 1
    outer loop
      vertex 75.3619 36.793 6
      vertex 75.8418 38.3751 6
      vertex 75.5658 38.4443 6
    endloop
  endfacet
  facet normal 0 0 1
    outer loop
      vertex 76.1098 38.2793 6
      vertex 75.4771 36.7518 6
      vertex 75.5872 36.6997 6
    endloop
  endfacet
  facet normal 0 0 1
    outer loop
      vertex 75.8418 38.3751 6
      vertex 75.3624 36.7928 6
      vertex 75.4771 36.7518 6
    endloop
  endfacet
  facet normal 0 0 1
    outer loop
      vertex 75.8418 38.3751 6
      vertex 75.3619 36.793 6
      vertex 75.3624 36.7928 6
    endloop
  endfacet
  facet normal 0 0 1
    outer loop
      vertex 75.2432 36.8227 6
      vertex 75.5658 38.4443 6
      vertex 75.2842 38.486 6
    endloop
  endfacet
  facet normal 0 0 1
    outer loop
      vertex 75.5658 38.4443 6
      vertex 75.2437 36.8226 6
      vertex 75.3619 36.793 6
    endloop
  endfacet
  facet normal 0 0 1
    outer loop
      vertex 75.5658 38.4443 6
      vertex 75.2432 36.8227 6
      vertex 75.2437 36.8226 6
    endloop
  endfacet
  facet normal 0 0 1
    outer loop
      vertex 75.2842 38.486 6
      vertex 75.1227 36.8406 6
      vertex 75.2432 36.8227 6
    endloop
  endfacet
  facet normal 0 0 1
    outer loop
      vertex 75.2842 38.486 6
      vertex 75.1222 36.8407 6
      vertex 75.1227 36.8406 6
    endloop
  endfacet
  facet normal 0 0 1
    outer loop
      vertex 75.2842 38.486 6
      vertex 75.1217 36.8407 6
      vertex 75.1222 36.8407 6
    endloop
  endfacet
  facet normal 0 0 1
    outer loop
      vertex 75 38.5 6
      vertex 75.1217 36.8407 6
      vertex 75.2842 38.486 6
    endloop
  endfacet
  facet normal 0 0 1
    outer loop
      vertex 75 38.5 6
      vertex 75 36.8467 6
      vertex 75.1217 36.8407 6
    endloop
  endfacet
  facet normal 0 0 1
    outer loop
      vertex 75 38.5 6
      vertex 74.8783 36.8407 6
      vertex 75 36.8467 6
    endloop
  endfacet
  facet normal -0 0 1
    outer loop
      vertex 74.7158 38.486 6
      vertex 74.8783 36.8407 6
      vertex 75 38.5 6
    endloop
  endfacet
  facet normal 0 0 1
    outer loop
      vertex 74.8783 36.8407 6
      vertex 74.7158 38.486 6
      vertex 74.8778 36.8407 6
    endloop
  endfacet
  facet normal 0 0 1
    outer loop
      vertex 74.8778 36.8407 6
      vertex 74.7158 38.486 6
      vertex 74.8773 36.8406 6
    endloop
  endfacet
  facet normal 0 0 1
    outer loop
      vertex 74.8773 36.8406 6
      vertex 74.7158 38.486 6
      vertex 74.7568 36.8227 6
    endloop
  endfacet
  facet normal -0 0 1
    outer loop
      vertex 74.4342 38.4443 6
      vertex 74.7568 36.8227 6
      vertex 74.7158 38.486 6
    endloop
  endfacet
  facet normal 0 0 1
    outer loop
      vertex 74.7568 36.8227 6
      vertex 74.4342 38.4443 6
      vertex 74.7563 36.8226 6
    endloop
  endfacet
  facet normal 0 0 1
    outer loop
      vertex 74.7563 36.8226 6
      vertex 74.4342 38.4443 6
      vertex 74.6381 36.793 6
    endloop
  endfacet
  facet normal -0 0 1
    outer loop
      vertex 74.1582 38.3751 6
      vertex 74.6381 36.793 6
      vertex 74.4342 38.4443 6
    endloop
  endfacet
  facet normal 0 0 1
    outer loop
      vertex 74.6381 36.793 6
      vertex 74.1582 38.3751 6
      vertex 74.6376 36.7928 6
    endloop
  endfacet
  facet normal 0 0 1
    outer loop
      vertex 74.6376 36.7928 6
      vertex 74.1582 38.3751 6
      vertex 74.5229 36.7518 6
    endloop
  endfacet
  facet normal -0 0 1
    outer loop
      vertex 73.8902 38.2793 6
      vertex 74.5229 36.7518 6
      vertex 74.1582 38.3751 6
    endloop
  endfacet
  facet normal 0 0 1
    outer loop
      vertex 74.5229 36.7518 6
      vertex 73.8902 38.2793 6
      vertex 74.4128 36.6997 6
    endloop
  endfacet
  facet normal -0 0 1
    outer loop
      vertex 73.6329 38.1576 6
      vertex 74.4128 36.6997 6
      vertex 73.8902 38.2793 6
    endloop
  endfacet
  facet normal 0 0 1
    outer loop
      vertex 74.4128 36.6997 6
      vertex 73.6329 38.1576 6
      vertex 74.4123 36.6995 6
    endloop
  endfacet
  facet normal 0 0 1
    outer loop
      vertex 74.4123 36.6995 6
      vertex 73.6329 38.1576 6
      vertex 74.3078 36.6368 6
    endloop
  endfacet
  facet normal -0 0 1
    outer loop
      vertex 73.3888 38.0113 6
      vertex 74.3078 36.6368 6
      vertex 73.6329 38.1576 6
    endloop
  endfacet
  facet normal 0 0 1
    outer loop
      vertex 74.3078 36.6368 6
      vertex 73.3888 38.0113 6
      vertex 74.3074 36.6366 6
    endloop
  endfacet
  facet normal 0 0 1
    outer loop
      vertex 74.3074 36.6366 6
      vertex 73.3888 38.0113 6
      vertex 74.307 36.6363 6
    endloop
  endfacet
  facet normal 0 0 1
    outer loop
      vertex 74.307 36.6363 6
      vertex 73.3888 38.0113 6
      vertex 74.2091 36.5637 6
    endloop
  endfacet
  facet normal -0 0 1
    outer loop
      vertex 73.1603 37.8417 6
      vertex 74.2091 36.5637 6
      vertex 73.3888 38.0113 6
    endloop
  endfacet
  facet normal 0 0 1
    outer loop
      vertex 74.2091 36.5637 6
      vertex 73.1603 37.8417 6
      vertex 74.1188 36.4819 6
    endloop
  endfacet
  facet normal -0 0 1
    outer loop
      vertex 72.9494 37.6506 6
      vertex 74.1188 36.4819 6
      vertex 73.1603 37.8417 6
    endloop
  endfacet
  facet normal 0 0 1
    outer loop
      vertex 74.1188 36.4819 6
      vertex 72.9494 37.6506 6
      vertex 74.1185 36.4815 6
    endloop
  endfacet
  facet normal 0 0 1
    outer loop
      vertex 74.1185 36.4815 6
      vertex 72.9494 37.6506 6
      vertex 74.0366 36.3913 6
    endloop
  endfacet
  facet normal -0 0 1
    outer loop
      vertex 72.7583 37.4397 6
      vertex 74.0366 36.3913 6
      vertex 72.9494 37.6506 6
    endloop
  endfacet
  facet normal 0 0 1
    outer loop
      vertex 74.0366 36.3913 6
      vertex 72.7583 37.4397 6
      vertex 74.0363 36.3909 6
    endloop
  endfacet
  facet normal 0 0 1
    outer loop
      vertex 74.0363 36.3909 6
      vertex 72.7583 37.4397 6
      vertex 74.036 36.3905 6
    endloop
  endfacet
  facet normal 0 0 1
    outer loop
      vertex 74.036 36.3905 6
      vertex 72.7583 37.4397 6
      vertex 73.9634 36.2926 6
    endloop
  endfacet
  facet normal -0 0 1
    outer loop
      vertex 72.5887 37.2112 6
      vertex 73.9634 36.2926 6
      vertex 72.7583 37.4397 6
    endloop
  endfacet
  facet normal 0 0 1
    outer loop
      vertex 73.9634 36.2926 6
      vertex 72.5887 37.2112 6
      vertex 73.9632 36.2922 6
    endloop
  endfacet
  facet normal 0 0 1
    outer loop
      vertex 73.9632 36.2922 6
      vertex 72.5887 37.2112 6
      vertex 73.9005 36.1877 6
    endloop
  endfacet
  facet normal -0 0 1
    outer loop
      vertex 72.4424 36.967 6
      vertex 73.9005 36.1877 6
      vertex 72.5887 37.2112 6
    endloop
  endfacet
  facet normal 0 0 1
    outer loop
      vertex 73.9005 36.1877 6
      vertex 72.4424 36.967 6
      vertex 73.8484 36.0775 6
    endloop
  endfacet
  facet normal 0 0 1
    outer loop
      vertex 73.8482 36.0771 6
      vertex 72.3207 36.7098 6
      vertex 73.8072 35.9624 6
    endloop
  endfacet
  facet normal 0 0 1
    outer loop
      vertex 73.8484 36.0775 6
      vertex 72.3207 36.7098 6
      vertex 73.8482 36.0771 6
    endloop
  endfacet
  facet normal -0 0 1
    outer loop
      vertex 72.3207 36.7098 6
      vertex 73.8484 36.0775 6
      vertex 72.4424 36.967 6
    endloop
  endfacet
  facet normal -0 0 1
    outer loop
      vertex 76.1518 35.1229 6
      vertex 77.6793 34.4902 6
      vertex 76.152 35.1234 6
    endloop
  endfacet
  facet normal -0 0 1
    outer loop
      vertex 76.1516 35.1225 6
      vertex 77.6793 34.4902 6
      vertex 76.1518 35.1229 6
    endloop
  endfacet
  facet normal 0 0 1
    outer loop
      vertex 77.6793 34.4902 6
      vertex 76.1516 35.1225 6
      vertex 77.5576 34.2329 6
    endloop
  endfacet
  facet normal -0 0 1
    outer loop
      vertex 76.0995 35.0123 6
      vertex 77.5576 34.2329 6
      vertex 76.1516 35.1225 6
    endloop
  endfacet
  facet normal 0 0 1
    outer loop
      vertex 77.5576 34.2329 6
      vertex 76.0995 35.0123 6
      vertex 77.4113 33.9888 6
    endloop
  endfacet
  facet normal -0 0 1
    outer loop
      vertex 76.0368 34.9078 6
      vertex 77.4113 33.9888 6
      vertex 76.0995 35.0123 6
    endloop
  endfacet
  facet normal -0 0 1
    outer loop
      vertex 76.0366 34.9074 6
      vertex 77.4113 33.9888 6
      vertex 76.0368 34.9078 6
    endloop
  endfacet
  facet normal 0 0 1
    outer loop
      vertex 77.4113 33.9888 6
      vertex 76.0366 34.9074 6
      vertex 77.2417 33.7603 6
    endloop
  endfacet
  facet normal -0 0 1
    outer loop
      vertex 75.964 34.8095 6
      vertex 77.2417 33.7603 6
      vertex 76.0366 34.9074 6
    endloop
  endfacet
  facet normal -0 0 1
    outer loop
      vertex 75.9637 34.8091 6
      vertex 77.2417 33.7603 6
      vertex 75.964 34.8095 6
    endloop
  endfacet
  facet normal 0 0 1
    outer loop
      vertex 77.2417 33.7603 6
      vertex 75.9637 34.8091 6
      vertex 77.0506 33.5494 6
    endloop
  endfacet
  facet normal -0 0 1
    outer loop
      vertex 75.8819 34.7188 6
      vertex 77.0506 33.5494 6
      vertex 75.9637 34.8091 6
    endloop
  endfacet
  facet normal -0 0 1
    outer loop
      vertex 75.8815 34.7185 6
      vertex 77.0506 33.5494 6
      vertex 75.8819 34.7188 6
    endloop
  endfacet
  facet normal -0 0 1
    outer loop
      vertex 75.8812 34.7181 6
      vertex 77.0506 33.5494 6
      vertex 75.8815 34.7185 6
    endloop
  endfacet
  facet normal 0 0 1
    outer loop
      vertex 77.0506 33.5494 6
      vertex 75.8812 34.7181 6
      vertex 76.8397 33.3583 6
    endloop
  endfacet
  facet normal -0 0 1
    outer loop
      vertex 75.7909 34.6363 6
      vertex 76.8397 33.3583 6
      vertex 75.8812 34.7181 6
    endloop
  endfacet
  facet normal 0 0 1
    outer loop
      vertex 76.8397 33.3583 6
      vertex 75.7909 34.6363 6
      vertex 76.6112 33.1887 6
    endloop
  endfacet
  facet normal -0 0 1
    outer loop
      vertex 75.693 34.5637 6
      vertex 76.6112 33.1887 6
      vertex 75.7909 34.6363 6
    endloop
  endfacet
  facet normal -0 0 1
    outer loop
      vertex 75.6926 34.5634 6
      vertex 76.6112 33.1887 6
      vertex 75.693 34.5637 6
    endloop
  endfacet
  facet normal -0 0 1
    outer loop
      vertex 75.6922 34.5632 6
      vertex 76.6112 33.1887 6
      vertex 75.6926 34.5634 6
    endloop
  endfacet
  facet normal 0 0 1
    outer loop
      vertex 76.6112 33.1887 6
      vertex 75.6922 34.5632 6
      vertex 76.3671 33.0424 6
    endloop
  endfacet
  facet normal -0 0 1
    outer loop
      vertex 75.5877 34.5005 6
      vertex 76.3671 33.0424 6
      vertex 75.6922 34.5632 6
    endloop
  endfacet
  facet normal -0 0 1
    outer loop
      vertex 75.5872 34.5003 6
      vertex 76.3671 33.0424 6
      vertex 75.5877 34.5005 6
    endloop
  endfacet
  facet normal 0 0 1
    outer loop
      vertex 76.3671 33.0424 6
      vertex 75.5872 34.5003 6
      vertex 76.1098 32.9207 6
    endloop
  endfacet
  facet normal -0 0 1
    outer loop
      vertex 75.4771 34.4482 6
      vertex 76.1098 32.9207 6
      vertex 75.5872 34.5003 6
    endloop
  endfacet
  facet normal 0 0 1
    outer loop
      vertex 76.1098 32.9207 6
      vertex 75.4771 34.4482 6
      vertex 75.8418 32.8249 6
    endloop
  endfacet
  facet normal -0 0 1
    outer loop
      vertex 75.3624 34.4072 6
      vertex 75.8418 32.8249 6
      vertex 75.4771 34.4482 6
    endloop
  endfacet
  facet normal -0 0 1
    outer loop
      vertex 75.3619 34.407 6
      vertex 75.8418 32.8249 6
      vertex 75.3624 34.4072 6
    endloop
  endfacet
  facet normal -0 0 1
    outer loop
      vertex 75.3614 34.4069 6
      vertex 75.8418 32.8249 6
      vertex 75.3619 34.407 6
    endloop
  endfacet
  facet normal 0 0 1
    outer loop
      vertex 75.8418 32.8249 6
      vertex 75.3614 34.4069 6
      vertex 75.5658 32.7557 6
    endloop
  endfacet
  facet normal -0 0 1
    outer loop
      vertex 75.2432 34.3773 6
      vertex 75.5658 32.7557 6
      vertex 75.3614 34.4069 6
    endloop
  endfacet
  facet normal -0 0 1
    outer loop
      vertex 75.2427 34.3772 6
      vertex 75.5658 32.7557 6
      vertex 75.2432 34.3773 6
    endloop
  endfacet
  facet normal 0 0 1
    outer loop
      vertex 75.5658 32.7557 6
      vertex 75.2427 34.3772 6
      vertex 75.2842 32.714 6
    endloop
  endfacet
  facet normal -0 0 1
    outer loop
      vertex 75.1222 34.3593 6
      vertex 75.2842 32.714 6
      vertex 75.2427 34.3772 6
    endloop
  endfacet
  facet normal -0 0 1
    outer loop
      vertex 75.0005 34.3533 6
      vertex 75.2842 32.714 6
      vertex 75.1222 34.3593 6
    endloop
  endfacet
  facet normal 0 0 1
    outer loop
      vertex 75 32.7 6
      vertex 75.0005 34.3533 6
      vertex 75 34.3533 6
    endloop
  endfacet
  facet normal 0 0 1
    outer loop
      vertex 75.0005 34.3533 6
      vertex 75 32.7 6
      vertex 75.2842 32.714 6
    endloop
  endfacet
  facet normal -0 0 1
    outer loop
      vertex 74.9995 34.3533 6
      vertex 75 32.7 6
      vertex 75 34.3533 6
    endloop
  endfacet
  facet normal 0 0 1
    outer loop
      vertex 74.8778 34.3593 6
      vertex 75 32.7 6
      vertex 74.9995 34.3533 6
    endloop
  endfacet
  facet normal 0 0 1
    outer loop
      vertex 74.7158 32.714 6
      vertex 74.8778 34.3593 6
      vertex 74.7573 34.3772 6
    endloop
  endfacet
  facet normal 0 0 1
    outer loop
      vertex 74.4342 32.7557 6
      vertex 74.7573 34.3772 6
      vertex 74.7568 34.3773 6
    endloop
  endfacet
  facet normal 0 0 1
    outer loop
      vertex 74.8778 34.3593 6
      vertex 74.7158 32.714 6
      vertex 75 32.7 6
    endloop
  endfacet
  facet normal 0 0 1
    outer loop
      vertex 74.4342 32.7557 6
      vertex 74.7568 34.3773 6
      vertex 74.6386 34.4069 6
    endloop
  endfacet
  facet normal 0 0 1
    outer loop
      vertex 74.1582 32.8249 6
      vertex 74.6386 34.4069 6
      vertex 74.6381 34.407 6
    endloop
  endfacet
  facet normal 0 0 1
    outer loop
      vertex 74.1582 32.8249 6
      vertex 74.6381 34.407 6
      vertex 74.6376 34.4072 6
    endloop
  endfacet
  facet normal 0 0 1
    outer loop
      vertex 74.1582 32.8249 6
      vertex 74.6376 34.4072 6
      vertex 74.5229 34.4482 6
    endloop
  endfacet
  facet normal 0 0 1
    outer loop
      vertex 74.7573 34.3772 6
      vertex 74.4342 32.7557 6
      vertex 74.7158 32.714 6
    endloop
  endfacet
  facet normal 0 0 1
    outer loop
      vertex 73.8902 32.9207 6
      vertex 74.5229 34.4482 6
      vertex 74.4128 34.5003 6
    endloop
  endfacet
  facet normal 0 0 1
    outer loop
      vertex 73.6329 33.0424 6
      vertex 74.4128 34.5003 6
      vertex 74.4123 34.5005 6
    endloop
  endfacet
  facet normal 0 0 1
    outer loop
      vertex 73.6329 33.0424 6
      vertex 74.4123 34.5005 6
      vertex 74.3078 34.5632 6
    endloop
  endfacet
  facet normal 0 0 1
    outer loop
      vertex 73.3888 33.1887 6
      vertex 74.3078 34.5632 6
      vertex 74.3074 34.5634 6
    endloop
  endfacet
  facet normal 0 0 1
    outer loop
      vertex 73.3888 33.1887 6
      vertex 74.3074 34.5634 6
      vertex 74.307 34.5637 6
    endloop
  endfacet
  facet normal 0 0 1
    outer loop
      vertex 73.3888 33.1887 6
      vertex 74.307 34.5637 6
      vertex 74.2091 34.6363 6
    endloop
  endfacet
  facet normal 0 0 1
    outer loop
      vertex 74.6386 34.4069 6
      vertex 74.1582 32.8249 6
      vertex 74.4342 32.7557 6
    endloop
  endfacet
  facet normal 0 0 1
    outer loop
      vertex 73.1603 33.3583 6
      vertex 74.2091 34.6363 6
      vertex 74.1188 34.7181 6
    endloop
  endfacet
  facet normal 0 0 1
    outer loop
      vertex 72.9494 33.5494 6
      vertex 74.1188 34.7181 6
      vertex 74.1185 34.7185 6
    endloop
  endfacet
  facet normal 0 0 1
    outer loop
      vertex 72.9494 33.5494 6
      vertex 74.1185 34.7185 6
      vertex 74.1181 34.7188 6
    endloop
  endfacet
  facet normal 0 0 1
    outer loop
      vertex 72.9494 33.5494 6
      vertex 74.1181 34.7188 6
      vertex 74.0363 34.8091 6
    endloop
  endfacet
  facet normal 0 0 1
    outer loop
      vertex 72.7583 33.7603 6
      vertex 74.0363 34.8091 6
      vertex 74.036 34.8095 6
    endloop
  endfacet
  facet normal 0 0 1
    outer loop
      vertex 72.7583 33.7603 6
      vertex 74.036 34.8095 6
      vertex 73.9634 34.9074 6
    endloop
  endfacet
  facet normal 0 0 1
    outer loop
      vertex 72.5887 33.9888 6
      vertex 73.9634 34.9074 6
      vertex 73.9632 34.9078 6
    endloop
  endfacet
  facet normal 0 0 1
    outer loop
      vertex 72.5887 33.9888 6
      vertex 73.9632 34.9078 6
      vertex 73.9005 35.0123 6
    endloop
  endfacet
  facet normal 0 0 1
    outer loop
      vertex 74.5229 34.4482 6
      vertex 73.8902 32.9207 6
      vertex 74.1582 32.8249 6
    endloop
  endfacet
  facet normal 0 0 1
    outer loop
      vertex 72.4424 34.2329 6
      vertex 73.9005 35.0123 6
      vertex 73.8484 35.1225 6
    endloop
  endfacet
  facet normal 0 0 1
    outer loop
      vertex 72.3207 34.4902 6
      vertex 73.8484 35.1225 6
      vertex 73.8482 35.1229 6
    endloop
  endfacet
  facet normal 0 0 1
    outer loop
      vertex 72.3207 34.4902 6
      vertex 73.8482 35.1229 6
      vertex 73.848 35.1234 6
    endloop
  endfacet
  facet normal 0 0 1
    outer loop
      vertex 72.3207 34.4902 6
      vertex 73.848 35.1234 6
      vertex 73.807 35.2381 6
    endloop
  endfacet
  facet normal 0 0 1
    outer loop
      vertex 72.2249 34.7582 6
      vertex 73.807 35.2381 6
      vertex 73.7774 35.3563 6
    endloop
  endfacet
  facet normal 0 0 1
    outer loop
      vertex 72.1557 35.0342 6
      vertex 73.7774 35.3563 6
      vertex 73.7773 35.3568 6
    endloop
  endfacet
  facet normal 0 0 1
    outer loop
      vertex 72.1557 35.0342 6
      vertex 73.7773 35.3568 6
      vertex 73.7772 35.3573 6
    endloop
  endfacet
  facet normal 0 0 1
    outer loop
      vertex 72.1557 35.0342 6
      vertex 73.7772 35.3573 6
      vertex 73.7593 35.4778 6
    endloop
  endfacet
  facet normal 0 0 1
    outer loop
      vertex 74.4128 34.5003 6
      vertex 73.6329 33.0424 6
      vertex 73.8902 32.9207 6
    endloop
  endfacet
  facet normal 0 0 1
    outer loop
      vertex 72.114 35.3158 6
      vertex 73.7593 35.4778 6
      vertex 73.7533 35.5995 6
    endloop
  endfacet
  facet normal -0 0 1
    outer loop
      vertex 72.1 35.6 6
      vertex 73.7533 35.5995 6
      vertex 73.7533 35.6 6
    endloop
  endfacet
  facet normal -0 0 1
    outer loop
      vertex 72.2249 36.4418 6
      vertex 73.8072 35.9624 6
      vertex 72.3207 36.7098 6
    endloop
  endfacet
  facet normal 0 0 1
    outer loop
      vertex 73.8072 35.9624 6
      vertex 72.2249 36.4418 6
      vertex 73.807 35.9619 6
    endloop
  endfacet
  facet normal 0 0 1
    outer loop
      vertex 74.3078 34.5632 6
      vertex 73.3888 33.1887 6
      vertex 73.6329 33.0424 6
    endloop
  endfacet
  facet normal 0 0 1
    outer loop
      vertex 73.807 35.9619 6
      vertex 72.2249 36.4418 6
      vertex 73.7774 35.8437 6
    endloop
  endfacet
  facet normal 0 0 1
    outer loop
      vertex 74.2091 34.6363 6
      vertex 73.1603 33.3583 6
      vertex 73.3888 33.1887 6
    endloop
  endfacet
  facet normal -0 0 1
    outer loop
      vertex 72.1557 36.1658 6
      vertex 73.7774 35.8437 6
      vertex 72.2249 36.4418 6
    endloop
  endfacet
  facet normal 0 0 1
    outer loop
      vertex 74.1188 34.7181 6
      vertex 72.9494 33.5494 6
      vertex 73.1603 33.3583 6
    endloop
  endfacet
  facet normal 0 0 1
    outer loop
      vertex 73.7774 35.8437 6
      vertex 72.1557 36.1658 6
      vertex 73.7773 35.8432 6
    endloop
  endfacet
  facet normal 0 0 1
    outer loop
      vertex 74.0363 34.8091 6
      vertex 72.7583 33.7603 6
      vertex 72.9494 33.5494 6
    endloop
  endfacet
  facet normal 0 0 1
    outer loop
      vertex 73.7773 35.8432 6
      vertex 72.1557 36.1658 6
      vertex 73.7772 35.8427 6
    endloop
  endfacet
  facet normal 0 0 1
    outer loop
      vertex 73.9634 34.9074 6
      vertex 72.5887 33.9888 6
      vertex 72.7583 33.7603 6
    endloop
  endfacet
  facet normal 0 0 1
    outer loop
      vertex 73.7772 35.8427 6
      vertex 72.1557 36.1658 6
      vertex 73.7593 35.7222 6
    endloop
  endfacet
  facet normal 0 0 1
    outer loop
      vertex 73.9005 35.0123 6
      vertex 72.4424 34.2329 6
      vertex 72.5887 33.9888 6
    endloop
  endfacet
  facet normal -0 0 1
    outer loop
      vertex 72.114 35.8843 6
      vertex 73.7593 35.7222 6
      vertex 72.1557 36.1658 6
    endloop
  endfacet
  facet normal 0 0 1
    outer loop
      vertex 73.8484 35.1225 6
      vertex 72.3207 34.4902 6
      vertex 72.4424 34.2329 6
    endloop
  endfacet
  facet normal 0 0 1
    outer loop
      vertex 73.7593 35.7222 6
      vertex 72.114 35.8843 6
      vertex 73.7533 35.6005 6
    endloop
  endfacet
  facet normal 0 0 1
    outer loop
      vertex 73.807 35.2381 6
      vertex 72.2249 34.7582 6
      vertex 72.3207 34.4902 6
    endloop
  endfacet
  facet normal 0 0 1
    outer loop
      vertex 72.1 35.6 6
      vertex 73.7533 35.6005 6
      vertex 72.114 35.8843 6
    endloop
  endfacet
  facet normal 0 0 1
    outer loop
      vertex 73.7774 35.3563 6
      vertex 72.1557 35.0342 6
      vertex 72.2249 34.7582 6
    endloop
  endfacet
  facet normal 0 0 1
    outer loop
      vertex 73.7533 35.6005 6
      vertex 72.1 35.6 6
      vertex 73.7533 35.6 6
    endloop
  endfacet
  facet normal 0 0 1
    outer loop
      vertex 73.7593 35.4778 6
      vertex 72.114 35.3158 6
      vertex 72.1557 35.0342 6
    endloop
  endfacet
  facet normal 0 0 1
    outer loop
      vertex 73.7533 35.5995 6
      vertex 72.1 35.6 6
      vertex 72.114 35.3158 6
    endloop
  endfacet
  facet normal 0.969977 -0.243197 0
    outer loop
      vertex 77.7751 34.7582 6
      vertex 77.8443 35.0342 2
      vertex 77.8443 35.0342 6
    endloop
  endfacet
  facet normal 0.969977 -0.243197 0
    outer loop
      vertex 77.8443 35.0342 2
      vertex 77.7751 34.7582 6
      vertex 77.7751 34.7582 2
    endloop
  endfacet
  facet normal -0.427573 0.903981 0
    outer loop
      vertex 73.8902 38.2793 2
      vertex 73.6329 38.1576 6
      vertex 73.8902 38.2793 6
    endloop
  endfacet
  facet normal -0.427573 0.903981 0
    outer loop
      vertex 73.6329 38.1576 6
      vertex 73.8902 38.2793 2
      vertex 73.6329 38.1576 2
    endloop
  endfacet
  facet normal 0.514082 0.857741 -0
    outer loop
      vertex 76.6112 38.0113 2
      vertex 76.3671 38.1576 6
      vertex 76.6112 38.0113 6
    endloop
  endfacet
  facet normal 0.514082 0.857741 0
    outer loop
      vertex 76.3671 38.1576 6
      vertex 76.6112 38.0113 2
      vertex 76.3671 38.1576 2
    endloop
  endfacet
  facet normal -0.857834 0.513927 0
    outer loop
      vertex 72.4424 36.967 2
      vertex 72.5887 37.2112 6
      vertex 72.5887 37.2112 2
    endloop
  endfacet
  facet normal -0.857834 0.513927 0
    outer loop
      vertex 72.5887 37.2112 6
      vertex 72.4424 36.967 2
      vertex 72.4424 36.967 6
    endloop
  endfacet
  facet normal -0.336603 -0.941646 0
    outer loop
      vertex 73.8902 32.9207 2
      vertex 74.1582 32.8249 6
      vertex 73.8902 32.9207 6
    endloop
  endfacet
  facet normal -0.336603 -0.941646 -0
    outer loop
      vertex 74.1582 32.8249 6
      vertex 73.8902 32.9207 2
      vertex 74.1582 32.8249 2
    endloop
  endfacet
  facet normal -0.741036 0.671465 0
    outer loop
      vertex 72.7583 37.4397 2
      vertex 72.9494 37.6506 6
      vertex 72.9494 37.6506 2
    endloop
  endfacet
  facet normal -0.741036 0.671465 0
    outer loop
      vertex 72.9494 37.6506 6
      vertex 72.7583 37.4397 2
      vertex 72.7583 37.4397 6
    endloop
  endfacet
  facet normal -0.336603 0.941646 0
    outer loop
      vertex 74.1582 38.3751 2
      vertex 73.8902 38.2793 6
      vertex 74.1582 38.3751 6
    endloop
  endfacet
  facet normal -0.336603 0.941646 0
    outer loop
      vertex 73.8902 38.2793 6
      vertex 74.1582 38.3751 2
      vertex 73.8902 38.2793 2
    endloop
  endfacet
  facet normal 0.903981 -0.427573 0
    outer loop
      vertex 77.5576 34.2329 6
      vertex 77.6793 34.4902 2
      vertex 77.6793 34.4902 6
    endloop
  endfacet
  facet normal 0.903981 -0.427573 0
    outer loop
      vertex 77.6793 34.4902 2
      vertex 77.5576 34.2329 6
      vertex 77.5576 34.2329 2
    endloop
  endfacet
  facet normal -0.941646 0.336603 0
    outer loop
      vertex 72.2249 36.4418 2
      vertex 72.3207 36.7098 6
      vertex 72.3207 36.7098 2
    endloop
  endfacet
  facet normal -0.941646 0.336603 0
    outer loop
      vertex 72.3207 36.7098 6
      vertex 72.2249 36.4418 2
      vertex 72.2249 36.4418 6
    endloop
  endfacet
  facet normal -0.903917 0.427709 0
    outer loop
      vertex 72.3207 36.7098 2
      vertex 72.4424 36.967 6
      vertex 72.4424 36.967 2
    endloop
  endfacet
  facet normal -0.903917 0.427709 0
    outer loop
      vertex 72.4424 36.967 6
      vertex 72.3207 36.7098 2
      vertex 72.3207 36.7098 6
    endloop
  endfacet
  facet normal 0.903917 0.427709 0
    outer loop
      vertex 77.6793 36.7098 6
      vertex 77.5576 36.967 2
      vertex 77.5576 36.967 6
    endloop
  endfacet
  facet normal 0.903917 0.427709 0
    outer loop
      vertex 77.5576 36.967 2
      vertex 77.6793 36.7098 6
      vertex 77.6793 36.7098 2
    endloop
  endfacet
  facet normal -0.903981 -0.427573 0
    outer loop
      vertex 72.4424 34.2329 2
      vertex 72.3207 34.4902 6
      vertex 72.3207 34.4902 2
    endloop
  endfacet
  facet normal -0.903981 -0.427573 0
    outer loop
      vertex 72.3207 34.4902 6
      vertex 72.4424 34.2329 2
      vertex 72.4424 34.2329 6
    endloop
  endfacet
  facet normal 0.146485 -0.989213 0
    outer loop
      vertex 75.2842 32.714 2
      vertex 75.5658 32.7557 6
      vertex 75.2842 32.714 6
    endloop
  endfacet
  facet normal 0.146485 -0.989213 0
    outer loop
      vertex 75.5658 32.7557 6
      vertex 75.2842 32.714 2
      vertex 75.5658 32.7557 2
    endloop
  endfacet
  facet normal 0.671465 0.741036 -0
    outer loop
      vertex 77.0506 37.6506 2
      vertex 76.8397 37.8417 6
      vertex 77.0506 37.6506 6
    endloop
  endfacet
  facet normal 0.671465 0.741036 0
    outer loop
      vertex 76.8397 37.8417 6
      vertex 77.0506 37.6506 2
      vertex 76.8397 37.8417 2
    endloop
  endfacet
  facet normal 0.427573 -0.903981 0
    outer loop
      vertex 76.1098 32.9207 2
      vertex 76.3671 33.0424 6
      vertex 76.1098 32.9207 6
    endloop
  endfacet
  facet normal 0.427573 -0.903981 0
    outer loop
      vertex 76.3671 33.0424 6
      vertex 76.1098 32.9207 2
      vertex 76.3671 33.0424 2
    endloop
  endfacet
  facet normal 0.802984 -0.596 0
    outer loop
      vertex 77.2417 33.7603 6
      vertex 77.4113 33.9888 2
      vertex 77.4113 33.9888 6
    endloop
  endfacet
  facet normal 0.802984 -0.596 0
    outer loop
      vertex 77.4113 33.9888 2
      vertex 77.2417 33.7603 6
      vertex 77.2417 33.7603 2
    endloop
  endfacet
  facet normal -0.741036 -0.671465 0
    outer loop
      vertex 72.9494 33.5494 2
      vertex 72.7583 33.7603 6
      vertex 72.7583 33.7603 2
    endloop
  endfacet
  facet normal -0.741036 -0.671465 0
    outer loop
      vertex 72.7583 33.7603 6
      vertex 72.9494 33.5494 2
      vertex 72.9494 33.5494 6
    endloop
  endfacet
  facet normal 0.941646 -0.336603 0
    outer loop
      vertex 77.6793 34.4902 6
      vertex 77.7751 34.7582 2
      vertex 77.7751 34.7582 6
    endloop
  endfacet
  facet normal 0.941646 -0.336603 0
    outer loop
      vertex 77.7751 34.7582 2
      vertex 77.6793 34.4902 6
      vertex 77.6793 34.4902 2
    endloop
  endfacet
  facet normal 0.802984 0.596 0
    outer loop
      vertex 77.4113 37.2112 6
      vertex 77.2417 37.4397 2
      vertex 77.2417 37.4397 6
    endloop
  endfacet
  facet normal 0.802984 0.596 0
    outer loop
      vertex 77.2417 37.4397 2
      vertex 77.4113 37.2112 6
      vertex 77.4113 37.2112 2
    endloop
  endfacet
  facet normal -0.969977 0.243197 0
    outer loop
      vertex 72.1557 36.1658 2
      vertex 72.2249 36.4418 6
      vertex 72.2249 36.4418 2
    endloop
  endfacet
  facet normal -0.969977 0.243197 0
    outer loop
      vertex 72.2249 36.4418 6
      vertex 72.1557 36.1658 2
      vertex 72.1557 36.1658 6
    endloop
  endfacet
  facet normal 0.427573 0.903981 -0
    outer loop
      vertex 76.3671 38.1576 2
      vertex 76.1098 38.2793 6
      vertex 76.3671 38.1576 6
    endloop
  endfacet
  facet normal 0.427573 0.903981 0
    outer loop
      vertex 76.1098 38.2793 6
      vertex 76.3671 38.1576 2
      vertex 76.1098 38.2793 2
    endloop
  endfacet
  facet normal -0.243197 0.969977 0
    outer loop
      vertex 74.4342 38.4443 2
      vertex 74.1582 38.3751 6
      vertex 74.4342 38.4443 6
    endloop
  endfacet
  facet normal -0.243197 0.969977 0
    outer loop
      vertex 74.1582 38.3751 6
      vertex 74.4342 38.4443 2
      vertex 74.1582 38.3751 2
    endloop
  endfacet
  facet normal 0.989213 -0.146485 0
    outer loop
      vertex 77.8443 35.0342 6
      vertex 77.886 35.3158 2
      vertex 77.886 35.3158 6
    endloop
  endfacet
  facet normal 0.989213 -0.146485 0
    outer loop
      vertex 77.886 35.3158 2
      vertex 77.8443 35.0342 6
      vertex 77.8443 35.0342 2
    endloop
  endfacet
  facet normal -0.99879 0.0491842 0
    outer loop
      vertex 72.1 35.6 2
      vertex 72.114 35.8843 6
      vertex 72.114 35.8843 2
    endloop
  endfacet
  facet normal -0.99879 0.0491842 0
    outer loop
      vertex 72.114 35.8843 6
      vertex 72.1 35.6 2
      vertex 72.1 35.6 6
    endloop
  endfacet
  facet normal 0.596 0.802984 -0
    outer loop
      vertex 76.8397 37.8417 2
      vertex 76.6112 38.0113 6
      vertex 76.8397 37.8417 6
    endloop
  endfacet
  facet normal 0.596 0.802984 0
    outer loop
      vertex 76.6112 38.0113 6
      vertex 76.8397 37.8417 2
      vertex 76.6112 38.0113 2
    endloop
  endfacet
  facet normal -0.989213 -0.146485 0
    outer loop
      vertex 72.1557 35.0342 2
      vertex 72.114 35.3158 6
      vertex 72.114 35.3158 2
    endloop
  endfacet
  facet normal -0.989213 -0.146485 0
    outer loop
      vertex 72.114 35.3158 6
      vertex 72.1557 35.0342 2
      vertex 72.1557 35.0342 6
    endloop
  endfacet
  facet normal -0.0492014 0.998789 0
    outer loop
      vertex 75 38.5 2
      vertex 74.7158 38.486 6
      vertex 75 38.5 6
    endloop
  endfacet
  facet normal -0.0492014 0.998789 0
    outer loop
      vertex 74.7158 38.486 6
      vertex 75 38.5 2
      vertex 74.7158 38.486 2
    endloop
  endfacet
  facet normal -0.243197 -0.969977 0
    outer loop
      vertex 74.1582 32.8249 2
      vertex 74.4342 32.7557 6
      vertex 74.1582 32.8249 6
    endloop
  endfacet
  facet normal -0.243197 -0.969977 -0
    outer loop
      vertex 74.4342 32.7557 6
      vertex 74.1582 32.8249 2
      vertex 74.4342 32.7557 2
    endloop
  endfacet
  facet normal -0.671465 0.741036 0
    outer loop
      vertex 73.1603 37.8417 2
      vertex 72.9494 37.6506 6
      vertex 73.1603 37.8417 6
    endloop
  endfacet
  facet normal -0.671465 0.741036 0
    outer loop
      vertex 72.9494 37.6506 6
      vertex 73.1603 37.8417 2
      vertex 72.9494 37.6506 2
    endloop
  endfacet
  facet normal -0.514082 -0.857741 0
    outer loop
      vertex 73.3888 33.1887 2
      vertex 73.6329 33.0424 6
      vertex 73.3888 33.1887 6
    endloop
  endfacet
  facet normal -0.514082 -0.857741 -0
    outer loop
      vertex 73.6329 33.0424 6
      vertex 73.3888 33.1887 2
      vertex 73.6329 33.0424 2
    endloop
  endfacet
  facet normal -0.941646 -0.336603 0
    outer loop
      vertex 72.3207 34.4902 2
      vertex 72.2249 34.7582 6
      vertex 72.2249 34.7582 2
    endloop
  endfacet
  facet normal -0.941646 -0.336603 0
    outer loop
      vertex 72.2249 34.7582 6
      vertex 72.3207 34.4902 2
      vertex 72.3207 34.4902 6
    endloop
  endfacet
  facet normal -0.857741 -0.514082 0
    outer loop
      vertex 72.5887 33.9888 2
      vertex 72.4424 34.2329 6
      vertex 72.4424 34.2329 2
    endloop
  endfacet
  facet normal -0.857741 -0.514082 0
    outer loop
      vertex 72.4424 34.2329 6
      vertex 72.5887 33.9888 2
      vertex 72.5887 33.9888 6
    endloop
  endfacet
  facet normal -0.998789 -0.0492014 0
    outer loop
      vertex 72.114 35.3158 2
      vertex 72.1 35.6 6
      vertex 72.1 35.6 2
    endloop
  endfacet
  facet normal -0.998789 -0.0492014 0
    outer loop
      vertex 72.1 35.6 6
      vertex 72.114 35.3158 2
      vertex 72.114 35.3158 6
    endloop
  endfacet
  facet normal 0.0492014 -0.998789 0
    outer loop
      vertex 75 32.7 2
      vertex 75.2842 32.714 6
      vertex 75 32.7 6
    endloop
  endfacet
  facet normal 0.0492014 -0.998789 0
    outer loop
      vertex 75.2842 32.714 6
      vertex 75 32.7 2
      vertex 75.2842 32.714 2
    endloop
  endfacet
  facet normal 0.243197 0.969977 -0
    outer loop
      vertex 75.8418 38.3751 2
      vertex 75.5658 38.4443 6
      vertex 75.8418 38.3751 6
    endloop
  endfacet
  facet normal 0.243197 0.969977 0
    outer loop
      vertex 75.5658 38.4443 6
      vertex 75.8418 38.3751 2
      vertex 75.5658 38.4443 2
    endloop
  endfacet
  facet normal 0.596 -0.802984 0
    outer loop
      vertex 76.6112 33.1887 2
      vertex 76.8397 33.3583 6
      vertex 76.6112 33.1887 6
    endloop
  endfacet
  facet normal 0.596 -0.802984 0
    outer loop
      vertex 76.8397 33.3583 6
      vertex 76.6112 33.1887 2
      vertex 76.8397 33.3583 2
    endloop
  endfacet
  facet normal -0.802984 0.596 0
    outer loop
      vertex 72.5887 37.2112 2
      vertex 72.7583 37.4397 6
      vertex 72.7583 37.4397 2
    endloop
  endfacet
  facet normal -0.802984 0.596 0
    outer loop
      vertex 72.7583 37.4397 6
      vertex 72.5887 37.2112 2
      vertex 72.5887 37.2112 6
    endloop
  endfacet
  facet normal -0.671465 -0.741036 0
    outer loop
      vertex 72.9494 33.5494 2
      vertex 73.1603 33.3583 6
      vertex 72.9494 33.5494 6
    endloop
  endfacet
  facet normal -0.671465 -0.741036 -0
    outer loop
      vertex 73.1603 33.3583 6
      vertex 72.9494 33.5494 2
      vertex 73.1603 33.3583 2
    endloop
  endfacet
  facet normal -0.0492014 -0.998789 0
    outer loop
      vertex 74.7158 32.714 2
      vertex 75 32.7 6
      vertex 74.7158 32.714 6
    endloop
  endfacet
  facet normal -0.0492014 -0.998789 -0
    outer loop
      vertex 75 32.7 6
      vertex 74.7158 32.714 2
      vertex 75 32.7 2
    endloop
  endfacet
  facet normal -0.427573 -0.903981 0
    outer loop
      vertex 73.6329 33.0424 2
      vertex 73.8902 32.9207 6
      vertex 73.6329 33.0424 6
    endloop
  endfacet
  facet normal -0.427573 -0.903981 -0
    outer loop
      vertex 73.8902 32.9207 6
      vertex 73.6329 33.0424 2
      vertex 73.8902 32.9207 2
    endloop
  endfacet
  facet normal 0.243197 -0.969977 0
    outer loop
      vertex 75.5658 32.7557 2
      vertex 75.8418 32.8249 6
      vertex 75.5658 32.7557 6
    endloop
  endfacet
  facet normal 0.243197 -0.969977 0
    outer loop
      vertex 75.8418 32.8249 6
      vertex 75.5658 32.7557 2
      vertex 75.8418 32.8249 2
    endloop
  endfacet
  facet normal 0.336603 0.941646 -0
    outer loop
      vertex 76.1098 38.2793 2
      vertex 75.8418 38.3751 6
      vertex 76.1098 38.2793 6
    endloop
  endfacet
  facet normal 0.336603 0.941646 0
    outer loop
      vertex 75.8418 38.3751 6
      vertex 76.1098 38.2793 2
      vertex 75.8418 38.3751 2
    endloop
  endfacet
  facet normal -0.989205 0.146536 0
    outer loop
      vertex 72.114 35.8843 2
      vertex 72.1557 36.1658 6
      vertex 72.1557 36.1658 2
    endloop
  endfacet
  facet normal -0.989205 0.146536 0
    outer loop
      vertex 72.1557 36.1658 6
      vertex 72.114 35.8843 2
      vertex 72.114 35.8843 6
    endloop
  endfacet
  facet normal 0.741036 -0.671465 0
    outer loop
      vertex 77.0506 33.5494 6
      vertex 77.2417 33.7603 2
      vertex 77.2417 33.7603 6
    endloop
  endfacet
  facet normal 0.741036 -0.671465 0
    outer loop
      vertex 77.2417 33.7603 2
      vertex 77.0506 33.5494 6
      vertex 77.0506 33.5494 2
    endloop
  endfacet
  facet normal 0.671465 -0.741036 0
    outer loop
      vertex 76.8397 33.3583 2
      vertex 77.0506 33.5494 6
      vertex 76.8397 33.3583 6
    endloop
  endfacet
  facet normal 0.671465 -0.741036 0
    outer loop
      vertex 77.0506 33.5494 6
      vertex 76.8397 33.3583 2
      vertex 77.0506 33.5494 2
    endloop
  endfacet
  facet normal 0.904008 -0.427515 0
    outer loop
      vertex 9.55757 34.2329 6
      vertex 9.67925 34.4902 2
      vertex 9.67925 34.4902 6
    endloop
  endfacet
  facet normal 0.904008 -0.427515 0
    outer loop
      vertex 9.67925 34.4902 2
      vertex 9.55757 34.2329 6
      vertex 9.55757 34.2329 2
    endloop
  endfacet
  facet normal -0.671518 0.740989 0
    outer loop
      vertex 5.16026 37.8417 2
      vertex 4.94939 37.6506 6
      vertex 5.16026 37.8417 6
    endloop
  endfacet
  facet normal -0.671518 0.740989 0
    outer loop
      vertex 4.94939 37.6506 6
      vertex 5.16026 37.8417 2
      vertex 4.94939 37.6506 2
    endloop
  endfacet
  facet normal -0.243139 -0.969991 0
    outer loop
      vertex 6.15817 32.8249 2
      vertex 6.43424 32.7557 6
      vertex 6.15817 32.8249 6
    endloop
  endfacet
  facet normal -0.243139 -0.969991 -0
    outer loop
      vertex 6.43424 32.7557 6
      vertex 6.15817 32.8249 2
      vertex 6.43424 32.7557 2
    endloop
  endfacet
  facet normal -0.989182 -0.146691 0
    outer loop
      vertex 4.15572 35.0342 2
      vertex 4.11396 35.3158 6
      vertex 4.11396 35.3158 2
    endloop
  endfacet
  facet normal -0.989182 -0.146691 0
    outer loop
      vertex 4.11396 35.3158 6
      vertex 4.15572 35.0342 2
      vertex 4.15572 35.0342 6
    endloop
  endfacet
  facet normal 0.857818 0.513953 0
    outer loop
      vertex 9.55757 36.967 6
      vertex 9.41126 37.2112 2
      vertex 9.41126 37.2112 6
    endloop
  endfacet
  facet normal 0.857818 0.513953 0
    outer loop
      vertex 9.41126 37.2112 2
      vertex 9.55757 36.967 6
      vertex 9.55757 36.967 2
    endloop
  endfacet
  facet normal -0.427614 -0.903962 0
    outer loop
      vertex 5.63295 33.0424 2
      vertex 5.89022 32.9207 6
      vertex 5.63295 33.0424 6
    endloop
  endfacet
  facet normal -0.427614 -0.903962 -0
    outer loop
      vertex 5.89022 32.9207 6
      vertex 5.63295 33.0424 2
      vertex 5.89022 32.9207 2
    endloop
  endfacet
  facet normal 0.336659 0.941627 -0
    outer loop
      vertex 8.10978 38.2793 2
      vertex 7.84183 38.3751 6
      vertex 8.10978 38.2793 6
    endloop
  endfacet
  facet normal 0.336659 0.941627 0
    outer loop
      vertex 7.84183 38.3751 6
      vertex 8.10978 38.2793 2
      vertex 7.84183 38.3751 2
    endloop
  endfacet
  facet normal 0.595849 -0.803096 0
    outer loop
      vertex 8.61115 33.1887 2
      vertex 8.83974 33.3583 6
      vertex 8.61115 33.1887 6
    endloop
  endfacet
  facet normal 0.595849 -0.803096 0
    outer loop
      vertex 8.83974 33.3583 6
      vertex 8.61115 33.1887 2
      vertex 8.83974 33.3583 2
    endloop
  endfacet
  facet normal -0.998796 -0.0490612 0
    outer loop
      vertex 4.11396 35.3158 2
      vertex 4.1 35.6 6
      vertex 4.1 35.6 2
    endloop
  endfacet
  facet normal -0.998796 -0.0490612 0
    outer loop
      vertex 4.1 35.6 6
      vertex 4.11396 35.3158 2
      vertex 4.11396 35.3158 6
    endloop
  endfacet
  facet normal 0.98918 0.146708 0
    outer loop
      vertex 9.88603 35.8843 6
      vertex 9.84428 36.1658 2
      vertex 9.84428 36.1658 6
    endloop
  endfacet
  facet normal 0.98918 0.146708 0
    outer loop
      vertex 9.84428 36.1658 2
      vertex 9.88603 35.8843 6
      vertex 9.88603 35.8843 2
    endloop
  endfacet
  facet normal 0.989187 -0.146657 0
    outer loop
      vertex 9.84428 35.0342 6
      vertex 9.88603 35.3158 2
      vertex 9.88603 35.3158 6
    endloop
  endfacet
  facet normal 0.989187 -0.146657 0
    outer loop
      vertex 9.88603 35.3158 2
      vertex 9.84428 35.0342 6
      vertex 9.84428 35.0342 2
    endloop
  endfacet
  facet normal -0.857818 0.513953 0
    outer loop
      vertex 4.44243 36.967 2
      vertex 4.58874 37.2112 6
      vertex 4.58874 37.2112 2
    endloop
  endfacet
  facet normal -0.857818 0.513953 0
    outer loop
      vertex 4.58874 37.2112 6
      vertex 4.44243 36.967 2
      vertex 4.44243 36.967 6
    endloop
  endfacet
  facet normal 0.903944 0.427651 0
    outer loop
      vertex 9.67925 36.7098 6
      vertex 9.55757 36.967 2
      vertex 9.55757 36.967 6
    endloop
  endfacet
  facet normal 0.903944 0.427651 0
    outer loop
      vertex 9.55757 36.967 2
      vertex 9.67925 36.7098 6
      vertex 9.67925 36.7098 2
    endloop
  endfacet
  facet normal -0.904008 -0.427515 0
    outer loop
      vertex 4.44243 34.2329 2
      vertex 4.32075 34.4902 6
      vertex 4.32075 34.4902 2
    endloop
  endfacet
  facet normal -0.904008 -0.427515 0
    outer loop
      vertex 4.32075 34.4902 6
      vertex 4.44243 34.2329 2
      vertex 4.44243 34.2329 6
    endloop
  endfacet
  facet normal -0.998797 0.049044 0
    outer loop
      vertex 4.1 35.6 2
      vertex 4.11396 35.8843 6
      vertex 4.11396 35.8843 2
    endloop
  endfacet
  facet normal -0.998797 0.049044 0
    outer loop
      vertex 4.11396 35.8843 6
      vertex 4.1 35.6 2
      vertex 4.1 35.6 6
    endloop
  endfacet
  facet normal 0.595849 0.803096 -0
    outer loop
      vertex 8.83974 37.8417 2
      vertex 8.61115 38.0113 6
      vertex 8.83974 37.8417 6
    endloop
  endfacet
  facet normal 0.595849 0.803096 0
    outer loop
      vertex 8.61115 38.0113 6
      vertex 8.83974 37.8417 2
      vertex 8.61115 38.0113 2
    endloop
  endfacet
  facet normal -0.903944 0.427651 0
    outer loop
      vertex 4.32075 36.7098 2
      vertex 4.44243 36.967 6
      vertex 4.44243 36.967 2
    endloop
  endfacet
  facet normal -0.903944 0.427651 0
    outer loop
      vertex 4.44243 36.967 6
      vertex 4.32075 36.7098 2
      vertex 4.32075 36.7098 6
    endloop
  endfacet
  facet normal 0.998795 0.049079 0
    outer loop
      vertex 9.9 35.6 6
      vertex 9.88603 35.8843 2
      vertex 9.88603 35.8843 6
    endloop
  endfacet
  facet normal 0.998795 0.049079 0
    outer loop
      vertex 9.88603 35.8843 2
      vertex 9.9 35.6 6
      vertex 9.9 35.6 2
    endloop
  endfacet
  facet normal 0.857725 -0.514108 0
    outer loop
      vertex 9.41126 33.9888 6
      vertex 9.55757 34.2329 2
      vertex 9.55757 34.2329 6
    endloop
  endfacet
  facet normal 0.857725 -0.514108 0
    outer loop
      vertex 9.55757 34.2329 2
      vertex 9.41126 33.9888 6
      vertex 9.41126 33.9888 2
    endloop
  endfacet
  facet normal -0.146531 0.989206 0
    outer loop
      vertex 6.71575 38.486 2
      vertex 6.43424 38.4443 6
      vertex 6.71575 38.486 6
    endloop
  endfacet
  facet normal -0.146531 0.989206 0
    outer loop
      vertex 6.43424 38.4443 6
      vertex 6.71575 38.486 2
      vertex 6.43424 38.4443 2
    endloop
  endfacet
  facet normal 0.998794 -0.0490962 0
    outer loop
      vertex 9.88603 35.3158 6
      vertex 9.9 35.6 2
      vertex 9.9 35.6 6
    endloop
  endfacet
  facet normal 0.998794 -0.0490962 0
    outer loop
      vertex 9.9 35.6 2
      vertex 9.88603 35.3158 6
      vertex 9.88603 35.3158 2
    endloop
  endfacet
  facet normal 0.427614 0.903962 -0
    outer loop
      vertex 8.36705 38.1576 2
      vertex 8.10978 38.2793 6
      vertex 8.36705 38.1576 6
    endloop
  endfacet
  facet normal 0.427614 0.903962 0
    outer loop
      vertex 8.10978 38.2793 6
      vertex 8.36705 38.1576 2
      vertex 8.10978 38.2793 2
    endloop
  endfacet
  facet normal -0.595849 0.803096 0
    outer loop
      vertex 5.38885 38.0113 2
      vertex 5.16026 37.8417 6
      vertex 5.38885 38.0113 6
    endloop
  endfacet
  facet normal -0.595849 0.803096 0
    outer loop
      vertex 5.16026 37.8417 6
      vertex 5.38885 38.0113 2
      vertex 5.16026 37.8417 2
    endloop
  endfacet
  facet normal 0.970018 0.243032 0
    outer loop
      vertex 9.84428 36.1658 6
      vertex 9.77513 36.4418 2
      vertex 9.77513 36.4418 6
    endloop
  endfacet
  facet normal 0.970018 0.243032 0
    outer loop
      vertex 9.77513 36.4418 2
      vertex 9.84428 36.1658 6
      vertex 9.84428 36.1658 2
    endloop
  endfacet
  facet normal 0.146531 0.989206 -0
    outer loop
      vertex 7.56576 38.4443 2
      vertex 7.28425 38.486 6
      vertex 7.56576 38.4443 6
    endloop
  endfacet
  facet normal 0.146531 0.989206 0
    outer loop
      vertex 7.28425 38.486 6
      vertex 7.56576 38.4443 2
      vertex 7.28425 38.486 2
    endloop
  endfacet
  facet normal -0.741001 -0.671504 0
    outer loop
      vertex 4.94939 33.5494 2
      vertex 4.75827 33.7603 6
      vertex 4.75827 33.7603 2
    endloop
  endfacet
  facet normal -0.741001 -0.671504 0
    outer loop
      vertex 4.75827 33.7603 6
      vertex 4.94939 33.5494 2
      vertex 4.94939 33.5494 6
    endloop
  endfacet
  facet normal -0.803102 0.595842 0
    outer loop
      vertex 4.58874 37.2112 2
      vertex 4.75827 37.4397 6
      vertex 4.75827 37.4397 2
    endloop
  endfacet
  facet normal -0.803102 0.595842 0
    outer loop
      vertex 4.75827 37.4397 6
      vertex 4.58874 37.2112 2
      vertex 4.58874 37.2112 6
    endloop
  endfacet
  facet normal -0.243139 0.969991 0
    outer loop
      vertex 6.43424 38.4443 2
      vertex 6.15817 38.3751 6
      vertex 6.43424 38.4443 6
    endloop
  endfacet
  facet normal -0.243139 0.969991 0
    outer loop
      vertex 6.15817 38.3751 6
      vertex 6.43424 38.4443 2
      vertex 6.15817 38.3751 2
    endloop
  endfacet
  facet normal 0.671518 -0.740989 0
    outer loop
      vertex 8.83974 33.3583 2
      vertex 9.05061 33.5494 6
      vertex 8.83974 33.3583 6
    endloop
  endfacet
  facet normal 0.671518 -0.740989 0
    outer loop
      vertex 9.05061 33.5494 6
      vertex 8.83974 33.3583 2
      vertex 9.05061 33.5494 2
    endloop
  endfacet
  facet normal 0.803102 -0.595842 0
    outer loop
      vertex 9.24173 33.7603 6
      vertex 9.41126 33.9888 2
      vertex 9.41126 33.9888 6
    endloop
  endfacet
  facet normal 0.803102 -0.595842 0
    outer loop
      vertex 9.41126 33.9888 2
      vertex 9.24173 33.7603 6
      vertex 9.24173 33.7603 2
    endloop
  endfacet
  facet normal -0.989175 0.146742 0
    outer loop
      vertex 4.11396 35.8843 2
      vertex 4.15572 36.1658 6
      vertex 4.15572 36.1658 2
    endloop
  endfacet
  facet normal -0.989175 0.146742 0
    outer loop
      vertex 4.15572 36.1658 6
      vertex 4.11396 35.8843 2
      vertex 4.11396 35.8843 6
    endloop
  endfacet
  facet normal -0.0491928 0.998789 0
    outer loop
      vertex 7 38.5 2
      vertex 6.71575 38.486 6
      vertex 7 38.5 6
    endloop
  endfacet
  facet normal -0.0491928 0.998789 0
    outer loop
      vertex 6.71575 38.486 6
      vertex 7 38.5 2
      vertex 6.71575 38.486 2
    endloop
  endfacet
  facet normal 0.427614 -0.903962 0
    outer loop
      vertex 8.10978 32.9207 2
      vertex 8.36705 33.0424 6
      vertex 8.10978 32.9207 6
    endloop
  endfacet
  facet normal 0.427614 -0.903962 0
    outer loop
      vertex 8.36705 33.0424 6
      vertex 8.10978 32.9207 2
      vertex 8.36705 33.0424 2
    endloop
  endfacet
  facet normal -0.941557 0.336853 0
    outer loop
      vertex 4.22487 36.4418 2
      vertex 4.32075 36.7098 6
      vertex 4.32075 36.7098 2
    endloop
  endfacet
  facet normal -0.941557 0.336853 0
    outer loop
      vertex 4.32075 36.7098 6
      vertex 4.22487 36.4418 2
      vertex 4.22487 36.4418 6
    endloop
  endfacet
  facet normal -0.970018 0.243032 0
    outer loop
      vertex 4.15572 36.1658 2
      vertex 4.22487 36.4418 6
      vertex 4.22487 36.4418 2
    endloop
  endfacet
  facet normal -0.970018 0.243032 0
    outer loop
      vertex 4.22487 36.4418 6
      vertex 4.15572 36.1658 2
      vertex 4.15572 36.1658 6
    endloop
  endfacet
  facet normal -0.671518 -0.740989 0
    outer loop
      vertex 4.94939 33.5494 2
      vertex 5.16026 33.3583 6
      vertex 4.94939 33.5494 6
    endloop
  endfacet
  facet normal -0.671518 -0.740989 -0
    outer loop
      vertex 5.16026 33.3583 6
      vertex 4.94939 33.5494 2
      vertex 5.16026 33.3583 2
    endloop
  endfacet
  facet normal 0.941557 -0.336853 0
    outer loop
      vertex 9.67925 34.4902 6
      vertex 9.77513 34.7582 2
      vertex 9.77513 34.7582 6
    endloop
  endfacet
  facet normal 0.941557 -0.336853 0
    outer loop
      vertex 9.77513 34.7582 2
      vertex 9.67925 34.4902 6
      vertex 9.67925 34.4902 2
    endloop
  endfacet
  facet normal -0.857725 -0.514108 0
    outer loop
      vertex 4.58874 33.9888 2
      vertex 4.44243 34.2329 6
      vertex 4.44243 34.2329 2
    endloop
  endfacet
  facet normal -0.857725 -0.514108 0
    outer loop
      vertex 4.44243 34.2329 6
      vertex 4.58874 33.9888 2
      vertex 4.58874 33.9888 6
    endloop
  endfacet
  facet normal 0.0491928 0.998789 -0
    outer loop
      vertex 7.28425 38.486 2
      vertex 7 38.5 6
      vertex 7.28425 38.486 6
    endloop
  endfacet
  facet normal 0.0491928 0.998789 0
    outer loop
      vertex 7 38.5 6
      vertex 7.28425 38.486 2
      vertex 7 38.5 2
    endloop
  endfacet
  facet normal 0.146531 -0.989206 0
    outer loop
      vertex 7.28425 32.714 2
      vertex 7.56576 32.7557 6
      vertex 7.28425 32.714 6
    endloop
  endfacet
  facet normal 0.146531 -0.989206 0
    outer loop
      vertex 7.56576 32.7557 6
      vertex 7.28425 32.714 2
      vertex 7.56576 32.7557 2
    endloop
  endfacet
  facet normal 0.514082 -0.857741 0
    outer loop
      vertex 8.36705 33.0424 2
      vertex 8.61115 33.1887 6
      vertex 8.36705 33.0424 6
    endloop
  endfacet
  facet normal 0.514082 -0.857741 0
    outer loop
      vertex 8.61115 33.1887 6
      vertex 8.36705 33.0424 2
      vertex 8.61115 33.1887 2
    endloop
  endfacet
  facet normal 0.514082 0.857741 -0
    outer loop
      vertex 8.61115 38.0113 2
      vertex 8.36705 38.1576 6
      vertex 8.61115 38.0113 6
    endloop
  endfacet
  facet normal 0.514082 0.857741 0
    outer loop
      vertex 8.36705 38.1576 6
      vertex 8.61115 38.0113 2
      vertex 8.36705 38.1576 2
    endloop
  endfacet
  facet normal -0.941557 -0.336853 0
    outer loop
      vertex 4.32075 34.4902 2
      vertex 4.22487 34.7582 6
      vertex 4.22487 34.7582 2
    endloop
  endfacet
  facet normal -0.941557 -0.336853 0
    outer loop
      vertex 4.22487 34.7582 6
      vertex 4.32075 34.4902 2
      vertex 4.32075 34.4902 6
    endloop
  endfacet
  facet normal 0.741001 0.671504 0
    outer loop
      vertex 9.24173 37.4397 6
      vertex 9.05061 37.6506 2
      vertex 9.05061 37.6506 6
    endloop
  endfacet
  facet normal 0.741001 0.671504 0
    outer loop
      vertex 9.05061 37.6506 2
      vertex 9.24173 37.4397 6
      vertex 9.24173 37.4397 2
    endloop
  endfacet
  facet normal 0.941557 0.336853 0
    outer loop
      vertex 9.77513 36.4418 6
      vertex 9.67925 36.7098 2
      vertex 9.67925 36.7098 6
    endloop
  endfacet
  facet normal 0.941557 0.336853 0
    outer loop
      vertex 9.67925 36.7098 2
      vertex 9.77513 36.4418 6
      vertex 9.77513 36.4418 2
    endloop
  endfacet
  facet normal 0.671518 0.740989 -0
    outer loop
      vertex 9.05061 37.6506 2
      vertex 8.83974 37.8417 6
      vertex 9.05061 37.6506 6
    endloop
  endfacet
  facet normal 0.671518 0.740989 0
    outer loop
      vertex 8.83974 37.8417 6
      vertex 9.05061 37.6506 2
      vertex 8.83974 37.8417 2
    endloop
  endfacet
  facet normal 0.0491928 -0.998789 0
    outer loop
      vertex 7 32.7 2
      vertex 7.28425 32.714 6
      vertex 7 32.7 6
    endloop
  endfacet
  facet normal 0.0491928 -0.998789 0
    outer loop
      vertex 7.28425 32.714 6
      vertex 7 32.7 2
      vertex 7.28425 32.714 2
    endloop
  endfacet
  facet normal -0 0 1
    outer loop
      vertex 8.24667 35.6005 6
      vertex 9.9 35.6 6
      vertex 9.88603 35.8843 6
    endloop
  endfacet
  facet normal 0 0 1
    outer loop
      vertex 8.24069 35.7222 6
      vertex 9.88603 35.8843 6
      vertex 9.84428 36.1658 6
    endloop
  endfacet
  facet normal 0 0 1
    outer loop
      vertex 9.9 35.6 6
      vertex 8.24667 35.6005 6
      vertex 8.24669 35.6 6
    endloop
  endfacet
  facet normal 0 0 1
    outer loop
      vertex 8.22261 35.8437 6
      vertex 9.84428 36.1658 6
      vertex 9.77513 36.4418 6
    endloop
  endfacet
  facet normal 0 0 1
    outer loop
      vertex 8.24667 35.5995 6
      vertex 9.9 35.6 6
      vertex 8.24669 35.6 6
    endloop
  endfacet
  facet normal 0 0 1
    outer loop
      vertex 8.19284 35.9624 6
      vertex 9.77513 36.4418 6
      vertex 9.67925 36.7098 6
    endloop
  endfacet
  facet normal 0 0 1
    outer loop
      vertex 9.9 35.6 6
      vertex 8.24667 35.5995 6
      vertex 9.88603 35.3158 6
    endloop
  endfacet
  facet normal 0 0 1
    outer loop
      vertex 8.15158 36.0775 6
      vertex 9.67925 36.7098 6
      vertex 9.55757 36.967 6
    endloop
  endfacet
  facet normal -0 0 1
    outer loop
      vertex 8.24069 35.4778 6
      vertex 9.88603 35.3158 6
      vertex 8.24667 35.5995 6
    endloop
  endfacet
  facet normal 0 0 1
    outer loop
      vertex 8.09948 36.1877 6
      vertex 9.55757 36.967 6
      vertex 9.41126 37.2112 6
    endloop
  endfacet
  facet normal 0 0 1
    outer loop
      vertex 9.88603 35.3158 6
      vertex 8.24069 35.4778 6
      vertex 9.84428 35.0342 6
    endloop
  endfacet
  facet normal 0 0 1
    outer loop
      vertex 8.03658 36.2926 6
      vertex 9.41126 37.2112 6
      vertex 9.24173 37.4397 6
    endloop
  endfacet
  facet normal -0 0 1
    outer loop
      vertex 8.22281 35.3573 6
      vertex 9.84428 35.0342 6
      vertex 8.24069 35.4778 6
    endloop
  endfacet
  facet normal 0 0 1
    outer loop
      vertex 7.96338 36.3913 6
      vertex 9.24173 37.4397 6
      vertex 9.05061 37.6506 6
    endloop
  endfacet
  facet normal -0 0 1
    outer loop
      vertex 8.22273 35.3568 6
      vertex 9.84428 35.0342 6
      vertex 8.22281 35.3573 6
    endloop
  endfacet
  facet normal 0 0 1
    outer loop
      vertex 7.88118 36.4819 6
      vertex 9.05061 37.6506 6
      vertex 8.83974 37.8417 6
    endloop
  endfacet
  facet normal -0 0 1
    outer loop
      vertex 8.22261 35.3563 6
      vertex 9.84428 35.0342 6
      vertex 8.22273 35.3568 6
    endloop
  endfacet
  facet normal 0 0 1
    outer loop
      vertex 7.79089 36.5637 6
      vertex 8.83974 37.8417 6
      vertex 8.61115 38.0113 6
    endloop
  endfacet
  facet normal 0 0 1
    outer loop
      vertex 9.84428 35.0342 6
      vertex 8.22261 35.3563 6
      vertex 9.77513 34.7582 6
    endloop
  endfacet
  facet normal 0 0 1
    outer loop
      vertex 7.6922 36.6368 6
      vertex 8.61115 38.0113 6
      vertex 8.36705 38.1576 6
    endloop
  endfacet
  facet normal 0 0 1
    outer loop
      vertex 9.77513 34.7582 6
      vertex 8.19301 35.2381 6
      vertex 9.67925 34.4902 6
    endloop
  endfacet
  facet normal -0 0 1
    outer loop
      vertex 8.15195 35.1234 6
      vertex 9.67925 34.4902 6
      vertex 8.19301 35.2381 6
    endloop
  endfacet
  facet normal -0 0 1
    outer loop
      vertex 8.19301 35.2381 6
      vertex 9.77513 34.7582 6
      vertex 8.22261 35.3563 6
    endloop
  endfacet
  facet normal 0 0 1
    outer loop
      vertex 9.88603 35.8843 6
      vertex 8.24069 35.7222 6
      vertex 8.24667 35.6005 6
    endloop
  endfacet
  facet normal 0 0 1
    outer loop
      vertex 9.84428 36.1658 6
      vertex 8.22281 35.8427 6
      vertex 8.24069 35.7222 6
    endloop
  endfacet
  facet normal 0 0 1
    outer loop
      vertex 9.84428 36.1658 6
      vertex 8.22273 35.8432 6
      vertex 8.22281 35.8427 6
    endloop
  endfacet
  facet normal 0 0 1
    outer loop
      vertex 9.84428 36.1658 6
      vertex 8.22261 35.8437 6
      vertex 8.22273 35.8432 6
    endloop
  endfacet
  facet normal 0 0 1
    outer loop
      vertex 9.77513 36.4418 6
      vertex 8.19301 35.9619 6
      vertex 8.22261 35.8437 6
    endloop
  endfacet
  facet normal 0 0 1
    outer loop
      vertex 9.77513 36.4418 6
      vertex 8.19284 35.9624 6
      vertex 8.19301 35.9619 6
    endloop
  endfacet
  facet normal 0 0 1
    outer loop
      vertex 9.67925 36.7098 6
      vertex 8.15179 36.0771 6
      vertex 8.19284 35.9624 6
    endloop
  endfacet
  facet normal 0 0 1
    outer loop
      vertex 9.67925 36.7098 6
      vertex 8.15158 36.0775 6
      vertex 8.15179 36.0771 6
    endloop
  endfacet
  facet normal 0 0 1
    outer loop
      vertex 7.58724 36.6997 6
      vertex 8.36705 38.1576 6
      vertex 8.10978 38.2793 6
    endloop
  endfacet
  facet normal 0 0 1
    outer loop
      vertex 9.55757 36.967 6
      vertex 8.09948 36.1877 6
      vertex 8.15158 36.0775 6
    endloop
  endfacet
  facet normal 0 0 1
    outer loop
      vertex 9.41126 37.2112 6
      vertex 8.03683 36.2922 6
      vertex 8.09948 36.1877 6
    endloop
  endfacet
  facet normal 0 0 1
    outer loop
      vertex 9.41126 37.2112 6
      vertex 8.03658 36.2926 6
      vertex 8.03683 36.2922 6
    endloop
  endfacet
  facet normal 0 0 1
    outer loop
      vertex 9.24173 37.4397 6
      vertex 7.96399 36.3905 6
      vertex 8.03658 36.2926 6
    endloop
  endfacet
  facet normal 0 0 1
    outer loop
      vertex 9.24173 37.4397 6
      vertex 7.9637 36.3909 6
      vertex 7.96399 36.3905 6
    endloop
  endfacet
  facet normal 0 0 1
    outer loop
      vertex 9.24173 37.4397 6
      vertex 7.96338 36.3913 6
      vertex 7.9637 36.3909 6
    endloop
  endfacet
  facet normal 0 0 1
    outer loop
      vertex 9.05061 37.6506 6
      vertex 7.88154 36.4815 6
      vertex 7.96338 36.3913 6
    endloop
  endfacet
  facet normal 0 0 1
    outer loop
      vertex 9.05061 37.6506 6
      vertex 7.88118 36.4819 6
      vertex 7.88154 36.4815 6
    endloop
  endfacet
  facet normal 0 0 1
    outer loop
      vertex 7.47709 36.7518 6
      vertex 8.10978 38.2793 6
      vertex 7.84183 38.3751 6
    endloop
  endfacet
  facet normal 0 0 1
    outer loop
      vertex 8.83974 37.8417 6
      vertex 7.79089 36.5637 6
      vertex 7.88118 36.4819 6
    endloop
  endfacet
  facet normal 0 0 1
    outer loop
      vertex 8.61115 38.0113 6
      vertex 7.69301 36.6363 6
      vertex 7.79089 36.5637 6
    endloop
  endfacet
  facet normal 0 0 1
    outer loop
      vertex 8.61115 38.0113 6
      vertex 7.69262 36.6366 6
      vertex 7.69301 36.6363 6
    endloop
  endfacet
  facet normal 0 0 1
    outer loop
      vertex 8.61115 38.0113 6
      vertex 7.6922 36.6368 6
      vertex 7.69262 36.6366 6
    endloop
  endfacet
  facet normal 0 0 1
    outer loop
      vertex 8.36705 38.1576 6
      vertex 7.58768 36.6995 6
      vertex 7.6922 36.6368 6
    endloop
  endfacet
  facet normal 0 0 1
    outer loop
      vertex 8.36705 38.1576 6
      vertex 7.58724 36.6997 6
      vertex 7.58768 36.6995 6
    endloop
  endfacet
  facet normal 0 0 1
    outer loop
      vertex 7.36189 36.793 6
      vertex 7.84183 38.3751 6
      vertex 7.56576 38.4443 6
    endloop
  endfacet
  facet normal 0 0 1
    outer loop
      vertex 8.10978 38.2793 6
      vertex 7.47709 36.7518 6
      vertex 7.58724 36.6997 6
    endloop
  endfacet
  facet normal 0 0 1
    outer loop
      vertex 7.84183 38.3751 6
      vertex 7.36235 36.7928 6
      vertex 7.47709 36.7518 6
    endloop
  endfacet
  facet normal 0 0 1
    outer loop
      vertex 7.84183 38.3751 6
      vertex 7.36189 36.793 6
      vertex 7.36235 36.7928 6
    endloop
  endfacet
  facet normal 0 0 1
    outer loop
      vertex 7.24322 36.8227 6
      vertex 7.56576 38.4443 6
      vertex 7.28425 38.486 6
    endloop
  endfacet
  facet normal 0 0 1
    outer loop
      vertex 7.56576 38.4443 6
      vertex 7.24369 36.8226 6
      vertex 7.36189 36.793 6
    endloop
  endfacet
  facet normal 0 0 1
    outer loop
      vertex 7.56576 38.4443 6
      vertex 7.24322 36.8227 6
      vertex 7.24369 36.8226 6
    endloop
  endfacet
  facet normal 0 0 1
    outer loop
      vertex 7.28425 38.486 6
      vertex 7.12268 36.8406 6
      vertex 7.24322 36.8227 6
    endloop
  endfacet
  facet normal 0 0 1
    outer loop
      vertex 7.28425 38.486 6
      vertex 7.1222 36.8407 6
      vertex 7.12268 36.8406 6
    endloop
  endfacet
  facet normal 0 0 1
    outer loop
      vertex 7.28425 38.486 6
      vertex 7.12171 36.8407 6
      vertex 7.1222 36.8407 6
    endloop
  endfacet
  facet normal 0 0 1
    outer loop
      vertex 7 38.5 6
      vertex 7.12171 36.8407 6
      vertex 7.28425 38.486 6
    endloop
  endfacet
  facet normal 0 0 1
    outer loop
      vertex 7 38.5 6
      vertex 7 36.8467 6
      vertex 7.12171 36.8407 6
    endloop
  endfacet
  facet normal 0 0 1
    outer loop
      vertex 7 38.5 6
      vertex 6.87829 36.8407 6
      vertex 7 36.8467 6
    endloop
  endfacet
  facet normal -0 0 1
    outer loop
      vertex 6.71575 38.486 6
      vertex 6.87829 36.8407 6
      vertex 7 38.5 6
    endloop
  endfacet
  facet normal 0 0 1
    outer loop
      vertex 6.87829 36.8407 6
      vertex 6.71575 38.486 6
      vertex 6.8778 36.8407 6
    endloop
  endfacet
  facet normal 0 0 1
    outer loop
      vertex 6.8778 36.8407 6
      vertex 6.71575 38.486 6
      vertex 6.87732 36.8406 6
    endloop
  endfacet
  facet normal 0 0 1
    outer loop
      vertex 6.87732 36.8406 6
      vertex 6.71575 38.486 6
      vertex 6.75678 36.8227 6
    endloop
  endfacet
  facet normal -0 0 1
    outer loop
      vertex 6.43424 38.4443 6
      vertex 6.75678 36.8227 6
      vertex 6.71575 38.486 6
    endloop
  endfacet
  facet normal 0 0 1
    outer loop
      vertex 6.75678 36.8227 6
      vertex 6.43424 38.4443 6
      vertex 6.75631 36.8226 6
    endloop
  endfacet
  facet normal 0 0 1
    outer loop
      vertex 6.75631 36.8226 6
      vertex 6.43424 38.4443 6
      vertex 6.63811 36.793 6
    endloop
  endfacet
  facet normal -0 0 1
    outer loop
      vertex 6.15817 38.3751 6
      vertex 6.63811 36.793 6
      vertex 6.43424 38.4443 6
    endloop
  endfacet
  facet normal 0 0 1
    outer loop
      vertex 6.63811 36.793 6
      vertex 6.15817 38.3751 6
      vertex 6.63765 36.7928 6
    endloop
  endfacet
  facet normal 0 0 1
    outer loop
      vertex 6.63765 36.7928 6
      vertex 6.15817 38.3751 6
      vertex 6.52291 36.7518 6
    endloop
  endfacet
  facet normal -0 0 1
    outer loop
      vertex 5.89022 38.2793 6
      vertex 6.52291 36.7518 6
      vertex 6.15817 38.3751 6
    endloop
  endfacet
  facet normal 0 0 1
    outer loop
      vertex 6.52291 36.7518 6
      vertex 5.89022 38.2793 6
      vertex 6.41276 36.6997 6
    endloop
  endfacet
  facet normal -0 0 1
    outer loop
      vertex 5.63295 38.1576 6
      vertex 6.41276 36.6997 6
      vertex 5.89022 38.2793 6
    endloop
  endfacet
  facet normal 0 0 1
    outer loop
      vertex 6.41276 36.6997 6
      vertex 5.63295 38.1576 6
      vertex 6.41231 36.6995 6
    endloop
  endfacet
  facet normal 0 0 1
    outer loop
      vertex 6.41231 36.6995 6
      vertex 5.63295 38.1576 6
      vertex 6.30779 36.6368 6
    endloop
  endfacet
  facet normal -0 0 1
    outer loop
      vertex 5.38885 38.0113 6
      vertex 6.30779 36.6368 6
      vertex 5.63295 38.1576 6
    endloop
  endfacet
  facet normal 0 0 1
    outer loop
      vertex 6.30779 36.6368 6
      vertex 5.38885 38.0113 6
      vertex 6.30738 36.6366 6
    endloop
  endfacet
  facet normal 0 0 1
    outer loop
      vertex 6.30738 36.6366 6
      vertex 5.38885 38.0113 6
      vertex 6.30698 36.6363 6
    endloop
  endfacet
  facet normal 0 0 1
    outer loop
      vertex 6.30698 36.6363 6
      vertex 5.38885 38.0113 6
      vertex 6.20911 36.5637 6
    endloop
  endfacet
  facet normal -0 0 1
    outer loop
      vertex 5.16026 37.8417 6
      vertex 6.20911 36.5637 6
      vertex 5.38885 38.0113 6
    endloop
  endfacet
  facet normal 0 0 1
    outer loop
      vertex 6.20911 36.5637 6
      vertex 5.16026 37.8417 6
      vertex 6.11882 36.4819 6
    endloop
  endfacet
  facet normal -0 0 1
    outer loop
      vertex 4.94939 37.6506 6
      vertex 6.11882 36.4819 6
      vertex 5.16026 37.8417 6
    endloop
  endfacet
  facet normal 0 0 1
    outer loop
      vertex 6.11882 36.4819 6
      vertex 4.94939 37.6506 6
      vertex 6.11846 36.4815 6
    endloop
  endfacet
  facet normal 0 0 1
    outer loop
      vertex 6.11846 36.4815 6
      vertex 4.94939 37.6506 6
      vertex 6.03662 36.3913 6
    endloop
  endfacet
  facet normal -0 0 1
    outer loop
      vertex 4.75827 37.4397 6
      vertex 6.03662 36.3913 6
      vertex 4.94939 37.6506 6
    endloop
  endfacet
  facet normal 0 0 1
    outer loop
      vertex 6.03662 36.3913 6
      vertex 4.75827 37.4397 6
      vertex 6.0363 36.3909 6
    endloop
  endfacet
  facet normal 0 0 1
    outer loop
      vertex 6.0363 36.3909 6
      vertex 4.75827 37.4397 6
      vertex 6.03601 36.3905 6
    endloop
  endfacet
  facet normal 0 0 1
    outer loop
      vertex 6.03601 36.3905 6
      vertex 4.75827 37.4397 6
      vertex 5.96342 36.2926 6
    endloop
  endfacet
  facet normal -0 0 1
    outer loop
      vertex 4.58874 37.2112 6
      vertex 5.96342 36.2926 6
      vertex 4.75827 37.4397 6
    endloop
  endfacet
  facet normal 0 0 1
    outer loop
      vertex 5.96342 36.2926 6
      vertex 4.58874 37.2112 6
      vertex 5.96317 36.2922 6
    endloop
  endfacet
  facet normal 0 0 1
    outer loop
      vertex 5.96317 36.2922 6
      vertex 4.58874 37.2112 6
      vertex 5.90052 36.1877 6
    endloop
  endfacet
  facet normal -0 0 1
    outer loop
      vertex 4.44243 36.967 6
      vertex 5.90052 36.1877 6
      vertex 4.58874 37.2112 6
    endloop
  endfacet
  facet normal 0 0 1
    outer loop
      vertex 5.90052 36.1877 6
      vertex 4.44243 36.967 6
      vertex 5.84842 36.0775 6
    endloop
  endfacet
  facet normal 0 0 1
    outer loop
      vertex 4.11396 35.8843 6
      vertex 5.75334 35.6005 6
      vertex 5.75931 35.7222 6
    endloop
  endfacet
  facet normal 0 0 1
    outer loop
      vertex 5.84842 36.0775 6
      vertex 4.32075 36.7098 6
      vertex 5.84821 36.0771 6
    endloop
  endfacet
  facet normal -0 0 1
    outer loop
      vertex 4.32075 36.7098 6
      vertex 5.84842 36.0775 6
      vertex 4.44243 36.967 6
    endloop
  endfacet
  facet normal -0 0 1
    outer loop
      vertex 8.15179 35.1229 6
      vertex 9.67925 34.4902 6
      vertex 8.15195 35.1234 6
    endloop
  endfacet
  facet normal -0 0 1
    outer loop
      vertex 8.15158 35.1225 6
      vertex 9.67925 34.4902 6
      vertex 8.15179 35.1229 6
    endloop
  endfacet
  facet normal 0 0 1
    outer loop
      vertex 9.67925 34.4902 6
      vertex 8.15158 35.1225 6
      vertex 9.55757 34.2329 6
    endloop
  endfacet
  facet normal -0 0 1
    outer loop
      vertex 8.09948 35.0123 6
      vertex 9.55757 34.2329 6
      vertex 8.15158 35.1225 6
    endloop
  endfacet
  facet normal 0 0 1
    outer loop
      vertex 9.55757 34.2329 6
      vertex 8.09948 35.0123 6
      vertex 9.41126 33.9888 6
    endloop
  endfacet
  facet normal -0 0 1
    outer loop
      vertex 8.03683 34.9078 6
      vertex 9.41126 33.9888 6
      vertex 8.09948 35.0123 6
    endloop
  endfacet
  facet normal -0 0 1
    outer loop
      vertex 8.03658 34.9074 6
      vertex 9.41126 33.9888 6
      vertex 8.03683 34.9078 6
    endloop
  endfacet
  facet normal 0 0 1
    outer loop
      vertex 9.41126 33.9888 6
      vertex 8.03658 34.9074 6
      vertex 9.24173 33.7603 6
    endloop
  endfacet
  facet normal -0 0 1
    outer loop
      vertex 7.96399 34.8095 6
      vertex 9.24173 33.7603 6
      vertex 8.03658 34.9074 6
    endloop
  endfacet
  facet normal -0 0 1
    outer loop
      vertex 7.9637 34.8091 6
      vertex 9.24173 33.7603 6
      vertex 7.96399 34.8095 6
    endloop
  endfacet
  facet normal 0 0 1
    outer loop
      vertex 9.24173 33.7603 6
      vertex 7.9637 34.8091 6
      vertex 9.05061 33.5494 6
    endloop
  endfacet
  facet normal -0 0 1
    outer loop
      vertex 7.88187 34.7188 6
      vertex 9.05061 33.5494 6
      vertex 7.9637 34.8091 6
    endloop
  endfacet
  facet normal -0 0 1
    outer loop
      vertex 7.88154 34.7185 6
      vertex 9.05061 33.5494 6
      vertex 7.88187 34.7188 6
    endloop
  endfacet
  facet normal -0 0 1
    outer loop
      vertex 7.88118 34.7181 6
      vertex 9.05061 33.5494 6
      vertex 7.88154 34.7185 6
    endloop
  endfacet
  facet normal 0 0 1
    outer loop
      vertex 9.05061 33.5494 6
      vertex 7.88118 34.7181 6
      vertex 8.83974 33.3583 6
    endloop
  endfacet
  facet normal -0 0 1
    outer loop
      vertex 7.79089 34.6363 6
      vertex 8.83974 33.3583 6
      vertex 7.88118 34.7181 6
    endloop
  endfacet
  facet normal 0 0 1
    outer loop
      vertex 8.83974 33.3583 6
      vertex 7.79089 34.6363 6
      vertex 8.61115 33.1887 6
    endloop
  endfacet
  facet normal -0 0 1
    outer loop
      vertex 7.69301 34.5637 6
      vertex 8.61115 33.1887 6
      vertex 7.79089 34.6363 6
    endloop
  endfacet
  facet normal -0 0 1
    outer loop
      vertex 7.69262 34.5634 6
      vertex 8.61115 33.1887 6
      vertex 7.69301 34.5637 6
    endloop
  endfacet
  facet normal -0 0 1
    outer loop
      vertex 7.6922 34.5632 6
      vertex 8.61115 33.1887 6
      vertex 7.69262 34.5634 6
    endloop
  endfacet
  facet normal 0 0 1
    outer loop
      vertex 8.61115 33.1887 6
      vertex 7.6922 34.5632 6
      vertex 8.36705 33.0424 6
    endloop
  endfacet
  facet normal -0 0 1
    outer loop
      vertex 7.58768 34.5005 6
      vertex 8.36705 33.0424 6
      vertex 7.6922 34.5632 6
    endloop
  endfacet
  facet normal -0 0 1
    outer loop
      vertex 7.58724 34.5003 6
      vertex 8.36705 33.0424 6
      vertex 7.58768 34.5005 6
    endloop
  endfacet
  facet normal 0 0 1
    outer loop
      vertex 8.36705 33.0424 6
      vertex 7.58724 34.5003 6
      vertex 8.10978 32.9207 6
    endloop
  endfacet
  facet normal -0 0 1
    outer loop
      vertex 7.47709 34.4482 6
      vertex 8.10978 32.9207 6
      vertex 7.58724 34.5003 6
    endloop
  endfacet
  facet normal 0 0 1
    outer loop
      vertex 8.10978 32.9207 6
      vertex 7.47709 34.4482 6
      vertex 7.84183 32.8249 6
    endloop
  endfacet
  facet normal -0 0 1
    outer loop
      vertex 7.36235 34.4072 6
      vertex 7.84183 32.8249 6
      vertex 7.47709 34.4482 6
    endloop
  endfacet
  facet normal -0 0 1
    outer loop
      vertex 7.36189 34.407 6
      vertex 7.84183 32.8249 6
      vertex 7.36235 34.4072 6
    endloop
  endfacet
  facet normal -0 0 1
    outer loop
      vertex 7.36142 34.4069 6
      vertex 7.84183 32.8249 6
      vertex 7.36189 34.407 6
    endloop
  endfacet
  facet normal 0 0 1
    outer loop
      vertex 7.84183 32.8249 6
      vertex 7.36142 34.4069 6
      vertex 7.56576 32.7557 6
    endloop
  endfacet
  facet normal -0 0 1
    outer loop
      vertex 7.24322 34.3773 6
      vertex 7.56576 32.7557 6
      vertex 7.36142 34.4069 6
    endloop
  endfacet
  facet normal -0 0 1
    outer loop
      vertex 7.24273 34.3772 6
      vertex 7.56576 32.7557 6
      vertex 7.24322 34.3773 6
    endloop
  endfacet
  facet normal 0 0 1
    outer loop
      vertex 7.56576 32.7557 6
      vertex 7.24273 34.3772 6
      vertex 7.28425 32.714 6
    endloop
  endfacet
  facet normal -0 0 1
    outer loop
      vertex 7.1222 34.3593 6
      vertex 7.28425 32.714 6
      vertex 7.24273 34.3772 6
    endloop
  endfacet
  facet normal -0 0 1
    outer loop
      vertex 7.00049 34.3533 6
      vertex 7.28425 32.714 6
      vertex 7.1222 34.3593 6
    endloop
  endfacet
  facet normal 0 0 1
    outer loop
      vertex 7 32.7 6
      vertex 7.00049 34.3533 6
      vertex 7 34.3533 6
    endloop
  endfacet
  facet normal 0 0 1
    outer loop
      vertex 7.00049 34.3533 6
      vertex 7 32.7 6
      vertex 7.28425 32.714 6
    endloop
  endfacet
  facet normal -0 0 1
    outer loop
      vertex 6.99951 34.3533 6
      vertex 7 32.7 6
      vertex 7 34.3533 6
    endloop
  endfacet
  facet normal 0 0 1
    outer loop
      vertex 6.8778 34.3593 6
      vertex 7 32.7 6
      vertex 6.99951 34.3533 6
    endloop
  endfacet
  facet normal 0 0 1
    outer loop
      vertex 6.71575 32.714 6
      vertex 6.8778 34.3593 6
      vertex 6.75727 34.3772 6
    endloop
  endfacet
  facet normal 0 0 1
    outer loop
      vertex 6.43424 32.7557 6
      vertex 6.75727 34.3772 6
      vertex 6.75678 34.3773 6
    endloop
  endfacet
  facet normal 0 0 1
    outer loop
      vertex 6.8778 34.3593 6
      vertex 6.71575 32.714 6
      vertex 7 32.7 6
    endloop
  endfacet
  facet normal 0 0 1
    outer loop
      vertex 6.43424 32.7557 6
      vertex 6.75678 34.3773 6
      vertex 6.63858 34.4069 6
    endloop
  endfacet
  facet normal 0 0 1
    outer loop
      vertex 6.15817 32.8249 6
      vertex 6.63858 34.4069 6
      vertex 6.63811 34.407 6
    endloop
  endfacet
  facet normal 0 0 1
    outer loop
      vertex 6.15817 32.8249 6
      vertex 6.63811 34.407 6
      vertex 6.63765 34.4072 6
    endloop
  endfacet
  facet normal 0 0 1
    outer loop
      vertex 6.15817 32.8249 6
      vertex 6.63765 34.4072 6
      vertex 6.52291 34.4482 6
    endloop
  endfacet
  facet normal 0 0 1
    outer loop
      vertex 6.75727 34.3772 6
      vertex 6.43424 32.7557 6
      vertex 6.71575 32.714 6
    endloop
  endfacet
  facet normal 0 0 1
    outer loop
      vertex 5.89022 32.9207 6
      vertex 6.52291 34.4482 6
      vertex 6.41276 34.5003 6
    endloop
  endfacet
  facet normal 0 0 1
    outer loop
      vertex 5.63295 33.0424 6
      vertex 6.41276 34.5003 6
      vertex 6.41231 34.5005 6
    endloop
  endfacet
  facet normal 0 0 1
    outer loop
      vertex 5.63295 33.0424 6
      vertex 6.41231 34.5005 6
      vertex 6.30779 34.5632 6
    endloop
  endfacet
  facet normal 0 0 1
    outer loop
      vertex 5.38885 33.1887 6
      vertex 6.30779 34.5632 6
      vertex 6.30738 34.5634 6
    endloop
  endfacet
  facet normal 0 0 1
    outer loop
      vertex 5.38885 33.1887 6
      vertex 6.30738 34.5634 6
      vertex 6.30698 34.5637 6
    endloop
  endfacet
  facet normal 0 0 1
    outer loop
      vertex 5.38885 33.1887 6
      vertex 6.30698 34.5637 6
      vertex 6.20911 34.6363 6
    endloop
  endfacet
  facet normal 0 0 1
    outer loop
      vertex 6.63858 34.4069 6
      vertex 6.15817 32.8249 6
      vertex 6.43424 32.7557 6
    endloop
  endfacet
  facet normal 0 0 1
    outer loop
      vertex 5.16026 33.3583 6
      vertex 6.20911 34.6363 6
      vertex 6.11882 34.7181 6
    endloop
  endfacet
  facet normal 0 0 1
    outer loop
      vertex 4.94939 33.5494 6
      vertex 6.11882 34.7181 6
      vertex 6.11846 34.7185 6
    endloop
  endfacet
  facet normal 0 0 1
    outer loop
      vertex 4.94939 33.5494 6
      vertex 6.11846 34.7185 6
      vertex 6.11813 34.7188 6
    endloop
  endfacet
  facet normal 0 0 1
    outer loop
      vertex 4.94939 33.5494 6
      vertex 6.11813 34.7188 6
      vertex 6.0363 34.8091 6
    endloop
  endfacet
  facet normal 0 0 1
    outer loop
      vertex 4.75827 33.7603 6
      vertex 6.0363 34.8091 6
      vertex 6.03601 34.8095 6
    endloop
  endfacet
  facet normal 0 0 1
    outer loop
      vertex 4.75827 33.7603 6
      vertex 6.03601 34.8095 6
      vertex 5.96342 34.9074 6
    endloop
  endfacet
  facet normal 0 0 1
    outer loop
      vertex 4.58874 33.9888 6
      vertex 5.96342 34.9074 6
      vertex 5.96317 34.9078 6
    endloop
  endfacet
  facet normal 0 0 1
    outer loop
      vertex 4.58874 33.9888 6
      vertex 5.96317 34.9078 6
      vertex 5.90052 35.0123 6
    endloop
  endfacet
  facet normal 0 0 1
    outer loop
      vertex 6.52291 34.4482 6
      vertex 5.89022 32.9207 6
      vertex 6.15817 32.8249 6
    endloop
  endfacet
  facet normal 0 0 1
    outer loop
      vertex 4.44243 34.2329 6
      vertex 5.90052 35.0123 6
      vertex 5.84842 35.1225 6
    endloop
  endfacet
  facet normal 0 0 1
    outer loop
      vertex 4.32075 34.4902 6
      vertex 5.84842 35.1225 6
      vertex 5.84821 35.1229 6
    endloop
  endfacet
  facet normal 0 0 1
    outer loop
      vertex 4.32075 34.4902 6
      vertex 5.84821 35.1229 6
      vertex 5.84804 35.1234 6
    endloop
  endfacet
  facet normal 0 0 1
    outer loop
      vertex 4.32075 34.4902 6
      vertex 5.84804 35.1234 6
      vertex 5.80699 35.2381 6
    endloop
  endfacet
  facet normal 0 0 1
    outer loop
      vertex 4.22487 34.7582 6
      vertex 5.80699 35.2381 6
      vertex 5.77738 35.3563 6
    endloop
  endfacet
  facet normal 0 0 1
    outer loop
      vertex 4.15572 35.0342 6
      vertex 5.77738 35.3563 6
      vertex 5.77727 35.3568 6
    endloop
  endfacet
  facet normal 0 0 1
    outer loop
      vertex 4.15572 35.0342 6
      vertex 5.77727 35.3568 6
      vertex 5.77719 35.3573 6
    endloop
  endfacet
  facet normal 0 0 1
    outer loop
      vertex 4.15572 35.0342 6
      vertex 5.77719 35.3573 6
      vertex 5.75931 35.4778 6
    endloop
  endfacet
  facet normal -0 0 1
    outer loop
      vertex 4.1 35.6 6
      vertex 5.75334 35.5995 6
      vertex 5.75331 35.6 6
    endloop
  endfacet
  facet normal 0 0 1
    outer loop
      vertex 6.41276 34.5003 6
      vertex 5.63295 33.0424 6
      vertex 5.89022 32.9207 6
    endloop
  endfacet
  facet normal 0 0 1
    outer loop
      vertex 5.75334 35.5995 6
      vertex 4.11396 35.3158 6
      vertex 5.75931 35.4778 6
    endloop
  endfacet
  facet normal 0 0 1
    outer loop
      vertex 5.84821 36.0771 6
      vertex 4.32075 36.7098 6
      vertex 5.80716 35.9624 6
    endloop
  endfacet
  facet normal -0 0 1
    outer loop
      vertex 4.22487 36.4418 6
      vertex 5.80716 35.9624 6
      vertex 4.32075 36.7098 6
    endloop
  endfacet
  facet normal 0 0 1
    outer loop
      vertex 6.30779 34.5632 6
      vertex 5.38885 33.1887 6
      vertex 5.63295 33.0424 6
    endloop
  endfacet
  facet normal 0 0 1
    outer loop
      vertex 5.80716 35.9624 6
      vertex 4.22487 36.4418 6
      vertex 5.80699 35.9619 6
    endloop
  endfacet
  facet normal 0 0 1
    outer loop
      vertex 6.20911 34.6363 6
      vertex 5.16026 33.3583 6
      vertex 5.38885 33.1887 6
    endloop
  endfacet
  facet normal 0 0 1
    outer loop
      vertex 5.80699 35.9619 6
      vertex 4.22487 36.4418 6
      vertex 5.77738 35.8437 6
    endloop
  endfacet
  facet normal 0 0 1
    outer loop
      vertex 6.11882 34.7181 6
      vertex 4.94939 33.5494 6
      vertex 5.16026 33.3583 6
    endloop
  endfacet
  facet normal -0 0 1
    outer loop
      vertex 4.15572 36.1658 6
      vertex 5.77738 35.8437 6
      vertex 4.22487 36.4418 6
    endloop
  endfacet
  facet normal 0 0 1
    outer loop
      vertex 6.0363 34.8091 6
      vertex 4.75827 33.7603 6
      vertex 4.94939 33.5494 6
    endloop
  endfacet
  facet normal 0 0 1
    outer loop
      vertex 5.77738 35.8437 6
      vertex 4.15572 36.1658 6
      vertex 5.77727 35.8432 6
    endloop
  endfacet
  facet normal 0 0 1
    outer loop
      vertex 5.96342 34.9074 6
      vertex 4.58874 33.9888 6
      vertex 4.75827 33.7603 6
    endloop
  endfacet
  facet normal 0 0 1
    outer loop
      vertex 5.77727 35.8432 6
      vertex 4.15572 36.1658 6
      vertex 5.77719 35.8427 6
    endloop
  endfacet
  facet normal 0 0 1
    outer loop
      vertex 5.90052 35.0123 6
      vertex 4.44243 34.2329 6
      vertex 4.58874 33.9888 6
    endloop
  endfacet
  facet normal 0 0 1
    outer loop
      vertex 5.77719 35.8427 6
      vertex 4.15572 36.1658 6
      vertex 5.75931 35.7222 6
    endloop
  endfacet
  facet normal 0 0 1
    outer loop
      vertex 5.84842 35.1225 6
      vertex 4.32075 34.4902 6
      vertex 4.44243 34.2329 6
    endloop
  endfacet
  facet normal -0 0 1
    outer loop
      vertex 4.11396 35.8843 6
      vertex 5.75931 35.7222 6
      vertex 4.15572 36.1658 6
    endloop
  endfacet
  facet normal 0 0 1
    outer loop
      vertex 5.80699 35.2381 6
      vertex 4.22487 34.7582 6
      vertex 4.32075 34.4902 6
    endloop
  endfacet
  facet normal 0 0 1
    outer loop
      vertex 4.1 35.6 6
      vertex 5.75334 35.6005 6
      vertex 4.11396 35.8843 6
    endloop
  endfacet
  facet normal 0 0 1
    outer loop
      vertex 5.77738 35.3563 6
      vertex 4.15572 35.0342 6
      vertex 4.22487 34.7582 6
    endloop
  endfacet
  facet normal 0 0 1
    outer loop
      vertex 5.75334 35.6005 6
      vertex 4.1 35.6 6
      vertex 5.75331 35.6 6
    endloop
  endfacet
  facet normal 0 0 1
    outer loop
      vertex 5.75931 35.4778 6
      vertex 4.11396 35.3158 6
      vertex 4.15572 35.0342 6
    endloop
  endfacet
  facet normal 0 0 1
    outer loop
      vertex 5.75334 35.5995 6
      vertex 4.1 35.6 6
      vertex 4.11396 35.3158 6
    endloop
  endfacet
  facet normal 0.803102 0.595842 0
    outer loop
      vertex 9.41126 37.2112 6
      vertex 9.24173 37.4397 2
      vertex 9.24173 37.4397 6
    endloop
  endfacet
  facet normal 0.803102 0.595842 0
    outer loop
      vertex 9.24173 37.4397 2
      vertex 9.41126 37.2112 6
      vertex 9.41126 37.2112 2
    endloop
  endfacet
  facet normal -0.803102 -0.595842 0
    outer loop
      vertex 4.75827 33.7603 2
      vertex 4.58874 33.9888 6
      vertex 4.58874 33.9888 2
    endloop
  endfacet
  facet normal -0.803102 -0.595842 0
    outer loop
      vertex 4.58874 33.9888 6
      vertex 4.75827 33.7603 2
      vertex 4.75827 33.7603 6
    endloop
  endfacet
  facet normal -0.336659 0.941627 0
    outer loop
      vertex 6.15817 38.3751 2
      vertex 5.89022 38.2793 6
      vertex 6.15817 38.3751 6
    endloop
  endfacet
  facet normal -0.336659 0.941627 0
    outer loop
      vertex 5.89022 38.2793 6
      vertex 6.15817 38.3751 2
      vertex 5.89022 38.2793 2
    endloop
  endfacet
  facet normal 0.243139 0.969991 -0
    outer loop
      vertex 7.84183 38.3751 2
      vertex 7.56576 38.4443 6
      vertex 7.84183 38.3751 6
    endloop
  endfacet
  facet normal 0.243139 0.969991 0
    outer loop
      vertex 7.56576 38.4443 6
      vertex 7.84183 38.3751 2
      vertex 7.56576 38.4443 2
    endloop
  endfacet
  facet normal 0.970018 -0.243032 0
    outer loop
      vertex 9.77513 34.7582 6
      vertex 9.84428 35.0342 2
      vertex 9.84428 35.0342 6
    endloop
  endfacet
  facet normal 0.970018 -0.243032 0
    outer loop
      vertex 9.84428 35.0342 2
      vertex 9.77513 34.7582 6
      vertex 9.77513 34.7582 2
    endloop
  endfacet
  facet normal -0.970018 -0.243032 0
    outer loop
      vertex 4.22487 34.7582 2
      vertex 4.15572 35.0342 6
      vertex 4.15572 35.0342 2
    endloop
  endfacet
  facet normal -0.970018 -0.243032 0
    outer loop
      vertex 4.15572 35.0342 6
      vertex 4.22487 34.7582 2
      vertex 4.22487 34.7582 6
    endloop
  endfacet
  facet normal -0.336659 -0.941627 0
    outer loop
      vertex 5.89022 32.9207 2
      vertex 6.15817 32.8249 6
      vertex 5.89022 32.9207 6
    endloop
  endfacet
  facet normal -0.336659 -0.941627 -0
    outer loop
      vertex 6.15817 32.8249 6
      vertex 5.89022 32.9207 2
      vertex 6.15817 32.8249 2
    endloop
  endfacet
  facet normal -0.741001 0.671504 0
    outer loop
      vertex 4.75827 37.4397 2
      vertex 4.94939 37.6506 6
      vertex 4.94939 37.6506 2
    endloop
  endfacet
  facet normal -0.741001 0.671504 0
    outer loop
      vertex 4.94939 37.6506 6
      vertex 4.75827 37.4397 2
      vertex 4.75827 37.4397 6
    endloop
  endfacet
  facet normal -0.514082 0.857741 0
    outer loop
      vertex 5.63295 38.1576 2
      vertex 5.38885 38.0113 6
      vertex 5.63295 38.1576 6
    endloop
  endfacet
  facet normal -0.514082 0.857741 0
    outer loop
      vertex 5.38885 38.0113 6
      vertex 5.63295 38.1576 2
      vertex 5.38885 38.0113 2
    endloop
  endfacet
  facet normal 0.741001 -0.671504 0
    outer loop
      vertex 9.05061 33.5494 6
      vertex 9.24173 33.7603 2
      vertex 9.24173 33.7603 6
    endloop
  endfacet
  facet normal 0.741001 -0.671504 0
    outer loop
      vertex 9.24173 33.7603 2
      vertex 9.05061 33.5494 6
      vertex 9.05061 33.5494 2
    endloop
  endfacet
  facet normal -0.427614 0.903962 0
    outer loop
      vertex 5.89022 38.2793 2
      vertex 5.63295 38.1576 6
      vertex 5.89022 38.2793 6
    endloop
  endfacet
  facet normal -0.427614 0.903962 0
    outer loop
      vertex 5.63295 38.1576 6
      vertex 5.89022 38.2793 2
      vertex 5.63295 38.1576 2
    endloop
  endfacet
  facet normal -0.514082 -0.857741 0
    outer loop
      vertex 5.38885 33.1887 2
      vertex 5.63295 33.0424 6
      vertex 5.38885 33.1887 6
    endloop
  endfacet
  facet normal -0.514082 -0.857741 -0
    outer loop
      vertex 5.63295 33.0424 6
      vertex 5.38885 33.1887 2
      vertex 5.63295 33.0424 2
    endloop
  endfacet
  facet normal 0.243139 -0.969991 0
    outer loop
      vertex 7.56576 32.7557 2
      vertex 7.84183 32.8249 6
      vertex 7.56576 32.7557 6
    endloop
  endfacet
  facet normal 0.243139 -0.969991 0
    outer loop
      vertex 7.84183 32.8249 6
      vertex 7.56576 32.7557 2
      vertex 7.84183 32.8249 2
    endloop
  endfacet
  facet normal 0.336659 -0.941627 0
    outer loop
      vertex 7.84183 32.8249 2
      vertex 8.10978 32.9207 6
      vertex 7.84183 32.8249 6
    endloop
  endfacet
  facet normal 0.336659 -0.941627 0
    outer loop
      vertex 8.10978 32.9207 6
      vertex 7.84183 32.8249 2
      vertex 8.10978 32.9207 2
    endloop
  endfacet
  facet normal -0.0491928 -0.998789 0
    outer loop
      vertex 6.71575 32.714 2
      vertex 7 32.7 6
      vertex 6.71575 32.714 6
    endloop
  endfacet
  facet normal -0.0491928 -0.998789 -0
    outer loop
      vertex 7 32.7 6
      vertex 6.71575 32.714 2
      vertex 7 32.7 2
    endloop
  endfacet
  facet normal -0.146531 -0.989206 0
    outer loop
      vertex 6.43424 32.7557 2
      vertex 6.71575 32.714 6
      vertex 6.43424 32.7557 6
    endloop
  endfacet
  facet normal -0.146531 -0.989206 -0
    outer loop
      vertex 6.71575 32.714 6
      vertex 6.43424 32.7557 2
      vertex 6.71575 32.714 2
    endloop
  endfacet
  facet normal -0.595849 -0.803096 0
    outer loop
      vertex 5.16026 33.3583 2
      vertex 5.38885 33.1887 6
      vertex 5.16026 33.3583 6
    endloop
  endfacet
  facet normal -0.595849 -0.803096 -0
    outer loop
      vertex 5.38885 33.1887 6
      vertex 5.16026 33.3583 2
      vertex 5.38885 33.1887 2
    endloop
  endfacet
  facet normal 0.332415 0.928915 0.16315
    outer loop
      vertex 7.36189 8.19301 6
      vertex 7.21771 7.7177 9
      vertex 7.47663 8.15195 6
    endloop
  endfacet
  facet normal 0.421815 -0.891883 0.163149
    outer loop
      vertex 7.47709 5.84821 6
      vertex 7.35355 6.33856 9
      vertex 7.28701 6.30709 9
    endloop
  endfacet
  facet normal 0.424966 -0.890406 0.163037
    outer loop
      vertex 7.35355 6.33856 9
      vertex 7.47709 5.84821 6
      vertex 7.47753 5.84842 6
    endloop
  endfacet
  facet normal 0.985414 0.0483927 0.16315
    outer loop
      vertex 7.75 7 9
      vertex 8.24667 7.00049 6
      vertex 7.74639 7.07351 9
    endloop
  endfacet
  facet normal 0.985771 0.0402355 0.163208
    outer loop
      vertex 8.24667 7.00049 6
      vertex 7.75 7 9
      vertex 8.24669 7 6
    endloop
  endfacet
  facet normal 0.985413 0.0484165 0.163149
    outer loop
      vertex 8.24069 7.1222 6
      vertex 7.74639 7.07351 9
      vertex 8.24667 7.00049 6
    endloop
  endfacet
  facet normal 0.588712 0.791716 0.163107
    outer loop
      vertex 7.69262 8.03658 6
      vertex 7.47579 7.57976 9
      vertex 7.69301 8.03629 6
    endloop
  endfacet
  facet normal 0.587727 0.792439 0.163146
    outer loop
      vertex 7.47579 7.57976 9
      vertex 7.69262 8.03658 6
      vertex 7.41668 7.6236 9
    endloop
  endfacet
  facet normal 0.0602924 -0.984775 0.163043
    outer loop
      vertex 7.00049 5.75334 6
      vertex 7 6.25 9
      vertex 7 5.75331 6
    endloop
  endfacet
  facet normal 0.0483927 -0.985414 0.163147
    outer loop
      vertex 7 6.25 9
      vertex 7.00049 5.75334 6
      vertex 7.07351 6.25361 9
    endloop
  endfacet
  facet normal 0.928915 0.332415 0.16315
    outer loop
      vertex 8.15195 7.47663 6
      vertex 7.7177 7.21771 9
      vertex 8.19301 7.36189 6
    endloop
  endfacet
  facet normal -0.144773 0.975922 0.163149
    outer loop
      vertex 6.8778 8.24069 6
      vertex 6.75727 8.22281 6
      vertex 6.92649 7.74639 9
    endloop
  endfacet
  facet normal -0.792428 -0.587742 0.163146
    outer loop
      vertex 6.42024 6.5242 9
      vertex 5.96371 6.30698 6
      vertex 6.0363 6.20911 6
    endloop
  endfacet
  facet normal -0.507233 0.846225 0.163148
    outer loop
      vertex 6.41231 8.09948 6
      vertex 6.30779 8.03683 6
      vertex 6.64645 7.66144 9
    endloop
  endfacet
  facet normal -0.0483357 -0.985417 0.163148
    outer loop
      vertex 6.92649 6.25361 9
      vertex 6.8778 5.75931 6
      vertex 6.99951 5.75334 6
    endloop
  endfacet
  facet normal -0.507228 0.846229 0.163148
    outer loop
      vertex 6.30779 8.03683 6
      vertex 6.58332 7.6236 9
      vertex 6.64645 7.66144 9
    endloop
  endfacet
  facet normal -0.513628 0.842349 0.163201
    outer loop
      vertex 6.58332 7.6236 9
      vertex 6.30779 8.03683 6
      vertex 6.30738 8.03658 6
    endloop
  endfacet
  facet normal 0.792487 -0.587663 0.163147
    outer loop
      vertex 7.57976 6.5242 9
      vertex 8.03658 6.30738 6
      vertex 7.6236 6.58332 9
    endloop
  endfacet
  facet normal 0.798719 -0.579071 0.163475
    outer loop
      vertex 8.03658 6.30738 6
      vertex 7.57976 6.5242 9
      vertex 8.03629 6.30698 6
    endloop
  endfacet
  facet normal 0.421846 -0.891868 0.163147
    outer loop
      vertex 7.58768 5.90052 6
      vertex 7.35355 6.33856 9
      vertex 7.47753 5.84842 6
    endloop
  endfacet
  facet normal 0.928915 -0.332415 0.16315
    outer loop
      vertex 8.19301 6.63811 6
      vertex 7.7177 6.78229 9
      vertex 8.15195 6.52337 6
    endloop
  endfacet
  facet normal 0.504633 0.847783 0.163122
    outer loop
      vertex 7.6922 8.03683 6
      vertex 7.41668 7.6236 9
      vertex 7.69262 8.03658 6
    endloop
  endfacet
  facet normal 0.507228 0.846229 0.163146
    outer loop
      vertex 7.41668 7.6236 9
      vertex 7.6922 8.03683 6
      vertex 7.35355 7.66144 9
    endloop
  endfacet
  facet normal 0.0483357 -0.985417 0.163148
    outer loop
      vertex 7.07351 6.25361 9
      vertex 7.00049 5.75334 6
      vertex 7.1222 5.75931 6
    endloop
  endfacet
  facet normal -0.0484165 0.985413 0.163149
    outer loop
      vertex 6.99951 8.24667 6
      vertex 6.8778 8.24069 6
      vertex 6.92649 7.74639 9
    endloop
  endfacet
  facet normal 0.587704 -0.792457 0.163147
    outer loop
      vertex 7.79089 6.0363 6
      vertex 7.47579 6.42024 9
      vertex 7.69301 5.96371 6
    endloop
  endfacet
  facet normal 0.846225 -0.507233 0.163148
    outer loop
      vertex 8.09948 6.41231 6
      vertex 7.66144 6.64645 9
      vertex 8.03683 6.30779 6
    endloop
  endfacet
  facet normal 0.847783 0.504633 0.163122
    outer loop
      vertex 7.6236 7.41668 9
      vertex 8.03683 7.6922 6
      vertex 8.03658 7.69262 6
    endloop
  endfacet
  facet normal 0.846229 0.507228 0.163146
    outer loop
      vertex 8.03683 7.6922 6
      vertex 7.6236 7.41668 9
      vertex 7.66144 7.35355 9
    endloop
  endfacet
  facet normal 0.666666 0.727273 0.163188
    outer loop
      vertex 7.88118 7.88187 6
      vertex 7.53033 7.53033 9
      vertex 7.88154 7.88154 6
    endloop
  endfacet
  facet normal 0.662545 0.731038 0.163148
    outer loop
      vertex 7.53033 7.53033 9
      vertex 7.88118 7.88187 6
      vertex 7.47579 7.57976 9
    endloop
  endfacet
  facet normal -0.928941 0.332343 0.163148
    outer loop
      vertex 5.84804 7.47663 6
      vertex 5.80699 7.36189 6
      vertex 6.28229 7.21771 9
    endloop
  endfacet
  facet normal -0.975922 -0.144773 0.163149
    outer loop
      vertex 6.25361 6.92649 9
      vertex 5.75931 6.8778 6
      vertex 5.77719 6.75727 6
    endloop
  endfacet
  facet normal -0.144773 -0.975922 0.163149
    outer loop
      vertex 6.92649 6.25361 9
      vertex 6.75727 5.77719 6
      vertex 6.8778 5.75931 6
    endloop
  endfacet
  facet normal 0.957049 0.239667 0.16315
    outer loop
      vertex 8.19301 7.36189 6
      vertex 7.7177 7.21771 9
      vertex 8.22261 7.24369 6
    endloop
  endfacet
  facet normal -0.239667 0.957049 0.16315
    outer loop
      vertex 6.75631 8.22261 6
      vertex 6.63811 8.19301 6
      vertex 6.78229 7.7177 9
    endloop
  endfacet
  facet normal -0.0402355 0.985771 0.163208
    outer loop
      vertex 6.99951 8.24667 6
      vertex 7 7.75 9
      vertex 7 8.24669 6
    endloop
  endfacet
  facet normal -0.0483927 0.985414 0.16315
    outer loop
      vertex 7 7.75 9
      vertex 6.99951 8.24667 6
      vertex 6.92649 7.74639 9
    endloop
  endfacet
  facet normal 0.73104 0.662543 0.163148
    outer loop
      vertex 7.88187 7.88118 6
      vertex 7.57976 7.47579 9
      vertex 7.9637 7.79089 6
    endloop
  endfacet
  facet normal 0.846226 0.507233 0.163146
    outer loop
      vertex 8.03683 7.6922 6
      vertex 7.66144 7.35355 9
      vertex 8.09948 7.58768 6
    endloop
  endfacet
  facet normal 0.14476 -0.975924 0.163149
    outer loop
      vertex 7.24273 5.77719 6
      vertex 7.14632 6.26441 9
      vertex 7.07351 6.25361 9
    endloop
  endfacet
  facet normal 0.15897 -0.973694 0.163243
    outer loop
      vertex 7.14632 6.26441 9
      vertex 7.24273 5.77719 6
      vertex 7.24322 5.77727 6
    endloop
  endfacet
  facet normal 0.792457 0.587704 0.163147
    outer loop
      vertex 7.9637 7.79089 6
      vertex 7.57976 7.47579 9
      vertex 8.03629 7.69301 6
    endloop
  endfacet
  facet normal 0.957049 -0.239667 0.16315
    outer loop
      vertex 8.22261 6.75631 6
      vertex 7.7177 6.78229 9
      vertex 8.19301 6.63811 6
    endloop
  endfacet
  facet normal -0.662612 0.730978 0.163148
    outer loop
      vertex 6.11882 7.88187 6
      vertex 6.46967 7.53033 9
      vertex 6.5242 7.57976 9
    endloop
  endfacet
  facet normal -0.666666 0.727273 0.163188
    outer loop
      vertex 6.46967 7.53033 9
      vertex 6.11882 7.88187 6
      vertex 6.11846 7.88154 6
    endloop
  endfacet
  facet normal 0.239696 -0.957042 0.163147
    outer loop
      vertex 7.24322 5.77727 6
      vertex 7.21771 6.28229 9
      vertex 7.14632 6.26441 9
    endloop
  endfacet
  facet normal 0.224814 -0.960567 0.163614
    outer loop
      vertex 7.21771 6.28229 9
      vertex 7.24322 5.77727 6
      vertex 7.24369 5.77738 6
    endloop
  endfacet
  facet normal 0.662545 -0.731038 0.163148
    outer loop
      vertex 7.88118 6.11813 6
      vertex 7.53033 6.46967 9
      vertex 7.47579 6.42024 9
    endloop
  endfacet
  facet normal 0.666666 -0.727273 0.163188
    outer loop
      vertex 7.53033 6.46967 9
      vertex 7.88118 6.11813 6
      vertex 7.88154 6.11846 6
    endloop
  endfacet
  facet normal -0.662543 -0.73104 0.163145
    outer loop
      vertex 6.5242 6.42024 9
      vertex 6.11882 6.11813 6
      vertex 6.20911 6.0363 6
    endloop
  endfacet
  facet normal 0.587704 0.792457 0.163147
    outer loop
      vertex 7.69301 8.03629 6
      vertex 7.47579 7.57976 9
      vertex 7.79089 7.9637 6
    endloop
  endfacet
  facet normal -0.984775 -0.0602924 0.163043
    outer loop
      vertex 5.75334 6.99951 6
      vertex 6.25 7 9
      vertex 5.75331 7 6
    endloop
  endfacet
  facet normal -0.985414 -0.0483927 0.163147
    outer loop
      vertex 6.25 7 9
      vertex 5.75334 6.99951 6
      vertex 6.25361 6.92649 9
    endloop
  endfacet
  facet normal -0.984775 0.0602924 0.163043
    outer loop
      vertex 6.25 7 9
      vertex 5.75334 7.00049 6
      vertex 5.75331 7 6
    endloop
  endfacet
  facet normal -0.985414 0.0483927 0.163147
    outer loop
      vertex 5.75334 7.00049 6
      vertex 6.25 7 9
      vertex 6.25361 7.07351 9
    endloop
  endfacet
  facet normal -0.928911 -0.332424 0.16315
    outer loop
      vertex 5.84804 6.52337 6
      vertex 6.30709 6.71299 9
      vertex 6.28229 6.78229 9
    endloop
  endfacet
  facet normal -0.925416 -0.342001 0.163221
    outer loop
      vertex 6.30709 6.71299 9
      vertex 5.84804 6.52337 6
      vertex 5.84821 6.52291 6
    endloop
  endfacet
  facet normal 0.95701 -0.239822 0.163146
    outer loop
      vertex 7.7177 6.78229 9
      vertex 8.22273 6.75678 6
      vertex 7.73559 6.85368 9
    endloop
  endfacet
  facet normal 0.955959 -0.244075 0.163005
    outer loop
      vertex 8.22273 6.75678 6
      vertex 7.7177 6.78229 9
      vertex 8.22261 6.75631 6
    endloop
  endfacet
  facet normal 0.931854 0.324123 0.163073
    outer loop
      vertex 7.69291 7.28701 9
      vertex 8.15195 7.47663 6
      vertex 8.15179 7.47709 6
    endloop
  endfacet
  facet normal 0.928954 0.332306 0.163146
    outer loop
      vertex 8.15195 7.47663 6
      vertex 7.69291 7.28701 9
      vertex 7.7177 7.21771 9
    endloop
  endfacet
  facet normal -0.792487 -0.587663 0.163147
    outer loop
      vertex 5.96342 6.30738 6
      vertex 6.42024 6.5242 9
      vertex 6.3764 6.58332 9
    endloop
  endfacet
  facet normal -0.798719 -0.579071 0.163475
    outer loop
      vertex 6.42024 6.5242 9
      vertex 5.96342 6.30738 6
      vertex 5.96371 6.30698 6
    endloop
  endfacet
  facet normal -0.332415 0.928915 0.16315
    outer loop
      vertex 6.63811 8.19301 6
      vertex 6.52337 8.15195 6
      vertex 6.78229 7.7177 9
    endloop
  endfacet
  facet normal -0.95703 0.239743 0.163147
    outer loop
      vertex 5.80699 7.36189 6
      vertex 5.77738 7.24369 6
      vertex 6.28229 7.21771 9
    endloop
  endfacet
  facet normal 0.928954 -0.332306 0.163146
    outer loop
      vertex 7.69291 6.71299 9
      vertex 8.15195 6.52337 6
      vertex 7.7177 6.78229 9
    endloop
  endfacet
  facet normal 0.931854 -0.324123 0.163073
    outer loop
      vertex 8.15195 6.52337 6
      vertex 7.69291 6.71299 9
      vertex 8.15179 6.52291 6
    endloop
  endfacet
  facet normal 0.975922 -0.144773 0.163149
    outer loop
      vertex 8.24069 6.8778 6
      vertex 7.74639 6.92649 9
      vertex 8.22281 6.75727 6
    endloop
  endfacet
  facet normal 0.891868 0.421846 0.163147
    outer loop
      vertex 8.09948 7.58768 6
      vertex 7.66144 7.35355 9
      vertex 8.15158 7.47753 6
    endloop
  endfacet
  facet normal 0.890406 0.424966 0.163037
    outer loop
      vertex 7.66144 7.35355 9
      vertex 8.15179 7.47709 6
      vertex 8.15158 7.47753 6
    endloop
  endfacet
  facet normal 0.891883 0.421815 0.163149
    outer loop
      vertex 8.15179 7.47709 6
      vertex 7.66144 7.35355 9
      vertex 7.69291 7.28701 9
    endloop
  endfacet
  facet normal 0.73104 -0.662543 0.163145
    outer loop
      vertex 7.9637 6.20911 6
      vertex 7.57976 6.5242 9
      vertex 7.88187 6.11882 6
    endloop
  endfacet
  facet normal -0.587663 0.792487 0.163147
    outer loop
      vertex 6.30738 8.03658 6
      vertex 6.5242 7.57976 9
      vertex 6.58332 7.6236 9
    endloop
  endfacet
  facet normal -0.579071 0.798719 0.163475
    outer loop
      vertex 6.5242 7.57976 9
      vertex 6.30738 8.03658 6
      vertex 6.30698 8.03629 6
    endloop
  endfacet
  facet normal -0.928941 -0.332343 0.163148
    outer loop
      vertex 6.28229 6.78229 9
      vertex 5.80699 6.63811 6
      vertex 5.84804 6.52337 6
    endloop
  endfacet
  facet normal 0.846229 -0.507228 0.163148
    outer loop
      vertex 7.6236 6.58332 9
      vertex 8.03683 6.30779 6
      vertex 7.66144 6.64645 9
    endloop
  endfacet
  facet normal 0.842349 -0.513628 0.163201
    outer loop
      vertex 8.03683 6.30779 6
      vertex 7.6236 6.58332 9
      vertex 8.03658 6.30738 6
    endloop
  endfacet
  facet normal -0.890406 0.424966 0.163037
    outer loop
      vertex 5.84821 7.47709 6
      vertex 6.33856 7.35355 9
      vertex 5.84842 7.47753 6
    endloop
  endfacet
  facet normal -0.891883 0.421815 0.163149
    outer loop
      vertex 6.33856 7.35355 9
      vertex 5.84821 7.47709 6
      vertex 6.30709 7.28701 9
    endloop
  endfacet
  facet normal 0.975922 0.144773 0.163149
    outer loop
      vertex 8.22281 7.24273 6
      vertex 7.74639 7.07351 9
      vertex 8.24069 7.1222 6
    endloop
  endfacet
  facet normal 0.985413 -0.0484165 0.163149
    outer loop
      vertex 8.24667 6.99951 6
      vertex 7.74639 6.92649 9
      vertex 8.24069 6.8778 6
    endloop
  endfacet
  facet normal 0.985771 -0.0402355 0.163208
    outer loop
      vertex 7.75 7 9
      vertex 8.24667 6.99951 6
      vertex 8.24669 7 6
    endloop
  endfacet
  facet normal 0.985414 -0.0483927 0.16315
    outer loop
      vertex 8.24667 6.99951 6
      vertex 7.75 7 9
      vertex 7.74639 6.92649 9
    endloop
  endfacet
  facet normal 0.730978 -0.662612 0.163148
    outer loop
      vertex 7.53033 6.46967 9
      vertex 7.88187 6.11882 6
      vertex 7.57976 6.5242 9
    endloop
  endfacet
  facet normal 0.727273 -0.666666 0.163188
    outer loop
      vertex 7.88187 6.11882 6
      vertex 7.53033 6.46967 9
      vertex 7.88154 6.11846 6
    endloop
  endfacet
  facet normal 0.239743 -0.95703 0.163147
    outer loop
      vertex 7.36189 5.80699 6
      vertex 7.21771 6.28229 9
      vertex 7.24369 5.77738 6
    endloop
  endfacet
  facet normal 0.144773 0.975922 0.163149
    outer loop
      vertex 7.1222 8.24069 6
      vertex 7.07351 7.74639 9
      vertex 7.24273 8.22281 6
    endloop
  endfacet
  facet normal -0.73104 -0.662543 0.163145
    outer loop
      vertex 6.42024 6.5242 9
      vertex 6.0363 6.20911 6
      vertex 6.11813 6.11882 6
    endloop
  endfacet
  facet normal 0.424966 0.890406 0.163037
    outer loop
      vertex 7.47709 8.15179 6
      vertex 7.35355 7.66144 9
      vertex 7.47753 8.15158 6
    endloop
  endfacet
  facet normal 0.421815 0.891883 0.163149
    outer loop
      vertex 7.35355 7.66144 9
      vertex 7.47709 8.15179 6
      vertex 7.28701 7.69291 9
    endloop
  endfacet
  facet normal -0.587742 -0.792428 0.163146
    outer loop
      vertex 6.5242 6.42024 9
      vertex 6.20911 6.0363 6
      vertex 6.30698 5.96371 6
    endloop
  endfacet
  facet normal 0.587727 -0.792439 0.163146
    outer loop
      vertex 7.69262 5.96342 6
      vertex 7.47579 6.42024 9
      vertex 7.41668 6.3764 9
    endloop
  endfacet
  facet normal 0.588712 -0.791716 0.163107
    outer loop
      vertex 7.47579 6.42024 9
      vertex 7.69262 5.96342 6
      vertex 7.69301 5.96371 6
    endloop
  endfacet
  facet normal 0.507233 0.846226 0.163146
    outer loop
      vertex 7.58768 8.09948 6
      vertex 7.35355 7.66144 9
      vertex 7.6922 8.03683 6
    endloop
  endfacet
  facet normal -0.973694 0.15897 0.163243
    outer loop
      vertex 5.77719 7.24273 6
      vertex 6.26441 7.14632 9
      vertex 5.77727 7.24322 6
    endloop
  endfacet
  facet normal -0.975924 0.14476 0.163149
    outer loop
      vertex 6.26441 7.14632 9
      vertex 5.77719 7.24273 6
      vertex 6.25361 7.07351 9
    endloop
  endfacet
  facet normal 0.507228 -0.846229 0.163146
    outer loop
      vertex 7.6922 5.96317 6
      vertex 7.41668 6.3764 9
      vertex 7.35355 6.33856 9
    endloop
  endfacet
  facet normal 0.504633 -0.847783 0.163122
    outer loop
      vertex 7.41668 6.3764 9
      vertex 7.6922 5.96317 6
      vertex 7.69262 5.96342 6
    endloop
  endfacet
  facet normal -0.975922 0.144773 0.163149
    outer loop
      vertex 5.77719 7.24273 6
      vertex 5.75931 7.1222 6
      vertex 6.25361 7.07351 9
    endloop
  endfacet
  facet normal 0.0483927 0.985414 0.16315
    outer loop
      vertex 7.00049 8.24667 6
      vertex 7 7.75 9
      vertex 7.07351 7.74639 9
    endloop
  endfacet
  facet normal 0.0402355 0.985771 0.163208
    outer loop
      vertex 7 7.75 9
      vertex 7.00049 8.24667 6
      vertex 7 8.24669 6
    endloop
  endfacet
  facet normal 0.324123 0.931854 0.163073
    outer loop
      vertex 7.47663 8.15195 6
      vertex 7.28701 7.69291 9
      vertex 7.47709 8.15179 6
    endloop
  endfacet
  facet normal 0.332306 0.928954 0.163146
    outer loop
      vertex 7.28701 7.69291 9
      vertex 7.47663 8.15195 6
      vertex 7.21771 7.7177 9
    endloop
  endfacet
  facet normal 0.662543 -0.73104 0.163148
    outer loop
      vertex 7.88118 6.11813 6
      vertex 7.47579 6.42024 9
      vertex 7.79089 6.0363 6
    endloop
  endfacet
  facet normal -0.846225 -0.507233 0.163148
    outer loop
      vertex 6.33856 6.64645 9
      vertex 5.90052 6.41231 6
      vertex 5.96317 6.30779 6
    endloop
  endfacet
  facet normal 0.507233 -0.846226 0.163146
    outer loop
      vertex 7.6922 5.96317 6
      vertex 7.35355 6.33856 9
      vertex 7.58768 5.90052 6
    endloop
  endfacet
  facet normal 0.891883 -0.421815 0.163148
    outer loop
      vertex 8.15158 6.52247 6
      vertex 7.66144 6.64645 9
      vertex 8.09948 6.41231 6
    endloop
  endfacet
  facet normal -0.73104 0.662543 0.163148
    outer loop
      vertex 6.11813 7.88118 6
      vertex 6.0363 7.79089 6
      vertex 6.42024 7.47579 9
    endloop
  endfacet
  facet normal -0.421815 -0.891883 0.163148
    outer loop
      vertex 6.64645 6.33856 9
      vertex 6.41231 5.90052 6
      vertex 6.52247 5.84842 6
    endloop
  endfacet
  facet normal 0.955959 0.244075 0.163005
    outer loop
      vertex 7.7177 7.21771 9
      vertex 8.22273 7.24322 6
      vertex 8.22261 7.24369 6
    endloop
  endfacet
  facet normal 0.95701 0.239822 0.163146
    outer loop
      vertex 8.22273 7.24322 6
      vertex 7.7177 7.21771 9
      vertex 7.73559 7.14632 9
    endloop
  endfacet
  facet normal 0.973694 0.15897 0.163243
    outer loop
      vertex 7.73559 7.14632 9
      vertex 8.22281 7.24273 6
      vertex 8.22273 7.24322 6
    endloop
  endfacet
  facet normal 0.975924 0.14476 0.163149
    outer loop
      vertex 8.22281 7.24273 6
      vertex 7.73559 7.14632 9
      vertex 7.74639 7.07351 9
    endloop
  endfacet
  facet normal 0.421846 0.891868 0.163147
    outer loop
      vertex 7.47753 8.15158 6
      vertex 7.35355 7.66144 9
      vertex 7.58768 8.09948 6
    endloop
  endfacet
  facet normal 0.0484165 0.985413 0.163149
    outer loop
      vertex 7.1222 8.24069 6
      vertex 7.00049 8.24667 6
      vertex 7.07351 7.74639 9
    endloop
  endfacet
  facet normal -0.985417 -0.0483357 0.163148
    outer loop
      vertex 6.25361 6.92649 9
      vertex 5.75334 6.99951 6
      vertex 5.75931 6.8778 6
    endloop
  endfacet
  facet normal -0.224814 -0.960567 0.163614
    outer loop
      vertex 6.75678 5.77727 6
      vertex 6.78229 6.28229 9
      vertex 6.75631 5.77738 6
    endloop
  endfacet
  facet normal -0.239696 -0.957042 0.163147
    outer loop
      vertex 6.78229 6.28229 9
      vertex 6.75678 5.77727 6
      vertex 6.85368 6.26441 9
    endloop
  endfacet
  facet normal -0.791716 0.588712 0.163107
    outer loop
      vertex 5.96342 7.69262 6
      vertex 6.42024 7.47579 9
      vertex 5.96371 7.69301 6
    endloop
  endfacet
  facet normal -0.792439 0.587727 0.163146
    outer loop
      vertex 6.42024 7.47579 9
      vertex 5.96342 7.69262 6
      vertex 6.3764 7.41668 9
    endloop
  endfacet
  facet normal 0.244075 0.955959 0.163005
    outer loop
      vertex 7.24322 8.22273 6
      vertex 7.21771 7.7177 9
      vertex 7.24369 8.22261 6
    endloop
  endfacet
  facet normal 0.239822 0.95701 0.163146
    outer loop
      vertex 7.21771 7.7177 9
      vertex 7.24322 8.22273 6
      vertex 7.14632 7.73559 9
    endloop
  endfacet
  facet normal 0.891883 -0.421815 0.163149
    outer loop
      vertex 7.66144 6.64645 9
      vertex 8.15179 6.52291 6
      vertex 7.69291 6.71299 9
    endloop
  endfacet
  facet normal 0.890406 -0.424966 0.163037
    outer loop
      vertex 8.15179 6.52291 6
      vertex 7.66144 6.64645 9
      vertex 8.15158 6.52247 6
    endloop
  endfacet
  facet normal 0.975924 -0.14476 0.163149
    outer loop
      vertex 7.73559 6.85368 9
      vertex 8.22281 6.75727 6
      vertex 7.74639 6.92649 9
    endloop
  endfacet
  facet normal 0.973694 -0.15897 0.163243
    outer loop
      vertex 8.22281 6.75727 6
      vertex 7.73559 6.85368 9
      vertex 8.22273 6.75678 6
    endloop
  endfacet
  facet normal -0.332343 -0.928941 0.163148
    outer loop
      vertex 6.78229 6.28229 9
      vertex 6.52337 5.84804 6
      vertex 6.63811 5.80699 6
    endloop
  endfacet
  facet normal -0.846229 -0.507228 0.163148
    outer loop
      vertex 5.96317 6.30779 6
      vertex 6.3764 6.58332 9
      vertex 6.33856 6.64645 9
    endloop
  endfacet
  facet normal -0.842349 -0.513628 0.163201
    outer loop
      vertex 6.3764 6.58332 9
      vertex 5.96317 6.30779 6
      vertex 5.96342 6.30738 6
    endloop
  endfacet
  facet normal 0.239667 0.957049 0.16315
    outer loop
      vertex 7.24369 8.22261 6
      vertex 7.21771 7.7177 9
      vertex 7.36189 8.19301 6
    endloop
  endfacet
  facet normal 0.791716 0.588712 0.163107
    outer loop
      vertex 7.57976 7.47579 9
      vertex 8.03658 7.69262 6
      vertex 8.03629 7.69301 6
    endloop
  endfacet
  facet normal 0.792439 0.587727 0.163146
    outer loop
      vertex 8.03658 7.69262 6
      vertex 7.57976 7.47579 9
      vertex 7.6236 7.41668 9
    endloop
  endfacet
  facet normal -0.846226 0.507233 0.163146
    outer loop
      vertex 5.96317 7.6922 6
      vertex 5.90052 7.58768 6
      vertex 6.33856 7.35355 9
    endloop
  endfacet
  facet normal -0.925416 0.342001 0.163221
    outer loop
      vertex 5.84804 7.47663 6
      vertex 6.30709 7.28701 9
      vertex 5.84821 7.47709 6
    endloop
  endfacet
  facet normal -0.928911 0.332424 0.16315
    outer loop
      vertex 6.30709 7.28701 9
      vertex 5.84804 7.47663 6
      vertex 6.28229 7.21771 9
    endloop
  endfacet
  facet normal -0.985417 0.0483357 0.163148
    outer loop
      vertex 5.75931 7.1222 6
      vertex 5.75334 7.00049 6
      vertex 6.25361 7.07351 9
    endloop
  endfacet
  facet normal -0.513628 -0.842349 0.163201
    outer loop
      vertex 6.30779 5.96317 6
      vertex 6.58332 6.3764 9
      vertex 6.30738 5.96342 6
    endloop
  endfacet
  facet normal -0.507228 -0.846229 0.163148
    outer loop
      vertex 6.58332 6.3764 9
      vertex 6.30779 5.96317 6
      vertex 6.64645 6.33856 9
    endloop
  endfacet
  facet normal -0.342001 -0.925416 0.163221
    outer loop
      vertex 6.52337 5.84804 6
      vertex 6.71299 6.30709 9
      vertex 6.52291 5.84821 6
    endloop
  endfacet
  facet normal -0.332424 -0.928911 0.16315
    outer loop
      vertex 6.71299 6.30709 9
      vertex 6.52337 5.84804 6
      vertex 6.78229 6.28229 9
    endloop
  endfacet
  facet normal -0.239743 -0.95703 0.163147
    outer loop
      vertex 6.78229 6.28229 9
      vertex 6.63811 5.80699 6
      vertex 6.75631 5.77738 6
    endloop
  endfacet
  facet normal -0.507233 -0.846225 0.163148
    outer loop
      vertex 6.64645 6.33856 9
      vertex 6.30779 5.96317 6
      vertex 6.41231 5.90052 6
    endloop
  endfacet
  facet normal -0.662543 0.73104 0.163145
    outer loop
      vertex 6.20911 7.9637 6
      vertex 6.11882 7.88187 6
      vertex 6.5242 7.57976 9
    endloop
  endfacet
  facet normal -0.424966 -0.890406 0.163037
    outer loop
      vertex 6.52291 5.84821 6
      vertex 6.64645 6.33856 9
      vertex 6.52247 5.84842 6
    endloop
  endfacet
  facet normal -0.421815 -0.891883 0.163149
    outer loop
      vertex 6.64645 6.33856 9
      vertex 6.52291 5.84821 6
      vertex 6.71299 6.30709 9
    endloop
  endfacet
  facet normal 0.144773 -0.975922 0.163149
    outer loop
      vertex 7.24273 5.77719 6
      vertex 7.07351 6.25361 9
      vertex 7.1222 5.75931 6
    endloop
  endfacet
  facet normal 0.792428 -0.587742 0.163146
    outer loop
      vertex 8.03629 6.30698 6
      vertex 7.57976 6.5242 9
      vertex 7.9637 6.20911 6
    endloop
  endfacet
  facet normal -0.0483927 -0.985414 0.163147
    outer loop
      vertex 6.99951 5.75334 6
      vertex 7 6.25 9
      vertex 6.92649 6.25361 9
    endloop
  endfacet
  facet normal -0.0602924 -0.984775 0.163043
    outer loop
      vertex 7 6.25 9
      vertex 6.99951 5.75334 6
      vertex 7 5.75331 6
    endloop
  endfacet
  facet normal -0.239822 0.95701 0.163146
    outer loop
      vertex 6.75678 8.22273 6
      vertex 6.78229 7.7177 9
      vertex 6.85368 7.73559 9
    endloop
  endfacet
  facet normal -0.244075 0.955959 0.163005
    outer loop
      vertex 6.78229 7.7177 9
      vertex 6.75678 8.22273 6
      vertex 6.75631 8.22261 6
    endloop
  endfacet
  facet normal 0.15897 0.973694 0.163243
    outer loop
      vertex 7.24273 8.22281 6
      vertex 7.14632 7.73559 9
      vertex 7.24322 8.22273 6
    endloop
  endfacet
  facet normal 0.14476 0.975924 0.163149
    outer loop
      vertex 7.14632 7.73559 9
      vertex 7.24273 8.22281 6
      vertex 7.07351 7.74639 9
    endloop
  endfacet
  facet normal -0.95703 -0.239743 0.163147
    outer loop
      vertex 6.28229 6.78229 9
      vertex 5.77738 6.75631 6
      vertex 5.80699 6.63811 6
    endloop
  endfacet
  facet normal -0.14476 0.975924 0.163149
    outer loop
      vertex 6.75727 8.22281 6
      vertex 6.85368 7.73559 9
      vertex 6.92649 7.74639 9
    endloop
  endfacet
  facet normal -0.15897 0.973694 0.163243
    outer loop
      vertex 6.85368 7.73559 9
      vertex 6.75727 8.22281 6
      vertex 6.75678 8.22273 6
    endloop
  endfacet
  facet normal -0.891883 -0.421815 0.163149
    outer loop
      vertex 5.84821 6.52291 6
      vertex 6.33856 6.64645 9
      vertex 6.30709 6.71299 9
    endloop
  endfacet
  facet normal -0.890406 -0.424966 0.163037
    outer loop
      vertex 6.33856 6.64645 9
      vertex 5.84821 6.52291 6
      vertex 5.84842 6.52247 6
    endloop
  endfacet
  facet normal -0.891883 -0.421815 0.163148
    outer loop
      vertex 6.33856 6.64645 9
      vertex 5.84842 6.52247 6
      vertex 5.90052 6.41231 6
    endloop
  endfacet
  facet normal -0.891868 0.421846 0.163147
    outer loop
      vertex 5.90052 7.58768 6
      vertex 5.84842 7.47753 6
      vertex 6.33856 7.35355 9
    endloop
  endfacet
  facet normal -0.847783 0.504633 0.163122
    outer loop
      vertex 5.96317 7.6922 6
      vertex 6.3764 7.41668 9
      vertex 5.96342 7.69262 6
    endloop
  endfacet
  facet normal -0.846229 0.507228 0.163146
    outer loop
      vertex 6.3764 7.41668 9
      vertex 5.96317 7.6922 6
      vertex 6.33856 7.35355 9
    endloop
  endfacet
  facet normal 0.332343 -0.928941 0.163148
    outer loop
      vertex 7.47663 5.84804 6
      vertex 7.21771 6.28229 9
      vertex 7.36189 5.80699 6
    endloop
  endfacet
  facet normal 0.332424 -0.928911 0.16315
    outer loop
      vertex 7.47663 5.84804 6
      vertex 7.28701 6.30709 9
      vertex 7.21771 6.28229 9
    endloop
  endfacet
  facet normal 0.342001 -0.925416 0.163221
    outer loop
      vertex 7.28701 6.30709 9
      vertex 7.47663 5.84804 6
      vertex 7.47709 5.84821 6
    endloop
  endfacet
  facet normal -0.792457 0.587704 0.163147
    outer loop
      vertex 6.0363 7.79089 6
      vertex 5.96371 7.69301 6
      vertex 6.42024 7.47579 9
    endloop
  endfacet
  facet normal -0.727273 0.666666 0.163188
    outer loop
      vertex 6.11813 7.88118 6
      vertex 6.46967 7.53033 9
      vertex 6.11846 7.88154 6
    endloop
  endfacet
  facet normal -0.731038 0.662545 0.163148
    outer loop
      vertex 6.46967 7.53033 9
      vertex 6.11813 7.88118 6
      vertex 6.42024 7.47579 9
    endloop
  endfacet
  facet normal 0.662543 0.73104 0.163148
    outer loop
      vertex 7.79089 7.9637 6
      vertex 7.47579 7.57976 9
      vertex 7.88118 7.88187 6
    endloop
  endfacet
  facet normal -0.587742 0.792428 0.163146
    outer loop
      vertex 6.30698 8.03629 6
      vertex 6.20911 7.9637 6
      vertex 6.5242 7.57976 9
    endloop
  endfacet
  facet normal -0.421815 0.891883 0.163148
    outer loop
      vertex 6.52247 8.15158 6
      vertex 6.41231 8.09948 6
      vertex 6.64645 7.66144 9
    endloop
  endfacet
  facet normal -0.730978 -0.662612 0.163148
    outer loop
      vertex 6.11813 6.11882 6
      vertex 6.46967 6.46967 9
      vertex 6.42024 6.5242 9
    endloop
  endfacet
  facet normal -0.727273 -0.666666 0.163188
    outer loop
      vertex 6.46967 6.46967 9
      vertex 6.11813 6.11882 6
      vertex 6.11846 6.11846 6
    endloop
  endfacet
  facet normal -0.579071 -0.798719 0.163475
    outer loop
      vertex 6.30738 5.96342 6
      vertex 6.5242 6.42024 9
      vertex 6.30698 5.96371 6
    endloop
  endfacet
  facet normal -0.587663 -0.792487 0.163147
    outer loop
      vertex 6.5242 6.42024 9
      vertex 6.30738 5.96342 6
      vertex 6.58332 6.3764 9
    endloop
  endfacet
  facet normal -0.960567 0.224814 0.163614
    outer loop
      vertex 5.77727 7.24322 6
      vertex 6.28229 7.21771 9
      vertex 5.77738 7.24369 6
    endloop
  endfacet
  facet normal -0.957042 0.239696 0.163147
    outer loop
      vertex 6.28229 7.21771 9
      vertex 5.77727 7.24322 6
      vertex 6.26441 7.14632 9
    endloop
  endfacet
  facet normal -0.666666 -0.727273 0.163188
    outer loop
      vertex 6.11882 6.11813 6
      vertex 6.46967 6.46967 9
      vertex 6.11846 6.11846 6
    endloop
  endfacet
  facet normal -0.662612 -0.730978 0.163148
    outer loop
      vertex 6.46967 6.46967 9
      vertex 6.11882 6.11813 6
      vertex 6.5242 6.42024 9
    endloop
  endfacet
  facet normal -0.15897 -0.973694 0.163243
    outer loop
      vertex 6.75727 5.77719 6
      vertex 6.85368 6.26441 9
      vertex 6.75678 5.77727 6
    endloop
  endfacet
  facet normal -0.14476 -0.975924 0.163149
    outer loop
      vertex 6.85368 6.26441 9
      vertex 6.75727 5.77719 6
      vertex 6.92649 6.25361 9
    endloop
  endfacet
  facet normal -0.421815 0.891883 0.163149
    outer loop
      vertex 6.52291 8.15179 6
      vertex 6.64645 7.66144 9
      vertex 6.71299 7.69291 9
    endloop
  endfacet
  facet normal -0.424966 0.890406 0.163037
    outer loop
      vertex 6.64645 7.66144 9
      vertex 6.52291 8.15179 6
      vertex 6.52247 8.15158 6
    endloop
  endfacet
  facet normal -0.332306 0.928954 0.163146
    outer loop
      vertex 6.52337 8.15195 6
      vertex 6.71299 7.69291 9
      vertex 6.78229 7.7177 9
    endloop
  endfacet
  facet normal -0.324123 0.931854 0.163073
    outer loop
      vertex 6.71299 7.69291 9
      vertex 6.52337 8.15195 6
      vertex 6.52291 8.15179 6
    endloop
  endfacet
  facet normal 0 0 1
    outer loop
      vertex 7.74639 7.07351 9
      vertex 7.74639 6.92649 9
      vertex 7.75 7 9
    endloop
  endfacet
  facet normal 0 0 1
    outer loop
      vertex 7.73559 7.14632 9
      vertex 7.74639 6.92649 9
      vertex 7.74639 7.07351 9
    endloop
  endfacet
  facet normal 0 0 1
    outer loop
      vertex 7.73559 7.14632 9
      vertex 7.73559 6.85368 9
      vertex 7.74639 6.92649 9
    endloop
  endfacet
  facet normal 0 0 1
    outer loop
      vertex 7.7177 7.21771 9
      vertex 7.73559 6.85368 9
      vertex 7.73559 7.14632 9
    endloop
  endfacet
  facet normal 0 0 1
    outer loop
      vertex 7.7177 7.21771 9
      vertex 7.7177 6.78229 9
      vertex 7.73559 6.85368 9
    endloop
  endfacet
  facet normal 0 0 1
    outer loop
      vertex 7.69291 7.28701 9
      vertex 7.7177 6.78229 9
      vertex 7.7177 7.21771 9
    endloop
  endfacet
  facet normal 0 0 1
    outer loop
      vertex 7.69291 7.28701 9
      vertex 7.69291 6.71299 9
      vertex 7.7177 6.78229 9
    endloop
  endfacet
  facet normal 0 0 1
    outer loop
      vertex 7.66144 7.35355 9
      vertex 7.69291 6.71299 9
      vertex 7.69291 7.28701 9
    endloop
  endfacet
  facet normal 0 0 1
    outer loop
      vertex 7.66144 7.35355 9
      vertex 7.66144 6.64645 9
      vertex 7.69291 6.71299 9
    endloop
  endfacet
  facet normal 0 0 1
    outer loop
      vertex 7.6236 7.41668 9
      vertex 7.66144 6.64645 9
      vertex 7.66144 7.35355 9
    endloop
  endfacet
  facet normal 0 0 1
    outer loop
      vertex 7.6236 7.41668 9
      vertex 7.6236 6.58332 9
      vertex 7.66144 6.64645 9
    endloop
  endfacet
  facet normal 0 0 1
    outer loop
      vertex 7.57976 7.47579 9
      vertex 7.6236 6.58332 9
      vertex 7.6236 7.41668 9
    endloop
  endfacet
  facet normal 0 0 1
    outer loop
      vertex 7.57976 7.47579 9
      vertex 7.57976 6.5242 9
      vertex 7.6236 6.58332 9
    endloop
  endfacet
  facet normal 0 0 1
    outer loop
      vertex 7.53033 7.53033 9
      vertex 7.57976 6.5242 9
      vertex 7.57976 7.47579 9
    endloop
  endfacet
  facet normal 0 0 1
    outer loop
      vertex 7.53033 7.53033 9
      vertex 7.53033 6.46967 9
      vertex 7.57976 6.5242 9
    endloop
  endfacet
  facet normal 0 0 1
    outer loop
      vertex 7.47579 7.57976 9
      vertex 7.53033 6.46967 9
      vertex 7.53033 7.53033 9
    endloop
  endfacet
  facet normal 0 0 1
    outer loop
      vertex 7.47579 7.57976 9
      vertex 7.47579 6.42024 9
      vertex 7.53033 6.46967 9
    endloop
  endfacet
  facet normal 0 0 1
    outer loop
      vertex 7.41668 7.6236 9
      vertex 7.47579 6.42024 9
      vertex 7.47579 7.57976 9
    endloop
  endfacet
  facet normal 0 0 1
    outer loop
      vertex 7.41668 7.6236 9
      vertex 7.41668 6.3764 9
      vertex 7.47579 6.42024 9
    endloop
  endfacet
  facet normal 0 0 1
    outer loop
      vertex 7.35355 7.66144 9
      vertex 7.41668 6.3764 9
      vertex 7.41668 7.6236 9
    endloop
  endfacet
  facet normal 0 0 1
    outer loop
      vertex 7.35355 7.66144 9
      vertex 7.35355 6.33856 9
      vertex 7.41668 6.3764 9
    endloop
  endfacet
  facet normal 0 0 1
    outer loop
      vertex 7.28701 7.69291 9
      vertex 7.35355 6.33856 9
      vertex 7.35355 7.66144 9
    endloop
  endfacet
  facet normal 0 0 1
    outer loop
      vertex 7.28701 7.69291 9
      vertex 7.28701 6.30709 9
      vertex 7.35355 6.33856 9
    endloop
  endfacet
  facet normal 0 0 1
    outer loop
      vertex 7.21771 7.7177 9
      vertex 7.28701 6.30709 9
      vertex 7.28701 7.69291 9
    endloop
  endfacet
  facet normal 0 0 1
    outer loop
      vertex 7.21771 7.7177 9
      vertex 7.21771 6.28229 9
      vertex 7.28701 6.30709 9
    endloop
  endfacet
  facet normal 0 0 1
    outer loop
      vertex 7.14632 7.73559 9
      vertex 7.21771 6.28229 9
      vertex 7.21771 7.7177 9
    endloop
  endfacet
  facet normal 0 0 1
    outer loop
      vertex 7.14632 7.73559 9
      vertex 7.14632 6.26441 9
      vertex 7.21771 6.28229 9
    endloop
  endfacet
  facet normal 0 0 1
    outer loop
      vertex 7.07351 7.74639 9
      vertex 7.14632 6.26441 9
      vertex 7.14632 7.73559 9
    endloop
  endfacet
  facet normal 0 0 1
    outer loop
      vertex 7.07351 7.74639 9
      vertex 7.07351 6.25361 9
      vertex 7.14632 6.26441 9
    endloop
  endfacet
  facet normal 0 0 1
    outer loop
      vertex 7 7.75 9
      vertex 7.07351 6.25361 9
      vertex 7.07351 7.74639 9
    endloop
  endfacet
  facet normal 0 0 1
    outer loop
      vertex 7 7.75 9
      vertex 7 6.25 9
      vertex 7.07351 6.25361 9
    endloop
  endfacet
  facet normal -0 0 1
    outer loop
      vertex 6.92649 7.74639 9
      vertex 7 6.25 9
      vertex 7 7.75 9
    endloop
  endfacet
  facet normal 0 0 1
    outer loop
      vertex 6.92649 7.74639 9
      vertex 6.92649 6.25361 9
      vertex 7 6.25 9
    endloop
  endfacet
  facet normal -0 0 1
    outer loop
      vertex 6.85368 7.73559 9
      vertex 6.92649 6.25361 9
      vertex 6.92649 7.74639 9
    endloop
  endfacet
  facet normal 0 0 1
    outer loop
      vertex 6.85368 7.73559 9
      vertex 6.85368 6.26441 9
      vertex 6.92649 6.25361 9
    endloop
  endfacet
  facet normal -0 0 1
    outer loop
      vertex 6.78229 7.7177 9
      vertex 6.85368 6.26441 9
      vertex 6.85368 7.73559 9
    endloop
  endfacet
  facet normal 0 0 1
    outer loop
      vertex 6.78229 7.7177 9
      vertex 6.78229 6.28229 9
      vertex 6.85368 6.26441 9
    endloop
  endfacet
  facet normal -0 0 1
    outer loop
      vertex 6.71299 7.69291 9
      vertex 6.78229 6.28229 9
      vertex 6.78229 7.7177 9
    endloop
  endfacet
  facet normal 0 0 1
    outer loop
      vertex 6.71299 7.69291 9
      vertex 6.71299 6.30709 9
      vertex 6.78229 6.28229 9
    endloop
  endfacet
  facet normal -0 0 1
    outer loop
      vertex 6.64645 7.66144 9
      vertex 6.71299 6.30709 9
      vertex 6.71299 7.69291 9
    endloop
  endfacet
  facet normal 0 0 1
    outer loop
      vertex 6.64645 7.66144 9
      vertex 6.64645 6.33856 9
      vertex 6.71299 6.30709 9
    endloop
  endfacet
  facet normal -0 0 1
    outer loop
      vertex 6.58332 7.6236 9
      vertex 6.64645 6.33856 9
      vertex 6.64645 7.66144 9
    endloop
  endfacet
  facet normal 0 0 1
    outer loop
      vertex 6.58332 7.6236 9
      vertex 6.58332 6.3764 9
      vertex 6.64645 6.33856 9
    endloop
  endfacet
  facet normal -0 0 1
    outer loop
      vertex 6.5242 7.57976 9
      vertex 6.58332 6.3764 9
      vertex 6.58332 7.6236 9
    endloop
  endfacet
  facet normal 0 0 1
    outer loop
      vertex 6.5242 7.57976 9
      vertex 6.5242 6.42024 9
      vertex 6.58332 6.3764 9
    endloop
  endfacet
  facet normal -0 0 1
    outer loop
      vertex 6.46967 7.53033 9
      vertex 6.5242 6.42024 9
      vertex 6.5242 7.57976 9
    endloop
  endfacet
  facet normal 0 0 1
    outer loop
      vertex 6.46967 7.53033 9
      vertex 6.46967 6.46967 9
      vertex 6.5242 6.42024 9
    endloop
  endfacet
  facet normal -0 0 1
    outer loop
      vertex 6.42024 7.47579 9
      vertex 6.46967 6.46967 9
      vertex 6.46967 7.53033 9
    endloop
  endfacet
  facet normal 0 0 1
    outer loop
      vertex 6.42024 7.47579 9
      vertex 6.42024 6.5242 9
      vertex 6.46967 6.46967 9
    endloop
  endfacet
  facet normal -0 0 1
    outer loop
      vertex 6.3764 7.41668 9
      vertex 6.42024 6.5242 9
      vertex 6.42024 7.47579 9
    endloop
  endfacet
  facet normal 0 0 1
    outer loop
      vertex 6.3764 7.41668 9
      vertex 6.3764 6.58332 9
      vertex 6.42024 6.5242 9
    endloop
  endfacet
  facet normal -0 0 1
    outer loop
      vertex 6.33856 7.35355 9
      vertex 6.3764 6.58332 9
      vertex 6.3764 7.41668 9
    endloop
  endfacet
  facet normal 0 0 1
    outer loop
      vertex 6.33856 7.35355 9
      vertex 6.33856 6.64645 9
      vertex 6.3764 6.58332 9
    endloop
  endfacet
  facet normal -0 0 1
    outer loop
      vertex 6.30709 7.28701 9
      vertex 6.33856 6.64645 9
      vertex 6.33856 7.35355 9
    endloop
  endfacet
  facet normal 0 0 1
    outer loop
      vertex 6.30709 7.28701 9
      vertex 6.30709 6.71299 9
      vertex 6.33856 6.64645 9
    endloop
  endfacet
  facet normal -0 0 1
    outer loop
      vertex 6.28229 7.21771 9
      vertex 6.30709 6.71299 9
      vertex 6.30709 7.28701 9
    endloop
  endfacet
  facet normal 0 0 1
    outer loop
      vertex 6.28229 7.21771 9
      vertex 6.28229 6.78229 9
      vertex 6.30709 6.71299 9
    endloop
  endfacet
  facet normal -0 0 1
    outer loop
      vertex 6.26441 7.14632 9
      vertex 6.28229 6.78229 9
      vertex 6.28229 7.21771 9
    endloop
  endfacet
  facet normal 0 0 1
    outer loop
      vertex 6.26441 7.14632 9
      vertex 6.26441 6.85368 9
      vertex 6.28229 6.78229 9
    endloop
  endfacet
  facet normal -0 0 1
    outer loop
      vertex 6.25361 7.07351 9
      vertex 6.26441 6.85368 9
      vertex 6.26441 7.14632 9
    endloop
  endfacet
  facet normal 0 0 1
    outer loop
      vertex 6.25361 7.07351 9
      vertex 6.25361 6.92649 9
      vertex 6.26441 6.85368 9
    endloop
  endfacet
  facet normal 0 -0 1
    outer loop
      vertex 6.25361 6.92649 9
      vertex 6.25361 7.07351 9
      vertex 6.25 7 9
    endloop
  endfacet
  facet normal 0.727273 0.666666 0.163188
    outer loop
      vertex 7.53033 7.53033 9
      vertex 7.88187 7.88118 6
      vertex 7.88154 7.88154 6
    endloop
  endfacet
  facet normal 0.731038 0.662545 0.163148
    outer loop
      vertex 7.88187 7.88118 6
      vertex 7.53033 7.53033 9
      vertex 7.57976 7.47579 9
    endloop
  endfacet
  facet normal -0.975924 -0.14476 0.163149
    outer loop
      vertex 5.77719 6.75727 6
      vertex 6.26441 6.85368 9
      vertex 6.25361 6.92649 9
    endloop
  endfacet
  facet normal -0.973694 -0.15897 0.163243
    outer loop
      vertex 6.26441 6.85368 9
      vertex 5.77719 6.75727 6
      vertex 5.77727 6.75678 6
    endloop
  endfacet
  facet normal -0.957042 -0.239696 0.163147
    outer loop
      vertex 5.77727 6.75678 6
      vertex 6.28229 6.78229 9
      vertex 6.26441 6.85368 9
    endloop
  endfacet
  facet normal -0.960567 -0.224814 0.163614
    outer loop
      vertex 6.28229 6.78229 9
      vertex 5.77727 6.75678 6
      vertex 5.77738 6.75631 6
    endloop
  endfacet
  facet normal 0.332517 0.928878 0.163151
    outer loop
      vertex 75.3619 8.19301 6
      vertex 75.2177 7.7177 9
      vertex 75.4766 8.15195 6
    endloop
  endfacet
  facet normal 0.422022 -0.891785 0.163149
    outer loop
      vertex 75.4771 5.84821 6
      vertex 75.3535 6.33856 9
      vertex 75.287 6.30709 9
    endloop
  endfacet
  facet normal 0.458716 -0.873744 0.161713
    outer loop
      vertex 75.3535 6.33856 9
      vertex 75.4771 5.84821 6
      vertex 75.4775 5.84842 6
    endloop
  endfacet
  facet normal 0.985419 0.0482588 0.16316
    outer loop
      vertex 75.75 7 9
      vertex 76.2467 7.00049 6
      vertex 75.7464 7.07351 9
    endloop
  endfacet
  facet normal 0.986569 0 0.163343
    outer loop
      vertex 76.2467 7.00049 6
      vertex 75.75 7 9
      vertex 76.2467 7 6
    endloop
  endfacet
  facet normal 0.985405 0.048578 0.16315
    outer loop
      vertex 76.2407 7.1222 6
      vertex 75.7464 7.07351 9
      vertex 76.2467 7.00049 6
    endloop
  endfacet
  facet normal 0.579072 0.79872 0.163471
    outer loop
      vertex 75.6926 8.03658 6
      vertex 75.4758 7.57976 9
      vertex 75.693 8.03629 6
    endloop
  endfacet
  facet normal 0.587792 0.792393 0.163138
    outer loop
      vertex 75.4758 7.57976 9
      vertex 75.6926 8.03658 6
      vertex 75.4167 7.6236 9
    endloop
  endfacet
  facet normal 0.0590908 -0.984846 0.163054
    outer loop
      vertex 75.0005 5.75334 6
      vertex 75 6.25 9
      vertex 75 5.75331 6
    endloop
  endfacet
  facet normal 0.0483992 -0.985414 0.163147
    outer loop
      vertex 75 6.25 9
      vertex 75.0005 5.75334 6
      vertex 75.0735 6.25361 9
    endloop
  endfacet
  facet normal 0.929069 0.331984 0.163151
    outer loop
      vertex 76.152 7.47663 6
      vertex 75.7177 7.21771 9
      vertex 76.193 7.36189 6
    endloop
  endfacet
  facet normal -0.144808 0.975916 0.163149
    outer loop
      vertex 74.8778 8.24069 6
      vertex 74.7573 8.22281 6
      vertex 74.9265 7.74639 9
    endloop
  endfacet
  facet normal -0.792391 -0.587796 0.163136
    outer loop
      vertex 74.4202 6.5242 9
      vertex 73.9637 6.30698 6
      vertex 74.0363 6.20911 6
    endloop
  endfacet
  facet normal -0.507304 0.846181 0.163157
    outer loop
      vertex 74.4123 8.09948 6
      vertex 74.3078 8.03683 6
      vertex 74.6465 7.66144 9
    endloop
  endfacet
  facet normal -0.0483397 -0.985417 0.163149
    outer loop
      vertex 74.9265 6.25361 9
      vertex 74.8778 5.75931 6
      vertex 74.9995 5.75334 6
    endloop
  endfacet
  facet normal -0.506815 0.846478 0.163139
    outer loop
      vertex 74.3078 8.03683 6
      vertex 74.5833 7.6236 9
      vertex 74.6465 7.66144 9
    endloop
  endfacet
  facet normal -0.522888 0.836621 0.163258
    outer loop
      vertex 74.5833 7.6236 9
      vertex 74.3078 8.03683 6
      vertex 74.3074 8.03658 6
    endloop
  endfacet
  facet normal 0.792742 -0.587316 0.163156
    outer loop
      vertex 75.5798 6.5242 9
      vertex 76.0366 6.30738 6
      vertex 75.6236 6.58332 9
    endloop
  endfacet
  facet normal 0.789305 -0.591979 0.162969
    outer loop
      vertex 76.0366 6.30738 6
      vertex 75.5798 6.5242 9
      vertex 76.0363 6.30698 6
    endloop
  endfacet
  facet normal 0.421689 -0.891941 0.163155
    outer loop
      vertex 75.5877 5.90052 6
      vertex 75.3535 6.33856 9
      vertex 75.4775 5.84842 6
    endloop
  endfacet
  facet normal 0.929069 -0.331984 0.163151
    outer loop
      vertex 76.193 6.63811 6
      vertex 75.7177 6.78229 9
      vertex 76.152 6.52337 6
    endloop
  endfacet
  facet normal 0.522888 0.836621 0.163258
    outer loop
      vertex 75.6922 8.03683 6
      vertex 75.4167 7.6236 9
      vertex 75.6926 8.03658 6
    endloop
  endfacet
  facet normal 0.506815 0.846478 0.163139
    outer loop
      vertex 75.4167 7.6236 9
      vertex 75.6922 8.03683 6
      vertex 75.3535 7.66144 9
    endloop
  endfacet
  facet normal 0.0483397 -0.985417 0.163149
    outer loop
      vertex 75.0735 6.25361 9
      vertex 75.0005 5.75334 6
      vertex 75.1222 5.75931 6
    endloop
  endfacet
  facet normal -0.0484204 0.985413 0.163149
    outer loop
      vertex 74.9995 8.24667 6
      vertex 74.8778 8.24069 6
      vertex 74.9265 7.74639 9
    endloop
  endfacet
  facet normal 0.587626 -0.792514 0.163146
    outer loop
      vertex 75.7909 6.0363 6
      vertex 75.4758 6.42024 9
      vertex 75.693 5.96371 6
    endloop
  endfacet
  facet normal 0.846045 -0.50753 0.163162
    outer loop
      vertex 76.0995 6.41231 6
      vertex 75.6614 6.64645 9
      vertex 76.0368 6.30779 6
    endloop
  endfacet
  facet normal 0.890981 0.424277 0.161683
    outer loop
      vertex 75.6236 7.41668 9
      vertex 76.0368 7.6922 6
      vertex 76.0366 7.69262 6
    endloop
  endfacet
  facet normal 0.846467 0.506834 0.163134
    outer loop
      vertex 76.0368 7.6922 6
      vertex 75.6236 7.41668 9
      vertex 75.6614 7.35355 9
    endloop
  endfacet
  facet normal 0.730025 0.663659 0.163156
    outer loop
      vertex 75.8812 7.88187 6
      vertex 75.5303 7.53033 9
      vertex 75.8815 7.88154 6
    endloop
  endfacet
  facet normal 0.662811 0.730795 0.163161
    outer loop
      vertex 75.5303 7.53033 9
      vertex 75.8812 7.88187 6
      vertex 75.4758 7.57976 9
    endloop
  endfacet
  facet normal -0.929069 0.331984 0.163151
    outer loop
      vertex 73.848 7.47663 6
      vertex 73.807 7.36189 6
      vertex 74.2823 7.21771 9
    endloop
  endfacet
  facet normal -0.975898 -0.144931 0.163148
    outer loop
      vertex 74.2536 6.92649 9
      vertex 73.7593 6.8778 6
      vertex 73.7772 6.75727 6
    endloop
  endfacet
  facet normal -0.144808 -0.975916 0.163149
    outer loop
      vertex 74.9265 6.25361 9
      vertex 74.7573 5.77719 6
      vertex 74.8778 5.75931 6
    endloop
  endfacet
  facet normal 0.957049 0.239667 0.163147
    outer loop
      vertex 76.193 7.36189 6
      vertex 75.7177 7.21771 9
      vertex 76.2226 7.24369 6
    endloop
  endfacet
  facet normal -0.239667 0.957048 0.163152
    outer loop
      vertex 74.7563 8.22261 6
      vertex 74.6381 8.19301 6
      vertex 74.7823 7.7177 9
    endloop
  endfacet
  facet normal -0.0394321 0.985803 0.163213
    outer loop
      vertex 74.9995 8.24667 6
      vertex 75 7.75 9
      vertex 75 8.24669 6
    endloop
  endfacet
  facet normal -0.0483992 0.985413 0.16315
    outer loop
      vertex 75 7.75 9
      vertex 74.9995 8.24667 6
      vertex 74.9265 7.74639 9
    endloop
  endfacet
  facet normal 0.731162 0.662411 0.16314
    outer loop
      vertex 75.8819 7.88118 6
      vertex 75.5798 7.47579 9
      vertex 75.9637 7.79089 6
    endloop
  endfacet
  facet normal 0.846045 0.50753 0.16316
    outer loop
      vertex 76.0368 7.6922 6
      vertex 75.6614 7.35355 9
      vertex 76.0995 7.58768 6
    endloop
  endfacet
  facet normal 0.144779 -0.975921 0.163148
    outer loop
      vertex 75.2427 5.77719 6
      vertex 75.1463 6.26441 9
      vertex 75.0735 6.25361 9
    endloop
  endfacet
  facet normal 0.155872 -0.974198 0.163225
    outer loop
      vertex 75.1463 6.26441 9
      vertex 75.2427 5.77719 6
      vertex 75.2432 5.77727 6
    endloop
  endfacet
  facet normal 0.792419 0.587757 0.163137
    outer loop
      vertex 75.9637 7.79089 6
      vertex 75.5798 7.47579 9
      vertex 76.0363 7.69301 6
    endloop
  endfacet
  facet normal 0.957049 -0.239667 0.163147
    outer loop
      vertex 76.2226 6.75631 6
      vertex 75.7177 6.78229 9
      vertex 76.193 6.63811 6
    endloop
  endfacet
  facet normal -0.662811 0.730795 0.163161
    outer loop
      vertex 74.1188 7.88187 6
      vertex 74.4697 7.53033 9
      vertex 74.5242 7.57976 9
    endloop
  endfacet
  facet normal -0.730025 0.663659 0.163156
    outer loop
      vertex 74.4697 7.53033 9
      vertex 74.1188 7.88187 6
      vertex 74.1185 7.88154 6
    endloop
  endfacet
  facet normal 0.239665 -0.95705 0.163147
    outer loop
      vertex 75.2432 5.77727 6
      vertex 75.2177 6.28229 9
      vertex 75.1463 6.26441 9
    endloop
  endfacet
  facet normal 0.211953 -0.963424 0.163984
    outer loop
      vertex 75.2177 6.28229 9
      vertex 75.2432 5.77727 6
      vertex 75.2437 5.77738 6
    endloop
  endfacet
  facet normal 0.662811 -0.730795 0.163161
    outer loop
      vertex 75.8812 6.11813 6
      vertex 75.5303 6.46967 9
      vertex 75.4758 6.42024 9
    endloop
  endfacet
  facet normal 0.730025 -0.663659 0.163156
    outer loop
      vertex 75.5303 6.46967 9
      vertex 75.8812 6.11813 6
      vertex 75.8815 6.11846 6
    endloop
  endfacet
  facet normal -0.662503 -0.731077 0.163148
    outer loop
      vertex 74.5242 6.42024 9
      vertex 74.1188 6.11813 6
      vertex 74.2091 6.0363 6
    endloop
  endfacet
  facet normal 0.587626 0.792514 0.163146
    outer loop
      vertex 75.693 8.03629 6
      vertex 75.4758 7.57976 9
      vertex 75.7909 7.9637 6
    endloop
  endfacet
  facet normal -0.986569 0 0.163343
    outer loop
      vertex 73.7533 6.99951 6
      vertex 74.25 7 9
      vertex 73.7533 7 6
    endloop
  endfacet
  facet normal -0.985419 -0.0482588 0.16316
    outer loop
      vertex 74.25 7 9
      vertex 73.7533 6.99951 6
      vertex 74.2536 6.92649 9
    endloop
  endfacet
  facet normal -0.986569 0 0.163343
    outer loop
      vertex 74.25 7 9
      vertex 73.7533 7.00049 6
      vertex 73.7533 7 6
    endloop
  endfacet
  facet normal -0.985419 0.0482588 0.16316
    outer loop
      vertex 73.7533 7.00049 6
      vertex 74.25 7 9
      vertex 74.2536 7.07351 9
    endloop
  endfacet
  facet normal -0.928909 -0.332423 0.163165
    outer loop
      vertex 73.848 6.52337 6
      vertex 74.3071 6.71299 9
      vertex 74.2823 6.78229 9
    endloop
  endfacet
  facet normal -0.904756 -0.393372 0.163322
    outer loop
      vertex 74.3071 6.71299 9
      vertex 73.848 6.52337 6
      vertex 73.8482 6.52291 6
    endloop
  endfacet
  facet normal 0.956981 -0.239949 0.163132
    outer loop
      vertex 75.7177 6.78229 9
      vertex 76.2227 6.75678 6
      vertex 75.7356 6.85368 9
    endloop
  endfacet
  facet normal 0.964837 -0.205284 0.16416
    outer loop
      vertex 76.2227 6.75678 6
      vertex 75.7177 6.78229 9
      vertex 76.2226 6.75631 6
    endloop
  endfacet
  facet normal 0.904756 0.393372 0.163322
    outer loop
      vertex 75.6929 7.28701 9
      vertex 76.152 7.47663 6
      vertex 76.1518 7.47709 6
    endloop
  endfacet
  facet normal 0.928909 0.332423 0.163165
    outer loop
      vertex 76.152 7.47663 6
      vertex 75.6929 7.28701 9
      vertex 75.7177 7.21771 9
    endloop
  endfacet
  facet normal -0.792742 -0.587316 0.163156
    outer loop
      vertex 73.9634 6.30738 6
      vertex 74.4202 6.5242 9
      vertex 74.3764 6.58332 9
    endloop
  endfacet
  facet normal -0.789305 -0.591979 0.162969
    outer loop
      vertex 74.4202 6.5242 9
      vertex 73.9634 6.30738 6
      vertex 73.9637 6.30698 6
    endloop
  endfacet
  facet normal -0.332517 0.928878 0.163151
    outer loop
      vertex 74.6381 8.19301 6
      vertex 74.5234 8.15195 6
      vertex 74.7823 7.7177 9
    endloop
  endfacet
  facet normal -0.957049 0.239667 0.163147
    outer loop
      vertex 73.807 7.36189 6
      vertex 73.7774 7.24369 6
      vertex 74.2823 7.21771 9
    endloop
  endfacet
  facet normal 0.928909 -0.332423 0.163165
    outer loop
      vertex 75.6929 6.71299 9
      vertex 76.152 6.52337 6
      vertex 75.7177 6.78229 9
    endloop
  endfacet
  facet normal 0.904756 -0.393372 0.163322
    outer loop
      vertex 76.152 6.52337 6
      vertex 75.6929 6.71299 9
      vertex 76.1518 6.52291 6
    endloop
  endfacet
  facet normal 0.975898 -0.144931 0.163148
    outer loop
      vertex 76.2407 6.8778 6
      vertex 75.7464 6.92649 9
      vertex 76.2228 6.75727 6
    endloop
  endfacet
  facet normal 0.891866 0.421845 0.163164
    outer loop
      vertex 76.0995 7.58768 6
      vertex 75.6614 7.35355 9
      vertex 76.1516 7.47753 6
    endloop
  endfacet
  facet normal 0.898098 0.408226 0.16362
    outer loop
      vertex 75.6614 7.35355 9
      vertex 76.1518 7.47709 6
      vertex 76.1516 7.47753 6
    endloop
  endfacet
  facet normal 0.891727 0.422143 0.163151
    outer loop
      vertex 76.1518 7.47709 6
      vertex 75.6614 7.35355 9
      vertex 75.6929 7.28701 9
    endloop
  endfacet
  facet normal 0.731162 -0.662411 0.163137
    outer loop
      vertex 75.9637 6.20911 6
      vertex 75.5798 6.5242 9
      vertex 75.8819 6.11882 6
    endloop
  endfacet
  facet normal -0.587792 0.792393 0.163138
    outer loop
      vertex 74.3074 8.03658 6
      vertex 74.5242 7.57976 9
      vertex 74.5833 7.6236 9
    endloop
  endfacet
  facet normal -0.579072 0.79872 0.163471
    outer loop
      vertex 74.5242 7.57976 9
      vertex 74.3074 8.03658 6
      vertex 74.307 8.03629 6
    endloop
  endfacet
  facet normal -0.929069 -0.331984 0.163151
    outer loop
      vertex 74.2823 6.78229 9
      vertex 73.807 6.63811 6
      vertex 73.848 6.52337 6
    endloop
  endfacet
  facet normal 0.846467 -0.506834 0.163136
    outer loop
      vertex 75.6236 6.58332 9
      vertex 76.0368 6.30779 6
      vertex 75.6614 6.64645 9
    endloop
  endfacet
  facet normal 0.886912 -0.43264 0.161892
    outer loop
      vertex 76.0368 6.30779 6
      vertex 75.6236 6.58332 9
      vertex 76.0366 6.30738 6
    endloop
  endfacet
  facet normal -0.898098 0.408226 0.16362
    outer loop
      vertex 73.8482 7.47709 6
      vertex 74.3386 7.35355 9
      vertex 73.8484 7.47753 6
    endloop
  endfacet
  facet normal -0.891727 0.422143 0.163151
    outer loop
      vertex 74.3386 7.35355 9
      vertex 73.8482 7.47709 6
      vertex 74.3071 7.28701 9
    endloop
  endfacet
  facet normal 0.975898 0.144931 0.163148
    outer loop
      vertex 76.2228 7.24273 6
      vertex 75.7464 7.07351 9
      vertex 76.2407 7.1222 6
    endloop
  endfacet
  facet normal 0.985405 -0.048578 0.16315
    outer loop
      vertex 76.2467 6.99951 6
      vertex 75.7464 6.92649 9
      vertex 76.2407 6.8778 6
    endloop
  endfacet
  facet normal 0.986569 0 0.163343
    outer loop
      vertex 75.75 7 9
      vertex 76.2467 6.99951 6
      vertex 76.2467 7 6
    endloop
  endfacet
  facet normal 0.985419 -0.0482588 0.16316
    outer loop
      vertex 76.2467 6.99951 6
      vertex 75.75 7 9
      vertex 75.7464 6.92649 9
    endloop
  endfacet
  facet normal 0.730508 -0.663124 0.163168
    outer loop
      vertex 75.5303 6.46967 9
      vertex 75.8819 6.11882 6
      vertex 75.5798 6.5242 9
    endloop
  endfacet
  facet normal 0.660005 -0.733339 0.163117
    outer loop
      vertex 75.8819 6.11882 6
      vertex 75.5303 6.46967 9
      vertex 75.8815 6.11846 6
    endloop
  endfacet
  facet normal 0.239743 -0.95703 0.163149
    outer loop
      vertex 75.3619 5.80699 6
      vertex 75.2177 6.28229 9
      vertex 75.2437 5.77738 6
    endloop
  endfacet
  facet normal 0.144808 0.975916 0.163149
    outer loop
      vertex 75.1222 8.24069 6
      vertex 75.0735 7.74639 9
      vertex 75.2427 8.22281 6
    endloop
  endfacet
  facet normal -0.731162 -0.662411 0.163137
    outer loop
      vertex 74.4202 6.5242 9
      vertex 74.0363 6.20911 6
      vertex 74.1181 6.11882 6
    endloop
  endfacet
  facet normal 0.458716 0.873744 0.161713
    outer loop
      vertex 75.4771 8.15179 6
      vertex 75.3535 7.66144 9
      vertex 75.4775 8.15158 6
    endloop
  endfacet
  facet normal 0.422022 0.891785 0.163149
    outer loop
      vertex 75.3535 7.66144 9
      vertex 75.4771 8.15179 6
      vertex 75.287 7.69291 9
    endloop
  endfacet
  facet normal -0.587626 -0.792514 0.163146
    outer loop
      vertex 74.5242 6.42024 9
      vertex 74.2091 6.0363 6
      vertex 74.307 5.96371 6
    endloop
  endfacet
  facet normal 0.587792 -0.792393 0.163138
    outer loop
      vertex 75.6926 5.96342 6
      vertex 75.4758 6.42024 9
      vertex 75.4167 6.3764 9
    endloop
  endfacet
  facet normal 0.579072 -0.79872 0.163471
    outer loop
      vertex 75.4758 6.42024 9
      vertex 75.6926 5.96342 6
      vertex 75.693 5.96371 6
    endloop
  endfacet
  facet normal 0.507304 0.846181 0.163157
    outer loop
      vertex 75.5877 8.09948 6
      vertex 75.3535 7.66144 9
      vertex 75.6922 8.03683 6
    endloop
  endfacet
  facet normal -0.966648 0.197275 0.163323
    outer loop
      vertex 73.7772 7.24273 6
      vertex 74.2644 7.14632 9
      vertex 73.7773 7.24322 6
    endloop
  endfacet
  facet normal -0.975925 0.14476 0.163142
    outer loop
      vertex 74.2644 7.14632 9
      vertex 73.7772 7.24273 6
      vertex 74.2536 7.07351 9
    endloop
  endfacet
  facet normal 0.506815 -0.846478 0.163139
    outer loop
      vertex 75.6922 5.96317 6
      vertex 75.4167 6.3764 9
      vertex 75.3535 6.33856 9
    endloop
  endfacet
  facet normal 0.522888 -0.836621 0.163258
    outer loop
      vertex 75.4167 6.3764 9
      vertex 75.6922 5.96317 6
      vertex 75.6926 5.96342 6
    endloop
  endfacet
  facet normal -0.975898 0.144931 0.163148
    outer loop
      vertex 73.7772 7.24273 6
      vertex 73.7593 7.1222 6
      vertex 74.2536 7.07351 9
    endloop
  endfacet
  facet normal 0.0483992 0.985413 0.16315
    outer loop
      vertex 75.0005 8.24667 6
      vertex 75 7.75 9
      vertex 75.0735 7.74639 9
    endloop
  endfacet
  facet normal 0.0394321 0.985803 0.163213
    outer loop
      vertex 75 7.75 9
      vertex 75.0005 8.24667 6
      vertex 75 8.24669 6
    endloop
  endfacet
  facet normal 0.30071 0.939719 0.162794
    outer loop
      vertex 75.4766 8.15195 6
      vertex 75.287 7.69291 9
      vertex 75.4771 8.15179 6
    endloop
  endfacet
  facet normal 0.332306 0.928955 0.163144
    outer loop
      vertex 75.287 7.69291 9
      vertex 75.4766 8.15195 6
      vertex 75.2177 7.7177 9
    endloop
  endfacet
  facet normal 0.662503 -0.731077 0.163148
    outer loop
      vertex 75.8812 6.11813 6
      vertex 75.4758 6.42024 9
      vertex 75.7909 6.0363 6
    endloop
  endfacet
  facet normal -0.846045 -0.50753 0.163162
    outer loop
      vertex 74.3386 6.64645 9
      vertex 73.9005 6.41231 6
      vertex 73.9632 6.30779 6
    endloop
  endfacet
  facet normal 0.507304 -0.846181 0.163157
    outer loop
      vertex 75.6922 5.96317 6
      vertex 75.3535 6.33856 9
      vertex 75.5877 5.90052 6
    endloop
  endfacet
  facet normal 0.89188 -0.421813 0.163165
    outer loop
      vertex 76.1516 6.52247 6
      vertex 75.6614 6.64645 9
      vertex 76.0995 6.41231 6
    endloop
  endfacet
  facet normal -0.731162 0.662411 0.16314
    outer loop
      vertex 74.1181 7.88118 6
      vertex 74.0363 7.79089 6
      vertex 74.4202 7.47579 9
    endloop
  endfacet
  facet normal -0.421689 -0.891941 0.163155
    outer loop
      vertex 74.6465 6.33856 9
      vertex 74.4123 5.90052 6
      vertex 74.5225 5.84842 6
    endloop
  endfacet
  facet normal 0.964837 0.205284 0.16416
    outer loop
      vertex 75.7177 7.21771 9
      vertex 76.2227 7.24322 6
      vertex 76.2226 7.24369 6
    endloop
  endfacet
  facet normal 0.956981 0.239949 0.163132
    outer loop
      vertex 76.2227 7.24322 6
      vertex 75.7177 7.21771 9
      vertex 75.7356 7.14632 9
    endloop
  endfacet
  facet normal 0.966648 0.197275 0.163323
    outer loop
      vertex 75.7356 7.14632 9
      vertex 76.2228 7.24273 6
      vertex 76.2227 7.24322 6
    endloop
  endfacet
  facet normal 0.975925 0.14476 0.163142
    outer loop
      vertex 76.2228 7.24273 6
      vertex 75.7356 7.14632 9
      vertex 75.7464 7.07351 9
    endloop
  endfacet
  facet normal 0.421689 0.891941 0.163155
    outer loop
      vertex 75.4775 8.15158 6
      vertex 75.3535 7.66144 9
      vertex 75.5877 8.09948 6
    endloop
  endfacet
  facet normal 0.0484204 0.985413 0.163149
    outer loop
      vertex 75.1222 8.24069 6
      vertex 75.0005 8.24667 6
      vertex 75.0735 7.74639 9
    endloop
  endfacet
  facet normal -0.985405 -0.048578 0.16315
    outer loop
      vertex 74.2536 6.92649 9
      vertex 73.7533 6.99951 6
      vertex 73.7593 6.8778 6
    endloop
  endfacet
  facet normal -0.211953 -0.963424 0.163984
    outer loop
      vertex 74.7568 5.77727 6
      vertex 74.7823 6.28229 9
      vertex 74.7563 5.77738 6
    endloop
  endfacet
  facet normal -0.239665 -0.95705 0.163147
    outer loop
      vertex 74.7823 6.28229 9
      vertex 74.7568 5.77727 6
      vertex 74.8537 6.26441 9
    endloop
  endfacet
  facet normal -0.78208 0.6016 0.162566
    outer loop
      vertex 73.9634 7.69262 6
      vertex 74.4202 7.47579 9
      vertex 73.9637 7.69301 6
    endloop
  endfacet
  facet normal -0.792695 0.58738 0.163155
    outer loop
      vertex 74.4202 7.47579 9
      vertex 73.9634 7.69262 6
      vertex 74.3764 7.41668 9
    endloop
  endfacet
  facet normal 0.230234 0.95931 0.16345
    outer loop
      vertex 75.2432 8.22273 6
      vertex 75.2177 7.7177 9
      vertex 75.2437 8.22261 6
    endloop
  endfacet
  facet normal 0.239791 0.957018 0.163146
    outer loop
      vertex 75.2177 7.7177 9
      vertex 75.2432 8.22273 6
      vertex 75.1463 7.73559 9
    endloop
  endfacet
  facet normal 0 0 1
    outer loop
      vertex 75.7464 7.07351 9
      vertex 75.7464 6.92649 9
      vertex 75.75 7 9
    endloop
  endfacet
  facet normal 0 0 1
    outer loop
      vertex 75.7356 7.14632 9
      vertex 75.7464 6.92649 9
      vertex 75.7464 7.07351 9
    endloop
  endfacet
  facet normal 0 0 1
    outer loop
      vertex 75.7356 7.14632 9
      vertex 75.7356 6.85368 9
      vertex 75.7464 6.92649 9
    endloop
  endfacet
  facet normal 0 0 1
    outer loop
      vertex 75.7177 7.21771 9
      vertex 75.7356 6.85368 9
      vertex 75.7356 7.14632 9
    endloop
  endfacet
  facet normal 0 0 1
    outer loop
      vertex 75.7177 7.21771 9
      vertex 75.7177 6.78229 9
      vertex 75.7356 6.85368 9
    endloop
  endfacet
  facet normal 0 0 1
    outer loop
      vertex 75.6929 7.28701 9
      vertex 75.7177 6.78229 9
      vertex 75.7177 7.21771 9
    endloop
  endfacet
  facet normal 0 0 1
    outer loop
      vertex 75.6929 7.28701 9
      vertex 75.6929 6.71299 9
      vertex 75.7177 6.78229 9
    endloop
  endfacet
  facet normal 0 0 1
    outer loop
      vertex 75.6614 7.35355 9
      vertex 75.6929 6.71299 9
      vertex 75.6929 7.28701 9
    endloop
  endfacet
  facet normal 0 0 1
    outer loop
      vertex 75.6614 7.35355 9
      vertex 75.6614 6.64645 9
      vertex 75.6929 6.71299 9
    endloop
  endfacet
  facet normal 0 0 1
    outer loop
      vertex 75.6236 7.41668 9
      vertex 75.6614 6.64645 9
      vertex 75.6614 7.35355 9
    endloop
  endfacet
  facet normal 0 0 1
    outer loop
      vertex 75.6236 7.41668 9
      vertex 75.6236 6.58332 9
      vertex 75.6614 6.64645 9
    endloop
  endfacet
  facet normal 0 0 1
    outer loop
      vertex 75.5798 7.47579 9
      vertex 75.6236 6.58332 9
      vertex 75.6236 7.41668 9
    endloop
  endfacet
  facet normal 0 0 1
    outer loop
      vertex 75.5798 7.47579 9
      vertex 75.5798 6.5242 9
      vertex 75.6236 6.58332 9
    endloop
  endfacet
  facet normal 0 0 1
    outer loop
      vertex 75.5303 7.53033 9
      vertex 75.5798 6.5242 9
      vertex 75.5798 7.47579 9
    endloop
  endfacet
  facet normal 0 0 1
    outer loop
      vertex 75.5303 7.53033 9
      vertex 75.5303 6.46967 9
      vertex 75.5798 6.5242 9
    endloop
  endfacet
  facet normal 0 0 1
    outer loop
      vertex 75.4758 7.57976 9
      vertex 75.5303 6.46967 9
      vertex 75.5303 7.53033 9
    endloop
  endfacet
  facet normal 0 0 1
    outer loop
      vertex 75.4758 7.57976 9
      vertex 75.4758 6.42024 9
      vertex 75.5303 6.46967 9
    endloop
  endfacet
  facet normal 0 0 1
    outer loop
      vertex 75.4167 7.6236 9
      vertex 75.4758 6.42024 9
      vertex 75.4758 7.57976 9
    endloop
  endfacet
  facet normal 0 0 1
    outer loop
      vertex 75.4167 7.6236 9
      vertex 75.4167 6.3764 9
      vertex 75.4758 6.42024 9
    endloop
  endfacet
  facet normal 0 0 1
    outer loop
      vertex 75.3535 7.66144 9
      vertex 75.4167 6.3764 9
      vertex 75.4167 7.6236 9
    endloop
  endfacet
  facet normal 0 0 1
    outer loop
      vertex 75.3535 7.66144 9
      vertex 75.3535 6.33856 9
      vertex 75.4167 6.3764 9
    endloop
  endfacet
  facet normal 0 0 1
    outer loop
      vertex 75.287 7.69291 9
      vertex 75.3535 6.33856 9
      vertex 75.3535 7.66144 9
    endloop
  endfacet
  facet normal 0 0 1
    outer loop
      vertex 75.287 7.69291 9
      vertex 75.287 6.30709 9
      vertex 75.3535 6.33856 9
    endloop
  endfacet
  facet normal 0 0 1
    outer loop
      vertex 75.2177 7.7177 9
      vertex 75.287 6.30709 9
      vertex 75.287 7.69291 9
    endloop
  endfacet
  facet normal 0 0 1
    outer loop
      vertex 75.2177 7.7177 9
      vertex 75.2177 6.28229 9
      vertex 75.287 6.30709 9
    endloop
  endfacet
  facet normal 0 0 1
    outer loop
      vertex 75.1463 7.73559 9
      vertex 75.2177 6.28229 9
      vertex 75.2177 7.7177 9
    endloop
  endfacet
  facet normal 0 0 1
    outer loop
      vertex 75.1463 7.73559 9
      vertex 75.1463 6.26441 9
      vertex 75.2177 6.28229 9
    endloop
  endfacet
  facet normal 0 0 1
    outer loop
      vertex 75.0735 7.74639 9
      vertex 75.1463 6.26441 9
      vertex 75.1463 7.73559 9
    endloop
  endfacet
  facet normal 0 0 1
    outer loop
      vertex 75.0735 7.74639 9
      vertex 75.0735 6.25361 9
      vertex 75.1463 6.26441 9
    endloop
  endfacet
  facet normal 0 0 1
    outer loop
      vertex 75 7.75 9
      vertex 75.0735 6.25361 9
      vertex 75.0735 7.74639 9
    endloop
  endfacet
  facet normal 0 0 1
    outer loop
      vertex 75 7.75 9
      vertex 75 6.25 9
      vertex 75.0735 6.25361 9
    endloop
  endfacet
  facet normal -0 0 1
    outer loop
      vertex 74.9265 7.74639 9
      vertex 75 6.25 9
      vertex 75 7.75 9
    endloop
  endfacet
  facet normal 0 0 1
    outer loop
      vertex 74.9265 7.74639 9
      vertex 74.9265 6.25361 9
      vertex 75 6.25 9
    endloop
  endfacet
  facet normal -0 0 1
    outer loop
      vertex 74.8537 7.73559 9
      vertex 74.9265 6.25361 9
      vertex 74.9265 7.74639 9
    endloop
  endfacet
  facet normal 0 0 1
    outer loop
      vertex 74.8537 7.73559 9
      vertex 74.8537 6.26441 9
      vertex 74.9265 6.25361 9
    endloop
  endfacet
  facet normal -0 0 1
    outer loop
      vertex 74.7823 7.7177 9
      vertex 74.8537 6.26441 9
      vertex 74.8537 7.73559 9
    endloop
  endfacet
  facet normal 0 0 1
    outer loop
      vertex 74.7823 7.7177 9
      vertex 74.7823 6.28229 9
      vertex 74.8537 6.26441 9
    endloop
  endfacet
  facet normal -0 0 1
    outer loop
      vertex 74.713 7.69291 9
      vertex 74.7823 6.28229 9
      vertex 74.7823 7.7177 9
    endloop
  endfacet
  facet normal 0 0 1
    outer loop
      vertex 74.713 7.69291 9
      vertex 74.713 6.30709 9
      vertex 74.7823 6.28229 9
    endloop
  endfacet
  facet normal -0 0 1
    outer loop
      vertex 74.6465 7.66144 9
      vertex 74.713 6.30709 9
      vertex 74.713 7.69291 9
    endloop
  endfacet
  facet normal 0 0 1
    outer loop
      vertex 74.6465 7.66144 9
      vertex 74.6465 6.33856 9
      vertex 74.713 6.30709 9
    endloop
  endfacet
  facet normal -0 0 1
    outer loop
      vertex 74.5833 7.6236 9
      vertex 74.6465 6.33856 9
      vertex 74.6465 7.66144 9
    endloop
  endfacet
  facet normal 0 0 1
    outer loop
      vertex 74.5833 7.6236 9
      vertex 74.5833 6.3764 9
      vertex 74.6465 6.33856 9
    endloop
  endfacet
  facet normal -0 0 1
    outer loop
      vertex 74.5242 7.57976 9
      vertex 74.5833 6.3764 9
      vertex 74.5833 7.6236 9
    endloop
  endfacet
  facet normal 0 0 1
    outer loop
      vertex 74.5242 7.57976 9
      vertex 74.5242 6.42024 9
      vertex 74.5833 6.3764 9
    endloop
  endfacet
  facet normal -0 0 1
    outer loop
      vertex 74.4697 7.53033 9
      vertex 74.5242 6.42024 9
      vertex 74.5242 7.57976 9
    endloop
  endfacet
  facet normal 0 0 1
    outer loop
      vertex 74.4697 7.53033 9
      vertex 74.4697 6.46967 9
      vertex 74.5242 6.42024 9
    endloop
  endfacet
  facet normal -0 0 1
    outer loop
      vertex 74.4202 7.47579 9
      vertex 74.4697 6.46967 9
      vertex 74.4697 7.53033 9
    endloop
  endfacet
  facet normal 0 0 1
    outer loop
      vertex 74.4202 7.47579 9
      vertex 74.4202 6.5242 9
      vertex 74.4697 6.46967 9
    endloop
  endfacet
  facet normal -0 0 1
    outer loop
      vertex 74.3764 7.41668 9
      vertex 74.4202 6.5242 9
      vertex 74.4202 7.47579 9
    endloop
  endfacet
  facet normal 0 0 1
    outer loop
      vertex 74.3764 7.41668 9
      vertex 74.3764 6.58332 9
      vertex 74.4202 6.5242 9
    endloop
  endfacet
  facet normal -0 0 1
    outer loop
      vertex 74.3386 7.35355 9
      vertex 74.3764 6.58332 9
      vertex 74.3764 7.41668 9
    endloop
  endfacet
  facet normal 0 0 1
    outer loop
      vertex 74.3386 7.35355 9
      vertex 74.3386 6.64645 9
      vertex 74.3764 6.58332 9
    endloop
  endfacet
  facet normal -0 0 1
    outer loop
      vertex 74.3071 7.28701 9
      vertex 74.3386 6.64645 9
      vertex 74.3386 7.35355 9
    endloop
  endfacet
  facet normal 0 0 1
    outer loop
      vertex 74.3071 7.28701 9
      vertex 74.3071 6.71299 9
      vertex 74.3386 6.64645 9
    endloop
  endfacet
  facet normal -0 0 1
    outer loop
      vertex 74.2823 7.21771 9
      vertex 74.3071 6.71299 9
      vertex 74.3071 7.28701 9
    endloop
  endfacet
  facet normal 0 0 1
    outer loop
      vertex 74.2823 7.21771 9
      vertex 74.2823 6.78229 9
      vertex 74.3071 6.71299 9
    endloop
  endfacet
  facet normal -0 0 1
    outer loop
      vertex 74.2644 7.14632 9
      vertex 74.2823 6.78229 9
      vertex 74.2823 7.21771 9
    endloop
  endfacet
  facet normal 0 0 1
    outer loop
      vertex 74.2644 7.14632 9
      vertex 74.2644 6.85368 9
      vertex 74.2823 6.78229 9
    endloop
  endfacet
  facet normal -0 0 1
    outer loop
      vertex 74.2536 7.07351 9
      vertex 74.2644 6.85368 9
      vertex 74.2644 7.14632 9
    endloop
  endfacet
  facet normal 0 0 1
    outer loop
      vertex 74.2536 7.07351 9
      vertex 74.2536 6.92649 9
      vertex 74.2644 6.85368 9
    endloop
  endfacet
  facet normal 0 -0 1
    outer loop
      vertex 74.2536 6.92649 9
      vertex 74.2536 7.07351 9
      vertex 74.25 7 9
    endloop
  endfacet
  facet normal 0.891727 -0.422143 0.163151
    outer loop
      vertex 75.6614 6.64645 9
      vertex 76.1518 6.52291 6
      vertex 75.6929 6.71299 9
    endloop
  endfacet
  facet normal 0.898098 -0.408226 0.16362
    outer loop
      vertex 76.1518 6.52291 6
      vertex 75.6614 6.64645 9
      vertex 76.1516 6.52247 6
    endloop
  endfacet
  facet normal 0.975925 -0.14476 0.163142
    outer loop
      vertex 75.7356 6.85368 9
      vertex 76.2228 6.75727 6
      vertex 75.7464 6.92649 9
    endloop
  endfacet
  facet normal 0.966648 -0.197275 0.163323
    outer loop
      vertex 76.2228 6.75727 6
      vertex 75.7356 6.85368 9
      vertex 76.2227 6.75678 6
    endloop
  endfacet
  facet normal -0.332446 -0.928904 0.163149
    outer loop
      vertex 74.7823 6.28229 9
      vertex 74.5234 5.84804 6
      vertex 74.6381 5.80699 6
    endloop
  endfacet
  facet normal -0.846467 -0.506834 0.163136
    outer loop
      vertex 73.9632 6.30779 6
      vertex 74.3764 6.58332 9
      vertex 74.3386 6.64645 9
    endloop
  endfacet
  facet normal -0.886912 -0.43264 0.161892
    outer loop
      vertex 74.3764 6.58332 9
      vertex 73.9632 6.30779 6
      vertex 73.9634 6.30738 6
    endloop
  endfacet
  facet normal 0.239667 0.957048 0.163152
    outer loop
      vertex 75.2437 8.22261 6
      vertex 75.2177 7.7177 9
      vertex 75.3619 8.19301 6
    endloop
  endfacet
  facet normal 0.78208 0.6016 0.162566
    outer loop
      vertex 75.5798 7.47579 9
      vertex 76.0366 7.69262 6
      vertex 76.0363 7.69301 6
    endloop
  endfacet
  facet normal 0.792695 0.58738 0.163155
    outer loop
      vertex 76.0366 7.69262 6
      vertex 75.5798 7.47579 9
      vertex 75.6236 7.41668 9
    endloop
  endfacet
  facet normal -0.846045 0.50753 0.16316
    outer loop
      vertex 73.9632 7.6922 6
      vertex 73.9005 7.58768 6
      vertex 74.3386 7.35355 9
    endloop
  endfacet
  facet normal -0.904756 0.393372 0.163322
    outer loop
      vertex 73.848 7.47663 6
      vertex 74.3071 7.28701 9
      vertex 73.8482 7.47709 6
    endloop
  endfacet
  facet normal -0.928909 0.332423 0.163165
    outer loop
      vertex 74.3071 7.28701 9
      vertex 73.848 7.47663 6
      vertex 74.2823 7.21771 9
    endloop
  endfacet
  facet normal -0.985405 0.048578 0.16315
    outer loop
      vertex 73.7593 7.1222 6
      vertex 73.7533 7.00049 6
      vertex 74.2536 7.07351 9
    endloop
  endfacet
  facet normal -0.522888 -0.836621 0.163258
    outer loop
      vertex 74.3078 5.96317 6
      vertex 74.5833 6.3764 9
      vertex 74.3074 5.96342 6
    endloop
  endfacet
  facet normal -0.506815 -0.846478 0.163139
    outer loop
      vertex 74.5833 6.3764 9
      vertex 74.3078 5.96317 6
      vertex 74.6465 6.33856 9
    endloop
  endfacet
  facet normal -0.317597 -0.93411 0.163006
    outer loop
      vertex 74.5234 5.84804 6
      vertex 74.713 6.30709 9
      vertex 74.5229 5.84821 6
    endloop
  endfacet
  facet normal -0.332424 -0.928912 0.163148
    outer loop
      vertex 74.713 6.30709 9
      vertex 74.5234 5.84804 6
      vertex 74.7823 6.28229 9
    endloop
  endfacet
  facet normal -0.239743 -0.95703 0.163149
    outer loop
      vertex 74.7823 6.28229 9
      vertex 74.6381 5.80699 6
      vertex 74.7563 5.77738 6
    endloop
  endfacet
  facet normal -0.507304 -0.846181 0.163157
    outer loop
      vertex 74.6465 6.33856 9
      vertex 74.3078 5.96317 6
      vertex 74.4123 5.90052 6
    endloop
  endfacet
  facet normal -0.662503 0.731077 0.163148
    outer loop
      vertex 74.2091 7.9637 6
      vertex 74.1188 7.88187 6
      vertex 74.5242 7.57976 9
    endloop
  endfacet
  facet normal -0.458716 -0.873744 0.161713
    outer loop
      vertex 74.5229 5.84821 6
      vertex 74.6465 6.33856 9
      vertex 74.5225 5.84842 6
    endloop
  endfacet
  facet normal -0.422022 -0.891785 0.163149
    outer loop
      vertex 74.6465 6.33856 9
      vertex 74.5229 5.84821 6
      vertex 74.713 6.30709 9
    endloop
  endfacet
  facet normal 0.144808 -0.975916 0.163149
    outer loop
      vertex 75.2427 5.77719 6
      vertex 75.0735 6.25361 9
      vertex 75.1222 5.75931 6
    endloop
  endfacet
  facet normal 0.792391 -0.587796 0.163136
    outer loop
      vertex 76.0363 6.30698 6
      vertex 75.5798 6.5242 9
      vertex 75.9637 6.20911 6
    endloop
  endfacet
  facet normal -0.0483992 -0.985414 0.163147
    outer loop
      vertex 74.9995 5.75334 6
      vertex 75 6.25 9
      vertex 74.9265 6.25361 9
    endloop
  endfacet
  facet normal -0.0590908 -0.984846 0.163054
    outer loop
      vertex 75 6.25 9
      vertex 74.9995 5.75334 6
      vertex 75 5.75331 6
    endloop
  endfacet
  facet normal -0.239791 0.957018 0.163146
    outer loop
      vertex 74.7568 8.22273 6
      vertex 74.7823 7.7177 9
      vertex 74.8537 7.73559 9
    endloop
  endfacet
  facet normal -0.230234 0.95931 0.16345
    outer loop
      vertex 74.7823 7.7177 9
      vertex 74.7568 8.22273 6
      vertex 74.7563 8.22261 6
    endloop
  endfacet
  facet normal 0.155872 0.974198 0.163225
    outer loop
      vertex 75.2427 8.22281 6
      vertex 75.1463 7.73559 9
      vertex 75.2432 8.22273 6
    endloop
  endfacet
  facet normal 0.144779 0.975921 0.163148
    outer loop
      vertex 75.1463 7.73559 9
      vertex 75.2427 8.22281 6
      vertex 75.0735 7.74639 9
    endloop
  endfacet
  facet normal -0.957049 -0.239667 0.163147
    outer loop
      vertex 74.2823 6.78229 9
      vertex 73.7774 6.75631 6
      vertex 73.807 6.63811 6
    endloop
  endfacet
  facet normal -0.144779 0.975921 0.163148
    outer loop
      vertex 74.7573 8.22281 6
      vertex 74.8537 7.73559 9
      vertex 74.9265 7.74639 9
    endloop
  endfacet
  facet normal -0.155872 0.974198 0.163225
    outer loop
      vertex 74.8537 7.73559 9
      vertex 74.7573 8.22281 6
      vertex 74.7568 8.22273 6
    endloop
  endfacet
  facet normal -0.891727 -0.422143 0.163151
    outer loop
      vertex 73.8482 6.52291 6
      vertex 74.3386 6.64645 9
      vertex 74.3071 6.71299 9
    endloop
  endfacet
  facet normal -0.898098 -0.408226 0.16362
    outer loop
      vertex 74.3386 6.64645 9
      vertex 73.8482 6.52291 6
      vertex 73.8484 6.52247 6
    endloop
  endfacet
  facet normal -0.89188 -0.421813 0.163165
    outer loop
      vertex 74.3386 6.64645 9
      vertex 73.8484 6.52247 6
      vertex 73.9005 6.41231 6
    endloop
  endfacet
  facet normal -0.891866 0.421845 0.163164
    outer loop
      vertex 73.9005 7.58768 6
      vertex 73.8484 7.47753 6
      vertex 74.3386 7.35355 9
    endloop
  endfacet
  facet normal -0.890981 0.424277 0.161683
    outer loop
      vertex 73.9632 7.6922 6
      vertex 74.3764 7.41668 9
      vertex 73.9634 7.69262 6
    endloop
  endfacet
  facet normal -0.846467 0.506834 0.163134
    outer loop
      vertex 74.3764 7.41668 9
      vertex 73.9632 7.6922 6
      vertex 74.3386 7.35355 9
    endloop
  endfacet
  facet normal 0.332446 -0.928904 0.163149
    outer loop
      vertex 75.4766 5.84804 6
      vertex 75.2177 6.28229 9
      vertex 75.3619 5.80699 6
    endloop
  endfacet
  facet normal 0.332424 -0.928912 0.163148
    outer loop
      vertex 75.4766 5.84804 6
      vertex 75.287 6.30709 9
      vertex 75.2177 6.28229 9
    endloop
  endfacet
  facet normal 0.317597 -0.93411 0.163006
    outer loop
      vertex 75.287 6.30709 9
      vertex 75.4766 5.84804 6
      vertex 75.4771 5.84821 6
    endloop
  endfacet
  facet normal -0.792419 0.587757 0.163137
    outer loop
      vertex 74.0363 7.79089 6
      vertex 73.9637 7.69301 6
      vertex 74.4202 7.47579 9
    endloop
  endfacet
  facet normal -0.660005 0.733339 0.163117
    outer loop
      vertex 74.1181 7.88118 6
      vertex 74.4697 7.53033 9
      vertex 74.1185 7.88154 6
    endloop
  endfacet
  facet normal -0.730569 0.663058 0.163167
    outer loop
      vertex 74.4697 7.53033 9
      vertex 74.1181 7.88118 6
      vertex 74.4202 7.47579 9
    endloop
  endfacet
  facet normal 0.662503 0.731077 0.163148
    outer loop
      vertex 75.7909 7.9637 6
      vertex 75.4758 7.57976 9
      vertex 75.8812 7.88187 6
    endloop
  endfacet
  facet normal -0.587626 0.792514 0.163146
    outer loop
      vertex 74.307 8.03629 6
      vertex 74.2091 7.9637 6
      vertex 74.5242 7.57976 9
    endloop
  endfacet
  facet normal -0.421689 0.891941 0.163155
    outer loop
      vertex 74.5225 8.15158 6
      vertex 74.4123 8.09948 6
      vertex 74.6465 7.66144 9
    endloop
  endfacet
  facet normal -0.730508 -0.663124 0.163168
    outer loop
      vertex 74.1181 6.11882 6
      vertex 74.4697 6.46967 9
      vertex 74.4202 6.5242 9
    endloop
  endfacet
  facet normal -0.660005 -0.733339 0.163117
    outer loop
      vertex 74.4697 6.46967 9
      vertex 74.1181 6.11882 6
      vertex 74.1185 6.11846 6
    endloop
  endfacet
  facet normal -0.579072 -0.79872 0.163471
    outer loop
      vertex 74.3074 5.96342 6
      vertex 74.5242 6.42024 9
      vertex 74.307 5.96371 6
    endloop
  endfacet
  facet normal -0.587792 -0.792393 0.163138
    outer loop
      vertex 74.5242 6.42024 9
      vertex 74.3074 5.96342 6
      vertex 74.5833 6.3764 9
    endloop
  endfacet
  facet normal -0.964837 0.205284 0.16416
    outer loop
      vertex 73.7773 7.24322 6
      vertex 74.2823 7.21771 9
      vertex 73.7774 7.24369 6
    endloop
  endfacet
  facet normal -0.956981 0.239949 0.163132
    outer loop
      vertex 74.2823 7.21771 9
      vertex 73.7773 7.24322 6
      vertex 74.2644 7.14632 9
    endloop
  endfacet
  facet normal -0.730025 -0.663659 0.163156
    outer loop
      vertex 74.1188 6.11813 6
      vertex 74.4697 6.46967 9
      vertex 74.1185 6.11846 6
    endloop
  endfacet
  facet normal -0.662811 -0.730795 0.163161
    outer loop
      vertex 74.4697 6.46967 9
      vertex 74.1188 6.11813 6
      vertex 74.5242 6.42024 9
    endloop
  endfacet
  facet normal -0.155872 -0.974198 0.163225
    outer loop
      vertex 74.7573 5.77719 6
      vertex 74.8537 6.26441 9
      vertex 74.7568 5.77727 6
    endloop
  endfacet
  facet normal -0.144779 -0.975921 0.163148
    outer loop
      vertex 74.8537 6.26441 9
      vertex 74.7573 5.77719 6
      vertex 74.9265 6.25361 9
    endloop
  endfacet
  facet normal -0.422022 0.891785 0.163149
    outer loop
      vertex 74.5229 8.15179 6
      vertex 74.6465 7.66144 9
      vertex 74.713 7.69291 9
    endloop
  endfacet
  facet normal -0.458716 0.873744 0.161713
    outer loop
      vertex 74.6465 7.66144 9
      vertex 74.5229 8.15179 6
      vertex 74.5225 8.15158 6
    endloop
  endfacet
  facet normal -0.332306 0.928955 0.163144
    outer loop
      vertex 74.5234 8.15195 6
      vertex 74.713 7.69291 9
      vertex 74.7823 7.7177 9
    endloop
  endfacet
  facet normal -0.30071 0.939719 0.162794
    outer loop
      vertex 74.713 7.69291 9
      vertex 74.5234 8.15195 6
      vertex 74.5229 8.15179 6
    endloop
  endfacet
  facet normal 0.660005 0.733339 0.163117
    outer loop
      vertex 75.5303 7.53033 9
      vertex 75.8819 7.88118 6
      vertex 75.8815 7.88154 6
    endloop
  endfacet
  facet normal 0.730569 0.663058 0.163167
    outer loop
      vertex 75.8819 7.88118 6
      vertex 75.5303 7.53033 9
      vertex 75.5798 7.47579 9
    endloop
  endfacet
  facet normal -0.975925 -0.14476 0.163142
    outer loop
      vertex 73.7772 6.75727 6
      vertex 74.2644 6.85368 9
      vertex 74.2536 6.92649 9
    endloop
  endfacet
  facet normal -0.966648 -0.197275 0.163323
    outer loop
      vertex 74.2644 6.85368 9
      vertex 73.7772 6.75727 6
      vertex 73.7773 6.75678 6
    endloop
  endfacet
  facet normal -0.956981 -0.239949 0.163132
    outer loop
      vertex 73.7773 6.75678 6
      vertex 74.2823 6.78229 9
      vertex 74.2644 6.85368 9
    endloop
  endfacet
  facet normal -0.964837 -0.205284 0.16416
    outer loop
      vertex 74.2823 6.78229 9
      vertex 73.7773 6.75678 6
      vertex 73.7774 6.75631 6
    endloop
  endfacet
  facet normal 0.366492 0.91623 0.161886
    outer loop
      vertex 75.3619 36.793 6
      vertex 75.287 36.2929 9
      vertex 75.3624 36.7928 6
    endloop
  endfacet
  facet normal 0.332424 0.928911 0.163149
    outer loop
      vertex 75.287 36.2929 9
      vertex 75.3619 36.793 6
      vertex 75.2177 36.3177 9
    endloop
  endfacet
  facet normal 0.366461 0.916152 0.162397
    outer loop
      vertex 75.5872 36.6997 6
      vertex 75.3535 36.2614 9
      vertex 75.5877 36.6995 6
    endloop
  endfacet
  facet normal 0.422349 0.891626 0.163168
    outer loop
      vertex 75.3535 36.2614 9
      vertex 75.5872 36.6997 6
      vertex 75.287 36.2929 9
    endloop
  endfacet
  facet normal -0.891938 0.421688 0.163173
    outer loop
      vertex 73.9005 36.1877 6
      vertex 73.8484 36.0775 6
      vertex 74.3386 35.9535 9
    endloop
  endfacet
  facet normal -0.587679 -0.792477 0.163137
    outer loop
      vertex 74.5242 35.0202 9
      vertex 74.2091 34.6363 6
      vertex 74.307 34.5637 6
    endloop
  endfacet
  facet normal 0.985418 0.0482654 0.16316
    outer loop
      vertex 75.75 35.6 9
      vertex 76.2467 35.6005 6
      vertex 75.7464 35.6735 9
    endloop
  endfacet
  facet normal 0.986569 0 0.163343
    outer loop
      vertex 76.2467 35.6005 6
      vertex 75.75 35.6 9
      vertex 76.2467 35.6 6
    endloop
  endfacet
  facet normal 0.985404 0.048582 0.16315
    outer loop
      vertex 76.2407 35.7222 6
      vertex 75.7464 35.6735 9
      vertex 76.2467 35.6005 6
    endloop
  endfacet
  facet normal 0.891629 -0.42235 0.163152
    outer loop
      vertex 75.6614 35.2465 9
      vertex 76.1518 35.1229 6
      vertex 75.6929 35.313 9
    endloop
  endfacet
  facet normal 0.882547 -0.441273 0.162447
    outer loop
      vertex 76.1518 35.1229 6
      vertex 75.6614 35.2465 9
      vertex 76.1516 35.1225 6
    endloop
  endfacet
  facet normal -0.5076 0.846001 0.163171
    outer loop
      vertex 74.4123 36.6995 6
      vertex 74.3078 36.6368 6
      vertex 74.6465 36.2614 9
    endloop
  endfacet
  facet normal -0.0482654 -0.985418 0.16316
    outer loop
      vertex 74.9995 34.3533 6
      vertex 75 34.85 9
      vertex 74.9265 34.8536 9
    endloop
  endfacet
  facet normal 0 -0.986569 0.163343
    outer loop
      vertex 75 34.85 9
      vertex 74.9995 34.3533 6
      vertex 75 34.3533 6
    endloop
  endfacet
  facet normal -0.986569 0 0.163343
    outer loop
      vertex 74.25 35.6 9
      vertex 73.7533 35.6005 6
      vertex 73.7533 35.6 6
    endloop
  endfacet
  facet normal -0.985418 0.0482654 0.16316
    outer loop
      vertex 73.7533 35.6005 6
      vertex 74.25 35.6 9
      vertex 74.2536 35.6735 9
    endloop
  endfacet
  facet normal -0.986569 0 0.163343
    outer loop
      vertex 73.7533 35.5995 6
      vertex 74.25 35.6 9
      vertex 73.7533 35.6 6
    endloop
  endfacet
  facet normal -0.985418 -0.0482654 0.16316
    outer loop
      vertex 74.25 35.6 9
      vertex 73.7533 35.5995 6
      vertex 74.2536 35.5265 9
    endloop
  endfacet
  facet normal -0.846715 -0.506421 0.163127
    outer loop
      vertex 73.9632 34.9078 6
      vertex 74.3764 35.1833 9
      vertex 74.3386 35.2465 9
    endloop
  endfacet
  facet normal -0.882599 -0.4413 0.162089
    outer loop
      vertex 74.3764 35.1833 9
      vertex 73.9632 34.9078 6
      vertex 73.9634 34.9074 6
    endloop
  endfacet
  facet normal -0.66237 -0.731198 0.16314
    outer loop
      vertex 74.5242 35.0202 9
      vertex 74.1188 34.7181 6
      vertex 74.2091 34.6363 6
    endloop
  endfacet
  facet normal -0.792476 -0.587679 0.163144
    outer loop
      vertex 74.3764 35.1833 9
      vertex 73.9634 34.9074 6
      vertex 74.036 34.8095 6
    endloop
  endfacet
  facet normal 0.891938 0.421688 0.163173
    outer loop
      vertex 76.0995 36.1877 6
      vertex 75.6614 35.9535 9
      vertex 76.1516 36.0775 6
    endloop
  endfacet
  facet normal 0.846001 0.5076 0.163171
    outer loop
      vertex 76.0368 36.2922 6
      vertex 75.6614 35.9535 9
      vertex 76.0995 36.1877 6
    endloop
  endfacet
  facet normal -0.239917 0.956989 0.163132
    outer loop
      vertex 74.7568 36.8227 6
      vertex 74.7823 36.3177 9
      vertex 74.8537 36.3356 9
    endloop
  endfacet
  facet normal -0.193446 0.967229 0.164461
    outer loop
      vertex 74.7823 36.3177 9
      vertex 74.7568 36.8227 6
      vertex 74.7563 36.8226 6
    endloop
  endfacet
  facet normal 0.891938 -0.421688 0.163173
    outer loop
      vertex 76.1516 35.1225 6
      vertex 75.6614 35.2465 9
      vertex 76.0995 35.0123 6
    endloop
  endfacet
  facet normal 0.79265 -0.587446 0.163135
    outer loop
      vertex 75.5798 35.1242 9
      vertex 75.964 34.8095 6
      vertex 75.6236 35.1833 9
    endloop
  endfacet
  facet normal 0.789278 -0.591958 0.163177
    outer loop
      vertex 75.964 34.8095 6
      vertex 75.5798 35.1242 9
      vertex 75.9637 34.8091 6
    endloop
  endfacet
  facet normal -0.985404 -0.048582 0.16315
    outer loop
      vertex 74.2536 35.5265 9
      vertex 73.7533 35.5995 6
      vertex 73.7593 35.4778 6
    endloop
  endfacet
  facet normal 0.239917 -0.956987 0.163143
    outer loop
      vertex 75.3614 34.4069 6
      vertex 75.2177 34.8823 9
      vertex 75.1463 34.8644 9
    endloop
  endfacet
  facet normal 0.193507 -0.967533 0.162591
    outer loop
      vertex 75.2177 34.8823 9
      vertex 75.3614 34.4069 6
      vertex 75.3619 34.407 6
    endloop
  endfacet
  facet normal 0.956989 -0.239917 0.163132
    outer loop
      vertex 75.7177 35.3823 9
      vertex 76.2227 35.3568 6
      vertex 75.7356 35.4537 9
    endloop
  endfacet
  facet normal 0.967229 -0.193446 0.164461
    outer loop
      vertex 76.2227 35.3568 6
      vertex 75.7177 35.3823 9
      vertex 76.2226 35.3563 6
    endloop
  endfacet
  facet normal -0.975893 -0.144967 0.163148
    outer loop
      vertex 74.2536 35.5265 9
      vertex 73.7593 35.4778 6
      vertex 73.7772 35.3573 6
    endloop
  endfacet
  facet normal -0.144967 -0.975893 0.163148
    outer loop
      vertex 74.9265 34.8536 9
      vertex 74.7573 34.3772 6
      vertex 74.8778 34.3593 6
    endloop
  endfacet
  facet normal 0.422349 -0.891626 0.163168
    outer loop
      vertex 75.5872 34.5003 6
      vertex 75.3535 34.9386 9
      vertex 75.287 34.9071 9
    endloop
  endfacet
  facet normal 0.366461 -0.916152 0.162397
    outer loop
      vertex 75.3535 34.9386 9
      vertex 75.5872 34.5003 6
      vertex 75.5877 34.5005 6
    endloop
  endfacet
  facet normal 0.332086 -0.929031 0.163154
    outer loop
      vertex 75.4771 34.4482 6
      vertex 75.287 34.9071 9
      vertex 75.3624 34.4072 6
    endloop
  endfacet
  facet normal -0.967229 0.193446 0.164461
    outer loop
      vertex 73.7773 35.8432 6
      vertex 74.2823 35.8177 9
      vertex 73.7774 35.8437 6
    endloop
  endfacet
  facet normal -0.956989 0.239917 0.163132
    outer loop
      vertex 74.2823 35.8177 9
      vertex 73.7773 35.8432 6
      vertex 74.2644 35.7463 9
    endloop
  endfacet
  facet normal -0.730429 0.663216 0.163149
    outer loop
      vertex 74.1185 36.4815 6
      vertex 74.0366 36.3913 6
      vertex 74.4697 36.1303 9
    endloop
  endfacet
  facet normal -0.882599 0.4413 0.162089
    outer loop
      vertex 73.9632 36.2922 6
      vertex 74.3764 36.0167 9
      vertex 73.9634 36.2926 6
    endloop
  endfacet
  facet normal -0.846715 0.506421 0.163127
    outer loop
      vertex 74.3764 36.0167 9
      vertex 73.9632 36.2922 6
      vertex 74.3386 35.9535 9
    endloop
  endfacet
  facet normal 0.967414 0.193483 0.163325
    outer loop
      vertex 75.7356 35.7463 9
      vertex 76.2228 35.8427 6
      vertex 76.2227 35.8432 6
    endloop
  endfacet
  facet normal 0.975922 0.14478 0.163142
    outer loop
      vertex 76.2228 35.8427 6
      vertex 75.7356 35.7463 9
      vertex 75.7464 35.6735 9
    endloop
  endfacet
  facet normal 0.792476 0.587679 0.163144
    outer loop
      vertex 75.964 36.3905 6
      vertex 75.6236 36.0167 9
      vertex 76.0366 36.2926 6
    endloop
  endfacet
  facet normal -0.422002 0.891793 0.163155
    outer loop
      vertex 74.5229 36.7518 6
      vertex 74.4128 36.6997 6
      vertex 74.713 36.2929 9
    endloop
  endfacet
  facet normal 0.422002 0.891793 0.163155
    outer loop
      vertex 75.4771 36.7518 6
      vertex 75.287 36.2929 9
      vertex 75.5872 36.6997 6
    endloop
  endfacet
  facet normal 0.975893 -0.144967 0.163148
    outer loop
      vertex 76.2407 35.4778 6
      vertex 75.7464 35.5265 9
      vertex 76.2228 35.3573 6
    endloop
  endfacet
  facet normal -0.957049 0.239667 0.163148
    outer loop
      vertex 73.807 35.9619 6
      vertex 73.7774 35.8437 6
      vertex 74.2823 35.8177 9
    endloop
  endfacet
  facet normal -0.422349 0.891626 0.163168
    outer loop
      vertex 74.4128 36.6997 6
      vertex 74.6465 36.2614 9
      vertex 74.713 36.2929 9
    endloop
  endfacet
  facet normal -0.366461 0.916152 0.162397
    outer loop
      vertex 74.6465 36.2614 9
      vertex 74.4128 36.6997 6
      vertex 74.4123 36.6995 6
    endloop
  endfacet
  facet normal -0.929031 0.332086 0.163154
    outer loop
      vertex 73.8482 36.0771 6
      vertex 73.8072 35.9624 6
      vertex 74.3071 35.887 9
    endloop
  endfacet
  facet normal -0.048582 0.985404 0.16315
    outer loop
      vertex 75 36.8467 6
      vertex 74.8783 36.8407 6
      vertex 75 36.35 9
    endloop
  endfacet
  facet normal 0.789278 0.591958 0.163177
    outer loop
      vertex 75.5798 36.0758 9
      vertex 75.964 36.3905 6
      vertex 75.9637 36.3909 6
    endloop
  endfacet
  facet normal 0.79265 0.587446 0.163135
    outer loop
      vertex 75.964 36.3905 6
      vertex 75.5798 36.0758 9
      vertex 75.6236 36.0167 9
    endloop
  endfacet
  facet normal 0.144967 -0.975893 0.163148
    outer loop
      vertex 75.2427 34.3772 6
      vertex 75.0735 34.8536 9
      vertex 75.1222 34.3593 6
    endloop
  endfacet
  facet normal -0.048582 -0.985404 0.16315
    outer loop
      vertex 74.9265 34.8536 9
      vertex 74.8778 34.3593 6
      vertex 74.9995 34.3533 6
    endloop
  endfacet
  facet normal 0.91623 0.366492 0.161886
    outer loop
      vertex 75.6929 35.887 9
      vertex 76.193 35.9619 6
      vertex 76.1928 35.9624 6
    endloop
  endfacet
  facet normal 0.928911 0.332424 0.163149
    outer loop
      vertex 76.193 35.9619 6
      vertex 75.6929 35.887 9
      vertex 75.7177 35.8177 9
    endloop
  endfacet
  facet normal -0.846001 0.5076 0.163171
    outer loop
      vertex 73.9632 36.2922 6
      vertex 73.9005 36.1877 6
      vertex 74.3386 35.9535 9
    endloop
  endfacet
  facet normal -0.591979 -0.789305 0.162965
    outer loop
      vertex 74.3074 34.5634 6
      vertex 74.5242 35.0202 9
      vertex 74.307 34.5637 6
    endloop
  endfacet
  facet normal -0.587445 -0.792648 0.163147
    outer loop
      vertex 74.5242 35.0202 9
      vertex 74.3074 34.5634 6
      vertex 74.5833 34.9764 9
    endloop
  endfacet
  facet normal 0.957049 -0.239667 0.163148
    outer loop
      vertex 76.2226 35.3563 6
      vertex 75.7177 35.3823 9
      vertex 76.193 35.2381 6
    endloop
  endfacet
  facet normal -0.789278 0.591958 0.163177
    outer loop
      vertex 74.036 36.3905 6
      vertex 74.4202 36.0758 9
      vertex 74.0363 36.3909 6
    endloop
  endfacet
  facet normal -0.79265 0.587446 0.163135
    outer loop
      vertex 74.4202 36.0758 9
      vertex 74.036 36.3905 6
      vertex 74.3764 36.0167 9
    endloop
  endfacet
  facet normal 0.957049 0.239667 0.163148
    outer loop
      vertex 76.193 35.9619 6
      vertex 75.7177 35.8177 9
      vertex 76.2226 35.8437 6
    endloop
  endfacet
  facet normal 0.975893 0.144967 0.163148
    outer loop
      vertex 76.2228 35.8427 6
      vertex 75.7464 35.6735 9
      vertex 76.2407 35.7222 6
    endloop
  endfacet
  facet normal -0.144779 0.975921 0.163149
    outer loop
      vertex 74.8778 36.8407 6
      vertex 74.8537 36.3356 9
      vertex 74.9265 36.3464 9
    endloop
  endfacet
  facet normal -0.193546 0.967728 0.161378
    outer loop
      vertex 74.8537 36.3356 9
      vertex 74.8778 36.8407 6
      vertex 74.8773 36.8406 6
    endloop
  endfacet
  facet normal 0.239667 0.957049 0.163148
    outer loop
      vertex 75.2437 36.8226 6
      vertex 75.2177 36.3177 9
      vertex 75.3619 36.793 6
    endloop
  endfacet
  facet normal -0.66237 0.731198 0.16314
    outer loop
      vertex 74.2091 36.5637 6
      vertex 74.1188 36.4819 6
      vertex 74.5242 36.1798 9
    endloop
  endfacet
  facet normal 0.239668 -0.957051 0.163134
    outer loop
      vertex 75.3614 34.4069 6
      vertex 75.1463 34.8644 9
      vertex 75.2432 34.3773 6
    endloop
  endfacet
  facet normal 0.048582 -0.985404 0.16315
    outer loop
      vertex 75.0735 34.8536 9
      vertex 75.0005 34.3533 6
      vertex 75.1222 34.3593 6
    endloop
  endfacet
  facet normal 0.14478 -0.975922 0.163142
    outer loop
      vertex 75.2427 34.3772 6
      vertex 75.1463 34.8644 9
      vertex 75.0735 34.8536 9
    endloop
  endfacet
  facet normal 0.193483 -0.967414 0.163325
    outer loop
      vertex 75.1463 34.8644 9
      vertex 75.2427 34.3772 6
      vertex 75.2432 34.3773 6
    endloop
  endfacet
  facet normal -0.789467 -0.5921 0.161736
    outer loop
      vertex 74.1188 34.7181 6
      vertex 74.4697 35.0697 9
      vertex 74.1185 34.7185 6
    endloop
  endfacet
  facet normal -0.663323 -0.730325 0.163181
    outer loop
      vertex 74.4697 35.0697 9
      vertex 74.1188 34.7181 6
      vertex 74.5242 35.0202 9
    endloop
  endfacet
  facet normal -0.891938 -0.421688 0.163173
    outer loop
      vertex 74.3386 35.2465 9
      vertex 73.8484 35.1225 6
      vertex 73.9005 35.0123 6
    endloop
  endfacet
  facet normal -0.882547 0.441273 0.162447
    outer loop
      vertex 73.8482 36.0771 6
      vertex 74.3386 35.9535 9
      vertex 73.8484 36.0775 6
    endloop
  endfacet
  facet normal -0.891629 0.42235 0.163152
    outer loop
      vertex 74.3386 35.9535 9
      vertex 73.8482 36.0771 6
      vertex 74.3071 35.887 9
    endloop
  endfacet
  facet normal 0.193446 0.967229 0.164461
    outer loop
      vertex 75.2432 36.8227 6
      vertex 75.2177 36.3177 9
      vertex 75.2437 36.8226 6
    endloop
  endfacet
  facet normal 0.239917 0.956989 0.163132
    outer loop
      vertex 75.2177 36.3177 9
      vertex 75.2432 36.8227 6
      vertex 75.1463 36.3356 9
    endloop
  endfacet
  facet normal 0.929032 -0.332086 0.163152
    outer loop
      vertex 76.193 35.2381 6
      vertex 75.7177 35.3823 9
      vertex 76.152 35.1234 6
    endloop
  endfacet
  facet normal -0.79265 -0.587446 0.163135
    outer loop
      vertex 74.036 34.8095 6
      vertex 74.4202 35.1242 9
      vertex 74.3764 35.1833 9
    endloop
  endfacet
  facet normal -0.789278 -0.591958 0.163177
    outer loop
      vertex 74.4202 35.1242 9
      vertex 74.036 34.8095 6
      vertex 74.0363 34.8091 6
    endloop
  endfacet
  facet normal -0.731198 -0.66237 0.16314
    outer loop
      vertex 74.4202 35.1242 9
      vertex 74.0363 34.8091 6
      vertex 74.1181 34.7188 6
    endloop
  endfacet
  facet normal -0.332086 -0.929031 0.163154
    outer loop
      vertex 74.713 34.9071 9
      vertex 74.5229 34.4482 6
      vertex 74.6376 34.4072 6
    endloop
  endfacet
  facet normal 0.730325 -0.663323 0.163181
    outer loop
      vertex 75.5303 35.0697 9
      vertex 75.8819 34.7188 6
      vertex 75.5798 35.1242 9
    endloop
  endfacet
  facet normal 0.5921 -0.789467 0.161736
    outer loop
      vertex 75.8819 34.7188 6
      vertex 75.5303 35.0697 9
      vertex 75.8815 34.7185 6
    endloop
  endfacet
  facet normal 0.928909 -0.332424 0.163163
    outer loop
      vertex 75.6929 35.313 9
      vertex 76.152 35.1234 6
      vertex 75.7177 35.3823 9
    endloop
  endfacet
  facet normal 0.916008 -0.366403 0.163336
    outer loop
      vertex 76.152 35.1234 6
      vertex 75.6929 35.313 9
      vertex 76.1518 35.1229 6
    endloop
  endfacet
  facet normal -0.5076 -0.846001 0.163171
    outer loop
      vertex 74.6465 34.9386 9
      vertex 74.3078 34.5632 6
      vertex 74.4123 34.5005 6
    endloop
  endfacet
  facet normal 0.882547 0.441273 0.162447
    outer loop
      vertex 75.6614 35.9535 9
      vertex 76.1518 36.0771 6
      vertex 76.1516 36.0775 6
    endloop
  endfacet
  facet normal 0.891629 0.42235 0.163152
    outer loop
      vertex 76.1518 36.0771 6
      vertex 75.6614 35.9535 9
      vertex 75.6929 35.887 9
    endloop
  endfacet
  facet normal 0.967229 0.193446 0.164461
    outer loop
      vertex 75.7177 35.8177 9
      vertex 76.2227 35.8432 6
      vertex 76.2226 35.8437 6
    endloop
  endfacet
  facet normal 0.956989 0.239917 0.163132
    outer loop
      vertex 76.2227 35.8432 6
      vertex 75.7177 35.8177 9
      vertex 75.7356 35.7463 9
    endloop
  endfacet
  facet normal -0.956989 -0.239917 0.163132
    outer loop
      vertex 73.7773 35.3568 6
      vertex 74.2823 35.3823 9
      vertex 74.2644 35.4537 9
    endloop
  endfacet
  facet normal -0.967229 -0.193446 0.164461
    outer loop
      vertex 74.2823 35.3823 9
      vertex 73.7773 35.3568 6
      vertex 73.7774 35.3563 6
    endloop
  endfacet
  facet normal 0.730429 0.663216 0.163149
    outer loop
      vertex 75.8815 36.4815 6
      vertex 75.5303 36.1303 9
      vertex 75.9634 36.3913 6
    endloop
  endfacet
  facet normal 0.587679 0.792477 0.163137
    outer loop
      vertex 75.693 36.6363 6
      vertex 75.4758 36.1798 9
      vertex 75.7909 36.5637 6
    endloop
  endfacet
  facet normal 0.66237 0.731198 0.16314
    outer loop
      vertex 75.7909 36.5637 6
      vertex 75.4758 36.1798 9
      vertex 75.8812 36.4819 6
    endloop
  endfacet
  facet normal 0.882599 0.4413 0.162089
    outer loop
      vertex 75.6236 36.0167 9
      vertex 76.0368 36.2922 6
      vertex 76.0366 36.2926 6
    endloop
  endfacet
  facet normal 0.846715 0.506421 0.163127
    outer loop
      vertex 76.0368 36.2922 6
      vertex 75.6236 36.0167 9
      vertex 75.6614 35.9535 9
    endloop
  endfacet
  facet normal 0 0 1
    outer loop
      vertex 75.7464 35.6735 9
      vertex 75.7464 35.5265 9
      vertex 75.75 35.6 9
    endloop
  endfacet
  facet normal 0 0 1
    outer loop
      vertex 75.7356 35.7463 9
      vertex 75.7464 35.5265 9
      vertex 75.7464 35.6735 9
    endloop
  endfacet
  facet normal 0 0 1
    outer loop
      vertex 75.7356 35.7463 9
      vertex 75.7356 35.4537 9
      vertex 75.7464 35.5265 9
    endloop
  endfacet
  facet normal 0 0 1
    outer loop
      vertex 75.7177 35.8177 9
      vertex 75.7356 35.4537 9
      vertex 75.7356 35.7463 9
    endloop
  endfacet
  facet normal 0 0 1
    outer loop
      vertex 75.7177 35.8177 9
      vertex 75.7177 35.3823 9
      vertex 75.7356 35.4537 9
    endloop
  endfacet
  facet normal 0 0 1
    outer loop
      vertex 75.6929 35.887 9
      vertex 75.7177 35.3823 9
      vertex 75.7177 35.8177 9
    endloop
  endfacet
  facet normal 0 0 1
    outer loop
      vertex 75.6929 35.887 9
      vertex 75.6929 35.313 9
      vertex 75.7177 35.3823 9
    endloop
  endfacet
  facet normal 0 0 1
    outer loop
      vertex 75.6614 35.9535 9
      vertex 75.6929 35.313 9
      vertex 75.6929 35.887 9
    endloop
  endfacet
  facet normal 0 0 1
    outer loop
      vertex 75.6614 35.9535 9
      vertex 75.6614 35.2465 9
      vertex 75.6929 35.313 9
    endloop
  endfacet
  facet normal 0 0 1
    outer loop
      vertex 75.6236 36.0167 9
      vertex 75.6614 35.2465 9
      vertex 75.6614 35.9535 9
    endloop
  endfacet
  facet normal 0 0 1
    outer loop
      vertex 75.6236 36.0167 9
      vertex 75.6236 35.1833 9
      vertex 75.6614 35.2465 9
    endloop
  endfacet
  facet normal 0 0 1
    outer loop
      vertex 75.5798 36.0758 9
      vertex 75.6236 35.1833 9
      vertex 75.6236 36.0167 9
    endloop
  endfacet
  facet normal 0 0 1
    outer loop
      vertex 75.5798 36.0758 9
      vertex 75.5798 35.1242 9
      vertex 75.6236 35.1833 9
    endloop
  endfacet
  facet normal 0 0 1
    outer loop
      vertex 75.5303 36.1303 9
      vertex 75.5798 35.1242 9
      vertex 75.5798 36.0758 9
    endloop
  endfacet
  facet normal 0 0 1
    outer loop
      vertex 75.5303 36.1303 9
      vertex 75.5303 35.0697 9
      vertex 75.5798 35.1242 9
    endloop
  endfacet
  facet normal 0 0 1
    outer loop
      vertex 75.4758 36.1798 9
      vertex 75.5303 35.0697 9
      vertex 75.5303 36.1303 9
    endloop
  endfacet
  facet normal 0 0 1
    outer loop
      vertex 75.4758 36.1798 9
      vertex 75.4758 35.0202 9
      vertex 75.5303 35.0697 9
    endloop
  endfacet
  facet normal 0 0 1
    outer loop
      vertex 75.4167 36.2236 9
      vertex 75.4758 35.0202 9
      vertex 75.4758 36.1798 9
    endloop
  endfacet
  facet normal 0 0 1
    outer loop
      vertex 75.4167 36.2236 9
      vertex 75.4167 34.9764 9
      vertex 75.4758 35.0202 9
    endloop
  endfacet
  facet normal 0 0 1
    outer loop
      vertex 75.3535 36.2614 9
      vertex 75.4167 34.9764 9
      vertex 75.4167 36.2236 9
    endloop
  endfacet
  facet normal 0 0 1
    outer loop
      vertex 75.3535 36.2614 9
      vertex 75.3535 34.9386 9
      vertex 75.4167 34.9764 9
    endloop
  endfacet
  facet normal 0 0 1
    outer loop
      vertex 75.287 36.2929 9
      vertex 75.3535 34.9386 9
      vertex 75.3535 36.2614 9
    endloop
  endfacet
  facet normal 0 0 1
    outer loop
      vertex 75.287 36.2929 9
      vertex 75.287 34.9071 9
      vertex 75.3535 34.9386 9
    endloop
  endfacet
  facet normal 0 0 1
    outer loop
      vertex 75.2177 36.3177 9
      vertex 75.287 34.9071 9
      vertex 75.287 36.2929 9
    endloop
  endfacet
  facet normal 0 0 1
    outer loop
      vertex 75.2177 36.3177 9
      vertex 75.2177 34.8823 9
      vertex 75.287 34.9071 9
    endloop
  endfacet
  facet normal 0 0 1
    outer loop
      vertex 75.1463 36.3356 9
      vertex 75.2177 34.8823 9
      vertex 75.2177 36.3177 9
    endloop
  endfacet
  facet normal 0 0 1
    outer loop
      vertex 75.1463 36.3356 9
      vertex 75.1463 34.8644 9
      vertex 75.2177 34.8823 9
    endloop
  endfacet
  facet normal 0 0 1
    outer loop
      vertex 75.0735 36.3464 9
      vertex 75.1463 34.8644 9
      vertex 75.1463 36.3356 9
    endloop
  endfacet
  facet normal 0 0 1
    outer loop
      vertex 75.0735 36.3464 9
      vertex 75.0735 34.8536 9
      vertex 75.1463 34.8644 9
    endloop
  endfacet
  facet normal 0 0 1
    outer loop
      vertex 75 36.35 9
      vertex 75.0735 34.8536 9
      vertex 75.0735 36.3464 9
    endloop
  endfacet
  facet normal 0 0 1
    outer loop
      vertex 75 36.35 9
      vertex 75 34.85 9
      vertex 75.0735 34.8536 9
    endloop
  endfacet
  facet normal -0 0 1
    outer loop
      vertex 74.9265 36.3464 9
      vertex 75 34.85 9
      vertex 75 36.35 9
    endloop
  endfacet
  facet normal 0 0 1
    outer loop
      vertex 74.9265 36.3464 9
      vertex 74.9265 34.8536 9
      vertex 75 34.85 9
    endloop
  endfacet
  facet normal -0 0 1
    outer loop
      vertex 74.8537 36.3356 9
      vertex 74.9265 34.8536 9
      vertex 74.9265 36.3464 9
    endloop
  endfacet
  facet normal 0 0 1
    outer loop
      vertex 74.8537 36.3356 9
      vertex 74.8537 34.8644 9
      vertex 74.9265 34.8536 9
    endloop
  endfacet
  facet normal -0 0 1
    outer loop
      vertex 74.7823 36.3177 9
      vertex 74.8537 34.8644 9
      vertex 74.8537 36.3356 9
    endloop
  endfacet
  facet normal 0 0 1
    outer loop
      vertex 74.7823 36.3177 9
      vertex 74.7823 34.8823 9
      vertex 74.8537 34.8644 9
    endloop
  endfacet
  facet normal -0 0 1
    outer loop
      vertex 74.713 36.2929 9
      vertex 74.7823 34.8823 9
      vertex 74.7823 36.3177 9
    endloop
  endfacet
  facet normal 0 0 1
    outer loop
      vertex 74.713 36.2929 9
      vertex 74.713 34.9071 9
      vertex 74.7823 34.8823 9
    endloop
  endfacet
  facet normal -0 0 1
    outer loop
      vertex 74.6465 36.2614 9
      vertex 74.713 34.9071 9
      vertex 74.713 36.2929 9
    endloop
  endfacet
  facet normal 0 0 1
    outer loop
      vertex 74.6465 36.2614 9
      vertex 74.6465 34.9386 9
      vertex 74.713 34.9071 9
    endloop
  endfacet
  facet normal -0 0 1
    outer loop
      vertex 74.5833 36.2236 9
      vertex 74.6465 34.9386 9
      vertex 74.6465 36.2614 9
    endloop
  endfacet
  facet normal 0 0 1
    outer loop
      vertex 74.5833 36.2236 9
      vertex 74.5833 34.9764 9
      vertex 74.6465 34.9386 9
    endloop
  endfacet
  facet normal -0 0 1
    outer loop
      vertex 74.5242 36.1798 9
      vertex 74.5833 34.9764 9
      vertex 74.5833 36.2236 9
    endloop
  endfacet
  facet normal 0 0 1
    outer loop
      vertex 74.5242 36.1798 9
      vertex 74.5242 35.0202 9
      vertex 74.5833 34.9764 9
    endloop
  endfacet
  facet normal -0 0 1
    outer loop
      vertex 74.4697 36.1303 9
      vertex 74.5242 35.0202 9
      vertex 74.5242 36.1798 9
    endloop
  endfacet
  facet normal 0 0 1
    outer loop
      vertex 74.4697 36.1303 9
      vertex 74.4697 35.0697 9
      vertex 74.5242 35.0202 9
    endloop
  endfacet
  facet normal -0 0 1
    outer loop
      vertex 74.4202 36.0758 9
      vertex 74.4697 35.0697 9
      vertex 74.4697 36.1303 9
    endloop
  endfacet
  facet normal 0 0 1
    outer loop
      vertex 74.4202 36.0758 9
      vertex 74.4202 35.1242 9
      vertex 74.4697 35.0697 9
    endloop
  endfacet
  facet normal -0 0 1
    outer loop
      vertex 74.3764 36.0167 9
      vertex 74.4202 35.1242 9
      vertex 74.4202 36.0758 9
    endloop
  endfacet
  facet normal 0 0 1
    outer loop
      vertex 74.3764 36.0167 9
      vertex 74.3764 35.1833 9
      vertex 74.4202 35.1242 9
    endloop
  endfacet
  facet normal -0 0 1
    outer loop
      vertex 74.3386 35.9535 9
      vertex 74.3764 35.1833 9
      vertex 74.3764 36.0167 9
    endloop
  endfacet
  facet normal 0 0 1
    outer loop
      vertex 74.3386 35.9535 9
      vertex 74.3386 35.2465 9
      vertex 74.3764 35.1833 9
    endloop
  endfacet
  facet normal -0 0 1
    outer loop
      vertex 74.3071 35.887 9
      vertex 74.3386 35.2465 9
      vertex 74.3386 35.9535 9
    endloop
  endfacet
  facet normal 0 0 1
    outer loop
      vertex 74.3071 35.887 9
      vertex 74.3071 35.313 9
      vertex 74.3386 35.2465 9
    endloop
  endfacet
  facet normal -0 0 1
    outer loop
      vertex 74.2823 35.8177 9
      vertex 74.3071 35.313 9
      vertex 74.3071 35.887 9
    endloop
  endfacet
  facet normal 0 0 1
    outer loop
      vertex 74.2823 35.8177 9
      vertex 74.2823 35.3823 9
      vertex 74.3071 35.313 9
    endloop
  endfacet
  facet normal -0 0 1
    outer loop
      vertex 74.2644 35.7463 9
      vertex 74.2823 35.3823 9
      vertex 74.2823 35.8177 9
    endloop
  endfacet
  facet normal 0 0 1
    outer loop
      vertex 74.2644 35.7463 9
      vertex 74.2644 35.4537 9
      vertex 74.2823 35.3823 9
    endloop
  endfacet
  facet normal -0 0 1
    outer loop
      vertex 74.2536 35.6735 9
      vertex 74.2644 35.4537 9
      vertex 74.2644 35.7463 9
    endloop
  endfacet
  facet normal 0 0 1
    outer loop
      vertex 74.2536 35.6735 9
      vertex 74.2536 35.5265 9
      vertex 74.2644 35.4537 9
    endloop
  endfacet
  facet normal 0 -0 1
    outer loop
      vertex 74.2536 35.5265 9
      vertex 74.2536 35.6735 9
      vertex 74.25 35.6 9
    endloop
  endfacet
  facet normal 0.985404 -0.048582 0.16315
    outer loop
      vertex 76.2467 35.5995 6
      vertex 75.7464 35.5265 9
      vertex 76.2407 35.4778 6
    endloop
  endfacet
  facet normal 0.986569 0 0.163343
    outer loop
      vertex 75.75 35.6 9
      vertex 76.2467 35.5995 6
      vertex 76.2467 35.6 6
    endloop
  endfacet
  facet normal 0.985418 -0.0482654 0.16316
    outer loop
      vertex 76.2467 35.5995 6
      vertex 75.75 35.6 9
      vertex 75.7464 35.5265 9
    endloop
  endfacet
  facet normal -0.506421 0.846715 0.163127
    outer loop
      vertex 74.3078 36.6368 6
      vertex 74.5833 36.2236 9
      vertex 74.6465 36.2614 9
    endloop
  endfacet
  facet normal -0.4413 0.882599 0.162089
    outer loop
      vertex 74.5833 36.2236 9
      vertex 74.3078 36.6368 6
      vertex 74.3074 36.6366 6
    endloop
  endfacet
  facet normal 0.929031 0.332086 0.163154
    outer loop
      vertex 76.1518 36.0771 6
      vertex 75.6929 35.887 9
      vertex 76.1928 35.9624 6
    endloop
  endfacet
  facet normal -0.967414 0.193483 0.163325
    outer loop
      vertex 73.7772 35.8427 6
      vertex 74.2644 35.7463 9
      vertex 73.7773 35.8432 6
    endloop
  endfacet
  facet normal -0.975922 0.14478 0.163142
    outer loop
      vertex 74.2644 35.7463 9
      vertex 73.7772 35.8427 6
      vertex 74.2536 35.6735 9
    endloop
  endfacet
  facet normal -0.587679 0.792477 0.163137
    outer loop
      vertex 74.307 36.6363 6
      vertex 74.2091 36.5637 6
      vertex 74.5242 36.1798 9
    endloop
  endfacet
  facet normal -0.730325 -0.663323 0.163181
    outer loop
      vertex 74.1181 34.7188 6
      vertex 74.4697 35.0697 9
      vertex 74.4202 35.1242 9
    endloop
  endfacet
  facet normal -0.5921 -0.789467 0.161736
    outer loop
      vertex 74.4697 35.0697 9
      vertex 74.1181 34.7188 6
      vertex 74.1185 34.7185 6
    endloop
  endfacet
  facet normal 0.048582 0.985404 0.16315
    outer loop
      vertex 75 36.8467 6
      vertex 75 36.35 9
      vertex 75.1217 36.8407 6
    endloop
  endfacet
  facet normal -0.792476 0.587679 0.163144
    outer loop
      vertex 74.036 36.3905 6
      vertex 73.9634 36.2926 6
      vertex 74.3764 36.0167 9
    endloop
  endfacet
  facet normal -0.846001 -0.5076 0.163171
    outer loop
      vertex 74.3386 35.2465 9
      vertex 73.9005 35.0123 6
      vertex 73.9632 34.9078 6
    endloop
  endfacet
  facet normal 0.591979 0.789305 0.162965
    outer loop
      vertex 75.6926 36.6366 6
      vertex 75.4758 36.1798 9
      vertex 75.693 36.6363 6
    endloop
  endfacet
  facet normal 0.587445 0.792648 0.163147
    outer loop
      vertex 75.4758 36.1798 9
      vertex 75.6926 36.6366 6
      vertex 75.4167 36.2236 9
    endloop
  endfacet
  facet normal -0.332424 0.928911 0.163149
    outer loop
      vertex 74.6381 36.793 6
      vertex 74.713 36.2929 9
      vertex 74.7823 36.3177 9
    endloop
  endfacet
  facet normal -0.366492 0.91623 0.161886
    outer loop
      vertex 74.713 36.2929 9
      vertex 74.6381 36.793 6
      vertex 74.6376 36.7928 6
    endloop
  endfacet
  facet normal -0.422002 -0.891793 0.163155
    outer loop
      vertex 74.713 34.9071 9
      vertex 74.4128 34.5003 6
      vertex 74.5229 34.4482 6
    endloop
  endfacet
  facet normal -0.929032 -0.332086 0.163152
    outer loop
      vertex 74.2823 35.3823 9
      vertex 73.807 35.2381 6
      vertex 73.848 35.1234 6
    endloop
  endfacet
  facet normal -0.957049 -0.239667 0.163148
    outer loop
      vertex 74.2823 35.3823 9
      vertex 73.7774 35.3563 6
      vertex 73.807 35.2381 6
    endloop
  endfacet
  facet normal 0.846001 -0.5076 0.163171
    outer loop
      vertex 76.0995 35.0123 6
      vertex 75.6614 35.2465 9
      vertex 76.0368 34.9078 6
    endloop
  endfacet
  facet normal -0.366461 -0.916152 0.162397
    outer loop
      vertex 74.4128 34.5003 6
      vertex 74.6465 34.9386 9
      vertex 74.4123 34.5005 6
    endloop
  endfacet
  facet normal -0.422349 -0.891626 0.163168
    outer loop
      vertex 74.6465 34.9386 9
      vertex 74.4128 34.5003 6
      vertex 74.713 34.9071 9
    endloop
  endfacet
  facet normal 0.422002 -0.891793 0.163155
    outer loop
      vertex 75.5872 34.5003 6
      vertex 75.287 34.9071 9
      vertex 75.4771 34.4482 6
    endloop
  endfacet
  facet normal -0.975893 0.144967 0.163148
    outer loop
      vertex 73.7772 35.8427 6
      vertex 73.7593 35.7222 6
      vertex 74.2536 35.6735 9
    endloop
  endfacet
  facet normal -0.985404 0.048582 0.16315
    outer loop
      vertex 73.7593 35.7222 6
      vertex 73.7533 35.6005 6
      vertex 74.2536 35.6735 9
    endloop
  endfacet
  facet normal -0.0482655 0.985422 0.16314
    outer loop
      vertex 74.8783 36.8407 6
      vertex 74.9265 36.3464 9
      vertex 75 36.35 9
    endloop
  endfacet
  facet normal 0 0.986696 0.162575
    outer loop
      vertex 74.9265 36.3464 9
      vertex 74.8783 36.8407 6
      vertex 74.8778 36.8407 6
    endloop
  endfacet
  facet normal -0.239667 0.957049 0.163148
    outer loop
      vertex 74.7563 36.8226 6
      vertex 74.6381 36.793 6
      vertex 74.7823 36.3177 9
    endloop
  endfacet
  facet normal 0.731198 -0.66237 0.16314
    outer loop
      vertex 75.9637 34.8091 6
      vertex 75.5798 35.1242 9
      vertex 75.8819 34.7188 6
    endloop
  endfacet
  facet normal 0 -0.986569 0.163343
    outer loop
      vertex 75.0005 34.3533 6
      vertex 75 34.85 9
      vertex 75 34.3533 6
    endloop
  endfacet
  facet normal 0.0482654 -0.985418 0.16316
    outer loop
      vertex 75 34.85 9
      vertex 75.0005 34.3533 6
      vertex 75.0735 34.8536 9
    endloop
  endfacet
  facet normal 0.144967 0.975895 0.163135
    outer loop
      vertex 75.2432 36.8227 6
      vertex 75.1227 36.8406 6
      vertex 75.1463 36.3356 9
    endloop
  endfacet
  facet normal -0.663323 0.730325 0.163181
    outer loop
      vertex 74.1188 36.4819 6
      vertex 74.4697 36.1303 9
      vertex 74.5242 36.1798 9
    endloop
  endfacet
  facet normal -0.789467 0.5921 0.161736
    outer loop
      vertex 74.4697 36.1303 9
      vertex 74.1188 36.4819 6
      vertex 74.1185 36.4815 6
    endloop
  endfacet
  facet normal 0.5076 -0.846001 0.163171
    outer loop
      vertex 75.6922 34.5632 6
      vertex 75.3535 34.9386 9
      vertex 75.5877 34.5005 6
    endloop
  endfacet
  facet normal -0.144967 0.975895 0.163135
    outer loop
      vertex 74.8773 36.8406 6
      vertex 74.7568 36.8227 6
      vertex 74.8537 36.3356 9
    endloop
  endfacet
  facet normal 0.792476 -0.587679 0.163144
    outer loop
      vertex 76.0366 34.9074 6
      vertex 75.6236 35.1833 9
      vertex 75.964 34.8095 6
    endloop
  endfacet
  facet normal 0.506421 -0.846715 0.163127
    outer loop
      vertex 75.6922 34.5632 6
      vertex 75.4167 34.9764 9
      vertex 75.3535 34.9386 9
    endloop
  endfacet
  facet normal 0.4413 -0.882599 0.162089
    outer loop
      vertex 75.4167 34.9764 9
      vertex 75.6922 34.5632 6
      vertex 75.6926 34.5634 6
    endloop
  endfacet
  facet normal 0.975922 -0.14478 0.163142
    outer loop
      vertex 75.7356 35.4537 9
      vertex 76.2228 35.3573 6
      vertex 75.7464 35.5265 9
    endloop
  endfacet
  facet normal 0.967414 -0.193483 0.163325
    outer loop
      vertex 76.2228 35.3573 6
      vertex 75.7356 35.4537 9
      vertex 76.2227 35.3568 6
    endloop
  endfacet
  facet normal 0.789467 0.5921 0.161736
    outer loop
      vertex 75.8812 36.4819 6
      vertex 75.5303 36.1303 9
      vertex 75.8815 36.4815 6
    endloop
  endfacet
  facet normal 0.663323 0.730325 0.163181
    outer loop
      vertex 75.5303 36.1303 9
      vertex 75.8812 36.4819 6
      vertex 75.4758 36.1798 9
    endloop
  endfacet
  facet normal 0.788983 0.591738 0.165384
    outer loop
      vertex 75.5303 36.1303 9
      vertex 75.9637 36.3909 6
      vertex 75.9634 36.3913 6
    endloop
  endfacet
  facet normal 0.730331 0.663329 0.16313
    outer loop
      vertex 75.9637 36.3909 6
      vertex 75.5303 36.1303 9
      vertex 75.5798 36.0758 9
    endloop
  endfacet
  facet normal 0.332086 0.929031 0.163154
    outer loop
      vertex 75.3624 36.7928 6
      vertex 75.287 36.2929 9
      vertex 75.4771 36.7518 6
    endloop
  endfacet
  facet normal 0.587445 -0.792648 0.163147
    outer loop
      vertex 75.6926 34.5634 6
      vertex 75.4758 35.0202 9
      vertex 75.4167 34.9764 9
    endloop
  endfacet
  facet normal 0.591979 -0.789305 0.162965
    outer loop
      vertex 75.4758 35.0202 9
      vertex 75.6926 34.5634 6
      vertex 75.693 34.5637 6
    endloop
  endfacet
  facet normal -0.91623 0.366492 0.161886
    outer loop
      vertex 73.807 35.9619 6
      vertex 74.3071 35.887 9
      vertex 73.8072 35.9624 6
    endloop
  endfacet
  facet normal -0.928911 0.332424 0.163149
    outer loop
      vertex 74.3071 35.887 9
      vertex 73.807 35.9619 6
      vertex 74.2823 35.8177 9
    endloop
  endfacet
  facet normal -0.587445 0.792648 0.163147
    outer loop
      vertex 74.3074 36.6366 6
      vertex 74.5242 36.1798 9
      vertex 74.5833 36.2236 9
    endloop
  endfacet
  facet normal -0.591979 0.789305 0.162965
    outer loop
      vertex 74.5242 36.1798 9
      vertex 74.3074 36.6366 6
      vertex 74.307 36.6363 6
    endloop
  endfacet
  facet normal -0.928909 -0.332424 0.163163
    outer loop
      vertex 73.848 35.1234 6
      vertex 74.3071 35.313 9
      vertex 74.2823 35.3823 9
    endloop
  endfacet
  facet normal -0.916008 -0.366403 0.163336
    outer loop
      vertex 74.3071 35.313 9
      vertex 73.848 35.1234 6
      vertex 73.8482 35.1229 6
    endloop
  endfacet
  facet normal -0.891629 -0.42235 0.163152
    outer loop
      vertex 73.8482 35.1229 6
      vertex 74.3386 35.2465 9
      vertex 74.3071 35.313 9
    endloop
  endfacet
  facet normal -0.882547 -0.441273 0.162447
    outer loop
      vertex 74.3386 35.2465 9
      vertex 73.8482 35.1229 6
      vertex 73.8484 35.1225 6
    endloop
  endfacet
  facet normal -0.788983 0.591738 0.165384
    outer loop
      vertex 74.0363 36.3909 6
      vertex 74.4697 36.1303 9
      vertex 74.0366 36.3913 6
    endloop
  endfacet
  facet normal -0.730331 0.663329 0.16313
    outer loop
      vertex 74.4697 36.1303 9
      vertex 74.0363 36.3909 6
      vertex 74.4202 36.0758 9
    endloop
  endfacet
  facet normal 0.846715 -0.506421 0.163127
    outer loop
      vertex 75.6236 35.1833 9
      vertex 76.0368 34.9078 6
      vertex 75.6614 35.2465 9
    endloop
  endfacet
  facet normal 0.882599 -0.4413 0.162089
    outer loop
      vertex 76.0368 34.9078 6
      vertex 75.6236 35.1833 9
      vertex 76.0366 34.9074 6
    endloop
  endfacet
  facet normal 0.663323 -0.730325 0.163181
    outer loop
      vertex 75.8812 34.7181 6
      vertex 75.5303 35.0697 9
      vertex 75.4758 35.0202 9
    endloop
  endfacet
  facet normal 0.789467 -0.5921 0.161736
    outer loop
      vertex 75.5303 35.0697 9
      vertex 75.8812 34.7181 6
      vertex 75.8815 34.7185 6
    endloop
  endfacet
  facet normal -0.975922 -0.14478 0.163142
    outer loop
      vertex 73.7772 35.3573 6
      vertex 74.2644 35.4537 9
      vertex 74.2536 35.5265 9
    endloop
  endfacet
  facet normal -0.967414 -0.193483 0.163325
    outer loop
      vertex 74.2644 35.4537 9
      vertex 73.7772 35.3573 6
      vertex 73.7773 35.3568 6
    endloop
  endfacet
  facet normal 0.332424 -0.928911 0.163149
    outer loop
      vertex 75.3619 34.407 6
      vertex 75.287 34.9071 9
      vertex 75.2177 34.8823 9
    endloop
  endfacet
  facet normal 0.366492 -0.91623 0.161886
    outer loop
      vertex 75.287 34.9071 9
      vertex 75.3619 34.407 6
      vertex 75.3624 34.4072 6
    endloop
  endfacet
  facet normal 0.5076 0.846001 0.163171
    outer loop
      vertex 75.5877 36.6995 6
      vertex 75.3535 36.2614 9
      vertex 75.6922 36.6368 6
    endloop
  endfacet
  facet normal -0.366492 -0.91623 0.161886
    outer loop
      vertex 74.6381 34.407 6
      vertex 74.713 34.9071 9
      vertex 74.6376 34.4072 6
    endloop
  endfacet
  facet normal -0.332424 -0.928911 0.163149
    outer loop
      vertex 74.713 34.9071 9
      vertex 74.6381 34.407 6
      vertex 74.7823 34.8823 9
    endloop
  endfacet
  facet normal -0.332086 0.929031 0.163154
    outer loop
      vertex 74.6376 36.7928 6
      vertex 74.5229 36.7518 6
      vertex 74.713 36.2929 9
    endloop
  endfacet
  facet normal 0.4413 0.882599 0.162089
    outer loop
      vertex 75.6922 36.6368 6
      vertex 75.4167 36.2236 9
      vertex 75.6926 36.6366 6
    endloop
  endfacet
  facet normal 0.506421 0.846715 0.163127
    outer loop
      vertex 75.4167 36.2236 9
      vertex 75.6922 36.6368 6
      vertex 75.3535 36.2614 9
    endloop
  endfacet
  facet normal -0.4413 -0.882599 0.162089
    outer loop
      vertex 74.3078 34.5632 6
      vertex 74.5833 34.9764 9
      vertex 74.3074 34.5634 6
    endloop
  endfacet
  facet normal -0.506421 -0.846715 0.163127
    outer loop
      vertex 74.5833 34.9764 9
      vertex 74.3078 34.5632 6
      vertex 74.6465 34.9386 9
    endloop
  endfacet
  facet normal 0.66237 -0.731198 0.16314
    outer loop
      vertex 75.8812 34.7181 6
      vertex 75.4758 35.0202 9
      vertex 75.7909 34.6363 6
    endloop
  endfacet
  facet normal 0.587679 -0.792477 0.163137
    outer loop
      vertex 75.7909 34.6363 6
      vertex 75.4758 35.0202 9
      vertex 75.693 34.5637 6
    endloop
  endfacet
  facet normal -0.193483 -0.967414 0.163325
    outer loop
      vertex 74.7573 34.3772 6
      vertex 74.8537 34.8644 9
      vertex 74.7568 34.3773 6
    endloop
  endfacet
  facet normal -0.14478 -0.975922 0.163142
    outer loop
      vertex 74.8537 34.8644 9
      vertex 74.7573 34.3772 6
      vertex 74.9265 34.8536 9
    endloop
  endfacet
  facet normal -0 0.986696 0.162575
    outer loop
      vertex 75.1217 36.8407 6
      vertex 75.0735 36.3464 9
      vertex 75.1222 36.8407 6
    endloop
  endfacet
  facet normal 0.0482655 0.985422 0.16314
    outer loop
      vertex 75.0735 36.3464 9
      vertex 75.1217 36.8407 6
      vertex 75 36.35 9
    endloop
  endfacet
  facet normal 0.14478 0.975922 0.163141
    outer loop
      vertex 75.1227 36.8406 6
      vertex 75.0735 36.3464 9
      vertex 75.1463 36.3356 9
    endloop
  endfacet
  facet normal 0.193508 0.967538 0.162559
    outer loop
      vertex 75.0735 36.3464 9
      vertex 75.1227 36.8406 6
      vertex 75.1222 36.8407 6
    endloop
  endfacet
  facet normal -0.239668 -0.957051 0.163134
    outer loop
      vertex 74.8537 34.8644 9
      vertex 74.6386 34.4069 6
      vertex 74.7568 34.3773 6
    endloop
  endfacet
  facet normal -0.193507 -0.967533 0.162591
    outer loop
      vertex 74.6386 34.4069 6
      vertex 74.7823 34.8823 9
      vertex 74.6381 34.407 6
    endloop
  endfacet
  facet normal -0.239917 -0.956987 0.163143
    outer loop
      vertex 74.7823 34.8823 9
      vertex 74.6386 34.4069 6
      vertex 74.8537 34.8644 9
    endloop
  endfacet
  facet normal 0.974198 0.155872 0.163225
    outer loop
      vertex 7.73559 35.7463 9
      vertex 8.22281 35.8427 6
      vertex 8.22273 35.8432 6
    endloop
  endfacet
  facet normal 0.975921 0.144779 0.163148
    outer loop
      vertex 8.22281 35.8427 6
      vertex 7.73559 35.7463 9
      vertex 7.74639 35.6735 9
    endloop
  endfacet
  facet normal -0.928912 -0.332424 0.163148
    outer loop
      vertex 5.84804 35.1234 6
      vertex 6.30709 35.313 9
      vertex 6.28229 35.3823 9
    endloop
  endfacet
  facet normal -0.93411 -0.317597 0.163006
    outer loop
      vertex 6.30709 35.313 9
      vertex 5.84804 35.1234 6
      vertex 5.84821 35.1229 6
    endloop
  endfacet
  facet normal 0.239667 0.957049 0.163147
    outer loop
      vertex 7.24369 36.8226 6
      vertex 7.21771 36.3177 9
      vertex 7.36189 36.793 6
    endloop
  endfacet
  facet normal 0.957048 -0.239667 0.163152
    outer loop
      vertex 8.22261 35.3563 6
      vertex 7.7177 35.3823 9
      vertex 8.19301 35.2381 6
    endloop
  endfacet
  facet normal 0.985413 0.0483992 0.16315
    outer loop
      vertex 7.75 35.6 9
      vertex 8.24667 35.6005 6
      vertex 7.74639 35.6735 9
    endloop
  endfacet
  facet normal 0.985803 0.0394321 0.163213
    outer loop
      vertex 8.24667 35.6005 6
      vertex 7.75 35.6 9
      vertex 8.24669 35.6 6
    endloop
  endfacet
  facet normal 0.985413 0.0484204 0.163149
    outer loop
      vertex 8.24069 35.7222 6
      vertex 7.74639 35.6735 9
      vertex 8.24667 35.6005 6
    endloop
  endfacet
  facet normal 0.95931 0.230234 0.16345
    outer loop
      vertex 7.7177 35.8177 9
      vertex 8.22273 35.8432 6
      vertex 8.22261 35.8437 6
    endloop
  endfacet
  facet normal 0.957018 0.239791 0.163146
    outer loop
      vertex 8.22273 35.8432 6
      vertex 7.7177 35.8177 9
      vertex 7.73559 35.7463 9
    endloop
  endfacet
  facet normal -0.846181 0.507304 0.163157
    outer loop
      vertex 5.96317 36.2922 6
      vertex 5.90052 36.1877 6
      vertex 6.33856 35.9535 9
    endloop
  endfacet
  facet normal 0.891785 -0.422022 0.163149
    outer loop
      vertex 7.66144 35.2465 9
      vertex 8.15179 35.1229 6
      vertex 7.69291 35.313 9
    endloop
  endfacet
  facet normal 0.873744 -0.458716 0.161713
    outer loop
      vertex 8.15179 35.1229 6
      vertex 7.66144 35.2465 9
      vertex 8.15158 35.1225 6
    endloop
  endfacet
  facet normal 0.730795 -0.662811 0.163161
    outer loop
      vertex 7.53033 35.0697 9
      vertex 7.88187 34.7188 6
      vertex 7.57976 35.1242 9
    endloop
  endfacet
  facet normal 0.663659 -0.730025 0.163156
    outer loop
      vertex 7.88187 34.7188 6
      vertex 7.53033 35.0697 9
      vertex 7.88154 34.7185 6
    endloop
  endfacet
  facet normal -0.95703 -0.239743 0.163149
    outer loop
      vertex 6.28229 35.3823 9
      vertex 5.77738 35.3563 6
      vertex 5.80699 35.2381 6
    endloop
  endfacet
  facet normal 0.891941 -0.421689 0.163155
    outer loop
      vertex 8.15158 35.1225 6
      vertex 7.66144 35.2465 9
      vertex 8.09948 35.0123 6
    endloop
  endfacet
  facet normal -0.50753 0.846045 0.163162
    outer loop
      vertex 6.41231 36.6995 6
      vertex 6.30779 36.6368 6
      vertex 6.64645 36.2614 9
    endloop
  endfacet
  facet normal -0.048578 0.985405 0.16315
    outer loop
      vertex 7 36.8467 6
      vertex 6.87829 36.8407 6
      vertex 7 36.35 9
    endloop
  endfacet
  facet normal 0.985803 -0.0394321 0.163213
    outer loop
      vertex 7.75 35.6 9
      vertex 8.24667 35.5995 6
      vertex 8.24669 35.6 6
    endloop
  endfacet
  facet normal 0.985413 -0.0483992 0.16315
    outer loop
      vertex 8.24667 35.5995 6
      vertex 7.75 35.6 9
      vertex 7.74639 35.5265 9
    endloop
  endfacet
  facet normal 0.891941 0.421689 0.163155
    outer loop
      vertex 8.09948 36.1877 6
      vertex 7.66144 35.9535 9
      vertex 8.15158 36.0775 6
    endloop
  endfacet
  facet normal 0.393543 0.905149 0.160711
    outer loop
      vertex 7.36189 36.793 6
      vertex 7.28701 36.2929 9
      vertex 7.36235 36.7928 6
    endloop
  endfacet
  facet normal 0.332424 0.928912 0.163147
    outer loop
      vertex 7.28701 36.2929 9
      vertex 7.36189 36.793 6
      vertex 7.21771 36.3177 9
    endloop
  endfacet
  facet normal 0.587757 0.792419 0.163137
    outer loop
      vertex 7.69301 36.6363 6
      vertex 7.47579 36.1798 9
      vertex 7.79089 36.5637 6
    endloop
  endfacet
  facet normal 0.928878 -0.332517 0.163151
    outer loop
      vertex 8.19301 35.2381 6
      vertex 7.7177 35.3823 9
      vertex 8.15195 35.1234 6
    endloop
  endfacet
  facet normal -0.048578 -0.985405 0.16315
    outer loop
      vertex 6.92649 34.8536 9
      vertex 6.8778 34.3593 6
      vertex 6.99951 34.3533 6
    endloop
  endfacet
  facet normal 0.50753 -0.846045 0.16316
    outer loop
      vertex 7.6922 34.5632 6
      vertex 7.35355 34.9386 9
      vertex 7.58768 34.5005 6
    endloop
  endfacet
  facet normal -0.985417 -0.0483397 0.163149
    outer loop
      vertex 6.25361 35.5265 9
      vertex 5.75334 35.5995 6
      vertex 5.75931 35.4778 6
    endloop
  endfacet
  facet normal -0.662411 -0.731162 0.163137
    outer loop
      vertex 6.5242 35.0202 9
      vertex 6.11882 34.7181 6
      vertex 6.20911 34.6363 6
    endloop
  endfacet
  facet normal 0.928904 0.332445 0.163151
    outer loop
      vertex 8.15179 36.0771 6
      vertex 7.69291 35.887 9
      vertex 8.19284 35.9624 6
    endloop
  endfacet
  facet normal -0.975916 -0.144808 0.163149
    outer loop
      vertex 6.25361 35.5265 9
      vertex 5.75931 35.4778 6
      vertex 5.77719 35.3573 6
    endloop
  endfacet
  facet normal -0.14476 0.975924 0.163149
    outer loop
      vertex 6.8778 36.8407 6
      vertex 6.85368 36.3356 9
      vertex 6.92649 36.3464 9
    endloop
  endfacet
  facet normal -0.201292 0.9662 0.161057
    outer loop
      vertex 6.85368 36.3356 9
      vertex 6.8778 36.8407 6
      vertex 6.87732 36.8406 6
    endloop
  endfacet
  facet normal 0.662411 0.731162 0.16314
    outer loop
      vertex 7.79089 36.5637 6
      vertex 7.47579 36.1798 9
      vertex 7.88118 36.4819 6
    endloop
  endfacet
  facet normal -0.985417 0.0483397 0.163149
    outer loop
      vertex 5.75931 35.7222 6
      vertex 5.75334 35.6005 6
      vertex 6.25361 35.6735 9
    endloop
  endfacet
  facet normal 0.048578 0.985405 0.16315
    outer loop
      vertex 7 36.8467 6
      vertex 7 36.35 9
      vertex 7.12171 36.8407 6
    endloop
  endfacet
  facet normal -0.95703 0.239743 0.163149
    outer loop
      vertex 5.80699 35.9619 6
      vertex 5.77738 35.8437 6
      vertex 6.28229 35.8177 9
    endloop
  endfacet
  facet normal 0.770194 0.616155 0.164783
    outer loop
      vertex 7.53033 36.1303 9
      vertex 7.9637 36.3909 6
      vertex 7.96338 36.3913 6
    endloop
  endfacet
  facet normal 0.730797 0.662812 0.163145
    outer loop
      vertex 7.9637 36.3909 6
      vertex 7.53033 36.1303 9
      vertex 7.57976 36.0758 9
    endloop
  endfacet
  facet normal -0.798776 0.579112 0.163053
    outer loop
      vertex 6.03601 36.3905 6
      vertex 6.42024 36.0758 9
      vertex 6.0363 36.3909 6
    endloop
  endfacet
  facet normal -0.792392 0.587791 0.163146
    outer loop
      vertex 6.42024 36.0758 9
      vertex 6.03601 36.3905 6
      vertex 6.3764 36.0167 9
    endloop
  endfacet
  facet normal -0.836621 0.522888 0.163258
    outer loop
      vertex 5.96317 36.2922 6
      vertex 6.3764 36.0167 9
      vertex 5.96342 36.2926 6
    endloop
  endfacet
  facet normal -0.846478 0.506815 0.163139
    outer loop
      vertex 6.3764 36.0167 9
      vertex 5.96317 36.2922 6
      vertex 6.33856 35.9535 9
    endloop
  endfacet
  facet normal -0.770194 0.616155 0.164783
    outer loop
      vertex 6.0363 36.3909 6
      vertex 6.46967 36.1303 9
      vertex 6.03662 36.3913 6
    endloop
  endfacet
  facet normal -0.730797 0.662812 0.163145
    outer loop
      vertex 6.46967 36.1303 9
      vertex 6.0363 36.3909 6
      vertex 6.42024 36.0758 9
    endloop
  endfacet
  facet normal 0.730671 0.66295 0.163149
    outer loop
      vertex 7.88154 36.4815 6
      vertex 7.53033 36.1303 9
      vertex 7.96338 36.3913 6
    endloop
  endfacet
  facet normal -0.239667 0.957049 0.163147
    outer loop
      vertex 6.75631 36.8226 6
      vertex 6.63811 36.793 6
      vertex 6.78229 36.3177 9
    endloop
  endfacet
  facet normal -0.587796 -0.792391 0.163136
    outer loop
      vertex 6.5242 35.0202 9
      vertex 6.20911 34.6363 6
      vertex 6.30698 34.5637 6
    endloop
  endfacet
  facet normal -0.975916 0.144808 0.163149
    outer loop
      vertex 5.77719 35.8427 6
      vertex 5.75931 35.7222 6
      vertex 6.25361 35.6735 9
    endloop
  endfacet
  facet normal 0.424277 0.890981 0.161683
    outer loop
      vertex 7.6922 36.6368 6
      vertex 7.41668 36.2236 9
      vertex 7.69262 36.6366 6
    endloop
  endfacet
  facet normal 0.506834 0.846467 0.163134
    outer loop
      vertex 7.41668 36.2236 9
      vertex 7.6922 36.6368 6
      vertex 7.35355 36.2614 9
    endloop
  endfacet
  facet normal 0.928955 -0.332306 0.163144
    outer loop
      vertex 7.69291 35.313 9
      vertex 8.15195 35.1234 6
      vertex 7.7177 35.3823 9
    endloop
  endfacet
  facet normal 0.939719 -0.30071 0.162794
    outer loop
      vertex 8.15195 35.1234 6
      vertex 7.69291 35.313 9
      vertex 8.15179 35.1229 6
    endloop
  endfacet
  facet normal -0.891941 -0.421689 0.163155
    outer loop
      vertex 6.33856 35.2465 9
      vertex 5.84842 35.1225 6
      vertex 5.90052 35.0123 6
    endloop
  endfacet
  facet normal -0.95705 -0.239665 0.163147
    outer loop
      vertex 5.77727 35.3568 6
      vertex 6.28229 35.3823 9
      vertex 6.26441 35.4537 9
    endloop
  endfacet
  facet normal -0.963424 -0.211953 0.163984
    outer loop
      vertex 6.28229 35.3823 9
      vertex 5.77727 35.3568 6
      vertex 5.77738 35.3563 6
    endloop
  endfacet
  facet normal -0.421845 -0.891867 0.163154
    outer loop
      vertex 6.71299 34.9071 9
      vertex 6.41276 34.5003 6
      vertex 6.52291 34.4482 6
    endloop
  endfacet
  facet normal -0.984846 0.0590908 0.163054
    outer loop
      vertex 6.25 35.6 9
      vertex 5.75334 35.6005 6
      vertex 5.75331 35.6 6
    endloop
  endfacet
  facet normal -0.985414 0.0483992 0.163147
    outer loop
      vertex 5.75334 35.6005 6
      vertex 6.25 35.6 9
      vertex 6.25361 35.6735 9
    endloop
  endfacet
  facet normal -0.733339 -0.660005 0.163117
    outer loop
      vertex 6.11882 34.7181 6
      vertex 6.46967 35.0697 9
      vertex 6.11846 34.7185 6
    endloop
  endfacet
  facet normal -0.663124 -0.730508 0.163168
    outer loop
      vertex 6.46967 35.0697 9
      vertex 6.11882 34.7181 6
      vertex 6.5242 35.0202 9
    endloop
  endfacet
  facet normal -0.928904 0.332445 0.163151
    outer loop
      vertex 5.84821 36.0771 6
      vertex 5.80716 35.9624 6
      vertex 6.30709 35.887 9
    endloop
  endfacet
  facet normal -0.205332 -0.965063 0.162766
    outer loop
      vertex 6.63858 34.4069 6
      vertex 6.78229 34.8823 9
      vertex 6.63811 34.407 6
    endloop
  endfacet
  facet normal -0.239949 -0.956979 0.163144
    outer loop
      vertex 6.78229 34.8823 9
      vertex 6.63858 34.4069 6
      vertex 6.85368 34.8644 9
    endloop
  endfacet
  facet normal -0.846181 -0.507304 0.163157
    outer loop
      vertex 6.33856 35.2465 9
      vertex 5.90052 35.0123 6
      vertex 5.96317 34.9078 6
    endloop
  endfacet
  facet normal -0.792515 0.587627 0.16314
    outer loop
      vertex 6.03601 36.3905 6
      vertex 5.96342 36.2926 6
      vertex 6.3764 36.0167 9
    endloop
  endfacet
  facet normal 0.421845 -0.891867 0.163154
    outer loop
      vertex 7.58724 34.5003 6
      vertex 7.28701 34.9071 9
      vertex 7.47709 34.4482 6
    endloop
  endfacet
  facet normal 0.957048 0.239667 0.163152
    outer loop
      vertex 8.19301 35.9619 6
      vertex 7.7177 35.8177 9
      vertex 8.22261 35.8437 6
    endloop
  endfacet
  facet normal 0.975916 0.144808 0.163149
    outer loop
      vertex 8.22281 35.8427 6
      vertex 7.74639 35.6735 9
      vertex 8.24069 35.7222 6
    endloop
  endfacet
  facet normal 0.846181 -0.507304 0.163157
    outer loop
      vertex 8.09948 35.0123 6
      vertex 7.66144 35.2465 9
      vertex 8.03683 34.9078 6
    endloop
  endfacet
  facet normal -0.928904 -0.332446 0.163149
    outer loop
      vertex 6.28229 35.3823 9
      vertex 5.80699 35.2381 6
      vertex 5.84804 35.1234 6
    endloop
  endfacet
  facet normal -0.731077 -0.662503 0.163148
    outer loop
      vertex 6.42024 35.1242 9
      vertex 6.0363 34.8091 6
      vertex 6.11813 34.7188 6
    endloop
  endfacet
  facet normal 0.846478 -0.506815 0.163139
    outer loop
      vertex 7.6236 35.1833 9
      vertex 8.03683 34.9078 6
      vertex 7.66144 35.2465 9
    endloop
  endfacet
  facet normal 0.836621 -0.522888 0.163258
    outer loop
      vertex 8.03683 34.9078 6
      vertex 7.6236 35.1833 9
      vertex 8.03658 34.9074 6
    endloop
  endfacet
  facet normal -0.975921 -0.144779 0.163148
    outer loop
      vertex 5.77719 35.3573 6
      vertex 6.26441 35.4537 9
      vertex 6.25361 35.5265 9
    endloop
  endfacet
  facet normal -0.974198 -0.155872 0.163225
    outer loop
      vertex 6.26441 35.4537 9
      vertex 5.77719 35.3573 6
      vertex 5.77727 35.3568 6
    endloop
  endfacet
  facet normal -0.662411 0.731162 0.163137
    outer loop
      vertex 6.20911 36.5637 6
      vertex 6.11882 36.4819 6
      vertex 6.5242 36.1798 9
    endloop
  endfacet
  facet normal 0.985413 -0.0484204 0.163149
    outer loop
      vertex 8.24667 35.5995 6
      vertex 7.74639 35.5265 9
      vertex 8.24069 35.4778 6
    endloop
  endfacet
  facet normal 0.331984 -0.929069 0.163151
    outer loop
      vertex 7.47709 34.4482 6
      vertex 7.28701 34.9071 9
      vertex 7.36235 34.4072 6
    endloop
  endfacet
  facet normal 0.975916 -0.144808 0.163149
    outer loop
      vertex 8.24069 35.4778 6
      vertex 7.74639 35.5265 9
      vertex 8.22281 35.3573 6
    endloop
  endfacet
  facet normal 0.873744 0.458716 0.161713
    outer loop
      vertex 7.66144 35.9535 9
      vertex 8.15179 36.0771 6
      vertex 8.15158 36.0775 6
    endloop
  endfacet
  facet normal 0.891785 0.422022 0.163149
    outer loop
      vertex 8.15179 36.0771 6
      vertex 7.66144 35.9535 9
      vertex 7.69291 35.887 9
    endloop
  endfacet
  facet normal 0.731077 -0.662503 0.163148
    outer loop
      vertex 7.9637 34.8091 6
      vertex 7.57976 35.1242 9
      vertex 7.88187 34.7188 6
    endloop
  endfacet
  facet normal 0.58738 -0.792695 0.163155
    outer loop
      vertex 7.69262 34.5634 6
      vertex 7.47579 35.0202 9
      vertex 7.41668 34.9764 9
    endloop
  endfacet
  facet normal 0.6016 -0.78208 0.162566
    outer loop
      vertex 7.47579 35.0202 9
      vertex 7.69262 34.5634 6
      vertex 7.69301 34.5637 6
    endloop
  endfacet
  facet normal 0.957018 -0.239791 0.163146
    outer loop
      vertex 7.7177 35.3823 9
      vertex 8.22273 35.3568 6
      vertex 7.73559 35.4537 9
    endloop
  endfacet
  facet normal 0.95931 -0.230234 0.16345
    outer loop
      vertex 8.22273 35.3568 6
      vertex 7.7177 35.3823 9
      vertex 8.22261 35.3563 6
    endloop
  endfacet
  facet normal -0.591979 -0.789305 0.162969
    outer loop
      vertex 6.30738 34.5634 6
      vertex 6.5242 35.0202 9
      vertex 6.30698 34.5637 6
    endloop
  endfacet
  facet normal -0.587316 -0.792742 0.163156
    outer loop
      vertex 6.5242 35.0202 9
      vertex 6.30738 34.5634 6
      vertex 6.58332 34.9764 9
    endloop
  endfacet
  facet normal -0.400711 -0.9016 0.162938
    outer loop
      vertex 6.41276 34.5003 6
      vertex 6.64645 34.9386 9
      vertex 6.41231 34.5005 6
    endloop
  endfacet
  facet normal -0.422142 -0.891725 0.163164
    outer loop
      vertex 6.64645 34.9386 9
      vertex 6.41276 34.5003 6
      vertex 6.71299 34.9071 9
    endloop
  endfacet
  facet normal -0.730671 0.66295 0.163149
    outer loop
      vertex 6.11846 36.4815 6
      vertex 6.03662 36.3913 6
      vertex 6.46967 36.1303 9
    endloop
  endfacet
  facet normal 0.587757 -0.792419 0.163137
    outer loop
      vertex 7.79089 34.6363 6
      vertex 7.47579 35.0202 9
      vertex 7.69301 34.5637 6
    endloop
  endfacet
  facet normal -0.963424 0.211953 0.163984
    outer loop
      vertex 5.77727 35.8432 6
      vertex 6.28229 35.8177 9
      vertex 5.77738 35.8437 6
    endloop
  endfacet
  facet normal -0.95705 0.239665 0.163147
    outer loop
      vertex 6.28229 35.8177 9
      vertex 5.77727 35.8432 6
      vertex 6.26441 35.7463 9
    endloop
  endfacet
  facet normal 0.846181 0.507304 0.163157
    outer loop
      vertex 8.03683 36.2922 6
      vertex 7.66144 35.9535 9
      vertex 8.09948 36.1877 6
    endloop
  endfacet
  facet normal 0.934012 0.317564 0.163628
    outer loop
      vertex 7.69291 35.887 9
      vertex 8.19301 35.9619 6
      vertex 8.19284 35.9624 6
    endloop
  endfacet
  facet normal 0.928953 0.332305 0.163153
    outer loop
      vertex 8.19301 35.9619 6
      vertex 7.69291 35.887 9
      vertex 7.7177 35.8177 9
    endloop
  endfacet
  facet normal 0.798776 0.579112 0.163053
    outer loop
      vertex 7.57976 36.0758 9
      vertex 7.96399 36.3905 6
      vertex 7.9637 36.3909 6
    endloop
  endfacet
  facet normal 0.792392 0.587791 0.163146
    outer loop
      vertex 7.96399 36.3905 6
      vertex 7.57976 36.0758 9
      vertex 7.6236 36.0167 9
    endloop
  endfacet
  facet normal -0.891941 0.421689 0.163155
    outer loop
      vertex 5.90052 36.1877 6
      vertex 5.84842 36.0775 6
      vertex 6.33856 35.9535 9
    endloop
  endfacet
  facet normal 0 -0.986569 0.163343
    outer loop
      vertex 7.00049 34.3533 6
      vertex 7 34.85 9
      vertex 7 34.3533 6
    endloop
  endfacet
  facet normal 0.0482588 -0.985419 0.16316
    outer loop
      vertex 7 34.85 9
      vertex 7.00049 34.3533 6
      vertex 7.07351 34.8536 9
    endloop
  endfacet
  facet normal 0.048578 -0.985405 0.16315
    outer loop
      vertex 7.07351 34.8536 9
      vertex 7.00049 34.3533 6
      vertex 7.1222 34.3593 6
    endloop
  endfacet
  facet normal -0.730795 -0.662811 0.163161
    outer loop
      vertex 6.11813 34.7188 6
      vertex 6.46967 35.0697 9
      vertex 6.42024 35.1242 9
    endloop
  endfacet
  facet normal -0.663659 -0.730025 0.163156
    outer loop
      vertex 6.46967 35.0697 9
      vertex 6.11813 34.7188 6
      vertex 6.11846 34.7185 6
    endloop
  endfacet
  facet normal -0.048259 0.985422 0.16314
    outer loop
      vertex 6.87829 36.8407 6
      vertex 6.92649 36.3464 9
      vertex 7 36.35 9
    endloop
  endfacet
  facet normal 0 0.986696 0.162575
    outer loop
      vertex 6.92649 36.3464 9
      vertex 6.87829 36.8407 6
      vertex 6.8778 36.8407 6
    endloop
  endfacet
  facet normal -0.891785 -0.422022 0.163149
    outer loop
      vertex 5.84821 35.1229 6
      vertex 6.33856 35.2465 9
      vertex 6.30709 35.313 9
    endloop
  endfacet
  facet normal -0.873744 -0.458716 0.161713
    outer loop
      vertex 6.33856 35.2465 9
      vertex 5.84821 35.1229 6
      vertex 5.84842 35.1225 6
    endloop
  endfacet
  facet normal 0.792515 0.587627 0.16314
    outer loop
      vertex 7.96399 36.3905 6
      vertex 7.6236 36.0167 9
      vertex 8.03658 36.2926 6
    endloop
  endfacet
  facet normal -0.984846 -0.0590908 0.163054
    outer loop
      vertex 5.75334 35.5995 6
      vertex 6.25 35.6 9
      vertex 5.75331 35.6 6
    endloop
  endfacet
  facet normal -0.985414 -0.0483992 0.163147
    outer loop
      vertex 6.25 35.6 9
      vertex 5.75334 35.5995 6
      vertex 6.25361 35.5265 9
    endloop
  endfacet
  facet normal 0 0 1
    outer loop
      vertex 7.74639 35.6735 9
      vertex 7.74639 35.5265 9
      vertex 7.75 35.6 9
    endloop
  endfacet
  facet normal 0 0 1
    outer loop
      vertex 7.73559 35.7463 9
      vertex 7.74639 35.5265 9
      vertex 7.74639 35.6735 9
    endloop
  endfacet
  facet normal 0 0 1
    outer loop
      vertex 7.73559 35.7463 9
      vertex 7.73559 35.4537 9
      vertex 7.74639 35.5265 9
    endloop
  endfacet
  facet normal 0 0 1
    outer loop
      vertex 7.7177 35.8177 9
      vertex 7.73559 35.4537 9
      vertex 7.73559 35.7463 9
    endloop
  endfacet
  facet normal 0 0 1
    outer loop
      vertex 7.7177 35.8177 9
      vertex 7.7177 35.3823 9
      vertex 7.73559 35.4537 9
    endloop
  endfacet
  facet normal 0 0 1
    outer loop
      vertex 7.69291 35.887 9
      vertex 7.7177 35.3823 9
      vertex 7.7177 35.8177 9
    endloop
  endfacet
  facet normal 0 0 1
    outer loop
      vertex 7.69291 35.887 9
      vertex 7.69291 35.313 9
      vertex 7.7177 35.3823 9
    endloop
  endfacet
  facet normal 0 0 1
    outer loop
      vertex 7.66144 35.9535 9
      vertex 7.69291 35.313 9
      vertex 7.69291 35.887 9
    endloop
  endfacet
  facet normal 0 0 1
    outer loop
      vertex 7.66144 35.9535 9
      vertex 7.66144 35.2465 9
      vertex 7.69291 35.313 9
    endloop
  endfacet
  facet normal 0 0 1
    outer loop
      vertex 7.6236 36.0167 9
      vertex 7.66144 35.2465 9
      vertex 7.66144 35.9535 9
    endloop
  endfacet
  facet normal 0 0 1
    outer loop
      vertex 7.6236 36.0167 9
      vertex 7.6236 35.1833 9
      vertex 7.66144 35.2465 9
    endloop
  endfacet
  facet normal 0 0 1
    outer loop
      vertex 7.57976 36.0758 9
      vertex 7.6236 35.1833 9
      vertex 7.6236 36.0167 9
    endloop
  endfacet
  facet normal 0 0 1
    outer loop
      vertex 7.57976 36.0758 9
      vertex 7.57976 35.1242 9
      vertex 7.6236 35.1833 9
    endloop
  endfacet
  facet normal 0 0 1
    outer loop
      vertex 7.53033 36.1303 9
      vertex 7.57976 35.1242 9
      vertex 7.57976 36.0758 9
    endloop
  endfacet
  facet normal 0 0 1
    outer loop
      vertex 7.53033 36.1303 9
      vertex 7.53033 35.0697 9
      vertex 7.57976 35.1242 9
    endloop
  endfacet
  facet normal 0 0 1
    outer loop
      vertex 7.47579 36.1798 9
      vertex 7.53033 35.0697 9
      vertex 7.53033 36.1303 9
    endloop
  endfacet
  facet normal 0 0 1
    outer loop
      vertex 7.47579 36.1798 9
      vertex 7.47579 35.0202 9
      vertex 7.53033 35.0697 9
    endloop
  endfacet
  facet normal 0 0 1
    outer loop
      vertex 7.41668 36.2236 9
      vertex 7.47579 35.0202 9
      vertex 7.47579 36.1798 9
    endloop
  endfacet
  facet normal 0 0 1
    outer loop
      vertex 7.41668 36.2236 9
      vertex 7.41668 34.9764 9
      vertex 7.47579 35.0202 9
    endloop
  endfacet
  facet normal 0 0 1
    outer loop
      vertex 7.35355 36.2614 9
      vertex 7.41668 34.9764 9
      vertex 7.41668 36.2236 9
    endloop
  endfacet
  facet normal 0 0 1
    outer loop
      vertex 7.35355 36.2614 9
      vertex 7.35355 34.9386 9
      vertex 7.41668 34.9764 9
    endloop
  endfacet
  facet normal 0 0 1
    outer loop
      vertex 7.28701 36.2929 9
      vertex 7.35355 34.9386 9
      vertex 7.35355 36.2614 9
    endloop
  endfacet
  facet normal 0 0 1
    outer loop
      vertex 7.28701 36.2929 9
      vertex 7.28701 34.9071 9
      vertex 7.35355 34.9386 9
    endloop
  endfacet
  facet normal 0 0 1
    outer loop
      vertex 7.21771 36.3177 9
      vertex 7.28701 34.9071 9
      vertex 7.28701 36.2929 9
    endloop
  endfacet
  facet normal 0 0 1
    outer loop
      vertex 7.21771 36.3177 9
      vertex 7.21771 34.8823 9
      vertex 7.28701 34.9071 9
    endloop
  endfacet
  facet normal 0 0 1
    outer loop
      vertex 7.14632 36.3356 9
      vertex 7.21771 34.8823 9
      vertex 7.21771 36.3177 9
    endloop
  endfacet
  facet normal 0 0 1
    outer loop
      vertex 7.14632 36.3356 9
      vertex 7.14632 34.8644 9
      vertex 7.21771 34.8823 9
    endloop
  endfacet
  facet normal 0 0 1
    outer loop
      vertex 7.07351 36.3464 9
      vertex 7.14632 34.8644 9
      vertex 7.14632 36.3356 9
    endloop
  endfacet
  facet normal 0 0 1
    outer loop
      vertex 7.07351 36.3464 9
      vertex 7.07351 34.8536 9
      vertex 7.14632 34.8644 9
    endloop
  endfacet
  facet normal 0 0 1
    outer loop
      vertex 7 36.35 9
      vertex 7.07351 34.8536 9
      vertex 7.07351 36.3464 9
    endloop
  endfacet
  facet normal 0 0 1
    outer loop
      vertex 7 36.35 9
      vertex 7 34.85 9
      vertex 7.07351 34.8536 9
    endloop
  endfacet
  facet normal -0 0 1
    outer loop
      vertex 6.92649 36.3464 9
      vertex 7 34.85 9
      vertex 7 36.35 9
    endloop
  endfacet
  facet normal 0 0 1
    outer loop
      vertex 6.92649 36.3464 9
      vertex 6.92649 34.8536 9
      vertex 7 34.85 9
    endloop
  endfacet
  facet normal -0 0 1
    outer loop
      vertex 6.85368 36.3356 9
      vertex 6.92649 34.8536 9
      vertex 6.92649 36.3464 9
    endloop
  endfacet
  facet normal 0 0 1
    outer loop
      vertex 6.85368 36.3356 9
      vertex 6.85368 34.8644 9
      vertex 6.92649 34.8536 9
    endloop
  endfacet
  facet normal -0 0 1
    outer loop
      vertex 6.78229 36.3177 9
      vertex 6.85368 34.8644 9
      vertex 6.85368 36.3356 9
    endloop
  endfacet
  facet normal 0 0 1
    outer loop
      vertex 6.78229 36.3177 9
      vertex 6.78229 34.8823 9
      vertex 6.85368 34.8644 9
    endloop
  endfacet
  facet normal -0 0 1
    outer loop
      vertex 6.71299 36.2929 9
      vertex 6.78229 34.8823 9
      vertex 6.78229 36.3177 9
    endloop
  endfacet
  facet normal 0 0 1
    outer loop
      vertex 6.71299 36.2929 9
      vertex 6.71299 34.9071 9
      vertex 6.78229 34.8823 9
    endloop
  endfacet
  facet normal -0 0 1
    outer loop
      vertex 6.64645 36.2614 9
      vertex 6.71299 34.9071 9
      vertex 6.71299 36.2929 9
    endloop
  endfacet
  facet normal 0 0 1
    outer loop
      vertex 6.64645 36.2614 9
      vertex 6.64645 34.9386 9
      vertex 6.71299 34.9071 9
    endloop
  endfacet
  facet normal -0 0 1
    outer loop
      vertex 6.58332 36.2236 9
      vertex 6.64645 34.9386 9
      vertex 6.64645 36.2614 9
    endloop
  endfacet
  facet normal 0 0 1
    outer loop
      vertex 6.58332 36.2236 9
      vertex 6.58332 34.9764 9
      vertex 6.64645 34.9386 9
    endloop
  endfacet
  facet normal -0 0 1
    outer loop
      vertex 6.5242 36.1798 9
      vertex 6.58332 34.9764 9
      vertex 6.58332 36.2236 9
    endloop
  endfacet
  facet normal 0 0 1
    outer loop
      vertex 6.5242 36.1798 9
      vertex 6.5242 35.0202 9
      vertex 6.58332 34.9764 9
    endloop
  endfacet
  facet normal -0 0 1
    outer loop
      vertex 6.46967 36.1303 9
      vertex 6.5242 35.0202 9
      vertex 6.5242 36.1798 9
    endloop
  endfacet
  facet normal 0 0 1
    outer loop
      vertex 6.46967 36.1303 9
      vertex 6.46967 35.0697 9
      vertex 6.5242 35.0202 9
    endloop
  endfacet
  facet normal -0 0 1
    outer loop
      vertex 6.42024 36.0758 9
      vertex 6.46967 35.0697 9
      vertex 6.46967 36.1303 9
    endloop
  endfacet
  facet normal 0 0 1
    outer loop
      vertex 6.42024 36.0758 9
      vertex 6.42024 35.1242 9
      vertex 6.46967 35.0697 9
    endloop
  endfacet
  facet normal -0 0 1
    outer loop
      vertex 6.3764 36.0167 9
      vertex 6.42024 35.1242 9
      vertex 6.42024 36.0758 9
    endloop
  endfacet
  facet normal 0 0 1
    outer loop
      vertex 6.3764 36.0167 9
      vertex 6.3764 35.1833 9
      vertex 6.42024 35.1242 9
    endloop
  endfacet
  facet normal -0 0 1
    outer loop
      vertex 6.33856 35.9535 9
      vertex 6.3764 35.1833 9
      vertex 6.3764 36.0167 9
    endloop
  endfacet
  facet normal 0 0 1
    outer loop
      vertex 6.33856 35.9535 9
      vertex 6.33856 35.2465 9
      vertex 6.3764 35.1833 9
    endloop
  endfacet
  facet normal -0 0 1
    outer loop
      vertex 6.30709 35.887 9
      vertex 6.33856 35.2465 9
      vertex 6.33856 35.9535 9
    endloop
  endfacet
  facet normal 0 0 1
    outer loop
      vertex 6.30709 35.887 9
      vertex 6.30709 35.313 9
      vertex 6.33856 35.2465 9
    endloop
  endfacet
  facet normal -0 0 1
    outer loop
      vertex 6.28229 35.8177 9
      vertex 6.30709 35.313 9
      vertex 6.30709 35.887 9
    endloop
  endfacet
  facet normal 0 0 1
    outer loop
      vertex 6.28229 35.8177 9
      vertex 6.28229 35.3823 9
      vertex 6.30709 35.313 9
    endloop
  endfacet
  facet normal -0 0 1
    outer loop
      vertex 6.26441 35.7463 9
      vertex 6.28229 35.3823 9
      vertex 6.28229 35.8177 9
    endloop
  endfacet
  facet normal 0 0 1
    outer loop
      vertex 6.26441 35.7463 9
      vertex 6.26441 35.4537 9
      vertex 6.28229 35.3823 9
    endloop
  endfacet
  facet normal -0 0 1
    outer loop
      vertex 6.25361 35.6735 9
      vertex 6.26441 35.4537 9
      vertex 6.26441 35.7463 9
    endloop
  endfacet
  facet normal 0 0 1
    outer loop
      vertex 6.25361 35.6735 9
      vertex 6.25361 35.5265 9
      vertex 6.26441 35.4537 9
    endloop
  endfacet
  facet normal 0 -0 1
    outer loop
      vertex 6.25361 35.5265 9
      vertex 6.25361 35.6735 9
      vertex 6.25 35.6 9
    endloop
  endfacet
  facet normal -0.239949 0.956981 0.163132
    outer loop
      vertex 6.75678 36.8227 6
      vertex 6.78229 36.3177 9
      vertex 6.85368 36.3356 9
    endloop
  endfacet
  facet normal -0.205284 0.964837 0.16416
    outer loop
      vertex 6.78229 36.3177 9
      vertex 6.75678 36.8227 6
      vertex 6.75631 36.8226 6
    endloop
  endfacet
  facet normal -0.792392 -0.587791 0.163146
    outer loop
      vertex 6.03601 34.8095 6
      vertex 6.42024 35.1242 9
      vertex 6.3764 35.1833 9
    endloop
  endfacet
  facet normal -0.798776 -0.579112 0.163053
    outer loop
      vertex 6.42024 35.1242 9
      vertex 6.03601 34.8095 6
      vertex 6.0363 34.8091 6
    endloop
  endfacet
  facet normal -0.144931 -0.975898 0.163148
    outer loop
      vertex 6.92649 34.8536 9
      vertex 6.75727 34.3772 6
      vertex 6.8778 34.3593 6
    endloop
  endfacet
  facet normal -0.422142 0.891725 0.163164
    outer loop
      vertex 6.41276 36.6997 6
      vertex 6.64645 36.2614 9
      vertex 6.71299 36.2929 9
    endloop
  endfacet
  facet normal -0.400711 0.9016 0.162938
    outer loop
      vertex 6.64645 36.2614 9
      vertex 6.41276 36.6997 6
      vertex 6.41231 36.6995 6
    endloop
  endfacet
  facet normal -0 0.986696 0.162575
    outer loop
      vertex 7.12171 36.8407 6
      vertex 7.07351 36.3464 9
      vertex 7.1222 36.8407 6
    endloop
  endfacet
  facet normal 0.048259 0.985422 0.16314
    outer loop
      vertex 7.07351 36.3464 9
      vertex 7.12171 36.8407 6
      vertex 7 36.35 9
    endloop
  endfacet
  facet normal -0.331984 -0.929069 0.163151
    outer loop
      vertex 6.71299 34.9071 9
      vertex 6.52291 34.4482 6
      vertex 6.63765 34.4072 6
    endloop
  endfacet
  facet normal -0.50753 -0.846045 0.163162
    outer loop
      vertex 6.64645 34.9386 9
      vertex 6.30779 34.5632 6
      vertex 6.41231 34.5005 6
    endloop
  endfacet
  facet normal 0.239949 -0.956979 0.163144
    outer loop
      vertex 7.36142 34.4069 6
      vertex 7.21771 34.8823 9
      vertex 7.14632 34.8644 9
    endloop
  endfacet
  facet normal 0.205332 -0.965063 0.162766
    outer loop
      vertex 7.21771 34.8823 9
      vertex 7.36142 34.4069 6
      vertex 7.36189 34.407 6
    endloop
  endfacet
  facet normal 0.975921 -0.144779 0.163148
    outer loop
      vertex 7.73559 35.4537 9
      vertex 8.22281 35.3573 6
      vertex 7.74639 35.5265 9
    endloop
  endfacet
  facet normal 0.974198 -0.155872 0.163225
    outer loop
      vertex 8.22281 35.3573 6
      vertex 7.73559 35.4537 9
      vertex 8.22273 35.3568 6
    endloop
  endfacet
  facet normal -0.197275 -0.966648 0.163323
    outer loop
      vertex 6.75727 34.3772 6
      vertex 6.85368 34.8644 9
      vertex 6.75678 34.3773 6
    endloop
  endfacet
  facet normal -0.14476 -0.975925 0.163142
    outer loop
      vertex 6.85368 34.8644 9
      vertex 6.75727 34.3772 6
      vertex 6.92649 34.8536 9
    endloop
  endfacet
  facet normal 0.144931 -0.975898 0.163148
    outer loop
      vertex 7.24273 34.3772 6
      vertex 7.07351 34.8536 9
      vertex 7.1222 34.3593 6
    endloop
  endfacet
  facet normal 0.14476 -0.975925 0.163142
    outer loop
      vertex 7.24273 34.3772 6
      vertex 7.14632 34.8644 9
      vertex 7.07351 34.8536 9
    endloop
  endfacet
  facet normal 0.197275 -0.966648 0.163323
    outer loop
      vertex 7.14632 34.8644 9
      vertex 7.24273 34.3772 6
      vertex 7.24322 34.3773 6
    endloop
  endfacet
  facet normal 0.239668 -0.957051 0.163134
    outer loop
      vertex 7.36142 34.4069 6
      vertex 7.14632 34.8644 9
      vertex 7.24322 34.3773 6
    endloop
  endfacet
  facet normal 0.205284 0.964837 0.16416
    outer loop
      vertex 7.24322 36.8227 6
      vertex 7.21771 36.3177 9
      vertex 7.24369 36.8226 6
    endloop
  endfacet
  facet normal 0.239949 0.956981 0.163132
    outer loop
      vertex 7.21771 36.3177 9
      vertex 7.24322 36.8227 6
      vertex 7.14632 36.3356 9
    endloop
  endfacet
  facet normal 0.14492 0.975902 0.163135
    outer loop
      vertex 7.24322 36.8227 6
      vertex 7.12268 36.8406 6
      vertex 7.14632 36.3356 9
    endloop
  endfacet
  facet normal 0.14476 0.975925 0.16314
    outer loop
      vertex 7.12268 36.8406 6
      vertex 7.07351 36.3464 9
      vertex 7.14632 36.3356 9
    endloop
  endfacet
  facet normal 0.201246 0.96598 0.162428
    outer loop
      vertex 7.07351 36.3464 9
      vertex 7.12268 36.8406 6
      vertex 7.1222 36.8407 6
    endloop
  endfacet
  facet normal -0.332424 0.928912 0.163147
    outer loop
      vertex 6.63811 36.793 6
      vertex 6.71299 36.2929 9
      vertex 6.78229 36.3177 9
    endloop
  endfacet
  facet normal -0.393543 0.905149 0.160711
    outer loop
      vertex 6.71299 36.2929 9
      vertex 6.63811 36.793 6
      vertex 6.63765 36.7928 6
    endloop
  endfacet
  facet normal -0.974198 0.155872 0.163225
    outer loop
      vertex 5.77719 35.8427 6
      vertex 6.26441 35.7463 9
      vertex 5.77727 35.8432 6
    endloop
  endfacet
  facet normal -0.975921 0.144779 0.163148
    outer loop
      vertex 6.26441 35.7463 9
      vertex 5.77719 35.8427 6
      vertex 6.25361 35.6735 9
    endloop
  endfacet
  facet normal -0.846478 -0.506815 0.163139
    outer loop
      vertex 5.96317 34.9078 6
      vertex 6.3764 35.1833 9
      vertex 6.33856 35.2465 9
    endloop
  endfacet
  facet normal -0.836621 -0.522888 0.163258
    outer loop
      vertex 6.3764 35.1833 9
      vertex 5.96317 34.9078 6
      vertex 5.96342 34.9074 6
    endloop
  endfacet
  facet normal -0.239668 -0.957051 0.163134
    outer loop
      vertex 6.85368 34.8644 9
      vertex 6.63858 34.4069 6
      vertex 6.75678 34.3773 6
    endloop
  endfacet
  facet normal 0.836621 0.522888 0.163258
    outer loop
      vertex 7.6236 36.0167 9
      vertex 8.03683 36.2922 6
      vertex 8.03658 36.2926 6
    endloop
  endfacet
  facet normal 0.846478 0.506815 0.163139
    outer loop
      vertex 8.03683 36.2922 6
      vertex 7.6236 36.0167 9
      vertex 7.66144 35.9535 9
    endloop
  endfacet
  facet normal -0.506834 0.846467 0.163136
    outer loop
      vertex 6.30779 36.6368 6
      vertex 6.58332 36.2236 9
      vertex 6.64645 36.2614 9
    endloop
  endfacet
  facet normal -0.43264 0.886912 0.161892
    outer loop
      vertex 6.58332 36.2236 9
      vertex 6.30779 36.6368 6
      vertex 6.30738 36.6366 6
    endloop
  endfacet
  facet normal 0.733339 0.660005 0.163117
    outer loop
      vertex 7.88118 36.4819 6
      vertex 7.53033 36.1303 9
      vertex 7.88154 36.4815 6
    endloop
  endfacet
  facet normal 0.663058 0.730569 0.163167
    outer loop
      vertex 7.53033 36.1303 9
      vertex 7.88118 36.4819 6
      vertex 7.47579 36.1798 9
    endloop
  endfacet
  facet normal -0.934012 0.317564 0.163628
    outer loop
      vertex 5.80699 35.9619 6
      vertex 6.30709 35.887 9
      vertex 5.80716 35.9624 6
    endloop
  endfacet
  facet normal -0.928911 0.332424 0.163149
    outer loop
      vertex 6.30709 35.887 9
      vertex 5.80699 35.9619 6
      vertex 6.28229 35.8177 9
    endloop
  endfacet
  facet normal -0.421845 0.891867 0.163154
    outer loop
      vertex 6.52291 36.7518 6
      vertex 6.41276 36.6997 6
      vertex 6.71299 36.2929 9
    endloop
  endfacet
  facet normal -0.587796 0.792391 0.163136
    outer loop
      vertex 6.30698 36.6363 6
      vertex 6.20911 36.5637 6
      vertex 6.5242 36.1798 9
    endloop
  endfacet
  facet normal 0.6016 0.78208 0.162566
    outer loop
      vertex 7.69262 36.6366 6
      vertex 7.47579 36.1798 9
      vertex 7.69301 36.6363 6
    endloop
  endfacet
  facet normal 0.58738 0.792695 0.163155
    outer loop
      vertex 7.47579 36.1798 9
      vertex 7.69262 36.6366 6
      vertex 7.41668 36.2236 9
    endloop
  endfacet
  facet normal 0.421845 0.891867 0.163154
    outer loop
      vertex 7.47709 36.7518 6
      vertex 7.28701 36.2929 9
      vertex 7.58724 36.6997 6
    endloop
  endfacet
  facet normal 0.332424 -0.928912 0.163147
    outer loop
      vertex 7.36189 34.407 6
      vertex 7.28701 34.9071 9
      vertex 7.21771 34.8823 9
    endloop
  endfacet
  facet normal 0.393543 -0.905149 0.160711
    outer loop
      vertex 7.28701 34.9071 9
      vertex 7.36189 34.407 6
      vertex 7.36235 34.4072 6
    endloop
  endfacet
  facet normal -0.792515 -0.587627 0.16314
    outer loop
      vertex 6.3764 35.1833 9
      vertex 5.96342 34.9074 6
      vertex 6.03601 34.8095 6
    endloop
  endfacet
  facet normal -0.873744 0.458716 0.161713
    outer loop
      vertex 5.84821 36.0771 6
      vertex 6.33856 35.9535 9
      vertex 5.84842 36.0775 6
    endloop
  endfacet
  facet normal -0.891785 0.422022 0.163149
    outer loop
      vertex 6.33856 35.9535 9
      vertex 5.84821 36.0771 6
      vertex 6.30709 35.887 9
    endloop
  endfacet
  facet normal 0.422142 -0.891725 0.163164
    outer loop
      vertex 7.58724 34.5003 6
      vertex 7.35355 34.9386 9
      vertex 7.28701 34.9071 9
    endloop
  endfacet
  facet normal 0.408267 -0.898187 0.163028
    outer loop
      vertex 7.35355 34.9386 9
      vertex 7.58724 34.5003 6
      vertex 7.58768 34.5005 6
    endloop
  endfacet
  facet normal 0.792515 -0.587627 0.16314
    outer loop
      vertex 8.03658 34.9074 6
      vertex 7.6236 35.1833 9
      vertex 7.96399 34.8095 6
    endloop
  endfacet
  facet normal 0.506834 -0.846467 0.163134
    outer loop
      vertex 7.6922 34.5632 6
      vertex 7.41668 34.9764 9
      vertex 7.35355 34.9386 9
    endloop
  endfacet
  facet normal 0.424277 -0.890981 0.161683
    outer loop
      vertex 7.41668 34.9764 9
      vertex 7.6922 34.5632 6
      vertex 7.69262 34.5634 6
    endloop
  endfacet
  facet normal -0.587316 0.792742 0.163156
    outer loop
      vertex 6.30738 36.6366 6
      vertex 6.5242 36.1798 9
      vertex 6.58332 36.2236 9
    endloop
  endfacet
  facet normal -0.591979 0.789305 0.162969
    outer loop
      vertex 6.5242 36.1798 9
      vertex 6.30738 36.6366 6
      vertex 6.30698 36.6363 6
    endloop
  endfacet
  facet normal -0.43264 -0.886912 0.161892
    outer loop
      vertex 6.30779 34.5632 6
      vertex 6.58332 34.9764 9
      vertex 6.30738 34.5634 6
    endloop
  endfacet
  facet normal -0.506834 -0.846467 0.163136
    outer loop
      vertex 6.58332 34.9764 9
      vertex 6.30779 34.5632 6
      vertex 6.64645 34.9386 9
    endloop
  endfacet
  facet normal 0.663058 -0.730569 0.163167
    outer loop
      vertex 7.88118 34.7181 6
      vertex 7.53033 35.0697 9
      vertex 7.47579 35.0202 9
    endloop
  endfacet
  facet normal 0.733339 -0.660005 0.163117
    outer loop
      vertex 7.53033 35.0697 9
      vertex 7.88118 34.7181 6
      vertex 7.88154 34.7185 6
    endloop
  endfacet
  facet normal 0.662411 -0.731162 0.16314
    outer loop
      vertex 7.88118 34.7181 6
      vertex 7.47579 35.0202 9
      vertex 7.79089 34.6363 6
    endloop
  endfacet
  facet normal 0.792392 -0.587791 0.163146
    outer loop
      vertex 7.57976 35.1242 9
      vertex 7.96399 34.8095 6
      vertex 7.6236 35.1833 9
    endloop
  endfacet
  facet normal 0.798776 -0.579112 0.163053
    outer loop
      vertex 7.96399 34.8095 6
      vertex 7.57976 35.1242 9
      vertex 7.9637 34.8091 6
    endloop
  endfacet
  facet normal -0.331984 0.929069 0.163151
    outer loop
      vertex 6.63765 36.7928 6
      vertex 6.52291 36.7518 6
      vertex 6.71299 36.2929 9
    endloop
  endfacet
  facet normal -0.0482588 -0.985419 0.16316
    outer loop
      vertex 6.99951 34.3533 6
      vertex 7 34.85 9
      vertex 6.92649 34.8536 9
    endloop
  endfacet
  facet normal 0 -0.986569 0.163343
    outer loop
      vertex 7 34.85 9
      vertex 6.99951 34.3533 6
      vertex 7 34.3533 6
    endloop
  endfacet
  facet normal -0.14492 0.975902 0.163135
    outer loop
      vertex 6.87732 36.8406 6
      vertex 6.75678 36.8227 6
      vertex 6.85368 36.3356 9
    endloop
  endfacet
  facet normal 0.50753 0.846045 0.16316
    outer loop
      vertex 7.58768 36.6995 6
      vertex 7.35355 36.2614 9
      vertex 7.6922 36.6368 6
    endloop
  endfacet
  facet normal 0.408267 0.898187 0.163028
    outer loop
      vertex 7.58724 36.6997 6
      vertex 7.35355 36.2614 9
      vertex 7.58768 36.6995 6
    endloop
  endfacet
  facet normal 0.422142 0.891725 0.163164
    outer loop
      vertex 7.35355 36.2614 9
      vertex 7.58724 36.6997 6
      vertex 7.28701 36.2929 9
    endloop
  endfacet
  facet normal 0.331984 0.929069 0.163151
    outer loop
      vertex 7.36235 36.7928 6
      vertex 7.28701 36.2929 9
      vertex 7.47709 36.7518 6
    endloop
  endfacet
  facet normal -0.663124 0.730508 0.163168
    outer loop
      vertex 6.11882 36.4819 6
      vertex 6.46967 36.1303 9
      vertex 6.5242 36.1798 9
    endloop
  endfacet
  facet normal -0.733339 0.660005 0.163117
    outer loop
      vertex 6.46967 36.1303 9
      vertex 6.11882 36.4819 6
      vertex 6.11846 36.4815 6
    endloop
  endfacet
  facet normal -0.393543 -0.905149 0.160711
    outer loop
      vertex 6.63811 34.407 6
      vertex 6.71299 34.9071 9
      vertex 6.63765 34.4072 6
    endloop
  endfacet
  facet normal -0.332424 -0.928912 0.163147
    outer loop
      vertex 6.71299 34.9071 9
      vertex 6.63811 34.407 6
      vertex 6.78229 34.8823 9
    endloop
  endfacet
  facet normal -1 0 0
    outer loop
      vertex 55 0 11.2
      vertex 55 1.2 13.7
      vertex 55 1.2 11.2
    endloop
  endfacet
  facet normal -1 -0 0
    outer loop
      vertex 55 1.2 13.7
      vertex 55 0 11.2
      vertex 55 0 13.7
    endloop
  endfacet
  facet normal 0 0 -1
    outer loop
      vertex 48 0 13.7
      vertex 55 1.2 13.7
      vertex 55 0 13.7
    endloop
  endfacet
  facet normal -0 0 -1
    outer loop
      vertex 55 1.2 13.7
      vertex 48 0 13.7
      vertex 48 1.2 13.7
    endloop
  endfacet
  facet normal -0 0 1
    outer loop
      vertex 48 1.2 11.2
      vertex 55 0 11.2
      vertex 55 1.2 11.2
    endloop
  endfacet
  facet normal 0 0 1
    outer loop
      vertex 55 0 11.2
      vertex 48 1.2 11.2
      vertex 48 0 11.2
    endloop
  endfacet
  facet normal 1 -0 0
    outer loop
      vertex 48 0 13.7
      vertex 48 1.2 11.2
      vertex 48 1.2 13.7
    endloop
  endfacet
  facet normal 1 0 0
    outer loop
      vertex 48 1.2 11.2
      vertex 48 0 13.7
      vertex 48 0 11.2
    endloop
  endfacet
  facet normal 0 -1 0
    outer loop
      vertex 48 1.2 11.2
      vertex 55 1.2 13.7
      vertex 48 1.2 13.7
    endloop
  endfacet
  facet normal 0 -1 -0
    outer loop
      vertex 55 1.2 13.7
      vertex 48 1.2 11.2
      vertex 55 1.2 11.2
    endloop
  endfacet
  facet normal -1 0 0
    outer loop
      vertex 55 41.4 11.2
      vertex 55 42.6 13.7
      vertex 55 42.6 11.2
    endloop
  endfacet
  facet normal -1 -0 0
    outer loop
      vertex 55 42.6 13.7
      vertex 55 41.4 11.2
      vertex 55 41.4 13.7
    endloop
  endfacet
  facet normal 0 0 -1
    outer loop
      vertex 48 41.4 13.7
      vertex 55 42.6 13.7
      vertex 55 41.4 13.7
    endloop
  endfacet
  facet normal -0 0 -1
    outer loop
      vertex 55 42.6 13.7
      vertex 48 41.4 13.7
      vertex 48 42.6 13.7
    endloop
  endfacet
  facet normal -0 0 1
    outer loop
      vertex 48 42.6 11.2
      vertex 55 41.4 11.2
      vertex 55 42.6 11.2
    endloop
  endfacet
  facet normal 0 0 1
    outer loop
      vertex 55 41.4 11.2
      vertex 48 42.6 11.2
      vertex 48 41.4 11.2
    endloop
  endfacet
  facet normal 1 -0 0
    outer loop
      vertex 48 41.4 13.7
      vertex 48 42.6 11.2
      vertex 48 42.6 13.7
    endloop
  endfacet
  facet normal 1 0 0
    outer loop
      vertex 48 42.6 11.2
      vertex 48 41.4 13.7
      vertex 48 41.4 11.2
    endloop
  endfacet
  facet normal 0 1 -0
    outer loop
      vertex 55 41.4 11.2
      vertex 48 41.4 13.7
      vertex 55 41.4 13.7
    endloop
  endfacet
  facet normal 0 1 0
    outer loop
      vertex 48 41.4 13.7
      vertex 55 41.4 11.2
      vertex 48 41.4 11.2
    endloop
  endfacet
  facet normal -0 0 1
    outer loop
      vertex 0 29 5.6
      vertex 3 13 5.6
      vertex 3 29 5.6
    endloop
  endfacet
  facet normal 0 0 1
    outer loop
      vertex 3 13 5.6
      vertex 0 29 5.6
      vertex 0 13 5.6
    endloop
  endfacet
  facet normal 0 -1 0
    outer loop
      vertex 0 29 5.6
      vertex 3 29 15.6
      vertex 0 29 15.6
    endloop
  endfacet
  facet normal 0 -1 -0
    outer loop
      vertex 3 29 15.6
      vertex 0 29 5.6
      vertex 3 29 5.6
    endloop
  endfacet
  facet normal 0 1 -0
    outer loop
      vertex 3 13 5.6
      vertex 0 13 15.6
      vertex 3 13 15.6
    endloop
  endfacet
  facet normal 0 1 0
    outer loop
      vertex 0 13 15.6
      vertex 3 13 5.6
      vertex 0 13 5.6
    endloop
  endfacet
endsolid OpenSCAD_Model
