solid OpenSCAD_Model
  facet normal -1 0 0
    outer loop
      vertex 27 3.7 0
      vertex 27 2.9 0
      vertex 27 3.7 1.2
    endloop
  endfacet
  facet normal -1 0 0
    outer loop
      vertex 27 10.3 1.2
      vertex 27 11.1 0
      vertex 27 10.3 0
    endloop
  endfacet
  facet normal -1 0 0
    outer loop
      vertex 27 11.1 0
      vertex 27 10.3 1.2
      vertex 27 11.1 2
    endloop
  endfacet
  facet normal -1 0 0
    outer loop
      vertex 27 3.7 1.2
      vertex 27 11.1 2
      vertex 27 10.3 1.2
    endloop
  endfacet
  facet normal -1 0 0
    outer loop
      vertex 27 3.7 1.2
      vertex 27 2.9 2
      vertex 27 11.1 2
    endloop
  endfacet
  facet normal -1 0 0
    outer loop
      vertex 27 2.9 2
      vertex 27 3.7 1.2
      vertex 27 2.9 0
    endloop
  endfacet
  facet normal 1 -0 0
    outer loop
      vertex 3 2.9 2
      vertex 3 11.1 0
      vertex 3 11.1 2
    endloop
  endfacet
  facet normal 1 0 0
    outer loop
      vertex 3 11.1 0
      vertex 3 2.9 2
      vertex 3 2.9 0
    endloop
  endfacet
  facet normal 0 -1 0
    outer loop
      vertex 3.8 3.7 0
      vertex 27 3.7 1.2
      vertex 3.8 3.7 1.2
    endloop
  endfacet
  facet normal 0 -1 -0
    outer loop
      vertex 27 3.7 1.2
      vertex 3.8 3.7 0
      vertex 27 3.7 0
    endloop
  endfacet
  facet normal 0 1 -0
    outer loop
      vertex 27 2.9 0
      vertex 3 2.9 2
      vertex 27 2.9 2
    endloop
  endfacet
  facet normal 0 1 0
    outer loop
      vertex 3 2.9 2
      vertex 27 2.9 0
      vertex 3 2.9 0
    endloop
  endfacet
  facet normal 0 -1 0
    outer loop
      vertex 3 11.1 0
      vertex 5.96185 11.1 2
      vertex 3 11.1 2
    endloop
  endfacet
  facet normal 0 -1 -0
    outer loop
      vertex 5.96185 11.1 2
      vertex 3 11.1 0
      vertex 5.96185 11.1 0
    endloop
  endfacet
  facet normal 0 -1 0
    outer loop
      vertex 9.03815 11.1 0
      vertex 27 11.1 2
      vertex 9.03815 11.1 2
    endloop
  endfacet
  facet normal 0 -1 -0
    outer loop
      vertex 27 11.1 2
      vertex 9.03815 11.1 0
      vertex 27 11.1 0
    endloop
  endfacet
  facet normal 0 1 -0
    outer loop
      vertex 27 10.3 0
      vertex 3.8 10.3 1.2
      vertex 27 10.3 1.2
    endloop
  endfacet
  facet normal 0 1 0
    outer loop
      vertex 3.8 10.3 1.2
      vertex 27 10.3 0
      vertex 3.8 10.3 0
    endloop
  endfacet
  facet normal -1 0 0
    outer loop
      vertex 3.8 3.7 0
      vertex 3.8 10.3 1.2
      vertex 3.8 10.3 0
    endloop
  endfacet
  facet normal -1 -0 0
    outer loop
      vertex 3.8 10.3 1.2
      vertex 3.8 3.7 0
      vertex 3.8 3.7 1.2
    endloop
  endfacet
  facet normal 0 0 1
    outer loop
      vertex 27 10.3 1.2
      vertex 9.9 7 1.2
      vertex 27 3.7 1.2
    endloop
  endfacet
  facet normal 0 0 1
    outer loop
      vertex 27 10.3 1.2
      vertex 9.88603 7.28425 1.2
      vertex 9.9 7 1.2
    endloop
  endfacet
  facet normal 0 0 1
    outer loop
      vertex 27 10.3 1.2
      vertex 9.84428 7.56576 1.2
      vertex 9.88603 7.28425 1.2
    endloop
  endfacet
  facet normal 0 0 1
    outer loop
      vertex 27 10.3 1.2
      vertex 9.77513 7.84183 1.2
      vertex 9.84428 7.56576 1.2
    endloop
  endfacet
  facet normal 0 0 1
    outer loop
      vertex 27 10.3 1.2
      vertex 9.67925 8.10978 1.2
      vertex 9.77513 7.84183 1.2
    endloop
  endfacet
  facet normal 0 0 1
    outer loop
      vertex 27 10.3 1.2
      vertex 9.55757 8.36705 1.2
      vertex 9.67925 8.10978 1.2
    endloop
  endfacet
  facet normal 0 0 1
    outer loop
      vertex 27 10.3 1.2
      vertex 9.41126 8.61115 1.2
      vertex 9.55757 8.36705 1.2
    endloop
  endfacet
  facet normal 0 0 1
    outer loop
      vertex 27 10.3 1.2
      vertex 9.24173 8.83974 1.2
      vertex 9.41126 8.61115 1.2
    endloop
  endfacet
  facet normal 0 0 1
    outer loop
      vertex 27 10.3 1.2
      vertex 9.05061 9.05061 1.2
      vertex 9.24173 8.83974 1.2
    endloop
  endfacet
  facet normal 0 0 1
    outer loop
      vertex 27 10.3 1.2
      vertex 8.83974 9.24173 1.2
      vertex 9.05061 9.05061 1.2
    endloop
  endfacet
  facet normal 0 0 1
    outer loop
      vertex 27 10.3 1.2
      vertex 8.61115 9.41126 1.2
      vertex 8.83974 9.24173 1.2
    endloop
  endfacet
  facet normal 0 0 1
    outer loop
      vertex 27 10.3 1.2
      vertex 8.36705 9.55757 1.2
      vertex 8.61115 9.41126 1.2
    endloop
  endfacet
  facet normal 0 0 1
    outer loop
      vertex 27 10.3 1.2
      vertex 8.10978 9.67925 1.2
      vertex 8.36705 9.55757 1.2
    endloop
  endfacet
  facet normal 0 0 1
    outer loop
      vertex 27 10.3 1.2
      vertex 7.84183 9.77513 1.2
      vertex 8.10978 9.67925 1.2
    endloop
  endfacet
  facet normal 0 0 1
    outer loop
      vertex 27 10.3 1.2
      vertex 7.56576 9.84428 1.2
      vertex 7.84183 9.77513 1.2
    endloop
  endfacet
  facet normal 0 0 1
    outer loop
      vertex 27 10.3 1.2
      vertex 7.28425 9.88603 1.2
      vertex 7.56576 9.84428 1.2
    endloop
  endfacet
  facet normal -0 0 1
    outer loop
      vertex 3.8 10.3 1.2
      vertex 7.28425 9.88603 1.2
      vertex 27 10.3 1.2
    endloop
  endfacet
  facet normal 0 0 1
    outer loop
      vertex 4.11397 7.28425 1.2
      vertex 3.8 10.3 1.2
      vertex 4.1 7 1.2
    endloop
  endfacet
  facet normal 0 0 1
    outer loop
      vertex 4.15572 7.56576 1.2
      vertex 3.8 10.3 1.2
      vertex 4.11397 7.28425 1.2
    endloop
  endfacet
  facet normal 0 0 1
    outer loop
      vertex 4.22487 7.84183 1.2
      vertex 3.8 10.3 1.2
      vertex 4.15572 7.56576 1.2
    endloop
  endfacet
  facet normal 0 0 1
    outer loop
      vertex 4.32075 8.10978 1.2
      vertex 3.8 10.3 1.2
      vertex 4.22487 7.84183 1.2
    endloop
  endfacet
  facet normal 0 0 1
    outer loop
      vertex 4.44243 8.36705 1.2
      vertex 3.8 10.3 1.2
      vertex 4.32075 8.10978 1.2
    endloop
  endfacet
  facet normal 0 0 1
    outer loop
      vertex 4.58874 8.61115 1.2
      vertex 3.8 10.3 1.2
      vertex 4.44243 8.36705 1.2
    endloop
  endfacet
  facet normal 0 0 1
    outer loop
      vertex 4.75827 8.83974 1.2
      vertex 3.8 10.3 1.2
      vertex 4.58874 8.61115 1.2
    endloop
  endfacet
  facet normal 0 0 1
    outer loop
      vertex 4.94939 9.05061 1.2
      vertex 3.8 10.3 1.2
      vertex 4.75827 8.83974 1.2
    endloop
  endfacet
  facet normal 0 0 1
    outer loop
      vertex 5.16026 9.24173 1.2
      vertex 3.8 10.3 1.2
      vertex 4.94939 9.05061 1.2
    endloop
  endfacet
  facet normal 0 0 1
    outer loop
      vertex 5.38885 9.41126 1.2
      vertex 3.8 10.3 1.2
      vertex 5.16026 9.24173 1.2
    endloop
  endfacet
  facet normal 0 0 1
    outer loop
      vertex 5.63295 9.55757 1.2
      vertex 3.8 10.3 1.2
      vertex 5.38885 9.41126 1.2
    endloop
  endfacet
  facet normal 0 0 1
    outer loop
      vertex 5.89022 9.67925 1.2
      vertex 3.8 10.3 1.2
      vertex 5.63295 9.55757 1.2
    endloop
  endfacet
  facet normal 0 0 1
    outer loop
      vertex 6.15817 9.77513 1.2
      vertex 3.8 10.3 1.2
      vertex 5.89022 9.67925 1.2
    endloop
  endfacet
  facet normal 0 0 1
    outer loop
      vertex 6.43424 9.84428 1.2
      vertex 3.8 10.3 1.2
      vertex 6.15817 9.77513 1.2
    endloop
  endfacet
  facet normal 0 0 1
    outer loop
      vertex 6.71575 9.88603 1.2
      vertex 3.8 10.3 1.2
      vertex 6.43424 9.84428 1.2
    endloop
  endfacet
  facet normal 0 0 1
    outer loop
      vertex 7 9.9 1.2
      vertex 3.8 10.3 1.2
      vertex 6.71575 9.88603 1.2
    endloop
  endfacet
  facet normal 0 0 1
    outer loop
      vertex 7.28425 9.88603 1.2
      vertex 3.8 10.3 1.2
      vertex 7 9.9 1.2
    endloop
  endfacet
  facet normal -0 0 1
    outer loop
      vertex 9.88603 6.71575 1.2
      vertex 27 3.7 1.2
      vertex 9.9 7 1.2
    endloop
  endfacet
  facet normal -0 0 1
    outer loop
      vertex 9.84428 6.43424 1.2
      vertex 27 3.7 1.2
      vertex 9.88603 6.71575 1.2
    endloop
  endfacet
  facet normal -0 0 1
    outer loop
      vertex 9.77513 6.15817 1.2
      vertex 27 3.7 1.2
      vertex 9.84428 6.43424 1.2
    endloop
  endfacet
  facet normal -0 0 1
    outer loop
      vertex 9.67925 5.89022 1.2
      vertex 27 3.7 1.2
      vertex 9.77513 6.15817 1.2
    endloop
  endfacet
  facet normal -0 0 1
    outer loop
      vertex 9.55757 5.63295 1.2
      vertex 27 3.7 1.2
      vertex 9.67925 5.89022 1.2
    endloop
  endfacet
  facet normal -0 0 1
    outer loop
      vertex 9.41126 5.38885 1.2
      vertex 27 3.7 1.2
      vertex 9.55757 5.63295 1.2
    endloop
  endfacet
  facet normal -0 0 1
    outer loop
      vertex 9.24173 5.16026 1.2
      vertex 27 3.7 1.2
      vertex 9.41126 5.38885 1.2
    endloop
  endfacet
  facet normal -0 0 1
    outer loop
      vertex 9.05061 4.94939 1.2
      vertex 27 3.7 1.2
      vertex 9.24173 5.16026 1.2
    endloop
  endfacet
  facet normal -0 0 1
    outer loop
      vertex 8.83974 4.75827 1.2
      vertex 27 3.7 1.2
      vertex 9.05061 4.94939 1.2
    endloop
  endfacet
  facet normal -0 0 1
    outer loop
      vertex 8.61115 4.58874 1.2
      vertex 27 3.7 1.2
      vertex 8.83974 4.75827 1.2
    endloop
  endfacet
  facet normal -0 0 1
    outer loop
      vertex 8.36705 4.44243 1.2
      vertex 27 3.7 1.2
      vertex 8.61115 4.58874 1.2
    endloop
  endfacet
  facet normal -0 0 1
    outer loop
      vertex 8.10978 4.32075 1.2
      vertex 27 3.7 1.2
      vertex 8.36705 4.44243 1.2
    endloop
  endfacet
  facet normal -0 0 1
    outer loop
      vertex 7.84183 4.22487 1.2
      vertex 27 3.7 1.2
      vertex 8.10978 4.32075 1.2
    endloop
  endfacet
  facet normal -0 0 1
    outer loop
      vertex 7.56576 4.15572 1.2
      vertex 27 3.7 1.2
      vertex 7.84183 4.22487 1.2
    endloop
  endfacet
  facet normal -0 0 1
    outer loop
      vertex 7.28425 4.11397 1.2
      vertex 27 3.7 1.2
      vertex 7.56576 4.15572 1.2
    endloop
  endfacet
  facet normal 0 0 1
    outer loop
      vertex 3.8 3.7 1.2
      vertex 7.28425 4.11397 1.2
      vertex 7 4.1 1.2
    endloop
  endfacet
  facet normal 0 0 1
    outer loop
      vertex 3.8 3.7 1.2
      vertex 4.1 7 1.2
      vertex 3.8 10.3 1.2
    endloop
  endfacet
  facet normal 0 0 1
    outer loop
      vertex 7.28425 4.11397 1.2
      vertex 3.8 3.7 1.2
      vertex 27 3.7 1.2
    endloop
  endfacet
  facet normal 0 0 1
    outer loop
      vertex 6.71575 4.11397 1.2
      vertex 3.8 3.7 1.2
      vertex 7 4.1 1.2
    endloop
  endfacet
  facet normal 0 0 1
    outer loop
      vertex 6.43424 4.15572 1.2
      vertex 3.8 3.7 1.2
      vertex 6.71575 4.11397 1.2
    endloop
  endfacet
  facet normal 0 0 1
    outer loop
      vertex 6.15817 4.22487 1.2
      vertex 3.8 3.7 1.2
      vertex 6.43424 4.15572 1.2
    endloop
  endfacet
  facet normal 0 0 1
    outer loop
      vertex 5.89022 4.32075 1.2
      vertex 3.8 3.7 1.2
      vertex 6.15817 4.22487 1.2
    endloop
  endfacet
  facet normal 0 0 1
    outer loop
      vertex 5.63295 4.44243 1.2
      vertex 3.8 3.7 1.2
      vertex 5.89022 4.32075 1.2
    endloop
  endfacet
  facet normal 0 0 1
    outer loop
      vertex 5.38885 4.58874 1.2
      vertex 3.8 3.7 1.2
      vertex 5.63295 4.44243 1.2
    endloop
  endfacet
  facet normal 0 0 1
    outer loop
      vertex 5.16026 4.75827 1.2
      vertex 3.8 3.7 1.2
      vertex 5.38885 4.58874 1.2
    endloop
  endfacet
  facet normal 0 0 1
    outer loop
      vertex 4.94939 4.94939 1.2
      vertex 3.8 3.7 1.2
      vertex 5.16026 4.75827 1.2
    endloop
  endfacet
  facet normal 0 0 1
    outer loop
      vertex 4.75827 5.16026 1.2
      vertex 3.8 3.7 1.2
      vertex 4.94939 4.94939 1.2
    endloop
  endfacet
  facet normal 0 0 1
    outer loop
      vertex 4.58874 5.38885 1.2
      vertex 3.8 3.7 1.2
      vertex 4.75827 5.16026 1.2
    endloop
  endfacet
  facet normal 0 0 1
    outer loop
      vertex 4.44243 5.63295 1.2
      vertex 3.8 3.7 1.2
      vertex 4.58874 5.38885 1.2
    endloop
  endfacet
  facet normal 0 0 1
    outer loop
      vertex 4.32075 5.89022 1.2
      vertex 3.8 3.7 1.2
      vertex 4.44243 5.63295 1.2
    endloop
  endfacet
  facet normal 0 0 1
    outer loop
      vertex 4.22487 6.15817 1.2
      vertex 3.8 3.7 1.2
      vertex 4.32075 5.89022 1.2
    endloop
  endfacet
  facet normal 0 0 1
    outer loop
      vertex 4.15572 6.43424 1.2
      vertex 3.8 3.7 1.2
      vertex 4.22487 6.15817 1.2
    endloop
  endfacet
  facet normal 0 0 1
    outer loop
      vertex 4.11397 6.71575 1.2
      vertex 3.8 3.7 1.2
      vertex 4.15572 6.43424 1.2
    endloop
  endfacet
  facet normal 0 0 1
    outer loop
      vertex 4.1 7 1.2
      vertex 3.8 3.7 1.2
      vertex 4.11397 6.71575 1.2
    endloop
  endfacet
  facet normal 1 0 0
    outer loop
      vertex 55 11.1 2
      vertex 55 10.3 1.2
      vertex 55 11.1 0
    endloop
  endfacet
  facet normal 1 0 0
    outer loop
      vertex 55 11.1 2
      vertex 55 3.7 1.2
      vertex 55 10.3 1.2
    endloop
  endfacet
  facet normal 1 -0 0
    outer loop
      vertex 55 2.9 2
      vertex 55 3.7 1.2
      vertex 55 11.1 2
    endloop
  endfacet
  facet normal 1 0 0
    outer loop
      vertex 55 2.9 0
      vertex 55 3.7 1.2
      vertex 55 2.9 2
    endloop
  endfacet
  facet normal 1 0 0
    outer loop
      vertex 55 3.7 1.2
      vertex 55 2.9 0
      vertex 55 3.7 0
    endloop
  endfacet
  facet normal 1 0 0
    outer loop
      vertex 55 11.1 0
      vertex 55 10.3 1.2
      vertex 55 10.3 0
    endloop
  endfacet
  facet normal -1 0 0
    outer loop
      vertex 79 2.9 0
      vertex 79 11.1 2
      vertex 79 11.1 0
    endloop
  endfacet
  facet normal -1 -0 0
    outer loop
      vertex 79 11.1 2
      vertex 79 2.9 0
      vertex 79 2.9 2
    endloop
  endfacet
  facet normal 0 -1 0
    outer loop
      vertex 55 3.7 0
      vertex 78.2 3.7 1.2
      vertex 55 3.7 1.2
    endloop
  endfacet
  facet normal 0 -1 -0
    outer loop
      vertex 78.2 3.7 1.2
      vertex 55 3.7 0
      vertex 78.2 3.7 0
    endloop
  endfacet
  facet normal 0 1 -0
    outer loop
      vertex 79 2.9 0
      vertex 55 2.9 2
      vertex 79 2.9 2
    endloop
  endfacet
  facet normal 0 1 0
    outer loop
      vertex 55 2.9 2
      vertex 79 2.9 0
      vertex 55 2.9 0
    endloop
  endfacet
  facet normal 0 -1 0
    outer loop
      vertex 55 11.1 0
      vertex 79 11.1 2
      vertex 55 11.1 2
    endloop
  endfacet
  facet normal 0 -1 -0
    outer loop
      vertex 79 11.1 2
      vertex 55 11.1 0
      vertex 79 11.1 0
    endloop
  endfacet
  facet normal 0 1 -0
    outer loop
      vertex 78.2 10.3 0
      vertex 55 10.3 1.2
      vertex 78.2 10.3 1.2
    endloop
  endfacet
  facet normal 0 1 0
    outer loop
      vertex 55 10.3 1.2
      vertex 78.2 10.3 0
      vertex 55 10.3 0
    endloop
  endfacet
  facet normal 1 -0 0
    outer loop
      vertex 78.2 3.7 1.2
      vertex 78.2 10.3 0
      vertex 78.2 10.3 1.2
    endloop
  endfacet
  facet normal 1 0 0
    outer loop
      vertex 78.2 10.3 0
      vertex 78.2 3.7 1.2
      vertex 78.2 3.7 0
    endloop
  endfacet
  facet normal 0 0 1
    outer loop
      vertex 78.2 10.3 1.2
      vertex 77.9 7 1.2
      vertex 78.2 3.7 1.2
    endloop
  endfacet
  facet normal 0 0 1
    outer loop
      vertex 78.2 10.3 1.2
      vertex 77.886 7.28425 1.2
      vertex 77.9 7 1.2
    endloop
  endfacet
  facet normal 0 0 1
    outer loop
      vertex 78.2 10.3 1.2
      vertex 77.8443 7.56576 1.2
      vertex 77.886 7.28425 1.2
    endloop
  endfacet
  facet normal 0 0 1
    outer loop
      vertex 78.2 10.3 1.2
      vertex 77.7751 7.84183 1.2
      vertex 77.8443 7.56576 1.2
    endloop
  endfacet
  facet normal 0 0 1
    outer loop
      vertex 78.2 10.3 1.2
      vertex 77.6793 8.10978 1.2
      vertex 77.7751 7.84183 1.2
    endloop
  endfacet
  facet normal 0 0 1
    outer loop
      vertex 78.2 10.3 1.2
      vertex 77.5576 8.36705 1.2
      vertex 77.6793 8.10978 1.2
    endloop
  endfacet
  facet normal 0 0 1
    outer loop
      vertex 78.2 10.3 1.2
      vertex 77.4113 8.61115 1.2
      vertex 77.5576 8.36705 1.2
    endloop
  endfacet
  facet normal 0 0 1
    outer loop
      vertex 78.2 10.3 1.2
      vertex 77.2417 8.83974 1.2
      vertex 77.4113 8.61115 1.2
    endloop
  endfacet
  facet normal 0 0 1
    outer loop
      vertex 78.2 10.3 1.2
      vertex 77.0506 9.05061 1.2
      vertex 77.2417 8.83974 1.2
    endloop
  endfacet
  facet normal 0 0 1
    outer loop
      vertex 78.2 10.3 1.2
      vertex 76.8397 9.24173 1.2
      vertex 77.0506 9.05061 1.2
    endloop
  endfacet
  facet normal 0 0 1
    outer loop
      vertex 78.2 10.3 1.2
      vertex 76.6112 9.41126 1.2
      vertex 76.8397 9.24173 1.2
    endloop
  endfacet
  facet normal 0 0 1
    outer loop
      vertex 78.2 10.3 1.2
      vertex 76.3671 9.55757 1.2
      vertex 76.6112 9.41126 1.2
    endloop
  endfacet
  facet normal 0 0 1
    outer loop
      vertex 78.2 10.3 1.2
      vertex 76.1098 9.67925 1.2
      vertex 76.3671 9.55757 1.2
    endloop
  endfacet
  facet normal 0 0 1
    outer loop
      vertex 78.2 10.3 1.2
      vertex 75.8418 9.77513 1.2
      vertex 76.1098 9.67925 1.2
    endloop
  endfacet
  facet normal 0 0 1
    outer loop
      vertex 78.2 10.3 1.2
      vertex 75.5658 9.84428 1.2
      vertex 75.8418 9.77513 1.2
    endloop
  endfacet
  facet normal 0 0 1
    outer loop
      vertex 78.2 10.3 1.2
      vertex 75.2842 9.88603 1.2
      vertex 75.5658 9.84428 1.2
    endloop
  endfacet
  facet normal 0 0 1
    outer loop
      vertex 78.2 10.3 1.2
      vertex 75 9.9 1.2
      vertex 75.2842 9.88603 1.2
    endloop
  endfacet
  facet normal 0 0 1
    outer loop
      vertex 78.2 10.3 1.2
      vertex 74.7158 9.88603 1.2
      vertex 75 9.9 1.2
    endloop
  endfacet
  facet normal 0 0 1
    outer loop
      vertex 72.114 7.28425 1.2
      vertex 55 10.3 1.2
      vertex 72.1 7 1.2
    endloop
  endfacet
  facet normal 0 0 1
    outer loop
      vertex 72.1557 7.56576 1.2
      vertex 55 10.3 1.2
      vertex 72.114 7.28425 1.2
    endloop
  endfacet
  facet normal 0 0 1
    outer loop
      vertex 72.2249 7.84183 1.2
      vertex 55 10.3 1.2
      vertex 72.1557 7.56576 1.2
    endloop
  endfacet
  facet normal 0 0 1
    outer loop
      vertex 72.3207 8.10978 1.2
      vertex 55 10.3 1.2
      vertex 72.2249 7.84183 1.2
    endloop
  endfacet
  facet normal 0 0 1
    outer loop
      vertex 72.4424 8.36705 1.2
      vertex 55 10.3 1.2
      vertex 72.3207 8.10978 1.2
    endloop
  endfacet
  facet normal 0 0 1
    outer loop
      vertex 72.5887 8.61115 1.2
      vertex 55 10.3 1.2
      vertex 72.4424 8.36705 1.2
    endloop
  endfacet
  facet normal 0 0 1
    outer loop
      vertex 72.7583 8.83974 1.2
      vertex 55 10.3 1.2
      vertex 72.5887 8.61115 1.2
    endloop
  endfacet
  facet normal 0 0 1
    outer loop
      vertex 72.9494 9.05061 1.2
      vertex 55 10.3 1.2
      vertex 72.7583 8.83974 1.2
    endloop
  endfacet
  facet normal 0 0 1
    outer loop
      vertex 73.1603 9.24173 1.2
      vertex 55 10.3 1.2
      vertex 72.9494 9.05061 1.2
    endloop
  endfacet
  facet normal 0 0 1
    outer loop
      vertex 73.3888 9.41126 1.2
      vertex 55 10.3 1.2
      vertex 73.1603 9.24173 1.2
    endloop
  endfacet
  facet normal 0 0 1
    outer loop
      vertex 73.6329 9.55757 1.2
      vertex 55 10.3 1.2
      vertex 73.3888 9.41126 1.2
    endloop
  endfacet
  facet normal 0 0 1
    outer loop
      vertex 73.8902 9.67925 1.2
      vertex 55 10.3 1.2
      vertex 73.6329 9.55757 1.2
    endloop
  endfacet
  facet normal 0 0 1
    outer loop
      vertex 74.1582 9.77513 1.2
      vertex 55 10.3 1.2
      vertex 73.8902 9.67925 1.2
    endloop
  endfacet
  facet normal 0 0 1
    outer loop
      vertex 74.4342 9.84428 1.2
      vertex 55 10.3 1.2
      vertex 74.1582 9.77513 1.2
    endloop
  endfacet
  facet normal 0 0 1
    outer loop
      vertex 74.7158 9.88603 1.2
      vertex 55 10.3 1.2
      vertex 74.4342 9.84428 1.2
    endloop
  endfacet
  facet normal -0 0 1
    outer loop
      vertex 55 10.3 1.2
      vertex 74.7158 9.88603 1.2
      vertex 78.2 10.3 1.2
    endloop
  endfacet
  facet normal -0 0 1
    outer loop
      vertex 77.886 6.71575 1.2
      vertex 78.2 3.7 1.2
      vertex 77.9 7 1.2
    endloop
  endfacet
  facet normal -0 0 1
    outer loop
      vertex 77.8443 6.43424 1.2
      vertex 78.2 3.7 1.2
      vertex 77.886 6.71575 1.2
    endloop
  endfacet
  facet normal -0 0 1
    outer loop
      vertex 77.7751 6.15817 1.2
      vertex 78.2 3.7 1.2
      vertex 77.8443 6.43424 1.2
    endloop
  endfacet
  facet normal -0 0 1
    outer loop
      vertex 77.6793 5.89022 1.2
      vertex 78.2 3.7 1.2
      vertex 77.7751 6.15817 1.2
    endloop
  endfacet
  facet normal -0 0 1
    outer loop
      vertex 77.5576 5.63295 1.2
      vertex 78.2 3.7 1.2
      vertex 77.6793 5.89022 1.2
    endloop
  endfacet
  facet normal -0 0 1
    outer loop
      vertex 77.4113 5.38885 1.2
      vertex 78.2 3.7 1.2
      vertex 77.5576 5.63295 1.2
    endloop
  endfacet
  facet normal -0 0 1
    outer loop
      vertex 77.2417 5.16026 1.2
      vertex 78.2 3.7 1.2
      vertex 77.4113 5.38885 1.2
    endloop
  endfacet
  facet normal -0 0 1
    outer loop
      vertex 77.0506 4.94939 1.2
      vertex 78.2 3.7 1.2
      vertex 77.2417 5.16026 1.2
    endloop
  endfacet
  facet normal -0 0 1
    outer loop
      vertex 76.8397 4.75827 1.2
      vertex 78.2 3.7 1.2
      vertex 77.0506 4.94939 1.2
    endloop
  endfacet
  facet normal -0 0 1
    outer loop
      vertex 76.6112 4.58874 1.2
      vertex 78.2 3.7 1.2
      vertex 76.8397 4.75827 1.2
    endloop
  endfacet
  facet normal -0 0 1
    outer loop
      vertex 76.3671 4.44243 1.2
      vertex 78.2 3.7 1.2
      vertex 76.6112 4.58874 1.2
    endloop
  endfacet
  facet normal -0 0 1
    outer loop
      vertex 76.1098 4.32075 1.2
      vertex 78.2 3.7 1.2
      vertex 76.3671 4.44243 1.2
    endloop
  endfacet
  facet normal -0 0 1
    outer loop
      vertex 75.8418 4.22487 1.2
      vertex 78.2 3.7 1.2
      vertex 76.1098 4.32075 1.2
    endloop
  endfacet
  facet normal -0 0 1
    outer loop
      vertex 75.5658 4.15572 1.2
      vertex 78.2 3.7 1.2
      vertex 75.8418 4.22487 1.2
    endloop
  endfacet
  facet normal -0 0 1
    outer loop
      vertex 75.2842 4.11397 1.2
      vertex 78.2 3.7 1.2
      vertex 75.5658 4.15572 1.2
    endloop
  endfacet
  facet normal -0 0 1
    outer loop
      vertex 75 4.1 1.2
      vertex 78.2 3.7 1.2
      vertex 75.2842 4.11397 1.2
    endloop
  endfacet
  facet normal 0 0 1
    outer loop
      vertex 74.7158 4.11397 1.2
      vertex 78.2 3.7 1.2
      vertex 75 4.1 1.2
    endloop
  endfacet
  facet normal 0 0 1
    outer loop
      vertex 55 3.7 1.2
      vertex 72.1 7 1.2
      vertex 55 10.3 1.2
    endloop
  endfacet
  facet normal 0 0 1
    outer loop
      vertex 72.1 7 1.2
      vertex 55 3.7 1.2
      vertex 72.114 6.71575 1.2
    endloop
  endfacet
  facet normal 0 0 1
    outer loop
      vertex 72.114 6.71575 1.2
      vertex 55 3.7 1.2
      vertex 72.1557 6.43424 1.2
    endloop
  endfacet
  facet normal 0 0 1
    outer loop
      vertex 72.1557 6.43424 1.2
      vertex 55 3.7 1.2
      vertex 72.2249 6.15817 1.2
    endloop
  endfacet
  facet normal 0 0 1
    outer loop
      vertex 72.2249 6.15817 1.2
      vertex 55 3.7 1.2
      vertex 72.3207 5.89022 1.2
    endloop
  endfacet
  facet normal 0 0 1
    outer loop
      vertex 72.3207 5.89022 1.2
      vertex 55 3.7 1.2
      vertex 72.4424 5.63295 1.2
    endloop
  endfacet
  facet normal 0 0 1
    outer loop
      vertex 72.4424 5.63295 1.2
      vertex 55 3.7 1.2
      vertex 72.5887 5.38885 1.2
    endloop
  endfacet
  facet normal 0 0 1
    outer loop
      vertex 72.5887 5.38885 1.2
      vertex 55 3.7 1.2
      vertex 72.7583 5.16026 1.2
    endloop
  endfacet
  facet normal 0 0 1
    outer loop
      vertex 72.7583 5.16026 1.2
      vertex 55 3.7 1.2
      vertex 72.9494 4.94939 1.2
    endloop
  endfacet
  facet normal 0 0 1
    outer loop
      vertex 72.9494 4.94939 1.2
      vertex 55 3.7 1.2
      vertex 73.1603 4.75827 1.2
    endloop
  endfacet
  facet normal 0 0 1
    outer loop
      vertex 73.1603 4.75827 1.2
      vertex 55 3.7 1.2
      vertex 73.3888 4.58874 1.2
    endloop
  endfacet
  facet normal 0 0 1
    outer loop
      vertex 73.3888 4.58874 1.2
      vertex 55 3.7 1.2
      vertex 73.6329 4.44243 1.2
    endloop
  endfacet
  facet normal 0 0 1
    outer loop
      vertex 73.6329 4.44243 1.2
      vertex 55 3.7 1.2
      vertex 73.8902 4.32075 1.2
    endloop
  endfacet
  facet normal 0 0 1
    outer loop
      vertex 74.7158 4.11397 1.2
      vertex 55 3.7 1.2
      vertex 78.2 3.7 1.2
    endloop
  endfacet
  facet normal 0 0 1
    outer loop
      vertex 74.4342 4.15572 1.2
      vertex 55 3.7 1.2
      vertex 74.7158 4.11397 1.2
    endloop
  endfacet
  facet normal 0 0 1
    outer loop
      vertex 74.1582 4.22487 1.2
      vertex 55 3.7 1.2
      vertex 74.4342 4.15572 1.2
    endloop
  endfacet
  facet normal 0 0 1
    outer loop
      vertex 73.8902 4.32075 1.2
      vertex 55 3.7 1.2
      vertex 74.1582 4.22487 1.2
    endloop
  endfacet
  facet normal 1 0 0
    outer loop
      vertex 55 39.7 2
      vertex 55 38.9 1.2
      vertex 55 39.7 0
    endloop
  endfacet
  facet normal 1 0 0
    outer loop
      vertex 55 39.7 2
      vertex 55 32.3 1.2
      vertex 55 38.9 1.2
    endloop
  endfacet
  facet normal 1 -0 0
    outer loop
      vertex 55 31.5 2
      vertex 55 32.3 1.2
      vertex 55 39.7 2
    endloop
  endfacet
  facet normal 1 0 0
    outer loop
      vertex 55 31.5 0
      vertex 55 32.3 1.2
      vertex 55 31.5 2
    endloop
  endfacet
  facet normal 1 0 0
    outer loop
      vertex 55 32.3 1.2
      vertex 55 31.5 0
      vertex 55 32.3 0
    endloop
  endfacet
  facet normal 1 0 0
    outer loop
      vertex 55 39.7 0
      vertex 55 38.9 1.2
      vertex 55 38.9 0
    endloop
  endfacet
  facet normal -1 0 0
    outer loop
      vertex 79 31.5 0
      vertex 79 39.7 2
      vertex 79 39.7 0
    endloop
  endfacet
  facet normal -1 -0 0
    outer loop
      vertex 79 39.7 2
      vertex 79 31.5 0
      vertex 79 31.5 2
    endloop
  endfacet
  facet normal 0 -1 0
    outer loop
      vertex 55 32.3 0
      vertex 78.2 32.3 1.2
      vertex 55 32.3 1.2
    endloop
  endfacet
  facet normal 0 -1 -0
    outer loop
      vertex 78.2 32.3 1.2
      vertex 55 32.3 0
      vertex 78.2 32.3 0
    endloop
  endfacet
  facet normal 0 1 -0
    outer loop
      vertex 79 31.5 0
      vertex 55 31.5 2
      vertex 79 31.5 2
    endloop
  endfacet
  facet normal 0 1 0
    outer loop
      vertex 55 31.5 2
      vertex 79 31.5 0
      vertex 55 31.5 0
    endloop
  endfacet
  facet normal 0 -1 0
    outer loop
      vertex 55 39.7 0
      vertex 79 39.7 2
      vertex 55 39.7 2
    endloop
  endfacet
  facet normal 0 -1 -0
    outer loop
      vertex 79 39.7 2
      vertex 55 39.7 0
      vertex 79 39.7 0
    endloop
  endfacet
  facet normal 0 1 -0
    outer loop
      vertex 78.2 38.9 0
      vertex 55 38.9 1.2
      vertex 78.2 38.9 1.2
    endloop
  endfacet
  facet normal 0 1 0
    outer loop
      vertex 55 38.9 1.2
      vertex 78.2 38.9 0
      vertex 55 38.9 0
    endloop
  endfacet
  facet normal 1 -0 0
    outer loop
      vertex 78.2 32.3 1.2
      vertex 78.2 38.9 0
      vertex 78.2 38.9 1.2
    endloop
  endfacet
  facet normal 1 0 0
    outer loop
      vertex 78.2 38.9 0
      vertex 78.2 32.3 1.2
      vertex 78.2 32.3 0
    endloop
  endfacet
  facet normal 0 0 1
    outer loop
      vertex 78.2 38.9 1.2
      vertex 77.9 35.6 1.2
      vertex 78.2 32.3 1.2
    endloop
  endfacet
  facet normal 0 0 1
    outer loop
      vertex 78.2 38.9 1.2
      vertex 77.886 35.8843 1.2
      vertex 77.9 35.6 1.2
    endloop
  endfacet
  facet normal 0 0 1
    outer loop
      vertex 78.2 38.9 1.2
      vertex 77.8443 36.1658 1.2
      vertex 77.886 35.8843 1.2
    endloop
  endfacet
  facet normal 0 0 1
    outer loop
      vertex 78.2 38.9 1.2
      vertex 77.7751 36.4418 1.2
      vertex 77.8443 36.1658 1.2
    endloop
  endfacet
  facet normal 0 0 1
    outer loop
      vertex 78.2 38.9 1.2
      vertex 77.6793 36.7098 1.2
      vertex 77.7751 36.4418 1.2
    endloop
  endfacet
  facet normal 0 0 1
    outer loop
      vertex 78.2 38.9 1.2
      vertex 77.5576 36.967 1.2
      vertex 77.6793 36.7098 1.2
    endloop
  endfacet
  facet normal 0 0 1
    outer loop
      vertex 78.2 38.9 1.2
      vertex 77.4113 37.2112 1.2
      vertex 77.5576 36.967 1.2
    endloop
  endfacet
  facet normal 0 0 1
    outer loop
      vertex 78.2 38.9 1.2
      vertex 77.2417 37.4397 1.2
      vertex 77.4113 37.2112 1.2
    endloop
  endfacet
  facet normal 0 0 1
    outer loop
      vertex 78.2 38.9 1.2
      vertex 77.0506 37.6506 1.2
      vertex 77.2417 37.4397 1.2
    endloop
  endfacet
  facet normal 0 0 1
    outer loop
      vertex 78.2 38.9 1.2
      vertex 76.8397 37.8417 1.2
      vertex 77.0506 37.6506 1.2
    endloop
  endfacet
  facet normal 0 0 1
    outer loop
      vertex 78.2 38.9 1.2
      vertex 76.6112 38.0113 1.2
      vertex 76.8397 37.8417 1.2
    endloop
  endfacet
  facet normal 0 0 1
    outer loop
      vertex 78.2 38.9 1.2
      vertex 76.3671 38.1576 1.2
      vertex 76.6112 38.0113 1.2
    endloop
  endfacet
  facet normal 0 0 1
    outer loop
      vertex 78.2 38.9 1.2
      vertex 76.1098 38.2793 1.2
      vertex 76.3671 38.1576 1.2
    endloop
  endfacet
  facet normal 0 0 1
    outer loop
      vertex 78.2 38.9 1.2
      vertex 75.8418 38.3751 1.2
      vertex 76.1098 38.2793 1.2
    endloop
  endfacet
  facet normal 0 0 1
    outer loop
      vertex 78.2 38.9 1.2
      vertex 75.5658 38.4443 1.2
      vertex 75.8418 38.3751 1.2
    endloop
  endfacet
  facet normal 0 0 1
    outer loop
      vertex 78.2 38.9 1.2
      vertex 75.2842 38.486 1.2
      vertex 75.5658 38.4443 1.2
    endloop
  endfacet
  facet normal 0 0 1
    outer loop
      vertex 78.2 38.9 1.2
      vertex 75 38.5 1.2
      vertex 75.2842 38.486 1.2
    endloop
  endfacet
  facet normal 0 0 1
    outer loop
      vertex 78.2 38.9 1.2
      vertex 74.7158 38.486 1.2
      vertex 75 38.5 1.2
    endloop
  endfacet
  facet normal 0 0 1
    outer loop
      vertex 72.114 35.8843 1.2
      vertex 55 38.9 1.2
      vertex 72.1 35.6 1.2
    endloop
  endfacet
  facet normal 0 0 1
    outer loop
      vertex 72.1557 36.1658 1.2
      vertex 55 38.9 1.2
      vertex 72.114 35.8843 1.2
    endloop
  endfacet
  facet normal 0 0 1
    outer loop
      vertex 72.2249 36.4418 1.2
      vertex 55 38.9 1.2
      vertex 72.1557 36.1658 1.2
    endloop
  endfacet
  facet normal 0 0 1
    outer loop
      vertex 72.3207 36.7098 1.2
      vertex 55 38.9 1.2
      vertex 72.2249 36.4418 1.2
    endloop
  endfacet
  facet normal 0 0 1
    outer loop
      vertex 72.4424 36.967 1.2
      vertex 55 38.9 1.2
      vertex 72.3207 36.7098 1.2
    endloop
  endfacet
  facet normal 0 0 1
    outer loop
      vertex 72.5887 37.2112 1.2
      vertex 55 38.9 1.2
      vertex 72.4424 36.967 1.2
    endloop
  endfacet
  facet normal 0 0 1
    outer loop
      vertex 72.7583 37.4397 1.2
      vertex 55 38.9 1.2
      vertex 72.5887 37.2112 1.2
    endloop
  endfacet
  facet normal 0 0 1
    outer loop
      vertex 72.9494 37.6506 1.2
      vertex 55 38.9 1.2
      vertex 72.7583 37.4397 1.2
    endloop
  endfacet
  facet normal 0 0 1
    outer loop
      vertex 73.1603 37.8417 1.2
      vertex 55 38.9 1.2
      vertex 72.9494 37.6506 1.2
    endloop
  endfacet
  facet normal 0 0 1
    outer loop
      vertex 73.3888 38.0113 1.2
      vertex 55 38.9 1.2
      vertex 73.1603 37.8417 1.2
    endloop
  endfacet
  facet normal 0 0 1
    outer loop
      vertex 73.6329 38.1576 1.2
      vertex 55 38.9 1.2
      vertex 73.3888 38.0113 1.2
    endloop
  endfacet
  facet normal 0 0 1
    outer loop
      vertex 73.8902 38.2793 1.2
      vertex 55 38.9 1.2
      vertex 73.6329 38.1576 1.2
    endloop
  endfacet
  facet normal 0 0 1
    outer loop
      vertex 74.1582 38.3751 1.2
      vertex 55 38.9 1.2
      vertex 73.8902 38.2793 1.2
    endloop
  endfacet
  facet normal 0 0 1
    outer loop
      vertex 74.4342 38.4443 1.2
      vertex 55 38.9 1.2
      vertex 74.1582 38.3751 1.2
    endloop
  endfacet
  facet normal 0 0 1
    outer loop
      vertex 74.7158 38.486 1.2
      vertex 55 38.9 1.2
      vertex 74.4342 38.4443 1.2
    endloop
  endfacet
  facet normal -0 0 1
    outer loop
      vertex 55 38.9 1.2
      vertex 74.7158 38.486 1.2
      vertex 78.2 38.9 1.2
    endloop
  endfacet
  facet normal -0 0 1
    outer loop
      vertex 77.886 35.3158 1.2
      vertex 78.2 32.3 1.2
      vertex 77.9 35.6 1.2
    endloop
  endfacet
  facet normal -0 0 1
    outer loop
      vertex 77.8443 35.0342 1.2
      vertex 78.2 32.3 1.2
      vertex 77.886 35.3158 1.2
    endloop
  endfacet
  facet normal -0 0 1
    outer loop
      vertex 77.7751 34.7582 1.2
      vertex 78.2 32.3 1.2
      vertex 77.8443 35.0342 1.2
    endloop
  endfacet
  facet normal -0 0 1
    outer loop
      vertex 77.6793 34.4902 1.2
      vertex 78.2 32.3 1.2
      vertex 77.7751 34.7582 1.2
    endloop
  endfacet
  facet normal -0 0 1
    outer loop
      vertex 77.5576 34.2329 1.2
      vertex 78.2 32.3 1.2
      vertex 77.6793 34.4902 1.2
    endloop
  endfacet
  facet normal -0 0 1
    outer loop
      vertex 77.4113 33.9888 1.2
      vertex 78.2 32.3 1.2
      vertex 77.5576 34.2329 1.2
    endloop
  endfacet
  facet normal -0 0 1
    outer loop
      vertex 77.2417 33.7603 1.2
      vertex 78.2 32.3 1.2
      vertex 77.4113 33.9888 1.2
    endloop
  endfacet
  facet normal -0 0 1
    outer loop
      vertex 77.0506 33.5494 1.2
      vertex 78.2 32.3 1.2
      vertex 77.2417 33.7603 1.2
    endloop
  endfacet
  facet normal -0 0 1
    outer loop
      vertex 76.8397 33.3583 1.2
      vertex 78.2 32.3 1.2
      vertex 77.0506 33.5494 1.2
    endloop
  endfacet
  facet normal -0 0 1
    outer loop
      vertex 76.6112 33.1887 1.2
      vertex 78.2 32.3 1.2
      vertex 76.8397 33.3583 1.2
    endloop
  endfacet
  facet normal -0 0 1
    outer loop
      vertex 76.3671 33.0424 1.2
      vertex 78.2 32.3 1.2
      vertex 76.6112 33.1887 1.2
    endloop
  endfacet
  facet normal -0 0 1
    outer loop
      vertex 76.1098 32.9207 1.2
      vertex 78.2 32.3 1.2
      vertex 76.3671 33.0424 1.2
    endloop
  endfacet
  facet normal -0 0 1
    outer loop
      vertex 75.8418 32.8249 1.2
      vertex 78.2 32.3 1.2
      vertex 76.1098 32.9207 1.2
    endloop
  endfacet
  facet normal -0 0 1
    outer loop
      vertex 75.5658 32.7557 1.2
      vertex 78.2 32.3 1.2
      vertex 75.8418 32.8249 1.2
    endloop
  endfacet
  facet normal -0 0 1
    outer loop
      vertex 75.2842 32.714 1.2
      vertex 78.2 32.3 1.2
      vertex 75.5658 32.7557 1.2
    endloop
  endfacet
  facet normal -0 0 1
    outer loop
      vertex 75 32.7 1.2
      vertex 78.2 32.3 1.2
      vertex 75.2842 32.714 1.2
    endloop
  endfacet
  facet normal 0 0 1
    outer loop
      vertex 74.7158 32.714 1.2
      vertex 78.2 32.3 1.2
      vertex 75 32.7 1.2
    endloop
  endfacet
  facet normal 0 0 1
    outer loop
      vertex 55 32.3 1.2
      vertex 72.1 35.6 1.2
      vertex 55 38.9 1.2
    endloop
  endfacet
  facet normal 0 0 1
    outer loop
      vertex 72.1 35.6 1.2
      vertex 55 32.3 1.2
      vertex 72.114 35.3158 1.2
    endloop
  endfacet
  facet normal 0 0 1
    outer loop
      vertex 72.114 35.3158 1.2
      vertex 55 32.3 1.2
      vertex 72.1557 35.0342 1.2
    endloop
  endfacet
  facet normal 0 0 1
    outer loop
      vertex 72.1557 35.0342 1.2
      vertex 55 32.3 1.2
      vertex 72.2249 34.7582 1.2
    endloop
  endfacet
  facet normal 0 0 1
    outer loop
      vertex 72.2249 34.7582 1.2
      vertex 55 32.3 1.2
      vertex 72.3207 34.4902 1.2
    endloop
  endfacet
  facet normal 0 0 1
    outer loop
      vertex 72.3207 34.4902 1.2
      vertex 55 32.3 1.2
      vertex 72.4424 34.2329 1.2
    endloop
  endfacet
  facet normal 0 0 1
    outer loop
      vertex 72.4424 34.2329 1.2
      vertex 55 32.3 1.2
      vertex 72.5887 33.9888 1.2
    endloop
  endfacet
  facet normal 0 0 1
    outer loop
      vertex 72.5887 33.9888 1.2
      vertex 55 32.3 1.2
      vertex 72.7583 33.7603 1.2
    endloop
  endfacet
  facet normal 0 0 1
    outer loop
      vertex 72.7583 33.7603 1.2
      vertex 55 32.3 1.2
      vertex 72.9494 33.5494 1.2
    endloop
  endfacet
  facet normal 0 0 1
    outer loop
      vertex 72.9494 33.5494 1.2
      vertex 55 32.3 1.2
      vertex 73.1603 33.3583 1.2
    endloop
  endfacet
  facet normal 0 0 1
    outer loop
      vertex 73.1603 33.3583 1.2
      vertex 55 32.3 1.2
      vertex 73.3888 33.1887 1.2
    endloop
  endfacet
  facet normal 0 0 1
    outer loop
      vertex 73.3888 33.1887 1.2
      vertex 55 32.3 1.2
      vertex 73.6329 33.0424 1.2
    endloop
  endfacet
  facet normal 0 0 1
    outer loop
      vertex 73.6329 33.0424 1.2
      vertex 55 32.3 1.2
      vertex 73.8902 32.9207 1.2
    endloop
  endfacet
  facet normal 0 0 1
    outer loop
      vertex 74.7158 32.714 1.2
      vertex 55 32.3 1.2
      vertex 78.2 32.3 1.2
    endloop
  endfacet
  facet normal 0 0 1
    outer loop
      vertex 74.4342 32.7557 1.2
      vertex 55 32.3 1.2
      vertex 74.7158 32.714 1.2
    endloop
  endfacet
  facet normal 0 0 1
    outer loop
      vertex 74.1582 32.8249 1.2
      vertex 55 32.3 1.2
      vertex 74.4342 32.7557 1.2
    endloop
  endfacet
  facet normal 0 0 1
    outer loop
      vertex 73.8902 32.9207 1.2
      vertex 55 32.3 1.2
      vertex 74.1582 32.8249 1.2
    endloop
  endfacet
  facet normal -1 0 0
    outer loop
      vertex 27 32.3 0
      vertex 27 31.5 0
      vertex 27 32.3 1.2
    endloop
  endfacet
  facet normal -1 0 0
    outer loop
      vertex 27 38.9 1.2
      vertex 27 39.7 0
      vertex 27 38.9 0
    endloop
  endfacet
  facet normal -1 0 0
    outer loop
      vertex 27 39.7 0
      vertex 27 38.9 1.2
      vertex 27 39.7 2
    endloop
  endfacet
  facet normal -1 0 0
    outer loop
      vertex 27 32.3 1.2
      vertex 27 39.7 2
      vertex 27 38.9 1.2
    endloop
  endfacet
  facet normal -1 0 0
    outer loop
      vertex 27 32.3 1.2
      vertex 27 31.5 2
      vertex 27 39.7 2
    endloop
  endfacet
  facet normal -1 0 0
    outer loop
      vertex 27 31.5 2
      vertex 27 32.3 1.2
      vertex 27 31.5 0
    endloop
  endfacet
  facet normal 1 -0 0
    outer loop
      vertex 3 31.5 2
      vertex 3 39.7 0
      vertex 3 39.7 2
    endloop
  endfacet
  facet normal 1 0 0
    outer loop
      vertex 3 39.7 0
      vertex 3 31.5 2
      vertex 3 31.5 0
    endloop
  endfacet
  facet normal 0 -1 0
    outer loop
      vertex 3.8 32.3 0
      vertex 27 32.3 1.2
      vertex 3.8 32.3 1.2
    endloop
  endfacet
  facet normal 0 -1 -0
    outer loop
      vertex 27 32.3 1.2
      vertex 3.8 32.3 0
      vertex 27 32.3 0
    endloop
  endfacet
  facet normal 0 1 -0
    outer loop
      vertex 6.0384 31.5 0
      vertex 3 31.5 2
      vertex 6.0384 31.5 2
    endloop
  endfacet
  facet normal 0 1 0
    outer loop
      vertex 3 31.5 2
      vertex 6.0384 31.5 0
      vertex 3 31.5 0
    endloop
  endfacet
  facet normal 0 1 -0
    outer loop
      vertex 27 31.5 0
      vertex 8.7948 31.5 2
      vertex 27 31.5 2
    endloop
  endfacet
  facet normal 0 1 0
    outer loop
      vertex 8.7948 31.5 2
      vertex 27 31.5 0
      vertex 8.7948 31.5 0
    endloop
  endfacet
  facet normal 0 -1 0
    outer loop
      vertex 3 39.7 0
      vertex 27 39.7 2
      vertex 3 39.7 2
    endloop
  endfacet
  facet normal 0 -1 -0
    outer loop
      vertex 27 39.7 2
      vertex 3 39.7 0
      vertex 27 39.7 0
    endloop
  endfacet
  facet normal 0 1 -0
    outer loop
      vertex 27 38.9 0
      vertex 3.8 38.9 1.2
      vertex 27 38.9 1.2
    endloop
  endfacet
  facet normal 0 1 0
    outer loop
      vertex 3.8 38.9 1.2
      vertex 27 38.9 0
      vertex 3.8 38.9 0
    endloop
  endfacet
  facet normal -1 0 0
    outer loop
      vertex 3.8 32.3 0
      vertex 3.8 38.9 1.2
      vertex 3.8 38.9 0
    endloop
  endfacet
  facet normal -1 -0 0
    outer loop
      vertex 3.8 38.9 1.2
      vertex 3.8 32.3 0
      vertex 3.8 32.3 1.2
    endloop
  endfacet
  facet normal 0 0 1
    outer loop
      vertex 27 38.9 1.2
      vertex 9.9 35.6 1.2
      vertex 27 32.3 1.2
    endloop
  endfacet
  facet normal 0 0 1
    outer loop
      vertex 27 38.9 1.2
      vertex 9.88603 35.8843 1.2
      vertex 9.9 35.6 1.2
    endloop
  endfacet
  facet normal 0 0 1
    outer loop
      vertex 27 38.9 1.2
      vertex 9.84428 36.1658 1.2
      vertex 9.88603 35.8843 1.2
    endloop
  endfacet
  facet normal 0 0 1
    outer loop
      vertex 27 38.9 1.2
      vertex 9.77513 36.4418 1.2
      vertex 9.84428 36.1658 1.2
    endloop
  endfacet
  facet normal 0 0 1
    outer loop
      vertex 27 38.9 1.2
      vertex 9.67925 36.7098 1.2
      vertex 9.77513 36.4418 1.2
    endloop
  endfacet
  facet normal 0 0 1
    outer loop
      vertex 27 38.9 1.2
      vertex 9.55757 36.967 1.2
      vertex 9.67925 36.7098 1.2
    endloop
  endfacet
  facet normal 0 0 1
    outer loop
      vertex 27 38.9 1.2
      vertex 9.41126 37.2112 1.2
      vertex 9.55757 36.967 1.2
    endloop
  endfacet
  facet normal 0 0 1
    outer loop
      vertex 27 38.9 1.2
      vertex 9.24173 37.4397 1.2
      vertex 9.41126 37.2112 1.2
    endloop
  endfacet
  facet normal 0 0 1
    outer loop
      vertex 27 38.9 1.2
      vertex 9.05061 37.6506 1.2
      vertex 9.24173 37.4397 1.2
    endloop
  endfacet
  facet normal 0 0 1
    outer loop
      vertex 27 38.9 1.2
      vertex 8.83974 37.8417 1.2
      vertex 9.05061 37.6506 1.2
    endloop
  endfacet
  facet normal 0 0 1
    outer loop
      vertex 27 38.9 1.2
      vertex 8.61115 38.0113 1.2
      vertex 8.83974 37.8417 1.2
    endloop
  endfacet
  facet normal 0 0 1
    outer loop
      vertex 27 38.9 1.2
      vertex 8.36705 38.1576 1.2
      vertex 8.61115 38.0113 1.2
    endloop
  endfacet
  facet normal 0 0 1
    outer loop
      vertex 27 38.9 1.2
      vertex 8.10978 38.2793 1.2
      vertex 8.36705 38.1576 1.2
    endloop
  endfacet
  facet normal 0 0 1
    outer loop
      vertex 27 38.9 1.2
      vertex 7.84183 38.3751 1.2
      vertex 8.10978 38.2793 1.2
    endloop
  endfacet
  facet normal 0 0 1
    outer loop
      vertex 27 38.9 1.2
      vertex 7.56576 38.4443 1.2
      vertex 7.84183 38.3751 1.2
    endloop
  endfacet
  facet normal 0 0 1
    outer loop
      vertex 27 38.9 1.2
      vertex 7.28425 38.486 1.2
      vertex 7.56576 38.4443 1.2
    endloop
  endfacet
  facet normal -0 0 1
    outer loop
      vertex 3.8 38.9 1.2
      vertex 7.28425 38.486 1.2
      vertex 27 38.9 1.2
    endloop
  endfacet
  facet normal 0 0 1
    outer loop
      vertex 4.11397 35.8843 1.2
      vertex 3.8 38.9 1.2
      vertex 4.1 35.6 1.2
    endloop
  endfacet
  facet normal 0 0 1
    outer loop
      vertex 4.15572 36.1658 1.2
      vertex 3.8 38.9 1.2
      vertex 4.11397 35.8843 1.2
    endloop
  endfacet
  facet normal 0 0 1
    outer loop
      vertex 4.22487 36.4418 1.2
      vertex 3.8 38.9 1.2
      vertex 4.15572 36.1658 1.2
    endloop
  endfacet
  facet normal 0 0 1
    outer loop
      vertex 4.32075 36.7098 1.2
      vertex 3.8 38.9 1.2
      vertex 4.22487 36.4418 1.2
    endloop
  endfacet
  facet normal 0 0 1
    outer loop
      vertex 4.44243 36.967 1.2
      vertex 3.8 38.9 1.2
      vertex 4.32075 36.7098 1.2
    endloop
  endfacet
  facet normal 0 0 1
    outer loop
      vertex 4.58874 37.2112 1.2
      vertex 3.8 38.9 1.2
      vertex 4.44243 36.967 1.2
    endloop
  endfacet
  facet normal 0 0 1
    outer loop
      vertex 4.75827 37.4397 1.2
      vertex 3.8 38.9 1.2
      vertex 4.58874 37.2112 1.2
    endloop
  endfacet
  facet normal 0 0 1
    outer loop
      vertex 4.94939 37.6506 1.2
      vertex 3.8 38.9 1.2
      vertex 4.75827 37.4397 1.2
    endloop
  endfacet
  facet normal 0 0 1
    outer loop
      vertex 5.16026 37.8417 1.2
      vertex 3.8 38.9 1.2
      vertex 4.94939 37.6506 1.2
    endloop
  endfacet
  facet normal 0 0 1
    outer loop
      vertex 5.38885 38.0113 1.2
      vertex 3.8 38.9 1.2
      vertex 5.16026 37.8417 1.2
    endloop
  endfacet
  facet normal 0 0 1
    outer loop
      vertex 5.63295 38.1576 1.2
      vertex 3.8 38.9 1.2
      vertex 5.38885 38.0113 1.2
    endloop
  endfacet
  facet normal 0 0 1
    outer loop
      vertex 5.89022 38.2793 1.2
      vertex 3.8 38.9 1.2
      vertex 5.63295 38.1576 1.2
    endloop
  endfacet
  facet normal 0 0 1
    outer loop
      vertex 6.15817 38.3751 1.2
      vertex 3.8 38.9 1.2
      vertex 5.89022 38.2793 1.2
    endloop
  endfacet
  facet normal 0 0 1
    outer loop
      vertex 6.43424 38.4443 1.2
      vertex 3.8 38.9 1.2
      vertex 6.15817 38.3751 1.2
    endloop
  endfacet
  facet normal 0 0 1
    outer loop
      vertex 6.71575 38.486 1.2
      vertex 3.8 38.9 1.2
      vertex 6.43424 38.4443 1.2
    endloop
  endfacet
  facet normal 0 0 1
    outer loop
      vertex 7 38.5 1.2
      vertex 3.8 38.9 1.2
      vertex 6.71575 38.486 1.2
    endloop
  endfacet
  facet normal 0 0 1
    outer loop
      vertex 7.28425 38.486 1.2
      vertex 3.8 38.9 1.2
      vertex 7 38.5 1.2
    endloop
  endfacet
  facet normal -0 0 1
    outer loop
      vertex 9.88603 35.3158 1.2
      vertex 27 32.3 1.2
      vertex 9.9 35.6 1.2
    endloop
  endfacet
  facet normal -0 0 1
    outer loop
      vertex 9.84428 35.0342 1.2
      vertex 27 32.3 1.2
      vertex 9.88603 35.3158 1.2
    endloop
  endfacet
  facet normal -0 0 1
    outer loop
      vertex 9.77513 34.7582 1.2
      vertex 27 32.3 1.2
      vertex 9.84428 35.0342 1.2
    endloop
  endfacet
  facet normal -0 0 1
    outer loop
      vertex 9.67925 34.4902 1.2
      vertex 27 32.3 1.2
      vertex 9.77513 34.7582 1.2
    endloop
  endfacet
  facet normal -0 0 1
    outer loop
      vertex 9.55757 34.2329 1.2
      vertex 27 32.3 1.2
      vertex 9.67925 34.4902 1.2
    endloop
  endfacet
  facet normal -0 0 1
    outer loop
      vertex 9.41126 33.9888 1.2
      vertex 27 32.3 1.2
      vertex 9.55757 34.2329 1.2
    endloop
  endfacet
  facet normal -0 0 1
    outer loop
      vertex 9.24173 33.7603 1.2
      vertex 27 32.3 1.2
      vertex 9.41126 33.9888 1.2
    endloop
  endfacet
  facet normal -0 0 1
    outer loop
      vertex 9.05061 33.5494 1.2
      vertex 27 32.3 1.2
      vertex 9.24173 33.7603 1.2
    endloop
  endfacet
  facet normal -0 0 1
    outer loop
      vertex 8.83974 33.3583 1.2
      vertex 27 32.3 1.2
      vertex 9.05061 33.5494 1.2
    endloop
  endfacet
  facet normal -0 0 1
    outer loop
      vertex 8.61115 33.1887 1.2
      vertex 27 32.3 1.2
      vertex 8.83974 33.3583 1.2
    endloop
  endfacet
  facet normal -0 0 1
    outer loop
      vertex 8.36705 33.0424 1.2
      vertex 27 32.3 1.2
      vertex 8.61115 33.1887 1.2
    endloop
  endfacet
  facet normal -0 0 1
    outer loop
      vertex 8.10978 32.9207 1.2
      vertex 27 32.3 1.2
      vertex 8.36705 33.0424 1.2
    endloop
  endfacet
  facet normal -0 0 1
    outer loop
      vertex 7.84183 32.8249 1.2
      vertex 27 32.3 1.2
      vertex 8.10978 32.9207 1.2
    endloop
  endfacet
  facet normal -0 0 1
    outer loop
      vertex 7.56576 32.7557 1.2
      vertex 27 32.3 1.2
      vertex 7.84183 32.8249 1.2
    endloop
  endfacet
  facet normal -0 0 1
    outer loop
      vertex 7.28425 32.714 1.2
      vertex 27 32.3 1.2
      vertex 7.56576 32.7557 1.2
    endloop
  endfacet
  facet normal 0 0 1
    outer loop
      vertex 3.8 32.3 1.2
      vertex 7.28425 32.714 1.2
      vertex 7 32.7 1.2
    endloop
  endfacet
  facet normal 0 0 1
    outer loop
      vertex 3.8 32.3 1.2
      vertex 4.1 35.6 1.2
      vertex 3.8 38.9 1.2
    endloop
  endfacet
  facet normal 0 0 1
    outer loop
      vertex 7.28425 32.714 1.2
      vertex 3.8 32.3 1.2
      vertex 27 32.3 1.2
    endloop
  endfacet
  facet normal 0 0 1
    outer loop
      vertex 6.71575 32.714 1.2
      vertex 3.8 32.3 1.2
      vertex 7 32.7 1.2
    endloop
  endfacet
  facet normal 0 0 1
    outer loop
      vertex 6.43424 32.7557 1.2
      vertex 3.8 32.3 1.2
      vertex 6.71575 32.714 1.2
    endloop
  endfacet
  facet normal 0 0 1
    outer loop
      vertex 6.15817 32.8249 1.2
      vertex 3.8 32.3 1.2
      vertex 6.43424 32.7557 1.2
    endloop
  endfacet
  facet normal 0 0 1
    outer loop
      vertex 5.89022 32.9207 1.2
      vertex 3.8 32.3 1.2
      vertex 6.15817 32.8249 1.2
    endloop
  endfacet
  facet normal 0 0 1
    outer loop
      vertex 5.63295 33.0424 1.2
      vertex 3.8 32.3 1.2
      vertex 5.89022 32.9207 1.2
    endloop
  endfacet
  facet normal 0 0 1
    outer loop
      vertex 5.38885 33.1887 1.2
      vertex 3.8 32.3 1.2
      vertex 5.63295 33.0424 1.2
    endloop
  endfacet
  facet normal 0 0 1
    outer loop
      vertex 5.16026 33.3583 1.2
      vertex 3.8 32.3 1.2
      vertex 5.38885 33.1887 1.2
    endloop
  endfacet
  facet normal 0 0 1
    outer loop
      vertex 4.94939 33.5494 1.2
      vertex 3.8 32.3 1.2
      vertex 5.16026 33.3583 1.2
    endloop
  endfacet
  facet normal 0 0 1
    outer loop
      vertex 4.75827 33.7603 1.2
      vertex 3.8 32.3 1.2
      vertex 4.94939 33.5494 1.2
    endloop
  endfacet
  facet normal 0 0 1
    outer loop
      vertex 4.58874 33.9888 1.2
      vertex 3.8 32.3 1.2
      vertex 4.75827 33.7603 1.2
    endloop
  endfacet
  facet normal 0 0 1
    outer loop
      vertex 4.44243 34.2329 1.2
      vertex 3.8 32.3 1.2
      vertex 4.58874 33.9888 1.2
    endloop
  endfacet
  facet normal 0 0 1
    outer loop
      vertex 4.32075 34.4902 1.2
      vertex 3.8 32.3 1.2
      vertex 4.44243 34.2329 1.2
    endloop
  endfacet
  facet normal 0 0 1
    outer loop
      vertex 4.22487 34.7582 1.2
      vertex 3.8 32.3 1.2
      vertex 4.32075 34.4902 1.2
    endloop
  endfacet
  facet normal 0 0 1
    outer loop
      vertex 4.15572 35.0342 1.2
      vertex 3.8 32.3 1.2
      vertex 4.22487 34.7582 1.2
    endloop
  endfacet
  facet normal 0 0 1
    outer loop
      vertex 4.11397 35.3158 1.2
      vertex 3.8 32.3 1.2
      vertex 4.15572 35.0342 1.2
    endloop
  endfacet
  facet normal 0 0 1
    outer loop
      vertex 4.1 35.6 1.2
      vertex 3.8 32.3 1.2
      vertex 4.11397 35.3158 1.2
    endloop
  endfacet
  facet normal -0.336939 0.941527 0
    outer loop
      vertex 2.12914 42.4708 0
      vertex 1.85194 42.3716 2
      vertex 2.12914 42.4708 2
    endloop
  endfacet
  facet normal -0.336939 0.941527 0
    outer loop
      vertex 1.85194 42.3716 2
      vertex 2.12914 42.4708 0
      vertex 1.85194 42.3716 0
    endloop
  endfacet
  facet normal -0.989178 -0.146723 0
    outer loop
      vertex 0.0576324 2.41472 0
      vertex 0.0144348 2.70595 2
      vertex 0.0144348 2.70595 0
    endloop
  endfacet
  facet normal -0.989178 -0.146723 0
    outer loop
      vertex 0.0144348 2.70595 2
      vertex 0.0576324 2.41472 0
      vertex 0.0576324 2.41472 2
    endloop
  endfacet
  facet normal -0.998797 -0.0490306 0
    outer loop
      vertex 0.0144348 2.70595 0
      vertex 0 3 2
      vertex 0 3 0
    endloop
  endfacet
  facet normal -0.998797 -0.0490306 0
    outer loop
      vertex 0 3 2
      vertex 0.0144348 2.70595 0
      vertex 0.0144348 2.70595 2
    endloop
  endfacet
  facet normal -0.595696 -0.80321 0
    outer loop
      vertex 1.09682 0.680954 0
      vertex 1.33328 0.505585 2
      vertex 1.09682 0.680954 2
    endloop
  endfacet
  facet normal -0.595696 -0.80321 -0
    outer loop
      vertex 1.33328 0.505585 2
      vertex 1.09682 0.680954 0
      vertex 1.33328 0.505585 0
    endloop
  endfacet
  facet normal 1 -0 0
    outer loop
      vertex 82 3 2
      vertex 82 39.6 0
      vertex 82 39.6 2
    endloop
  endfacet
  facet normal 1 0 0
    outer loop
      vertex 82 39.6 0
      vertex 82 3 2
      vertex 82 3 0
    endloop
  endfacet
  facet normal 0 1 -0
    outer loop
      vertex 79 42.6 0
      vertex 28.02 42.6 2
      vertex 79 42.6 2
    endloop
  endfacet
  facet normal 0 1 0
    outer loop
      vertex 28.02 42.6 2
      vertex 79 42.6 0
      vertex 28.02 42.6 0
    endloop
  endfacet
  facet normal 0 1 -0
    outer loop
      vertex 25 42.6 0
      vertex 3 42.6 2
      vertex 25 42.6 2
    endloop
  endfacet
  facet normal 0 1 0
    outer loop
      vertex 3 42.6 2
      vertex 25 42.6 0
      vertex 3 42.6 0
    endloop
  endfacet
  facet normal -0.970016 0.243043 0
    outer loop
      vertex 0.0576324 40.1853 0
      vertex 0.129166 40.4708 2
      vertex 0.129166 40.4708 0
    endloop
  endfacet
  facet normal -0.970016 0.243043 0
    outer loop
      vertex 0.129166 40.4708 2
      vertex 0.0576324 40.1853 0
      vertex 0.0576324 40.1853 2
    endloop
  endfacet
  facet normal -0.803258 0.595631 0
    outer loop
      vertex 0.505585 41.2667 0
      vertex 0.680954 41.5032 2
      vertex 0.680954 41.5032 0
    endloop
  endfacet
  facet normal -0.803258 0.595631 0
    outer loop
      vertex 0.680954 41.5032 2
      vertex 0.505585 41.2667 0
      vertex 0.505585 41.2667 2
    endloop
  endfacet
  facet normal -0.740869 0.67165 0
    outer loop
      vertex 0.680954 41.5032 0
      vertex 0.878677 41.7213 2
      vertex 0.878677 41.7213 0
    endloop
  endfacet
  facet normal -0.740869 0.67165 0
    outer loop
      vertex 0.878677 41.7213 2
      vertex 0.680954 41.5032 0
      vertex 0.680954 41.5032 2
    endloop
  endfacet
  facet normal -1 0 0
    outer loop
      vertex 0 3 0
      vertex 0 39.6 2
      vertex 0 39.6 0
    endloop
  endfacet
  facet normal -1 -0 0
    outer loop
      vertex 0 39.6 2
      vertex 0 3 0
      vertex 0 3 2
    endloop
  endfacet
  facet normal 0 -1 0
    outer loop
      vertex 3 0 0
      vertex 25 0 2
      vertex 3 0 2
    endloop
  endfacet
  facet normal 0 -1 -0
    outer loop
      vertex 25 0 2
      vertex 3 0 0
      vertex 25 0 0
    endloop
  endfacet
  facet normal 0 -1 0
    outer loop
      vertex 28.02 0 0
      vertex 79 0 2
      vertex 28.02 0 2
    endloop
  endfacet
  facet normal 0 -1 -0
    outer loop
      vertex 79 0 2
      vertex 28.02 0 0
      vertex 79 0 0
    endloop
  endfacet
  facet normal 0.514246 0.857643 -0
    outer loop
      vertex 80.6667 42.0944 0
      vertex 80.4142 42.2458 2
      vertex 80.6667 42.0944 2
    endloop
  endfacet
  facet normal 0.514246 0.857643 0
    outer loop
      vertex 80.4142 42.2458 2
      vertex 80.6667 42.0944 0
      vertex 80.4142 42.2458 0
    endloop
  endfacet
  facet normal 0.969962 0.243255 0
    outer loop
      vertex 81.9424 40.1853 2
      vertex 81.8708 40.4708 0
      vertex 81.8708 40.4708 2
    endloop
  endfacet
  facet normal 0.969962 0.243255 0
    outer loop
      vertex 81.8708 40.4708 0
      vertex 81.9424 40.1853 2
      vertex 81.9424 40.1853 0
    endloop
  endfacet
  facet normal 0.146688 -0.989183 0
    outer loop
      vertex 79.294 0.0144348 0
      vertex 79.5853 0.0576324 2
      vertex 79.294 0.0144348 2
    endloop
  endfacet
  facet normal 0.146688 -0.989183 0
    outer loop
      vertex 79.5853 0.0576324 2
      vertex 79.294 0.0144348 0
      vertex 79.5853 0.0576324 0
    endloop
  endfacet
  facet normal -0.671577 -0.740935 0
    outer loop
      vertex 0.878677 0.878677 0
      vertex 1.09682 0.680954 2
      vertex 0.878677 0.878677 2
    endloop
  endfacet
  facet normal -0.671577 -0.740935 -0
    outer loop
      vertex 1.09682 0.680954 2
      vertex 0.878677 0.878677 0
      vertex 1.09682 0.680954 0
    endloop
  endfacet
  facet normal 0.904125 0.427269 0
    outer loop
      vertex 81.7716 40.748 2
      vertex 81.6458 41.0142 0
      vertex 81.6458 41.0142 2
    endloop
  endfacet
  facet normal 0.904125 0.427269 0
    outer loop
      vertex 81.6458 41.0142 0
      vertex 81.7716 40.748 2
      vertex 81.7716 40.748 0
    endloop
  endfacet
  facet normal 0.941527 0.336939 0
    outer loop
      vertex 81.8708 40.4708 2
      vertex 81.7716 40.748 0
      vertex 81.7716 40.748 2
    endloop
  endfacet
  facet normal 0.941527 0.336939 0
    outer loop
      vertex 81.7716 40.748 0
      vertex 81.8708 40.4708 2
      vertex 81.8708 40.4708 0
    endloop
  endfacet
  facet normal -0.0492515 0.998786 0
    outer loop
      vertex 3 42.6 0
      vertex 2.70595 42.5855 2
      vertex 3 42.6 2
    endloop
  endfacet
  facet normal -0.0492515 0.998786 0
    outer loop
      vertex 2.70595 42.5855 2
      vertex 3 42.6 0
      vertex 2.70595 42.5855 0
    endloop
  endfacet
  facet normal 0.243043 -0.970016 0
    outer loop
      vertex 79.5853 0.0576324 0
      vertex 79.8708 0.129166 2
      vertex 79.5853 0.0576324 2
    endloop
  endfacet
  facet normal 0.243043 -0.970016 0
    outer loop
      vertex 79.8708 0.129166 2
      vertex 79.5853 0.0576324 0
      vertex 79.8708 0.129166 0
    endloop
  endfacet
  facet normal 0.0490389 -0.998797 0
    outer loop
      vertex 79 0 0
      vertex 79.294 0.0144348 2
      vertex 79 0 2
    endloop
  endfacet
  facet normal 0.0490389 -0.998797 0
    outer loop
      vertex 79.294 0.0144348 2
      vertex 79 0 0
      vertex 79.294 0.0144348 0
    endloop
  endfacet
  facet normal -0.336885 -0.941546 0
    outer loop
      vertex 1.85194 0.228348 0
      vertex 2.12914 0.129166 2
      vertex 1.85194 0.228348 2
    endloop
  endfacet
  facet normal -0.336885 -0.941546 -0
    outer loop
      vertex 2.12914 0.129166 2
      vertex 1.85194 0.228348 0
      vertex 2.12914 0.129166 0
    endloop
  endfacet
  facet normal 0.969978 -0.243191 0
    outer loop
      vertex 81.8708 2.12914 2
      vertex 81.9424 2.41472 0
      vertex 81.9424 2.41472 2
    endloop
  endfacet
  facet normal 0.969978 -0.243191 0
    outer loop
      vertex 81.9424 2.41472 0
      vertex 81.8708 2.12914 2
      vertex 81.8708 2.12914 0
    endloop
  endfacet
  facet normal -0.857733 -0.514096 0
    outer loop
      vertex 0.505585 1.33328 0
      vertex 0.354233 1.5858 2
      vertex 0.354233 1.5858 0
    endloop
  endfacet
  facet normal -0.857733 -0.514096 0
    outer loop
      vertex 0.354233 1.5858 2
      vertex 0.505585 1.33328 0
      vertex 0.505585 1.33328 2
    endloop
  endfacet
  facet normal 0.998786 0.0492599 0
    outer loop
      vertex 82 39.6 2
      vertex 81.9855 39.894 0
      vertex 81.9855 39.894 2
    endloop
  endfacet
  facet normal 0.998786 0.0492599 0
    outer loop
      vertex 81.9855 39.894 0
      vertex 82 39.6 2
      vertex 82 39.6 0
    endloop
  endfacet
  facet normal -0.595764 0.80316 0
    outer loop
      vertex 1.33328 42.0944 0
      vertex 1.09682 41.919 2
      vertex 1.33328 42.0944 2
    endloop
  endfacet
  facet normal -0.595764 0.80316 0
    outer loop
      vertex 1.09682 41.919 2
      vertex 1.33328 42.0944 0
      vertex 1.09682 41.919 0
    endloop
  endfacet
  facet normal 0.595631 -0.803258 0
    outer loop
      vertex 80.6667 0.505585 0
      vertex 80.9032 0.680954 2
      vertex 80.6667 0.505585 2
    endloop
  endfacet
  facet normal 0.595631 -0.803258 0
    outer loop
      vertex 80.9032 0.680954 2
      vertex 80.6667 0.505585 0
      vertex 80.9032 0.680954 0
    endloop
  endfacet
  facet normal -0.427347 0.904088 0
    outer loop
      vertex 1.85194 42.3716 0
      vertex 1.5858 42.2458 2
      vertex 1.85194 42.3716 2
    endloop
  endfacet
  facet normal -0.427347 0.904088 0
    outer loop
      vertex 1.5858 42.2458 2
      vertex 1.85194 42.3716 0
      vertex 1.5858 42.2458 0
    endloop
  endfacet
  facet normal 0.803208 0.595699 0
    outer loop
      vertex 81.4944 41.2667 2
      vertex 81.319 41.5032 0
      vertex 81.319 41.5032 2
    endloop
  endfacet
  facet normal 0.803208 0.595699 0
    outer loop
      vertex 81.319 41.5032 0
      vertex 81.4944 41.2667 2
      vertex 81.4944 41.2667 0
    endloop
  endfacet
  facet normal 0.904088 -0.427347 0
    outer loop
      vertex 81.6458 1.5858 2
      vertex 81.7716 1.85194 0
      vertex 81.7716 1.85194 2
    endloop
  endfacet
  facet normal 0.904088 -0.427347 0
    outer loop
      vertex 81.7716 1.85194 0
      vertex 81.6458 1.5858 2
      vertex 81.6458 1.5858 0
    endloop
  endfacet
  facet normal -0.146731 0.989176 0
    outer loop
      vertex 2.70595 42.5855 0
      vertex 2.41472 42.5423 2
      vertex 2.70595 42.5855 2
    endloop
  endfacet
  facet normal -0.146731 0.989176 0
    outer loop
      vertex 2.41472 42.5423 2
      vertex 2.70595 42.5855 0
      vertex 2.41472 42.5423 0
    endloop
  endfacet
  facet normal 0.857661 -0.514216 0
    outer loop
      vertex 81.4944 1.33328 2
      vertex 81.6458 1.5858 0
      vertex 81.6458 1.5858 2
    endloop
  endfacet
  facet normal 0.857661 -0.514216 0
    outer loop
      vertex 81.6458 1.5858 0
      vertex 81.4944 1.33328 2
      vertex 81.4944 1.33328 0
    endloop
  endfacet
  facet normal 0.80316 -0.595764 0
    outer loop
      vertex 81.319 1.09682 2
      vertex 81.4944 1.33328 0
      vertex 81.4944 1.33328 2
    endloop
  endfacet
  facet normal 0.80316 -0.595764 0
    outer loop
      vertex 81.4944 1.33328 0
      vertex 81.319 1.09682 2
      vertex 81.319 1.09682 0
    endloop
  endfacet
  facet normal 0.740908 0.671607 0
    outer loop
      vertex 81.319 41.5032 2
      vertex 81.1213 41.7213 0
      vertex 81.1213 41.7213 2
    endloop
  endfacet
  facet normal 0.740908 0.671607 0
    outer loop
      vertex 81.1213 41.7213 0
      vertex 81.319 41.5032 2
      vertex 81.319 41.5032 0
    endloop
  endfacet
  facet normal -0.242871 0.970059 0
    outer loop
      vertex 2.41472 42.5423 0
      vertex 2.12914 42.4708 2
      vertex 2.41472 42.5423 2
    endloop
  endfacet
  facet normal -0.242871 0.970059 0
    outer loop
      vertex 2.12914 42.4708 2
      vertex 2.41472 42.5423 0
      vertex 2.12914 42.4708 0
    endloop
  endfacet
  facet normal 0.146696 0.989182 -0
    outer loop
      vertex 79.5853 42.5423 0
      vertex 79.294 42.5855 2
      vertex 79.5853 42.5423 2
    endloop
  endfacet
  facet normal 0.146696 0.989182 0
    outer loop
      vertex 79.294 42.5855 2
      vertex 79.5853 42.5423 0
      vertex 79.294 42.5855 0
    endloop
  endfacet
  facet normal 0.989231 0.146364 0
    outer loop
      vertex 81.9855 39.894 2
      vertex 81.9424 40.1853 0
      vertex 81.9424 40.1853 2
    endloop
  endfacet
  facet normal 0.989231 0.146364 0
    outer loop
      vertex 81.9424 40.1853 0
      vertex 81.9855 39.894 2
      vertex 81.9855 39.894 0
    endloop
  endfacet
  facet normal -0.857715 0.514126 0
    outer loop
      vertex 0.354233 41.0142 0
      vertex 0.505585 41.2667 2
      vertex 0.505585 41.2667 0
    endloop
  endfacet
  facet normal -0.857715 0.514126 0
    outer loop
      vertex 0.505585 41.2667 2
      vertex 0.354233 41.0142 0
      vertex 0.354233 41.0142 2
    endloop
  endfacet
  facet normal 0.671607 0.740908 -0
    outer loop
      vertex 81.1213 41.7213 0
      vertex 80.9032 41.919 2
      vertex 81.1213 41.7213 2
    endloop
  endfacet
  facet normal 0.671607 0.740908 0
    outer loop
      vertex 80.9032 41.919 2
      vertex 81.1213 41.7213 0
      vertex 80.9032 41.919 0
    endloop
  endfacet
  facet normal 0.67165 -0.740869 0
    outer loop
      vertex 80.9032 0.680954 0
      vertex 81.1213 0.878677 2
      vertex 80.9032 0.680954 2
    endloop
  endfacet
  facet normal 0.67165 -0.740869 0
    outer loop
      vertex 81.1213 0.878677 2
      vertex 80.9032 0.680954 0
      vertex 81.1213 0.878677 0
    endloop
  endfacet
  facet normal 0.514126 -0.857715 0
    outer loop
      vertex 80.4142 0.354233 0
      vertex 80.6667 0.505585 2
      vertex 80.4142 0.354233 2
    endloop
  endfacet
  facet normal 0.514126 -0.857715 0
    outer loop
      vertex 80.6667 0.505585 2
      vertex 80.4142 0.354233 0
      vertex 80.6667 0.505585 0
    endloop
  endfacet
  facet normal 0.427505 -0.904013 0
    outer loop
      vertex 80.148 0.228348 0
      vertex 80.4142 0.354233 2
      vertex 80.148 0.228348 2
    endloop
  endfacet
  facet normal 0.427505 -0.904013 0
    outer loop
      vertex 80.4142 0.354233 2
      vertex 80.148 0.228348 0
      vertex 80.4142 0.354233 0
    endloop
  endfacet
  facet normal -0.514216 0.857661 0
    outer loop
      vertex 1.5858 42.2458 0
      vertex 1.33328 42.0944 2
      vertex 1.5858 42.2458 2
    endloop
  endfacet
  facet normal -0.514216 0.857661 0
    outer loop
      vertex 1.33328 42.0944 2
      vertex 1.5858 42.2458 0
      vertex 1.33328 42.0944 0
    endloop
  endfacet
  facet normal 0.0492599 0.998786 -0
    outer loop
      vertex 79.294 42.5855 0
      vertex 79 42.6 2
      vertex 79.294 42.5855 2
    endloop
  endfacet
  facet normal 0.0492599 0.998786 0
    outer loop
      vertex 79 42.6 2
      vertex 79.294 42.5855 0
      vertex 79 42.6 0
    endloop
  endfacet
  facet normal 0.242935 0.970042 -0
    outer loop
      vertex 79.8708 42.4708 0
      vertex 79.5853 42.5423 2
      vertex 79.8708 42.4708 2
    endloop
  endfacet
  facet normal 0.242935 0.970042 0
    outer loop
      vertex 79.5853 42.5423 2
      vertex 79.8708 42.4708 0
      vertex 79.5853 42.5423 0
    endloop
  endfacet
  facet normal -0.998797 0.0490389 0
    outer loop
      vertex 0 39.6 0
      vertex 0.0144348 39.894 2
      vertex 0.0144348 39.894 0
    endloop
  endfacet
  facet normal -0.998797 0.0490389 0
    outer loop
      vertex 0.0144348 39.894 2
      vertex 0 39.6 0
      vertex 0 39.6 2
    endloop
  endfacet
  facet normal -0.941546 0.336885 0
    outer loop
      vertex 0.129166 40.4708 0
      vertex 0.228348 40.748 2
      vertex 0.228348 40.748 0
    endloop
  endfacet
  facet normal -0.941546 0.336885 0
    outer loop
      vertex 0.228348 40.748 2
      vertex 0.129166 40.4708 0
      vertex 0.129166 40.4708 2
    endloop
  endfacet
  facet normal 0.427269 0.904125 -0
    outer loop
      vertex 80.4142 42.2458 0
      vertex 80.148 42.3716 2
      vertex 80.4142 42.2458 2
    endloop
  endfacet
  facet normal 0.427269 0.904125 0
    outer loop
      vertex 80.148 42.3716 2
      vertex 80.4142 42.2458 0
      vertex 80.148 42.3716 0
    endloop
  endfacet
  facet normal 0.336885 -0.941546 0
    outer loop
      vertex 79.8708 0.129166 0
      vertex 80.148 0.228348 2
      vertex 79.8708 0.129166 2
    endloop
  endfacet
  facet normal 0.336885 -0.941546 0
    outer loop
      vertex 80.148 0.228348 2
      vertex 79.8708 0.129166 0
      vertex 80.148 0.228348 0
    endloop
  endfacet
  facet normal -0.671534 0.740974 0
    outer loop
      vertex 1.09682 41.919 0
      vertex 0.878677 41.7213 2
      vertex 1.09682 41.919 2
    endloop
  endfacet
  facet normal -0.671534 0.740974 0
    outer loop
      vertex 0.878677 41.7213 2
      vertex 1.09682 41.919 0
      vertex 0.878677 41.7213 0
    endloop
  endfacet
  facet normal -0.80321 -0.595696 0
    outer loop
      vertex 0.680954 1.09682 0
      vertex 0.505585 1.33328 2
      vertex 0.505585 1.33328 0
    endloop
  endfacet
  facet normal -0.80321 -0.595696 0
    outer loop
      vertex 0.505585 1.33328 2
      vertex 0.680954 1.09682 0
      vertex 0.680954 1.09682 2
    endloop
  endfacet
  facet normal 0.595699 0.803208 -0
    outer loop
      vertex 80.9032 41.919 0
      vertex 80.6667 42.0944 2
      vertex 80.9032 41.919 2
    endloop
  endfacet
  facet normal 0.595699 0.803208 0
    outer loop
      vertex 80.6667 42.0944 2
      vertex 80.9032 41.919 0
      vertex 80.6667 42.0944 0
    endloop
  endfacet
  facet normal -0.427583 -0.903976 0
    outer loop
      vertex 1.5858 0.354233 0
      vertex 1.85194 0.228348 2
      vertex 1.5858 0.354233 2
    endloop
  endfacet
  facet normal -0.427583 -0.903976 -0
    outer loop
      vertex 1.85194 0.228348 2
      vertex 1.5858 0.354233 0
      vertex 1.85194 0.228348 0
    endloop
  endfacet
  facet normal -0.146723 -0.989178 0
    outer loop
      vertex 2.41472 0.0576324 0
      vertex 2.70595 0.0144348 2
      vertex 2.41472 0.0576324 2
    endloop
  endfacet
  facet normal -0.146723 -0.989178 -0
    outer loop
      vertex 2.70595 0.0144348 2
      vertex 2.41472 0.0576324 0
      vertex 2.70595 0.0144348 0
    endloop
  endfacet
  facet normal 0.857643 0.514246 0
    outer loop
      vertex 81.6458 41.0142 2
      vertex 81.4944 41.2667 0
      vertex 81.4944 41.2667 2
    endloop
  endfacet
  facet normal 0.857643 0.514246 0
    outer loop
      vertex 81.4944 41.2667 0
      vertex 81.6458 41.0142 2
      vertex 81.6458 41.0142 0
    endloop
  endfacet
  facet normal 0 0 1
    outer loop
      vertex 4.92864 29.6599 2
      vertex 3 31.5 2
      vertex 4.9166 29.4149 2
    endloop
  endfacet
  facet normal 0 0 1
    outer loop
      vertex 4.96464 29.9026 2
      vertex 3 31.5 2
      vertex 4.92864 29.6599 2
    endloop
  endfacet
  facet normal 0 0 1
    outer loop
      vertex 5.02425 30.1406 2
      vertex 3 31.5 2
      vertex 4.96464 29.9026 2
    endloop
  endfacet
  facet normal 0 0 1
    outer loop
      vertex 5.1069 30.3716 2
      vertex 3 31.5 2
      vertex 5.02425 30.1406 2
    endloop
  endfacet
  facet normal 0 0 1
    outer loop
      vertex 5.2118 30.5934 2
      vertex 3 31.5 2
      vertex 5.1069 30.3716 2
    endloop
  endfacet
  facet normal 0 0 1
    outer loop
      vertex 5.33793 30.8038 2
      vertex 3 31.5 2
      vertex 5.2118 30.5934 2
    endloop
  endfacet
  facet normal 0 0 1
    outer loop
      vertex 5.48407 31.0009 2
      vertex 3 31.5 2
      vertex 5.33793 30.8038 2
    endloop
  endfacet
  facet normal 0 0 1
    outer loop
      vertex 5.64883 31.1827 2
      vertex 3 31.5 2
      vertex 5.48407 31.0009 2
    endloop
  endfacet
  facet normal 0 0 1
    outer loop
      vertex 5.83062 31.3474 2
      vertex 3 31.5 2
      vertex 5.64883 31.1827 2
    endloop
  endfacet
  facet normal 0 0 1
    outer loop
      vertex 6.02767 31.4936 2
      vertex 3 31.5 2
      vertex 5.83062 31.3474 2
    endloop
  endfacet
  facet normal -0 0 1
    outer loop
      vertex 3 31.5 2
      vertex 6.02767 31.4936 2
      vertex 6.0384 31.5 2
    endloop
  endfacet
  facet normal -0 0 1
    outer loop
      vertex 3 2.9 2
      vertex 25 0 2
      vertex 27 2.9 2
    endloop
  endfacet
  facet normal 0 0 1
    outer loop
      vertex 25 0 2
      vertex 3 2.9 2
      vertex 3 0 2
    endloop
  endfacet
  facet normal -0 0 1
    outer loop
      vertex 9.57867 14.4569 2
      vertex 27 11.1 2
      vertex 27 31.5 2
    endloop
  endfacet
  facet normal 0 0 1
    outer loop
      vertex 27 11.1 2
      vertex 9.98796 13.313 2
      vertex 10 13.068 2
    endloop
  endfacet
  facet normal 0 0 1
    outer loop
      vertex 27 11.1 2
      vertex 9.95196 13.5557 2
      vertex 9.98796 13.313 2
    endloop
  endfacet
  facet normal 0 0 1
    outer loop
      vertex 9.90456 29.1699 2
      vertex 27 31.5 2
      vertex 9.9166 29.4149 2
    endloop
  endfacet
  facet normal 0 0 1
    outer loop
      vertex 27 31.5 2
      vertex 9.90456 29.6599 2
      vertex 9.9166 29.4149 2
    endloop
  endfacet
  facet normal 0 0 1
    outer loop
      vertex 27 31.5 2
      vertex 9.86856 29.9026 2
      vertex 9.90456 29.6599 2
    endloop
  endfacet
  facet normal 0 0 1
    outer loop
      vertex 27 31.5 2
      vertex 9.80895 30.1406 2
      vertex 9.86856 29.9026 2
    endloop
  endfacet
  facet normal 0 0 1
    outer loop
      vertex 27 31.5 2
      vertex 9.7263 30.3716 2
      vertex 9.80895 30.1406 2
    endloop
  endfacet
  facet normal 0 0 1
    outer loop
      vertex 27 31.5 2
      vertex 9.6214 30.5934 2
      vertex 9.7263 30.3716 2
    endloop
  endfacet
  facet normal 0 0 1
    outer loop
      vertex 27 31.5 2
      vertex 9.49527 30.8038 2
      vertex 9.6214 30.5934 2
    endloop
  endfacet
  facet normal 0 0 1
    outer loop
      vertex 27 31.5 2
      vertex 9.34913 31.0009 2
      vertex 9.49527 30.8038 2
    endloop
  endfacet
  facet normal 0 0 1
    outer loop
      vertex 27 31.5 2
      vertex 9.18437 31.1827 2
      vertex 9.34913 31.0009 2
    endloop
  endfacet
  facet normal 0 0 1
    outer loop
      vertex 27 31.5 2
      vertex 9.00258 31.3474 2
      vertex 9.18437 31.1827 2
    endloop
  endfacet
  facet normal 0 0 1
    outer loop
      vertex 27 31.5 2
      vertex 8.80552 31.4936 2
      vertex 9.00258 31.3474 2
    endloop
  endfacet
  facet normal 0 -0 1
    outer loop
      vertex 8.80552 31.4936 2
      vertex 27 31.5 2
      vertex 8.7948 31.5 2
    endloop
  endfacet
  facet normal 0 0 1
    outer loop
      vertex 49 44.8 2
      vertex 28.02 43.4 2
      vertex 49 43.4 2
    endloop
  endfacet
  facet normal 0 0 1
    outer loop
      vertex 25 42.6 2
      vertex 28.02 42.6 2
      vertex 28.02 43.4 2
    endloop
  endfacet
  facet normal 0 0 1
    outer loop
      vertex 28.02 42.6 2
      vertex 27 31.5 2
      vertex 28.02 0 2
    endloop
  endfacet
  facet normal 0 0 1
    outer loop
      vertex 28.02 42.6 2
      vertex 27 39.7 2
      vertex 27 31.5 2
    endloop
  endfacet
  facet normal -0 0 1
    outer loop
      vertex 25 44.8 2
      vertex 28.02 43.4 2
      vertex 49 44.8 2
    endloop
  endfacet
  facet normal 0 0 1
    outer loop
      vertex 25 42.6 2
      vertex 28.02 43.4 2
      vertex 25 44.8 2
    endloop
  endfacet
  facet normal 0 0 1
    outer loop
      vertex 28.02 42.6 2
      vertex 25 42.6 2
      vertex 27 39.7 2
    endloop
  endfacet
  facet normal 0 0 1
    outer loop
      vertex 3 39.7 2
      vertex 25 42.6 2
      vertex 3 42.6 2
    endloop
  endfacet
  facet normal 0 0 1
    outer loop
      vertex 25 42.6 2
      vertex 3 39.7 2
      vertex 27 39.7 2
    endloop
  endfacet
  facet normal -0 0 1
    outer loop
      vertex 2.70595 42.5855 2
      vertex 3 39.7 2
      vertex 3 42.6 2
    endloop
  endfacet
  facet normal 0 0 1
    outer loop
      vertex 3 39.7 2
      vertex 0 39.6 2
      vertex 3 31.5 2
    endloop
  endfacet
  facet normal 0 0 1
    outer loop
      vertex 3 31.5 2
      vertex 0 39.6 2
      vertex 3 11.1 2
    endloop
  endfacet
  facet normal 0 0 1
    outer loop
      vertex 0 3 2
      vertex 3 11.1 2
      vertex 0 39.6 2
    endloop
  endfacet
  facet normal -0 0 1
    outer loop
      vertex 2.41472 42.5423 2
      vertex 3 39.7 2
      vertex 2.70595 42.5855 2
    endloop
  endfacet
  facet normal 0 0 1
    outer loop
      vertex 3 11.1 2
      vertex 0 3 2
      vertex 3 2.9 2
    endloop
  endfacet
  facet normal -0 0 1
    outer loop
      vertex 2.12914 42.4708 2
      vertex 3 39.7 2
      vertex 2.41472 42.5423 2
    endloop
  endfacet
  facet normal 0 -0 1
    outer loop
      vertex 0.0144348 2.70595 2
      vertex 3 2.9 2
      vertex 0 3 2
    endloop
  endfacet
  facet normal -0 0 1
    outer loop
      vertex 1.85194 42.3716 2
      vertex 3 39.7 2
      vertex 2.12914 42.4708 2
    endloop
  endfacet
  facet normal 0 0 1
    outer loop
      vertex 3 2.9 2
      vertex 2.70595 0.0144348 2
      vertex 3 0 2
    endloop
  endfacet
  facet normal -0 0 1
    outer loop
      vertex 1.5858 42.2458 2
      vertex 3 39.7 2
      vertex 1.85194 42.3716 2
    endloop
  endfacet
  facet normal 0 0 1
    outer loop
      vertex 3 2.9 2
      vertex 2.41472 0.0576324 2
      vertex 2.70595 0.0144348 2
    endloop
  endfacet
  facet normal -0 0 1
    outer loop
      vertex 1.33328 42.0944 2
      vertex 3 39.7 2
      vertex 1.5858 42.2458 2
    endloop
  endfacet
  facet normal 0 0 1
    outer loop
      vertex 3 2.9 2
      vertex 2.12914 0.129166 2
      vertex 2.41472 0.0576324 2
    endloop
  endfacet
  facet normal -0 0 1
    outer loop
      vertex 1.09682 41.919 2
      vertex 3 39.7 2
      vertex 1.33328 42.0944 2
    endloop
  endfacet
  facet normal 0 0 1
    outer loop
      vertex 3 2.9 2
      vertex 1.85194 0.228348 2
      vertex 2.12914 0.129166 2
    endloop
  endfacet
  facet normal -0 0 1
    outer loop
      vertex 0.878677 41.7213 2
      vertex 3 39.7 2
      vertex 1.09682 41.919 2
    endloop
  endfacet
  facet normal 0 0 1
    outer loop
      vertex 3 2.9 2
      vertex 1.5858 0.354233 2
      vertex 1.85194 0.228348 2
    endloop
  endfacet
  facet normal -0 0 1
    outer loop
      vertex 0.680954 41.5032 2
      vertex 3 39.7 2
      vertex 0.878677 41.7213 2
    endloop
  endfacet
  facet normal 0 0 1
    outer loop
      vertex 3 2.9 2
      vertex 1.33328 0.505585 2
      vertex 1.5858 0.354233 2
    endloop
  endfacet
  facet normal -0 0 1
    outer loop
      vertex 0.505585 41.2667 2
      vertex 3 39.7 2
      vertex 0.680954 41.5032 2
    endloop
  endfacet
  facet normal 0 0 1
    outer loop
      vertex 3 2.9 2
      vertex 1.09682 0.680954 2
      vertex 1.33328 0.505585 2
    endloop
  endfacet
  facet normal -0 0 1
    outer loop
      vertex 0.354233 41.0142 2
      vertex 3 39.7 2
      vertex 0.505585 41.2667 2
    endloop
  endfacet
  facet normal 0 0 1
    outer loop
      vertex 3 2.9 2
      vertex 0.878677 0.878677 2
      vertex 1.09682 0.680954 2
    endloop
  endfacet
  facet normal -0 0 1
    outer loop
      vertex 0.228348 40.748 2
      vertex 3 39.7 2
      vertex 0.354233 41.0142 2
    endloop
  endfacet
  facet normal 0 0 1
    outer loop
      vertex 3 2.9 2
      vertex 0.680954 1.09682 2
      vertex 0.878677 0.878677 2
    endloop
  endfacet
  facet normal -0 0 1
    outer loop
      vertex 0.129166 40.4708 2
      vertex 3 39.7 2
      vertex 0.228348 40.748 2
    endloop
  endfacet
  facet normal 0 0 1
    outer loop
      vertex 3 2.9 2
      vertex 0.505585 1.33328 2
      vertex 0.680954 1.09682 2
    endloop
  endfacet
  facet normal -0 0 1
    outer loop
      vertex 0.0576324 40.1853 2
      vertex 3 39.7 2
      vertex 0.129166 40.4708 2
    endloop
  endfacet
  facet normal 0 0 1
    outer loop
      vertex 3 2.9 2
      vertex 0.354233 1.5858 2
      vertex 0.505585 1.33328 2
    endloop
  endfacet
  facet normal -0 0 1
    outer loop
      vertex 0.0144348 39.894 2
      vertex 3 39.7 2
      vertex 0.0576324 40.1853 2
    endloop
  endfacet
  facet normal 0 0 1
    outer loop
      vertex 3 2.9 2
      vertex 0.228348 1.85194 2
      vertex 0.354233 1.5858 2
    endloop
  endfacet
  facet normal 0 0 1
    outer loop
      vertex 3 39.7 2
      vertex 0.0144348 39.894 2
      vertex 0 39.6 2
    endloop
  endfacet
  facet normal 0 0 1
    outer loop
      vertex 3 2.9 2
      vertex 0.129166 2.12914 2
      vertex 0.228348 1.85194 2
    endloop
  endfacet
  facet normal 0 0 1
    outer loop
      vertex 3 2.9 2
      vertex 0.0576324 2.41472 2
      vertex 0.129166 2.12914 2
    endloop
  endfacet
  facet normal 0 0 1
    outer loop
      vertex 3 2.9 2
      vertex 0.0144348 2.70595 2
      vertex 0.0576324 2.41472 2
    endloop
  endfacet
  facet normal -0 0 1
    outer loop
      vertex 28.02 -0.799999 2
      vertex 49 -2.2 2
      vertex 49 -0.799999 2
    endloop
  endfacet
  facet normal -0 0 1
    outer loop
      vertex 27 11.1 2
      vertex 28.02 0 2
      vertex 27 31.5 2
    endloop
  endfacet
  facet normal -0 0 1
    outer loop
      vertex 27 2.9 2
      vertex 28.02 0 2
      vertex 27 11.1 2
    endloop
  endfacet
  facet normal 0 0 1
    outer loop
      vertex 25 0 2
      vertex 28.02 0 2
      vertex 27 2.9 2
    endloop
  endfacet
  facet normal 0 0 1
    outer loop
      vertex 28.02 0 2
      vertex 25 0 2
      vertex 28.02 -0.799999 2
    endloop
  endfacet
  facet normal 0 0 1
    outer loop
      vertex 28.02 -0.799999 2
      vertex 25 -2.2 2
      vertex 49 -2.2 2
    endloop
  endfacet
  facet normal 0 0 1
    outer loop
      vertex 25 -2.2 2
      vertex 28.02 -0.799999 2
      vertex 25 0 2
    endloop
  endfacet
  facet normal -0 0 1
    outer loop
      vertex 9.98796 12.823 2
      vertex 27 11.1 2
      vertex 10 13.068 2
    endloop
  endfacet
  facet normal -0 0 1
    outer loop
      vertex 9.95196 12.5803 2
      vertex 27 11.1 2
      vertex 9.98796 12.823 2
    endloop
  endfacet
  facet normal -0 0 1
    outer loop
      vertex 9.89235 12.3423 2
      vertex 27 11.1 2
      vertex 9.95196 12.5803 2
    endloop
  endfacet
  facet normal -0 0 1
    outer loop
      vertex 9.8097 12.1113 2
      vertex 27 11.1 2
      vertex 9.89235 12.3423 2
    endloop
  endfacet
  facet normal -0 0 1
    outer loop
      vertex 9.7048 11.8895 2
      vertex 27 11.1 2
      vertex 9.8097 12.1113 2
    endloop
  endfacet
  facet normal -0 0 1
    outer loop
      vertex 9.57867 11.6791 2
      vertex 27 11.1 2
      vertex 9.7048 11.8895 2
    endloop
  endfacet
  facet normal -0 0 1
    outer loop
      vertex 9.43253 11.482 2
      vertex 27 11.1 2
      vertex 9.57867 11.6791 2
    endloop
  endfacet
  facet normal -0 0 1
    outer loop
      vertex 9.26777 11.3002 2
      vertex 27 11.1 2
      vertex 9.43253 11.482 2
    endloop
  endfacet
  facet normal -0 0 1
    outer loop
      vertex 9.08598 11.1355 2
      vertex 27 11.1 2
      vertex 9.26777 11.3002 2
    endloop
  endfacet
  facet normal 0 0 1
    outer loop
      vertex 27 11.1 2
      vertex 9.08598 11.1355 2
      vertex 9.03815 11.1 2
    endloop
  endfacet
  facet normal 0 0 1
    outer loop
      vertex 9.86856 28.9272 2
      vertex 27 31.5 2
      vertex 9.90456 29.1699 2
    endloop
  endfacet
  facet normal 0 0 1
    outer loop
      vertex 9.80895 28.6892 2
      vertex 27 31.5 2
      vertex 9.86856 28.9272 2
    endloop
  endfacet
  facet normal 0 0 1
    outer loop
      vertex 27 11.1 2
      vertex 9.89235 13.7937 2
      vertex 9.95196 13.5557 2
    endloop
  endfacet
  facet normal 0 0 1
    outer loop
      vertex 9.7263 28.4582 2
      vertex 27 31.5 2
      vertex 9.80895 28.6892 2
    endloop
  endfacet
  facet normal 0 0 1
    outer loop
      vertex 27 11.1 2
      vertex 9.8097 14.0247 2
      vertex 9.89235 13.7937 2
    endloop
  endfacet
  facet normal 0 0 1
    outer loop
      vertex 9.6214 28.2364 2
      vertex 27 31.5 2
      vertex 9.7263 28.4582 2
    endloop
  endfacet
  facet normal 0 0 1
    outer loop
      vertex 27 11.1 2
      vertex 9.7048 14.2465 2
      vertex 9.8097 14.0247 2
    endloop
  endfacet
  facet normal 0 0 1
    outer loop
      vertex 9.49527 28.026 2
      vertex 27 31.5 2
      vertex 9.6214 28.2364 2
    endloop
  endfacet
  facet normal 0 0 1
    outer loop
      vertex 27 11.1 2
      vertex 9.57867 14.4569 2
      vertex 9.7048 14.2465 2
    endloop
  endfacet
  facet normal 0 0 1
    outer loop
      vertex 27 31.5 2
      vertex 9.49527 28.026 2
      vertex 9.57867 14.4569 2
    endloop
  endfacet
  facet normal 0 0 1
    outer loop
      vertex 9.49527 28.026 2
      vertex 9.43253 14.654 2
      vertex 9.57867 14.4569 2
    endloop
  endfacet
  facet normal -0 0 1
    outer loop
      vertex 9.34913 27.8289 2
      vertex 9.43253 14.654 2
      vertex 9.49527 28.026 2
    endloop
  endfacet
  facet normal 0 0 1
    outer loop
      vertex 9.34913 27.8289 2
      vertex 9.26777 14.8358 2
      vertex 9.43253 14.654 2
    endloop
  endfacet
  facet normal -0 0 1
    outer loop
      vertex 9.18437 27.6471 2
      vertex 9.26777 14.8358 2
      vertex 9.34913 27.8289 2
    endloop
  endfacet
  facet normal 0 0 1
    outer loop
      vertex 9.18437 27.6471 2
      vertex 9.08598 15.0005 2
      vertex 9.26777 14.8358 2
    endloop
  endfacet
  facet normal -0 0 1
    outer loop
      vertex 9.00258 27.4824 2
      vertex 9.08598 15.0005 2
      vertex 9.18437 27.6471 2
    endloop
  endfacet
  facet normal 0 0 1
    outer loop
      vertex 9.00258 27.4824 2
      vertex 8.88893 15.1467 2
      vertex 9.08598 15.0005 2
    endloop
  endfacet
  facet normal -0 0 1
    outer loop
      vertex 8.80552 27.3362 2
      vertex 8.88893 15.1467 2
      vertex 9.00258 27.4824 2
    endloop
  endfacet
  facet normal 0 0 1
    outer loop
      vertex 8.80552 27.3362 2
      vertex 8.67849 15.2728 2
      vertex 8.88893 15.1467 2
    endloop
  endfacet
  facet normal -0 0 1
    outer loop
      vertex 8.59509 27.2101 2
      vertex 8.67849 15.2728 2
      vertex 8.80552 27.3362 2
    endloop
  endfacet
  facet normal 0 0 1
    outer loop
      vertex 8.59509 27.2101 2
      vertex 8.45671 15.3777 2
      vertex 8.67849 15.2728 2
    endloop
  endfacet
  facet normal -0 0 1
    outer loop
      vertex 8.37331 27.1052 2
      vertex 8.45671 15.3777 2
      vertex 8.59509 27.2101 2
    endloop
  endfacet
  facet normal 0 0 1
    outer loop
      vertex 8.37331 27.1052 2
      vertex 8.22571 15.4604 2
      vertex 8.45671 15.3777 2
    endloop
  endfacet
  facet normal -0 0 1
    outer loop
      vertex 8.14231 27.0225 2
      vertex 8.22571 15.4604 2
      vertex 8.37331 27.1052 2
    endloop
  endfacet
  facet normal 0 0 1
    outer loop
      vertex 8.14231 27.0225 2
      vertex 7.98773 15.52 2
      vertex 8.22571 15.4604 2
    endloop
  endfacet
  facet normal -0 0 1
    outer loop
      vertex 7.90433 26.9629 2
      vertex 7.98773 15.52 2
      vertex 8.14231 27.0225 2
    endloop
  endfacet
  facet normal 0 0 1
    outer loop
      vertex 7.90433 26.9629 2
      vertex 7.74504 15.556 2
      vertex 7.98773 15.52 2
    endloop
  endfacet
  facet normal -0 0 1
    outer loop
      vertex 7.66164 26.9269 2
      vertex 7.74504 15.556 2
      vertex 7.90433 26.9629 2
    endloop
  endfacet
  facet normal 0 0 1
    outer loop
      vertex 7.66164 26.9269 2
      vertex 7.5 15.568 2
      vertex 7.74504 15.556 2
    endloop
  endfacet
  facet normal -0 0 1
    outer loop
      vertex 7.4166 26.9149 2
      vertex 7.5 15.568 2
      vertex 7.66164 26.9269 2
    endloop
  endfacet
  facet normal 0 0 1
    outer loop
      vertex 7.4166 26.9149 2
      vertex 7.25496 15.556 2
      vertex 7.5 15.568 2
    endloop
  endfacet
  facet normal 0 0 1
    outer loop
      vertex 7.17156 26.9269 2
      vertex 7.25496 15.556 2
      vertex 7.4166 26.9149 2
    endloop
  endfacet
  facet normal 0 0 1
    outer loop
      vertex 7.17156 26.9269 2
      vertex 7.01227 15.52 2
      vertex 7.25496 15.556 2
    endloop
  endfacet
  facet normal 0 0 1
    outer loop
      vertex 6.92887 26.9629 2
      vertex 7.01227 15.52 2
      vertex 7.17156 26.9269 2
    endloop
  endfacet
  facet normal 0 0 1
    outer loop
      vertex 6.92887 26.9629 2
      vertex 6.77429 15.4604 2
      vertex 7.01227 15.52 2
    endloop
  endfacet
  facet normal 0 0 1
    outer loop
      vertex 6.69089 27.0225 2
      vertex 6.77429 15.4604 2
      vertex 6.92887 26.9629 2
    endloop
  endfacet
  facet normal 0 0 1
    outer loop
      vertex 6.69089 27.0225 2
      vertex 6.54329 15.3777 2
      vertex 6.77429 15.4604 2
    endloop
  endfacet
  facet normal 0 0 1
    outer loop
      vertex 6.45989 27.1052 2
      vertex 6.54329 15.3777 2
      vertex 6.69089 27.0225 2
    endloop
  endfacet
  facet normal 0 0 1
    outer loop
      vertex 6.45989 27.1052 2
      vertex 6.32151 15.2728 2
      vertex 6.54329 15.3777 2
    endloop
  endfacet
  facet normal 0 0 1
    outer loop
      vertex 6.23811 27.2101 2
      vertex 6.32151 15.2728 2
      vertex 6.45989 27.1052 2
    endloop
  endfacet
  facet normal 0 0 1
    outer loop
      vertex 6.23811 27.2101 2
      vertex 6.11107 15.1467 2
      vertex 6.32151 15.2728 2
    endloop
  endfacet
  facet normal 0 0 1
    outer loop
      vertex 6.02767 27.3362 2
      vertex 6.11107 15.1467 2
      vertex 6.23811 27.2101 2
    endloop
  endfacet
  facet normal 0 0 1
    outer loop
      vertex 6.02767 27.3362 2
      vertex 5.91402 15.0005 2
      vertex 6.11107 15.1467 2
    endloop
  endfacet
  facet normal 0 0 1
    outer loop
      vertex 5.83062 27.4824 2
      vertex 5.91402 15.0005 2
      vertex 6.02767 27.3362 2
    endloop
  endfacet
  facet normal 0 0 1
    outer loop
      vertex 5.83062 27.4824 2
      vertex 5.73223 14.8358 2
      vertex 5.91402 15.0005 2
    endloop
  endfacet
  facet normal 0 0 1
    outer loop
      vertex 5.64883 27.6471 2
      vertex 5.73223 14.8358 2
      vertex 5.83062 27.4824 2
    endloop
  endfacet
  facet normal 0 0 1
    outer loop
      vertex 5.64883 27.6471 2
      vertex 5.56747 14.654 2
      vertex 5.73223 14.8358 2
    endloop
  endfacet
  facet normal 0 0 1
    outer loop
      vertex 5.48407 27.8289 2
      vertex 5.56747 14.654 2
      vertex 5.64883 27.6471 2
    endloop
  endfacet
  facet normal 0 0 1
    outer loop
      vertex 5.48407 27.8289 2
      vertex 5.42133 14.4569 2
      vertex 5.56747 14.654 2
    endloop
  endfacet
  facet normal 0 0 1
    outer loop
      vertex 5.33793 28.026 2
      vertex 5.42133 14.4569 2
      vertex 5.48407 27.8289 2
    endloop
  endfacet
  facet normal 0 0 1
    outer loop
      vertex 5.33793 28.026 2
      vertex 5.2952 14.2465 2
      vertex 5.42133 14.4569 2
    endloop
  endfacet
  facet normal 0 0 1
    outer loop
      vertex 5.2118 28.2364 2
      vertex 5.2952 14.2465 2
      vertex 5.33793 28.026 2
    endloop
  endfacet
  facet normal 0 0 1
    outer loop
      vertex 3 11.1 2
      vertex 5.2952 14.2465 2
      vertex 5.2118 28.2364 2
    endloop
  endfacet
  facet normal 0 0 1
    outer loop
      vertex 5.2952 14.2465 2
      vertex 3 11.1 2
      vertex 5.1903 14.0247 2
    endloop
  endfacet
  facet normal 0 0 1
    outer loop
      vertex 3 31.5 2
      vertex 5.2118 28.2364 2
      vertex 5.1069 28.4582 2
    endloop
  endfacet
  facet normal 0 0 1
    outer loop
      vertex 5.1903 14.0247 2
      vertex 3 11.1 2
      vertex 5.10765 13.7937 2
    endloop
  endfacet
  facet normal 0 0 1
    outer loop
      vertex 3 31.5 2
      vertex 5.1069 28.4582 2
      vertex 5.02425 28.6892 2
    endloop
  endfacet
  facet normal 0 0 1
    outer loop
      vertex 5.10765 13.7937 2
      vertex 3 11.1 2
      vertex 5.04804 13.5557 2
    endloop
  endfacet
  facet normal 0 0 1
    outer loop
      vertex 5.04804 13.5557 2
      vertex 3 11.1 2
      vertex 5.01204 13.313 2
    endloop
  endfacet
  facet normal 0 0 1
    outer loop
      vertex 3 31.5 2
      vertex 5.02425 28.6892 2
      vertex 4.96464 28.9272 2
    endloop
  endfacet
  facet normal 0 0 1
    outer loop
      vertex 3 31.5 2
      vertex 4.96464 28.9272 2
      vertex 4.92864 29.1699 2
    endloop
  endfacet
  facet normal 0 0 1
    outer loop
      vertex 3 31.5 2
      vertex 4.92864 29.1699 2
      vertex 4.9166 29.4149 2
    endloop
  endfacet
  facet normal 0 0 1
    outer loop
      vertex 5.2118 28.2364 2
      vertex 3 31.5 2
      vertex 3 11.1 2
    endloop
  endfacet
  facet normal 0 0 1
    outer loop
      vertex 5.01204 13.313 2
      vertex 3 11.1 2
      vertex 5 13.068 2
    endloop
  endfacet
  facet normal 0 0 1
    outer loop
      vertex 5.91402 11.1355 2
      vertex 3 11.1 2
      vertex 5.96185 11.1 2
    endloop
  endfacet
  facet normal 0 0 1
    outer loop
      vertex 5.73223 11.3002 2
      vertex 3 11.1 2
      vertex 5.91402 11.1355 2
    endloop
  endfacet
  facet normal 0 0 1
    outer loop
      vertex 5.56747 11.482 2
      vertex 3 11.1 2
      vertex 5.73223 11.3002 2
    endloop
  endfacet
  facet normal 0 0 1
    outer loop
      vertex 5.42133 11.6791 2
      vertex 3 11.1 2
      vertex 5.56747 11.482 2
    endloop
  endfacet
  facet normal 0 0 1
    outer loop
      vertex 5.2952 11.8895 2
      vertex 3 11.1 2
      vertex 5.42133 11.6791 2
    endloop
  endfacet
  facet normal 0 0 1
    outer loop
      vertex 5.1903 12.1113 2
      vertex 3 11.1 2
      vertex 5.2952 11.8895 2
    endloop
  endfacet
  facet normal 0 0 1
    outer loop
      vertex 5.10765 12.3423 2
      vertex 3 11.1 2
      vertex 5.1903 12.1113 2
    endloop
  endfacet
  facet normal 0 0 1
    outer loop
      vertex 5.04804 12.5803 2
      vertex 3 11.1 2
      vertex 5.10765 12.3423 2
    endloop
  endfacet
  facet normal 0 0 1
    outer loop
      vertex 5.01204 12.823 2
      vertex 3 11.1 2
      vertex 5.04804 12.5803 2
    endloop
  endfacet
  facet normal 0 0 1
    outer loop
      vertex 5 13.068 2
      vertex 3 11.1 2
      vertex 5.01204 12.823 2
    endloop
  endfacet
  facet normal 0 0 1
    outer loop
      vertex 46.9032 15.3301 2
      vertex 50.4968 15.3301 2
      vertex 46.9679 15.3533 2
    endloop
  endfacet
  facet normal 0 0 1
    outer loop
      vertex 50.4968 15.3301 2
      vertex 46.9032 15.3301 2
      vertex 47 4.4 2
    endloop
  endfacet
  facet normal -0 0 1
    outer loop
      vertex 46.8366 15.3134 2
      vertex 47 4.4 2
      vertex 46.9032 15.3301 2
    endloop
  endfacet
  facet normal -0 0 1
    outer loop
      vertex 46.7686 15.3034 2
      vertex 47 4.4 2
      vertex 46.8366 15.3134 2
    endloop
  endfacet
  facet normal -0 0 1
    outer loop
      vertex 46.7 15.3 2
      vertex 47 4.4 2
      vertex 46.7686 15.3034 2
    endloop
  endfacet
  facet normal 0 0 1
    outer loop
      vertex 46.6314 15.3034 2
      vertex 47 4.4 2
      vertex 46.7 15.3 2
    endloop
  endfacet
  facet normal 0 0 1
    outer loop
      vertex 46.5634 15.3134 2
      vertex 47 4.4 2
      vertex 46.6314 15.3034 2
    endloop
  endfacet
  facet normal 0 0 1
    outer loop
      vertex 46.4968 15.3301 2
      vertex 47 4.4 2
      vertex 46.5634 15.3134 2
    endloop
  endfacet
  facet normal 0 0 1
    outer loop
      vertex 42.9032 15.3301 2
      vertex 46.4968 15.3301 2
      vertex 46.4321 15.3533 2
    endloop
  endfacet
  facet normal 0 0 1
    outer loop
      vertex 42.9679 15.3533 2
      vertex 46.4321 15.3533 2
      vertex 46.37 15.3826 2
    endloop
  endfacet
  facet normal 0 0 1
    outer loop
      vertex 43.03 15.3826 2
      vertex 46.37 15.3826 2
      vertex 46.3111 15.418 2
    endloop
  endfacet
  facet normal 0 0 1
    outer loop
      vertex 43.0889 15.418 2
      vertex 46.3111 15.418 2
      vertex 46.2559 15.4589 2
    endloop
  endfacet
  facet normal 0 0 1
    outer loop
      vertex 43.1441 15.4589 2
      vertex 46.2559 15.4589 2
      vertex 46.205 15.505 2
    endloop
  endfacet
  facet normal 0 0 1
    outer loop
      vertex 43.195 15.505 2
      vertex 46.205 15.505 2
      vertex 46.1589 15.5559 2
    endloop
  endfacet
  facet normal 0 0 1
    outer loop
      vertex 43.2411 15.5559 2
      vertex 46.1589 15.5559 2
      vertex 46.118 15.6111 2
    endloop
  endfacet
  facet normal 0 0 1
    outer loop
      vertex 43.282 15.6111 2
      vertex 46.118 15.6111 2
      vertex 46.0826 15.67 2
    endloop
  endfacet
  facet normal 0 0 1
    outer loop
      vertex 43.3173 15.67 2
      vertex 46.0826 15.67 2
      vertex 46.0533 15.7321 2
    endloop
  endfacet
  facet normal 0 0 1
    outer loop
      vertex 43.3467 15.7321 2
      vertex 46.0533 15.7321 2
      vertex 46.0301 15.7968 2
    endloop
  endfacet
  facet normal 0 0 1
    outer loop
      vertex 43.3699 15.7968 2
      vertex 46.0301 15.7968 2
      vertex 46.0134 15.8634 2
    endloop
  endfacet
  facet normal 0 0 1
    outer loop
      vertex 43.3865 15.8634 2
      vertex 46.0134 15.8634 2
      vertex 46.0034 15.9314 2
    endloop
  endfacet
  facet normal 0 0 1
    outer loop
      vertex 43.4 16 2
      vertex 46 16 2
      vertex 43.4 26.6 2
    endloop
  endfacet
  facet normal 0 0 1
    outer loop
      vertex 46 16 2
      vertex 43.4 16 2
      vertex 46.0034 15.9314 2
    endloop
  endfacet
  facet normal 0 0 1
    outer loop
      vertex 43.3966 15.9314 2
      vertex 46.0034 15.9314 2
      vertex 43.4 16 2
    endloop
  endfacet
  facet normal 0 0 1
    outer loop
      vertex 43.3865 15.8634 2
      vertex 46.0034 15.9314 2
      vertex 43.3966 15.9314 2
    endloop
  endfacet
  facet normal 0 0 1
    outer loop
      vertex 46.0134 15.8634 2
      vertex 43.3865 15.8634 2
      vertex 43.3699 15.7968 2
    endloop
  endfacet
  facet normal 0 0 1
    outer loop
      vertex 46.0301 15.7968 2
      vertex 43.3699 15.7968 2
      vertex 43.3467 15.7321 2
    endloop
  endfacet
  facet normal 0 0 1
    outer loop
      vertex 46.0533 15.7321 2
      vertex 43.3467 15.7321 2
      vertex 43.3173 15.67 2
    endloop
  endfacet
  facet normal 0 0 1
    outer loop
      vertex 46.0826 15.67 2
      vertex 43.3173 15.67 2
      vertex 43.282 15.6111 2
    endloop
  endfacet
  facet normal 0 0 1
    outer loop
      vertex 46.118 15.6111 2
      vertex 43.282 15.6111 2
      vertex 43.2411 15.5559 2
    endloop
  endfacet
  facet normal 0 0 1
    outer loop
      vertex 46.1589 15.5559 2
      vertex 43.2411 15.5559 2
      vertex 43.195 15.505 2
    endloop
  endfacet
  facet normal 0 0 1
    outer loop
      vertex 46.205 15.505 2
      vertex 43.195 15.505 2
      vertex 43.1441 15.4589 2
    endloop
  endfacet
  facet normal 0 0 1
    outer loop
      vertex 46.2559 15.4589 2
      vertex 43.1441 15.4589 2
      vertex 43.0889 15.418 2
    endloop
  endfacet
  facet normal 0 0 1
    outer loop
      vertex 46.3111 15.418 2
      vertex 43.0889 15.418 2
      vertex 43.03 15.3826 2
    endloop
  endfacet
  facet normal 0 0 1
    outer loop
      vertex 46.37 15.3826 2
      vertex 43.03 15.3826 2
      vertex 42.9679 15.3533 2
    endloop
  endfacet
  facet normal 0 0 1
    outer loop
      vertex 46.4321 15.3533 2
      vertex 42.9679 15.3533 2
      vertex 42.9032 15.3301 2
    endloop
  endfacet
  facet normal 0 0 1
    outer loop
      vertex 46.4968 15.3301 2
      vertex 42.9032 15.3301 2
      vertex 47 4.4 2
    endloop
  endfacet
  facet normal -0 0 1
    outer loop
      vertex 42.8366 15.3134 2
      vertex 47 4.4 2
      vertex 42.9032 15.3301 2
    endloop
  endfacet
  facet normal -0 0 1
    outer loop
      vertex 42.7686 15.3034 2
      vertex 47 4.4 2
      vertex 42.8366 15.3134 2
    endloop
  endfacet
  facet normal -0 0 1
    outer loop
      vertex 42.7 15.3 2
      vertex 47 4.4 2
      vertex 42.7686 15.3034 2
    endloop
  endfacet
  facet normal 0 0 1
    outer loop
      vertex 42.6314 15.3034 2
      vertex 47 4.4 2
      vertex 42.7 15.3 2
    endloop
  endfacet
  facet normal 0 0 1
    outer loop
      vertex 42.5634 15.3134 2
      vertex 47 4.4 2
      vertex 42.6314 15.3034 2
    endloop
  endfacet
  facet normal 0 0 1
    outer loop
      vertex 35 4.4 2
      vertex 42.5634 15.3134 2
      vertex 42.4968 15.3301 2
    endloop
  endfacet
  facet normal 0 0 1
    outer loop
      vertex 38.9032 15.3301 2
      vertex 42.4968 15.3301 2
      vertex 42.4321 15.3533 2
    endloop
  endfacet
  facet normal 0 0 1
    outer loop
      vertex 38.9679 15.3533 2
      vertex 42.4321 15.3533 2
      vertex 42.37 15.3826 2
    endloop
  endfacet
  facet normal 0 0 1
    outer loop
      vertex 39.03 15.3826 2
      vertex 42.37 15.3826 2
      vertex 42.3111 15.418 2
    endloop
  endfacet
  facet normal 0 0 1
    outer loop
      vertex 39.0889 15.418 2
      vertex 42.3111 15.418 2
      vertex 42.2559 15.4589 2
    endloop
  endfacet
  facet normal 0 0 1
    outer loop
      vertex 39.1441 15.4589 2
      vertex 42.2559 15.4589 2
      vertex 42.205 15.505 2
    endloop
  endfacet
  facet normal 0 0 1
    outer loop
      vertex 39.195 15.505 2
      vertex 42.205 15.505 2
      vertex 42.1589 15.5559 2
    endloop
  endfacet
  facet normal 0 0 1
    outer loop
      vertex 39.2411 15.5559 2
      vertex 42.1589 15.5559 2
      vertex 42.118 15.6111 2
    endloop
  endfacet
  facet normal 0 0 1
    outer loop
      vertex 39.282 15.6111 2
      vertex 42.118 15.6111 2
      vertex 42.0826 15.67 2
    endloop
  endfacet
  facet normal 0 0 1
    outer loop
      vertex 39.3173 15.67 2
      vertex 42.0826 15.67 2
      vertex 42.0533 15.7321 2
    endloop
  endfacet
  facet normal 0 0 1
    outer loop
      vertex 39.4 16 2
      vertex 42 16 2
      vertex 39.4 26.6 2
    endloop
  endfacet
  facet normal 0 0 1
    outer loop
      vertex 42 16 2
      vertex 39.4 16 2
      vertex 42.0034 15.9314 2
    endloop
  endfacet
  facet normal 0 0 1
    outer loop
      vertex 39.3966 15.9314 2
      vertex 42.0034 15.9314 2
      vertex 39.4 16 2
    endloop
  endfacet
  facet normal 0 0 1
    outer loop
      vertex 42.0034 15.9314 2
      vertex 39.3966 15.9314 2
      vertex 42.0134 15.8634 2
    endloop
  endfacet
  facet normal 0 0 1
    outer loop
      vertex 39.3865 15.8634 2
      vertex 42.0134 15.8634 2
      vertex 39.3966 15.9314 2
    endloop
  endfacet
  facet normal 0 0 1
    outer loop
      vertex 42.0134 15.8634 2
      vertex 39.3865 15.8634 2
      vertex 42.0301 15.7968 2
    endloop
  endfacet
  facet normal 0 0 1
    outer loop
      vertex 39.3699 15.7968 2
      vertex 42.0301 15.7968 2
      vertex 39.3865 15.8634 2
    endloop
  endfacet
  facet normal 0 0 1
    outer loop
      vertex 42.0301 15.7968 2
      vertex 39.3699 15.7968 2
      vertex 42.0533 15.7321 2
    endloop
  endfacet
  facet normal 0 0 1
    outer loop
      vertex 39.3467 15.7321 2
      vertex 42.0533 15.7321 2
      vertex 39.3699 15.7968 2
    endloop
  endfacet
  facet normal 0 0 1
    outer loop
      vertex 39.3173 15.67 2
      vertex 42.0533 15.7321 2
      vertex 39.3467 15.7321 2
    endloop
  endfacet
  facet normal 0 0 1
    outer loop
      vertex 42.0826 15.67 2
      vertex 39.3173 15.67 2
      vertex 39.282 15.6111 2
    endloop
  endfacet
  facet normal 0 0 1
    outer loop
      vertex 42.118 15.6111 2
      vertex 39.282 15.6111 2
      vertex 39.2411 15.5559 2
    endloop
  endfacet
  facet normal 0 0 1
    outer loop
      vertex 42.1589 15.5559 2
      vertex 39.2411 15.5559 2
      vertex 39.195 15.505 2
    endloop
  endfacet
  facet normal 0 0 1
    outer loop
      vertex 42.205 15.505 2
      vertex 39.195 15.505 2
      vertex 39.1441 15.4589 2
    endloop
  endfacet
  facet normal 0 0 1
    outer loop
      vertex 42.2559 15.4589 2
      vertex 39.1441 15.4589 2
      vertex 39.0889 15.418 2
    endloop
  endfacet
  facet normal 0 0 1
    outer loop
      vertex 42.3111 15.418 2
      vertex 39.0889 15.418 2
      vertex 39.03 15.3826 2
    endloop
  endfacet
  facet normal 0 0 1
    outer loop
      vertex 42.37 15.3826 2
      vertex 39.03 15.3826 2
      vertex 38.9679 15.3533 2
    endloop
  endfacet
  facet normal 0 0 1
    outer loop
      vertex 42.4321 15.3533 2
      vertex 38.9679 15.3533 2
      vertex 38.9032 15.3301 2
    endloop
  endfacet
  facet normal 0 0 1
    outer loop
      vertex 42.4968 15.3301 2
      vertex 38.9032 15.3301 2
      vertex 35 4.4 2
    endloop
  endfacet
  facet normal 0 0 1
    outer loop
      vertex 35 4.4 2
      vertex 38.9032 15.3301 2
      vertex 38.8366 15.3134 2
    endloop
  endfacet
  facet normal 0 0 1
    outer loop
      vertex 35 4.4 2
      vertex 38.8366 15.3134 2
      vertex 38.7686 15.3034 2
    endloop
  endfacet
  facet normal 0 0 1
    outer loop
      vertex 35 4.4 2
      vertex 38.7686 15.3034 2
      vertex 38.7 15.3 2
    endloop
  endfacet
  facet normal 0 0 1
    outer loop
      vertex 35 4.4 2
      vertex 38.7 15.3 2
      vertex 38.6314 15.3034 2
    endloop
  endfacet
  facet normal 0 0 1
    outer loop
      vertex 35 4.4 2
      vertex 38.6314 15.3034 2
      vertex 38.5634 15.3134 2
    endloop
  endfacet
  facet normal 0 0 1
    outer loop
      vertex 35 4.4 2
      vertex 38.5634 15.3134 2
      vertex 38.4968 15.3301 2
    endloop
  endfacet
  facet normal 0 0 1
    outer loop
      vertex 35 4.4 2
      vertex 38.4968 15.3301 2
      vertex 38.4321 15.3533 2
    endloop
  endfacet
  facet normal 0 0 1
    outer loop
      vertex 35 4.4 2
      vertex 38.4321 15.3533 2
      vertex 38.37 15.3826 2
    endloop
  endfacet
  facet normal 0 0 1
    outer loop
      vertex 35 4.4 2
      vertex 38.37 15.3826 2
      vertex 38.3111 15.418 2
    endloop
  endfacet
  facet normal 0 0 1
    outer loop
      vertex 35 4.4 2
      vertex 38.3111 15.418 2
      vertex 38.2559 15.4589 2
    endloop
  endfacet
  facet normal 0 0 1
    outer loop
      vertex 35 4.4 2
      vertex 38.2559 15.4589 2
      vertex 38.205 15.505 2
    endloop
  endfacet
  facet normal 0 0 1
    outer loop
      vertex 35 4.4 2
      vertex 38.205 15.505 2
      vertex 38.1589 15.5559 2
    endloop
  endfacet
  facet normal 0 0 1
    outer loop
      vertex 38 26.6 2
      vertex 28.02 42.6 2
      vertex 38 16 2
    endloop
  endfacet
  facet normal 0 0 1
    outer loop
      vertex 42.5634 15.3134 2
      vertex 35 4.4 2
      vertex 47 4.4 2
    endloop
  endfacet
  facet normal 0 0 1
    outer loop
      vertex 38.118 15.6111 2
      vertex 35 4.4 2
      vertex 38.1589 15.5559 2
    endloop
  endfacet
  facet normal 0 0 1
    outer loop
      vertex 38.0826 15.67 2
      vertex 35 4.4 2
      vertex 38.118 15.6111 2
    endloop
  endfacet
  facet normal 0 0 1
    outer loop
      vertex 38.0533 15.7321 2
      vertex 35 4.4 2
      vertex 38.0826 15.67 2
    endloop
  endfacet
  facet normal 0 0 1
    outer loop
      vertex 38.0301 15.7968 2
      vertex 35 4.4 2
      vertex 38.0533 15.7321 2
    endloop
  endfacet
  facet normal 0 0 1
    outer loop
      vertex 38.0134 15.8634 2
      vertex 35 4.4 2
      vertex 38.0301 15.7968 2
    endloop
  endfacet
  facet normal 0 0 1
    outer loop
      vertex 28.02 0 2
      vertex 38.0134 15.8634 2
      vertex 38.0034 15.9314 2
    endloop
  endfacet
  facet normal 0 0 1
    outer loop
      vertex 28.02 0 2
      vertex 38 16 2
      vertex 28.02 42.6 2
    endloop
  endfacet
  facet normal 0 0 1
    outer loop
      vertex 46.9032 27.2698 2
      vertex 50.4968 27.2698 2
      vertex 47 38.2 2
    endloop
  endfacet
  facet normal 0 0 1
    outer loop
      vertex 50.4968 27.2698 2
      vertex 46.9679 27.2467 2
      vertex 47.03 27.2173 2
    endloop
  endfacet
  facet normal 0 0 1
    outer loop
      vertex 50.4968 27.2698 2
      vertex 46.9032 27.2698 2
      vertex 46.9679 27.2467 2
    endloop
  endfacet
  facet normal 0 0 1
    outer loop
      vertex 47 38.2 2
      vertex 46.8366 27.2865 2
      vertex 46.9032 27.2698 2
    endloop
  endfacet
  facet normal 0 0 1
    outer loop
      vertex 47 38.2 2
      vertex 46.7686 27.2966 2
      vertex 46.8366 27.2865 2
    endloop
  endfacet
  facet normal 0 0 1
    outer loop
      vertex 47 38.2 2
      vertex 46.7 27.3 2
      vertex 46.7686 27.2966 2
    endloop
  endfacet
  facet normal 0 0 1
    outer loop
      vertex 47 38.2 2
      vertex 46.6314 27.2966 2
      vertex 46.7 27.3 2
    endloop
  endfacet
  facet normal 0 0 1
    outer loop
      vertex 47 38.2 2
      vertex 46.5634 27.2865 2
      vertex 46.6314 27.2966 2
    endloop
  endfacet
  facet normal 0 0 1
    outer loop
      vertex 47 38.2 2
      vertex 46.4968 27.2698 2
      vertex 46.5634 27.2865 2
    endloop
  endfacet
  facet normal 0 0 1
    outer loop
      vertex 42.9032 27.2698 2
      vertex 46.4968 27.2698 2
      vertex 47 38.2 2
    endloop
  endfacet
  facet normal 0 0 1
    outer loop
      vertex 46.4968 27.2698 2
      vertex 42.9032 27.2698 2
      vertex 46.4321 27.2467 2
    endloop
  endfacet
  facet normal 0 -0 1
    outer loop
      vertex 42.9679 27.2467 2
      vertex 46.4321 27.2467 2
      vertex 42.9032 27.2698 2
    endloop
  endfacet
  facet normal 0 0 1
    outer loop
      vertex 46.4321 27.2467 2
      vertex 42.9679 27.2467 2
      vertex 46.37 27.2173 2
    endloop
  endfacet
  facet normal 0 -0 1
    outer loop
      vertex 43.03 27.2173 2
      vertex 46.37 27.2173 2
      vertex 42.9679 27.2467 2
    endloop
  endfacet
  facet normal 0 -0 1
    outer loop
      vertex 43.0889 27.182 2
      vertex 46.3111 27.182 2
      vertex 43.03 27.2173 2
    endloop
  endfacet
  facet normal 0 0 1
    outer loop
      vertex 46.3111 27.182 2
      vertex 43.0889 27.182 2
      vertex 46.2559 27.1411 2
    endloop
  endfacet
  facet normal 0 -0 1
    outer loop
      vertex 43.1441 27.1411 2
      vertex 46.2559 27.1411 2
      vertex 43.0889 27.182 2
    endloop
  endfacet
  facet normal 0 0 1
    outer loop
      vertex 46.2559 27.1411 2
      vertex 43.1441 27.1411 2
      vertex 46.205 27.095 2
    endloop
  endfacet
  facet normal 0 -0 1
    outer loop
      vertex 43.195 27.095 2
      vertex 46.205 27.095 2
      vertex 43.1441 27.1411 2
    endloop
  endfacet
  facet normal 0 0 1
    outer loop
      vertex 46.205 27.095 2
      vertex 43.195 27.095 2
      vertex 46.1589 27.0441 2
    endloop
  endfacet
  facet normal 0 -0 1
    outer loop
      vertex 43.2411 27.0441 2
      vertex 46.1589 27.0441 2
      vertex 43.195 27.095 2
    endloop
  endfacet
  facet normal 0 0 1
    outer loop
      vertex 46 26.6 2
      vertex 43.4 26.6 2
      vertex 46 16 2
    endloop
  endfacet
  facet normal 0 0 1
    outer loop
      vertex 46.0034 26.6686 2
      vertex 43.4 26.6 2
      vertex 46 26.6 2
    endloop
  endfacet
  facet normal 0 -0 1
    outer loop
      vertex 43.282 26.9889 2
      vertex 46.118 26.9889 2
      vertex 43.2411 27.0441 2
    endloop
  endfacet
  facet normal 0 0 1
    outer loop
      vertex 46.0034 26.6686 2
      vertex 43.3966 26.6686 2
      vertex 43.4 26.6 2
    endloop
  endfacet
  facet normal 0 0 1
    outer loop
      vertex 46.0034 26.6686 2
      vertex 43.3865 26.7366 2
      vertex 43.3966 26.6686 2
    endloop
  endfacet
  facet normal 0 0 1
    outer loop
      vertex 46.0134 26.7366 2
      vertex 43.3865 26.7366 2
      vertex 46.0034 26.6686 2
    endloop
  endfacet
  facet normal 0 -0 1
    outer loop
      vertex 43.3865 26.7366 2
      vertex 46.0134 26.7366 2
      vertex 43.3699 26.8032 2
    endloop
  endfacet
  facet normal 0 0 1
    outer loop
      vertex 46.0301 26.8032 2
      vertex 43.3699 26.8032 2
      vertex 46.0134 26.7366 2
    endloop
  endfacet
  facet normal 0 -0 1
    outer loop
      vertex 43.3699 26.8032 2
      vertex 46.0301 26.8032 2
      vertex 43.3467 26.8679 2
    endloop
  endfacet
  facet normal 0 0 1
    outer loop
      vertex 46.0533 26.8679 2
      vertex 43.3467 26.8679 2
      vertex 46.0301 26.8032 2
    endloop
  endfacet
  facet normal 0 -0 1
    outer loop
      vertex 43.3467 26.8679 2
      vertex 46.0533 26.8679 2
      vertex 43.3173 26.93 2
    endloop
  endfacet
  facet normal 0 0 1
    outer loop
      vertex 46.0826 26.93 2
      vertex 43.3173 26.93 2
      vertex 46.0533 26.8679 2
    endloop
  endfacet
  facet normal 0 -0 1
    outer loop
      vertex 43.3173 26.93 2
      vertex 46.0826 26.93 2
      vertex 43.282 26.9889 2
    endloop
  endfacet
  facet normal 0 0 1
    outer loop
      vertex 46.118 26.9889 2
      vertex 43.282 26.9889 2
      vertex 46.0826 26.93 2
    endloop
  endfacet
  facet normal 0 0 1
    outer loop
      vertex 46.1589 27.0441 2
      vertex 43.2411 27.0441 2
      vertex 46.118 26.9889 2
    endloop
  endfacet
  facet normal 0 0 1
    outer loop
      vertex 46.37 27.2173 2
      vertex 43.03 27.2173 2
      vertex 46.3111 27.182 2
    endloop
  endfacet
  facet normal 0 0 1
    outer loop
      vertex 47 38.2 2
      vertex 42.8366 27.2865 2
      vertex 42.9032 27.2698 2
    endloop
  endfacet
  facet normal 0 0 1
    outer loop
      vertex 47 38.2 2
      vertex 42.7686 27.2966 2
      vertex 42.8366 27.2865 2
    endloop
  endfacet
  facet normal 0 0 1
    outer loop
      vertex 47 38.2 2
      vertex 42.7 27.3 2
      vertex 42.7686 27.2966 2
    endloop
  endfacet
  facet normal 0 0 1
    outer loop
      vertex 47 38.2 2
      vertex 42.6314 27.2966 2
      vertex 42.7 27.3 2
    endloop
  endfacet
  facet normal 0 0 1
    outer loop
      vertex 47 38.2 2
      vertex 42.5634 27.2865 2
      vertex 42.6314 27.2966 2
    endloop
  endfacet
  facet normal -0 0 1
    outer loop
      vertex 35 38.2 2
      vertex 42.5634 27.2865 2
      vertex 47 38.2 2
    endloop
  endfacet
  facet normal 0 0 1
    outer loop
      vertex 42.5634 27.2865 2
      vertex 35 38.2 2
      vertex 42.4968 27.2698 2
    endloop
  endfacet
  facet normal 0 -0 1
    outer loop
      vertex 38.9032 27.2698 2
      vertex 42.4968 27.2698 2
      vertex 35 38.2 2
    endloop
  endfacet
  facet normal 0 0 1
    outer loop
      vertex 42.4968 27.2698 2
      vertex 38.9032 27.2698 2
      vertex 42.4321 27.2467 2
    endloop
  endfacet
  facet normal 0 -0 1
    outer loop
      vertex 38.9679 27.2467 2
      vertex 42.4321 27.2467 2
      vertex 38.9032 27.2698 2
    endloop
  endfacet
  facet normal 0 0 1
    outer loop
      vertex 42.4321 27.2467 2
      vertex 38.9679 27.2467 2
      vertex 42.37 27.2173 2
    endloop
  endfacet
  facet normal 0 -0 1
    outer loop
      vertex 39.03 27.2173 2
      vertex 42.37 27.2173 2
      vertex 38.9679 27.2467 2
    endloop
  endfacet
  facet normal 0 -0 1
    outer loop
      vertex 39.0889 27.182 2
      vertex 42.3111 27.182 2
      vertex 39.03 27.2173 2
    endloop
  endfacet
  facet normal 0 0 1
    outer loop
      vertex 42.3111 27.182 2
      vertex 39.0889 27.182 2
      vertex 42.2559 27.1411 2
    endloop
  endfacet
  facet normal 0 -0 1
    outer loop
      vertex 39.1441 27.1411 2
      vertex 42.2559 27.1411 2
      vertex 39.0889 27.182 2
    endloop
  endfacet
  facet normal 0 0 1
    outer loop
      vertex 42 26.6 2
      vertex 39.4 26.6 2
      vertex 42 16 2
    endloop
  endfacet
  facet normal 0 0 1
    outer loop
      vertex 42.0034 26.6686 2
      vertex 39.4 26.6 2
      vertex 42 26.6 2
    endloop
  endfacet
  facet normal 0 0 1
    outer loop
      vertex 39.3966 26.6686 2
      vertex 42.0034 26.6686 2
      vertex 42.0134 26.7366 2
    endloop
  endfacet
  facet normal 0 0 1
    outer loop
      vertex 39.3865 26.7366 2
      vertex 42.0134 26.7366 2
      vertex 42.0301 26.8032 2
    endloop
  endfacet
  facet normal 0 0 1
    outer loop
      vertex 39.3699 26.8032 2
      vertex 42.0301 26.8032 2
      vertex 42.0533 26.8679 2
    endloop
  endfacet
  facet normal 0 -0 1
    outer loop
      vertex 39.195 27.095 2
      vertex 42.205 27.095 2
      vertex 39.1441 27.1411 2
    endloop
  endfacet
  facet normal 0 0 1
    outer loop
      vertex 42.0034 26.6686 2
      vertex 39.3966 26.6686 2
      vertex 39.4 26.6 2
    endloop
  endfacet
  facet normal 0 0 1
    outer loop
      vertex 42.0134 26.7366 2
      vertex 39.3865 26.7366 2
      vertex 39.3966 26.6686 2
    endloop
  endfacet
  facet normal 0 0 1
    outer loop
      vertex 42.0301 26.8032 2
      vertex 39.3699 26.8032 2
      vertex 39.3865 26.7366 2
    endloop
  endfacet
  facet normal 0 0 1
    outer loop
      vertex 42.0533 26.8679 2
      vertex 39.3467 26.8679 2
      vertex 39.3699 26.8032 2
    endloop
  endfacet
  facet normal 0 0 1
    outer loop
      vertex 42.0533 26.8679 2
      vertex 39.3173 26.93 2
      vertex 39.3467 26.8679 2
    endloop
  endfacet
  facet normal 0 0 1
    outer loop
      vertex 42.0826 26.93 2
      vertex 39.3173 26.93 2
      vertex 42.0533 26.8679 2
    endloop
  endfacet
  facet normal 0 -0 1
    outer loop
      vertex 39.3173 26.93 2
      vertex 42.0826 26.93 2
      vertex 39.282 26.9889 2
    endloop
  endfacet
  facet normal 0 0 1
    outer loop
      vertex 42.118 26.9889 2
      vertex 39.282 26.9889 2
      vertex 42.0826 26.93 2
    endloop
  endfacet
  facet normal 0 -0 1
    outer loop
      vertex 39.282 26.9889 2
      vertex 42.118 26.9889 2
      vertex 39.2411 27.0441 2
    endloop
  endfacet
  facet normal 0 0 1
    outer loop
      vertex 42.1589 27.0441 2
      vertex 39.2411 27.0441 2
      vertex 42.118 26.9889 2
    endloop
  endfacet
  facet normal 0 -0 1
    outer loop
      vertex 39.2411 27.0441 2
      vertex 42.1589 27.0441 2
      vertex 39.195 27.095 2
    endloop
  endfacet
  facet normal 0 0 1
    outer loop
      vertex 42.205 27.095 2
      vertex 39.195 27.095 2
      vertex 42.1589 27.0441 2
    endloop
  endfacet
  facet normal 0 0 1
    outer loop
      vertex 42.2559 27.1411 2
      vertex 39.1441 27.1411 2
      vertex 42.205 27.095 2
    endloop
  endfacet
  facet normal 0 0 1
    outer loop
      vertex 42.37 27.2173 2
      vertex 39.03 27.2173 2
      vertex 42.3111 27.182 2
    endloop
  endfacet
  facet normal 0 0 1
    outer loop
      vertex 38.9032 27.2698 2
      vertex 35 38.2 2
      vertex 38.8366 27.2865 2
    endloop
  endfacet
  facet normal 0 0 1
    outer loop
      vertex 38.8366 27.2865 2
      vertex 35 38.2 2
      vertex 38.7686 27.2966 2
    endloop
  endfacet
  facet normal 0 0 1
    outer loop
      vertex 38.7686 27.2966 2
      vertex 35 38.2 2
      vertex 38.7 27.3 2
    endloop
  endfacet
  facet normal 0 0 1
    outer loop
      vertex 38.7 27.3 2
      vertex 35 38.2 2
      vertex 38.6314 27.2966 2
    endloop
  endfacet
  facet normal 0 0 1
    outer loop
      vertex 38.6314 27.2966 2
      vertex 35 38.2 2
      vertex 38.5634 27.2865 2
    endloop
  endfacet
  facet normal 0 0 1
    outer loop
      vertex 38.5634 27.2865 2
      vertex 35 38.2 2
      vertex 38.4968 27.2698 2
    endloop
  endfacet
  facet normal 0 0 1
    outer loop
      vertex 38.4968 27.2698 2
      vertex 35 38.2 2
      vertex 38.4321 27.2467 2
    endloop
  endfacet
  facet normal 0 0 1
    outer loop
      vertex 38.4321 27.2467 2
      vertex 35 38.2 2
      vertex 38.37 27.2173 2
    endloop
  endfacet
  facet normal 0 0 1
    outer loop
      vertex 38.37 27.2173 2
      vertex 35 38.2 2
      vertex 38.3111 27.182 2
    endloop
  endfacet
  facet normal 0 0 1
    outer loop
      vertex 38.3111 27.182 2
      vertex 35 38.2 2
      vertex 38.2559 27.1411 2
    endloop
  endfacet
  facet normal 0 0 1
    outer loop
      vertex 38.2559 27.1411 2
      vertex 35 38.2 2
      vertex 38.205 27.095 2
    endloop
  endfacet
  facet normal 0 0 1
    outer loop
      vertex 38.0034 26.6686 2
      vertex 28.02 42.6 2
      vertex 38 26.6 2
    endloop
  endfacet
  facet normal 0 0 1
    outer loop
      vertex 38.0134 26.7366 2
      vertex 28.02 42.6 2
      vertex 38.0034 26.6686 2
    endloop
  endfacet
  facet normal 0 0 1
    outer loop
      vertex 28.02 42.6 2
      vertex 38.0134 26.7366 2
      vertex 35 38.2 2
    endloop
  endfacet
  facet normal 0 0 1
    outer loop
      vertex 38.0301 26.8032 2
      vertex 35 38.2 2
      vertex 38.0134 26.7366 2
    endloop
  endfacet
  facet normal 0 0 1
    outer loop
      vertex 38.0533 26.8679 2
      vertex 35 38.2 2
      vertex 38.0301 26.8032 2
    endloop
  endfacet
  facet normal 0 0 1
    outer loop
      vertex 38.0826 26.93 2
      vertex 35 38.2 2
      vertex 38.0533 26.8679 2
    endloop
  endfacet
  facet normal 0 0 1
    outer loop
      vertex 38.118 26.9889 2
      vertex 35 38.2 2
      vertex 38.0826 26.93 2
    endloop
  endfacet
  facet normal 0 0 1
    outer loop
      vertex 38.1589 27.0441 2
      vertex 35 38.2 2
      vertex 38.118 26.9889 2
    endloop
  endfacet
  facet normal 0 0 1
    outer loop
      vertex 38.205 27.095 2
      vertex 35 38.2 2
      vertex 38.1589 27.0441 2
    endloop
  endfacet
  facet normal -0 0 1
    outer loop
      vertex 78.6 15.3 2
      vertex 82 3 2
      vertex 78.6 27.3 2
    endloop
  endfacet
  facet normal 0 0 1
    outer loop
      vertex 79 31.5 2
      vertex 77.6 27.3 2
      vertex 78.6 27.3 2
    endloop
  endfacet
  facet normal 0 0 1
    outer loop
      vertex 77.6 27.3 2
      vertex 55.4 26.6 2
      vertex 77.6 15.3 2
    endloop
  endfacet
  facet normal -0 0 1
    outer loop
      vertex 55 31.5 2
      vertex 77.6 27.3 2
      vertex 79 31.5 2
    endloop
  endfacet
  facet normal 0 0 1
    outer loop
      vertex 77.6 27.3 2
      vertex 55.3966 26.6686 2
      vertex 55.4 26.6 2
    endloop
  endfacet
  facet normal 0 0 1
    outer loop
      vertex 77.6 27.3 2
      vertex 55.3865 26.7366 2
      vertex 55.3966 26.6686 2
    endloop
  endfacet
  facet normal 0 0 1
    outer loop
      vertex 77.6 27.3 2
      vertex 55.3699 26.8032 2
      vertex 55.3865 26.7366 2
    endloop
  endfacet
  facet normal 0 0 1
    outer loop
      vertex 77.6 27.3 2
      vertex 55 31.5 2
      vertex 55.3699 26.8032 2
    endloop
  endfacet
  facet normal 0 0 1
    outer loop
      vertex 55.3699 26.8032 2
      vertex 55 31.5 2
      vertex 55.3467 26.8679 2
    endloop
  endfacet
  facet normal 0 0 1
    outer loop
      vertex 55.3467 26.8679 2
      vertex 55 31.5 2
      vertex 55.3173 26.93 2
    endloop
  endfacet
  facet normal 0 0 1
    outer loop
      vertex 55.3173 26.93 2
      vertex 55 31.5 2
      vertex 55.282 26.9889 2
    endloop
  endfacet
  facet normal 0 0 1
    outer loop
      vertex 55.282 26.9889 2
      vertex 55 31.5 2
      vertex 55.2411 27.0441 2
    endloop
  endfacet
  facet normal 0 0 1
    outer loop
      vertex 55.2411 27.0441 2
      vertex 55 31.5 2
      vertex 55.195 27.095 2
    endloop
  endfacet
  facet normal 0 0 1
    outer loop
      vertex 55.195 27.095 2
      vertex 55 31.5 2
      vertex 55.1441 27.1411 2
    endloop
  endfacet
  facet normal 0 0 1
    outer loop
      vertex 55.1441 27.1411 2
      vertex 55 31.5 2
      vertex 55.0889 27.182 2
    endloop
  endfacet
  facet normal 0 0 1
    outer loop
      vertex 55.0889 27.182 2
      vertex 55 31.5 2
      vertex 55.03 27.2173 2
    endloop
  endfacet
  facet normal 0 0 1
    outer loop
      vertex 55.03 27.2173 2
      vertex 55 31.5 2
      vertex 54.9679 27.2467 2
    endloop
  endfacet
  facet normal 0 0 1
    outer loop
      vertex 79 42.6 2
      vertex 55 39.7 2
      vertex 79 39.7 2
    endloop
  endfacet
  facet normal 0 0 1
    outer loop
      vertex 47 38.2 2
      vertex 55 39.7 2
      vertex 47 39.2 2
    endloop
  endfacet
  facet normal 0 0 1
    outer loop
      vertex 55 31.5 2
      vertex 54.9032 27.2698 2
      vertex 54.9679 27.2467 2
    endloop
  endfacet
  facet normal 0 0 1
    outer loop
      vertex 55 31.5 2
      vertex 54.8366 27.2865 2
      vertex 54.9032 27.2698 2
    endloop
  endfacet
  facet normal 0 0 1
    outer loop
      vertex 55 31.5 2
      vertex 54.7686 27.2966 2
      vertex 54.8366 27.2865 2
    endloop
  endfacet
  facet normal 0 0 1
    outer loop
      vertex 55 31.5 2
      vertex 54.7 27.3 2
      vertex 54.7686 27.2966 2
    endloop
  endfacet
  facet normal 0 0 1
    outer loop
      vertex 55 31.5 2
      vertex 54.6314 27.2966 2
      vertex 54.7 27.3 2
    endloop
  endfacet
  facet normal 0 0 1
    outer loop
      vertex 55 31.5 2
      vertex 54.5634 27.2865 2
      vertex 54.6314 27.2966 2
    endloop
  endfacet
  facet normal 0 0 1
    outer loop
      vertex 55 31.5 2
      vertex 54.4968 27.2698 2
      vertex 54.5634 27.2865 2
    endloop
  endfacet
  facet normal 0 -0 1
    outer loop
      vertex 50.9679 27.2467 2
      vertex 55 31.5 2
      vertex 50.9032 27.2698 2
    endloop
  endfacet
  facet normal 0 0 1
    outer loop
      vertex 55 31.5 2
      vertex 54.4321 27.2467 2
      vertex 54.4968 27.2698 2
    endloop
  endfacet
  facet normal 0 -0 1
    outer loop
      vertex 51.03 27.2173 2
      vertex 55 31.5 2
      vertex 50.9679 27.2467 2
    endloop
  endfacet
  facet normal 0 0 1
    outer loop
      vertex 55 31.5 2
      vertex 54.37 27.2173 2
      vertex 54.4321 27.2467 2
    endloop
  endfacet
  facet normal 0 -0 1
    outer loop
      vertex 51.0889 27.182 2
      vertex 55 31.5 2
      vertex 51.03 27.2173 2
    endloop
  endfacet
  facet normal 0 0 1
    outer loop
      vertex 55 31.5 2
      vertex 54.3111 27.182 2
      vertex 54.37 27.2173 2
    endloop
  endfacet
  facet normal 0 0 1
    outer loop
      vertex 55 31.5 2
      vertex 51.0889 27.182 2
      vertex 54.3111 27.182 2
    endloop
  endfacet
  facet normal 0 0 1
    outer loop
      vertex 54.3111 27.182 2
      vertex 51.0889 27.182 2
      vertex 54.2559 27.1411 2
    endloop
  endfacet
  facet normal 0 0 1
    outer loop
      vertex 54.2559 27.1411 2
      vertex 51.1441 27.1411 2
      vertex 54.205 27.095 2
    endloop
  endfacet
  facet normal 0 -0 1
    outer loop
      vertex 51.195 27.095 2
      vertex 54.205 27.095 2
      vertex 51.1441 27.1411 2
    endloop
  endfacet
  facet normal 0 0 1
    outer loop
      vertex 54.205 27.095 2
      vertex 51.195 27.095 2
      vertex 54.1589 27.0441 2
    endloop
  endfacet
  facet normal 0 -0 1
    outer loop
      vertex 51.2411 27.0441 2
      vertex 54.1589 27.0441 2
      vertex 51.195 27.095 2
    endloop
  endfacet
  facet normal 0 0 1
    outer loop
      vertex 54 26.6 2
      vertex 51.4 26.6 2
      vertex 54 16 2
    endloop
  endfacet
  facet normal 0 0 1
    outer loop
      vertex 54.0034 26.6686 2
      vertex 51.4 26.6 2
      vertex 54 26.6 2
    endloop
  endfacet
  facet normal 0 0 1
    outer loop
      vertex 54.1589 27.0441 2
      vertex 51.2411 27.0441 2
      vertex 54.118 26.9889 2
    endloop
  endfacet
  facet normal 0 0 1
    outer loop
      vertex 54.0034 26.6686 2
      vertex 51.3966 26.6686 2
      vertex 51.4 26.6 2
    endloop
  endfacet
  facet normal 0 0 1
    outer loop
      vertex 54.0034 26.6686 2
      vertex 51.3865 26.7366 2
      vertex 51.3966 26.6686 2
    endloop
  endfacet
  facet normal 0 0 1
    outer loop
      vertex 54.0134 26.7366 2
      vertex 51.3865 26.7366 2
      vertex 54.0034 26.6686 2
    endloop
  endfacet
  facet normal 0 -0 1
    outer loop
      vertex 51.3865 26.7366 2
      vertex 54.0134 26.7366 2
      vertex 51.3699 26.8032 2
    endloop
  endfacet
  facet normal 0 0 1
    outer loop
      vertex 54.0301 26.8032 2
      vertex 51.3699 26.8032 2
      vertex 54.0134 26.7366 2
    endloop
  endfacet
  facet normal 0 -0 1
    outer loop
      vertex 51.3699 26.8032 2
      vertex 54.0301 26.8032 2
      vertex 51.3467 26.8679 2
    endloop
  endfacet
  facet normal 0 0 1
    outer loop
      vertex 54.0533 26.8679 2
      vertex 51.3467 26.8679 2
      vertex 54.0301 26.8032 2
    endloop
  endfacet
  facet normal 0 -0 1
    outer loop
      vertex 51.3467 26.8679 2
      vertex 54.0533 26.8679 2
      vertex 51.3173 26.93 2
    endloop
  endfacet
  facet normal 0 0 1
    outer loop
      vertex 54.0826 26.93 2
      vertex 51.3173 26.93 2
      vertex 54.0533 26.8679 2
    endloop
  endfacet
  facet normal 0 -0 1
    outer loop
      vertex 51.3173 26.93 2
      vertex 54.0826 26.93 2
      vertex 51.282 26.9889 2
    endloop
  endfacet
  facet normal 0 0 1
    outer loop
      vertex 54.118 26.9889 2
      vertex 51.282 26.9889 2
      vertex 54.0826 26.93 2
    endloop
  endfacet
  facet normal 0 -0 1
    outer loop
      vertex 51.282 26.9889 2
      vertex 54.118 26.9889 2
      vertex 51.2411 27.0441 2
    endloop
  endfacet
  facet normal 0 -0 1
    outer loop
      vertex 51.1441 27.1411 2
      vertex 54.2559 27.1411 2
      vertex 51.0889 27.182 2
    endloop
  endfacet
  facet normal 0 0 1
    outer loop
      vertex 55 31.5 2
      vertex 50.8366 27.2865 2
      vertex 50.9032 27.2698 2
    endloop
  endfacet
  facet normal 0 0 1
    outer loop
      vertex 55 31.5 2
      vertex 50.7686 27.2966 2
      vertex 50.8366 27.2865 2
    endloop
  endfacet
  facet normal 0 0 1
    outer loop
      vertex 55 39.7 2
      vertex 47 38.2 2
      vertex 55 31.5 2
    endloop
  endfacet
  facet normal 0 0 1
    outer loop
      vertex 55 31.5 2
      vertex 50.7 27.3 2
      vertex 50.7686 27.2966 2
    endloop
  endfacet
  facet normal 0 0 1
    outer loop
      vertex 55 31.5 2
      vertex 50.6314 27.2966 2
      vertex 50.7 27.3 2
    endloop
  endfacet
  facet normal 0 0 1
    outer loop
      vertex 55 31.5 2
      vertex 50.5634 27.2865 2
      vertex 50.6314 27.2966 2
    endloop
  endfacet
  facet normal 0 0 1
    outer loop
      vertex 55 31.5 2
      vertex 47 38.2 2
      vertex 50.5634 27.2865 2
    endloop
  endfacet
  facet normal 0 0 1
    outer loop
      vertex 50.5634 27.2865 2
      vertex 47 38.2 2
      vertex 50.4968 27.2698 2
    endloop
  endfacet
  facet normal 0 0 1
    outer loop
      vertex 50.4968 27.2698 2
      vertex 47.03 27.2173 2
      vertex 50.4321 27.2467 2
    endloop
  endfacet
  facet normal 0 0 1
    outer loop
      vertex 50.4321 27.2467 2
      vertex 47.03 27.2173 2
      vertex 50.37 27.2173 2
    endloop
  endfacet
  facet normal 0 0 1
    outer loop
      vertex 50.37 27.2173 2
      vertex 47.03 27.2173 2
      vertex 50.3111 27.182 2
    endloop
  endfacet
  facet normal 0 -0 1
    outer loop
      vertex 47.0889 27.182 2
      vertex 50.3111 27.182 2
      vertex 47.03 27.2173 2
    endloop
  endfacet
  facet normal 0 0 1
    outer loop
      vertex 50.3111 27.182 2
      vertex 47.0889 27.182 2
      vertex 50.2559 27.1411 2
    endloop
  endfacet
  facet normal 0 -0 1
    outer loop
      vertex 47.1441 27.1411 2
      vertex 50.2559 27.1411 2
      vertex 47.0889 27.182 2
    endloop
  endfacet
  facet normal 0 0 1
    outer loop
      vertex 50.2559 27.1411 2
      vertex 47.1441 27.1411 2
      vertex 50.205 27.095 2
    endloop
  endfacet
  facet normal 0 0 1
    outer loop
      vertex 50 26.6 2
      vertex 47.4 26.6 2
      vertex 50 16 2
    endloop
  endfacet
  facet normal 0 0 1
    outer loop
      vertex 50.0034 26.6686 2
      vertex 47.4 26.6 2
      vertex 50 26.6 2
    endloop
  endfacet
  facet normal 0 0 1
    outer loop
      vertex 47.3966 26.6686 2
      vertex 50.0034 26.6686 2
      vertex 50.0134 26.7366 2
    endloop
  endfacet
  facet normal 0 0 1
    outer loop
      vertex 47.3865 26.7366 2
      vertex 50.0134 26.7366 2
      vertex 50.0301 26.8032 2
    endloop
  endfacet
  facet normal 0 0 1
    outer loop
      vertex 47.3699 26.8032 2
      vertex 50.0301 26.8032 2
      vertex 50.0533 26.8679 2
    endloop
  endfacet
  facet normal 0 -0 1
    outer loop
      vertex 47.195 27.095 2
      vertex 50.205 27.095 2
      vertex 47.1441 27.1411 2
    endloop
  endfacet
  facet normal 0 0 1
    outer loop
      vertex 50.0034 26.6686 2
      vertex 47.3966 26.6686 2
      vertex 47.4 26.6 2
    endloop
  endfacet
  facet normal 0 0 1
    outer loop
      vertex 50.0134 26.7366 2
      vertex 47.3865 26.7366 2
      vertex 47.3966 26.6686 2
    endloop
  endfacet
  facet normal 0 0 1
    outer loop
      vertex 50.0301 26.8032 2
      vertex 47.3699 26.8032 2
      vertex 47.3865 26.7366 2
    endloop
  endfacet
  facet normal 0 0 1
    outer loop
      vertex 50.0533 26.8679 2
      vertex 47.3467 26.8679 2
      vertex 47.3699 26.8032 2
    endloop
  endfacet
  facet normal 0 0 1
    outer loop
      vertex 50.0533 26.8679 2
      vertex 47.3173 26.93 2
      vertex 47.3467 26.8679 2
    endloop
  endfacet
  facet normal 0 0 1
    outer loop
      vertex 50.0826 26.93 2
      vertex 47.3173 26.93 2
      vertex 50.0533 26.8679 2
    endloop
  endfacet
  facet normal 0 -0 1
    outer loop
      vertex 47.3173 26.93 2
      vertex 50.0826 26.93 2
      vertex 47.282 26.9889 2
    endloop
  endfacet
  facet normal 0 0 1
    outer loop
      vertex 50.118 26.9889 2
      vertex 47.282 26.9889 2
      vertex 50.0826 26.93 2
    endloop
  endfacet
  facet normal 0 -0 1
    outer loop
      vertex 47.282 26.9889 2
      vertex 50.118 26.9889 2
      vertex 47.2411 27.0441 2
    endloop
  endfacet
  facet normal 0 0 1
    outer loop
      vertex 50.1589 27.0441 2
      vertex 47.2411 27.0441 2
      vertex 50.118 26.9889 2
    endloop
  endfacet
  facet normal 0 0 1
    outer loop
      vertex 50.205 27.095 2
      vertex 47.195 27.095 2
      vertex 50.1589 27.0441 2
    endloop
  endfacet
  facet normal 0 -0 1
    outer loop
      vertex 47.2411 27.0441 2
      vertex 50.1589 27.0441 2
      vertex 47.195 27.095 2
    endloop
  endfacet
  facet normal -0 0 1
    outer loop
      vertex 28.02 42.6 2
      vertex 55 39.7 2
      vertex 79 42.6 2
    endloop
  endfacet
  facet normal 0 0 1
    outer loop
      vertex 55 39.7 2
      vertex 28.02 42.6 2
      vertex 47 39.2 2
    endloop
  endfacet
  facet normal 0 0 1
    outer loop
      vertex 28.02 42.6 2
      vertex 35 38.2 2
      vertex 35 39.2 2
    endloop
  endfacet
  facet normal 0 0 1
    outer loop
      vertex 38 16 2
      vertex 28.02 0 2
      vertex 38.0034 15.9314 2
    endloop
  endfacet
  facet normal 0 0 1
    outer loop
      vertex 38.0134 15.8634 2
      vertex 28.02 0 2
      vertex 35 4.4 2
    endloop
  endfacet
  facet normal 0 0 1
    outer loop
      vertex 47 39.2 2
      vertex 28.02 42.6 2
      vertex 35 39.2 2
    endloop
  endfacet
  facet normal -0 0 1
    outer loop
      vertex 79 39.7 2
      vertex 82 39.6 2
      vertex 81.9855 39.894 2
    endloop
  endfacet
  facet normal 0 0 1
    outer loop
      vertex 78.6 27.3 2
      vertex 82 39.6 2
      vertex 79 31.5 2
    endloop
  endfacet
  facet normal 0 0 1
    outer loop
      vertex 79 39.7 2
      vertex 81.9855 39.894 2
      vertex 81.9424 40.1853 2
    endloop
  endfacet
  facet normal 0 0 1
    outer loop
      vertex 82 39.6 2
      vertex 78.6 27.3 2
      vertex 82 3 2
    endloop
  endfacet
  facet normal 0 0 1
    outer loop
      vertex 79 39.7 2
      vertex 81.9424 40.1853 2
      vertex 81.8708 40.4708 2
    endloop
  endfacet
  facet normal 0 0 1
    outer loop
      vertex 79 2.9 2
      vertex 82 3 2
      vertex 79 11.1 2
    endloop
  endfacet
  facet normal 0 0 1
    outer loop
      vertex 79 39.7 2
      vertex 81.8708 40.4708 2
      vertex 81.7716 40.748 2
    endloop
  endfacet
  facet normal 0 0 1
    outer loop
      vertex 82 3 2
      vertex 79 2.9 2
      vertex 81.9855 2.70595 2
    endloop
  endfacet
  facet normal 0 0 1
    outer loop
      vertex 79 39.7 2
      vertex 81.7716 40.748 2
      vertex 81.6458 41.0142 2
    endloop
  endfacet
  facet normal 0 0 1
    outer loop
      vertex 81.9855 2.70595 2
      vertex 79 2.9 2
      vertex 81.9424 2.41472 2
    endloop
  endfacet
  facet normal 0 0 1
    outer loop
      vertex 79 39.7 2
      vertex 81.6458 41.0142 2
      vertex 81.4944 41.2667 2
    endloop
  endfacet
  facet normal 0 0 1
    outer loop
      vertex 81.9424 2.41472 2
      vertex 79 2.9 2
      vertex 81.8708 2.12914 2
    endloop
  endfacet
  facet normal 0 0 1
    outer loop
      vertex 79 39.7 2
      vertex 81.4944 41.2667 2
      vertex 81.319 41.5032 2
    endloop
  endfacet
  facet normal 0 0 1
    outer loop
      vertex 81.8708 2.12914 2
      vertex 79 2.9 2
      vertex 81.7716 1.85194 2
    endloop
  endfacet
  facet normal 0 0 1
    outer loop
      vertex 79 39.7 2
      vertex 81.319 41.5032 2
      vertex 81.1213 41.7213 2
    endloop
  endfacet
  facet normal 0 0 1
    outer loop
      vertex 81.7716 1.85194 2
      vertex 79 2.9 2
      vertex 81.6458 1.5858 2
    endloop
  endfacet
  facet normal 0 0 1
    outer loop
      vertex 79 39.7 2
      vertex 81.1213 41.7213 2
      vertex 80.9032 41.919 2
    endloop
  endfacet
  facet normal 0 0 1
    outer loop
      vertex 81.6458 1.5858 2
      vertex 79 2.9 2
      vertex 81.4944 1.33328 2
    endloop
  endfacet
  facet normal 0 0 1
    outer loop
      vertex 79 39.7 2
      vertex 80.9032 41.919 2
      vertex 80.6667 42.0944 2
    endloop
  endfacet
  facet normal 0 0 1
    outer loop
      vertex 81.4944 1.33328 2
      vertex 79 2.9 2
      vertex 81.319 1.09682 2
    endloop
  endfacet
  facet normal 0 0 1
    outer loop
      vertex 79 39.7 2
      vertex 80.6667 42.0944 2
      vertex 80.4142 42.2458 2
    endloop
  endfacet
  facet normal 0 0 1
    outer loop
      vertex 81.319 1.09682 2
      vertex 79 2.9 2
      vertex 81.1213 0.878677 2
    endloop
  endfacet
  facet normal 0 0 1
    outer loop
      vertex 79 39.7 2
      vertex 80.4142 42.2458 2
      vertex 80.148 42.3716 2
    endloop
  endfacet
  facet normal 0 0 1
    outer loop
      vertex 81.1213 0.878677 2
      vertex 79 2.9 2
      vertex 80.9032 0.680954 2
    endloop
  endfacet
  facet normal 0 0 1
    outer loop
      vertex 79 39.7 2
      vertex 80.148 42.3716 2
      vertex 79.8708 42.4708 2
    endloop
  endfacet
  facet normal 0 0 1
    outer loop
      vertex 80.9032 0.680954 2
      vertex 79 2.9 2
      vertex 80.6667 0.505585 2
    endloop
  endfacet
  facet normal 0 0 1
    outer loop
      vertex 79 39.7 2
      vertex 79.8708 42.4708 2
      vertex 79.5853 42.5423 2
    endloop
  endfacet
  facet normal 0 0 1
    outer loop
      vertex 80.6667 0.505585 2
      vertex 79 2.9 2
      vertex 80.4142 0.354233 2
    endloop
  endfacet
  facet normal 0 0 1
    outer loop
      vertex 79 39.7 2
      vertex 79.5853 42.5423 2
      vertex 79.294 42.5855 2
    endloop
  endfacet
  facet normal 0 0 1
    outer loop
      vertex 80.4142 0.354233 2
      vertex 79 2.9 2
      vertex 80.148 0.228348 2
    endloop
  endfacet
  facet normal 0 0 1
    outer loop
      vertex 79 39.7 2
      vertex 79.294 42.5855 2
      vertex 79 42.6 2
    endloop
  endfacet
  facet normal 0 0 1
    outer loop
      vertex 82 39.6 2
      vertex 79 39.7 2
      vertex 79 31.5 2
    endloop
  endfacet
  facet normal 0 0 1
    outer loop
      vertex 80.148 0.228348 2
      vertex 79 2.9 2
      vertex 79.8708 0.129166 2
    endloop
  endfacet
  facet normal 0 0 1
    outer loop
      vertex 79.8708 0.129166 2
      vertex 79 2.9 2
      vertex 79.5853 0.0576324 2
    endloop
  endfacet
  facet normal 0 0 1
    outer loop
      vertex 79.5853 0.0576324 2
      vertex 79 2.9 2
      vertex 79.294 0.0144348 2
    endloop
  endfacet
  facet normal 0 0 1
    outer loop
      vertex 79 2.9 2
      vertex 79 0 2
      vertex 79.294 0.0144348 2
    endloop
  endfacet
  facet normal -0 0 1
    outer loop
      vertex 55 2.9 2
      vertex 79 0 2
      vertex 79 2.9 2
    endloop
  endfacet
  facet normal -0 0 1
    outer loop
      vertex 54.8366 15.3134 2
      vertex 55 11.1 2
      vertex 54.9032 15.3301 2
    endloop
  endfacet
  facet normal -0 0 1
    outer loop
      vertex 54.7686 15.3034 2
      vertex 55 11.1 2
      vertex 54.8366 15.3134 2
    endloop
  endfacet
  facet normal -0 0 1
    outer loop
      vertex 54.7 15.3 2
      vertex 55 11.1 2
      vertex 54.7686 15.3034 2
    endloop
  endfacet
  facet normal 0 0 1
    outer loop
      vertex 54.6314 15.3034 2
      vertex 55 11.1 2
      vertex 54.7 15.3 2
    endloop
  endfacet
  facet normal 0 0 1
    outer loop
      vertex 54.5634 15.3134 2
      vertex 55 11.1 2
      vertex 54.6314 15.3034 2
    endloop
  endfacet
  facet normal 0 0 1
    outer loop
      vertex 54.4968 15.3301 2
      vertex 55 11.1 2
      vertex 54.5634 15.3134 2
    endloop
  endfacet
  facet normal 0 0 1
    outer loop
      vertex 54.4321 15.3533 2
      vertex 55 11.1 2
      vertex 54.4968 15.3301 2
    endloop
  endfacet
  facet normal 0 0 1
    outer loop
      vertex 54.37 15.3826 2
      vertex 55 11.1 2
      vertex 54.4321 15.3533 2
    endloop
  endfacet
  facet normal 0 0 1
    outer loop
      vertex 54.3111 15.418 2
      vertex 55 11.1 2
      vertex 54.37 15.3826 2
    endloop
  endfacet
  facet normal -0 0 1
    outer loop
      vertex 51.0889 15.418 2
      vertex 55 11.1 2
      vertex 54.3111 15.418 2
    endloop
  endfacet
  facet normal 0 0 1
    outer loop
      vertex 51.0889 15.418 2
      vertex 54.3111 15.418 2
      vertex 54.2559 15.4589 2
    endloop
  endfacet
  facet normal 0 0 1
    outer loop
      vertex 51.1441 15.4589 2
      vertex 54.2559 15.4589 2
      vertex 54.205 15.505 2
    endloop
  endfacet
  facet normal 0 0 1
    outer loop
      vertex 51.195 15.505 2
      vertex 54.205 15.505 2
      vertex 54.1589 15.5559 2
    endloop
  endfacet
  facet normal 0 0 1
    outer loop
      vertex 51.2411 15.5559 2
      vertex 54.1589 15.5559 2
      vertex 54.118 15.6111 2
    endloop
  endfacet
  facet normal 0 0 1
    outer loop
      vertex 51.282 15.6111 2
      vertex 54.118 15.6111 2
      vertex 54.0826 15.67 2
    endloop
  endfacet
  facet normal 0 0 1
    outer loop
      vertex 51.3173 15.67 2
      vertex 54.0826 15.67 2
      vertex 54.0533 15.7321 2
    endloop
  endfacet
  facet normal 0 0 1
    outer loop
      vertex 51.3467 15.7321 2
      vertex 54.0533 15.7321 2
      vertex 54.0301 15.7968 2
    endloop
  endfacet
  facet normal 0 0 1
    outer loop
      vertex 51.3699 15.7968 2
      vertex 54.0301 15.7968 2
      vertex 54.0134 15.8634 2
    endloop
  endfacet
  facet normal 0 0 1
    outer loop
      vertex 51.3865 15.8634 2
      vertex 54.0134 15.8634 2
      vertex 54.0034 15.9314 2
    endloop
  endfacet
  facet normal 0 0 1
    outer loop
      vertex 51.4 16 2
      vertex 54 16 2
      vertex 51.4 26.6 2
    endloop
  endfacet
  facet normal 0 0 1
    outer loop
      vertex 54 16 2
      vertex 51.4 16 2
      vertex 54.0034 15.9314 2
    endloop
  endfacet
  facet normal 0 0 1
    outer loop
      vertex 51.3966 15.9314 2
      vertex 54.0034 15.9314 2
      vertex 51.4 16 2
    endloop
  endfacet
  facet normal 0 0 1
    outer loop
      vertex 51.3865 15.8634 2
      vertex 54.0034 15.9314 2
      vertex 51.3966 15.9314 2
    endloop
  endfacet
  facet normal 0 0 1
    outer loop
      vertex 54.0134 15.8634 2
      vertex 51.3865 15.8634 2
      vertex 51.3699 15.7968 2
    endloop
  endfacet
  facet normal 0 0 1
    outer loop
      vertex 54.0301 15.7968 2
      vertex 51.3699 15.7968 2
      vertex 51.3467 15.7321 2
    endloop
  endfacet
  facet normal 0 0 1
    outer loop
      vertex 54.0533 15.7321 2
      vertex 51.3467 15.7321 2
      vertex 51.3173 15.67 2
    endloop
  endfacet
  facet normal 0 0 1
    outer loop
      vertex 54.0826 15.67 2
      vertex 51.3173 15.67 2
      vertex 51.282 15.6111 2
    endloop
  endfacet
  facet normal 0 0 1
    outer loop
      vertex 54.118 15.6111 2
      vertex 51.282 15.6111 2
      vertex 51.2411 15.5559 2
    endloop
  endfacet
  facet normal 0 0 1
    outer loop
      vertex 54.1589 15.5559 2
      vertex 51.2411 15.5559 2
      vertex 51.195 15.505 2
    endloop
  endfacet
  facet normal 0 0 1
    outer loop
      vertex 54.205 15.505 2
      vertex 51.195 15.505 2
      vertex 51.1441 15.4589 2
    endloop
  endfacet
  facet normal 0 0 1
    outer loop
      vertex 54.2559 15.4589 2
      vertex 51.1441 15.4589 2
      vertex 51.0889 15.418 2
    endloop
  endfacet
  facet normal 0 0 1
    outer loop
      vertex 55 11.1 2
      vertex 51.0889 15.418 2
      vertex 51.03 15.3826 2
    endloop
  endfacet
  facet normal 0 0 1
    outer loop
      vertex 55 11.1 2
      vertex 51.03 15.3826 2
      vertex 50.9679 15.3533 2
    endloop
  endfacet
  facet normal 0 0 1
    outer loop
      vertex 55 11.1 2
      vertex 50.9679 15.3533 2
      vertex 50.9032 15.3301 2
    endloop
  endfacet
  facet normal -0 0 1
    outer loop
      vertex 50.8366 15.3134 2
      vertex 55 11.1 2
      vertex 50.9032 15.3301 2
    endloop
  endfacet
  facet normal -0 0 1
    outer loop
      vertex 50.7686 15.3034 2
      vertex 55 11.1 2
      vertex 50.8366 15.3134 2
    endloop
  endfacet
  facet normal -0 0 1
    outer loop
      vertex 50.7 15.3 2
      vertex 55 11.1 2
      vertex 50.7686 15.3034 2
    endloop
  endfacet
  facet normal 0 0 1
    outer loop
      vertex 50.6314 15.3034 2
      vertex 55 11.1 2
      vertex 50.7 15.3 2
    endloop
  endfacet
  facet normal 0 0 1
    outer loop
      vertex 50.5634 15.3134 2
      vertex 55 11.1 2
      vertex 50.6314 15.3034 2
    endloop
  endfacet
  facet normal 0 0 1
    outer loop
      vertex 55 11.1 2
      vertex 50.5634 15.3134 2
      vertex 47 4.4 2
    endloop
  endfacet
  facet normal 0 0 1
    outer loop
      vertex 47 4.4 2
      vertex 50.5634 15.3134 2
      vertex 50.4968 15.3301 2
    endloop
  endfacet
  facet normal 0 0 1
    outer loop
      vertex 46.9679 15.3533 2
      vertex 50.4321 15.3533 2
      vertex 47.03 15.3826 2
    endloop
  endfacet
  facet normal -0 0 1
    outer loop
      vertex 47.03 15.3826 2
      vertex 50.4321 15.3533 2
      vertex 50.37 15.3826 2
    endloop
  endfacet
  facet normal 0 0 1
    outer loop
      vertex 47.03 15.3826 2
      vertex 50.37 15.3826 2
      vertex 50.3111 15.418 2
    endloop
  endfacet
  facet normal 0 0 1
    outer loop
      vertex 47.0889 15.418 2
      vertex 50.3111 15.418 2
      vertex 50.2559 15.4589 2
    endloop
  endfacet
  facet normal 0 0 1
    outer loop
      vertex 47.1441 15.4589 2
      vertex 50.2559 15.4589 2
      vertex 50.205 15.505 2
    endloop
  endfacet
  facet normal 0 0 1
    outer loop
      vertex 47.195 15.505 2
      vertex 50.205 15.505 2
      vertex 50.1589 15.5559 2
    endloop
  endfacet
  facet normal 0 0 1
    outer loop
      vertex 47.2411 15.5559 2
      vertex 50.1589 15.5559 2
      vertex 50.118 15.6111 2
    endloop
  endfacet
  facet normal 0 0 1
    outer loop
      vertex 47.282 15.6111 2
      vertex 50.118 15.6111 2
      vertex 50.0826 15.67 2
    endloop
  endfacet
  facet normal 0 0 1
    outer loop
      vertex 47.3173 15.67 2
      vertex 50.0826 15.67 2
      vertex 50.0533 15.7321 2
    endloop
  endfacet
  facet normal 0 0 1
    outer loop
      vertex 47.4 16 2
      vertex 50 16 2
      vertex 47.4 26.6 2
    endloop
  endfacet
  facet normal 0 0 1
    outer loop
      vertex 50 16 2
      vertex 47.4 16 2
      vertex 50.0034 15.9314 2
    endloop
  endfacet
  facet normal 0 0 1
    outer loop
      vertex 47.3966 15.9314 2
      vertex 50.0034 15.9314 2
      vertex 47.4 16 2
    endloop
  endfacet
  facet normal 0 0 1
    outer loop
      vertex 50.0034 15.9314 2
      vertex 47.3966 15.9314 2
      vertex 50.0134 15.8634 2
    endloop
  endfacet
  facet normal 0 0 1
    outer loop
      vertex 47.3865 15.8634 2
      vertex 50.0134 15.8634 2
      vertex 47.3966 15.9314 2
    endloop
  endfacet
  facet normal 0 0 1
    outer loop
      vertex 50.0134 15.8634 2
      vertex 47.3865 15.8634 2
      vertex 50.0301 15.7968 2
    endloop
  endfacet
  facet normal 0 0 1
    outer loop
      vertex 47.3699 15.7968 2
      vertex 50.0301 15.7968 2
      vertex 47.3865 15.8634 2
    endloop
  endfacet
  facet normal 0 0 1
    outer loop
      vertex 50.0301 15.7968 2
      vertex 47.3699 15.7968 2
      vertex 50.0533 15.7321 2
    endloop
  endfacet
  facet normal 0 0 1
    outer loop
      vertex 47.3467 15.7321 2
      vertex 50.0533 15.7321 2
      vertex 47.3699 15.7968 2
    endloop
  endfacet
  facet normal 0 0 1
    outer loop
      vertex 47.3173 15.67 2
      vertex 50.0533 15.7321 2
      vertex 47.3467 15.7321 2
    endloop
  endfacet
  facet normal 0 0 1
    outer loop
      vertex 50.0826 15.67 2
      vertex 47.3173 15.67 2
      vertex 47.282 15.6111 2
    endloop
  endfacet
  facet normal 0 0 1
    outer loop
      vertex 50.118 15.6111 2
      vertex 47.282 15.6111 2
      vertex 47.2411 15.5559 2
    endloop
  endfacet
  facet normal 0 0 1
    outer loop
      vertex 50.1589 15.5559 2
      vertex 47.2411 15.5559 2
      vertex 47.195 15.505 2
    endloop
  endfacet
  facet normal 0 0 1
    outer loop
      vertex 50.205 15.505 2
      vertex 47.195 15.505 2
      vertex 47.1441 15.4589 2
    endloop
  endfacet
  facet normal 0 0 1
    outer loop
      vertex 50.2559 15.4589 2
      vertex 47.1441 15.4589 2
      vertex 47.0889 15.418 2
    endloop
  endfacet
  facet normal 0 0 1
    outer loop
      vertex 50.3111 15.418 2
      vertex 47.0889 15.418 2
      vertex 47.03 15.3826 2
    endloop
  endfacet
  facet normal 0 0 1
    outer loop
      vertex 50.4321 15.3533 2
      vertex 46.9679 15.3533 2
      vertex 50.4968 15.3301 2
    endloop
  endfacet
  facet normal 0 0 1
    outer loop
      vertex 55 11.1 2
      vertex 47 4.4 2
      vertex 55 2.9 2
    endloop
  endfacet
  facet normal -0 0 1
    outer loop
      vertex 47 3.4 2
      vertex 55 2.9 2
      vertex 47 4.4 2
    endloop
  endfacet
  facet normal 0 0 1
    outer loop
      vertex 28.02 0 2
      vertex 55 2.9 2
      vertex 47 3.4 2
    endloop
  endfacet
  facet normal 0 0 1
    outer loop
      vertex 28.02 0 2
      vertex 47 3.4 2
      vertex 35 3.4 2
    endloop
  endfacet
  facet normal 0 0 1
    outer loop
      vertex 55 2.9 2
      vertex 28.02 0 2
      vertex 79 0 2
    endloop
  endfacet
  facet normal 0 0 1
    outer loop
      vertex 35 4.4 2
      vertex 28.02 0 2
      vertex 35 3.4 2
    endloop
  endfacet
  facet normal 0 0 1
    outer loop
      vertex 82 3 2
      vertex 78.6 15.3 2
      vertex 79 11.1 2
    endloop
  endfacet
  facet normal -0 0 1
    outer loop
      vertex 77.6 15.3 2
      vertex 79 11.1 2
      vertex 78.6 15.3 2
    endloop
  endfacet
  facet normal -0 0 1
    outer loop
      vertex 55.4 16 2
      vertex 77.6 15.3 2
      vertex 55.4 26.6 2
    endloop
  endfacet
  facet normal -0 0 1
    outer loop
      vertex 55.3966 15.9314 2
      vertex 77.6 15.3 2
      vertex 55.4 16 2
    endloop
  endfacet
  facet normal -0 0 1
    outer loop
      vertex 55.3865 15.8634 2
      vertex 77.6 15.3 2
      vertex 55.3966 15.9314 2
    endloop
  endfacet
  facet normal -0 0 1
    outer loop
      vertex 55.3699 15.7968 2
      vertex 77.6 15.3 2
      vertex 55.3865 15.8634 2
    endloop
  endfacet
  facet normal 0 0 1
    outer loop
      vertex 55 11.1 2
      vertex 77.6 15.3 2
      vertex 55.3699 15.7968 2
    endloop
  endfacet
  facet normal 0 0 1
    outer loop
      vertex 55 11.1 2
      vertex 55.3699 15.7968 2
      vertex 55.3467 15.7321 2
    endloop
  endfacet
  facet normal 0 0 1
    outer loop
      vertex 55 11.1 2
      vertex 55.3467 15.7321 2
      vertex 55.3173 15.67 2
    endloop
  endfacet
  facet normal 0 0 1
    outer loop
      vertex 55 11.1 2
      vertex 55.3173 15.67 2
      vertex 55.282 15.6111 2
    endloop
  endfacet
  facet normal 0 0 1
    outer loop
      vertex 55 11.1 2
      vertex 55.282 15.6111 2
      vertex 55.2411 15.5559 2
    endloop
  endfacet
  facet normal 0 0 1
    outer loop
      vertex 55 11.1 2
      vertex 55.2411 15.5559 2
      vertex 55.195 15.505 2
    endloop
  endfacet
  facet normal 0 0 1
    outer loop
      vertex 55 11.1 2
      vertex 55.195 15.505 2
      vertex 55.1441 15.4589 2
    endloop
  endfacet
  facet normal 0 0 1
    outer loop
      vertex 55 11.1 2
      vertex 55.1441 15.4589 2
      vertex 55.0889 15.418 2
    endloop
  endfacet
  facet normal 0 0 1
    outer loop
      vertex 55 11.1 2
      vertex 55.0889 15.418 2
      vertex 55.03 15.3826 2
    endloop
  endfacet
  facet normal 0 0 1
    outer loop
      vertex 77.6 15.3 2
      vertex 55 11.1 2
      vertex 79 11.1 2
    endloop
  endfacet
  facet normal -0 0 1
    outer loop
      vertex 54.9032 15.3301 2
      vertex 55 11.1 2
      vertex 54.9679 15.3533 2
    endloop
  endfacet
  facet normal -0 0 1
    outer loop
      vertex 54.9679 15.3533 2
      vertex 55 11.1 2
      vertex 55.03 15.3826 2
    endloop
  endfacet
  facet normal -0.904013 0.427505 0
    outer loop
      vertex 0.228348 40.748 0
      vertex 0.354233 41.0142 2
      vertex 0.354233 41.0142 0
    endloop
  endfacet
  facet normal -0.904013 0.427505 0
    outer loop
      vertex 0.354233 41.0142 2
      vertex 0.228348 40.748 0
      vertex 0.228348 40.748 2
    endloop
  endfacet
  facet normal -0.242979 -0.970032 0
    outer loop
      vertex 2.12914 0.129166 0
      vertex 2.41472 0.0576324 2
      vertex 2.12914 0.129166 2
    endloop
  endfacet
  facet normal -0.242979 -0.970032 -0
    outer loop
      vertex 2.41472 0.0576324 2
      vertex 2.12914 0.129166 0
      vertex 2.41472 0.0576324 0
    endloop
  endfacet
  facet normal -0.740935 -0.671577 0
    outer loop
      vertex 0.878677 0.878677 0
      vertex 0.680954 1.09682 2
      vertex 0.680954 1.09682 0
    endloop
  endfacet
  facet normal -0.740935 -0.671577 0
    outer loop
      vertex 0.680954 1.09682 2
      vertex 0.878677 0.878677 0
      vertex 0.878677 0.878677 2
    endloop
  endfacet
  facet normal 0.989226 -0.146398 0
    outer loop
      vertex 81.9424 2.41472 2
      vertex 81.9855 2.70595 0
      vertex 81.9855 2.70595 2
    endloop
  endfacet
  facet normal 0.989226 -0.146398 0
    outer loop
      vertex 81.9855 2.70595 0
      vertex 81.9424 2.41472 2
      vertex 81.9424 2.41472 0
    endloop
  endfacet
  facet normal 0.336939 0.941527 -0
    outer loop
      vertex 80.148 42.3716 0
      vertex 79.8708 42.4708 2
      vertex 80.148 42.3716 2
    endloop
  endfacet
  facet normal 0.336939 0.941527 0
    outer loop
      vertex 79.8708 42.4708 2
      vertex 80.148 42.3716 0
      vertex 79.8708 42.4708 0
    endloop
  endfacet
  facet normal 0 0 -1
    outer loop
      vertex 5.01204 13.313 0
      vertex 4.92864 29.1699 0
      vertex 4.96464 28.9272 0
    endloop
  endfacet
  facet normal -0 0 -1
    outer loop
      vertex 5.01204 13.313 0
      vertex 3 11.1 0
      vertex 4.92864 29.1699 0
    endloop
  endfacet
  facet normal 0 0 -1
    outer loop
      vertex 3 31.5 0
      vertex 4.92864 29.1699 0
      vertex 3 11.1 0
    endloop
  endfacet
  facet normal -0 0 -1
    outer loop
      vertex 5.01204 12.823 0
      vertex 3 11.1 0
      vertex 5 13.068 0
    endloop
  endfacet
  facet normal -0 0 -1
    outer loop
      vertex 5.04804 12.5803 0
      vertex 3 11.1 0
      vertex 5.01204 12.823 0
    endloop
  endfacet
  facet normal -0 0 -1
    outer loop
      vertex 5.10765 12.3423 0
      vertex 3 11.1 0
      vertex 5.04804 12.5803 0
    endloop
  endfacet
  facet normal -0 0 -1
    outer loop
      vertex 5.1903 12.1113 0
      vertex 3 11.1 0
      vertex 5.10765 12.3423 0
    endloop
  endfacet
  facet normal -0 0 -1
    outer loop
      vertex 5.2952 11.8895 0
      vertex 3 11.1 0
      vertex 5.1903 12.1113 0
    endloop
  endfacet
  facet normal -0 0 -1
    outer loop
      vertex 5.42133 11.6791 0
      vertex 3 11.1 0
      vertex 5.2952 11.8895 0
    endloop
  endfacet
  facet normal -0 0 -1
    outer loop
      vertex 5.56747 11.482 0
      vertex 3 11.1 0
      vertex 5.42133 11.6791 0
    endloop
  endfacet
  facet normal -0 0 -1
    outer loop
      vertex 5.73223 11.3002 0
      vertex 3 11.1 0
      vertex 5.56747 11.482 0
    endloop
  endfacet
  facet normal -0 0 -1
    outer loop
      vertex 5.91402 11.1355 0
      vertex 3 11.1 0
      vertex 5.73223 11.3002 0
    endloop
  endfacet
  facet normal 0 0 -1
    outer loop
      vertex 3 11.1 0
      vertex 5.91402 11.1355 0
      vertex 5.96185 11.1 0
    endloop
  endfacet
  facet normal 0 0 -1
    outer loop
      vertex 27 31.5 0
      vertex 9.90456 29.1699 0
      vertex 9.9166 29.4149 0
    endloop
  endfacet
  facet normal 0 0 -1
    outer loop
      vertex 9.7048 14.2465 0
      vertex 27 11.1 0
      vertex 9.8097 14.0247 0
    endloop
  endfacet
  facet normal 0 0 -1
    outer loop
      vertex 27 31.5 0
      vertex 9.86856 28.9272 0
      vertex 9.90456 29.1699 0
    endloop
  endfacet
  facet normal 0 0 -1
    outer loop
      vertex 9.57867 14.4569 0
      vertex 27 11.1 0
      vertex 9.7048 14.2465 0
    endloop
  endfacet
  facet normal 0 0 -1
    outer loop
      vertex 27 31.5 0
      vertex 9.80895 28.6892 0
      vertex 9.86856 28.9272 0
    endloop
  endfacet
  facet normal 0 0 -1
    outer loop
      vertex 27 31.5 0
      vertex 9.7263 28.4582 0
      vertex 9.80895 28.6892 0
    endloop
  endfacet
  facet normal 0 0 -1
    outer loop
      vertex 27 11.1 0
      vertex 9.57867 14.4569 0
      vertex 27 31.5 0
    endloop
  endfacet
  facet normal 0 0 -1
    outer loop
      vertex 27 31.5 0
      vertex 9.6214 28.2364 0
      vertex 9.7263 28.4582 0
    endloop
  endfacet
  facet normal 0 0 -1
    outer loop
      vertex 9.49527 28.026 0
      vertex 27 31.5 0
      vertex 9.57867 14.4569 0
    endloop
  endfacet
  facet normal 0 0 -1
    outer loop
      vertex 27 31.5 0
      vertex 9.49527 28.026 0
      vertex 9.6214 28.2364 0
    endloop
  endfacet
  facet normal 0 0 -1
    outer loop
      vertex 9.43253 14.654 0
      vertex 9.49527 28.026 0
      vertex 9.57867 14.4569 0
    endloop
  endfacet
  facet normal 0 0 -1
    outer loop
      vertex 9.43253 14.654 0
      vertex 9.34913 27.8289 0
      vertex 9.49527 28.026 0
    endloop
  endfacet
  facet normal 0 0 -1
    outer loop
      vertex 9.26777 14.8358 0
      vertex 9.34913 27.8289 0
      vertex 9.43253 14.654 0
    endloop
  endfacet
  facet normal 0 0 -1
    outer loop
      vertex 9.26777 14.8358 0
      vertex 9.18437 27.6471 0
      vertex 9.34913 27.8289 0
    endloop
  endfacet
  facet normal 0 0 -1
    outer loop
      vertex 9.08598 15.0005 0
      vertex 9.18437 27.6471 0
      vertex 9.26777 14.8358 0
    endloop
  endfacet
  facet normal 0 0 -1
    outer loop
      vertex 9.08598 15.0005 0
      vertex 9.00258 27.4824 0
      vertex 9.18437 27.6471 0
    endloop
  endfacet
  facet normal 0 0 -1
    outer loop
      vertex 8.88893 15.1467 0
      vertex 9.00258 27.4824 0
      vertex 9.08598 15.0005 0
    endloop
  endfacet
  facet normal 0 0 -1
    outer loop
      vertex 8.88893 15.1467 0
      vertex 8.80552 27.3362 0
      vertex 9.00258 27.4824 0
    endloop
  endfacet
  facet normal 0 0 -1
    outer loop
      vertex 8.67849 15.2728 0
      vertex 8.80552 27.3362 0
      vertex 8.88893 15.1467 0
    endloop
  endfacet
  facet normal 0 0 -1
    outer loop
      vertex 8.67849 15.2728 0
      vertex 8.59509 27.2101 0
      vertex 8.80552 27.3362 0
    endloop
  endfacet
  facet normal 0 0 -1
    outer loop
      vertex 8.45671 15.3777 0
      vertex 8.59509 27.2101 0
      vertex 8.67849 15.2728 0
    endloop
  endfacet
  facet normal 0 0 -1
    outer loop
      vertex 8.45671 15.3777 0
      vertex 8.37331 27.1052 0
      vertex 8.59509 27.2101 0
    endloop
  endfacet
  facet normal 0 0 -1
    outer loop
      vertex 8.22571 15.4604 0
      vertex 8.37331 27.1052 0
      vertex 8.45671 15.3777 0
    endloop
  endfacet
  facet normal 0 0 -1
    outer loop
      vertex 8.22571 15.4604 0
      vertex 8.14231 27.0225 0
      vertex 8.37331 27.1052 0
    endloop
  endfacet
  facet normal 0 0 -1
    outer loop
      vertex 7.98773 15.52 0
      vertex 8.14231 27.0225 0
      vertex 8.22571 15.4604 0
    endloop
  endfacet
  facet normal 0 0 -1
    outer loop
      vertex 7.98773 15.52 0
      vertex 7.90433 26.9629 0
      vertex 8.14231 27.0225 0
    endloop
  endfacet
  facet normal 0 0 -1
    outer loop
      vertex 7.74504 15.556 0
      vertex 7.90433 26.9629 0
      vertex 7.98773 15.52 0
    endloop
  endfacet
  facet normal 0 0 -1
    outer loop
      vertex 7.74504 15.556 0
      vertex 7.66164 26.9269 0
      vertex 7.90433 26.9629 0
    endloop
  endfacet
  facet normal 0 0 -1
    outer loop
      vertex 7.5 15.568 0
      vertex 7.66164 26.9269 0
      vertex 7.74504 15.556 0
    endloop
  endfacet
  facet normal 0 0 -1
    outer loop
      vertex 7.5 15.568 0
      vertex 7.4166 26.9149 0
      vertex 7.66164 26.9269 0
    endloop
  endfacet
  facet normal 0 0 -1
    outer loop
      vertex 7.25496 15.556 0
      vertex 7.4166 26.9149 0
      vertex 7.5 15.568 0
    endloop
  endfacet
  facet normal 0 0 -1
    outer loop
      vertex 7.25496 15.556 0
      vertex 7.17156 26.9269 0
      vertex 7.4166 26.9149 0
    endloop
  endfacet
  facet normal 0 0 -1
    outer loop
      vertex 7.01227 15.52 0
      vertex 7.17156 26.9269 0
      vertex 7.25496 15.556 0
    endloop
  endfacet
  facet normal 0 0 -1
    outer loop
      vertex 7.01227 15.52 0
      vertex 6.92887 26.9629 0
      vertex 7.17156 26.9269 0
    endloop
  endfacet
  facet normal 0 0 -1
    outer loop
      vertex 6.77429 15.4604 0
      vertex 6.92887 26.9629 0
      vertex 7.01227 15.52 0
    endloop
  endfacet
  facet normal 0 0 -1
    outer loop
      vertex 6.77429 15.4604 0
      vertex 6.69089 27.0225 0
      vertex 6.92887 26.9629 0
    endloop
  endfacet
  facet normal 0 0 -1
    outer loop
      vertex 6.54329 15.3777 0
      vertex 6.69089 27.0225 0
      vertex 6.77429 15.4604 0
    endloop
  endfacet
  facet normal 0 0 -1
    outer loop
      vertex 6.54329 15.3777 0
      vertex 6.45989 27.1052 0
      vertex 6.69089 27.0225 0
    endloop
  endfacet
  facet normal 0 0 -1
    outer loop
      vertex 6.32151 15.2728 0
      vertex 6.45989 27.1052 0
      vertex 6.54329 15.3777 0
    endloop
  endfacet
  facet normal 0 0 -1
    outer loop
      vertex 6.32151 15.2728 0
      vertex 6.23811 27.2101 0
      vertex 6.45989 27.1052 0
    endloop
  endfacet
  facet normal 0 0 -1
    outer loop
      vertex 6.11107 15.1467 0
      vertex 6.23811 27.2101 0
      vertex 6.32151 15.2728 0
    endloop
  endfacet
  facet normal 0 0 -1
    outer loop
      vertex 6.11107 15.1467 0
      vertex 6.02767 27.3362 0
      vertex 6.23811 27.2101 0
    endloop
  endfacet
  facet normal 0 0 -1
    outer loop
      vertex 5.91402 15.0005 0
      vertex 6.02767 27.3362 0
      vertex 6.11107 15.1467 0
    endloop
  endfacet
  facet normal 0 0 -1
    outer loop
      vertex 5.91402 15.0005 0
      vertex 5.83062 27.4824 0
      vertex 6.02767 27.3362 0
    endloop
  endfacet
  facet normal 0 0 -1
    outer loop
      vertex 5.73223 14.8358 0
      vertex 5.83062 27.4824 0
      vertex 5.91402 15.0005 0
    endloop
  endfacet
  facet normal 0 0 -1
    outer loop
      vertex 5.73223 14.8358 0
      vertex 5.64883 27.6471 0
      vertex 5.83062 27.4824 0
    endloop
  endfacet
  facet normal 0 0 -1
    outer loop
      vertex 5.56747 14.654 0
      vertex 5.64883 27.6471 0
      vertex 5.73223 14.8358 0
    endloop
  endfacet
  facet normal 0 0 -1
    outer loop
      vertex 5.56747 14.654 0
      vertex 5.48407 27.8289 0
      vertex 5.64883 27.6471 0
    endloop
  endfacet
  facet normal 0 0 -1
    outer loop
      vertex 5.42133 14.4569 0
      vertex 5.48407 27.8289 0
      vertex 5.56747 14.654 0
    endloop
  endfacet
  facet normal 0 0 -1
    outer loop
      vertex 5.42133 14.4569 0
      vertex 5.33793 28.026 0
      vertex 5.48407 27.8289 0
    endloop
  endfacet
  facet normal 0 0 -1
    outer loop
      vertex 5.2952 14.2465 0
      vertex 5.33793 28.026 0
      vertex 5.42133 14.4569 0
    endloop
  endfacet
  facet normal 0 0 -1
    outer loop
      vertex 5.2952 14.2465 0
      vertex 5.2118 28.2364 0
      vertex 5.33793 28.026 0
    endloop
  endfacet
  facet normal 0 0 -1
    outer loop
      vertex 5.1903 14.0247 0
      vertex 5.2118 28.2364 0
      vertex 5.2952 14.2465 0
    endloop
  endfacet
  facet normal 0 0 -1
    outer loop
      vertex 5.1069 28.4582 0
      vertex 5.1903 14.0247 0
      vertex 5.10765 13.7937 0
    endloop
  endfacet
  facet normal 0 0 -1
    outer loop
      vertex 5.1903 14.0247 0
      vertex 5.1069 28.4582 0
      vertex 5.2118 28.2364 0
    endloop
  endfacet
  facet normal 0 0 -1
    outer loop
      vertex 5.02425 28.6892 0
      vertex 5.10765 13.7937 0
      vertex 5.04804 13.5557 0
    endloop
  endfacet
  facet normal 0 0 -1
    outer loop
      vertex 5.10765 13.7937 0
      vertex 5.02425 28.6892 0
      vertex 5.1069 28.4582 0
    endloop
  endfacet
  facet normal 0 0 -1
    outer loop
      vertex 4.96464 28.9272 0
      vertex 5.04804 13.5557 0
      vertex 5.01204 13.313 0
    endloop
  endfacet
  facet normal 0 0 -1
    outer loop
      vertex 3 11.1 0
      vertex 5.01204 13.313 0
      vertex 5 13.068 0
    endloop
  endfacet
  facet normal 0 0 -1
    outer loop
      vertex 5.04804 13.5557 0
      vertex 4.96464 28.9272 0
      vertex 5.02425 28.6892 0
    endloop
  endfacet
  facet normal 0 0 -1
    outer loop
      vertex 3 39.7 0
      vertex 25 42.6 0
      vertex 27 39.7 0
    endloop
  endfacet
  facet normal -0 0 -1
    outer loop
      vertex 25 42.6 0
      vertex 3 39.7 0
      vertex 3 42.6 0
    endloop
  endfacet
  facet normal 0 0 -1
    outer loop
      vertex 3.8 32.3 0
      vertex 27 38.9 0
      vertex 27 32.3 0
    endloop
  endfacet
  facet normal -0 0 -1
    outer loop
      vertex 27 38.9 0
      vertex 3.8 32.3 0
      vertex 3.8 38.9 0
    endloop
  endfacet
  facet normal 0 0 -1
    outer loop
      vertex 9.98796 13.313 0
      vertex 27 11.1 0
      vertex 10 13.068 0
    endloop
  endfacet
  facet normal 0 0 -1
    outer loop
      vertex 27 11.1 0
      vertex 9.98796 12.823 0
      vertex 10 13.068 0
    endloop
  endfacet
  facet normal 0 0 -1
    outer loop
      vertex 27 11.1 0
      vertex 9.95196 12.5803 0
      vertex 9.98796 12.823 0
    endloop
  endfacet
  facet normal 0 0 -1
    outer loop
      vertex 27 11.1 0
      vertex 9.89235 12.3423 0
      vertex 9.95196 12.5803 0
    endloop
  endfacet
  facet normal 0 0 -1
    outer loop
      vertex 27 11.1 0
      vertex 9.8097 12.1113 0
      vertex 9.89235 12.3423 0
    endloop
  endfacet
  facet normal 0 0 -1
    outer loop
      vertex 27 11.1 0
      vertex 9.7048 11.8895 0
      vertex 9.8097 12.1113 0
    endloop
  endfacet
  facet normal 0 0 -1
    outer loop
      vertex 27 11.1 0
      vertex 9.57867 11.6791 0
      vertex 9.7048 11.8895 0
    endloop
  endfacet
  facet normal 0 0 -1
    outer loop
      vertex 27 11.1 0
      vertex 9.43253 11.482 0
      vertex 9.57867 11.6791 0
    endloop
  endfacet
  facet normal 0 0 -1
    outer loop
      vertex 27 11.1 0
      vertex 9.26777 11.3002 0
      vertex 9.43253 11.482 0
    endloop
  endfacet
  facet normal 0 0 -1
    outer loop
      vertex 27 11.1 0
      vertex 9.08598 11.1355 0
      vertex 9.26777 11.3002 0
    endloop
  endfacet
  facet normal 0 -0 -1
    outer loop
      vertex 9.08598 11.1355 0
      vertex 27 11.1 0
      vertex 9.03815 11.1 0
    endloop
  endfacet
  facet normal 0 0 -1
    outer loop
      vertex 3.8 3.7 0
      vertex 27 10.3 0
      vertex 27 3.7 0
    endloop
  endfacet
  facet normal -0 0 -1
    outer loop
      vertex 27 10.3 0
      vertex 3.8 3.7 0
      vertex 3.8 10.3 0
    endloop
  endfacet
  facet normal 0 0 -1
    outer loop
      vertex 49 -4.20001 0
      vertex 49.6 -4.8 0
      vertex 49.4258 -4.77417 0
    endloop
  endfacet
  facet normal 0 0 -1
    outer loop
      vertex 49 -2.78001 0
      vertex 49.6 -4.8 0
      vertex 49 -4.20001 0
    endloop
  endfacet
  facet normal 0 0 -1
    outer loop
      vertex 49 -4.20001 0
      vertex 49.4258 -4.77417 0
      vertex 49.3704 -4.75433 0
    endloop
  endfacet
  facet normal 0 0 -1
    outer loop
      vertex 49.6 -4.8 0
      vertex 49 -2.78001 0
      vertex 49.4491 -2.2 0
    endloop
  endfacet
  facet normal 0 0 -1
    outer loop
      vertex 49 -4.20001 0
      vertex 49.3704 -4.75433 0
      vertex 49.3172 -4.72915 0
    endloop
  endfacet
  facet normal 0 -0 -1
    outer loop
      vertex 49.3704 -2.22567 0
      vertex 49.4491 -2.2 0
      vertex 49 -2.78001 0
    endloop
  endfacet
  facet normal 0 0 -1
    outer loop
      vertex 49 -4.20001 0
      vertex 49.3172 -4.72915 0
      vertex 49.2666 -4.69889 0
    endloop
  endfacet
  facet normal 0 0 -1
    outer loop
      vertex 49.4491 -2.2 0
      vertex 49.3704 -2.22567 0
      vertex 49.4258 -2.20584 0
    endloop
  endfacet
  facet normal 0 0 -1
    outer loop
      vertex 49 -4.20001 0
      vertex 49.2666 -4.69889 0
      vertex 49.2194 -4.66381 0
    endloop
  endfacet
  facet normal 0 0 -1
    outer loop
      vertex 49.3704 -2.22567 0
      vertex 49 -2.78001 0
      vertex 49.3172 -2.25085 0
    endloop
  endfacet
  facet normal 0 0 -1
    outer loop
      vertex 49 -4.20001 0
      vertex 49.2194 -4.66381 0
      vertex 49.1757 -4.62426 0
    endloop
  endfacet
  facet normal 0 0 -1
    outer loop
      vertex 49.3172 -2.25085 0
      vertex 49 -2.78001 0
      vertex 49.2666 -2.28112 0
    endloop
  endfacet
  facet normal 0 0 -1
    outer loop
      vertex 49 -4.20001 0
      vertex 49.1757 -4.62426 0
      vertex 49.1362 -4.58064 0
    endloop
  endfacet
  facet normal 0 0 -1
    outer loop
      vertex 49.2666 -2.28112 0
      vertex 49 -2.78001 0
      vertex 49.2194 -2.3162 0
    endloop
  endfacet
  facet normal 0 0 -1
    outer loop
      vertex 49 -4.20001 0
      vertex 49.1362 -4.58064 0
      vertex 49.1011 -4.53335 0
    endloop
  endfacet
  facet normal 0 0 -1
    outer loop
      vertex 49.2194 -2.3162 0
      vertex 49 -2.78001 0
      vertex 49.1757 -2.35574 0
    endloop
  endfacet
  facet normal 0 0 -1
    outer loop
      vertex 49 -4.20001 0
      vertex 49.1011 -4.53335 0
      vertex 49.0708 -4.48285 0
    endloop
  endfacet
  facet normal 0 0 -1
    outer loop
      vertex 49.1757 -2.35574 0
      vertex 49 -2.78001 0
      vertex 49.1362 -2.39936 0
    endloop
  endfacet
  facet normal 0 0 -1
    outer loop
      vertex 49 -4.20001 0
      vertex 49.0708 -4.48285 0
      vertex 49.0457 -4.42962 0
    endloop
  endfacet
  facet normal 0 0 -1
    outer loop
      vertex 49.1362 -2.39936 0
      vertex 49 -2.78001 0
      vertex 49.1011 -2.44667 0
    endloop
  endfacet
  facet normal 0 0 -1
    outer loop
      vertex 49 -4.20001 0
      vertex 49.0457 -4.42962 0
      vertex 49.0258 -4.37417 0
    endloop
  endfacet
  facet normal 0 0 -1
    outer loop
      vertex 49.1011 -2.44667 0
      vertex 49 -2.78001 0
      vertex 49.0708 -2.49717 0
    endloop
  endfacet
  facet normal 0 0 -1
    outer loop
      vertex 49 -4.20001 0
      vertex 49.0258 -4.37417 0
      vertex 49.0115 -4.31706 0
    endloop
  endfacet
  facet normal 0 0 -1
    outer loop
      vertex 49.0708 -2.49717 0
      vertex 49 -2.78001 0
      vertex 49.0457 -2.5504 0
    endloop
  endfacet
  facet normal 0 0 -1
    outer loop
      vertex 49 -4.20001 0
      vertex 49.0115 -4.31706 0
      vertex 49.0029 -4.25882 0
    endloop
  endfacet
  facet normal 0 0 -1
    outer loop
      vertex 49.0457 -2.5504 0
      vertex 49 -2.78001 0
      vertex 49.0258 -2.60583 0
    endloop
  endfacet
  facet normal 0 0 -1
    outer loop
      vertex 49.0258 -2.60583 0
      vertex 49 -2.78001 0
      vertex 49.0115 -2.66296 0
    endloop
  endfacet
  facet normal 0 0 -1
    outer loop
      vertex 49.0115 -2.66296 0
      vertex 49 -2.78001 0
      vertex 49.0029 -2.7212 0
    endloop
  endfacet
  facet normal 0 0 -1
    outer loop
      vertex 53.4 -4.8 0
      vertex 54 -4.20001 0
      vertex 53.9971 -4.25882 0
    endloop
  endfacet
  facet normal -0 0 -1
    outer loop
      vertex 54 -4.20001 0
      vertex 53.4 -4.8 0
      vertex 54 -2.78001 0
    endloop
  endfacet
  facet normal 0 0 -1
    outer loop
      vertex 53.4 -4.8 0
      vertex 53.9971 -4.25882 0
      vertex 53.9885 -4.31706 0
    endloop
  endfacet
  facet normal 0 -0 -1
    outer loop
      vertex 53.5508 -2.2 0
      vertex 54 -2.78001 0
      vertex 53.4 -4.8 0
    endloop
  endfacet
  facet normal 0 0 -1
    outer loop
      vertex 53.4 -4.8 0
      vertex 53.9885 -4.31706 0
      vertex 53.9742 -4.37417 0
    endloop
  endfacet
  facet normal 0 0 -1
    outer loop
      vertex 54 -2.78001 0
      vertex 53.5508 -2.2 0
      vertex 53.9971 -2.7212 0
    endloop
  endfacet
  facet normal 0 0 -1
    outer loop
      vertex 53.4 -4.8 0
      vertex 53.9742 -4.37417 0
      vertex 53.9543 -4.42962 0
    endloop
  endfacet
  facet normal 0 0 -1
    outer loop
      vertex 53.9971 -2.7212 0
      vertex 53.5508 -2.2 0
      vertex 53.9885 -2.66296 0
    endloop
  endfacet
  facet normal 0 0 -1
    outer loop
      vertex 53.4 -4.8 0
      vertex 53.9543 -4.42962 0
      vertex 53.9291 -4.48285 0
    endloop
  endfacet
  facet normal 0 0 -1
    outer loop
      vertex 53.9885 -2.66296 0
      vertex 53.5508 -2.2 0
      vertex 53.9742 -2.60583 0
    endloop
  endfacet
  facet normal 0 0 -1
    outer loop
      vertex 53.4 -4.8 0
      vertex 53.9291 -4.48285 0
      vertex 53.8989 -4.53335 0
    endloop
  endfacet
  facet normal 0 0 -1
    outer loop
      vertex 53.9742 -2.60583 0
      vertex 53.5508 -2.2 0
      vertex 53.9543 -2.5504 0
    endloop
  endfacet
  facet normal 0 0 -1
    outer loop
      vertex 53.4 -4.8 0
      vertex 53.8989 -4.53335 0
      vertex 53.8638 -4.58064 0
    endloop
  endfacet
  facet normal 0 0 -1
    outer loop
      vertex 53.9543 -2.5504 0
      vertex 53.5508 -2.2 0
      vertex 53.9291 -2.49717 0
    endloop
  endfacet
  facet normal 0 0 -1
    outer loop
      vertex 53.4 -4.8 0
      vertex 53.8638 -4.58064 0
      vertex 53.8242 -4.62426 0
    endloop
  endfacet
  facet normal 0 0 -1
    outer loop
      vertex 53.9291 -2.49717 0
      vertex 53.5508 -2.2 0
      vertex 53.8989 -2.44667 0
    endloop
  endfacet
  facet normal 0 0 -1
    outer loop
      vertex 53.4 -4.8 0
      vertex 53.8242 -4.62426 0
      vertex 53.7806 -4.66381 0
    endloop
  endfacet
  facet normal 0 0 -1
    outer loop
      vertex 53.8989 -2.44667 0
      vertex 53.5508 -2.2 0
      vertex 53.8638 -2.39936 0
    endloop
  endfacet
  facet normal 0 0 -1
    outer loop
      vertex 53.4 -4.8 0
      vertex 53.7806 -4.66381 0
      vertex 53.7333 -4.69889 0
    endloop
  endfacet
  facet normal 0 0 -1
    outer loop
      vertex 53.8638 -2.39936 0
      vertex 53.5508 -2.2 0
      vertex 53.8242 -2.35574 0
    endloop
  endfacet
  facet normal 0 0 -1
    outer loop
      vertex 53.4 -4.8 0
      vertex 53.7333 -4.69889 0
      vertex 53.6828 -4.72915 0
    endloop
  endfacet
  facet normal 0 0 -1
    outer loop
      vertex 53.8242 -2.35574 0
      vertex 53.5508 -2.2 0
      vertex 53.7806 -2.3162 0
    endloop
  endfacet
  facet normal 0 0 -1
    outer loop
      vertex 53.4 -4.8 0
      vertex 53.6828 -4.72915 0
      vertex 53.6296 -4.75433 0
    endloop
  endfacet
  facet normal 0 0 -1
    outer loop
      vertex 53.7806 -2.3162 0
      vertex 53.5508 -2.2 0
      vertex 53.7333 -2.28112 0
    endloop
  endfacet
  facet normal 0 0 -1
    outer loop
      vertex 53.4 -4.8 0
      vertex 53.6296 -4.75433 0
      vertex 53.5742 -4.77417 0
    endloop
  endfacet
  facet normal 0 0 -1
    outer loop
      vertex 53.7333 -2.28112 0
      vertex 53.5508 -2.2 0
      vertex 53.6828 -2.25085 0
    endloop
  endfacet
  facet normal 0 0 -1
    outer loop
      vertex 53.6828 -2.25085 0
      vertex 53.5508 -2.2 0
      vertex 53.6296 -2.22567 0
    endloop
  endfacet
  facet normal 0 0 -1
    outer loop
      vertex 53.4 -4.8 0
      vertex 53.5742 -4.77417 0
      vertex 53.517 -4.78848 0
    endloop
  endfacet
  facet normal 0 0 -1
    outer loop
      vertex 53.5508 -2.2 0
      vertex 54 -0.799999 0
      vertex 54 -2.2 0
    endloop
  endfacet
  facet normal 0 0 -1
    outer loop
      vertex 53.4 -4.8 0
      vertex 53.517 -4.78848 0
      vertex 53.4588 -4.79712 0
    endloop
  endfacet
  facet normal 0 0 -1
    outer loop
      vertex 53.6296 -2.22567 0
      vertex 53.5508 -2.2 0
      vertex 53.5742 -2.20584 0
    endloop
  endfacet
  facet normal 0 0 -1
    outer loop
      vertex 49.6 -4.8 0
      vertex 53.5508 -2.2 0
      vertex 53.4 -4.8 0
    endloop
  endfacet
  facet normal 0 0 -1
    outer loop
      vertex 49.4491 -2.2 0
      vertex 53.5508 -2.2 0
      vertex 49.6 -4.8 0
    endloop
  endfacet
  facet normal 0 0 -1
    outer loop
      vertex 49.4829 -4.78848 0
      vertex 49.6 -4.8 0
      vertex 49.5412 -4.79712 0
    endloop
  endfacet
  facet normal 0 0 -1
    outer loop
      vertex 49.4258 -4.77417 0
      vertex 49.6 -4.8 0
      vertex 49.4829 -4.78848 0
    endloop
  endfacet
  facet normal 0 0 -1
    outer loop
      vertex 53.5508 -2.2 0
      vertex 49.4491 -2.2 0
      vertex 54 -0.799999 0
    endloop
  endfacet
  facet normal 0 0 -1
    outer loop
      vertex 49.4491 -2.2 0
      vertex 28.02 -0.799999 0
      vertex 54 -0.799999 0
    endloop
  endfacet
  facet normal 0 0 -1
    outer loop
      vertex 25 0 0
      vertex 28.02 0 0
      vertex 28.02 -0.799999 0
    endloop
  endfacet
  facet normal 0 0 -1
    outer loop
      vertex 28.02 0 0
      vertex 27 11.1 0
      vertex 28.02 42.6 0
    endloop
  endfacet
  facet normal 0 0 -1
    outer loop
      vertex 28.02 0 0
      vertex 27 2.9 0
      vertex 27 3.7 0
    endloop
  endfacet
  facet normal 0 0 -1
    outer loop
      vertex 25 -2.2 0
      vertex 28.02 -0.799999 0
      vertex 49.4491 -2.2 0
    endloop
  endfacet
  facet normal 0 0 -1
    outer loop
      vertex 25 0 0
      vertex 28.02 -0.799999 0
      vertex 25 -2.2 0
    endloop
  endfacet
  facet normal 0 0 -1
    outer loop
      vertex 28.02 0 0
      vertex 25 0 0
      vertex 27 2.9 0
    endloop
  endfacet
  facet normal 0 0 -1
    outer loop
      vertex 3 2.9 0
      vertex 25 0 0
      vertex 3 0 0
    endloop
  endfacet
  facet normal 0 0 -1
    outer loop
      vertex 25 0 0
      vertex 3 2.9 0
      vertex 27 2.9 0
    endloop
  endfacet
  facet normal 0 0 -1
    outer loop
      vertex 2.70595 0.0144348 0
      vertex 3 2.9 0
      vertex 3 0 0
    endloop
  endfacet
  facet normal 0 0 -1
    outer loop
      vertex 3 2.9 0
      vertex 0 3 0
      vertex 3 11.1 0
    endloop
  endfacet
  facet normal -0 0 -1
    outer loop
      vertex 3 11.1 0
      vertex 0 3 0
      vertex 3 31.5 0
    endloop
  endfacet
  facet normal 0 0 -1
    outer loop
      vertex 0 39.6 0
      vertex 3 31.5 0
      vertex 0 3 0
    endloop
  endfacet
  facet normal 0 0 -1
    outer loop
      vertex 2.41472 0.0576324 0
      vertex 3 2.9 0
      vertex 2.70595 0.0144348 0
    endloop
  endfacet
  facet normal 0 0 -1
    outer loop
      vertex 3 31.5 0
      vertex 0 39.6 0
      vertex 3 39.7 0
    endloop
  endfacet
  facet normal 0 0 -1
    outer loop
      vertex 2.12914 0.129166 0
      vertex 3 2.9 0
      vertex 2.41472 0.0576324 0
    endloop
  endfacet
  facet normal 0 -0 -1
    outer loop
      vertex 0.0144348 39.894 0
      vertex 3 39.7 0
      vertex 0 39.6 0
    endloop
  endfacet
  facet normal 0 0 -1
    outer loop
      vertex 1.85194 0.228348 0
      vertex 3 2.9 0
      vertex 2.12914 0.129166 0
    endloop
  endfacet
  facet normal 0 0 -1
    outer loop
      vertex 3 39.7 0
      vertex 2.70595 42.5855 0
      vertex 3 42.6 0
    endloop
  endfacet
  facet normal 0 0 -1
    outer loop
      vertex 1.5858 0.354233 0
      vertex 3 2.9 0
      vertex 1.85194 0.228348 0
    endloop
  endfacet
  facet normal 0 0 -1
    outer loop
      vertex 3 39.7 0
      vertex 2.41472 42.5423 0
      vertex 2.70595 42.5855 0
    endloop
  endfacet
  facet normal 0 0 -1
    outer loop
      vertex 1.33328 0.505585 0
      vertex 3 2.9 0
      vertex 1.5858 0.354233 0
    endloop
  endfacet
  facet normal 0 0 -1
    outer loop
      vertex 3 39.7 0
      vertex 2.12914 42.4708 0
      vertex 2.41472 42.5423 0
    endloop
  endfacet
  facet normal 0 0 -1
    outer loop
      vertex 1.09682 0.680954 0
      vertex 3 2.9 0
      vertex 1.33328 0.505585 0
    endloop
  endfacet
  facet normal 0 0 -1
    outer loop
      vertex 3 39.7 0
      vertex 1.85194 42.3716 0
      vertex 2.12914 42.4708 0
    endloop
  endfacet
  facet normal 0 0 -1
    outer loop
      vertex 0.878677 0.878677 0
      vertex 3 2.9 0
      vertex 1.09682 0.680954 0
    endloop
  endfacet
  facet normal 0 0 -1
    outer loop
      vertex 3 39.7 0
      vertex 1.5858 42.2458 0
      vertex 1.85194 42.3716 0
    endloop
  endfacet
  facet normal 0 0 -1
    outer loop
      vertex 0.680954 1.09682 0
      vertex 3 2.9 0
      vertex 0.878677 0.878677 0
    endloop
  endfacet
  facet normal 0 0 -1
    outer loop
      vertex 3 39.7 0
      vertex 1.33328 42.0944 0
      vertex 1.5858 42.2458 0
    endloop
  endfacet
  facet normal 0 0 -1
    outer loop
      vertex 0.505585 1.33328 0
      vertex 3 2.9 0
      vertex 0.680954 1.09682 0
    endloop
  endfacet
  facet normal 0 0 -1
    outer loop
      vertex 3 39.7 0
      vertex 1.09682 41.919 0
      vertex 1.33328 42.0944 0
    endloop
  endfacet
  facet normal 0 0 -1
    outer loop
      vertex 0.354233 1.5858 0
      vertex 3 2.9 0
      vertex 0.505585 1.33328 0
    endloop
  endfacet
  facet normal 0 0 -1
    outer loop
      vertex 3 39.7 0
      vertex 0.878677 41.7213 0
      vertex 1.09682 41.919 0
    endloop
  endfacet
  facet normal 0 0 -1
    outer loop
      vertex 0.228348 1.85194 0
      vertex 3 2.9 0
      vertex 0.354233 1.5858 0
    endloop
  endfacet
  facet normal 0 0 -1
    outer loop
      vertex 3 39.7 0
      vertex 0.680954 41.5032 0
      vertex 0.878677 41.7213 0
    endloop
  endfacet
  facet normal 0 0 -1
    outer loop
      vertex 0.129166 2.12914 0
      vertex 3 2.9 0
      vertex 0.228348 1.85194 0
    endloop
  endfacet
  facet normal 0 0 -1
    outer loop
      vertex 3 39.7 0
      vertex 0.505585 41.2667 0
      vertex 0.680954 41.5032 0
    endloop
  endfacet
  facet normal 0 0 -1
    outer loop
      vertex 0.0576324 2.41472 0
      vertex 3 2.9 0
      vertex 0.129166 2.12914 0
    endloop
  endfacet
  facet normal 0 0 -1
    outer loop
      vertex 3 39.7 0
      vertex 0.354233 41.0142 0
      vertex 0.505585 41.2667 0
    endloop
  endfacet
  facet normal 0 0 -1
    outer loop
      vertex 0.0144348 2.70595 0
      vertex 3 2.9 0
      vertex 0.0576324 2.41472 0
    endloop
  endfacet
  facet normal 0 0 -1
    outer loop
      vertex 3 39.7 0
      vertex 0.228348 40.748 0
      vertex 0.354233 41.0142 0
    endloop
  endfacet
  facet normal -0 0 -1
    outer loop
      vertex 3 2.9 0
      vertex 0.0144348 2.70595 0
      vertex 0 3 0
    endloop
  endfacet
  facet normal 0 0 -1
    outer loop
      vertex 3 39.7 0
      vertex 0.129166 40.4708 0
      vertex 0.228348 40.748 0
    endloop
  endfacet
  facet normal 0 0 -1
    outer loop
      vertex 3 39.7 0
      vertex 0.0576324 40.1853 0
      vertex 0.129166 40.4708 0
    endloop
  endfacet
  facet normal 0 0 -1
    outer loop
      vertex 3 39.7 0
      vertex 0.0144348 39.894 0
      vertex 0.0576324 40.1853 0
    endloop
  endfacet
  facet normal 0 0 -1
    outer loop
      vertex 54 43.4 0
      vertex 53.5508 44.8 0
      vertex 54 44.8 0
    endloop
  endfacet
  facet normal 0 0 -1
    outer loop
      vertex 54 46.8 0
      vertex 53.4588 47.3971 0
      vertex 53.517 47.3885 0
    endloop
  endfacet
  facet normal 0 0 -1
    outer loop
      vertex 54 45.38 0
      vertex 53.4 47.4 0
      vertex 53.4588 47.3971 0
    endloop
  endfacet
  facet normal 0 0 -1
    outer loop
      vertex 53.5508 44.8 0
      vertex 49.6 47.4 0
      vertex 53.4 47.4 0
    endloop
  endfacet
  facet normal 0 0 -1
    outer loop
      vertex 49.4491 44.8 0
      vertex 53.5508 44.8 0
      vertex 54 43.4 0
    endloop
  endfacet
  facet normal 0 0 -1
    outer loop
      vertex 53.5508 44.8 0
      vertex 49.4491 44.8 0
      vertex 49.6 47.4 0
    endloop
  endfacet
  facet normal 0 0 -1
    outer loop
      vertex 49 45.38 0
      vertex 49.6 47.4 0
      vertex 49.4491 44.8 0
    endloop
  endfacet
  facet normal 0 0 -1
    outer loop
      vertex 49 46.8 0
      vertex 49.6 47.4 0
      vertex 49 45.38 0
    endloop
  endfacet
  facet normal 0 0 -1
    outer loop
      vertex 28.02 43.4 0
      vertex 49.4491 44.8 0
      vertex 54 43.4 0
    endloop
  endfacet
  facet normal 0 0 -1
    outer loop
      vertex 28.02 0 0
      vertex 27 3.7 0
      vertex 27 10.3 0
    endloop
  endfacet
  facet normal 0 0 -1
    outer loop
      vertex 28.02 0 0
      vertex 27 10.3 0
      vertex 27 11.1 0
    endloop
  endfacet
  facet normal 0 0 -1
    outer loop
      vertex 27 31.5 0
      vertex 28.02 42.6 0
      vertex 27 11.1 0
    endloop
  endfacet
  facet normal 0 0 -1
    outer loop
      vertex 27 32.3 0
      vertex 28.02 42.6 0
      vertex 27 31.5 0
    endloop
  endfacet
  facet normal 0 0 -1
    outer loop
      vertex 27 38.9 0
      vertex 28.02 42.6 0
      vertex 27 32.3 0
    endloop
  endfacet
  facet normal 0 0 -1
    outer loop
      vertex 27 39.7 0
      vertex 28.02 42.6 0
      vertex 27 38.9 0
    endloop
  endfacet
  facet normal 0 0 -1
    outer loop
      vertex 25 42.6 0
      vertex 28.02 42.6 0
      vertex 27 39.7 0
    endloop
  endfacet
  facet normal 0 0 -1
    outer loop
      vertex 28.02 42.6 0
      vertex 25 42.6 0
      vertex 28.02 43.4 0
    endloop
  endfacet
  facet normal 0 0 -1
    outer loop
      vertex 28.02 43.4 0
      vertex 25 44.8 0
      vertex 49.4491 44.8 0
    endloop
  endfacet
  facet normal 0 0 -1
    outer loop
      vertex 25 44.8 0
      vertex 28.02 43.4 0
      vertex 25 42.6 0
    endloop
  endfacet
  facet normal 0 0 -1
    outer loop
      vertex 53.5508 44.8 0
      vertex 54 45.38 0
      vertex 53.9971 45.3212 0
    endloop
  endfacet
  facet normal 0 0 -1
    outer loop
      vertex 53.4 47.4 0
      vertex 54 45.38 0
      vertex 53.5508 44.8 0
    endloop
  endfacet
  facet normal 0 0 -1
    outer loop
      vertex 53.5508 44.8 0
      vertex 53.9971 45.3212 0
      vertex 53.9885 45.263 0
    endloop
  endfacet
  facet normal 0 0 -1
    outer loop
      vertex 53.4588 47.3971 0
      vertex 54 46.8 0
      vertex 54 45.38 0
    endloop
  endfacet
  facet normal 0 0 -1
    outer loop
      vertex 53.5508 44.8 0
      vertex 53.9885 45.263 0
      vertex 53.9742 45.2058 0
    endloop
  endfacet
  facet normal 0 0 -1
    outer loop
      vertex 54 46.8 0
      vertex 53.517 47.3885 0
      vertex 53.9971 46.8588 0
    endloop
  endfacet
  facet normal 0 0 -1
    outer loop
      vertex 53.5508 44.8 0
      vertex 53.9742 45.2058 0
      vertex 53.9543 45.1504 0
    endloop
  endfacet
  facet normal 0 0 -1
    outer loop
      vertex 53.9971 46.8588 0
      vertex 53.517 47.3885 0
      vertex 53.9885 46.9171 0
    endloop
  endfacet
  facet normal 0 0 -1
    outer loop
      vertex 53.5508 44.8 0
      vertex 53.9543 45.1504 0
      vertex 53.9291 45.0972 0
    endloop
  endfacet
  facet normal 0 0 -1
    outer loop
      vertex 53.9885 46.9171 0
      vertex 53.517 47.3885 0
      vertex 53.9742 46.9742 0
    endloop
  endfacet
  facet normal 0 0 -1
    outer loop
      vertex 53.5508 44.8 0
      vertex 53.9291 45.0972 0
      vertex 53.8989 45.0467 0
    endloop
  endfacet
  facet normal 0 0 -1
    outer loop
      vertex 53.9742 46.9742 0
      vertex 53.517 47.3885 0
      vertex 53.9543 47.0296 0
    endloop
  endfacet
  facet normal 0 0 -1
    outer loop
      vertex 53.5508 44.8 0
      vertex 53.8989 45.0467 0
      vertex 53.8638 44.9994 0
    endloop
  endfacet
  facet normal 0 0 -1
    outer loop
      vertex 53.9543 47.0296 0
      vertex 53.517 47.3885 0
      vertex 53.9291 47.0828 0
    endloop
  endfacet
  facet normal 0 0 -1
    outer loop
      vertex 53.5508 44.8 0
      vertex 53.8638 44.9994 0
      vertex 53.8242 44.9557 0
    endloop
  endfacet
  facet normal 0 0 -1
    outer loop
      vertex 53.9291 47.0828 0
      vertex 53.517 47.3885 0
      vertex 53.8989 47.1334 0
    endloop
  endfacet
  facet normal 0 0 -1
    outer loop
      vertex 53.5508 44.8 0
      vertex 53.8242 44.9557 0
      vertex 53.7806 44.9162 0
    endloop
  endfacet
  facet normal 0 0 -1
    outer loop
      vertex 53.8989 47.1334 0
      vertex 53.517 47.3885 0
      vertex 53.8638 47.1806 0
    endloop
  endfacet
  facet normal 0 0 -1
    outer loop
      vertex 53.5508 44.8 0
      vertex 53.7806 44.9162 0
      vertex 53.7333 44.8811 0
    endloop
  endfacet
  facet normal 0 0 -1
    outer loop
      vertex 53.8638 47.1806 0
      vertex 53.517 47.3885 0
      vertex 53.8242 47.2243 0
    endloop
  endfacet
  facet normal 0 0 -1
    outer loop
      vertex 53.5508 44.8 0
      vertex 53.7333 44.8811 0
      vertex 53.6828 44.8508 0
    endloop
  endfacet
  facet normal 0 0 -1
    outer loop
      vertex 53.8242 47.2243 0
      vertex 53.517 47.3885 0
      vertex 53.7806 47.2638 0
    endloop
  endfacet
  facet normal 0 0 -1
    outer loop
      vertex 53.5508 44.8 0
      vertex 53.6828 44.8508 0
      vertex 53.6296 44.8257 0
    endloop
  endfacet
  facet normal 0 0 -1
    outer loop
      vertex 53.7806 47.2638 0
      vertex 53.517 47.3885 0
      vertex 53.7333 47.2989 0
    endloop
  endfacet
  facet normal 0 0 -1
    outer loop
      vertex 53.5508 44.8 0
      vertex 53.6296 44.8257 0
      vertex 53.5742 44.8058 0
    endloop
  endfacet
  facet normal 0 0 -1
    outer loop
      vertex 53.7333 47.2989 0
      vertex 53.517 47.3885 0
      vertex 53.6828 47.3292 0
    endloop
  endfacet
  facet normal 0 0 -1
    outer loop
      vertex 53.6828 47.3292 0
      vertex 53.517 47.3885 0
      vertex 53.6296 47.3543 0
    endloop
  endfacet
  facet normal 0 0 -1
    outer loop
      vertex 53.6296 47.3543 0
      vertex 53.517 47.3885 0
      vertex 53.5742 47.3742 0
    endloop
  endfacet
  facet normal 0 0 -1
    outer loop
      vertex 49.3704 44.8257 0
      vertex 49.4491 44.8 0
      vertex 49.4258 44.8058 0
    endloop
  endfacet
  facet normal 0 0 -1
    outer loop
      vertex 49.6 47.4 0
      vertex 49 46.8 0
      vertex 49.5412 47.3971 0
    endloop
  endfacet
  facet normal 0 0 -1
    outer loop
      vertex 49.4491 44.8 0
      vertex 49.3704 44.8257 0
      vertex 49 45.38 0
    endloop
  endfacet
  facet normal 0 0 -1
    outer loop
      vertex 49.5412 47.3971 0
      vertex 49 46.8 0
      vertex 49.4829 47.3885 0
    endloop
  endfacet
  facet normal 0 0 -1
    outer loop
      vertex 49 45.38 0
      vertex 49.3704 44.8257 0
      vertex 49.3172 44.8508 0
    endloop
  endfacet
  facet normal 0 0 -1
    outer loop
      vertex 49.4829 47.3885 0
      vertex 49 46.8 0
      vertex 49.4258 47.3742 0
    endloop
  endfacet
  facet normal 0 0 -1
    outer loop
      vertex 49 45.38 0
      vertex 49.3172 44.8508 0
      vertex 49.2666 44.8811 0
    endloop
  endfacet
  facet normal 0 0 -1
    outer loop
      vertex 49.4258 47.3742 0
      vertex 49 46.8 0
      vertex 49.3704 47.3543 0
    endloop
  endfacet
  facet normal 0 0 -1
    outer loop
      vertex 49 45.38 0
      vertex 49.2666 44.8811 0
      vertex 49.2194 44.9162 0
    endloop
  endfacet
  facet normal 0 0 -1
    outer loop
      vertex 49.3704 47.3543 0
      vertex 49 46.8 0
      vertex 49.3172 47.3292 0
    endloop
  endfacet
  facet normal 0 0 -1
    outer loop
      vertex 49 45.38 0
      vertex 49.2194 44.9162 0
      vertex 49.1757 44.9557 0
    endloop
  endfacet
  facet normal 0 0 -1
    outer loop
      vertex 49.3172 47.3292 0
      vertex 49 46.8 0
      vertex 49.2666 47.2989 0
    endloop
  endfacet
  facet normal 0 0 -1
    outer loop
      vertex 49 45.38 0
      vertex 49.1757 44.9557 0
      vertex 49.1362 44.9994 0
    endloop
  endfacet
  facet normal 0 0 -1
    outer loop
      vertex 49.2666 47.2989 0
      vertex 49 46.8 0
      vertex 49.2194 47.2638 0
    endloop
  endfacet
  facet normal 0 0 -1
    outer loop
      vertex 49 45.38 0
      vertex 49.1362 44.9994 0
      vertex 49.1011 45.0467 0
    endloop
  endfacet
  facet normal 0 0 -1
    outer loop
      vertex 49.2194 47.2638 0
      vertex 49 46.8 0
      vertex 49.1757 47.2243 0
    endloop
  endfacet
  facet normal 0 0 -1
    outer loop
      vertex 49 45.38 0
      vertex 49.1011 45.0467 0
      vertex 49.0708 45.0972 0
    endloop
  endfacet
  facet normal 0 0 -1
    outer loop
      vertex 49.1757 47.2243 0
      vertex 49 46.8 0
      vertex 49.1362 47.1806 0
    endloop
  endfacet
  facet normal 0 0 -1
    outer loop
      vertex 49 45.38 0
      vertex 49.0708 45.0972 0
      vertex 49.0457 45.1504 0
    endloop
  endfacet
  facet normal 0 0 -1
    outer loop
      vertex 49.1362 47.1806 0
      vertex 49 46.8 0
      vertex 49.1011 47.1334 0
    endloop
  endfacet
  facet normal 0 0 -1
    outer loop
      vertex 49 45.38 0
      vertex 49.0457 45.1504 0
      vertex 49.0258 45.2058 0
    endloop
  endfacet
  facet normal 0 0 -1
    outer loop
      vertex 49.1011 47.1334 0
      vertex 49 46.8 0
      vertex 49.0708 47.0828 0
    endloop
  endfacet
  facet normal 0 0 -1
    outer loop
      vertex 49 45.38 0
      vertex 49.0258 45.2058 0
      vertex 49.0115 45.263 0
    endloop
  endfacet
  facet normal 0 0 -1
    outer loop
      vertex 49.0708 47.0828 0
      vertex 49 46.8 0
      vertex 49.0457 47.0296 0
    endloop
  endfacet
  facet normal 0 0 -1
    outer loop
      vertex 49 45.38 0
      vertex 49.0115 45.263 0
      vertex 49.0029 45.3212 0
    endloop
  endfacet
  facet normal 0 0 -1
    outer loop
      vertex 49.0457 47.0296 0
      vertex 49 46.8 0
      vertex 49.0258 46.9742 0
    endloop
  endfacet
  facet normal 0 0 -1
    outer loop
      vertex 49.0258 46.9742 0
      vertex 49 46.8 0
      vertex 49.0115 46.9171 0
    endloop
  endfacet
  facet normal 0 0 -1
    outer loop
      vertex 49.0115 46.9171 0
      vertex 49 46.8 0
      vertex 49.0029 46.8588 0
    endloop
  endfacet
  facet normal 0 0 -1
    outer loop
      vertex 9.95196 13.5557 0
      vertex 27 11.1 0
      vertex 9.98796 13.313 0
    endloop
  endfacet
  facet normal 0 0 -1
    outer loop
      vertex 9.89235 13.7937 0
      vertex 27 11.1 0
      vertex 9.95196 13.5557 0
    endloop
  endfacet
  facet normal 0 0 -1
    outer loop
      vertex 9.8097 14.0247 0
      vertex 27 11.1 0
      vertex 9.89235 13.7937 0
    endloop
  endfacet
  facet normal 0 0 -1
    outer loop
      vertex 9.90456 29.6599 0
      vertex 27 31.5 0
      vertex 9.9166 29.4149 0
    endloop
  endfacet
  facet normal 0 0 -1
    outer loop
      vertex 9.86856 29.9026 0
      vertex 27 31.5 0
      vertex 9.90456 29.6599 0
    endloop
  endfacet
  facet normal 0 0 -1
    outer loop
      vertex 9.80895 30.1406 0
      vertex 27 31.5 0
      vertex 9.86856 29.9026 0
    endloop
  endfacet
  facet normal 0 0 -1
    outer loop
      vertex 9.7263 30.3716 0
      vertex 27 31.5 0
      vertex 9.80895 30.1406 0
    endloop
  endfacet
  facet normal 0 0 -1
    outer loop
      vertex 9.6214 30.5934 0
      vertex 27 31.5 0
      vertex 9.7263 30.3716 0
    endloop
  endfacet
  facet normal 0 0 -1
    outer loop
      vertex 9.49527 30.8038 0
      vertex 27 31.5 0
      vertex 9.6214 30.5934 0
    endloop
  endfacet
  facet normal 0 0 -1
    outer loop
      vertex 9.34913 31.0009 0
      vertex 27 31.5 0
      vertex 9.49527 30.8038 0
    endloop
  endfacet
  facet normal 0 0 -1
    outer loop
      vertex 9.18437 31.1827 0
      vertex 27 31.5 0
      vertex 9.34913 31.0009 0
    endloop
  endfacet
  facet normal 0 0 -1
    outer loop
      vertex 9.00258 31.3474 0
      vertex 27 31.5 0
      vertex 9.18437 31.1827 0
    endloop
  endfacet
  facet normal 0 0 -1
    outer loop
      vertex 8.80552 31.4936 0
      vertex 27 31.5 0
      vertex 9.00258 31.3474 0
    endloop
  endfacet
  facet normal -0 0 -1
    outer loop
      vertex 27 31.5 0
      vertex 8.80552 31.4936 0
      vertex 8.7948 31.5 0
    endloop
  endfacet
  facet normal 0 0 -1
    outer loop
      vertex 4.92864 29.1699 0
      vertex 3 31.5 0
      vertex 4.9166 29.4149 0
    endloop
  endfacet
  facet normal 0 0 -1
    outer loop
      vertex 6.02767 31.4936 0
      vertex 3 31.5 0
      vertex 6.0384 31.5 0
    endloop
  endfacet
  facet normal 0 0 -1
    outer loop
      vertex 5.83062 31.3474 0
      vertex 3 31.5 0
      vertex 6.02767 31.4936 0
    endloop
  endfacet
  facet normal 0 0 -1
    outer loop
      vertex 5.64883 31.1827 0
      vertex 3 31.5 0
      vertex 5.83062 31.3474 0
    endloop
  endfacet
  facet normal 0 0 -1
    outer loop
      vertex 5.48407 31.0009 0
      vertex 3 31.5 0
      vertex 5.64883 31.1827 0
    endloop
  endfacet
  facet normal 0 0 -1
    outer loop
      vertex 5.33793 30.8038 0
      vertex 3 31.5 0
      vertex 5.48407 31.0009 0
    endloop
  endfacet
  facet normal 0 0 -1
    outer loop
      vertex 5.2118 30.5934 0
      vertex 3 31.5 0
      vertex 5.33793 30.8038 0
    endloop
  endfacet
  facet normal 0 0 -1
    outer loop
      vertex 5.1069 30.3716 0
      vertex 3 31.5 0
      vertex 5.2118 30.5934 0
    endloop
  endfacet
  facet normal 0 0 -1
    outer loop
      vertex 5.02425 30.1406 0
      vertex 3 31.5 0
      vertex 5.1069 30.3716 0
    endloop
  endfacet
  facet normal 0 0 -1
    outer loop
      vertex 4.96464 29.9026 0
      vertex 3 31.5 0
      vertex 5.02425 30.1406 0
    endloop
  endfacet
  facet normal 0 0 -1
    outer loop
      vertex 4.92864 29.6599 0
      vertex 3 31.5 0
      vertex 4.96464 29.9026 0
    endloop
  endfacet
  facet normal 0 0 -1
    outer loop
      vertex 4.9166 29.4149 0
      vertex 3 31.5 0
      vertex 4.92864 29.6599 0
    endloop
  endfacet
  facet normal 0 0 -1
    outer loop
      vertex 79 11.1 0
      vertex 55.4 16 0
      vertex 79 31.5 0
    endloop
  endfacet
  facet normal 0 0 -1
    outer loop
      vertex 79 11.1 0
      vertex 55.3966 15.9314 0
      vertex 55.4 16 0
    endloop
  endfacet
  facet normal 0 0 -1
    outer loop
      vertex 79 11.1 0
      vertex 55.3865 15.8634 0
      vertex 55.3966 15.9314 0
    endloop
  endfacet
  facet normal 0 0 -1
    outer loop
      vertex 79 11.1 0
      vertex 55.3699 15.7968 0
      vertex 55.3865 15.8634 0
    endloop
  endfacet
  facet normal 0 0 -1
    outer loop
      vertex 55 11.1 0
      vertex 55.3699 15.7968 0
      vertex 79 11.1 0
    endloop
  endfacet
  facet normal 0 0 -1
    outer loop
      vertex 55.3699 15.7968 0
      vertex 55 11.1 0
      vertex 55.3467 15.7321 0
    endloop
  endfacet
  facet normal 0 0 -1
    outer loop
      vertex 55.3467 15.7321 0
      vertex 55 11.1 0
      vertex 55.3173 15.67 0
    endloop
  endfacet
  facet normal 0 0 -1
    outer loop
      vertex 55.3173 15.67 0
      vertex 55 11.1 0
      vertex 55.282 15.6111 0
    endloop
  endfacet
  facet normal 0 0 -1
    outer loop
      vertex 55.282 15.6111 0
      vertex 55 11.1 0
      vertex 55.2411 15.5559 0
    endloop
  endfacet
  facet normal 0 0 -1
    outer loop
      vertex 55.2411 15.5559 0
      vertex 55 11.1 0
      vertex 55.195 15.505 0
    endloop
  endfacet
  facet normal 0 0 -1
    outer loop
      vertex 55.195 15.505 0
      vertex 55 11.1 0
      vertex 55.1441 15.4589 0
    endloop
  endfacet
  facet normal 0 0 -1
    outer loop
      vertex 55.1441 15.4589 0
      vertex 55 11.1 0
      vertex 55.0889 15.418 0
    endloop
  endfacet
  facet normal 0 0 -1
    outer loop
      vertex 55.0889 15.418 0
      vertex 55 11.1 0
      vertex 55.03 15.3826 0
    endloop
  endfacet
  facet normal 0 0 -1
    outer loop
      vertex 55.03 15.3826 0
      vertex 55 11.1 0
      vertex 54.9679 15.3533 0
    endloop
  endfacet
  facet normal 0 0 -1
    outer loop
      vertex 79 0 0
      vertex 55 2.9 0
      vertex 79 2.9 0
    endloop
  endfacet
  facet normal 0 0 -1
    outer loop
      vertex 42.7 15.3 0
      vertex 55 3.7 0
      vertex 55 2.9 0
    endloop
  endfacet
  facet normal 0 0 -1
    outer loop
      vertex 55 3.7 0
      vertex 46.7686 15.3034 0
      vertex 55 10.3 0
    endloop
  endfacet
  facet normal 0 -0 -1
    outer loop
      vertex 46.8366 15.3134 0
      vertex 55 10.3 0
      vertex 46.7686 15.3034 0
    endloop
  endfacet
  facet normal 0 0 -1
    outer loop
      vertex 55 11.1 0
      vertex 54.9032 15.3301 0
      vertex 54.9679 15.3533 0
    endloop
  endfacet
  facet normal 0 0 -1
    outer loop
      vertex 55 11.1 0
      vertex 54.8366 15.3134 0
      vertex 54.9032 15.3301 0
    endloop
  endfacet
  facet normal 0 0 -1
    outer loop
      vertex 55 11.1 0
      vertex 54.7686 15.3034 0
      vertex 54.8366 15.3134 0
    endloop
  endfacet
  facet normal 0 0 -1
    outer loop
      vertex 55 11.1 0
      vertex 54.7 15.3 0
      vertex 54.7686 15.3034 0
    endloop
  endfacet
  facet normal 0 0 -1
    outer loop
      vertex 55 11.1 0
      vertex 54.6314 15.3034 0
      vertex 54.7 15.3 0
    endloop
  endfacet
  facet normal 0 0 -1
    outer loop
      vertex 55 11.1 0
      vertex 54.5634 15.3134 0
      vertex 54.6314 15.3034 0
    endloop
  endfacet
  facet normal 0 0 -1
    outer loop
      vertex 55 11.1 0
      vertex 54.4968 15.3301 0
      vertex 54.5634 15.3134 0
    endloop
  endfacet
  facet normal 0 -0 -1
    outer loop
      vertex 50.9679 15.3533 0
      vertex 55 11.1 0
      vertex 50.9032 15.3301 0
    endloop
  endfacet
  facet normal 0 0 -1
    outer loop
      vertex 55 11.1 0
      vertex 54.4321 15.3533 0
      vertex 54.4968 15.3301 0
    endloop
  endfacet
  facet normal 0 -0 -1
    outer loop
      vertex 51.03 15.3826 0
      vertex 55 11.1 0
      vertex 50.9679 15.3533 0
    endloop
  endfacet
  facet normal 0 0 -1
    outer loop
      vertex 55 11.1 0
      vertex 54.37 15.3826 0
      vertex 54.4321 15.3533 0
    endloop
  endfacet
  facet normal 0 -0 -1
    outer loop
      vertex 51.0889 15.418 0
      vertex 55 11.1 0
      vertex 51.03 15.3826 0
    endloop
  endfacet
  facet normal 0 0 -1
    outer loop
      vertex 55 11.1 0
      vertex 54.3111 15.418 0
      vertex 54.37 15.3826 0
    endloop
  endfacet
  facet normal 0 0 -1
    outer loop
      vertex 55 11.1 0
      vertex 51.0889 15.418 0
      vertex 54.3111 15.418 0
    endloop
  endfacet
  facet normal 0 0 -1
    outer loop
      vertex 54.3111 15.418 0
      vertex 51.0889 15.418 0
      vertex 54.2559 15.4589 0
    endloop
  endfacet
  facet normal 0 0 -1
    outer loop
      vertex 54.2559 15.4589 0
      vertex 51.1441 15.4589 0
      vertex 54.205 15.505 0
    endloop
  endfacet
  facet normal 0 -0 -1
    outer loop
      vertex 51.195 15.505 0
      vertex 54.205 15.505 0
      vertex 51.1441 15.4589 0
    endloop
  endfacet
  facet normal 0 0 -1
    outer loop
      vertex 54.205 15.505 0
      vertex 51.195 15.505 0
      vertex 54.1589 15.5559 0
    endloop
  endfacet
  facet normal 0 -0 -1
    outer loop
      vertex 51.2411 15.5559 0
      vertex 54.1589 15.5559 0
      vertex 51.195 15.505 0
    endloop
  endfacet
  facet normal 0 0 -1
    outer loop
      vertex 54 16 0
      vertex 51.4 16 0
      vertex 54 26.6 0
    endloop
  endfacet
  facet normal 0 0 -1
    outer loop
      vertex 54.0034 15.9314 0
      vertex 51.4 16 0
      vertex 54 16 0
    endloop
  endfacet
  facet normal 0 0 -1
    outer loop
      vertex 54.1589 15.5559 0
      vertex 51.2411 15.5559 0
      vertex 54.118 15.6111 0
    endloop
  endfacet
  facet normal 0 0 -1
    outer loop
      vertex 54.0034 15.9314 0
      vertex 51.3966 15.9314 0
      vertex 51.4 16 0
    endloop
  endfacet
  facet normal -0 0 -1
    outer loop
      vertex 54.0034 15.9314 0
      vertex 51.3865 15.8634 0
      vertex 51.3966 15.9314 0
    endloop
  endfacet
  facet normal 0 0 -1
    outer loop
      vertex 54.0134 15.8634 0
      vertex 51.3865 15.8634 0
      vertex 54.0034 15.9314 0
    endloop
  endfacet
  facet normal 0 -0 -1
    outer loop
      vertex 51.3865 15.8634 0
      vertex 54.0134 15.8634 0
      vertex 51.3699 15.7968 0
    endloop
  endfacet
  facet normal 0 0 -1
    outer loop
      vertex 54.0301 15.7968 0
      vertex 51.3699 15.7968 0
      vertex 54.0134 15.8634 0
    endloop
  endfacet
  facet normal 0 -0 -1
    outer loop
      vertex 51.3699 15.7968 0
      vertex 54.0301 15.7968 0
      vertex 51.3467 15.7321 0
    endloop
  endfacet
  facet normal 0 0 -1
    outer loop
      vertex 54.0533 15.7321 0
      vertex 51.3467 15.7321 0
      vertex 54.0301 15.7968 0
    endloop
  endfacet
  facet normal 0 -0 -1
    outer loop
      vertex 51.3467 15.7321 0
      vertex 54.0533 15.7321 0
      vertex 51.3173 15.67 0
    endloop
  endfacet
  facet normal 0 0 -1
    outer loop
      vertex 54.0826 15.67 0
      vertex 51.3173 15.67 0
      vertex 54.0533 15.7321 0
    endloop
  endfacet
  facet normal 0 -0 -1
    outer loop
      vertex 51.3173 15.67 0
      vertex 54.0826 15.67 0
      vertex 51.282 15.6111 0
    endloop
  endfacet
  facet normal 0 0 -1
    outer loop
      vertex 54.118 15.6111 0
      vertex 51.282 15.6111 0
      vertex 54.0826 15.67 0
    endloop
  endfacet
  facet normal 0 -0 -1
    outer loop
      vertex 51.282 15.6111 0
      vertex 54.118 15.6111 0
      vertex 51.2411 15.5559 0
    endloop
  endfacet
  facet normal 0 -0 -1
    outer loop
      vertex 51.1441 15.4589 0
      vertex 54.2559 15.4589 0
      vertex 51.0889 15.418 0
    endloop
  endfacet
  facet normal 0 0 -1
    outer loop
      vertex 55 11.1 0
      vertex 50.8366 15.3134 0
      vertex 50.9032 15.3301 0
    endloop
  endfacet
  facet normal 0 0 -1
    outer loop
      vertex 55 11.1 0
      vertex 50.7686 15.3034 0
      vertex 50.8366 15.3134 0
    endloop
  endfacet
  facet normal 0 0 -1
    outer loop
      vertex 55 11.1 0
      vertex 50.7 15.3 0
      vertex 50.7686 15.3034 0
    endloop
  endfacet
  facet normal 0 0 -1
    outer loop
      vertex 55 11.1 0
      vertex 50.6314 15.3034 0
      vertex 50.7 15.3 0
    endloop
  endfacet
  facet normal 0 0 -1
    outer loop
      vertex 55 10.3 0
      vertex 50.6314 15.3034 0
      vertex 55 11.1 0
    endloop
  endfacet
  facet normal -0 -0 -1
    outer loop
      vertex 50.4968 15.3301 0
      vertex 55 10.3 0
      vertex 46.9032 15.3301 0
    endloop
  endfacet
  facet normal -0 -0 -1
    outer loop
      vertex 50.6314 15.3034 0
      vertex 55 10.3 0
      vertex 50.5634 15.3134 0
    endloop
  endfacet
  facet normal 0 0 -1
    outer loop
      vertex 50.4968 15.3301 0
      vertex 46.9032 15.3301 0
      vertex 50.4321 15.3533 0
    endloop
  endfacet
  facet normal 0 -0 -1
    outer loop
      vertex 46.9679 15.3533 0
      vertex 50.4321 15.3533 0
      vertex 46.9032 15.3301 0
    endloop
  endfacet
  facet normal 0 0 -1
    outer loop
      vertex 50.4321 15.3533 0
      vertex 46.9679 15.3533 0
      vertex 50.37 15.3826 0
    endloop
  endfacet
  facet normal 0 -0 -1
    outer loop
      vertex 47.03 15.3826 0
      vertex 50.37 15.3826 0
      vertex 46.9679 15.3533 0
    endloop
  endfacet
  facet normal 0 0 -1
    outer loop
      vertex 50.37 15.3826 0
      vertex 47.03 15.3826 0
      vertex 50.3111 15.418 0
    endloop
  endfacet
  facet normal 0 -0 -1
    outer loop
      vertex 47.0889 15.418 0
      vertex 50.3111 15.418 0
      vertex 47.03 15.3826 0
    endloop
  endfacet
  facet normal 0 0 -1
    outer loop
      vertex 50.3111 15.418 0
      vertex 47.0889 15.418 0
      vertex 50.2559 15.4589 0
    endloop
  endfacet
  facet normal 0 -0 -1
    outer loop
      vertex 47.1441 15.4589 0
      vertex 50.2559 15.4589 0
      vertex 47.0889 15.418 0
    endloop
  endfacet
  facet normal 0 0 -1
    outer loop
      vertex 50 16 0
      vertex 47.4 16 0
      vertex 50 26.6 0
    endloop
  endfacet
  facet normal 0 0 -1
    outer loop
      vertex 50.0034 15.9314 0
      vertex 47.4 16 0
      vertex 50 16 0
    endloop
  endfacet
  facet normal 0 0 -1
    outer loop
      vertex 47.3966 15.9314 0
      vertex 50.0034 15.9314 0
      vertex 50.0134 15.8634 0
    endloop
  endfacet
  facet normal 0 0 -1
    outer loop
      vertex 47.3865 15.8634 0
      vertex 50.0134 15.8634 0
      vertex 50.0301 15.7968 0
    endloop
  endfacet
  facet normal 0 0 -1
    outer loop
      vertex 47.3699 15.7968 0
      vertex 50.0301 15.7968 0
      vertex 50.0533 15.7321 0
    endloop
  endfacet
  facet normal 0 0 -1
    outer loop
      vertex 50.2559 15.4589 0
      vertex 47.1441 15.4589 0
      vertex 50.205 15.505 0
    endloop
  endfacet
  facet normal 0 0 -1
    outer loop
      vertex 50.0034 15.9314 0
      vertex 47.3966 15.9314 0
      vertex 47.4 16 0
    endloop
  endfacet
  facet normal 0 0 -1
    outer loop
      vertex 50.0134 15.8634 0
      vertex 47.3865 15.8634 0
      vertex 47.3966 15.9314 0
    endloop
  endfacet
  facet normal 0 0 -1
    outer loop
      vertex 50.0301 15.7968 0
      vertex 47.3699 15.7968 0
      vertex 47.3865 15.8634 0
    endloop
  endfacet
  facet normal 0 0 -1
    outer loop
      vertex 50.0533 15.7321 0
      vertex 47.3467 15.7321 0
      vertex 47.3699 15.7968 0
    endloop
  endfacet
  facet normal -0 0 -1
    outer loop
      vertex 50.0533 15.7321 0
      vertex 47.3173 15.67 0
      vertex 47.3467 15.7321 0
    endloop
  endfacet
  facet normal 0 0 -1
    outer loop
      vertex 50.0826 15.67 0
      vertex 47.3173 15.67 0
      vertex 50.0533 15.7321 0
    endloop
  endfacet
  facet normal 0 -0 -1
    outer loop
      vertex 47.3173 15.67 0
      vertex 50.0826 15.67 0
      vertex 47.282 15.6111 0
    endloop
  endfacet
  facet normal 0 0 -1
    outer loop
      vertex 50.118 15.6111 0
      vertex 47.282 15.6111 0
      vertex 50.0826 15.67 0
    endloop
  endfacet
  facet normal 0 -0 -1
    outer loop
      vertex 47.282 15.6111 0
      vertex 50.118 15.6111 0
      vertex 47.2411 15.5559 0
    endloop
  endfacet
  facet normal 0 0 -1
    outer loop
      vertex 50.1589 15.5559 0
      vertex 47.2411 15.5559 0
      vertex 50.118 15.6111 0
    endloop
  endfacet
  facet normal 0 -0 -1
    outer loop
      vertex 47.2411 15.5559 0
      vertex 50.1589 15.5559 0
      vertex 47.195 15.505 0
    endloop
  endfacet
  facet normal 0 0 -1
    outer loop
      vertex 50.205 15.505 0
      vertex 47.195 15.505 0
      vertex 50.1589 15.5559 0
    endloop
  endfacet
  facet normal 0 -0 -1
    outer loop
      vertex 47.195 15.505 0
      vertex 50.205 15.505 0
      vertex 47.1441 15.4589 0
    endloop
  endfacet
  facet normal -0 -0 -1
    outer loop
      vertex 50.5634 15.3134 0
      vertex 55 10.3 0
      vertex 50.4968 15.3301 0
    endloop
  endfacet
  facet normal 0 -0 -1
    outer loop
      vertex 46.9032 15.3301 0
      vertex 55 10.3 0
      vertex 46.8366 15.3134 0
    endloop
  endfacet
  facet normal 0 0 -1
    outer loop
      vertex 55 3.7 0
      vertex 46.7 15.3 0
      vertex 46.7686 15.3034 0
    endloop
  endfacet
  facet normal 0 0 -1
    outer loop
      vertex 55 3.7 0
      vertex 46.6314 15.3034 0
      vertex 46.7 15.3 0
    endloop
  endfacet
  facet normal 0 0 -1
    outer loop
      vertex 55 3.7 0
      vertex 46.5634 15.3134 0
      vertex 46.6314 15.3034 0
    endloop
  endfacet
  facet normal 0 0 -1
    outer loop
      vertex 55 3.7 0
      vertex 42.8366 15.3134 0
      vertex 46.5634 15.3134 0
    endloop
  endfacet
  facet normal 0 0 -1
    outer loop
      vertex 46.5634 15.3134 0
      vertex 42.8366 15.3134 0
      vertex 46.4968 15.3301 0
    endloop
  endfacet
  facet normal 0 -0 -1
    outer loop
      vertex 42.9032 15.3301 0
      vertex 46.4968 15.3301 0
      vertex 42.8366 15.3134 0
    endloop
  endfacet
  facet normal 0 0 -1
    outer loop
      vertex 46.4968 15.3301 0
      vertex 42.9032 15.3301 0
      vertex 46.4321 15.3533 0
    endloop
  endfacet
  facet normal 0 -0 -1
    outer loop
      vertex 42.9679 15.3533 0
      vertex 46.4321 15.3533 0
      vertex 42.9032 15.3301 0
    endloop
  endfacet
  facet normal 0 0 -1
    outer loop
      vertex 46.4321 15.3533 0
      vertex 42.9679 15.3533 0
      vertex 46.37 15.3826 0
    endloop
  endfacet
  facet normal 0 -0 -1
    outer loop
      vertex 43.03 15.3826 0
      vertex 46.37 15.3826 0
      vertex 42.9679 15.3533 0
    endloop
  endfacet
  facet normal 0 0 -1
    outer loop
      vertex 46.37 15.3826 0
      vertex 43.03 15.3826 0
      vertex 46.3111 15.418 0
    endloop
  endfacet
  facet normal 0 0 -1
    outer loop
      vertex 46 16 0
      vertex 43.4 16 0
      vertex 46 26.6 0
    endloop
  endfacet
  facet normal 0 0 -1
    outer loop
      vertex 46.0034 15.9314 0
      vertex 43.4 16 0
      vertex 46 16 0
    endloop
  endfacet
  facet normal 0 0 -1
    outer loop
      vertex 43.3966 15.9314 0
      vertex 46.0034 15.9314 0
      vertex 46.0134 15.8634 0
    endloop
  endfacet
  facet normal 0 0 -1
    outer loop
      vertex 43.3865 15.8634 0
      vertex 46.0134 15.8634 0
      vertex 46.0301 15.7968 0
    endloop
  endfacet
  facet normal 0 0 -1
    outer loop
      vertex 43.3699 15.7968 0
      vertex 46.0301 15.7968 0
      vertex 46.0533 15.7321 0
    endloop
  endfacet
  facet normal 0 0 -1
    outer loop
      vertex 43.3467 15.7321 0
      vertex 46.0533 15.7321 0
      vertex 46.0826 15.67 0
    endloop
  endfacet
  facet normal 0 0 -1
    outer loop
      vertex 43.3173 15.67 0
      vertex 46.0826 15.67 0
      vertex 46.118 15.6111 0
    endloop
  endfacet
  facet normal 0 0 -1
    outer loop
      vertex 46.3111 15.418 0
      vertex 43.0889 15.418 0
      vertex 46.2559 15.4589 0
    endloop
  endfacet
  facet normal 0 0 -1
    outer loop
      vertex 46.0034 15.9314 0
      vertex 43.3966 15.9314 0
      vertex 43.4 16 0
    endloop
  endfacet
  facet normal 0 0 -1
    outer loop
      vertex 46.0134 15.8634 0
      vertex 43.3865 15.8634 0
      vertex 43.3966 15.9314 0
    endloop
  endfacet
  facet normal 0 0 -1
    outer loop
      vertex 46.0301 15.7968 0
      vertex 43.3699 15.7968 0
      vertex 43.3865 15.8634 0
    endloop
  endfacet
  facet normal 0 0 -1
    outer loop
      vertex 46.0533 15.7321 0
      vertex 43.3467 15.7321 0
      vertex 43.3699 15.7968 0
    endloop
  endfacet
  facet normal 0 0 -1
    outer loop
      vertex 46.0826 15.67 0
      vertex 43.3173 15.67 0
      vertex 43.3467 15.7321 0
    endloop
  endfacet
  facet normal 0 0 -1
    outer loop
      vertex 46.118 15.6111 0
      vertex 43.282 15.6111 0
      vertex 43.3173 15.67 0
    endloop
  endfacet
  facet normal -0 0 -1
    outer loop
      vertex 46.118 15.6111 0
      vertex 43.2411 15.5559 0
      vertex 43.282 15.6111 0
    endloop
  endfacet
  facet normal 0 0 -1
    outer loop
      vertex 46.1589 15.5559 0
      vertex 43.2411 15.5559 0
      vertex 46.118 15.6111 0
    endloop
  endfacet
  facet normal 0 -0 -1
    outer loop
      vertex 43.2411 15.5559 0
      vertex 46.1589 15.5559 0
      vertex 43.195 15.505 0
    endloop
  endfacet
  facet normal 0 0 -1
    outer loop
      vertex 46.205 15.505 0
      vertex 43.195 15.505 0
      vertex 46.1589 15.5559 0
    endloop
  endfacet
  facet normal 0 -0 -1
    outer loop
      vertex 43.195 15.505 0
      vertex 46.205 15.505 0
      vertex 43.1441 15.4589 0
    endloop
  endfacet
  facet normal 0 0 -1
    outer loop
      vertex 46.2559 15.4589 0
      vertex 43.1441 15.4589 0
      vertex 46.205 15.505 0
    endloop
  endfacet
  facet normal 0 -0 -1
    outer loop
      vertex 43.1441 15.4589 0
      vertex 46.2559 15.4589 0
      vertex 43.0889 15.418 0
    endloop
  endfacet
  facet normal 0 -0 -1
    outer loop
      vertex 43.0889 15.418 0
      vertex 46.3111 15.418 0
      vertex 43.03 15.3826 0
    endloop
  endfacet
  facet normal 0 0 -1
    outer loop
      vertex 55 3.7 0
      vertex 42.7686 15.3034 0
      vertex 42.8366 15.3134 0
    endloop
  endfacet
  facet normal 0 0 -1
    outer loop
      vertex 55 3.7 0
      vertex 42.7 15.3 0
      vertex 42.7686 15.3034 0
    endloop
  endfacet
  facet normal 0 0 -1
    outer loop
      vertex 55 2.9 0
      vertex 42.6314 15.3034 0
      vertex 42.7 15.3 0
    endloop
  endfacet
  facet normal 0 0 -1
    outer loop
      vertex 28.02 0 0
      vertex 42.6314 15.3034 0
      vertex 55 2.9 0
    endloop
  endfacet
  facet normal -0 0 -1
    outer loop
      vertex 42.6314 15.3034 0
      vertex 28.02 0 0
      vertex 42.5634 15.3134 0
    endloop
  endfacet
  facet normal 0 -0 -1
    outer loop
      vertex 38.8366 15.3134 0
      vertex 42.5634 15.3134 0
      vertex 28.02 0 0
    endloop
  endfacet
  facet normal 0 0 -1
    outer loop
      vertex 42.5634 15.3134 0
      vertex 38.8366 15.3134 0
      vertex 42.4968 15.3301 0
    endloop
  endfacet
  facet normal 0 -0 -1
    outer loop
      vertex 38.9032 15.3301 0
      vertex 42.4968 15.3301 0
      vertex 38.8366 15.3134 0
    endloop
  endfacet
  facet normal 0 0 -1
    outer loop
      vertex 42.4968 15.3301 0
      vertex 38.9032 15.3301 0
      vertex 42.4321 15.3533 0
    endloop
  endfacet
  facet normal 0 -0 -1
    outer loop
      vertex 38.9679 15.3533 0
      vertex 42.4321 15.3533 0
      vertex 38.9032 15.3301 0
    endloop
  endfacet
  facet normal 0 0 -1
    outer loop
      vertex 42 16 0
      vertex 39.4 16 0
      vertex 42 26.6 0
    endloop
  endfacet
  facet normal 0 0 -1
    outer loop
      vertex 42.0034 15.9314 0
      vertex 39.4 16 0
      vertex 42 16 0
    endloop
  endfacet
  facet normal 0 0 -1
    outer loop
      vertex 39.3966 15.9314 0
      vertex 42.0034 15.9314 0
      vertex 42.0134 15.8634 0
    endloop
  endfacet
  facet normal 0 0 -1
    outer loop
      vertex 39.3865 15.8634 0
      vertex 42.0134 15.8634 0
      vertex 42.0301 15.7968 0
    endloop
  endfacet
  facet normal 0 0 -1
    outer loop
      vertex 39.3699 15.7968 0
      vertex 42.0301 15.7968 0
      vertex 42.0533 15.7321 0
    endloop
  endfacet
  facet normal 0 0 -1
    outer loop
      vertex 39.3467 15.7321 0
      vertex 42.0533 15.7321 0
      vertex 42.0826 15.67 0
    endloop
  endfacet
  facet normal 0 0 -1
    outer loop
      vertex 39.3173 15.67 0
      vertex 42.0826 15.67 0
      vertex 42.118 15.6111 0
    endloop
  endfacet
  facet normal 0 0 -1
    outer loop
      vertex 39.282 15.6111 0
      vertex 42.118 15.6111 0
      vertex 42.1589 15.5559 0
    endloop
  endfacet
  facet normal 0 0 -1
    outer loop
      vertex 39.2411 15.5559 0
      vertex 42.1589 15.5559 0
      vertex 42.205 15.505 0
    endloop
  endfacet
  facet normal 0 0 -1
    outer loop
      vertex 42.4321 15.3533 0
      vertex 38.9679 15.3533 0
      vertex 42.37 15.3826 0
    endloop
  endfacet
  facet normal 0 0 -1
    outer loop
      vertex 42.0034 15.9314 0
      vertex 39.3966 15.9314 0
      vertex 39.4 16 0
    endloop
  endfacet
  facet normal 0 0 -1
    outer loop
      vertex 42.0134 15.8634 0
      vertex 39.3865 15.8634 0
      vertex 39.3966 15.9314 0
    endloop
  endfacet
  facet normal 0 0 -1
    outer loop
      vertex 42.0301 15.7968 0
      vertex 39.3699 15.7968 0
      vertex 39.3865 15.8634 0
    endloop
  endfacet
  facet normal 0 0 -1
    outer loop
      vertex 42.0533 15.7321 0
      vertex 39.3467 15.7321 0
      vertex 39.3699 15.7968 0
    endloop
  endfacet
  facet normal 0 0 -1
    outer loop
      vertex 42.0826 15.67 0
      vertex 39.3173 15.67 0
      vertex 39.3467 15.7321 0
    endloop
  endfacet
  facet normal 0 0 -1
    outer loop
      vertex 42.118 15.6111 0
      vertex 39.282 15.6111 0
      vertex 39.3173 15.67 0
    endloop
  endfacet
  facet normal 0 0 -1
    outer loop
      vertex 42.1589 15.5559 0
      vertex 39.2411 15.5559 0
      vertex 39.282 15.6111 0
    endloop
  endfacet
  facet normal 0 0 -1
    outer loop
      vertex 42.205 15.505 0
      vertex 39.195 15.505 0
      vertex 39.2411 15.5559 0
    endloop
  endfacet
  facet normal -0 0 -1
    outer loop
      vertex 42.205 15.505 0
      vertex 39.1441 15.4589 0
      vertex 39.195 15.505 0
    endloop
  endfacet
  facet normal 0 0 -1
    outer loop
      vertex 42.2559 15.4589 0
      vertex 39.1441 15.4589 0
      vertex 42.205 15.505 0
    endloop
  endfacet
  facet normal 0 -0 -1
    outer loop
      vertex 39.1441 15.4589 0
      vertex 42.2559 15.4589 0
      vertex 39.0889 15.418 0
    endloop
  endfacet
  facet normal 0 0 -1
    outer loop
      vertex 42.3111 15.418 0
      vertex 39.0889 15.418 0
      vertex 42.2559 15.4589 0
    endloop
  endfacet
  facet normal 0 -0 -1
    outer loop
      vertex 39.0889 15.418 0
      vertex 42.3111 15.418 0
      vertex 39.03 15.3826 0
    endloop
  endfacet
  facet normal 0 0 -1
    outer loop
      vertex 42.37 15.3826 0
      vertex 39.03 15.3826 0
      vertex 42.3111 15.418 0
    endloop
  endfacet
  facet normal 0 -0 -1
    outer loop
      vertex 39.03 15.3826 0
      vertex 42.37 15.3826 0
      vertex 38.9679 15.3533 0
    endloop
  endfacet
  facet normal 0 0 -1
    outer loop
      vertex 38.8366 15.3134 0
      vertex 28.02 0 0
      vertex 38.7686 15.3034 0
    endloop
  endfacet
  facet normal 0 0 -1
    outer loop
      vertex 38.7686 15.3034 0
      vertex 28.02 0 0
      vertex 38.7 15.3 0
    endloop
  endfacet
  facet normal -0 0 -1
    outer loop
      vertex 38.7 15.3 0
      vertex 28.02 0 0
      vertex 38.6314 15.3034 0
    endloop
  endfacet
  facet normal -0 0 -1
    outer loop
      vertex 38.6314 15.3034 0
      vertex 28.02 0 0
      vertex 38.5634 15.3134 0
    endloop
  endfacet
  facet normal -0 0 -1
    outer loop
      vertex 38.5634 15.3134 0
      vertex 28.02 0 0
      vertex 38.4968 15.3301 0
    endloop
  endfacet
  facet normal -0 0 -1
    outer loop
      vertex 38.4968 15.3301 0
      vertex 28.02 0 0
      vertex 38.4321 15.3533 0
    endloop
  endfacet
  facet normal -0 0 -1
    outer loop
      vertex 38.4321 15.3533 0
      vertex 28.02 0 0
      vertex 38.37 15.3826 0
    endloop
  endfacet
  facet normal -0 0 -1
    outer loop
      vertex 38.37 15.3826 0
      vertex 28.02 0 0
      vertex 38.3111 15.418 0
    endloop
  endfacet
  facet normal -0 0 -1
    outer loop
      vertex 38 16 0
      vertex 28.02 0 0
      vertex 38 26.6 0
    endloop
  endfacet
  facet normal -0 0 -1
    outer loop
      vertex 38.0034 15.9314 0
      vertex 28.02 0 0
      vertex 38 16 0
    endloop
  endfacet
  facet normal -0 0 -1
    outer loop
      vertex 38.0134 15.8634 0
      vertex 28.02 0 0
      vertex 38.0034 15.9314 0
    endloop
  endfacet
  facet normal -0 0 -1
    outer loop
      vertex 38.0301 15.7968 0
      vertex 28.02 0 0
      vertex 38.0134 15.8634 0
    endloop
  endfacet
  facet normal -0 0 -1
    outer loop
      vertex 38.0533 15.7321 0
      vertex 28.02 0 0
      vertex 38.0301 15.7968 0
    endloop
  endfacet
  facet normal -0 0 -1
    outer loop
      vertex 38.0826 15.67 0
      vertex 28.02 0 0
      vertex 38.0533 15.7321 0
    endloop
  endfacet
  facet normal -0 0 -1
    outer loop
      vertex 38.118 15.6111 0
      vertex 28.02 0 0
      vertex 38.0826 15.67 0
    endloop
  endfacet
  facet normal -0 0 -1
    outer loop
      vertex 38.1589 15.5559 0
      vertex 28.02 0 0
      vertex 38.118 15.6111 0
    endloop
  endfacet
  facet normal -0 0 -1
    outer loop
      vertex 38.205 15.505 0
      vertex 28.02 0 0
      vertex 38.1589 15.5559 0
    endloop
  endfacet
  facet normal -0 0 -1
    outer loop
      vertex 38.2559 15.4589 0
      vertex 28.02 0 0
      vertex 38.205 15.505 0
    endloop
  endfacet
  facet normal -0 0 -1
    outer loop
      vertex 38.3111 15.418 0
      vertex 28.02 0 0
      vertex 38.2559 15.4589 0
    endloop
  endfacet
  facet normal 0 0 -1
    outer loop
      vertex 28.02 0 0
      vertex 55 2.9 0
      vertex 79 0 0
    endloop
  endfacet
  facet normal 0 0 -1
    outer loop
      vertex 79 2.9 0
      vertex 82 3 0
      vertex 81.9855 2.70595 0
    endloop
  endfacet
  facet normal 0 0 -1
    outer loop
      vertex 82 3 0
      vertex 79 11.1 0
      vertex 82 39.6 0
    endloop
  endfacet
  facet normal 0 0 -1
    outer loop
      vertex 79 2.9 0
      vertex 81.9855 2.70595 0
      vertex 81.9424 2.41472 0
    endloop
  endfacet
  facet normal 0 0 -1
    outer loop
      vertex 79 31.5 0
      vertex 82 39.6 0
      vertex 79 11.1 0
    endloop
  endfacet
  facet normal 0 0 -1
    outer loop
      vertex 79 2.9 0
      vertex 81.9424 2.41472 0
      vertex 81.8708 2.12914 0
    endloop
  endfacet
  facet normal 0 0 -1
    outer loop
      vertex 79 39.7 0
      vertex 82 39.6 0
      vertex 79 31.5 0
    endloop
  endfacet
  facet normal 0 0 -1
    outer loop
      vertex 79 2.9 0
      vertex 81.8708 2.12914 0
      vertex 81.7716 1.85194 0
    endloop
  endfacet
  facet normal 0 0 -1
    outer loop
      vertex 82 39.6 0
      vertex 79 39.7 0
      vertex 81.9855 39.894 0
    endloop
  endfacet
  facet normal 0 0 -1
    outer loop
      vertex 79 2.9 0
      vertex 81.7716 1.85194 0
      vertex 81.6458 1.5858 0
    endloop
  endfacet
  facet normal -0 0 -1
    outer loop
      vertex 81.9855 39.894 0
      vertex 79 39.7 0
      vertex 81.9424 40.1853 0
    endloop
  endfacet
  facet normal 0 0 -1
    outer loop
      vertex 79 2.9 0
      vertex 81.6458 1.5858 0
      vertex 81.4944 1.33328 0
    endloop
  endfacet
  facet normal -0 0 -1
    outer loop
      vertex 81.9424 40.1853 0
      vertex 79 39.7 0
      vertex 81.8708 40.4708 0
    endloop
  endfacet
  facet normal 0 0 -1
    outer loop
      vertex 79 2.9 0
      vertex 81.4944 1.33328 0
      vertex 81.319 1.09682 0
    endloop
  endfacet
  facet normal -0 0 -1
    outer loop
      vertex 81.8708 40.4708 0
      vertex 79 39.7 0
      vertex 81.7716 40.748 0
    endloop
  endfacet
  facet normal 0 0 -1
    outer loop
      vertex 79 2.9 0
      vertex 81.319 1.09682 0
      vertex 81.1213 0.878677 0
    endloop
  endfacet
  facet normal -0 0 -1
    outer loop
      vertex 81.7716 40.748 0
      vertex 79 39.7 0
      vertex 81.6458 41.0142 0
    endloop
  endfacet
  facet normal 0 0 -1
    outer loop
      vertex 79 2.9 0
      vertex 81.1213 0.878677 0
      vertex 80.9032 0.680954 0
    endloop
  endfacet
  facet normal -0 0 -1
    outer loop
      vertex 81.6458 41.0142 0
      vertex 79 39.7 0
      vertex 81.4944 41.2667 0
    endloop
  endfacet
  facet normal 0 0 -1
    outer loop
      vertex 79 2.9 0
      vertex 80.9032 0.680954 0
      vertex 80.6667 0.505585 0
    endloop
  endfacet
  facet normal -0 0 -1
    outer loop
      vertex 81.4944 41.2667 0
      vertex 79 39.7 0
      vertex 81.319 41.5032 0
    endloop
  endfacet
  facet normal 0 0 -1
    outer loop
      vertex 79 2.9 0
      vertex 80.6667 0.505585 0
      vertex 80.4142 0.354233 0
    endloop
  endfacet
  facet normal -0 0 -1
    outer loop
      vertex 81.319 41.5032 0
      vertex 79 39.7 0
      vertex 81.1213 41.7213 0
    endloop
  endfacet
  facet normal 0 0 -1
    outer loop
      vertex 79 2.9 0
      vertex 80.4142 0.354233 0
      vertex 80.148 0.228348 0
    endloop
  endfacet
  facet normal -0 0 -1
    outer loop
      vertex 81.1213 41.7213 0
      vertex 79 39.7 0
      vertex 80.9032 41.919 0
    endloop
  endfacet
  facet normal 0 0 -1
    outer loop
      vertex 79 2.9 0
      vertex 80.148 0.228348 0
      vertex 79.8708 0.129166 0
    endloop
  endfacet
  facet normal -0 0 -1
    outer loop
      vertex 80.9032 41.919 0
      vertex 79 39.7 0
      vertex 80.6667 42.0944 0
    endloop
  endfacet
  facet normal 0 0 -1
    outer loop
      vertex 79 2.9 0
      vertex 79.8708 0.129166 0
      vertex 79.5853 0.0576324 0
    endloop
  endfacet
  facet normal -0 0 -1
    outer loop
      vertex 80.6667 42.0944 0
      vertex 79 39.7 0
      vertex 80.4142 42.2458 0
    endloop
  endfacet
  facet normal 0 0 -1
    outer loop
      vertex 79 2.9 0
      vertex 79.5853 0.0576324 0
      vertex 79.294 0.0144348 0
    endloop
  endfacet
  facet normal -0 0 -1
    outer loop
      vertex 80.4142 42.2458 0
      vertex 79 39.7 0
      vertex 80.148 42.3716 0
    endloop
  endfacet
  facet normal 0 0 -1
    outer loop
      vertex 79 2.9 0
      vertex 79.294 0.0144348 0
      vertex 79 0 0
    endloop
  endfacet
  facet normal -0 0 -1
    outer loop
      vertex 82 3 0
      vertex 79 2.9 0
      vertex 79 11.1 0
    endloop
  endfacet
  facet normal -0 0 -1
    outer loop
      vertex 80.148 42.3716 0
      vertex 79 39.7 0
      vertex 79.8708 42.4708 0
    endloop
  endfacet
  facet normal -0 0 -1
    outer loop
      vertex 79.8708 42.4708 0
      vertex 79 39.7 0
      vertex 79.5853 42.5423 0
    endloop
  endfacet
  facet normal -0 0 -1
    outer loop
      vertex 79.5853 42.5423 0
      vertex 79 39.7 0
      vertex 79.294 42.5855 0
    endloop
  endfacet
  facet normal 0 0 -1
    outer loop
      vertex 79 39.7 0
      vertex 79 42.6 0
      vertex 79.294 42.5855 0
    endloop
  endfacet
  facet normal 0 0 -1
    outer loop
      vertex 55 39.7 0
      vertex 79 42.6 0
      vertex 79 39.7 0
    endloop
  endfacet
  facet normal 0 0 -1
    outer loop
      vertex 54.7 27.3 0
      vertex 55 31.5 0
      vertex 54.7686 27.2966 0
    endloop
  endfacet
  facet normal 0 0 -1
    outer loop
      vertex 54.6314 27.2966 0
      vertex 55 31.5 0
      vertex 54.7 27.3 0
    endloop
  endfacet
  facet normal 0 0 -1
    outer loop
      vertex 54.5634 27.2865 0
      vertex 55 31.5 0
      vertex 54.6314 27.2966 0
    endloop
  endfacet
  facet normal 0 0 -1
    outer loop
      vertex 54.4968 27.2698 0
      vertex 55 31.5 0
      vertex 54.5634 27.2865 0
    endloop
  endfacet
  facet normal 0 0 -1
    outer loop
      vertex 54.4321 27.2467 0
      vertex 55 31.5 0
      vertex 54.4968 27.2698 0
    endloop
  endfacet
  facet normal 0 0 -1
    outer loop
      vertex 54.37 27.2173 0
      vertex 55 31.5 0
      vertex 54.4321 27.2467 0
    endloop
  endfacet
  facet normal 0 0 -1
    outer loop
      vertex 50.7686 27.2966 0
      vertex 55 31.5 0
      vertex 50.8366 27.2865 0
    endloop
  endfacet
  facet normal 0 0 -1
    outer loop
      vertex 54.3111 27.182 0
      vertex 55 31.5 0
      vertex 54.37 27.2173 0
    endloop
  endfacet
  facet normal 0 0 -1
    outer loop
      vertex 50.9679 27.2467 0
      vertex 55 31.5 0
      vertex 51.03 27.2173 0
    endloop
  endfacet
  facet normal 0 0 -1
    outer loop
      vertex 51.0889 27.182 0
      vertex 55 31.5 0
      vertex 54.3111 27.182 0
    endloop
  endfacet
  facet normal 0 0 -1
    outer loop
      vertex 51.0889 27.182 0
      vertex 54.3111 27.182 0
      vertex 54.2559 27.1411 0
    endloop
  endfacet
  facet normal 0 0 -1
    outer loop
      vertex 51.1441 27.1411 0
      vertex 54.2559 27.1411 0
      vertex 54.205 27.095 0
    endloop
  endfacet
  facet normal 0 0 -1
    outer loop
      vertex 51.195 27.095 0
      vertex 54.205 27.095 0
      vertex 54.1589 27.0441 0
    endloop
  endfacet
  facet normal 0 0 -1
    outer loop
      vertex 51.2411 27.0441 0
      vertex 54.1589 27.0441 0
      vertex 54.118 26.9889 0
    endloop
  endfacet
  facet normal 0 0 -1
    outer loop
      vertex 51.282 26.9889 0
      vertex 54.118 26.9889 0
      vertex 54.0826 26.93 0
    endloop
  endfacet
  facet normal 0 0 -1
    outer loop
      vertex 51.3173 26.93 0
      vertex 54.0826 26.93 0
      vertex 54.0533 26.8679 0
    endloop
  endfacet
  facet normal 0 0 -1
    outer loop
      vertex 51.3467 26.8679 0
      vertex 54.0533 26.8679 0
      vertex 54.0301 26.8032 0
    endloop
  endfacet
  facet normal 0 0 -1
    outer loop
      vertex 51.3699 26.8032 0
      vertex 54.0301 26.8032 0
      vertex 54.0134 26.7366 0
    endloop
  endfacet
  facet normal 0 0 -1
    outer loop
      vertex 51.3865 26.7366 0
      vertex 54.0134 26.7366 0
      vertex 54.0034 26.6686 0
    endloop
  endfacet
  facet normal 0 0 -1
    outer loop
      vertex 51.4 26.6 0
      vertex 54 26.6 0
      vertex 51.4 16 0
    endloop
  endfacet
  facet normal 0 0 -1
    outer loop
      vertex 54 26.6 0
      vertex 51.4 26.6 0
      vertex 54.0034 26.6686 0
    endloop
  endfacet
  facet normal 0 0 -1
    outer loop
      vertex 51.3966 26.6686 0
      vertex 54.0034 26.6686 0
      vertex 51.4 26.6 0
    endloop
  endfacet
  facet normal 0 0 -1
    outer loop
      vertex 51.3865 26.7366 0
      vertex 54.0034 26.6686 0
      vertex 51.3966 26.6686 0
    endloop
  endfacet
  facet normal 0 0 -1
    outer loop
      vertex 54.0134 26.7366 0
      vertex 51.3865 26.7366 0
      vertex 51.3699 26.8032 0
    endloop
  endfacet
  facet normal 0 0 -1
    outer loop
      vertex 54.0301 26.8032 0
      vertex 51.3699 26.8032 0
      vertex 51.3467 26.8679 0
    endloop
  endfacet
  facet normal 0 0 -1
    outer loop
      vertex 54.0533 26.8679 0
      vertex 51.3467 26.8679 0
      vertex 51.3173 26.93 0
    endloop
  endfacet
  facet normal 0 0 -1
    outer loop
      vertex 54.0826 26.93 0
      vertex 51.3173 26.93 0
      vertex 51.282 26.9889 0
    endloop
  endfacet
  facet normal 0 0 -1
    outer loop
      vertex 54.118 26.9889 0
      vertex 51.282 26.9889 0
      vertex 51.2411 27.0441 0
    endloop
  endfacet
  facet normal 0 0 -1
    outer loop
      vertex 54.1589 27.0441 0
      vertex 51.2411 27.0441 0
      vertex 51.195 27.095 0
    endloop
  endfacet
  facet normal 0 0 -1
    outer loop
      vertex 54.205 27.095 0
      vertex 51.195 27.095 0
      vertex 51.1441 27.1411 0
    endloop
  endfacet
  facet normal 0 0 -1
    outer loop
      vertex 54.2559 27.1411 0
      vertex 51.1441 27.1411 0
      vertex 51.0889 27.182 0
    endloop
  endfacet
  facet normal 0 0 -1
    outer loop
      vertex 55 31.5 0
      vertex 51.0889 27.182 0
      vertex 51.03 27.2173 0
    endloop
  endfacet
  facet normal 0 0 -1
    outer loop
      vertex 50.9032 27.2698 0
      vertex 55 31.5 0
      vertex 50.9679 27.2467 0
    endloop
  endfacet
  facet normal 0 0 -1
    outer loop
      vertex 50.8366 27.2865 0
      vertex 55 31.5 0
      vertex 50.9032 27.2698 0
    endloop
  endfacet
  facet normal 0 0 -1
    outer loop
      vertex 50.7 27.3 0
      vertex 55 31.5 0
      vertex 50.7686 27.2966 0
    endloop
  endfacet
  facet normal -0 0 -1
    outer loop
      vertex 55 31.5 0
      vertex 50.7 27.3 0
      vertex 55 32.3 0
    endloop
  endfacet
  facet normal 0 0 -1
    outer loop
      vertex 50.6314 27.2966 0
      vertex 55 32.3 0
      vertex 50.7 27.3 0
    endloop
  endfacet
  facet normal 0 0 -1
    outer loop
      vertex 50.5634 27.2865 0
      vertex 55 32.3 0
      vertex 50.6314 27.2966 0
    endloop
  endfacet
  facet normal 0 0 -1
    outer loop
      vertex 50.4968 27.2698 0
      vertex 55 32.3 0
      vertex 50.5634 27.2865 0
    endloop
  endfacet
  facet normal 0 0 -1
    outer loop
      vertex 46.7686 27.2966 0
      vertex 55 32.3 0
      vertex 46.8366 27.2865 0
    endloop
  endfacet
  facet normal 0 0 -1
    outer loop
      vertex 46.9032 27.2698 0
      vertex 55 32.3 0
      vertex 50.4968 27.2698 0
    endloop
  endfacet
  facet normal 0 0 -1
    outer loop
      vertex 46.9032 27.2698 0
      vertex 50.4968 27.2698 0
      vertex 50.4321 27.2467 0
    endloop
  endfacet
  facet normal 0 0 -1
    outer loop
      vertex 46.9679 27.2467 0
      vertex 50.4321 27.2467 0
      vertex 50.37 27.2173 0
    endloop
  endfacet
  facet normal 0 0 -1
    outer loop
      vertex 47.03 27.2173 0
      vertex 50.37 27.2173 0
      vertex 50.3111 27.182 0
    endloop
  endfacet
  facet normal 0 0 -1
    outer loop
      vertex 47.0889 27.182 0
      vertex 50.3111 27.182 0
      vertex 50.2559 27.1411 0
    endloop
  endfacet
  facet normal 0 0 -1
    outer loop
      vertex 47.1441 27.1411 0
      vertex 50.2559 27.1411 0
      vertex 50.205 27.095 0
    endloop
  endfacet
  facet normal 0 0 -1
    outer loop
      vertex 47.195 27.095 0
      vertex 50.205 27.095 0
      vertex 50.1589 27.0441 0
    endloop
  endfacet
  facet normal 0 0 -1
    outer loop
      vertex 47.2411 27.0441 0
      vertex 50.1589 27.0441 0
      vertex 50.118 26.9889 0
    endloop
  endfacet
  facet normal 0 0 -1
    outer loop
      vertex 47.282 26.9889 0
      vertex 50.118 26.9889 0
      vertex 50.0826 26.93 0
    endloop
  endfacet
  facet normal 0 0 -1
    outer loop
      vertex 47.3173 26.93 0
      vertex 50.0826 26.93 0
      vertex 50.0533 26.8679 0
    endloop
  endfacet
  facet normal 0 0 -1
    outer loop
      vertex 47.4 26.6 0
      vertex 50 26.6 0
      vertex 47.4 16 0
    endloop
  endfacet
  facet normal 0 0 -1
    outer loop
      vertex 50 26.6 0
      vertex 47.4 26.6 0
      vertex 50.0034 26.6686 0
    endloop
  endfacet
  facet normal 0 0 -1
    outer loop
      vertex 47.3966 26.6686 0
      vertex 50.0034 26.6686 0
      vertex 47.4 26.6 0
    endloop
  endfacet
  facet normal 0 0 -1
    outer loop
      vertex 50.0034 26.6686 0
      vertex 47.3966 26.6686 0
      vertex 50.0134 26.7366 0
    endloop
  endfacet
  facet normal 0 0 -1
    outer loop
      vertex 47.3865 26.7366 0
      vertex 50.0134 26.7366 0
      vertex 47.3966 26.6686 0
    endloop
  endfacet
  facet normal 0 0 -1
    outer loop
      vertex 50.0134 26.7366 0
      vertex 47.3865 26.7366 0
      vertex 50.0301 26.8032 0
    endloop
  endfacet
  facet normal 0 0 -1
    outer loop
      vertex 47.3699 26.8032 0
      vertex 50.0301 26.8032 0
      vertex 47.3865 26.7366 0
    endloop
  endfacet
  facet normal 0 0 -1
    outer loop
      vertex 50.0301 26.8032 0
      vertex 47.3699 26.8032 0
      vertex 50.0533 26.8679 0
    endloop
  endfacet
  facet normal 0 0 -1
    outer loop
      vertex 47.3467 26.8679 0
      vertex 50.0533 26.8679 0
      vertex 47.3699 26.8032 0
    endloop
  endfacet
  facet normal 0 0 -1
    outer loop
      vertex 47.3173 26.93 0
      vertex 50.0533 26.8679 0
      vertex 47.3467 26.8679 0
    endloop
  endfacet
  facet normal 0 0 -1
    outer loop
      vertex 50.0826 26.93 0
      vertex 47.3173 26.93 0
      vertex 47.282 26.9889 0
    endloop
  endfacet
  facet normal 0 0 -1
    outer loop
      vertex 50.118 26.9889 0
      vertex 47.282 26.9889 0
      vertex 47.2411 27.0441 0
    endloop
  endfacet
  facet normal 0 0 -1
    outer loop
      vertex 50.1589 27.0441 0
      vertex 47.2411 27.0441 0
      vertex 47.195 27.095 0
    endloop
  endfacet
  facet normal 0 0 -1
    outer loop
      vertex 50.205 27.095 0
      vertex 47.195 27.095 0
      vertex 47.1441 27.1411 0
    endloop
  endfacet
  facet normal 0 0 -1
    outer loop
      vertex 50.2559 27.1411 0
      vertex 47.1441 27.1411 0
      vertex 47.0889 27.182 0
    endloop
  endfacet
  facet normal 0 0 -1
    outer loop
      vertex 50.3111 27.182 0
      vertex 47.0889 27.182 0
      vertex 47.03 27.2173 0
    endloop
  endfacet
  facet normal 0 0 -1
    outer loop
      vertex 50.37 27.2173 0
      vertex 47.03 27.2173 0
      vertex 46.9679 27.2467 0
    endloop
  endfacet
  facet normal 0 0 -1
    outer loop
      vertex 50.4321 27.2467 0
      vertex 46.9679 27.2467 0
      vertex 46.9032 27.2698 0
    endloop
  endfacet
  facet normal 0 0 -1
    outer loop
      vertex 55 32.3 0
      vertex 46.9032 27.2698 0
      vertex 46.8366 27.2865 0
    endloop
  endfacet
  facet normal -0 0 -1
    outer loop
      vertex 55 32.3 0
      vertex 46.7686 27.2966 0
      vertex 55 38.9 0
    endloop
  endfacet
  facet normal 0 0 -1
    outer loop
      vertex 46.7 27.3 0
      vertex 55 38.9 0
      vertex 46.7686 27.2966 0
    endloop
  endfacet
  facet normal 0 0 -1
    outer loop
      vertex 46.6314 27.2966 0
      vertex 55 38.9 0
      vertex 46.7 27.3 0
    endloop
  endfacet
  facet normal 0 0 -1
    outer loop
      vertex 46.5634 27.2865 0
      vertex 55 38.9 0
      vertex 46.6314 27.2966 0
    endloop
  endfacet
  facet normal 0 0 -1
    outer loop
      vertex 42.8366 27.2865 0
      vertex 55 38.9 0
      vertex 46.5634 27.2865 0
    endloop
  endfacet
  facet normal 0 0 -1
    outer loop
      vertex 42.8366 27.2865 0
      vertex 46.5634 27.2865 0
      vertex 46.4968 27.2698 0
    endloop
  endfacet
  facet normal 0 0 -1
    outer loop
      vertex 42.9032 27.2698 0
      vertex 46.4968 27.2698 0
      vertex 46.4321 27.2467 0
    endloop
  endfacet
  facet normal 0 0 -1
    outer loop
      vertex 42.9679 27.2467 0
      vertex 46.4321 27.2467 0
      vertex 46.37 27.2173 0
    endloop
  endfacet
  facet normal 0 0 -1
    outer loop
      vertex 43.03 27.2173 0
      vertex 46.37 27.2173 0
      vertex 46.3111 27.182 0
    endloop
  endfacet
  facet normal 0 0 -1
    outer loop
      vertex 43.0889 27.182 0
      vertex 46.3111 27.182 0
      vertex 46.2559 27.1411 0
    endloop
  endfacet
  facet normal 0 0 -1
    outer loop
      vertex 43.1441 27.1411 0
      vertex 46.2559 27.1411 0
      vertex 46.205 27.095 0
    endloop
  endfacet
  facet normal 0 0 -1
    outer loop
      vertex 43.195 27.095 0
      vertex 46.205 27.095 0
      vertex 46.1589 27.0441 0
    endloop
  endfacet
  facet normal 0 0 -1
    outer loop
      vertex 43.2411 27.0441 0
      vertex 46.1589 27.0441 0
      vertex 46.118 26.9889 0
    endloop
  endfacet
  facet normal 0 0 -1
    outer loop
      vertex 43.4 26.6 0
      vertex 46 26.6 0
      vertex 43.4 16 0
    endloop
  endfacet
  facet normal 0 0 -1
    outer loop
      vertex 46 26.6 0
      vertex 43.4 26.6 0
      vertex 46.0034 26.6686 0
    endloop
  endfacet
  facet normal 0 0 -1
    outer loop
      vertex 43.3966 26.6686 0
      vertex 46.0034 26.6686 0
      vertex 43.4 26.6 0
    endloop
  endfacet
  facet normal 0 0 -1
    outer loop
      vertex 46.0034 26.6686 0
      vertex 43.3966 26.6686 0
      vertex 46.0134 26.7366 0
    endloop
  endfacet
  facet normal 0 0 -1
    outer loop
      vertex 43.3865 26.7366 0
      vertex 46.0134 26.7366 0
      vertex 43.3966 26.6686 0
    endloop
  endfacet
  facet normal 0 0 -1
    outer loop
      vertex 46.0134 26.7366 0
      vertex 43.3865 26.7366 0
      vertex 46.0301 26.8032 0
    endloop
  endfacet
  facet normal 0 0 -1
    outer loop
      vertex 43.3699 26.8032 0
      vertex 46.0301 26.8032 0
      vertex 43.3865 26.7366 0
    endloop
  endfacet
  facet normal 0 0 -1
    outer loop
      vertex 46.0301 26.8032 0
      vertex 43.3699 26.8032 0
      vertex 46.0533 26.8679 0
    endloop
  endfacet
  facet normal 0 0 -1
    outer loop
      vertex 43.3467 26.8679 0
      vertex 46.0533 26.8679 0
      vertex 43.3699 26.8032 0
    endloop
  endfacet
  facet normal 0 0 -1
    outer loop
      vertex 46.0533 26.8679 0
      vertex 43.3467 26.8679 0
      vertex 46.0826 26.93 0
    endloop
  endfacet
  facet normal 0 0 -1
    outer loop
      vertex 43.3173 26.93 0
      vertex 46.0826 26.93 0
      vertex 43.3467 26.8679 0
    endloop
  endfacet
  facet normal 0 0 -1
    outer loop
      vertex 46.0826 26.93 0
      vertex 43.3173 26.93 0
      vertex 46.118 26.9889 0
    endloop
  endfacet
  facet normal 0 0 -1
    outer loop
      vertex 43.282 26.9889 0
      vertex 46.118 26.9889 0
      vertex 43.3173 26.93 0
    endloop
  endfacet
  facet normal 0 0 -1
    outer loop
      vertex 43.2411 27.0441 0
      vertex 46.118 26.9889 0
      vertex 43.282 26.9889 0
    endloop
  endfacet
  facet normal 0 0 -1
    outer loop
      vertex 46.1589 27.0441 0
      vertex 43.2411 27.0441 0
      vertex 43.195 27.095 0
    endloop
  endfacet
  facet normal 0 0 -1
    outer loop
      vertex 46.205 27.095 0
      vertex 43.195 27.095 0
      vertex 43.1441 27.1411 0
    endloop
  endfacet
  facet normal 0 0 -1
    outer loop
      vertex 46.2559 27.1411 0
      vertex 43.1441 27.1411 0
      vertex 43.0889 27.182 0
    endloop
  endfacet
  facet normal 0 0 -1
    outer loop
      vertex 46.3111 27.182 0
      vertex 43.0889 27.182 0
      vertex 43.03 27.2173 0
    endloop
  endfacet
  facet normal 0 0 -1
    outer loop
      vertex 46.37 27.2173 0
      vertex 43.03 27.2173 0
      vertex 42.9679 27.2467 0
    endloop
  endfacet
  facet normal 0 0 -1
    outer loop
      vertex 46.4321 27.2467 0
      vertex 42.9679 27.2467 0
      vertex 42.9032 27.2698 0
    endloop
  endfacet
  facet normal 0 0 -1
    outer loop
      vertex 46.4968 27.2698 0
      vertex 42.9032 27.2698 0
      vertex 42.8366 27.2865 0
    endloop
  endfacet
  facet normal 0 0 -1
    outer loop
      vertex 42.7686 27.2966 0
      vertex 55 38.9 0
      vertex 42.8366 27.2865 0
    endloop
  endfacet
  facet normal 0 0 -1
    outer loop
      vertex 42.7 27.3 0
      vertex 55 38.9 0
      vertex 42.7686 27.2966 0
    endloop
  endfacet
  facet normal -0 0 -1
    outer loop
      vertex 55 38.9 0
      vertex 42.7 27.3 0
      vertex 55 39.7 0
    endloop
  endfacet
  facet normal 0 0 -1
    outer loop
      vertex 42.6314 27.2966 0
      vertex 55 39.7 0
      vertex 42.7 27.3 0
    endloop
  endfacet
  facet normal 0 0 -1
    outer loop
      vertex 28.02 42.6 0
      vertex 42.6314 27.2966 0
      vertex 42.5634 27.2865 0
    endloop
  endfacet
  facet normal 0 0 -1
    outer loop
      vertex 38.8366 27.2865 0
      vertex 42.5634 27.2865 0
      vertex 42.4968 27.2698 0
    endloop
  endfacet
  facet normal 0 0 -1
    outer loop
      vertex 38.9032 27.2698 0
      vertex 42.4968 27.2698 0
      vertex 42.4321 27.2467 0
    endloop
  endfacet
  facet normal 0 0 -1
    outer loop
      vertex 38.9679 27.2467 0
      vertex 42.4321 27.2467 0
      vertex 42.37 27.2173 0
    endloop
  endfacet
  facet normal 0 0 -1
    outer loop
      vertex 39.03 27.2173 0
      vertex 42.37 27.2173 0
      vertex 42.3111 27.182 0
    endloop
  endfacet
  facet normal 0 0 -1
    outer loop
      vertex 39.0889 27.182 0
      vertex 42.3111 27.182 0
      vertex 42.2559 27.1411 0
    endloop
  endfacet
  facet normal 0 0 -1
    outer loop
      vertex 39.1441 27.1411 0
      vertex 42.2559 27.1411 0
      vertex 42.205 27.095 0
    endloop
  endfacet
  facet normal 0 0 -1
    outer loop
      vertex 39.4 26.6 0
      vertex 42 26.6 0
      vertex 39.4 16 0
    endloop
  endfacet
  facet normal 0 0 -1
    outer loop
      vertex 42 26.6 0
      vertex 39.4 26.6 0
      vertex 42.0034 26.6686 0
    endloop
  endfacet
  facet normal 0 0 -1
    outer loop
      vertex 39.3966 26.6686 0
      vertex 42.0034 26.6686 0
      vertex 39.4 26.6 0
    endloop
  endfacet
  facet normal 0 0 -1
    outer loop
      vertex 42.0034 26.6686 0
      vertex 39.3966 26.6686 0
      vertex 42.0134 26.7366 0
    endloop
  endfacet
  facet normal 0 0 -1
    outer loop
      vertex 39.3865 26.7366 0
      vertex 42.0134 26.7366 0
      vertex 39.3966 26.6686 0
    endloop
  endfacet
  facet normal 0 0 -1
    outer loop
      vertex 42.0134 26.7366 0
      vertex 39.3865 26.7366 0
      vertex 42.0301 26.8032 0
    endloop
  endfacet
  facet normal 0 0 -1
    outer loop
      vertex 39.3699 26.8032 0
      vertex 42.0301 26.8032 0
      vertex 39.3865 26.7366 0
    endloop
  endfacet
  facet normal 0 0 -1
    outer loop
      vertex 42.0301 26.8032 0
      vertex 39.3699 26.8032 0
      vertex 42.0533 26.8679 0
    endloop
  endfacet
  facet normal 0 0 -1
    outer loop
      vertex 39.3467 26.8679 0
      vertex 42.0533 26.8679 0
      vertex 39.3699 26.8032 0
    endloop
  endfacet
  facet normal 0 0 -1
    outer loop
      vertex 42.0533 26.8679 0
      vertex 39.3467 26.8679 0
      vertex 42.0826 26.93 0
    endloop
  endfacet
  facet normal 0 0 -1
    outer loop
      vertex 39.3173 26.93 0
      vertex 42.0826 26.93 0
      vertex 39.3467 26.8679 0
    endloop
  endfacet
  facet normal 0 0 -1
    outer loop
      vertex 42.0826 26.93 0
      vertex 39.3173 26.93 0
      vertex 42.118 26.9889 0
    endloop
  endfacet
  facet normal 0 0 -1
    outer loop
      vertex 39.282 26.9889 0
      vertex 42.118 26.9889 0
      vertex 39.3173 26.93 0
    endloop
  endfacet
  facet normal 0 0 -1
    outer loop
      vertex 42.118 26.9889 0
      vertex 39.282 26.9889 0
      vertex 42.1589 27.0441 0
    endloop
  endfacet
  facet normal 0 0 -1
    outer loop
      vertex 39.2411 27.0441 0
      vertex 42.1589 27.0441 0
      vertex 39.282 26.9889 0
    endloop
  endfacet
  facet normal 0 0 -1
    outer loop
      vertex 42.1589 27.0441 0
      vertex 39.2411 27.0441 0
      vertex 42.205 27.095 0
    endloop
  endfacet
  facet normal 0 0 -1
    outer loop
      vertex 39.195 27.095 0
      vertex 42.205 27.095 0
      vertex 39.2411 27.0441 0
    endloop
  endfacet
  facet normal 0 0 -1
    outer loop
      vertex 39.1441 27.1411 0
      vertex 42.205 27.095 0
      vertex 39.195 27.095 0
    endloop
  endfacet
  facet normal 0 0 -1
    outer loop
      vertex 42.2559 27.1411 0
      vertex 39.1441 27.1411 0
      vertex 39.0889 27.182 0
    endloop
  endfacet
  facet normal 0 0 -1
    outer loop
      vertex 42.3111 27.182 0
      vertex 39.0889 27.182 0
      vertex 39.03 27.2173 0
    endloop
  endfacet
  facet normal 0 0 -1
    outer loop
      vertex 42.37 27.2173 0
      vertex 39.03 27.2173 0
      vertex 38.9679 27.2467 0
    endloop
  endfacet
  facet normal 0 0 -1
    outer loop
      vertex 42.4321 27.2467 0
      vertex 38.9679 27.2467 0
      vertex 38.9032 27.2698 0
    endloop
  endfacet
  facet normal 0 0 -1
    outer loop
      vertex 42.4968 27.2698 0
      vertex 38.9032 27.2698 0
      vertex 38.8366 27.2865 0
    endloop
  endfacet
  facet normal 0 0 -1
    outer loop
      vertex 42.5634 27.2865 0
      vertex 38.8366 27.2865 0
      vertex 28.02 42.6 0
    endloop
  endfacet
  facet normal 0 0 -1
    outer loop
      vertex 28.02 42.6 0
      vertex 38.8366 27.2865 0
      vertex 38.7686 27.2966 0
    endloop
  endfacet
  facet normal 0 0 -1
    outer loop
      vertex 28.02 42.6 0
      vertex 38.7686 27.2966 0
      vertex 38.7 27.3 0
    endloop
  endfacet
  facet normal 0 0 -1
    outer loop
      vertex 28.02 42.6 0
      vertex 38.7 27.3 0
      vertex 38.6314 27.2966 0
    endloop
  endfacet
  facet normal 0 0 -1
    outer loop
      vertex 28.02 42.6 0
      vertex 38.6314 27.2966 0
      vertex 38.5634 27.2865 0
    endloop
  endfacet
  facet normal 0 0 -1
    outer loop
      vertex 28.02 42.6 0
      vertex 38.5634 27.2865 0
      vertex 38.4968 27.2698 0
    endloop
  endfacet
  facet normal 0 0 -1
    outer loop
      vertex 28.02 42.6 0
      vertex 38.4968 27.2698 0
      vertex 38.4321 27.2467 0
    endloop
  endfacet
  facet normal 0 0 -1
    outer loop
      vertex 28.02 42.6 0
      vertex 38.4321 27.2467 0
      vertex 38.37 27.2173 0
    endloop
  endfacet
  facet normal 0 0 -1
    outer loop
      vertex 28.02 42.6 0
      vertex 38.37 27.2173 0
      vertex 38.3111 27.182 0
    endloop
  endfacet
  facet normal 0 0 -1
    outer loop
      vertex 28.02 42.6 0
      vertex 38.3111 27.182 0
      vertex 38.2559 27.1411 0
    endloop
  endfacet
  facet normal 0 0 -1
    outer loop
      vertex 28.02 42.6 0
      vertex 38 26.6 0
      vertex 28.02 0 0
    endloop
  endfacet
  facet normal 0 0 -1
    outer loop
      vertex 38 26.6 0
      vertex 28.02 42.6 0
      vertex 38.0034 26.6686 0
    endloop
  endfacet
  facet normal 0 0 -1
    outer loop
      vertex 38.0034 26.6686 0
      vertex 28.02 42.6 0
      vertex 38.0134 26.7366 0
    endloop
  endfacet
  facet normal 0 0 -1
    outer loop
      vertex 38.0134 26.7366 0
      vertex 28.02 42.6 0
      vertex 38.0301 26.8032 0
    endloop
  endfacet
  facet normal 0 0 -1
    outer loop
      vertex 55 39.7 0
      vertex 28.02 42.6 0
      vertex 79 42.6 0
    endloop
  endfacet
  facet normal 0 0 -1
    outer loop
      vertex 42.6314 27.2966 0
      vertex 28.02 42.6 0
      vertex 55 39.7 0
    endloop
  endfacet
  facet normal 0 0 -1
    outer loop
      vertex 38.205 27.095 0
      vertex 28.02 42.6 0
      vertex 38.2559 27.1411 0
    endloop
  endfacet
  facet normal 0 0 -1
    outer loop
      vertex 38.1589 27.0441 0
      vertex 28.02 42.6 0
      vertex 38.205 27.095 0
    endloop
  endfacet
  facet normal 0 0 -1
    outer loop
      vertex 38.118 26.9889 0
      vertex 28.02 42.6 0
      vertex 38.1589 27.0441 0
    endloop
  endfacet
  facet normal 0 0 -1
    outer loop
      vertex 38.0826 26.93 0
      vertex 28.02 42.6 0
      vertex 38.118 26.9889 0
    endloop
  endfacet
  facet normal 0 0 -1
    outer loop
      vertex 38.0533 26.8679 0
      vertex 28.02 42.6 0
      vertex 38.0826 26.93 0
    endloop
  endfacet
  facet normal 0 0 -1
    outer loop
      vertex 38.0301 26.8032 0
      vertex 28.02 42.6 0
      vertex 38.0533 26.8679 0
    endloop
  endfacet
  facet normal 0 0 -1
    outer loop
      vertex 55.4 26.6 0
      vertex 79 31.5 0
      vertex 55.4 16 0
    endloop
  endfacet
  facet normal 0 0 -1
    outer loop
      vertex 55.3966 26.6686 0
      vertex 79 31.5 0
      vertex 55.4 26.6 0
    endloop
  endfacet
  facet normal 0 0 -1
    outer loop
      vertex 55.3865 26.7366 0
      vertex 79 31.5 0
      vertex 55.3966 26.6686 0
    endloop
  endfacet
  facet normal 0 0 -1
    outer loop
      vertex 55.3699 26.8032 0
      vertex 79 31.5 0
      vertex 55.3865 26.7366 0
    endloop
  endfacet
  facet normal 0 0 -1
    outer loop
      vertex 55 31.5 0
      vertex 55.3699 26.8032 0
      vertex 55.3467 26.8679 0
    endloop
  endfacet
  facet normal 0 0 -1
    outer loop
      vertex 55 31.5 0
      vertex 55.3467 26.8679 0
      vertex 55.3173 26.93 0
    endloop
  endfacet
  facet normal 0 0 -1
    outer loop
      vertex 55 31.5 0
      vertex 55.3173 26.93 0
      vertex 55.282 26.9889 0
    endloop
  endfacet
  facet normal 0 0 -1
    outer loop
      vertex 55 31.5 0
      vertex 55.282 26.9889 0
      vertex 55.2411 27.0441 0
    endloop
  endfacet
  facet normal 0 0 -1
    outer loop
      vertex 55 31.5 0
      vertex 55.2411 27.0441 0
      vertex 55.195 27.095 0
    endloop
  endfacet
  facet normal 0 0 -1
    outer loop
      vertex 55 31.5 0
      vertex 55.195 27.095 0
      vertex 55.1441 27.1411 0
    endloop
  endfacet
  facet normal 0 0 -1
    outer loop
      vertex 55 31.5 0
      vertex 55.1441 27.1411 0
      vertex 55.0889 27.182 0
    endloop
  endfacet
  facet normal 0 0 -1
    outer loop
      vertex 55 31.5 0
      vertex 55.0889 27.182 0
      vertex 55.03 27.2173 0
    endloop
  endfacet
  facet normal 0 0 -1
    outer loop
      vertex 55.3699 26.8032 0
      vertex 55 31.5 0
      vertex 79 31.5 0
    endloop
  endfacet
  facet normal 0 0 -1
    outer loop
      vertex 54.8366 27.2865 0
      vertex 55 31.5 0
      vertex 54.9032 27.2698 0
    endloop
  endfacet
  facet normal 0 0 -1
    outer loop
      vertex 54.7686 27.2966 0
      vertex 55 31.5 0
      vertex 54.8366 27.2865 0
    endloop
  endfacet
  facet normal 0 0 -1
    outer loop
      vertex 54.9032 27.2698 0
      vertex 55 31.5 0
      vertex 54.9679 27.2467 0
    endloop
  endfacet
  facet normal 0 0 -1
    outer loop
      vertex 54.9679 27.2467 0
      vertex 55 31.5 0
      vertex 55.03 27.2173 0
    endloop
  endfacet
  facet normal 0 0 -1
    outer loop
      vertex 55 3.7 0
      vertex 78.2 10.3 0
      vertex 78.2 3.7 0
    endloop
  endfacet
  facet normal -0 0 -1
    outer loop
      vertex 78.2 10.3 0
      vertex 55 3.7 0
      vertex 55 10.3 0
    endloop
  endfacet
  facet normal 0 0 -1
    outer loop
      vertex 55 32.3 0
      vertex 78.2 38.9 0
      vertex 78.2 32.3 0
    endloop
  endfacet
  facet normal -0 0 -1
    outer loop
      vertex 78.2 38.9 0
      vertex 55 32.3 0
      vertex 55 38.9 0
    endloop
  endfacet
  facet normal -0.989183 0.146688 0
    outer loop
      vertex 0.0144348 39.894 0
      vertex 0.0576324 40.1853 2
      vertex 0.0576324 40.1853 0
    endloop
  endfacet
  facet normal -0.989183 0.146688 0
    outer loop
      vertex 0.0576324 40.1853 2
      vertex 0.0144348 39.894 0
      vertex 0.0144348 39.894 2
    endloop
  endfacet
  facet normal -0.903976 -0.427583 0
    outer loop
      vertex 0.354233 1.5858 0
      vertex 0.228348 1.85194 2
      vertex 0.228348 1.85194 0
    endloop
  endfacet
  facet normal -0.903976 -0.427583 0
    outer loop
      vertex 0.228348 1.85194 2
      vertex 0.354233 1.5858 0
      vertex 0.354233 1.5858 2
    endloop
  endfacet
  facet normal 0.998786 -0.0492515 0
    outer loop
      vertex 81.9855 2.70595 2
      vertex 82 3 0
      vertex 82 3 2
    endloop
  endfacet
  facet normal 0.998786 -0.0492515 0
    outer loop
      vertex 82 3 0
      vertex 81.9855 2.70595 2
      vertex 81.9855 2.70595 0
    endloop
  endfacet
  facet normal 0.740974 -0.671534 0
    outer loop
      vertex 81.1213 0.878677 2
      vertex 81.319 1.09682 0
      vertex 81.319 1.09682 2
    endloop
  endfacet
  facet normal 0.740974 -0.671534 0
    outer loop
      vertex 81.319 1.09682 0
      vertex 81.1213 0.878677 2
      vertex 81.1213 0.878677 0
    endloop
  endfacet
  facet normal -0.0490306 -0.998797 0
    outer loop
      vertex 2.70595 0.0144348 0
      vertex 3 0 2
      vertex 2.70595 0.0144348 2
    endloop
  endfacet
  facet normal -0.0490306 -0.998797 -0
    outer loop
      vertex 3 0 2
      vertex 2.70595 0.0144348 0
      vertex 3 0 0
    endloop
  endfacet
  facet normal -0.514096 -0.857733 0
    outer loop
      vertex 1.33328 0.505585 0
      vertex 1.5858 0.354233 2
      vertex 1.33328 0.505585 2
    endloop
  endfacet
  facet normal -0.514096 -0.857733 -0
    outer loop
      vertex 1.5858 0.354233 2
      vertex 1.33328 0.505585 0
      vertex 1.5858 0.354233 0
    endloop
  endfacet
  facet normal 0.941527 -0.336939 0
    outer loop
      vertex 81.7716 1.85194 2
      vertex 81.8708 2.12914 0
      vertex 81.8708 2.12914 2
    endloop
  endfacet
  facet normal 0.941527 -0.336939 0
    outer loop
      vertex 81.8708 2.12914 0
      vertex 81.7716 1.85194 2
      vertex 81.7716 1.85194 0
    endloop
  endfacet
  facet normal -0.941546 -0.336885 0
    outer loop
      vertex 0.228348 1.85194 0
      vertex 0.129166 2.12914 2
      vertex 0.129166 2.12914 0
    endloop
  endfacet
  facet normal -0.941546 -0.336885 0
    outer loop
      vertex 0.129166 2.12914 2
      vertex 0.228348 1.85194 0
      vertex 0.228348 1.85194 2
    endloop
  endfacet
  facet normal -0.970032 -0.242979 0
    outer loop
      vertex 0.129166 2.12914 0
      vertex 0.0576324 2.41472 2
      vertex 0.0576324 2.41472 0
    endloop
  endfacet
  facet normal -0.970032 -0.242979 0
    outer loop
      vertex 0.0576324 2.41472 2
      vertex 0.129166 2.12914 0
      vertex 0.129166 2.12914 2
    endloop
  endfacet
  facet normal 0.941537 -0.336908 0
    outer loop
      vertex 9.67925 5.89022 10.9
      vertex 9.77513 6.15817 1.2
      vertex 9.77513 6.15817 10.9
    endloop
  endfacet
  facet normal 0.941537 -0.336908 0
    outer loop
      vertex 9.77513 6.15817 1.2
      vertex 9.67925 5.89022 10.9
      vertex 9.67925 5.89022 1.2
    endloop
  endfacet
  facet normal 0.803214 0.59569 0
    outer loop
      vertex 9.41126 8.61115 10.9
      vertex 9.24173 8.83974 1.2
      vertex 9.24173 8.83974 10.9
    endloop
  endfacet
  facet normal 0.803214 0.59569 0
    outer loop
      vertex 9.24173 8.83974 1.2
      vertex 9.41126 8.61115 10.9
      vertex 9.41126 8.61115 1.2
    endloop
  endfacet
  facet normal -0.740954 -0.671556 0
    outer loop
      vertex 4.94939 4.94939 1.2
      vertex 4.75827 5.16026 10.9
      vertex 4.75827 5.16026 1.2
    endloop
  endfacet
  facet normal -0.740954 -0.671556 0
    outer loop
      vertex 4.75827 5.16026 10.9
      vertex 4.94939 4.94939 1.2
      vertex 4.94939 4.94939 10.9
    endloop
  endfacet
  facet normal 0.989181 0.146703 0
    outer loop
      vertex 9.88603 7.28425 10.9
      vertex 9.84428 7.56576 1.2
      vertex 9.84428 7.56576 10.9
    endloop
  endfacet
  facet normal 0.989181 0.146703 0
    outer loop
      vertex 9.84428 7.56576 1.2
      vertex 9.88603 7.28425 10.9
      vertex 9.88603 7.28425 1.2
    endloop
  endfacet
  facet normal 0.671556 0.740954 -0
    outer loop
      vertex 9.05061 9.05061 1.2
      vertex 8.83974 9.24173 10.9
      vertex 9.05061 9.05061 10.9
    endloop
  endfacet
  facet normal 0.671556 0.740954 0
    outer loop
      vertex 8.83974 9.24173 10.9
      vertex 9.05061 9.05061 1.2
      vertex 8.83974 9.24173 1.2
    endloop
  endfacet
  facet normal -0.671556 0.740954 0
    outer loop
      vertex 5.16026 9.24173 1.2
      vertex 4.94939 9.05061 10.9
      vertex 5.16026 9.24173 10.9
    endloop
  endfacet
  facet normal -0.671556 0.740954 0
    outer loop
      vertex 4.94939 9.05061 10.9
      vertex 5.16026 9.24173 1.2
      vertex 4.94939 9.05061 1.2
    endloop
  endfacet
  facet normal 0.242974 -0.970033 0
    outer loop
      vertex 7.56576 4.15572 1.2
      vertex 7.84183 4.22487 10.9
      vertex 7.56576 4.15572 10.9
    endloop
  endfacet
  facet normal 0.242974 -0.970033 0
    outer loop
      vertex 7.84183 4.22487 10.9
      vertex 7.56576 4.15572 1.2
      vertex 7.84183 4.22487 1.2
    endloop
  endfacet
  facet normal 0.514108 0.857725 -0
    outer loop
      vertex 8.61115 9.41126 1.2
      vertex 8.36705 9.55757 10.9
      vertex 8.61115 9.41126 10.9
    endloop
  endfacet
  facet normal 0.514108 0.857725 0
    outer loop
      vertex 8.36705 9.55757 10.9
      vertex 8.61115 9.41126 1.2
      vertex 8.36705 9.55757 1.2
    endloop
  endfacet
  facet normal -0.336908 0.941537 0
    outer loop
      vertex 6.15817 9.77513 1.2
      vertex 5.89022 9.67925 10.9
      vertex 6.15817 9.77513 10.9
    endloop
  endfacet
  facet normal -0.336908 0.941537 0
    outer loop
      vertex 5.89022 9.67925 10.9
      vertex 6.15817 9.77513 1.2
      vertex 5.89022 9.67925 1.2
    endloop
  endfacet
  facet normal -0.998794 0.0490876 0
    outer loop
      vertex 4.1 7 1.2
      vertex 4.11397 7.28425 10.9
      vertex 4.11397 7.28425 1.2
    endloop
  endfacet
  facet normal -0.998794 0.0490876 0
    outer loop
      vertex 4.11397 7.28425 10.9
      vertex 4.1 7 1.2
      vertex 4.1 7 10.9
    endloop
  endfacet
  facet normal 0.514108 -0.857725 0
    outer loop
      vertex 8.36705 4.44243 1.2
      vertex 8.61115 4.58874 10.9
      vertex 8.36705 4.44243 10.9
    endloop
  endfacet
  facet normal 0.514108 -0.857725 0
    outer loop
      vertex 8.61115 4.58874 10.9
      vertex 8.36705 4.44243 1.2
      vertex 8.61115 4.58874 1.2
    endloop
  endfacet
  facet normal 0.740954 -0.671556 0
    outer loop
      vertex 9.05061 4.94939 10.9
      vertex 9.24173 5.16026 1.2
      vertex 9.24173 5.16026 10.9
    endloop
  endfacet
  facet normal 0.740954 -0.671556 0
    outer loop
      vertex 9.24173 5.16026 1.2
      vertex 9.05061 4.94939 10.9
      vertex 9.05061 4.94939 1.2
    endloop
  endfacet
  facet normal -0.514108 0.857725 0
    outer loop
      vertex 5.63295 9.55757 1.2
      vertex 5.38885 9.41126 10.9
      vertex 5.63295 9.55757 10.9
    endloop
  endfacet
  facet normal -0.514108 0.857725 0
    outer loop
      vertex 5.38885 9.41126 10.9
      vertex 5.63295 9.55757 1.2
      vertex 5.38885 9.41126 1.2
    endloop
  endfacet
  facet normal 0.989181 -0.146703 0
    outer loop
      vertex 9.84428 6.43424 10.9
      vertex 9.88603 6.71575 1.2
      vertex 9.88603 6.71575 10.9
    endloop
  endfacet
  facet normal 0.989181 -0.146703 0
    outer loop
      vertex 9.88603 6.71575 1.2
      vertex 9.84428 6.43424 10.9
      vertex 9.84428 6.43424 1.2
    endloop
  endfacet
  facet normal 0.146703 -0.989181 0
    outer loop
      vertex 7.28425 4.11397 1.2
      vertex 7.56576 4.15572 10.9
      vertex 7.28425 4.11397 10.9
    endloop
  endfacet
  facet normal 0.146703 -0.989181 0
    outer loop
      vertex 7.56576 4.15572 10.9
      vertex 7.28425 4.11397 1.2
      vertex 7.56576 4.15572 1.2
    endloop
  endfacet
  facet normal -0.242974 0.970033 0
    outer loop
      vertex 6.43424 9.84428 1.2
      vertex 6.15817 9.77513 10.9
      vertex 6.43424 9.84428 10.9
    endloop
  endfacet
  facet normal -0.242974 0.970033 0
    outer loop
      vertex 6.15817 9.77513 10.9
      vertex 6.43424 9.84428 1.2
      vertex 6.15817 9.77513 1.2
    endloop
  endfacet
  facet normal -0.59569 0.803214 0
    outer loop
      vertex 5.38885 9.41126 1.2
      vertex 5.16026 9.24173 10.9
      vertex 5.38885 9.41126 10.9
    endloop
  endfacet
  facet normal -0.59569 0.803214 0
    outer loop
      vertex 5.16026 9.24173 10.9
      vertex 5.38885 9.41126 1.2
      vertex 5.16026 9.24173 1.2
    endloop
  endfacet
  facet normal -0.989181 -0.146703 0
    outer loop
      vertex 4.15572 6.43424 1.2
      vertex 4.11397 6.71575 10.9
      vertex 4.11397 6.71575 1.2
    endloop
  endfacet
  facet normal -0.989181 -0.146703 0
    outer loop
      vertex 4.11397 6.71575 10.9
      vertex 4.15572 6.43424 1.2
      vertex 4.15572 6.43424 10.9
    endloop
  endfacet
  facet normal 0.336908 0.941537 -0
    outer loop
      vertex 8.10978 9.67925 1.2
      vertex 7.84183 9.77513 10.9
      vertex 8.10978 9.67925 10.9
    endloop
  endfacet
  facet normal 0.336908 0.941537 0
    outer loop
      vertex 7.84183 9.77513 10.9
      vertex 8.10978 9.67925 1.2
      vertex 7.84183 9.77513 1.2
    endloop
  endfacet
  facet normal -0.427556 -0.903989 0
    outer loop
      vertex 5.63295 4.44243 1.2
      vertex 5.89022 4.32075 10.9
      vertex 5.63295 4.44243 10.9
    endloop
  endfacet
  facet normal -0.427556 -0.903989 -0
    outer loop
      vertex 5.89022 4.32075 10.9
      vertex 5.63295 4.44243 1.2
      vertex 5.89022 4.32075 1.2
    endloop
  endfacet
  facet normal -0.59569 -0.803214 0
    outer loop
      vertex 5.16026 4.75827 1.2
      vertex 5.38885 4.58874 10.9
      vertex 5.16026 4.75827 10.9
    endloop
  endfacet
  facet normal -0.59569 -0.803214 -0
    outer loop
      vertex 5.38885 4.58874 10.9
      vertex 5.16026 4.75827 1.2
      vertex 5.38885 4.58874 1.2
    endloop
  endfacet
  facet normal 0.998794 0.0490876 0
    outer loop
      vertex 9.9 7 10.9
      vertex 9.88603 7.28425 1.2
      vertex 9.88603 7.28425 10.9
    endloop
  endfacet
  facet normal 0.998794 0.0490876 0
    outer loop
      vertex 9.88603 7.28425 1.2
      vertex 9.9 7 10.9
      vertex 9.9 7 1.2
    endloop
  endfacet
  facet normal -0.970033 -0.242974 0
    outer loop
      vertex 4.22487 6.15817 1.2
      vertex 4.15572 6.43424 10.9
      vertex 4.15572 6.43424 1.2
    endloop
  endfacet
  facet normal -0.970033 -0.242974 0
    outer loop
      vertex 4.15572 6.43424 10.9
      vertex 4.22487 6.15817 1.2
      vertex 4.22487 6.15817 10.9
    endloop
  endfacet
  facet normal -0.903989 -0.427556 0
    outer loop
      vertex 4.44243 5.63295 1.2
      vertex 4.32075 5.89022 10.9
      vertex 4.32075 5.89022 1.2
    endloop
  endfacet
  facet normal -0.903989 -0.427556 0
    outer loop
      vertex 4.32075 5.89022 10.9
      vertex 4.44243 5.63295 1.2
      vertex 4.44243 5.63295 10.9
    endloop
  endfacet
  facet normal -0.146703 0.989181 0
    outer loop
      vertex 6.71575 9.88603 1.2
      vertex 6.43424 9.84428 10.9
      vertex 6.71575 9.88603 10.9
    endloop
  endfacet
  facet normal -0.146703 0.989181 0
    outer loop
      vertex 6.43424 9.84428 10.9
      vertex 6.71575 9.88603 1.2
      vertex 6.43424 9.84428 1.2
    endloop
  endfacet
  facet normal -0.0490876 0.998794 0
    outer loop
      vertex 7 9.9 1.2
      vertex 6.71575 9.88603 10.9
      vertex 7 9.9 10.9
    endloop
  endfacet
  facet normal -0.0490876 0.998794 0
    outer loop
      vertex 6.71575 9.88603 10.9
      vertex 7 9.9 1.2
      vertex 6.71575 9.88603 1.2
    endloop
  endfacet
  facet normal -0.242974 -0.970033 0
    outer loop
      vertex 6.15817 4.22487 1.2
      vertex 6.43424 4.15572 10.9
      vertex 6.15817 4.22487 10.9
    endloop
  endfacet
  facet normal -0.242974 -0.970033 -0
    outer loop
      vertex 6.43424 4.15572 10.9
      vertex 6.15817 4.22487 1.2
      vertex 6.43424 4.15572 1.2
    endloop
  endfacet
  facet normal 0.903989 0.427556 0
    outer loop
      vertex 9.67925 8.10978 10.9
      vertex 9.55757 8.36705 1.2
      vertex 9.55757 8.36705 10.9
    endloop
  endfacet
  facet normal 0.903989 0.427556 0
    outer loop
      vertex 9.55757 8.36705 1.2
      vertex 9.67925 8.10978 10.9
      vertex 9.67925 8.10978 1.2
    endloop
  endfacet
  facet normal 0.998794 -0.0490876 0
    outer loop
      vertex 9.88603 6.71575 10.9
      vertex 9.9 7 1.2
      vertex 9.9 7 10.9
    endloop
  endfacet
  facet normal 0.998794 -0.0490876 0
    outer loop
      vertex 9.9 7 1.2
      vertex 9.88603 6.71575 10.9
      vertex 9.88603 6.71575 1.2
    endloop
  endfacet
  facet normal 0.857725 0.514108 0
    outer loop
      vertex 9.55757 8.36705 10.9
      vertex 9.41126 8.61115 1.2
      vertex 9.41126 8.61115 10.9
    endloop
  endfacet
  facet normal 0.857725 0.514108 0
    outer loop
      vertex 9.41126 8.61115 1.2
      vertex 9.55757 8.36705 10.9
      vertex 9.55757 8.36705 1.2
    endloop
  endfacet
  facet normal 0.970033 0.242974 0
    outer loop
      vertex 9.84428 7.56576 10.9
      vertex 9.77513 7.84183 1.2
      vertex 9.77513 7.84183 10.9
    endloop
  endfacet
  facet normal 0.970033 0.242974 0
    outer loop
      vertex 9.77513 7.84183 1.2
      vertex 9.84428 7.56576 10.9
      vertex 9.84428 7.56576 1.2
    endloop
  endfacet
  facet normal -0.989181 0.146703 0
    outer loop
      vertex 4.11397 7.28425 1.2
      vertex 4.15572 7.56576 10.9
      vertex 4.15572 7.56576 1.2
    endloop
  endfacet
  facet normal -0.989181 0.146703 0
    outer loop
      vertex 4.15572 7.56576 10.9
      vertex 4.11397 7.28425 1.2
      vertex 4.11397 7.28425 10.9
    endloop
  endfacet
  facet normal 0.740954 0.671556 0
    outer loop
      vertex 9.24173 8.83974 10.9
      vertex 9.05061 9.05061 1.2
      vertex 9.05061 9.05061 10.9
    endloop
  endfacet
  facet normal 0.740954 0.671556 0
    outer loop
      vertex 9.05061 9.05061 1.2
      vertex 9.24173 8.83974 10.9
      vertex 9.24173 8.83974 1.2
    endloop
  endfacet
  facet normal 0.0490876 -0.998794 0
    outer loop
      vertex 7 4.1 1.2
      vertex 7.28425 4.11397 10.9
      vertex 7 4.1 10.9
    endloop
  endfacet
  facet normal 0.0490876 -0.998794 0
    outer loop
      vertex 7.28425 4.11397 10.9
      vertex 7 4.1 1.2
      vertex 7.28425 4.11397 1.2
    endloop
  endfacet
  facet normal -0.857725 -0.514108 0
    outer loop
      vertex 4.58874 5.38885 1.2
      vertex 4.44243 5.63295 10.9
      vertex 4.44243 5.63295 1.2
    endloop
  endfacet
  facet normal -0.857725 -0.514108 0
    outer loop
      vertex 4.44243 5.63295 10.9
      vertex 4.58874 5.38885 1.2
      vertex 4.58874 5.38885 10.9
    endloop
  endfacet
  facet normal -0.970033 0.242974 0
    outer loop
      vertex 4.15572 7.56576 1.2
      vertex 4.22487 7.84183 10.9
      vertex 4.22487 7.84183 1.2
    endloop
  endfacet
  facet normal -0.970033 0.242974 0
    outer loop
      vertex 4.22487 7.84183 10.9
      vertex 4.15572 7.56576 1.2
      vertex 4.15572 7.56576 10.9
    endloop
  endfacet
  facet normal -0.803214 -0.59569 0
    outer loop
      vertex 4.75827 5.16026 1.2
      vertex 4.58874 5.38885 10.9
      vertex 4.58874 5.38885 1.2
    endloop
  endfacet
  facet normal -0.803214 -0.59569 0
    outer loop
      vertex 4.58874 5.38885 10.9
      vertex 4.75827 5.16026 1.2
      vertex 4.75827 5.16026 10.9
    endloop
  endfacet
  facet normal 0.857725 -0.514108 0
    outer loop
      vertex 9.41126 5.38885 10.9
      vertex 9.55757 5.63295 1.2
      vertex 9.55757 5.63295 10.9
    endloop
  endfacet
  facet normal 0.857725 -0.514108 0
    outer loop
      vertex 9.55757 5.63295 1.2
      vertex 9.41126 5.38885 10.9
      vertex 9.41126 5.38885 1.2
    endloop
  endfacet
  facet normal 0.941537 0.336908 0
    outer loop
      vertex 9.77513 7.84183 10.9
      vertex 9.67925 8.10978 1.2
      vertex 9.67925 8.10978 10.9
    endloop
  endfacet
  facet normal 0.941537 0.336908 0
    outer loop
      vertex 9.67925 8.10978 1.2
      vertex 9.77513 7.84183 10.9
      vertex 9.77513 7.84183 1.2
    endloop
  endfacet
  facet normal 0.59569 -0.803214 0
    outer loop
      vertex 8.61115 4.58874 1.2
      vertex 8.83974 4.75827 10.9
      vertex 8.61115 4.58874 10.9
    endloop
  endfacet
  facet normal 0.59569 -0.803214 0
    outer loop
      vertex 8.83974 4.75827 10.9
      vertex 8.61115 4.58874 1.2
      vertex 8.83974 4.75827 1.2
    endloop
  endfacet
  facet normal -0.998794 -0.0490876 0
    outer loop
      vertex 4.11397 6.71575 1.2
      vertex 4.1 7 10.9
      vertex 4.1 7 1.2
    endloop
  endfacet
  facet normal -0.998794 -0.0490876 0
    outer loop
      vertex 4.1 7 10.9
      vertex 4.11397 6.71575 1.2
      vertex 4.11397 6.71575 10.9
    endloop
  endfacet
  facet normal -0.903989 0.427556 0
    outer loop
      vertex 4.32075 8.10978 1.2
      vertex 4.44243 8.36705 10.9
      vertex 4.44243 8.36705 1.2
    endloop
  endfacet
  facet normal -0.903989 0.427556 0
    outer loop
      vertex 4.44243 8.36705 10.9
      vertex 4.32075 8.10978 1.2
      vertex 4.32075 8.10978 10.9
    endloop
  endfacet
  facet normal -0.941537 0.336908 0
    outer loop
      vertex 4.22487 7.84183 1.2
      vertex 4.32075 8.10978 10.9
      vertex 4.32075 8.10978 1.2
    endloop
  endfacet
  facet normal -0.941537 0.336908 0
    outer loop
      vertex 4.32075 8.10978 10.9
      vertex 4.22487 7.84183 1.2
      vertex 4.22487 7.84183 10.9
    endloop
  endfacet
  facet normal -0.146703 -0.989181 0
    outer loop
      vertex 6.43424 4.15572 1.2
      vertex 6.71575 4.11397 10.9
      vertex 6.43424 4.15572 10.9
    endloop
  endfacet
  facet normal -0.146703 -0.989181 -0
    outer loop
      vertex 6.71575 4.11397 10.9
      vertex 6.43424 4.15572 1.2
      vertex 6.71575 4.11397 1.2
    endloop
  endfacet
  facet normal 0.146703 0.989181 -0
    outer loop
      vertex 7.56576 9.84428 1.2
      vertex 7.28425 9.88603 10.9
      vertex 7.56576 9.84428 10.9
    endloop
  endfacet
  facet normal 0.146703 0.989181 0
    outer loop
      vertex 7.28425 9.88603 10.9
      vertex 7.56576 9.84428 1.2
      vertex 7.28425 9.88603 1.2
    endloop
  endfacet
  facet normal 0.0490876 0.998794 -0
    outer loop
      vertex 7.28425 9.88603 1.2
      vertex 7 9.9 10.9
      vertex 7.28425 9.88603 10.9
    endloop
  endfacet
  facet normal 0.0490876 0.998794 0
    outer loop
      vertex 7 9.9 10.9
      vertex 7.28425 9.88603 1.2
      vertex 7 9.9 1.2
    endloop
  endfacet
  facet normal -0.514108 -0.857725 0
    outer loop
      vertex 5.38885 4.58874 1.2
      vertex 5.63295 4.44243 10.9
      vertex 5.38885 4.58874 10.9
    endloop
  endfacet
  facet normal -0.514108 -0.857725 -0
    outer loop
      vertex 5.63295 4.44243 10.9
      vertex 5.38885 4.58874 1.2
      vertex 5.63295 4.44243 1.2
    endloop
  endfacet
  facet normal 0.59569 0.803214 -0
    outer loop
      vertex 8.83974 9.24173 1.2
      vertex 8.61115 9.41126 10.9
      vertex 8.83974 9.24173 10.9
    endloop
  endfacet
  facet normal 0.59569 0.803214 0
    outer loop
      vertex 8.61115 9.41126 10.9
      vertex 8.83974 9.24173 1.2
      vertex 8.61115 9.41126 1.2
    endloop
  endfacet
  facet normal 0.427556 0.903989 -0
    outer loop
      vertex 8.36705 9.55757 1.2
      vertex 8.10978 9.67925 10.9
      vertex 8.36705 9.55757 10.9
    endloop
  endfacet
  facet normal 0.427556 0.903989 0
    outer loop
      vertex 8.10978 9.67925 10.9
      vertex 8.36705 9.55757 1.2
      vertex 8.10978 9.67925 1.2
    endloop
  endfacet
  facet normal 0.903989 -0.427556 0
    outer loop
      vertex 9.55757 5.63295 10.9
      vertex 9.67925 5.89022 1.2
      vertex 9.67925 5.89022 10.9
    endloop
  endfacet
  facet normal 0.903989 -0.427556 0
    outer loop
      vertex 9.67925 5.89022 1.2
      vertex 9.55757 5.63295 10.9
      vertex 9.55757 5.63295 1.2
    endloop
  endfacet
  facet normal -0.0490876 -0.998794 0
    outer loop
      vertex 6.71575 4.11397 1.2
      vertex 7 4.1 10.9
      vertex 6.71575 4.11397 10.9
    endloop
  endfacet
  facet normal -0.0490876 -0.998794 -0
    outer loop
      vertex 7 4.1 10.9
      vertex 6.71575 4.11397 1.2
      vertex 7 4.1 1.2
    endloop
  endfacet
  facet normal -0.941537 -0.336908 0
    outer loop
      vertex 4.32075 5.89022 1.2
      vertex 4.22487 6.15817 10.9
      vertex 4.22487 6.15817 1.2
    endloop
  endfacet
  facet normal -0.941537 -0.336908 0
    outer loop
      vertex 4.22487 6.15817 10.9
      vertex 4.32075 5.89022 1.2
      vertex 4.32075 5.89022 10.9
    endloop
  endfacet
  facet normal 0.242974 0.970033 -0
    outer loop
      vertex 7.84183 9.77513 1.2
      vertex 7.56576 9.84428 10.9
      vertex 7.84183 9.77513 10.9
    endloop
  endfacet
  facet normal 0.242974 0.970033 0
    outer loop
      vertex 7.56576 9.84428 10.9
      vertex 7.84183 9.77513 1.2
      vertex 7.56576 9.84428 1.2
    endloop
  endfacet
  facet normal -0.336908 -0.941537 0
    outer loop
      vertex 5.89022 4.32075 1.2
      vertex 6.15817 4.22487 10.9
      vertex 5.89022 4.32075 10.9
    endloop
  endfacet
  facet normal -0.336908 -0.941537 -0
    outer loop
      vertex 6.15817 4.22487 10.9
      vertex 5.89022 4.32075 1.2
      vertex 6.15817 4.22487 1.2
    endloop
  endfacet
  facet normal 0.671556 -0.740954 0
    outer loop
      vertex 8.83974 4.75827 1.2
      vertex 9.05061 4.94939 10.9
      vertex 8.83974 4.75827 10.9
    endloop
  endfacet
  facet normal 0.671556 -0.740954 0
    outer loop
      vertex 9.05061 4.94939 10.9
      vertex 8.83974 4.75827 1.2
      vertex 9.05061 4.94939 1.2
    endloop
  endfacet
  facet normal 0.970033 -0.242974 0
    outer loop
      vertex 9.77513 6.15817 10.9
      vertex 9.84428 6.43424 1.2
      vertex 9.84428 6.43424 10.9
    endloop
  endfacet
  facet normal 0.970033 -0.242974 0
    outer loop
      vertex 9.84428 6.43424 1.2
      vertex 9.77513 6.15817 10.9
      vertex 9.77513 6.15817 1.2
    endloop
  endfacet
  facet normal -0.671556 -0.740954 0
    outer loop
      vertex 4.94939 4.94939 1.2
      vertex 5.16026 4.75827 10.9
      vertex 4.94939 4.94939 10.9
    endloop
  endfacet
  facet normal -0.671556 -0.740954 -0
    outer loop
      vertex 5.16026 4.75827 10.9
      vertex 4.94939 4.94939 1.2
      vertex 5.16026 4.75827 1.2
    endloop
  endfacet
  facet normal 0.803214 -0.59569 0
    outer loop
      vertex 9.24173 5.16026 10.9
      vertex 9.41126 5.38885 1.2
      vertex 9.41126 5.38885 10.9
    endloop
  endfacet
  facet normal 0.803214 -0.59569 0
    outer loop
      vertex 9.41126 5.38885 1.2
      vertex 9.24173 5.16026 10.9
      vertex 9.24173 5.16026 1.2
    endloop
  endfacet
  facet normal 0.336908 -0.941537 0
    outer loop
      vertex 7.84183 4.22487 1.2
      vertex 8.10978 4.32075 10.9
      vertex 7.84183 4.22487 10.9
    endloop
  endfacet
  facet normal 0.336908 -0.941537 0
    outer loop
      vertex 8.10978 4.32075 10.9
      vertex 7.84183 4.22487 1.2
      vertex 8.10978 4.32075 1.2
    endloop
  endfacet
  facet normal -0.803214 0.59569 0
    outer loop
      vertex 4.58874 8.61115 1.2
      vertex 4.75827 8.83974 10.9
      vertex 4.75827 8.83974 1.2
    endloop
  endfacet
  facet normal -0.803214 0.59569 0
    outer loop
      vertex 4.75827 8.83974 10.9
      vertex 4.58874 8.61115 1.2
      vertex 4.58874 8.61115 10.9
    endloop
  endfacet
  facet normal 0.427556 -0.903989 0
    outer loop
      vertex 8.10978 4.32075 1.2
      vertex 8.36705 4.44243 10.9
      vertex 8.10978 4.32075 10.9
    endloop
  endfacet
  facet normal 0.427556 -0.903989 0
    outer loop
      vertex 8.36705 4.44243 10.9
      vertex 8.10978 4.32075 1.2
      vertex 8.36705 4.44243 1.2
    endloop
  endfacet
  facet normal -0.740954 0.671556 0
    outer loop
      vertex 4.75827 8.83974 1.2
      vertex 4.94939 9.05061 10.9
      vertex 4.94939 9.05061 1.2
    endloop
  endfacet
  facet normal -0.740954 0.671556 0
    outer loop
      vertex 4.94939 9.05061 10.9
      vertex 4.75827 8.83974 1.2
      vertex 4.75827 8.83974 10.9
    endloop
  endfacet
  facet normal -0.427556 0.903989 0
    outer loop
      vertex 5.89022 9.67925 1.2
      vertex 5.63295 9.55757 10.9
      vertex 5.89022 9.67925 10.9
    endloop
  endfacet
  facet normal -0.427556 0.903989 0
    outer loop
      vertex 5.63295 9.55757 10.9
      vertex 5.89022 9.67925 1.2
      vertex 5.63295 9.55757 1.2
    endloop
  endfacet
  facet normal 0 0 1
    outer loop
      vertex 9 7 10.9
      vertex 9.9 7 10.9
      vertex 9.88603 7.28425 10.9
    endloop
  endfacet
  facet normal 0 0 1
    outer loop
      vertex 8.99037 7.19603 10.9
      vertex 9.88603 7.28425 10.9
      vertex 9.84428 7.56576 10.9
    endloop
  endfacet
  facet normal 0 0 1
    outer loop
      vertex 9.9 7 10.9
      vertex 9 7 10.9
      vertex 9.88603 6.71575 10.9
    endloop
  endfacet
  facet normal 0 0 1
    outer loop
      vertex 8.96157 7.39018 10.9
      vertex 9.84428 7.56576 10.9
      vertex 9.77513 7.84183 10.9
    endloop
  endfacet
  facet normal -0 0 1
    outer loop
      vertex 8.99037 6.80397 10.9
      vertex 9.88603 6.71575 10.9
      vertex 9 7 10.9
    endloop
  endfacet
  facet normal 0 0 1
    outer loop
      vertex 8.91388 7.58057 10.9
      vertex 9.77513 7.84183 10.9
      vertex 9.67925 8.10978 10.9
    endloop
  endfacet
  facet normal 0 0 1
    outer loop
      vertex 9.88603 6.71575 10.9
      vertex 8.99037 6.80397 10.9
      vertex 9.84428 6.43424 10.9
    endloop
  endfacet
  facet normal 0 0 1
    outer loop
      vertex 8.84776 7.76537 10.9
      vertex 9.67925 8.10978 10.9
      vertex 9.55757 8.36705 10.9
    endloop
  endfacet
  facet normal -0 0 1
    outer loop
      vertex 8.96157 6.60982 10.9
      vertex 9.84428 6.43424 10.9
      vertex 8.99037 6.80397 10.9
    endloop
  endfacet
  facet normal 0 0 1
    outer loop
      vertex 8.76384 7.94279 10.9
      vertex 9.55757 8.36705 10.9
      vertex 9.41126 8.61115 10.9
    endloop
  endfacet
  facet normal 0 0 1
    outer loop
      vertex 9.84428 6.43424 10.9
      vertex 8.96157 6.60982 10.9
      vertex 9.77513 6.15817 10.9
    endloop
  endfacet
  facet normal 0 0 1
    outer loop
      vertex 8.66294 8.11114 10.9
      vertex 9.41126 8.61115 10.9
      vertex 9.24173 8.83974 10.9
    endloop
  endfacet
  facet normal -0 0 1
    outer loop
      vertex 8.91388 6.41943 10.9
      vertex 9.77513 6.15817 10.9
      vertex 8.96157 6.60982 10.9
    endloop
  endfacet
  facet normal 0 0 1
    outer loop
      vertex 8.54602 8.26879 10.9
      vertex 9.24173 8.83974 10.9
      vertex 9.05061 9.05061 10.9
    endloop
  endfacet
  facet normal 0 0 1
    outer loop
      vertex 9.77513 6.15817 10.9
      vertex 8.91388 6.41943 10.9
      vertex 9.67925 5.89022 10.9
    endloop
  endfacet
  facet normal -0 0 1
    outer loop
      vertex 8.84776 6.23463 10.9
      vertex 9.67925 5.89022 10.9
      vertex 8.91388 6.41943 10.9
    endloop
  endfacet
  facet normal 0 0 1
    outer loop
      vertex 9.88603 7.28425 10.9
      vertex 8.99037 7.19603 10.9
      vertex 9 7 10.9
    endloop
  endfacet
  facet normal 0 0 1
    outer loop
      vertex 9.84428 7.56576 10.9
      vertex 8.96157 7.39018 10.9
      vertex 8.99037 7.19603 10.9
    endloop
  endfacet
  facet normal 0 0 1
    outer loop
      vertex 9.77513 7.84183 10.9
      vertex 8.91388 7.58057 10.9
      vertex 8.96157 7.39018 10.9
    endloop
  endfacet
  facet normal 0 0 1
    outer loop
      vertex 9.67925 8.10978 10.9
      vertex 8.84776 7.76537 10.9
      vertex 8.91388 7.58057 10.9
    endloop
  endfacet
  facet normal 0 0 1
    outer loop
      vertex 8.41421 8.41421 10.9
      vertex 9.05061 9.05061 10.9
      vertex 8.83974 9.24173 10.9
    endloop
  endfacet
  facet normal 0 0 1
    outer loop
      vertex 9.55757 8.36705 10.9
      vertex 8.76384 7.94279 10.9
      vertex 8.84776 7.76537 10.9
    endloop
  endfacet
  facet normal 0 0 1
    outer loop
      vertex 9.41126 8.61115 10.9
      vertex 8.66294 8.11114 10.9
      vertex 8.76384 7.94279 10.9
    endloop
  endfacet
  facet normal 0 0 1
    outer loop
      vertex 8.26879 8.54602 10.9
      vertex 8.83974 9.24173 10.9
      vertex 8.61115 9.41126 10.9
    endloop
  endfacet
  facet normal 0 0 1
    outer loop
      vertex 9.24173 8.83974 10.9
      vertex 8.54602 8.26879 10.9
      vertex 8.66294 8.11114 10.9
    endloop
  endfacet
  facet normal 0 0 1
    outer loop
      vertex 9.05061 9.05061 10.9
      vertex 8.41421 8.41421 10.9
      vertex 8.54602 8.26879 10.9
    endloop
  endfacet
  facet normal 0 0 1
    outer loop
      vertex 8.11114 8.66294 10.9
      vertex 8.61115 9.41126 10.9
      vertex 8.36705 9.55757 10.9
    endloop
  endfacet
  facet normal 0 0 1
    outer loop
      vertex 8.83974 9.24173 10.9
      vertex 8.26879 8.54602 10.9
      vertex 8.41421 8.41421 10.9
    endloop
  endfacet
  facet normal 0 0 1
    outer loop
      vertex 8.61115 9.41126 10.9
      vertex 8.11114 8.66294 10.9
      vertex 8.26879 8.54602 10.9
    endloop
  endfacet
  facet normal 0 0 1
    outer loop
      vertex 7.94279 8.76384 10.9
      vertex 8.36705 9.55757 10.9
      vertex 8.10978 9.67925 10.9
    endloop
  endfacet
  facet normal 0 0 1
    outer loop
      vertex 8.36705 9.55757 10.9
      vertex 7.94279 8.76384 10.9
      vertex 8.11114 8.66294 10.9
    endloop
  endfacet
  facet normal 0 0 1
    outer loop
      vertex 7.76537 8.84776 10.9
      vertex 8.10978 9.67925 10.9
      vertex 7.84183 9.77513 10.9
    endloop
  endfacet
  facet normal 0 0 1
    outer loop
      vertex 8.10978 9.67925 10.9
      vertex 7.76537 8.84776 10.9
      vertex 7.94279 8.76384 10.9
    endloop
  endfacet
  facet normal 0 0 1
    outer loop
      vertex 7.84183 9.77513 10.9
      vertex 7.58057 8.91388 10.9
      vertex 7.76537 8.84776 10.9
    endloop
  endfacet
  facet normal 0 0 1
    outer loop
      vertex 7.56576 9.84428 10.9
      vertex 7.58057 8.91388 10.9
      vertex 7.84183 9.77513 10.9
    endloop
  endfacet
  facet normal 0 0 1
    outer loop
      vertex 7.56576 9.84428 10.9
      vertex 7.39018 8.96157 10.9
      vertex 7.58057 8.91388 10.9
    endloop
  endfacet
  facet normal 0 0 1
    outer loop
      vertex 7.28425 9.88603 10.9
      vertex 7.39018 8.96157 10.9
      vertex 7.56576 9.84428 10.9
    endloop
  endfacet
  facet normal 0 0 1
    outer loop
      vertex 7.28425 9.88603 10.9
      vertex 7.19603 8.99037 10.9
      vertex 7.39018 8.96157 10.9
    endloop
  endfacet
  facet normal 0 0 1
    outer loop
      vertex 7 9.9 10.9
      vertex 7.19603 8.99037 10.9
      vertex 7.28425 9.88603 10.9
    endloop
  endfacet
  facet normal 0 0 1
    outer loop
      vertex 7 9.9 10.9
      vertex 7 9 10.9
      vertex 7.19603 8.99037 10.9
    endloop
  endfacet
  facet normal 0 0 1
    outer loop
      vertex 7 9.9 10.9
      vertex 6.80397 8.99037 10.9
      vertex 7 9 10.9
    endloop
  endfacet
  facet normal -0 0 1
    outer loop
      vertex 6.71575 9.88603 10.9
      vertex 6.80397 8.99037 10.9
      vertex 7 9.9 10.9
    endloop
  endfacet
  facet normal 0 0 1
    outer loop
      vertex 6.71575 9.88603 10.9
      vertex 6.60982 8.96157 10.9
      vertex 6.80397 8.99037 10.9
    endloop
  endfacet
  facet normal -0 0 1
    outer loop
      vertex 6.43424 9.84428 10.9
      vertex 6.60982 8.96157 10.9
      vertex 6.71575 9.88603 10.9
    endloop
  endfacet
  facet normal 0 0 1
    outer loop
      vertex 6.43424 9.84428 10.9
      vertex 6.41943 8.91388 10.9
      vertex 6.60982 8.96157 10.9
    endloop
  endfacet
  facet normal -0 0 1
    outer loop
      vertex 6.15817 9.77513 10.9
      vertex 6.41943 8.91388 10.9
      vertex 6.43424 9.84428 10.9
    endloop
  endfacet
  facet normal 0 0 1
    outer loop
      vertex 6.41943 8.91388 10.9
      vertex 6.15817 9.77513 10.9
      vertex 6.23463 8.84776 10.9
    endloop
  endfacet
  facet normal -0 0 1
    outer loop
      vertex 5.89022 9.67925 10.9
      vertex 6.23463 8.84776 10.9
      vertex 6.15817 9.77513 10.9
    endloop
  endfacet
  facet normal 0 0 1
    outer loop
      vertex 6.23463 8.84776 10.9
      vertex 5.89022 9.67925 10.9
      vertex 6.05721 8.76384 10.9
    endloop
  endfacet
  facet normal -0 0 1
    outer loop
      vertex 5.63295 9.55757 10.9
      vertex 6.05721 8.76384 10.9
      vertex 5.89022 9.67925 10.9
    endloop
  endfacet
  facet normal 0 0 1
    outer loop
      vertex 6.05721 8.76384 10.9
      vertex 5.63295 9.55757 10.9
      vertex 5.88886 8.66294 10.9
    endloop
  endfacet
  facet normal -0 0 1
    outer loop
      vertex 5.38885 9.41126 10.9
      vertex 5.88886 8.66294 10.9
      vertex 5.63295 9.55757 10.9
    endloop
  endfacet
  facet normal 0 0 1
    outer loop
      vertex 5.88886 8.66294 10.9
      vertex 5.38885 9.41126 10.9
      vertex 5.73121 8.54602 10.9
    endloop
  endfacet
  facet normal -0 0 1
    outer loop
      vertex 5.16026 9.24173 10.9
      vertex 5.73121 8.54602 10.9
      vertex 5.38885 9.41126 10.9
    endloop
  endfacet
  facet normal 0 0 1
    outer loop
      vertex 5.73121 8.54602 10.9
      vertex 5.16026 9.24173 10.9
      vertex 5.58579 8.41421 10.9
    endloop
  endfacet
  facet normal -0 0 1
    outer loop
      vertex 4.94939 9.05061 10.9
      vertex 5.58579 8.41421 10.9
      vertex 5.16026 9.24173 10.9
    endloop
  endfacet
  facet normal 0 0 1
    outer loop
      vertex 5.58579 8.41421 10.9
      vertex 4.94939 9.05061 10.9
      vertex 5.45398 8.26879 10.9
    endloop
  endfacet
  facet normal -0 0 1
    outer loop
      vertex 4.75827 8.83974 10.9
      vertex 5.45398 8.26879 10.9
      vertex 4.94939 9.05061 10.9
    endloop
  endfacet
  facet normal 0 0 1
    outer loop
      vertex 5.45398 8.26879 10.9
      vertex 4.75827 8.83974 10.9
      vertex 5.33706 8.11114 10.9
    endloop
  endfacet
  facet normal -0 0 1
    outer loop
      vertex 4.58874 8.61115 10.9
      vertex 5.33706 8.11114 10.9
      vertex 4.75827 8.83974 10.9
    endloop
  endfacet
  facet normal 0 0 1
    outer loop
      vertex 5.33706 8.11114 10.9
      vertex 4.58874 8.61115 10.9
      vertex 5.23616 7.94279 10.9
    endloop
  endfacet
  facet normal -0 0 1
    outer loop
      vertex 4.44243 8.36705 10.9
      vertex 5.23616 7.94279 10.9
      vertex 4.58874 8.61115 10.9
    endloop
  endfacet
  facet normal -0 0 1
    outer loop
      vertex 4.32075 8.10978 10.9
      vertex 5.15224 7.76537 10.9
      vertex 4.44243 8.36705 10.9
    endloop
  endfacet
  facet normal 0 0 1
    outer loop
      vertex 5.23616 7.94279 10.9
      vertex 4.44243 8.36705 10.9
      vertex 5.15224 7.76537 10.9
    endloop
  endfacet
  facet normal 0 0 1
    outer loop
      vertex 9.67925 5.89022 10.9
      vertex 8.84776 6.23463 10.9
      vertex 9.55757 5.63295 10.9
    endloop
  endfacet
  facet normal -0 0 1
    outer loop
      vertex 8.76384 6.05721 10.9
      vertex 9.55757 5.63295 10.9
      vertex 8.84776 6.23463 10.9
    endloop
  endfacet
  facet normal 0 0 1
    outer loop
      vertex 9.55757 5.63295 10.9
      vertex 8.76384 6.05721 10.9
      vertex 9.41126 5.38885 10.9
    endloop
  endfacet
  facet normal -0 0 1
    outer loop
      vertex 8.66294 5.88886 10.9
      vertex 9.41126 5.38885 10.9
      vertex 8.76384 6.05721 10.9
    endloop
  endfacet
  facet normal 0 0 1
    outer loop
      vertex 9.41126 5.38885 10.9
      vertex 8.66294 5.88886 10.9
      vertex 9.24173 5.16026 10.9
    endloop
  endfacet
  facet normal -0 0 1
    outer loop
      vertex 8.54602 5.73121 10.9
      vertex 9.24173 5.16026 10.9
      vertex 8.66294 5.88886 10.9
    endloop
  endfacet
  facet normal 0 0 1
    outer loop
      vertex 9.24173 5.16026 10.9
      vertex 8.54602 5.73121 10.9
      vertex 9.05061 4.94939 10.9
    endloop
  endfacet
  facet normal -0 0 1
    outer loop
      vertex 8.41421 5.58579 10.9
      vertex 9.05061 4.94939 10.9
      vertex 8.54602 5.73121 10.9
    endloop
  endfacet
  facet normal 0 0 1
    outer loop
      vertex 9.05061 4.94939 10.9
      vertex 8.41421 5.58579 10.9
      vertex 8.83974 4.75827 10.9
    endloop
  endfacet
  facet normal -0 0 1
    outer loop
      vertex 8.26879 5.45398 10.9
      vertex 8.83974 4.75827 10.9
      vertex 8.41421 5.58579 10.9
    endloop
  endfacet
  facet normal 0 0 1
    outer loop
      vertex 8.83974 4.75827 10.9
      vertex 8.26879 5.45398 10.9
      vertex 8.61115 4.58874 10.9
    endloop
  endfacet
  facet normal -0 0 1
    outer loop
      vertex 8.11114 5.33706 10.9
      vertex 8.61115 4.58874 10.9
      vertex 8.26879 5.45398 10.9
    endloop
  endfacet
  facet normal 0 0 1
    outer loop
      vertex 8.61115 4.58874 10.9
      vertex 8.11114 5.33706 10.9
      vertex 8.36705 4.44243 10.9
    endloop
  endfacet
  facet normal -0 0 1
    outer loop
      vertex 7.94279 5.23616 10.9
      vertex 8.36705 4.44243 10.9
      vertex 8.11114 5.33706 10.9
    endloop
  endfacet
  facet normal 0 0 1
    outer loop
      vertex 8.36705 4.44243 10.9
      vertex 7.94279 5.23616 10.9
      vertex 8.10978 4.32075 10.9
    endloop
  endfacet
  facet normal -0 0 1
    outer loop
      vertex 7.76537 5.15224 10.9
      vertex 8.10978 4.32075 10.9
      vertex 7.94279 5.23616 10.9
    endloop
  endfacet
  facet normal 0 0 1
    outer loop
      vertex 8.10978 4.32075 10.9
      vertex 7.76537 5.15224 10.9
      vertex 7.84183 4.22487 10.9
    endloop
  endfacet
  facet normal -0 0 1
    outer loop
      vertex 7.58057 5.08612 10.9
      vertex 7.84183 4.22487 10.9
      vertex 7.76537 5.15224 10.9
    endloop
  endfacet
  facet normal 0 0 1
    outer loop
      vertex 7.58057 5.08612 10.9
      vertex 7.56576 4.15572 10.9
      vertex 7.84183 4.22487 10.9
    endloop
  endfacet
  facet normal -0 0 1
    outer loop
      vertex 7.39018 5.03843 10.9
      vertex 7.56576 4.15572 10.9
      vertex 7.58057 5.08612 10.9
    endloop
  endfacet
  facet normal 0 0 1
    outer loop
      vertex 7.39018 5.03843 10.9
      vertex 7.28425 4.11397 10.9
      vertex 7.56576 4.15572 10.9
    endloop
  endfacet
  facet normal -0 0 1
    outer loop
      vertex 7.19603 5.00963 10.9
      vertex 7.28425 4.11397 10.9
      vertex 7.39018 5.03843 10.9
    endloop
  endfacet
  facet normal -0 0 1
    outer loop
      vertex 7 5 10.9
      vertex 7.28425 4.11397 10.9
      vertex 7.19603 5.00963 10.9
    endloop
  endfacet
  facet normal 0 0 1
    outer loop
      vertex 7 5 10.9
      vertex 7 4.1 10.9
      vertex 7.28425 4.11397 10.9
    endloop
  endfacet
  facet normal 0 0 1
    outer loop
      vertex 6.80397 5.00963 10.9
      vertex 7 4.1 10.9
      vertex 7 5 10.9
    endloop
  endfacet
  facet normal 0 0 1
    outer loop
      vertex 6.80397 5.00963 10.9
      vertex 6.71575 4.11397 10.9
      vertex 7 4.1 10.9
    endloop
  endfacet
  facet normal 0 0 1
    outer loop
      vertex 6.60982 5.03843 10.9
      vertex 6.71575 4.11397 10.9
      vertex 6.80397 5.00963 10.9
    endloop
  endfacet
  facet normal 0 0 1
    outer loop
      vertex 6.60982 5.03843 10.9
      vertex 6.43424 4.15572 10.9
      vertex 6.71575 4.11397 10.9
    endloop
  endfacet
  facet normal 0 0 1
    outer loop
      vertex 6.41943 5.08612 10.9
      vertex 6.43424 4.15572 10.9
      vertex 6.60982 5.03843 10.9
    endloop
  endfacet
  facet normal 0 0 1
    outer loop
      vertex 6.15817 4.22487 10.9
      vertex 6.41943 5.08612 10.9
      vertex 6.23463 5.15224 10.9
    endloop
  endfacet
  facet normal 0 0 1
    outer loop
      vertex 6.41943 5.08612 10.9
      vertex 6.15817 4.22487 10.9
      vertex 6.43424 4.15572 10.9
    endloop
  endfacet
  facet normal 0 0 1
    outer loop
      vertex 5.89022 4.32075 10.9
      vertex 6.23463 5.15224 10.9
      vertex 6.05721 5.23616 10.9
    endloop
  endfacet
  facet normal 0 0 1
    outer loop
      vertex 6.23463 5.15224 10.9
      vertex 5.89022 4.32075 10.9
      vertex 6.15817 4.22487 10.9
    endloop
  endfacet
  facet normal 0 0 1
    outer loop
      vertex 5.63295 4.44243 10.9
      vertex 6.05721 5.23616 10.9
      vertex 5.88886 5.33706 10.9
    endloop
  endfacet
  facet normal 0 0 1
    outer loop
      vertex 5.38885 4.58874 10.9
      vertex 5.88886 5.33706 10.9
      vertex 5.73121 5.45398 10.9
    endloop
  endfacet
  facet normal 0 0 1
    outer loop
      vertex 6.05721 5.23616 10.9
      vertex 5.63295 4.44243 10.9
      vertex 5.89022 4.32075 10.9
    endloop
  endfacet
  facet normal 0 0 1
    outer loop
      vertex 5.16026 4.75827 10.9
      vertex 5.73121 5.45398 10.9
      vertex 5.58579 5.58579 10.9
    endloop
  endfacet
  facet normal 0 0 1
    outer loop
      vertex 4.94939 4.94939 10.9
      vertex 5.58579 5.58579 10.9
      vertex 5.45398 5.73121 10.9
    endloop
  endfacet
  facet normal 0 0 1
    outer loop
      vertex 5.88886 5.33706 10.9
      vertex 5.38885 4.58874 10.9
      vertex 5.63295 4.44243 10.9
    endloop
  endfacet
  facet normal 0 0 1
    outer loop
      vertex 4.75827 5.16026 10.9
      vertex 5.45398 5.73121 10.9
      vertex 5.33706 5.88886 10.9
    endloop
  endfacet
  facet normal 0 0 1
    outer loop
      vertex 4.58874 5.38885 10.9
      vertex 5.33706 5.88886 10.9
      vertex 5.23616 6.05721 10.9
    endloop
  endfacet
  facet normal 0 0 1
    outer loop
      vertex 5.73121 5.45398 10.9
      vertex 5.16026 4.75827 10.9
      vertex 5.38885 4.58874 10.9
    endloop
  endfacet
  facet normal 0 0 1
    outer loop
      vertex 4.44243 5.63295 10.9
      vertex 5.23616 6.05721 10.9
      vertex 5.15224 6.23463 10.9
    endloop
  endfacet
  facet normal 0 0 1
    outer loop
      vertex 4.32075 5.89022 10.9
      vertex 5.15224 6.23463 10.9
      vertex 5.08612 6.41943 10.9
    endloop
  endfacet
  facet normal 0 0 1
    outer loop
      vertex 4.22487 6.15817 10.9
      vertex 5.08612 6.41943 10.9
      vertex 5.03843 6.60982 10.9
    endloop
  endfacet
  facet normal 0 0 1
    outer loop
      vertex 4.15572 6.43424 10.9
      vertex 5.03843 6.60982 10.9
      vertex 5.00963 6.80397 10.9
    endloop
  endfacet
  facet normal 0 0 1
    outer loop
      vertex 5.58579 5.58579 10.9
      vertex 4.94939 4.94939 10.9
      vertex 5.16026 4.75827 10.9
    endloop
  endfacet
  facet normal 0 0 1
    outer loop
      vertex 4.11397 6.71575 10.9
      vertex 5.00963 6.80397 10.9
      vertex 5 7 10.9
    endloop
  endfacet
  facet normal 0 0 1
    outer loop
      vertex 5.15224 7.76537 10.9
      vertex 4.32075 8.10978 10.9
      vertex 5.08612 7.58057 10.9
    endloop
  endfacet
  facet normal -0 0 1
    outer loop
      vertex 4.22487 7.84183 10.9
      vertex 5.08612 7.58057 10.9
      vertex 4.32075 8.10978 10.9
    endloop
  endfacet
  facet normal 0 0 1
    outer loop
      vertex 5.45398 5.73121 10.9
      vertex 4.75827 5.16026 10.9
      vertex 4.94939 4.94939 10.9
    endloop
  endfacet
  facet normal 0 0 1
    outer loop
      vertex 5.08612 7.58057 10.9
      vertex 4.22487 7.84183 10.9
      vertex 5.03843 7.39018 10.9
    endloop
  endfacet
  facet normal 0 0 1
    outer loop
      vertex 5.33706 5.88886 10.9
      vertex 4.58874 5.38885 10.9
      vertex 4.75827 5.16026 10.9
    endloop
  endfacet
  facet normal -0 0 1
    outer loop
      vertex 4.15572 7.56576 10.9
      vertex 5.03843 7.39018 10.9
      vertex 4.22487 7.84183 10.9
    endloop
  endfacet
  facet normal 0 0 1
    outer loop
      vertex 5.23616 6.05721 10.9
      vertex 4.44243 5.63295 10.9
      vertex 4.58874 5.38885 10.9
    endloop
  endfacet
  facet normal 0 0 1
    outer loop
      vertex 5.03843 7.39018 10.9
      vertex 4.15572 7.56576 10.9
      vertex 5.00963 7.19603 10.9
    endloop
  endfacet
  facet normal 0 0 1
    outer loop
      vertex 5.15224 6.23463 10.9
      vertex 4.32075 5.89022 10.9
      vertex 4.44243 5.63295 10.9
    endloop
  endfacet
  facet normal -0 0 1
    outer loop
      vertex 4.11397 7.28425 10.9
      vertex 5.00963 7.19603 10.9
      vertex 4.15572 7.56576 10.9
    endloop
  endfacet
  facet normal 0 0 1
    outer loop
      vertex 5.08612 6.41943 10.9
      vertex 4.22487 6.15817 10.9
      vertex 4.32075 5.89022 10.9
    endloop
  endfacet
  facet normal 0 0 1
    outer loop
      vertex 5.00963 7.19603 10.9
      vertex 4.11397 7.28425 10.9
      vertex 5 7 10.9
    endloop
  endfacet
  facet normal 0 0 1
    outer loop
      vertex 5.03843 6.60982 10.9
      vertex 4.15572 6.43424 10.9
      vertex 4.22487 6.15817 10.9
    endloop
  endfacet
  facet normal 0 0 1
    outer loop
      vertex 4.1 7 10.9
      vertex 5 7 10.9
      vertex 4.11397 7.28425 10.9
    endloop
  endfacet
  facet normal 0 0 1
    outer loop
      vertex 5.00963 6.80397 10.9
      vertex 4.11397 6.71575 10.9
      vertex 4.15572 6.43424 10.9
    endloop
  endfacet
  facet normal 0 0 1
    outer loop
      vertex 5 7 10.9
      vertex 4.1 7 10.9
      vertex 4.11397 6.71575 10.9
    endloop
  endfacet
  facet normal -0.857725 0.514108 0
    outer loop
      vertex 4.44243 8.36705 1.2
      vertex 4.58874 8.61115 10.9
      vertex 4.58874 8.61115 1.2
    endloop
  endfacet
  facet normal -0.857725 0.514108 0
    outer loop
      vertex 4.58874 8.61115 10.9
      vertex 4.44243 8.36705 1.2
      vertex 4.44243 8.36705 10.9
    endloop
  endfacet
  facet normal -0.049066 -0.998796 0
    outer loop
      vertex 7 9 7.3
      vertex 7.19603 8.99037 10.9
      vertex 7 9 10.9
    endloop
  endfacet
  facet normal -0.049066 -0.998796 -0
    outer loop
      vertex 7.19603 8.99037 10.9
      vertex 7 9 7.3
      vertex 7.19603 8.99037 7.3
    endloop
  endfacet
  facet normal -0.989176 -0.146733 0
    outer loop
      vertex 8.99037 7.19603 7.3
      vertex 8.96157 7.39018 10.9
      vertex 8.96157 7.39018 7.3
    endloop
  endfacet
  facet normal -0.989176 -0.146733 0
    outer loop
      vertex 8.96157 7.39018 10.9
      vertex 8.99037 7.19603 7.3
      vertex 8.99037 7.19603 10.9
    endloop
  endfacet
  facet normal -0.740928 0.671584 0
    outer loop
      vertex 8.41421 5.58579 7.3
      vertex 8.54602 5.73121 10.9
      vertex 8.54602 5.73121 7.3
    endloop
  endfacet
  facet normal -0.740928 0.671584 0
    outer loop
      vertex 8.54602 5.73121 10.9
      vertex 8.41421 5.58579 7.3
      vertex 8.41421 5.58579 10.9
    endloop
  endfacet
  facet normal -0.740928 -0.671584 0
    outer loop
      vertex 8.54602 8.26879 7.3
      vertex 8.41421 8.41421 10.9
      vertex 8.41421 8.41421 7.3
    endloop
  endfacet
  facet normal -0.740928 -0.671584 0
    outer loop
      vertex 8.41421 8.41421 10.9
      vertex 8.54602 8.26879 7.3
      vertex 8.54602 8.26879 10.9
    endloop
  endfacet
  facet normal -0.146733 0.989176 0
    outer loop
      vertex 7.39018 5.03843 7.3
      vertex 7.19603 5.00963 10.9
      vertex 7.39018 5.03843 10.9
    endloop
  endfacet
  facet normal -0.146733 0.989176 0
    outer loop
      vertex 7.19603 5.00963 10.9
      vertex 7.39018 5.03843 7.3
      vertex 7.19603 5.00963 7.3
    endloop
  endfacet
  facet normal -0.80321 0.595695 0
    outer loop
      vertex 8.54602 5.73121 7.3
      vertex 8.66294 5.88886 10.9
      vertex 8.66294 5.88886 7.3
    endloop
  endfacet
  facet normal -0.80321 0.595695 0
    outer loop
      vertex 8.66294 5.88886 10.9
      vertex 8.54602 5.73121 7.3
      vertex 8.54602 5.73121 10.9
    endloop
  endfacet
  facet normal -0.514084 0.85774 0
    outer loop
      vertex 8.11114 5.33706 7.3
      vertex 7.94279 5.23616 10.9
      vertex 8.11114 5.33706 10.9
    endloop
  endfacet
  facet normal -0.514084 0.85774 0
    outer loop
      vertex 7.94279 5.23616 10.9
      vertex 8.11114 5.33706 7.3
      vertex 7.94279 5.23616 7.3
    endloop
  endfacet
  facet normal 0.998796 -0.049066 0
    outer loop
      vertex 5 7 10.9
      vertex 5.00963 7.19603 7.3
      vertex 5.00963 7.19603 10.9
    endloop
  endfacet
  facet normal 0.998796 -0.049066 0
    outer loop
      vertex 5.00963 7.19603 7.3
      vertex 5 7 10.9
      vertex 5 7 7.3
    endloop
  endfacet
  facet normal 0.941548 0.336879 0
    outer loop
      vertex 5.15224 6.23463 10.9
      vertex 5.08612 6.41943 7.3
      vertex 5.08612 6.41943 10.9
    endloop
  endfacet
  facet normal 0.941548 0.336879 0
    outer loop
      vertex 5.08612 6.41943 7.3
      vertex 5.15224 6.23463 10.9
      vertex 5.15224 6.23463 7.3
    endloop
  endfacet
  facet normal 0.514084 0.85774 -0
    outer loop
      vertex 6.05721 5.23616 7.3
      vertex 5.88886 5.33706 10.9
      vertex 6.05721 5.23616 10.9
    endloop
  endfacet
  facet normal 0.514084 0.85774 0
    outer loop
      vertex 5.88886 5.33706 10.9
      vertex 6.05721 5.23616 7.3
      vertex 5.88886 5.33706 7.3
    endloop
  endfacet
  facet normal -0.941548 -0.336879 0
    outer loop
      vertex 8.91388 7.58057 7.3
      vertex 8.84776 7.76537 10.9
      vertex 8.84776 7.76537 7.3
    endloop
  endfacet
  facet normal -0.941548 -0.336879 0
    outer loop
      vertex 8.84776 7.76537 10.9
      vertex 8.91388 7.58057 7.3
      vertex 8.91388 7.58057 10.9
    endloop
  endfacet
  facet normal 0.970032 0.242979 0
    outer loop
      vertex 5.08612 6.41943 10.9
      vertex 5.03843 6.60982 7.3
      vertex 5.03843 6.60982 10.9
    endloop
  endfacet
  facet normal 0.970032 0.242979 0
    outer loop
      vertex 5.03843 6.60982 7.3
      vertex 5.08612 6.41943 10.9
      vertex 5.08612 6.41943 7.3
    endloop
  endfacet
  facet normal 0.85774 -0.514084 0
    outer loop
      vertex 5.23616 7.94279 10.9
      vertex 5.33706 8.11114 7.3
      vertex 5.33706 8.11114 10.9
    endloop
  endfacet
  facet normal 0.85774 -0.514084 0
    outer loop
      vertex 5.33706 8.11114 7.3
      vertex 5.23616 7.94279 10.9
      vertex 5.23616 7.94279 7.3
    endloop
  endfacet
  facet normal -0.336879 -0.941548 0
    outer loop
      vertex 7.58057 8.91388 7.3
      vertex 7.76537 8.84776 10.9
      vertex 7.58057 8.91388 10.9
    endloop
  endfacet
  facet normal -0.336879 -0.941548 -0
    outer loop
      vertex 7.76537 8.84776 10.9
      vertex 7.58057 8.91388 7.3
      vertex 7.76537 8.84776 7.3
    endloop
  endfacet
  facet normal -0.595695 0.80321 0
    outer loop
      vertex 8.26879 5.45398 7.3
      vertex 8.11114 5.33706 10.9
      vertex 8.26879 5.45398 10.9
    endloop
  endfacet
  facet normal -0.595695 0.80321 0
    outer loop
      vertex 8.11114 5.33706 10.9
      vertex 8.26879 5.45398 7.3
      vertex 8.11114 5.33706 7.3
    endloop
  endfacet
  facet normal -0.989176 0.146733 0
    outer loop
      vertex 8.96157 6.60982 7.3
      vertex 8.99037 6.80397 10.9
      vertex 8.99037 6.80397 7.3
    endloop
  endfacet
  facet normal -0.989176 0.146733 0
    outer loop
      vertex 8.99037 6.80397 10.9
      vertex 8.96157 6.60982 7.3
      vertex 8.96157 6.60982 10.9
    endloop
  endfacet
  facet normal 0.80321 0.595695 0
    outer loop
      vertex 5.45398 5.73121 10.9
      vertex 5.33706 5.88886 7.3
      vertex 5.33706 5.88886 10.9
    endloop
  endfacet
  facet normal 0.80321 0.595695 0
    outer loop
      vertex 5.33706 5.88886 7.3
      vertex 5.45398 5.73121 10.9
      vertex 5.45398 5.73121 7.3
    endloop
  endfacet
  facet normal -0.903976 0.427583 0
    outer loop
      vertex 8.76384 6.05721 7.3
      vertex 8.84776 6.23463 10.9
      vertex 8.84776 6.23463 7.3
    endloop
  endfacet
  facet normal -0.903976 0.427583 0
    outer loop
      vertex 8.84776 6.23463 10.9
      vertex 8.76384 6.05721 7.3
      vertex 8.76384 6.05721 10.9
    endloop
  endfacet
  facet normal 0.970032 -0.242979 0
    outer loop
      vertex 5.03843 7.39018 10.9
      vertex 5.08612 7.58057 7.3
      vertex 5.08612 7.58057 10.9
    endloop
  endfacet
  facet normal 0.970032 -0.242979 0
    outer loop
      vertex 5.08612 7.58057 7.3
      vertex 5.03843 7.39018 10.9
      vertex 5.03843 7.39018 7.3
    endloop
  endfacet
  facet normal -0.998796 -0.049066 0
    outer loop
      vertex 9 7 7.3
      vertex 8.99037 7.19603 10.9
      vertex 8.99037 7.19603 7.3
    endloop
  endfacet
  facet normal -0.998796 -0.049066 0
    outer loop
      vertex 8.99037 7.19603 10.9
      vertex 9 7 7.3
      vertex 9 7 10.9
    endloop
  endfacet
  facet normal 0.941548 -0.336879 0
    outer loop
      vertex 5.08612 7.58057 10.9
      vertex 5.15224 7.76537 7.3
      vertex 5.15224 7.76537 10.9
    endloop
  endfacet
  facet normal 0.941548 -0.336879 0
    outer loop
      vertex 5.15224 7.76537 7.3
      vertex 5.08612 7.58057 10.9
      vertex 5.08612 7.58057 7.3
    endloop
  endfacet
  facet normal -0.970032 -0.242979 0
    outer loop
      vertex 8.96157 7.39018 7.3
      vertex 8.91388 7.58057 10.9
      vertex 8.91388 7.58057 7.3
    endloop
  endfacet
  facet normal -0.970032 -0.242979 0
    outer loop
      vertex 8.91388 7.58057 10.9
      vertex 8.96157 7.39018 7.3
      vertex 8.96157 7.39018 10.9
    endloop
  endfacet
  facet normal 0.049066 -0.998796 0
    outer loop
      vertex 6.80397 8.99037 7.3
      vertex 7 9 10.9
      vertex 6.80397 8.99037 10.9
    endloop
  endfacet
  facet normal 0.049066 -0.998796 0
    outer loop
      vertex 7 9 10.9
      vertex 6.80397 8.99037 7.3
      vertex 7 9 7.3
    endloop
  endfacet
  facet normal 0.146733 -0.989176 0
    outer loop
      vertex 6.60982 8.96157 7.3
      vertex 6.80397 8.99037 10.9
      vertex 6.60982 8.96157 10.9
    endloop
  endfacet
  facet normal 0.146733 -0.989176 0
    outer loop
      vertex 6.80397 8.99037 10.9
      vertex 6.60982 8.96157 7.3
      vertex 6.80397 8.99037 7.3
    endloop
  endfacet
  facet normal -0.671584 0.740928 0
    outer loop
      vertex 8.41421 5.58579 7.3
      vertex 8.26879 5.45398 10.9
      vertex 8.41421 5.58579 10.9
    endloop
  endfacet
  facet normal -0.671584 0.740928 0
    outer loop
      vertex 8.26879 5.45398 10.9
      vertex 8.41421 5.58579 7.3
      vertex 8.26879 5.45398 7.3
    endloop
  endfacet
  facet normal -0.514084 -0.85774 0
    outer loop
      vertex 7.94279 8.76384 7.3
      vertex 8.11114 8.66294 10.9
      vertex 7.94279 8.76384 10.9
    endloop
  endfacet
  facet normal -0.514084 -0.85774 -0
    outer loop
      vertex 8.11114 8.66294 10.9
      vertex 7.94279 8.76384 7.3
      vertex 8.11114 8.66294 7.3
    endloop
  endfacet
  facet normal -0.903976 -0.427583 0
    outer loop
      vertex 8.84776 7.76537 7.3
      vertex 8.76384 7.94279 10.9
      vertex 8.76384 7.94279 7.3
    endloop
  endfacet
  facet normal -0.903976 -0.427583 0
    outer loop
      vertex 8.76384 7.94279 10.9
      vertex 8.84776 7.76537 7.3
      vertex 8.84776 7.76537 10.9
    endloop
  endfacet
  facet normal 0.989176 -0.146733 0
    outer loop
      vertex 5.00963 7.19603 10.9
      vertex 5.03843 7.39018 7.3
      vertex 5.03843 7.39018 10.9
    endloop
  endfacet
  facet normal 0.989176 -0.146733 0
    outer loop
      vertex 5.03843 7.39018 7.3
      vertex 5.00963 7.19603 10.9
      vertex 5.00963 7.19603 7.3
    endloop
  endfacet
  facet normal 0.242979 -0.970032 0
    outer loop
      vertex 6.41943 8.91388 7.3
      vertex 6.60982 8.96157 10.9
      vertex 6.41943 8.91388 10.9
    endloop
  endfacet
  facet normal 0.242979 -0.970032 0
    outer loop
      vertex 6.60982 8.96157 10.9
      vertex 6.41943 8.91388 7.3
      vertex 6.60982 8.96157 7.3
    endloop
  endfacet
  facet normal 0.740928 0.671584 0
    outer loop
      vertex 5.58579 5.58579 10.9
      vertex 5.45398 5.73121 7.3
      vertex 5.45398 5.73121 10.9
    endloop
  endfacet
  facet normal 0.740928 0.671584 0
    outer loop
      vertex 5.45398 5.73121 7.3
      vertex 5.58579 5.58579 10.9
      vertex 5.58579 5.58579 7.3
    endloop
  endfacet
  facet normal 0.740928 -0.671584 0
    outer loop
      vertex 5.45398 8.26879 10.9
      vertex 5.58579 8.41421 7.3
      vertex 5.58579 8.41421 10.9
    endloop
  endfacet
  facet normal 0.740928 -0.671584 0
    outer loop
      vertex 5.58579 8.41421 7.3
      vertex 5.45398 8.26879 10.9
      vertex 5.45398 8.26879 7.3
    endloop
  endfacet
  facet normal 0.671584 0.740928 -0
    outer loop
      vertex 5.73121 5.45398 7.3
      vertex 5.58579 5.58579 10.9
      vertex 5.73121 5.45398 10.9
    endloop
  endfacet
  facet normal 0.671584 0.740928 0
    outer loop
      vertex 5.58579 5.58579 10.9
      vertex 5.73121 5.45398 7.3
      vertex 5.58579 5.58579 7.3
    endloop
  endfacet
  facet normal -0.242979 -0.970032 0
    outer loop
      vertex 7.39018 8.96157 7.3
      vertex 7.58057 8.91388 10.9
      vertex 7.39018 8.96157 10.9
    endloop
  endfacet
  facet normal -0.242979 -0.970032 -0
    outer loop
      vertex 7.58057 8.91388 10.9
      vertex 7.39018 8.96157 7.3
      vertex 7.58057 8.91388 7.3
    endloop
  endfacet
  facet normal 0.049066 0.998796 -0
    outer loop
      vertex 7 5 7.3
      vertex 6.80397 5.00963 10.9
      vertex 7 5 10.9
    endloop
  endfacet
  facet normal 0.049066 0.998796 0
    outer loop
      vertex 6.80397 5.00963 10.9
      vertex 7 5 7.3
      vertex 6.80397 5.00963 7.3
    endloop
  endfacet
  facet normal 0.671584 -0.740928 0
    outer loop
      vertex 5.58579 8.41421 7.3
      vertex 5.73121 8.54602 10.9
      vertex 5.58579 8.41421 10.9
    endloop
  endfacet
  facet normal 0.671584 -0.740928 0
    outer loop
      vertex 5.73121 8.54602 10.9
      vertex 5.58579 8.41421 7.3
      vertex 5.73121 8.54602 7.3
    endloop
  endfacet
  facet normal -0.998796 0.049066 0
    outer loop
      vertex 8.99037 6.80397 7.3
      vertex 9 7 10.9
      vertex 9 7 7.3
    endloop
  endfacet
  facet normal -0.998796 0.049066 0
    outer loop
      vertex 9 7 10.9
      vertex 8.99037 6.80397 7.3
      vertex 8.99037 6.80397 10.9
    endloop
  endfacet
  facet normal -0.242979 0.970032 0
    outer loop
      vertex 7.58057 5.08612 7.3
      vertex 7.39018 5.03843 10.9
      vertex 7.58057 5.08612 10.9
    endloop
  endfacet
  facet normal -0.242979 0.970032 0
    outer loop
      vertex 7.39018 5.03843 10.9
      vertex 7.58057 5.08612 7.3
      vertex 7.39018 5.03843 7.3
    endloop
  endfacet
  facet normal -0.427583 -0.903976 0
    outer loop
      vertex 7.76537 8.84776 7.3
      vertex 7.94279 8.76384 10.9
      vertex 7.76537 8.84776 10.9
    endloop
  endfacet
  facet normal -0.427583 -0.903976 -0
    outer loop
      vertex 7.94279 8.76384 10.9
      vertex 7.76537 8.84776 7.3
      vertex 7.94279 8.76384 7.3
    endloop
  endfacet
  facet normal -0.85774 0.514084 0
    outer loop
      vertex 8.66294 5.88886 7.3
      vertex 8.76384 6.05721 10.9
      vertex 8.76384 6.05721 7.3
    endloop
  endfacet
  facet normal -0.85774 0.514084 0
    outer loop
      vertex 8.76384 6.05721 10.9
      vertex 8.66294 5.88886 7.3
      vertex 8.66294 5.88886 10.9
    endloop
  endfacet
  facet normal 0.146733 0.989176 -0
    outer loop
      vertex 6.80397 5.00963 7.3
      vertex 6.60982 5.03843 10.9
      vertex 6.80397 5.00963 10.9
    endloop
  endfacet
  facet normal 0.146733 0.989176 0
    outer loop
      vertex 6.60982 5.03843 10.9
      vertex 6.80397 5.00963 7.3
      vertex 6.60982 5.03843 7.3
    endloop
  endfacet
  facet normal -0.146733 -0.989176 0
    outer loop
      vertex 7.19603 8.99037 7.3
      vertex 7.39018 8.96157 10.9
      vertex 7.19603 8.99037 10.9
    endloop
  endfacet
  facet normal -0.146733 -0.989176 -0
    outer loop
      vertex 7.39018 8.96157 10.9
      vertex 7.19603 8.99037 7.3
      vertex 7.39018 8.96157 7.3
    endloop
  endfacet
  facet normal 0.998796 0.049066 0
    outer loop
      vertex 5.00963 6.80397 10.9
      vertex 5 7 7.3
      vertex 5 7 10.9
    endloop
  endfacet
  facet normal 0.998796 0.049066 0
    outer loop
      vertex 5 7 7.3
      vertex 5.00963 6.80397 10.9
      vertex 5.00963 6.80397 7.3
    endloop
  endfacet
  facet normal -0.049066 0.998796 0
    outer loop
      vertex 7.19603 5.00963 7.3
      vertex 7 5 10.9
      vertex 7.19603 5.00963 10.9
    endloop
  endfacet
  facet normal -0.049066 0.998796 0
    outer loop
      vertex 7 5 10.9
      vertex 7.19603 5.00963 7.3
      vertex 7 5 7.3
    endloop
  endfacet
  facet normal -0.595695 -0.80321 0
    outer loop
      vertex 8.11114 8.66294 7.3
      vertex 8.26879 8.54602 10.9
      vertex 8.11114 8.66294 10.9
    endloop
  endfacet
  facet normal -0.595695 -0.80321 -0
    outer loop
      vertex 8.26879 8.54602 10.9
      vertex 8.11114 8.66294 7.3
      vertex 8.26879 8.54602 7.3
    endloop
  endfacet
  facet normal -0.80321 -0.595695 0
    outer loop
      vertex 8.66294 8.11114 7.3
      vertex 8.54602 8.26879 10.9
      vertex 8.54602 8.26879 7.3
    endloop
  endfacet
  facet normal -0.80321 -0.595695 0
    outer loop
      vertex 8.54602 8.26879 10.9
      vertex 8.66294 8.11114 7.3
      vertex 8.66294 8.11114 10.9
    endloop
  endfacet
  facet normal 0.85774 0.514084 0
    outer loop
      vertex 5.33706 5.88886 10.9
      vertex 5.23616 6.05721 7.3
      vertex 5.23616 6.05721 10.9
    endloop
  endfacet
  facet normal 0.85774 0.514084 0
    outer loop
      vertex 5.23616 6.05721 7.3
      vertex 5.33706 5.88886 10.9
      vertex 5.33706 5.88886 7.3
    endloop
  endfacet
  facet normal 0.903976 0.427583 0
    outer loop
      vertex 5.23616 6.05721 10.9
      vertex 5.15224 6.23463 7.3
      vertex 5.15224 6.23463 10.9
    endloop
  endfacet
  facet normal 0.903976 0.427583 0
    outer loop
      vertex 5.15224 6.23463 7.3
      vertex 5.23616 6.05721 10.9
      vertex 5.23616 6.05721 7.3
    endloop
  endfacet
  facet normal 0 0 1
    outer loop
      vertex 8.99037 7.19603 7.3
      vertex 8.99037 6.80397 7.3
      vertex 9 7 7.3
    endloop
  endfacet
  facet normal 0 0 1
    outer loop
      vertex 8.96157 7.39018 7.3
      vertex 8.99037 6.80397 7.3
      vertex 8.99037 7.19603 7.3
    endloop
  endfacet
  facet normal 0 0 1
    outer loop
      vertex 8.96157 7.39018 7.3
      vertex 8.96157 6.60982 7.3
      vertex 8.99037 6.80397 7.3
    endloop
  endfacet
  facet normal 0 0 1
    outer loop
      vertex 8.91388 7.58057 7.3
      vertex 8.96157 6.60982 7.3
      vertex 8.96157 7.39018 7.3
    endloop
  endfacet
  facet normal 0 0 1
    outer loop
      vertex 8.91388 7.58057 7.3
      vertex 8.91388 6.41943 7.3
      vertex 8.96157 6.60982 7.3
    endloop
  endfacet
  facet normal 0 0 1
    outer loop
      vertex 8.84776 7.76537 7.3
      vertex 8.91388 6.41943 7.3
      vertex 8.91388 7.58057 7.3
    endloop
  endfacet
  facet normal 0 0 1
    outer loop
      vertex 8.84776 7.76537 7.3
      vertex 8.84776 6.23463 7.3
      vertex 8.91388 6.41943 7.3
    endloop
  endfacet
  facet normal 0 0 1
    outer loop
      vertex 8.76384 7.94279 7.3
      vertex 8.84776 6.23463 7.3
      vertex 8.84776 7.76537 7.3
    endloop
  endfacet
  facet normal 0 0 1
    outer loop
      vertex 8.76384 7.94279 7.3
      vertex 8.76384 6.05721 7.3
      vertex 8.84776 6.23463 7.3
    endloop
  endfacet
  facet normal 0 0 1
    outer loop
      vertex 8.66294 8.11114 7.3
      vertex 8.76384 6.05721 7.3
      vertex 8.76384 7.94279 7.3
    endloop
  endfacet
  facet normal 0 0 1
    outer loop
      vertex 8.66294 8.11114 7.3
      vertex 8.66294 5.88886 7.3
      vertex 8.76384 6.05721 7.3
    endloop
  endfacet
  facet normal 0 0 1
    outer loop
      vertex 8.54602 8.26879 7.3
      vertex 8.66294 5.88886 7.3
      vertex 8.66294 8.11114 7.3
    endloop
  endfacet
  facet normal 0 0 1
    outer loop
      vertex 8.54602 8.26879 7.3
      vertex 8.54602 5.73121 7.3
      vertex 8.66294 5.88886 7.3
    endloop
  endfacet
  facet normal 0 0 1
    outer loop
      vertex 8.41421 8.41421 7.3
      vertex 8.54602 5.73121 7.3
      vertex 8.54602 8.26879 7.3
    endloop
  endfacet
  facet normal 0 0 1
    outer loop
      vertex 8.41421 8.41421 7.3
      vertex 8.41421 5.58579 7.3
      vertex 8.54602 5.73121 7.3
    endloop
  endfacet
  facet normal 0 0 1
    outer loop
      vertex 8.26879 8.54602 7.3
      vertex 8.41421 5.58579 7.3
      vertex 8.41421 8.41421 7.3
    endloop
  endfacet
  facet normal 0 0 1
    outer loop
      vertex 8.26879 8.54602 7.3
      vertex 8.26879 5.45398 7.3
      vertex 8.41421 5.58579 7.3
    endloop
  endfacet
  facet normal 0 0 1
    outer loop
      vertex 8.11114 8.66294 7.3
      vertex 8.26879 5.45398 7.3
      vertex 8.26879 8.54602 7.3
    endloop
  endfacet
  facet normal 0 0 1
    outer loop
      vertex 8.11114 8.66294 7.3
      vertex 8.11114 5.33706 7.3
      vertex 8.26879 5.45398 7.3
    endloop
  endfacet
  facet normal 0 0 1
    outer loop
      vertex 7.94279 8.76384 7.3
      vertex 8.11114 5.33706 7.3
      vertex 8.11114 8.66294 7.3
    endloop
  endfacet
  facet normal 0 0 1
    outer loop
      vertex 7.94279 8.76384 7.3
      vertex 7.94279 5.23616 7.3
      vertex 8.11114 5.33706 7.3
    endloop
  endfacet
  facet normal 0 0 1
    outer loop
      vertex 7.76537 8.84776 7.3
      vertex 7.94279 5.23616 7.3
      vertex 7.94279 8.76384 7.3
    endloop
  endfacet
  facet normal 0 0 1
    outer loop
      vertex 7.76537 8.84776 7.3
      vertex 7.76537 5.15224 7.3
      vertex 7.94279 5.23616 7.3
    endloop
  endfacet
  facet normal 0 0 1
    outer loop
      vertex 7.58057 8.91388 7.3
      vertex 7.76537 5.15224 7.3
      vertex 7.76537 8.84776 7.3
    endloop
  endfacet
  facet normal 0 0 1
    outer loop
      vertex 7.58057 8.91388 7.3
      vertex 7.58057 5.08612 7.3
      vertex 7.76537 5.15224 7.3
    endloop
  endfacet
  facet normal 0 0 1
    outer loop
      vertex 7.39018 8.96157 7.3
      vertex 7.58057 5.08612 7.3
      vertex 7.58057 8.91388 7.3
    endloop
  endfacet
  facet normal 0 0 1
    outer loop
      vertex 7.39018 8.96157 7.3
      vertex 7.39018 5.03843 7.3
      vertex 7.58057 5.08612 7.3
    endloop
  endfacet
  facet normal 0 0 1
    outer loop
      vertex 7.19603 8.99037 7.3
      vertex 7.39018 5.03843 7.3
      vertex 7.39018 8.96157 7.3
    endloop
  endfacet
  facet normal 0 0 1
    outer loop
      vertex 7.19603 8.99037 7.3
      vertex 7.19603 5.00963 7.3
      vertex 7.39018 5.03843 7.3
    endloop
  endfacet
  facet normal 0 0 1
    outer loop
      vertex 7 9 7.3
      vertex 7.19603 5.00963 7.3
      vertex 7.19603 8.99037 7.3
    endloop
  endfacet
  facet normal 0 0 1
    outer loop
      vertex 7 9 7.3
      vertex 7 5 7.3
      vertex 7.19603 5.00963 7.3
    endloop
  endfacet
  facet normal -0 0 1
    outer loop
      vertex 6.80397 8.99037 7.3
      vertex 7 5 7.3
      vertex 7 9 7.3
    endloop
  endfacet
  facet normal 0 0 1
    outer loop
      vertex 6.80397 8.99037 7.3
      vertex 6.80397 5.00963 7.3
      vertex 7 5 7.3
    endloop
  endfacet
  facet normal -0 0 1
    outer loop
      vertex 6.60982 8.96157 7.3
      vertex 6.80397 5.00963 7.3
      vertex 6.80397 8.99037 7.3
    endloop
  endfacet
  facet normal 0 0 1
    outer loop
      vertex 6.60982 8.96157 7.3
      vertex 6.60982 5.03843 7.3
      vertex 6.80397 5.00963 7.3
    endloop
  endfacet
  facet normal -0 0 1
    outer loop
      vertex 6.41943 8.91388 7.3
      vertex 6.60982 5.03843 7.3
      vertex 6.60982 8.96157 7.3
    endloop
  endfacet
  facet normal 0 0 1
    outer loop
      vertex 6.41943 8.91388 7.3
      vertex 6.41943 5.08612 7.3
      vertex 6.60982 5.03843 7.3
    endloop
  endfacet
  facet normal -0 0 1
    outer loop
      vertex 6.23463 8.84776 7.3
      vertex 6.41943 5.08612 7.3
      vertex 6.41943 8.91388 7.3
    endloop
  endfacet
  facet normal 0 0 1
    outer loop
      vertex 6.23463 8.84776 7.3
      vertex 6.23463 5.15224 7.3
      vertex 6.41943 5.08612 7.3
    endloop
  endfacet
  facet normal -0 0 1
    outer loop
      vertex 6.05721 8.76384 7.3
      vertex 6.23463 5.15224 7.3
      vertex 6.23463 8.84776 7.3
    endloop
  endfacet
  facet normal 0 0 1
    outer loop
      vertex 6.05721 8.76384 7.3
      vertex 6.05721 5.23616 7.3
      vertex 6.23463 5.15224 7.3
    endloop
  endfacet
  facet normal -0 0 1
    outer loop
      vertex 5.88886 8.66294 7.3
      vertex 6.05721 5.23616 7.3
      vertex 6.05721 8.76384 7.3
    endloop
  endfacet
  facet normal 0 0 1
    outer loop
      vertex 5.88886 8.66294 7.3
      vertex 5.88886 5.33706 7.3
      vertex 6.05721 5.23616 7.3
    endloop
  endfacet
  facet normal -0 0 1
    outer loop
      vertex 5.73121 8.54602 7.3
      vertex 5.88886 5.33706 7.3
      vertex 5.88886 8.66294 7.3
    endloop
  endfacet
  facet normal 0 0 1
    outer loop
      vertex 5.73121 8.54602 7.3
      vertex 5.73121 5.45398 7.3
      vertex 5.88886 5.33706 7.3
    endloop
  endfacet
  facet normal -0 0 1
    outer loop
      vertex 5.58579 8.41421 7.3
      vertex 5.73121 5.45398 7.3
      vertex 5.73121 8.54602 7.3
    endloop
  endfacet
  facet normal 0 0 1
    outer loop
      vertex 5.58579 8.41421 7.3
      vertex 5.58579 5.58579 7.3
      vertex 5.73121 5.45398 7.3
    endloop
  endfacet
  facet normal -0 0 1
    outer loop
      vertex 5.45398 8.26879 7.3
      vertex 5.58579 5.58579 7.3
      vertex 5.58579 8.41421 7.3
    endloop
  endfacet
  facet normal 0 0 1
    outer loop
      vertex 5.45398 8.26879 7.3
      vertex 5.45398 5.73121 7.3
      vertex 5.58579 5.58579 7.3
    endloop
  endfacet
  facet normal -0 0 1
    outer loop
      vertex 5.33706 8.11114 7.3
      vertex 5.45398 5.73121 7.3
      vertex 5.45398 8.26879 7.3
    endloop
  endfacet
  facet normal 0 0 1
    outer loop
      vertex 5.33706 8.11114 7.3
      vertex 5.33706 5.88886 7.3
      vertex 5.45398 5.73121 7.3
    endloop
  endfacet
  facet normal -0 0 1
    outer loop
      vertex 5.23616 7.94279 7.3
      vertex 5.33706 5.88886 7.3
      vertex 5.33706 8.11114 7.3
    endloop
  endfacet
  facet normal 0 0 1
    outer loop
      vertex 5.23616 7.94279 7.3
      vertex 5.23616 6.05721 7.3
      vertex 5.33706 5.88886 7.3
    endloop
  endfacet
  facet normal -0 0 1
    outer loop
      vertex 5.15224 7.76537 7.3
      vertex 5.23616 6.05721 7.3
      vertex 5.23616 7.94279 7.3
    endloop
  endfacet
  facet normal 0 0 1
    outer loop
      vertex 5.15224 7.76537 7.3
      vertex 5.15224 6.23463 7.3
      vertex 5.23616 6.05721 7.3
    endloop
  endfacet
  facet normal -0 0 1
    outer loop
      vertex 5.08612 7.58057 7.3
      vertex 5.15224 6.23463 7.3
      vertex 5.15224 7.76537 7.3
    endloop
  endfacet
  facet normal 0 0 1
    outer loop
      vertex 5.08612 7.58057 7.3
      vertex 5.08612 6.41943 7.3
      vertex 5.15224 6.23463 7.3
    endloop
  endfacet
  facet normal -0 0 1
    outer loop
      vertex 5.03843 7.39018 7.3
      vertex 5.08612 6.41943 7.3
      vertex 5.08612 7.58057 7.3
    endloop
  endfacet
  facet normal 0 0 1
    outer loop
      vertex 5.03843 7.39018 7.3
      vertex 5.03843 6.60982 7.3
      vertex 5.08612 6.41943 7.3
    endloop
  endfacet
  facet normal -0 0 1
    outer loop
      vertex 5.00963 7.19603 7.3
      vertex 5.03843 6.60982 7.3
      vertex 5.03843 7.39018 7.3
    endloop
  endfacet
  facet normal 0 0 1
    outer loop
      vertex 5.00963 7.19603 7.3
      vertex 5.00963 6.80397 7.3
      vertex 5.03843 6.60982 7.3
    endloop
  endfacet
  facet normal 0 -0 1
    outer loop
      vertex 5.00963 6.80397 7.3
      vertex 5.00963 7.19603 7.3
      vertex 5 7 7.3
    endloop
  endfacet
  facet normal -0.970032 0.242979 0
    outer loop
      vertex 8.91388 6.41943 7.3
      vertex 8.96157 6.60982 10.9
      vertex 8.96157 6.60982 7.3
    endloop
  endfacet
  facet normal -0.970032 0.242979 0
    outer loop
      vertex 8.96157 6.60982 10.9
      vertex 8.91388 6.41943 7.3
      vertex 8.91388 6.41943 10.9
    endloop
  endfacet
  facet normal -0.941548 0.336879 0
    outer loop
      vertex 8.84776 6.23463 7.3
      vertex 8.91388 6.41943 10.9
      vertex 8.91388 6.41943 7.3
    endloop
  endfacet
  facet normal -0.941548 0.336879 0
    outer loop
      vertex 8.91388 6.41943 10.9
      vertex 8.84776 6.23463 7.3
      vertex 8.84776 6.23463 10.9
    endloop
  endfacet
  facet normal -0.85774 -0.514084 0
    outer loop
      vertex 8.76384 7.94279 7.3
      vertex 8.66294 8.11114 10.9
      vertex 8.66294 8.11114 7.3
    endloop
  endfacet
  facet normal -0.85774 -0.514084 0
    outer loop
      vertex 8.66294 8.11114 10.9
      vertex 8.76384 7.94279 7.3
      vertex 8.76384 7.94279 10.9
    endloop
  endfacet
  facet normal 0.336879 0.941548 -0
    outer loop
      vertex 6.41943 5.08612 7.3
      vertex 6.23463 5.15224 10.9
      vertex 6.41943 5.08612 10.9
    endloop
  endfacet
  facet normal 0.336879 0.941548 0
    outer loop
      vertex 6.23463 5.15224 10.9
      vertex 6.41943 5.08612 7.3
      vertex 6.23463 5.15224 7.3
    endloop
  endfacet
  facet normal -0.671584 -0.740928 0
    outer loop
      vertex 8.26879 8.54602 7.3
      vertex 8.41421 8.41421 10.9
      vertex 8.26879 8.54602 10.9
    endloop
  endfacet
  facet normal -0.671584 -0.740928 -0
    outer loop
      vertex 8.41421 8.41421 10.9
      vertex 8.26879 8.54602 7.3
      vertex 8.41421 8.41421 7.3
    endloop
  endfacet
  facet normal 0.595695 -0.80321 0
    outer loop
      vertex 5.73121 8.54602 7.3
      vertex 5.88886 8.66294 10.9
      vertex 5.73121 8.54602 10.9
    endloop
  endfacet
  facet normal 0.595695 -0.80321 0
    outer loop
      vertex 5.88886 8.66294 10.9
      vertex 5.73121 8.54602 7.3
      vertex 5.88886 8.66294 7.3
    endloop
  endfacet
  facet normal 0.903976 -0.427583 0
    outer loop
      vertex 5.15224 7.76537 10.9
      vertex 5.23616 7.94279 7.3
      vertex 5.23616 7.94279 10.9
    endloop
  endfacet
  facet normal 0.903976 -0.427583 0
    outer loop
      vertex 5.23616 7.94279 7.3
      vertex 5.15224 7.76537 10.9
      vertex 5.15224 7.76537 7.3
    endloop
  endfacet
  facet normal 0.427583 0.903976 -0
    outer loop
      vertex 6.23463 5.15224 7.3
      vertex 6.05721 5.23616 10.9
      vertex 6.23463 5.15224 10.9
    endloop
  endfacet
  facet normal 0.427583 0.903976 0
    outer loop
      vertex 6.05721 5.23616 10.9
      vertex 6.23463 5.15224 7.3
      vertex 6.05721 5.23616 7.3
    endloop
  endfacet
  facet normal 0.242979 0.970032 -0
    outer loop
      vertex 6.60982 5.03843 7.3
      vertex 6.41943 5.08612 10.9
      vertex 6.60982 5.03843 10.9
    endloop
  endfacet
  facet normal 0.242979 0.970032 0
    outer loop
      vertex 6.41943 5.08612 10.9
      vertex 6.60982 5.03843 7.3
      vertex 6.41943 5.08612 7.3
    endloop
  endfacet
  facet normal 0.336879 -0.941548 0
    outer loop
      vertex 6.23463 8.84776 7.3
      vertex 6.41943 8.91388 10.9
      vertex 6.23463 8.84776 10.9
    endloop
  endfacet
  facet normal 0.336879 -0.941548 0
    outer loop
      vertex 6.41943 8.91388 10.9
      vertex 6.23463 8.84776 7.3
      vertex 6.41943 8.91388 7.3
    endloop
  endfacet
  facet normal 0.595695 0.80321 -0
    outer loop
      vertex 5.88886 5.33706 7.3
      vertex 5.73121 5.45398 10.9
      vertex 5.88886 5.33706 10.9
    endloop
  endfacet
  facet normal 0.595695 0.80321 0
    outer loop
      vertex 5.73121 5.45398 10.9
      vertex 5.88886 5.33706 7.3
      vertex 5.73121 5.45398 7.3
    endloop
  endfacet
  facet normal 0.514084 -0.85774 0
    outer loop
      vertex 5.88886 8.66294 7.3
      vertex 6.05721 8.76384 10.9
      vertex 5.88886 8.66294 10.9
    endloop
  endfacet
  facet normal 0.514084 -0.85774 0
    outer loop
      vertex 6.05721 8.76384 10.9
      vertex 5.88886 8.66294 7.3
      vertex 6.05721 8.76384 7.3
    endloop
  endfacet
  facet normal 0.989176 0.146733 0
    outer loop
      vertex 5.03843 6.60982 10.9
      vertex 5.00963 6.80397 7.3
      vertex 5.00963 6.80397 10.9
    endloop
  endfacet
  facet normal 0.989176 0.146733 0
    outer loop
      vertex 5.00963 6.80397 7.3
      vertex 5.03843 6.60982 10.9
      vertex 5.03843 6.60982 7.3
    endloop
  endfacet
  facet normal -0.336879 0.941548 0
    outer loop
      vertex 7.76537 5.15224 7.3
      vertex 7.58057 5.08612 10.9
      vertex 7.76537 5.15224 10.9
    endloop
  endfacet
  facet normal -0.336879 0.941548 0
    outer loop
      vertex 7.58057 5.08612 10.9
      vertex 7.76537 5.15224 7.3
      vertex 7.58057 5.08612 7.3
    endloop
  endfacet
  facet normal 0.80321 -0.595695 0
    outer loop
      vertex 5.33706 8.11114 10.9
      vertex 5.45398 8.26879 7.3
      vertex 5.45398 8.26879 10.9
    endloop
  endfacet
  facet normal 0.80321 -0.595695 0
    outer loop
      vertex 5.45398 8.26879 7.3
      vertex 5.33706 8.11114 10.9
      vertex 5.33706 8.11114 7.3
    endloop
  endfacet
  facet normal -0.427583 0.903976 0
    outer loop
      vertex 7.94279 5.23616 7.3
      vertex 7.76537 5.15224 10.9
      vertex 7.94279 5.23616 10.9
    endloop
  endfacet
  facet normal -0.427583 0.903976 0
    outer loop
      vertex 7.76537 5.15224 10.9
      vertex 7.94279 5.23616 7.3
      vertex 7.76537 5.15224 7.3
    endloop
  endfacet
  facet normal 0.427583 -0.903976 0
    outer loop
      vertex 6.05721 8.76384 7.3
      vertex 6.23463 8.84776 10.9
      vertex 6.05721 8.76384 10.9
    endloop
  endfacet
  facet normal 0.427583 -0.903976 0
    outer loop
      vertex 6.23463 8.84776 10.9
      vertex 6.05721 8.76384 7.3
      vertex 6.23463 8.84776 7.3
    endloop
  endfacet
  facet normal -0.941627 -0.336659 0
    outer loop
      vertex 72.3207 5.89022 1.2
      vertex 72.2249 6.15817 10.9
      vertex 72.2249 6.15817 1.2
    endloop
  endfacet
  facet normal -0.941627 -0.336659 0
    outer loop
      vertex 72.2249 6.15817 10.9
      vertex 72.3207 5.89022 1.2
      vertex 72.3207 5.89022 10.9
    endloop
  endfacet
  facet normal -0.803096 0.595849 0
    outer loop
      vertex 72.5887 8.61115 1.2
      vertex 72.7583 8.83974 10.9
      vertex 72.7583 8.83974 1.2
    endloop
  endfacet
  facet normal -0.803096 0.595849 0
    outer loop
      vertex 72.7583 8.83974 10.9
      vertex 72.5887 8.61115 1.2
      vertex 72.5887 8.61115 10.9
    endloop
  endfacet
  facet normal 0.740989 -0.671518 0
    outer loop
      vertex 77.0506 4.94939 10.9
      vertex 77.2417 5.16026 1.2
      vertex 77.2417 5.16026 10.9
    endloop
  endfacet
  facet normal 0.740989 -0.671518 0
    outer loop
      vertex 77.2417 5.16026 1.2
      vertex 77.0506 4.94939 10.9
      vertex 77.0506 4.94939 1.2
    endloop
  endfacet
  facet normal -0.989206 0.146531 0
    outer loop
      vertex 72.114 7.28425 1.2
      vertex 72.1557 7.56576 10.9
      vertex 72.1557 7.56576 1.2
    endloop
  endfacet
  facet normal -0.989206 0.146531 0
    outer loop
      vertex 72.1557 7.56576 10.9
      vertex 72.114 7.28425 1.2
      vertex 72.114 7.28425 10.9
    endloop
  endfacet
  facet normal -0.671504 0.741001 0
    outer loop
      vertex 73.1603 9.24173 1.2
      vertex 72.9494 9.05061 10.9
      vertex 73.1603 9.24173 10.9
    endloop
  endfacet
  facet normal -0.671504 0.741001 0
    outer loop
      vertex 72.9494 9.05061 10.9
      vertex 73.1603 9.24173 1.2
      vertex 72.9494 9.05061 1.2
    endloop
  endfacet
  facet normal 0.671504 0.741001 -0
    outer loop
      vertex 77.0506 9.05061 1.2
      vertex 76.8397 9.24173 10.9
      vertex 77.0506 9.05061 10.9
    endloop
  endfacet
  facet normal 0.671504 0.741001 0
    outer loop
      vertex 76.8397 9.24173 10.9
      vertex 77.0506 9.05061 1.2
      vertex 76.8397 9.24173 1.2
    endloop
  endfacet
  facet normal -0.243032 -0.970018 0
    outer loop
      vertex 74.1582 4.22487 1.2
      vertex 74.4342 4.15572 10.9
      vertex 74.1582 4.22487 10.9
    endloop
  endfacet
  facet normal -0.243032 -0.970018 -0
    outer loop
      vertex 74.4342 4.15572 10.9
      vertex 74.1582 4.22487 1.2
      vertex 74.4342 4.15572 1.2
    endloop
  endfacet
  facet normal -0.514108 0.857725 0
    outer loop
      vertex 73.6329 9.55757 1.2
      vertex 73.3888 9.41126 10.9
      vertex 73.6329 9.55757 10.9
    endloop
  endfacet
  facet normal -0.514108 0.857725 0
    outer loop
      vertex 73.3888 9.41126 10.9
      vertex 73.6329 9.55757 1.2
      vertex 73.3888 9.41126 1.2
    endloop
  endfacet
  facet normal 0.336853 0.941557 -0
    outer loop
      vertex 76.1098 9.67925 1.2
      vertex 75.8418 9.77513 10.9
      vertex 76.1098 9.67925 10.9
    endloop
  endfacet
  facet normal 0.336853 0.941557 0
    outer loop
      vertex 75.8418 9.77513 10.9
      vertex 76.1098 9.67925 1.2
      vertex 75.8418 9.77513 1.2
    endloop
  endfacet
  facet normal 0.998789 0.0491928 0
    outer loop
      vertex 77.9 7 10.9
      vertex 77.886 7.28425 1.2
      vertex 77.886 7.28425 10.9
    endloop
  endfacet
  facet normal 0.998789 0.0491928 0
    outer loop
      vertex 77.886 7.28425 1.2
      vertex 77.9 7 10.9
      vertex 77.9 7 1.2
    endloop
  endfacet
  facet normal -0.514108 -0.857725 0
    outer loop
      vertex 73.3888 4.58874 1.2
      vertex 73.6329 4.44243 10.9
      vertex 73.3888 4.58874 10.9
    endloop
  endfacet
  facet normal -0.514108 -0.857725 -0
    outer loop
      vertex 73.6329 4.44243 10.9
      vertex 73.3888 4.58874 1.2
      vertex 73.6329 4.44243 1.2
    endloop
  endfacet
  facet normal -0.740989 -0.671518 0
    outer loop
      vertex 72.9494 4.94939 1.2
      vertex 72.7583 5.16026 10.9
      vertex 72.7583 5.16026 1.2
    endloop
  endfacet
  facet normal -0.740989 -0.671518 0
    outer loop
      vertex 72.7583 5.16026 10.9
      vertex 72.9494 4.94939 1.2
      vertex 72.9494 4.94939 10.9
    endloop
  endfacet
  facet normal 0.514108 0.857725 -0
    outer loop
      vertex 76.6112 9.41126 1.2
      vertex 76.3671 9.55757 10.9
      vertex 76.6112 9.41126 10.9
    endloop
  endfacet
  facet normal 0.514108 0.857725 0
    outer loop
      vertex 76.3671 9.55757 10.9
      vertex 76.6112 9.41126 1.2
      vertex 76.3671 9.55757 1.2
    endloop
  endfacet
  facet normal -0.989206 -0.146531 0
    outer loop
      vertex 72.1557 6.43424 1.2
      vertex 72.114 6.71575 10.9
      vertex 72.114 6.71575 1.2
    endloop
  endfacet
  facet normal -0.989206 -0.146531 0
    outer loop
      vertex 72.114 6.71575 10.9
      vertex 72.1557 6.43424 1.2
      vertex 72.1557 6.43424 10.9
    endloop
  endfacet
  facet normal -0.146657 -0.989187 0
    outer loop
      vertex 74.4342 4.15572 1.2
      vertex 74.7158 4.11397 10.9
      vertex 74.4342 4.15572 10.9
    endloop
  endfacet
  facet normal -0.146657 -0.989187 -0
    outer loop
      vertex 74.7158 4.11397 10.9
      vertex 74.4342 4.15572 1.2
      vertex 74.7158 4.11397 1.2
    endloop
  endfacet
  facet normal 0.243032 0.970018 -0
    outer loop
      vertex 75.8418 9.77513 1.2
      vertex 75.5658 9.84428 10.9
      vertex 75.8418 9.77513 10.9
    endloop
  endfacet
  facet normal 0.243032 0.970018 0
    outer loop
      vertex 75.5658 9.84428 10.9
      vertex 75.8418 9.77513 1.2
      vertex 75.5658 9.84428 1.2
    endloop
  endfacet
  facet normal 0.595842 0.803102 -0
    outer loop
      vertex 76.8397 9.24173 1.2
      vertex 76.6112 9.41126 10.9
      vertex 76.8397 9.24173 10.9
    endloop
  endfacet
  facet normal 0.595842 0.803102 0
    outer loop
      vertex 76.6112 9.41126 10.9
      vertex 76.8397 9.24173 1.2
      vertex 76.6112 9.41126 1.2
    endloop
  endfacet
  facet normal 0.989206 -0.146531 0
    outer loop
      vertex 77.8443 6.43424 10.9
      vertex 77.886 6.71575 1.2
      vertex 77.886 6.71575 10.9
    endloop
  endfacet
  facet normal 0.989206 -0.146531 0
    outer loop
      vertex 77.886 6.71575 1.2
      vertex 77.8443 6.43424 10.9
      vertex 77.8443 6.43424 1.2
    endloop
  endfacet
  facet normal -0.336853 0.941557 0
    outer loop
      vertex 74.1582 9.77513 1.2
      vertex 73.8902 9.67925 10.9
      vertex 74.1582 9.77513 10.9
    endloop
  endfacet
  facet normal -0.336853 0.941557 0
    outer loop
      vertex 73.8902 9.67925 10.9
      vertex 74.1582 9.77513 1.2
      vertex 73.8902 9.67925 1.2
    endloop
  endfacet
  facet normal 0.427515 -0.904008 0
    outer loop
      vertex 76.1098 4.32075 1.2
      vertex 76.3671 4.44243 10.9
      vertex 76.1098 4.32075 10.9
    endloop
  endfacet
  facet normal 0.427515 -0.904008 0
    outer loop
      vertex 76.3671 4.44243 10.9
      vertex 76.1098 4.32075 1.2
      vertex 76.3671 4.44243 1.2
    endloop
  endfacet
  facet normal 0.595842 -0.803102 0
    outer loop
      vertex 76.6112 4.58874 1.2
      vertex 76.8397 4.75827 10.9
      vertex 76.6112 4.58874 10.9
    endloop
  endfacet
  facet normal 0.595842 -0.803102 0
    outer loop
      vertex 76.8397 4.75827 10.9
      vertex 76.6112 4.58874 1.2
      vertex 76.8397 4.75827 1.2
    endloop
  endfacet
  facet normal -0.998789 0.0491928 0
    outer loop
      vertex 72.1 7 1.2
      vertex 72.114 7.28425 10.9
      vertex 72.114 7.28425 1.2
    endloop
  endfacet
  facet normal -0.998789 0.0491928 0
    outer loop
      vertex 72.114 7.28425 10.9
      vertex 72.1 7 1.2
      vertex 72.1 7 10.9
    endloop
  endfacet
  facet normal 0.969991 -0.243139 0
    outer loop
      vertex 77.7751 6.15817 10.9
      vertex 77.8443 6.43424 1.2
      vertex 77.8443 6.43424 10.9
    endloop
  endfacet
  facet normal 0.969991 -0.243139 0
    outer loop
      vertex 77.8443 6.43424 1.2
      vertex 77.7751 6.15817 10.9
      vertex 77.7751 6.15817 1.2
    endloop
  endfacet
  facet normal 0.903962 -0.427614 0
    outer loop
      vertex 77.5576 5.63295 10.9
      vertex 77.6793 5.89022 1.2
      vertex 77.6793 5.89022 10.9
    endloop
  endfacet
  facet normal 0.903962 -0.427614 0
    outer loop
      vertex 77.6793 5.89022 1.2
      vertex 77.5576 5.63295 10.9
      vertex 77.5576 5.63295 1.2
    endloop
  endfacet
  facet normal 0.146657 0.989187 -0
    outer loop
      vertex 75.5658 9.84428 1.2
      vertex 75.2842 9.88603 10.9
      vertex 75.5658 9.84428 10.9
    endloop
  endfacet
  facet normal 0.146657 0.989187 0
    outer loop
      vertex 75.2842 9.88603 10.9
      vertex 75.5658 9.84428 1.2
      vertex 75.2842 9.88603 1.2
    endloop
  endfacet
  facet normal 0.0490962 0.998794 -0
    outer loop
      vertex 75.2842 9.88603 1.2
      vertex 75 9.9 10.9
      vertex 75.2842 9.88603 10.9
    endloop
  endfacet
  facet normal 0.0490962 0.998794 0
    outer loop
      vertex 75 9.9 10.9
      vertex 75.2842 9.88603 1.2
      vertex 75 9.9 1.2
    endloop
  endfacet
  facet normal 0.243032 -0.970018 0
    outer loop
      vertex 75.5658 4.15572 1.2
      vertex 75.8418 4.22487 10.9
      vertex 75.5658 4.15572 10.9
    endloop
  endfacet
  facet normal 0.243032 -0.970018 0
    outer loop
      vertex 75.8418 4.22487 10.9
      vertex 75.5658 4.15572 1.2
      vertex 75.8418 4.22487 1.2
    endloop
  endfacet
  facet normal -0.903962 0.427614 0
    outer loop
      vertex 72.3207 8.10978 1.2
      vertex 72.4424 8.36705 10.9
      vertex 72.4424 8.36705 1.2
    endloop
  endfacet
  facet normal -0.903962 0.427614 0
    outer loop
      vertex 72.4424 8.36705 10.9
      vertex 72.3207 8.10978 1.2
      vertex 72.3207 8.10978 10.9
    endloop
  endfacet
  facet normal -0.998789 -0.0491928 0
    outer loop
      vertex 72.114 6.71575 1.2
      vertex 72.1 7 10.9
      vertex 72.1 7 1.2
    endloop
  endfacet
  facet normal -0.998789 -0.0491928 0
    outer loop
      vertex 72.1 7 10.9
      vertex 72.114 6.71575 1.2
      vertex 72.114 6.71575 10.9
    endloop
  endfacet
  facet normal -0.857741 0.514082 0
    outer loop
      vertex 72.4424 8.36705 1.2
      vertex 72.5887 8.61115 10.9
      vertex 72.5887 8.61115 1.2
    endloop
  endfacet
  facet normal -0.857741 0.514082 0
    outer loop
      vertex 72.5887 8.61115 10.9
      vertex 72.4424 8.36705 1.2
      vertex 72.4424 8.36705 10.9
    endloop
  endfacet
  facet normal -0.969991 0.243139 0
    outer loop
      vertex 72.1557 7.56576 1.2
      vertex 72.2249 7.84183 10.9
      vertex 72.2249 7.84183 1.2
    endloop
  endfacet
  facet normal -0.969991 0.243139 0
    outer loop
      vertex 72.2249 7.84183 10.9
      vertex 72.1557 7.56576 1.2
      vertex 72.1557 7.56576 10.9
    endloop
  endfacet
  facet normal 0.989206 0.146531 0
    outer loop
      vertex 77.886 7.28425 10.9
      vertex 77.8443 7.56576 1.2
      vertex 77.8443 7.56576 10.9
    endloop
  endfacet
  facet normal 0.989206 0.146531 0
    outer loop
      vertex 77.8443 7.56576 1.2
      vertex 77.886 7.28425 10.9
      vertex 77.886 7.28425 1.2
    endloop
  endfacet
  facet normal -0.740989 0.671518 0
    outer loop
      vertex 72.7583 8.83974 1.2
      vertex 72.9494 9.05061 10.9
      vertex 72.9494 9.05061 1.2
    endloop
  endfacet
  facet normal -0.740989 0.671518 0
    outer loop
      vertex 72.9494 9.05061 10.9
      vertex 72.7583 8.83974 1.2
      vertex 72.7583 8.83974 10.9
    endloop
  endfacet
  facet normal -0.0490962 -0.998794 0
    outer loop
      vertex 74.7158 4.11397 1.2
      vertex 75 4.1 10.9
      vertex 74.7158 4.11397 10.9
    endloop
  endfacet
  facet normal -0.0490962 -0.998794 -0
    outer loop
      vertex 75 4.1 10.9
      vertex 74.7158 4.11397 1.2
      vertex 75 4.1 1.2
    endloop
  endfacet
  facet normal 0.857741 -0.514082 0
    outer loop
      vertex 77.4113 5.38885 10.9
      vertex 77.5576 5.63295 1.2
      vertex 77.5576 5.63295 10.9
    endloop
  endfacet
  facet normal 0.857741 -0.514082 0
    outer loop
      vertex 77.5576 5.63295 1.2
      vertex 77.4113 5.38885 10.9
      vertex 77.4113 5.38885 1.2
    endloop
  endfacet
  facet normal 0.969991 0.243139 0
    outer loop
      vertex 77.8443 7.56576 10.9
      vertex 77.7751 7.84183 1.2
      vertex 77.7751 7.84183 10.9
    endloop
  endfacet
  facet normal 0.969991 0.243139 0
    outer loop
      vertex 77.7751 7.84183 1.2
      vertex 77.8443 7.56576 10.9
      vertex 77.8443 7.56576 1.2
    endloop
  endfacet
  facet normal 0.803096 -0.595849 0
    outer loop
      vertex 77.2417 5.16026 10.9
      vertex 77.4113 5.38885 1.2
      vertex 77.4113 5.38885 10.9
    endloop
  endfacet
  facet normal 0.803096 -0.595849 0
    outer loop
      vertex 77.4113 5.38885 1.2
      vertex 77.2417 5.16026 10.9
      vertex 77.2417 5.16026 1.2
    endloop
  endfacet
  facet normal -0.857741 -0.514082 0
    outer loop
      vertex 72.5887 5.38885 1.2
      vertex 72.4424 5.63295 10.9
      vertex 72.4424 5.63295 1.2
    endloop
  endfacet
  facet normal -0.857741 -0.514082 0
    outer loop
      vertex 72.4424 5.63295 10.9
      vertex 72.5887 5.38885 1.2
      vertex 72.5887 5.38885 10.9
    endloop
  endfacet
  facet normal -0.941627 0.336659 0
    outer loop
      vertex 72.2249 7.84183 1.2
      vertex 72.3207 8.10978 10.9
      vertex 72.3207 8.10978 1.2
    endloop
  endfacet
  facet normal -0.941627 0.336659 0
    outer loop
      vertex 72.3207 8.10978 10.9
      vertex 72.2249 7.84183 1.2
      vertex 72.2249 7.84183 10.9
    endloop
  endfacet
  facet normal -0.595842 -0.803102 0
    outer loop
      vertex 73.1603 4.75827 1.2
      vertex 73.3888 4.58874 10.9
      vertex 73.1603 4.75827 10.9
    endloop
  endfacet
  facet normal -0.595842 -0.803102 -0
    outer loop
      vertex 73.3888 4.58874 10.9
      vertex 73.1603 4.75827 1.2
      vertex 73.3888 4.58874 1.2
    endloop
  endfacet
  facet normal 0.998789 -0.0491928 0
    outer loop
      vertex 77.886 6.71575 10.9
      vertex 77.9 7 1.2
      vertex 77.9 7 10.9
    endloop
  endfacet
  facet normal 0.998789 -0.0491928 0
    outer loop
      vertex 77.9 7 1.2
      vertex 77.886 6.71575 10.9
      vertex 77.886 6.71575 1.2
    endloop
  endfacet
  facet normal 0.903962 0.427614 0
    outer loop
      vertex 77.6793 8.10978 10.9
      vertex 77.5576 8.36705 1.2
      vertex 77.5576 8.36705 10.9
    endloop
  endfacet
  facet normal 0.903962 0.427614 0
    outer loop
      vertex 77.5576 8.36705 1.2
      vertex 77.6793 8.10978 10.9
      vertex 77.6793 8.10978 1.2
    endloop
  endfacet
  facet normal 0.941627 0.336659 0
    outer loop
      vertex 77.7751 7.84183 10.9
      vertex 77.6793 8.10978 1.2
      vertex 77.6793 8.10978 10.9
    endloop
  endfacet
  facet normal 0.941627 0.336659 0
    outer loop
      vertex 77.6793 8.10978 1.2
      vertex 77.7751 7.84183 10.9
      vertex 77.7751 7.84183 1.2
    endloop
  endfacet
  facet normal 0.146657 -0.989187 0
    outer loop
      vertex 75.2842 4.11397 1.2
      vertex 75.5658 4.15572 10.9
      vertex 75.2842 4.11397 10.9
    endloop
  endfacet
  facet normal 0.146657 -0.989187 0
    outer loop
      vertex 75.5658 4.15572 10.9
      vertex 75.2842 4.11397 1.2
      vertex 75.5658 4.15572 1.2
    endloop
  endfacet
  facet normal -0.146657 0.989187 0
    outer loop
      vertex 74.7158 9.88603 1.2
      vertex 74.4342 9.84428 10.9
      vertex 74.7158 9.88603 10.9
    endloop
  endfacet
  facet normal -0.146657 0.989187 0
    outer loop
      vertex 74.4342 9.84428 10.9
      vertex 74.7158 9.88603 1.2
      vertex 74.4342 9.84428 1.2
    endloop
  endfacet
  facet normal -0.0490962 0.998794 0
    outer loop
      vertex 75 9.9 1.2
      vertex 74.7158 9.88603 10.9
      vertex 75 9.9 10.9
    endloop
  endfacet
  facet normal -0.0490962 0.998794 0
    outer loop
      vertex 74.7158 9.88603 10.9
      vertex 75 9.9 1.2
      vertex 74.7158 9.88603 1.2
    endloop
  endfacet
  facet normal 0.514108 -0.857725 0
    outer loop
      vertex 76.3671 4.44243 1.2
      vertex 76.6112 4.58874 10.9
      vertex 76.3671 4.44243 10.9
    endloop
  endfacet
  facet normal 0.514108 -0.857725 0
    outer loop
      vertex 76.6112 4.58874 10.9
      vertex 76.3671 4.44243 1.2
      vertex 76.6112 4.58874 1.2
    endloop
  endfacet
  facet normal -0.595842 0.803102 0
    outer loop
      vertex 73.3888 9.41126 1.2
      vertex 73.1603 9.24173 10.9
      vertex 73.3888 9.41126 10.9
    endloop
  endfacet
  facet normal -0.595842 0.803102 0
    outer loop
      vertex 73.1603 9.24173 10.9
      vertex 73.3888 9.41126 1.2
      vertex 73.1603 9.24173 1.2
    endloop
  endfacet
  facet normal -0.427515 0.904008 0
    outer loop
      vertex 73.8902 9.67925 1.2
      vertex 73.6329 9.55757 10.9
      vertex 73.8902 9.67925 10.9
    endloop
  endfacet
  facet normal -0.427515 0.904008 0
    outer loop
      vertex 73.6329 9.55757 10.9
      vertex 73.8902 9.67925 1.2
      vertex 73.6329 9.55757 1.2
    endloop
  endfacet
  facet normal -0.903962 -0.427614 0
    outer loop
      vertex 72.4424 5.63295 1.2
      vertex 72.3207 5.89022 10.9
      vertex 72.3207 5.89022 1.2
    endloop
  endfacet
  facet normal -0.903962 -0.427614 0
    outer loop
      vertex 72.3207 5.89022 10.9
      vertex 72.4424 5.63295 1.2
      vertex 72.4424 5.63295 10.9
    endloop
  endfacet
  facet normal 0.0490962 -0.998794 0
    outer loop
      vertex 75 4.1 1.2
      vertex 75.2842 4.11397 10.9
      vertex 75 4.1 10.9
    endloop
  endfacet
  facet normal 0.0490962 -0.998794 0
    outer loop
      vertex 75.2842 4.11397 10.9
      vertex 75 4.1 1.2
      vertex 75.2842 4.11397 1.2
    endloop
  endfacet
  facet normal 0.941627 -0.336659 0
    outer loop
      vertex 77.6793 5.89022 10.9
      vertex 77.7751 6.15817 1.2
      vertex 77.7751 6.15817 10.9
    endloop
  endfacet
  facet normal 0.941627 -0.336659 0
    outer loop
      vertex 77.7751 6.15817 1.2
      vertex 77.6793 5.89022 10.9
      vertex 77.6793 5.89022 1.2
    endloop
  endfacet
  facet normal -0.243032 0.970018 0
    outer loop
      vertex 74.4342 9.84428 1.2
      vertex 74.1582 9.77513 10.9
      vertex 74.4342 9.84428 10.9
    endloop
  endfacet
  facet normal -0.243032 0.970018 0
    outer loop
      vertex 74.1582 9.77513 10.9
      vertex 74.4342 9.84428 1.2
      vertex 74.1582 9.77513 1.2
    endloop
  endfacet
  facet normal 0.336853 -0.941557 0
    outer loop
      vertex 75.8418 4.22487 1.2
      vertex 76.1098 4.32075 10.9
      vertex 75.8418 4.22487 10.9
    endloop
  endfacet
  facet normal 0.336853 -0.941557 0
    outer loop
      vertex 76.1098 4.32075 10.9
      vertex 75.8418 4.22487 1.2
      vertex 76.1098 4.32075 1.2
    endloop
  endfacet
  facet normal -0.671504 -0.741001 0
    outer loop
      vertex 72.9494 4.94939 1.2
      vertex 73.1603 4.75827 10.9
      vertex 72.9494 4.94939 10.9
    endloop
  endfacet
  facet normal -0.671504 -0.741001 -0
    outer loop
      vertex 73.1603 4.75827 10.9
      vertex 72.9494 4.94939 1.2
      vertex 73.1603 4.75827 1.2
    endloop
  endfacet
  facet normal -0.969991 -0.243139 0
    outer loop
      vertex 72.2249 6.15817 1.2
      vertex 72.1557 6.43424 10.9
      vertex 72.1557 6.43424 1.2
    endloop
  endfacet
  facet normal -0.969991 -0.243139 0
    outer loop
      vertex 72.1557 6.43424 10.9
      vertex 72.2249 6.15817 1.2
      vertex 72.2249 6.15817 10.9
    endloop
  endfacet
  facet normal 0.671504 -0.741001 0
    outer loop
      vertex 76.8397 4.75827 1.2
      vertex 77.0506 4.94939 10.9
      vertex 76.8397 4.75827 10.9
    endloop
  endfacet
  facet normal 0.671504 -0.741001 0
    outer loop
      vertex 77.0506 4.94939 10.9
      vertex 76.8397 4.75827 1.2
      vertex 77.0506 4.94939 1.2
    endloop
  endfacet
  facet normal -0.803096 -0.595849 0
    outer loop
      vertex 72.7583 5.16026 1.2
      vertex 72.5887 5.38885 10.9
      vertex 72.5887 5.38885 1.2
    endloop
  endfacet
  facet normal -0.803096 -0.595849 0
    outer loop
      vertex 72.5887 5.38885 10.9
      vertex 72.7583 5.16026 1.2
      vertex 72.7583 5.16026 10.9
    endloop
  endfacet
  facet normal -0.336853 -0.941557 0
    outer loop
      vertex 73.8902 4.32075 1.2
      vertex 74.1582 4.22487 10.9
      vertex 73.8902 4.32075 10.9
    endloop
  endfacet
  facet normal -0.336853 -0.941557 -0
    outer loop
      vertex 74.1582 4.22487 10.9
      vertex 73.8902 4.32075 1.2
      vertex 74.1582 4.22487 1.2
    endloop
  endfacet
  facet normal 0.803096 0.595849 0
    outer loop
      vertex 77.4113 8.61115 10.9
      vertex 77.2417 8.83974 1.2
      vertex 77.2417 8.83974 10.9
    endloop
  endfacet
  facet normal 0.803096 0.595849 0
    outer loop
      vertex 77.2417 8.83974 1.2
      vertex 77.4113 8.61115 10.9
      vertex 77.4113 8.61115 1.2
    endloop
  endfacet
  facet normal -0.427515 -0.904008 0
    outer loop
      vertex 73.6329 4.44243 1.2
      vertex 73.8902 4.32075 10.9
      vertex 73.6329 4.44243 10.9
    endloop
  endfacet
  facet normal -0.427515 -0.904008 -0
    outer loop
      vertex 73.8902 4.32075 10.9
      vertex 73.6329 4.44243 1.2
      vertex 73.8902 4.32075 1.2
    endloop
  endfacet
  facet normal 0.740989 0.671518 0
    outer loop
      vertex 77.2417 8.83974 10.9
      vertex 77.0506 9.05061 1.2
      vertex 77.0506 9.05061 10.9
    endloop
  endfacet
  facet normal 0.740989 0.671518 0
    outer loop
      vertex 77.0506 9.05061 1.2
      vertex 77.2417 8.83974 10.9
      vertex 77.2417 8.83974 1.2
    endloop
  endfacet
  facet normal 0.427515 0.904008 -0
    outer loop
      vertex 76.3671 9.55757 1.2
      vertex 76.1098 9.67925 10.9
      vertex 76.3671 9.55757 10.9
    endloop
  endfacet
  facet normal 0.427515 0.904008 0
    outer loop
      vertex 76.1098 9.67925 10.9
      vertex 76.3671 9.55757 1.2
      vertex 76.1098 9.67925 1.2
    endloop
  endfacet
  facet normal 0 0 1
    outer loop
      vertex 77 7 10.9
      vertex 77.9 7 10.9
      vertex 77.886 7.28425 10.9
    endloop
  endfacet
  facet normal 0 0 1
    outer loop
      vertex 76.9904 7.19603 10.9
      vertex 77.886 7.28425 10.9
      vertex 77.8443 7.56576 10.9
    endloop
  endfacet
  facet normal 0 0 1
    outer loop
      vertex 77.9 7 10.9
      vertex 77 7 10.9
      vertex 77.886 6.71575 10.9
    endloop
  endfacet
  facet normal 0 0 1
    outer loop
      vertex 76.9616 7.39018 10.9
      vertex 77.8443 7.56576 10.9
      vertex 77.7751 7.84183 10.9
    endloop
  endfacet
  facet normal -0 0 1
    outer loop
      vertex 76.9904 6.80397 10.9
      vertex 77.886 6.71575 10.9
      vertex 77 7 10.9
    endloop
  endfacet
  facet normal 0 0 1
    outer loop
      vertex 76.9139 7.58057 10.9
      vertex 77.7751 7.84183 10.9
      vertex 77.6793 8.10978 10.9
    endloop
  endfacet
  facet normal 0 0 1
    outer loop
      vertex 77.886 6.71575 10.9
      vertex 76.9904 6.80397 10.9
      vertex 77.8443 6.43424 10.9
    endloop
  endfacet
  facet normal 0 0 1
    outer loop
      vertex 76.8478 7.76537 10.9
      vertex 77.6793 8.10978 10.9
      vertex 77.5576 8.36705 10.9
    endloop
  endfacet
  facet normal -0 0 1
    outer loop
      vertex 76.9616 6.60982 10.9
      vertex 77.8443 6.43424 10.9
      vertex 76.9904 6.80397 10.9
    endloop
  endfacet
  facet normal 0 0 1
    outer loop
      vertex 76.7638 7.94279 10.9
      vertex 77.5576 8.36705 10.9
      vertex 77.4113 8.61115 10.9
    endloop
  endfacet
  facet normal 0 0 1
    outer loop
      vertex 77.8443 6.43424 10.9
      vertex 76.9616 6.60982 10.9
      vertex 77.7751 6.15817 10.9
    endloop
  endfacet
  facet normal 0 0 1
    outer loop
      vertex 76.6629 8.11114 10.9
      vertex 77.4113 8.61115 10.9
      vertex 77.2417 8.83974 10.9
    endloop
  endfacet
  facet normal -0 0 1
    outer loop
      vertex 76.9139 6.41943 10.9
      vertex 77.7751 6.15817 10.9
      vertex 76.9616 6.60982 10.9
    endloop
  endfacet
  facet normal 0 0 1
    outer loop
      vertex 76.546 8.26879 10.9
      vertex 77.2417 8.83974 10.9
      vertex 77.0506 9.05061 10.9
    endloop
  endfacet
  facet normal 0 0 1
    outer loop
      vertex 77.7751 6.15817 10.9
      vertex 76.9139 6.41943 10.9
      vertex 77.6793 5.89022 10.9
    endloop
  endfacet
  facet normal -0 0 1
    outer loop
      vertex 76.8478 6.23463 10.9
      vertex 77.6793 5.89022 10.9
      vertex 76.9139 6.41943 10.9
    endloop
  endfacet
  facet normal 0 0 1
    outer loop
      vertex 77.886 7.28425 10.9
      vertex 76.9904 7.19603 10.9
      vertex 77 7 10.9
    endloop
  endfacet
  facet normal 0 0 1
    outer loop
      vertex 77.8443 7.56576 10.9
      vertex 76.9616 7.39018 10.9
      vertex 76.9904 7.19603 10.9
    endloop
  endfacet
  facet normal 0 0 1
    outer loop
      vertex 77.7751 7.84183 10.9
      vertex 76.9139 7.58057 10.9
      vertex 76.9616 7.39018 10.9
    endloop
  endfacet
  facet normal 0 0 1
    outer loop
      vertex 77.6793 8.10978 10.9
      vertex 76.8478 7.76537 10.9
      vertex 76.9139 7.58057 10.9
    endloop
  endfacet
  facet normal 0 0 1
    outer loop
      vertex 76.4142 8.41421 10.9
      vertex 77.0506 9.05061 10.9
      vertex 76.8397 9.24173 10.9
    endloop
  endfacet
  facet normal 0 0 1
    outer loop
      vertex 77.5576 8.36705 10.9
      vertex 76.7638 7.94279 10.9
      vertex 76.8478 7.76537 10.9
    endloop
  endfacet
  facet normal 0 0 1
    outer loop
      vertex 77.4113 8.61115 10.9
      vertex 76.6629 8.11114 10.9
      vertex 76.7638 7.94279 10.9
    endloop
  endfacet
  facet normal 0 0 1
    outer loop
      vertex 76.2688 8.54602 10.9
      vertex 76.8397 9.24173 10.9
      vertex 76.6112 9.41126 10.9
    endloop
  endfacet
  facet normal 0 0 1
    outer loop
      vertex 77.2417 8.83974 10.9
      vertex 76.546 8.26879 10.9
      vertex 76.6629 8.11114 10.9
    endloop
  endfacet
  facet normal 0 0 1
    outer loop
      vertex 77.0506 9.05061 10.9
      vertex 76.4142 8.41421 10.9
      vertex 76.546 8.26879 10.9
    endloop
  endfacet
  facet normal 0 0 1
    outer loop
      vertex 76.1111 8.66294 10.9
      vertex 76.6112 9.41126 10.9
      vertex 76.3671 9.55757 10.9
    endloop
  endfacet
  facet normal 0 0 1
    outer loop
      vertex 76.8397 9.24173 10.9
      vertex 76.2688 8.54602 10.9
      vertex 76.4142 8.41421 10.9
    endloop
  endfacet
  facet normal 0 0 1
    outer loop
      vertex 76.6112 9.41126 10.9
      vertex 76.1111 8.66294 10.9
      vertex 76.2688 8.54602 10.9
    endloop
  endfacet
  facet normal 0 0 1
    outer loop
      vertex 75.9428 8.76384 10.9
      vertex 76.3671 9.55757 10.9
      vertex 76.1098 9.67925 10.9
    endloop
  endfacet
  facet normal 0 0 1
    outer loop
      vertex 76.3671 9.55757 10.9
      vertex 75.9428 8.76384 10.9
      vertex 76.1111 8.66294 10.9
    endloop
  endfacet
  facet normal 0 0 1
    outer loop
      vertex 75.7654 8.84776 10.9
      vertex 76.1098 9.67925 10.9
      vertex 75.8418 9.77513 10.9
    endloop
  endfacet
  facet normal 0 0 1
    outer loop
      vertex 76.1098 9.67925 10.9
      vertex 75.7654 8.84776 10.9
      vertex 75.9428 8.76384 10.9
    endloop
  endfacet
  facet normal 0 0 1
    outer loop
      vertex 75.8418 9.77513 10.9
      vertex 75.5806 8.91388 10.9
      vertex 75.7654 8.84776 10.9
    endloop
  endfacet
  facet normal 0 0 1
    outer loop
      vertex 75.5658 9.84428 10.9
      vertex 75.5806 8.91388 10.9
      vertex 75.8418 9.77513 10.9
    endloop
  endfacet
  facet normal 0 0 1
    outer loop
      vertex 75.5658 9.84428 10.9
      vertex 75.3902 8.96157 10.9
      vertex 75.5806 8.91388 10.9
    endloop
  endfacet
  facet normal 0 0 1
    outer loop
      vertex 75.2842 9.88603 10.9
      vertex 75.3902 8.96157 10.9
      vertex 75.5658 9.84428 10.9
    endloop
  endfacet
  facet normal 0 0 1
    outer loop
      vertex 75.2842 9.88603 10.9
      vertex 75.196 8.99037 10.9
      vertex 75.3902 8.96157 10.9
    endloop
  endfacet
  facet normal 0 0 1
    outer loop
      vertex 75 9.9 10.9
      vertex 75.196 8.99037 10.9
      vertex 75.2842 9.88603 10.9
    endloop
  endfacet
  facet normal 0 0 1
    outer loop
      vertex 75 9.9 10.9
      vertex 75 9 10.9
      vertex 75.196 8.99037 10.9
    endloop
  endfacet
  facet normal 0 0 1
    outer loop
      vertex 75 9.9 10.9
      vertex 74.804 8.99037 10.9
      vertex 75 9 10.9
    endloop
  endfacet
  facet normal -0 0 1
    outer loop
      vertex 74.7158 9.88603 10.9
      vertex 74.804 8.99037 10.9
      vertex 75 9.9 10.9
    endloop
  endfacet
  facet normal 0 0 1
    outer loop
      vertex 74.7158 9.88603 10.9
      vertex 74.6098 8.96157 10.9
      vertex 74.804 8.99037 10.9
    endloop
  endfacet
  facet normal -0 0 1
    outer loop
      vertex 74.4342 9.84428 10.9
      vertex 74.6098 8.96157 10.9
      vertex 74.7158 9.88603 10.9
    endloop
  endfacet
  facet normal 0 0 1
    outer loop
      vertex 74.4342 9.84428 10.9
      vertex 74.4194 8.91388 10.9
      vertex 74.6098 8.96157 10.9
    endloop
  endfacet
  facet normal -0 0 1
    outer loop
      vertex 74.1582 9.77513 10.9
      vertex 74.4194 8.91388 10.9
      vertex 74.4342 9.84428 10.9
    endloop
  endfacet
  facet normal 0 0 1
    outer loop
      vertex 74.4194 8.91388 10.9
      vertex 74.1582 9.77513 10.9
      vertex 74.2346 8.84776 10.9
    endloop
  endfacet
  facet normal -0 0 1
    outer loop
      vertex 73.8902 9.67925 10.9
      vertex 74.2346 8.84776 10.9
      vertex 74.1582 9.77513 10.9
    endloop
  endfacet
  facet normal 0 0 1
    outer loop
      vertex 74.2346 8.84776 10.9
      vertex 73.8902 9.67925 10.9
      vertex 74.0572 8.76384 10.9
    endloop
  endfacet
  facet normal -0 0 1
    outer loop
      vertex 73.6329 9.55757 10.9
      vertex 74.0572 8.76384 10.9
      vertex 73.8902 9.67925 10.9
    endloop
  endfacet
  facet normal 0 0 1
    outer loop
      vertex 74.0572 8.76384 10.9
      vertex 73.6329 9.55757 10.9
      vertex 73.8889 8.66294 10.9
    endloop
  endfacet
  facet normal -0 0 1
    outer loop
      vertex 73.3888 9.41126 10.9
      vertex 73.8889 8.66294 10.9
      vertex 73.6329 9.55757 10.9
    endloop
  endfacet
  facet normal 0 0 1
    outer loop
      vertex 73.8889 8.66294 10.9
      vertex 73.3888 9.41126 10.9
      vertex 73.7312 8.54602 10.9
    endloop
  endfacet
  facet normal -0 0 1
    outer loop
      vertex 73.1603 9.24173 10.9
      vertex 73.7312 8.54602 10.9
      vertex 73.3888 9.41126 10.9
    endloop
  endfacet
  facet normal 0 0 1
    outer loop
      vertex 73.7312 8.54602 10.9
      vertex 73.1603 9.24173 10.9
      vertex 73.5858 8.41421 10.9
    endloop
  endfacet
  facet normal -0 0 1
    outer loop
      vertex 72.9494 9.05061 10.9
      vertex 73.5858 8.41421 10.9
      vertex 73.1603 9.24173 10.9
    endloop
  endfacet
  facet normal 0 0 1
    outer loop
      vertex 73.5858 8.41421 10.9
      vertex 72.9494 9.05061 10.9
      vertex 73.454 8.26879 10.9
    endloop
  endfacet
  facet normal -0 0 1
    outer loop
      vertex 72.7583 8.83974 10.9
      vertex 73.454 8.26879 10.9
      vertex 72.9494 9.05061 10.9
    endloop
  endfacet
  facet normal 0 0 1
    outer loop
      vertex 73.454 8.26879 10.9
      vertex 72.7583 8.83974 10.9
      vertex 73.3371 8.11114 10.9
    endloop
  endfacet
  facet normal -0 0 1
    outer loop
      vertex 72.5887 8.61115 10.9
      vertex 73.3371 8.11114 10.9
      vertex 72.7583 8.83974 10.9
    endloop
  endfacet
  facet normal 0 0 1
    outer loop
      vertex 73.3371 8.11114 10.9
      vertex 72.5887 8.61115 10.9
      vertex 73.2362 7.94279 10.9
    endloop
  endfacet
  facet normal -0 0 1
    outer loop
      vertex 72.4424 8.36705 10.9
      vertex 73.2362 7.94279 10.9
      vertex 72.5887 8.61115 10.9
    endloop
  endfacet
  facet normal -0 0 1
    outer loop
      vertex 72.3207 8.10978 10.9
      vertex 73.1522 7.76537 10.9
      vertex 72.4424 8.36705 10.9
    endloop
  endfacet
  facet normal 0 0 1
    outer loop
      vertex 73.2362 7.94279 10.9
      vertex 72.4424 8.36705 10.9
      vertex 73.1522 7.76537 10.9
    endloop
  endfacet
  facet normal 0 0 1
    outer loop
      vertex 77.6793 5.89022 10.9
      vertex 76.8478 6.23463 10.9
      vertex 77.5576 5.63295 10.9
    endloop
  endfacet
  facet normal -0 0 1
    outer loop
      vertex 76.7638 6.05721 10.9
      vertex 77.5576 5.63295 10.9
      vertex 76.8478 6.23463 10.9
    endloop
  endfacet
  facet normal 0 0 1
    outer loop
      vertex 77.5576 5.63295 10.9
      vertex 76.7638 6.05721 10.9
      vertex 77.4113 5.38885 10.9
    endloop
  endfacet
  facet normal -0 0 1
    outer loop
      vertex 76.6629 5.88886 10.9
      vertex 77.4113 5.38885 10.9
      vertex 76.7638 6.05721 10.9
    endloop
  endfacet
  facet normal 0 0 1
    outer loop
      vertex 77.4113 5.38885 10.9
      vertex 76.6629 5.88886 10.9
      vertex 77.2417 5.16026 10.9
    endloop
  endfacet
  facet normal -0 0 1
    outer loop
      vertex 76.546 5.73121 10.9
      vertex 77.2417 5.16026 10.9
      vertex 76.6629 5.88886 10.9
    endloop
  endfacet
  facet normal 0 0 1
    outer loop
      vertex 77.2417 5.16026 10.9
      vertex 76.546 5.73121 10.9
      vertex 77.0506 4.94939 10.9
    endloop
  endfacet
  facet normal -0 0 1
    outer loop
      vertex 76.4142 5.58579 10.9
      vertex 77.0506 4.94939 10.9
      vertex 76.546 5.73121 10.9
    endloop
  endfacet
  facet normal 0 0 1
    outer loop
      vertex 77.0506 4.94939 10.9
      vertex 76.4142 5.58579 10.9
      vertex 76.8397 4.75827 10.9
    endloop
  endfacet
  facet normal -0 0 1
    outer loop
      vertex 76.2688 5.45398 10.9
      vertex 76.8397 4.75827 10.9
      vertex 76.4142 5.58579 10.9
    endloop
  endfacet
  facet normal 0 0 1
    outer loop
      vertex 76.8397 4.75827 10.9
      vertex 76.2688 5.45398 10.9
      vertex 76.6112 4.58874 10.9
    endloop
  endfacet
  facet normal -0 0 1
    outer loop
      vertex 76.1111 5.33706 10.9
      vertex 76.6112 4.58874 10.9
      vertex 76.2688 5.45398 10.9
    endloop
  endfacet
  facet normal 0 0 1
    outer loop
      vertex 76.6112 4.58874 10.9
      vertex 76.1111 5.33706 10.9
      vertex 76.3671 4.44243 10.9
    endloop
  endfacet
  facet normal -0 0 1
    outer loop
      vertex 75.9428 5.23616 10.9
      vertex 76.3671 4.44243 10.9
      vertex 76.1111 5.33706 10.9
    endloop
  endfacet
  facet normal 0 0 1
    outer loop
      vertex 76.3671 4.44243 10.9
      vertex 75.9428 5.23616 10.9
      vertex 76.1098 4.32075 10.9
    endloop
  endfacet
  facet normal -0 0 1
    outer loop
      vertex 75.7654 5.15224 10.9
      vertex 76.1098 4.32075 10.9
      vertex 75.9428 5.23616 10.9
    endloop
  endfacet
  facet normal 0 0 1
    outer loop
      vertex 76.1098 4.32075 10.9
      vertex 75.7654 5.15224 10.9
      vertex 75.8418 4.22487 10.9
    endloop
  endfacet
  facet normal -0 0 1
    outer loop
      vertex 75.5806 5.08612 10.9
      vertex 75.8418 4.22487 10.9
      vertex 75.7654 5.15224 10.9
    endloop
  endfacet
  facet normal 0 0 1
    outer loop
      vertex 75.5806 5.08612 10.9
      vertex 75.5658 4.15572 10.9
      vertex 75.8418 4.22487 10.9
    endloop
  endfacet
  facet normal -0 0 1
    outer loop
      vertex 75.3902 5.03843 10.9
      vertex 75.5658 4.15572 10.9
      vertex 75.5806 5.08612 10.9
    endloop
  endfacet
  facet normal 0 0 1
    outer loop
      vertex 75.3902 5.03843 10.9
      vertex 75.2842 4.11397 10.9
      vertex 75.5658 4.15572 10.9
    endloop
  endfacet
  facet normal -0 0 1
    outer loop
      vertex 75.196 5.00963 10.9
      vertex 75.2842 4.11397 10.9
      vertex 75.3902 5.03843 10.9
    endloop
  endfacet
  facet normal -0 0 1
    outer loop
      vertex 75 5 10.9
      vertex 75.2842 4.11397 10.9
      vertex 75.196 5.00963 10.9
    endloop
  endfacet
  facet normal 0 0 1
    outer loop
      vertex 75 5 10.9
      vertex 75 4.1 10.9
      vertex 75.2842 4.11397 10.9
    endloop
  endfacet
  facet normal 0 0 1
    outer loop
      vertex 74.804 5.00963 10.9
      vertex 75 4.1 10.9
      vertex 75 5 10.9
    endloop
  endfacet
  facet normal 0 0 1
    outer loop
      vertex 74.804 5.00963 10.9
      vertex 74.7158 4.11397 10.9
      vertex 75 4.1 10.9
    endloop
  endfacet
  facet normal 0 0 1
    outer loop
      vertex 74.6098 5.03843 10.9
      vertex 74.7158 4.11397 10.9
      vertex 74.804 5.00963 10.9
    endloop
  endfacet
  facet normal 0 0 1
    outer loop
      vertex 74.6098 5.03843 10.9
      vertex 74.4342 4.15572 10.9
      vertex 74.7158 4.11397 10.9
    endloop
  endfacet
  facet normal 0 0 1
    outer loop
      vertex 74.4194 5.08612 10.9
      vertex 74.4342 4.15572 10.9
      vertex 74.6098 5.03843 10.9
    endloop
  endfacet
  facet normal 0 0 1
    outer loop
      vertex 74.1582 4.22487 10.9
      vertex 74.4194 5.08612 10.9
      vertex 74.2346 5.15224 10.9
    endloop
  endfacet
  facet normal 0 0 1
    outer loop
      vertex 74.4194 5.08612 10.9
      vertex 74.1582 4.22487 10.9
      vertex 74.4342 4.15572 10.9
    endloop
  endfacet
  facet normal 0 0 1
    outer loop
      vertex 73.8902 4.32075 10.9
      vertex 74.2346 5.15224 10.9
      vertex 74.0572 5.23616 10.9
    endloop
  endfacet
  facet normal 0 0 1
    outer loop
      vertex 74.2346 5.15224 10.9
      vertex 73.8902 4.32075 10.9
      vertex 74.1582 4.22487 10.9
    endloop
  endfacet
  facet normal 0 0 1
    outer loop
      vertex 73.6329 4.44243 10.9
      vertex 74.0572 5.23616 10.9
      vertex 73.8889 5.33706 10.9
    endloop
  endfacet
  facet normal 0 0 1
    outer loop
      vertex 73.3888 4.58874 10.9
      vertex 73.8889 5.33706 10.9
      vertex 73.7312 5.45398 10.9
    endloop
  endfacet
  facet normal 0 0 1
    outer loop
      vertex 74.0572 5.23616 10.9
      vertex 73.6329 4.44243 10.9
      vertex 73.8902 4.32075 10.9
    endloop
  endfacet
  facet normal 0 0 1
    outer loop
      vertex 73.1603 4.75827 10.9
      vertex 73.7312 5.45398 10.9
      vertex 73.5858 5.58579 10.9
    endloop
  endfacet
  facet normal 0 0 1
    outer loop
      vertex 72.9494 4.94939 10.9
      vertex 73.5858 5.58579 10.9
      vertex 73.454 5.73121 10.9
    endloop
  endfacet
  facet normal 0 0 1
    outer loop
      vertex 73.8889 5.33706 10.9
      vertex 73.3888 4.58874 10.9
      vertex 73.6329 4.44243 10.9
    endloop
  endfacet
  facet normal 0 0 1
    outer loop
      vertex 72.7583 5.16026 10.9
      vertex 73.454 5.73121 10.9
      vertex 73.3371 5.88886 10.9
    endloop
  endfacet
  facet normal 0 0 1
    outer loop
      vertex 72.5887 5.38885 10.9
      vertex 73.3371 5.88886 10.9
      vertex 73.2362 6.05721 10.9
    endloop
  endfacet
  facet normal 0 0 1
    outer loop
      vertex 73.7312 5.45398 10.9
      vertex 73.1603 4.75827 10.9
      vertex 73.3888 4.58874 10.9
    endloop
  endfacet
  facet normal 0 0 1
    outer loop
      vertex 72.4424 5.63295 10.9
      vertex 73.2362 6.05721 10.9
      vertex 73.1522 6.23463 10.9
    endloop
  endfacet
  facet normal 0 0 1
    outer loop
      vertex 72.3207 5.89022 10.9
      vertex 73.1522 6.23463 10.9
      vertex 73.0861 6.41943 10.9
    endloop
  endfacet
  facet normal 0 0 1
    outer loop
      vertex 72.2249 6.15817 10.9
      vertex 73.0861 6.41943 10.9
      vertex 73.0384 6.60982 10.9
    endloop
  endfacet
  facet normal 0 0 1
    outer loop
      vertex 72.1557 6.43424 10.9
      vertex 73.0384 6.60982 10.9
      vertex 73.0096 6.80397 10.9
    endloop
  endfacet
  facet normal 0 0 1
    outer loop
      vertex 73.5858 5.58579 10.9
      vertex 72.9494 4.94939 10.9
      vertex 73.1603 4.75827 10.9
    endloop
  endfacet
  facet normal 0 0 1
    outer loop
      vertex 72.114 6.71575 10.9
      vertex 73.0096 6.80397 10.9
      vertex 73 7 10.9
    endloop
  endfacet
  facet normal 0 0 1
    outer loop
      vertex 73.1522 7.76537 10.9
      vertex 72.3207 8.10978 10.9
      vertex 73.0861 7.58057 10.9
    endloop
  endfacet
  facet normal -0 0 1
    outer loop
      vertex 72.2249 7.84183 10.9
      vertex 73.0861 7.58057 10.9
      vertex 72.3207 8.10978 10.9
    endloop
  endfacet
  facet normal 0 0 1
    outer loop
      vertex 73.454 5.73121 10.9
      vertex 72.7583 5.16026 10.9
      vertex 72.9494 4.94939 10.9
    endloop
  endfacet
  facet normal 0 0 1
    outer loop
      vertex 73.0861 7.58057 10.9
      vertex 72.2249 7.84183 10.9
      vertex 73.0384 7.39018 10.9
    endloop
  endfacet
  facet normal 0 0 1
    outer loop
      vertex 73.3371 5.88886 10.9
      vertex 72.5887 5.38885 10.9
      vertex 72.7583 5.16026 10.9
    endloop
  endfacet
  facet normal -0 0 1
    outer loop
      vertex 72.1557 7.56576 10.9
      vertex 73.0384 7.39018 10.9
      vertex 72.2249 7.84183 10.9
    endloop
  endfacet
  facet normal 0 0 1
    outer loop
      vertex 73.2362 6.05721 10.9
      vertex 72.4424 5.63295 10.9
      vertex 72.5887 5.38885 10.9
    endloop
  endfacet
  facet normal 0 0 1
    outer loop
      vertex 73.0384 7.39018 10.9
      vertex 72.1557 7.56576 10.9
      vertex 73.0096 7.19603 10.9
    endloop
  endfacet
  facet normal 0 0 1
    outer loop
      vertex 73.1522 6.23463 10.9
      vertex 72.3207 5.89022 10.9
      vertex 72.4424 5.63295 10.9
    endloop
  endfacet
  facet normal -0 0 1
    outer loop
      vertex 72.114 7.28425 10.9
      vertex 73.0096 7.19603 10.9
      vertex 72.1557 7.56576 10.9
    endloop
  endfacet
  facet normal 0 0 1
    outer loop
      vertex 73.0861 6.41943 10.9
      vertex 72.2249 6.15817 10.9
      vertex 72.3207 5.89022 10.9
    endloop
  endfacet
  facet normal 0 0 1
    outer loop
      vertex 73.0096 7.19603 10.9
      vertex 72.114 7.28425 10.9
      vertex 73 7 10.9
    endloop
  endfacet
  facet normal 0 0 1
    outer loop
      vertex 73.0384 6.60982 10.9
      vertex 72.1557 6.43424 10.9
      vertex 72.2249 6.15817 10.9
    endloop
  endfacet
  facet normal 0 0 1
    outer loop
      vertex 72.1 7 10.9
      vertex 73 7 10.9
      vertex 72.114 7.28425 10.9
    endloop
  endfacet
  facet normal 0 0 1
    outer loop
      vertex 73.0096 6.80397 10.9
      vertex 72.114 6.71575 10.9
      vertex 72.1557 6.43424 10.9
    endloop
  endfacet
  facet normal 0 0 1
    outer loop
      vertex 73 7 10.9
      vertex 72.1 7 10.9
      vertex 72.114 6.71575 10.9
    endloop
  endfacet
  facet normal 0.857741 0.514082 0
    outer loop
      vertex 77.5576 8.36705 10.9
      vertex 77.4113 8.61115 1.2
      vertex 77.4113 8.61115 10.9
    endloop
  endfacet
  facet normal 0.857741 0.514082 0
    outer loop
      vertex 77.4113 8.61115 1.2
      vertex 77.5576 8.36705 10.9
      vertex 77.5576 8.36705 1.2
    endloop
  endfacet
  facet normal 0.0490735 -0.998795 0
    outer loop
      vertex 74.804 8.99037 7.3
      vertex 75 9 10.9
      vertex 74.804 8.99037 10.9
    endloop
  endfacet
  facet normal 0.0490735 -0.998795 0
    outer loop
      vertex 75 9 10.9
      vertex 74.804 8.99037 7.3
      vertex 75 9 7.3
    endloop
  endfacet
  facet normal 0.989176 -0.146733 0
    outer loop
      vertex 73.0096 7.19603 10.9
      vertex 73.0384 7.39018 7.3
      vertex 73.0384 7.39018 10.9
    endloop
  endfacet
  facet normal 0.989176 -0.146733 0
    outer loop
      vertex 73.0384 7.39018 7.3
      vertex 73.0096 7.19603 10.9
      vertex 73.0096 7.19603 7.3
    endloop
  endfacet
  facet normal 0.740954 0.671556 0
    outer loop
      vertex 73.5858 5.58579 10.9
      vertex 73.454 5.73121 7.3
      vertex 73.454 5.73121 10.9
    endloop
  endfacet
  facet normal 0.740954 0.671556 0
    outer loop
      vertex 73.454 5.73121 7.3
      vertex 73.5858 5.58579 10.9
      vertex 73.5858 5.58579 7.3
    endloop
  endfacet
  facet normal 0.740954 -0.671556 0
    outer loop
      vertex 73.454 8.26879 10.9
      vertex 73.5858 8.41421 7.3
      vertex 73.5858 8.41421 10.9
    endloop
  endfacet
  facet normal 0.740954 -0.671556 0
    outer loop
      vertex 73.5858 8.41421 7.3
      vertex 73.454 8.26879 10.9
      vertex 73.454 8.26879 7.3
    endloop
  endfacet
  facet normal 0.146696 0.989182 -0
    outer loop
      vertex 74.804 5.00963 7.3
      vertex 74.6098 5.03843 10.9
      vertex 74.804 5.00963 10.9
    endloop
  endfacet
  facet normal 0.146696 0.989182 0
    outer loop
      vertex 74.6098 5.03843 10.9
      vertex 74.804 5.00963 7.3
      vertex 74.6098 5.03843 7.3
    endloop
  endfacet
  facet normal 0.803259 0.59563 0
    outer loop
      vertex 73.454 5.73121 10.9
      vertex 73.3371 5.88886 7.3
      vertex 73.3371 5.88886 10.9
    endloop
  endfacet
  facet normal 0.803259 0.59563 0
    outer loop
      vertex 73.3371 5.88886 7.3
      vertex 73.454 5.73121 10.9
      vertex 73.454 5.73121 7.3
    endloop
  endfacet
  facet normal 0.514196 0.857673 -0
    outer loop
      vertex 74.0572 5.23616 7.3
      vertex 73.8889 5.33706 10.9
      vertex 74.0572 5.23616 10.9
    endloop
  endfacet
  facet normal 0.514196 0.857673 0
    outer loop
      vertex 73.8889 5.33706 10.9
      vertex 74.0572 5.23616 7.3
      vertex 73.8889 5.33706 7.3
    endloop
  endfacet
  facet normal -0.998803 -0.0489135 0
    outer loop
      vertex 77 7 7.3
      vertex 76.9904 7.19603 10.9
      vertex 76.9904 7.19603 7.3
    endloop
  endfacet
  facet normal -0.998803 -0.0489135 0
    outer loop
      vertex 76.9904 7.19603 10.9
      vertex 77 7 7.3
      vertex 77 7 10.9
    endloop
  endfacet
  facet normal -0.94158 0.336788 0
    outer loop
      vertex 76.8478 6.23463 7.3
      vertex 76.9139 6.41943 10.9
      vertex 76.9139 6.41943 7.3
    endloop
  endfacet
  facet normal -0.94158 0.336788 0
    outer loop
      vertex 76.9139 6.41943 10.9
      vertex 76.8478 6.23463 7.3
      vertex 76.8478 6.23463 10.9
    endloop
  endfacet
  facet normal -0.514196 0.857673 0
    outer loop
      vertex 76.1111 5.33706 7.3
      vertex 75.9428 5.23616 10.9
      vertex 76.1111 5.33706 10.9
    endloop
  endfacet
  facet normal -0.514196 0.857673 0
    outer loop
      vertex 75.9428 5.23616 10.9
      vertex 76.1111 5.33706 7.3
      vertex 75.9428 5.23616 7.3
    endloop
  endfacet
  facet normal 0.94158 -0.336788 0
    outer loop
      vertex 73.0861 7.58057 10.9
      vertex 73.1522 7.76537 7.3
      vertex 73.1522 7.76537 10.9
    endloop
  endfacet
  facet normal 0.94158 -0.336788 0
    outer loop
      vertex 73.1522 7.76537 7.3
      vertex 73.0861 7.58057 10.9
      vertex 73.0861 7.58057 7.3
    endloop
  endfacet
  facet normal -0.970019 0.243027 0
    outer loop
      vertex 76.9139 6.41943 7.3
      vertex 76.9616 6.60982 10.9
      vertex 76.9616 6.60982 7.3
    endloop
  endfacet
  facet normal -0.970019 0.243027 0
    outer loop
      vertex 76.9616 6.60982 10.9
      vertex 76.9139 6.41943 7.3
      vertex 76.9139 6.41943 10.9
    endloop
  endfacet
  facet normal -0.85774 -0.514084 0
    outer loop
      vertex 76.7638 7.94279 7.3
      vertex 76.6629 8.11114 10.9
      vertex 76.6629 8.11114 7.3
    endloop
  endfacet
  facet normal -0.85774 -0.514084 0
    outer loop
      vertex 76.6629 8.11114 10.9
      vertex 76.7638 7.94279 7.3
      vertex 76.7638 7.94279 10.9
    endloop
  endfacet
  facet normal 0.336879 -0.941548 0
    outer loop
      vertex 74.2346 8.84776 7.3
      vertex 74.4194 8.91388 10.9
      vertex 74.2346 8.84776 10.9
    endloop
  endfacet
  facet normal 0.336879 -0.941548 0
    outer loop
      vertex 74.4194 8.91388 10.9
      vertex 74.2346 8.84776 7.3
      vertex 74.4194 8.91388 7.3
    endloop
  endfacet
  facet normal 0.595573 0.803301 -0
    outer loop
      vertex 73.8889 5.33706 7.3
      vertex 73.7312 5.45398 10.9
      vertex 73.8889 5.33706 10.9
    endloop
  endfacet
  facet normal 0.595573 0.803301 0
    outer loop
      vertex 73.7312 5.45398 10.9
      vertex 73.8889 5.33706 7.3
      vertex 73.7312 5.45398 7.3
    endloop
  endfacet
  facet normal 0.989176 0.146733 0
    outer loop
      vertex 73.0384 6.60982 10.9
      vertex 73.0096 6.80397 7.3
      vertex 73.0096 6.80397 10.9
    endloop
  endfacet
  facet normal 0.989176 0.146733 0
    outer loop
      vertex 73.0096 6.80397 7.3
      vertex 73.0384 6.60982 10.9
      vertex 73.0384 6.60982 7.3
    endloop
  endfacet
  facet normal -0.803259 0.59563 0
    outer loop
      vertex 76.546 5.73121 7.3
      vertex 76.6629 5.88886 10.9
      vertex 76.6629 5.88886 7.3
    endloop
  endfacet
  facet normal -0.803259 0.59563 0
    outer loop
      vertex 76.6629 5.88886 10.9
      vertex 76.546 5.73121 7.3
      vertex 76.546 5.73121 10.9
    endloop
  endfacet
  facet normal 0.903819 0.427916 0
    outer loop
      vertex 73.2362 6.05721 10.9
      vertex 73.1522 6.23463 7.3
      vertex 73.1522 6.23463 10.9
    endloop
  endfacet
  facet normal 0.903819 0.427916 0
    outer loop
      vertex 73.1522 6.23463 7.3
      vertex 73.2362 6.05721 10.9
      vertex 73.2362 6.05721 7.3
    endloop
  endfacet
  facet normal -0.970019 -0.243027 0
    outer loop
      vertex 76.9616 7.39018 7.3
      vertex 76.9139 7.58057 10.9
      vertex 76.9139 7.58057 7.3
    endloop
  endfacet
  facet normal -0.970019 -0.243027 0
    outer loop
      vertex 76.9139 7.58057 10.9
      vertex 76.9616 7.39018 7.3
      vertex 76.9616 7.39018 10.9
    endloop
  endfacet
  facet normal 0.998803 -0.0489135 0
    outer loop
      vertex 73 7 10.9
      vertex 73.0096 7.19603 7.3
      vertex 73.0096 7.19603 10.9
    endloop
  endfacet
  facet normal 0.998803 -0.0489135 0
    outer loop
      vertex 73.0096 7.19603 7.3
      vertex 73 7 10.9
      vertex 73 7 7.3
    endloop
  endfacet
  facet normal -0.94158 -0.336788 0
    outer loop
      vertex 76.9139 7.58057 7.3
      vertex 76.8478 7.76537 10.9
      vertex 76.8478 7.76537 7.3
    endloop
  endfacet
  facet normal -0.94158 -0.336788 0
    outer loop
      vertex 76.8478 7.76537 10.9
      vertex 76.9139 7.58057 7.3
      vertex 76.9139 7.58057 10.9
    endloop
  endfacet
  facet normal 0.970019 -0.243027 0
    outer loop
      vertex 73.0384 7.39018 10.9
      vertex 73.0861 7.58057 7.3
      vertex 73.0861 7.58057 10.9
    endloop
  endfacet
  facet normal 0.970019 -0.243027 0
    outer loop
      vertex 73.0861 7.58057 7.3
      vertex 73.0384 7.39018 10.9
      vertex 73.0384 7.39018 7.3
    endloop
  endfacet
  facet normal -0.0490735 -0.998795 0
    outer loop
      vertex 75 9 7.3
      vertex 75.196 8.99037 10.9
      vertex 75 9 10.9
    endloop
  endfacet
  facet normal -0.0490735 -0.998795 -0
    outer loop
      vertex 75.196 8.99037 10.9
      vertex 75 9 7.3
      vertex 75.196 8.99037 7.3
    endloop
  endfacet
  facet normal -0.146696 -0.989182 0
    outer loop
      vertex 75.196 8.99037 7.3
      vertex 75.3902 8.96157 10.9
      vertex 75.196 8.99037 10.9
    endloop
  endfacet
  facet normal -0.146696 -0.989182 -0
    outer loop
      vertex 75.3902 8.96157 10.9
      vertex 75.196 8.99037 7.3
      vertex 75.3902 8.96157 7.3
    endloop
  endfacet
  facet normal 0.671635 0.740882 -0
    outer loop
      vertex 73.7312 5.45398 7.3
      vertex 73.5858 5.58579 10.9
      vertex 73.7312 5.45398 10.9
    endloop
  endfacet
  facet normal 0.671635 0.740882 0
    outer loop
      vertex 73.5858 5.58579 10.9
      vertex 73.7312 5.45398 7.3
      vertex 73.5858 5.58579 7.3
    endloop
  endfacet
  facet normal 0.514196 -0.857673 0
    outer loop
      vertex 73.8889 8.66294 7.3
      vertex 74.0572 8.76384 10.9
      vertex 73.8889 8.66294 10.9
    endloop
  endfacet
  facet normal 0.514196 -0.857673 0
    outer loop
      vertex 74.0572 8.76384 10.9
      vertex 73.8889 8.66294 7.3
      vertex 74.0572 8.76384 7.3
    endloop
  endfacet
  facet normal 0.903819 -0.427916 0
    outer loop
      vertex 73.1522 7.76537 10.9
      vertex 73.2362 7.94279 7.3
      vertex 73.2362 7.94279 10.9
    endloop
  endfacet
  facet normal 0.903819 -0.427916 0
    outer loop
      vertex 73.2362 7.94279 7.3
      vertex 73.1522 7.76537 10.9
      vertex 73.1522 7.76537 7.3
    endloop
  endfacet
  facet normal -0.989176 -0.146733 0
    outer loop
      vertex 76.9904 7.19603 7.3
      vertex 76.9616 7.39018 10.9
      vertex 76.9616 7.39018 7.3
    endloop
  endfacet
  facet normal -0.989176 -0.146733 0
    outer loop
      vertex 76.9616 7.39018 10.9
      vertex 76.9904 7.19603 7.3
      vertex 76.9904 7.19603 10.9
    endloop
  endfacet
  facet normal -0.242967 -0.970035 0
    outer loop
      vertex 75.3902 8.96157 7.3
      vertex 75.5806 8.91388 10.9
      vertex 75.3902 8.96157 10.9
    endloop
  endfacet
  facet normal -0.242967 -0.970035 -0
    outer loop
      vertex 75.5806 8.91388 10.9
      vertex 75.3902 8.96157 7.3
      vertex 75.5806 8.91388 7.3
    endloop
  endfacet
  facet normal -0.740954 0.671556 0
    outer loop
      vertex 76.4142 5.58579 7.3
      vertex 76.546 5.73121 10.9
      vertex 76.546 5.73121 7.3
    endloop
  endfacet
  facet normal -0.740954 0.671556 0
    outer loop
      vertex 76.546 5.73121 10.9
      vertex 76.4142 5.58579 7.3
      vertex 76.4142 5.58579 10.9
    endloop
  endfacet
  facet normal -0.740954 -0.671556 0
    outer loop
      vertex 76.546 8.26879 7.3
      vertex 76.4142 8.41421 10.9
      vertex 76.4142 8.41421 7.3
    endloop
  endfacet
  facet normal -0.740954 -0.671556 0
    outer loop
      vertex 76.4142 8.41421 10.9
      vertex 76.546 8.26879 7.3
      vertex 76.546 8.26879 10.9
    endloop
  endfacet
  facet normal -0.671635 0.740882 0
    outer loop
      vertex 76.4142 5.58579 7.3
      vertex 76.2688 5.45398 10.9
      vertex 76.4142 5.58579 10.9
    endloop
  endfacet
  facet normal -0.671635 0.740882 0
    outer loop
      vertex 76.2688 5.45398 10.9
      vertex 76.4142 5.58579 7.3
      vertex 76.2688 5.45398 7.3
    endloop
  endfacet
  facet normal 0.242967 -0.970035 0
    outer loop
      vertex 74.4194 8.91388 7.3
      vertex 74.6098 8.96157 10.9
      vertex 74.4194 8.91388 10.9
    endloop
  endfacet
  facet normal 0.242967 -0.970035 0
    outer loop
      vertex 74.6098 8.96157 10.9
      vertex 74.4194 8.91388 7.3
      vertex 74.6098 8.96157 7.3
    endloop
  endfacet
  facet normal -0.0490735 0.998795 0
    outer loop
      vertex 75.196 5.00963 7.3
      vertex 75 5 10.9
      vertex 75.196 5.00963 10.9
    endloop
  endfacet
  facet normal -0.0490735 0.998795 0
    outer loop
      vertex 75 5 10.9
      vertex 75.196 5.00963 7.3
      vertex 75 5 7.3
    endloop
  endfacet
  facet normal -0.671635 -0.740882 0
    outer loop
      vertex 76.2688 8.54602 7.3
      vertex 76.4142 8.41421 10.9
      vertex 76.2688 8.54602 10.9
    endloop
  endfacet
  facet normal -0.671635 -0.740882 -0
    outer loop
      vertex 76.4142 8.41421 10.9
      vertex 76.2688 8.54602 7.3
      vertex 76.4142 8.41421 7.3
    endloop
  endfacet
  facet normal 0.998803 0.0489135 0
    outer loop
      vertex 73.0096 6.80397 10.9
      vertex 73 7 7.3
      vertex 73 7 10.9
    endloop
  endfacet
  facet normal 0.998803 0.0489135 0
    outer loop
      vertex 73 7 7.3
      vertex 73.0096 6.80397 10.9
      vertex 73.0096 6.80397 7.3
    endloop
  endfacet
  facet normal 0.242967 0.970035 -0
    outer loop
      vertex 74.6098 5.03843 7.3
      vertex 74.4194 5.08612 10.9
      vertex 74.6098 5.03843 10.9
    endloop
  endfacet
  facet normal 0.242967 0.970035 0
    outer loop
      vertex 74.4194 5.08612 10.9
      vertex 74.6098 5.03843 7.3
      vertex 74.4194 5.08612 7.3
    endloop
  endfacet
  facet normal 0.427622 -0.903958 0
    outer loop
      vertex 74.0572 8.76384 7.3
      vertex 74.2346 8.84776 10.9
      vertex 74.0572 8.76384 10.9
    endloop
  endfacet
  facet normal 0.427622 -0.903958 0
    outer loop
      vertex 74.2346 8.84776 10.9
      vertex 74.0572 8.76384 7.3
      vertex 74.2346 8.84776 7.3
    endloop
  endfacet
  facet normal 0.85774 0.514084 0
    outer loop
      vertex 73.3371 5.88886 10.9
      vertex 73.2362 6.05721 7.3
      vertex 73.2362 6.05721 10.9
    endloop
  endfacet
  facet normal 0.85774 0.514084 0
    outer loop
      vertex 73.2362 6.05721 7.3
      vertex 73.3371 5.88886 10.9
      vertex 73.3371 5.88886 7.3
    endloop
  endfacet
  facet normal -0.146696 0.989182 0
    outer loop
      vertex 75.3902 5.03843 7.3
      vertex 75.196 5.00963 10.9
      vertex 75.3902 5.03843 10.9
    endloop
  endfacet
  facet normal -0.146696 0.989182 0
    outer loop
      vertex 75.196 5.00963 10.9
      vertex 75.3902 5.03843 7.3
      vertex 75.196 5.00963 7.3
    endloop
  endfacet
  facet normal 0.146696 -0.989182 0
    outer loop
      vertex 74.6098 8.96157 7.3
      vertex 74.804 8.99037 10.9
      vertex 74.6098 8.96157 10.9
    endloop
  endfacet
  facet normal 0.146696 -0.989182 0
    outer loop
      vertex 74.804 8.99037 10.9
      vertex 74.6098 8.96157 7.3
      vertex 74.804 8.99037 7.3
    endloop
  endfacet
  facet normal -0.998803 0.0489135 0
    outer loop
      vertex 76.9904 6.80397 7.3
      vertex 77 7 10.9
      vertex 77 7 7.3
    endloop
  endfacet
  facet normal -0.998803 0.0489135 0
    outer loop
      vertex 77 7 10.9
      vertex 76.9904 6.80397 7.3
      vertex 76.9904 6.80397 10.9
    endloop
  endfacet
  facet normal 0.0490735 0.998795 -0
    outer loop
      vertex 75 5 7.3
      vertex 74.804 5.00963 10.9
      vertex 75 5 10.9
    endloop
  endfacet
  facet normal 0.0490735 0.998795 0
    outer loop
      vertex 74.804 5.00963 10.9
      vertex 75 5 7.3
      vertex 74.804 5.00963 7.3
    endloop
  endfacet
  facet normal 0.595573 -0.803301 0
    outer loop
      vertex 73.7312 8.54602 7.3
      vertex 73.8889 8.66294 10.9
      vertex 73.7312 8.54602 10.9
    endloop
  endfacet
  facet normal 0.595573 -0.803301 0
    outer loop
      vertex 73.8889 8.66294 10.9
      vertex 73.7312 8.54602 7.3
      vertex 73.8889 8.66294 7.3
    endloop
  endfacet
  facet normal 0.803259 -0.59563 0
    outer loop
      vertex 73.3371 8.11114 10.9
      vertex 73.454 8.26879 7.3
      vertex 73.454 8.26879 10.9
    endloop
  endfacet
  facet normal 0.803259 -0.59563 0
    outer loop
      vertex 73.454 8.26879 7.3
      vertex 73.3371 8.11114 10.9
      vertex 73.3371 8.11114 7.3
    endloop
  endfacet
  facet normal -0.85774 0.514084 0
    outer loop
      vertex 76.6629 5.88886 7.3
      vertex 76.7638 6.05721 10.9
      vertex 76.7638 6.05721 7.3
    endloop
  endfacet
  facet normal -0.85774 0.514084 0
    outer loop
      vertex 76.7638 6.05721 10.9
      vertex 76.6629 5.88886 7.3
      vertex 76.6629 5.88886 10.9
    endloop
  endfacet
  facet normal -0.903819 0.427916 0
    outer loop
      vertex 76.7638 6.05721 7.3
      vertex 76.8478 6.23463 10.9
      vertex 76.8478 6.23463 7.3
    endloop
  endfacet
  facet normal -0.903819 0.427916 0
    outer loop
      vertex 76.8478 6.23463 10.9
      vertex 76.7638 6.05721 7.3
      vertex 76.7638 6.05721 10.9
    endloop
  endfacet
  facet normal 0 0 1
    outer loop
      vertex 76.9904 7.19603 7.3
      vertex 76.9904 6.80397 7.3
      vertex 77 7 7.3
    endloop
  endfacet
  facet normal 0 0 1
    outer loop
      vertex 76.9616 7.39018 7.3
      vertex 76.9904 6.80397 7.3
      vertex 76.9904 7.19603 7.3
    endloop
  endfacet
  facet normal 0 0 1
    outer loop
      vertex 76.9616 7.39018 7.3
      vertex 76.9616 6.60982 7.3
      vertex 76.9904 6.80397 7.3
    endloop
  endfacet
  facet normal 0 0 1
    outer loop
      vertex 76.9139 7.58057 7.3
      vertex 76.9616 6.60982 7.3
      vertex 76.9616 7.39018 7.3
    endloop
  endfacet
  facet normal 0 0 1
    outer loop
      vertex 76.9139 7.58057 7.3
      vertex 76.9139 6.41943 7.3
      vertex 76.9616 6.60982 7.3
    endloop
  endfacet
  facet normal 0 0 1
    outer loop
      vertex 76.8478 7.76537 7.3
      vertex 76.9139 6.41943 7.3
      vertex 76.9139 7.58057 7.3
    endloop
  endfacet
  facet normal 0 0 1
    outer loop
      vertex 76.8478 7.76537 7.3
      vertex 76.8478 6.23463 7.3
      vertex 76.9139 6.41943 7.3
    endloop
  endfacet
  facet normal 0 0 1
    outer loop
      vertex 76.7638 7.94279 7.3
      vertex 76.8478 6.23463 7.3
      vertex 76.8478 7.76537 7.3
    endloop
  endfacet
  facet normal 0 0 1
    outer loop
      vertex 76.7638 7.94279 7.3
      vertex 76.7638 6.05721 7.3
      vertex 76.8478 6.23463 7.3
    endloop
  endfacet
  facet normal 0 0 1
    outer loop
      vertex 76.6629 8.11114 7.3
      vertex 76.7638 6.05721 7.3
      vertex 76.7638 7.94279 7.3
    endloop
  endfacet
  facet normal 0 0 1
    outer loop
      vertex 76.6629 8.11114 7.3
      vertex 76.6629 5.88886 7.3
      vertex 76.7638 6.05721 7.3
    endloop
  endfacet
  facet normal 0 0 1
    outer loop
      vertex 76.546 8.26879 7.3
      vertex 76.6629 5.88886 7.3
      vertex 76.6629 8.11114 7.3
    endloop
  endfacet
  facet normal 0 0 1
    outer loop
      vertex 76.546 8.26879 7.3
      vertex 76.546 5.73121 7.3
      vertex 76.6629 5.88886 7.3
    endloop
  endfacet
  facet normal 0 0 1
    outer loop
      vertex 76.4142 8.41421 7.3
      vertex 76.546 5.73121 7.3
      vertex 76.546 8.26879 7.3
    endloop
  endfacet
  facet normal 0 0 1
    outer loop
      vertex 76.4142 8.41421 7.3
      vertex 76.4142 5.58579 7.3
      vertex 76.546 5.73121 7.3
    endloop
  endfacet
  facet normal 0 0 1
    outer loop
      vertex 76.2688 8.54602 7.3
      vertex 76.4142 5.58579 7.3
      vertex 76.4142 8.41421 7.3
    endloop
  endfacet
  facet normal 0 0 1
    outer loop
      vertex 76.2688 8.54602 7.3
      vertex 76.2688 5.45398 7.3
      vertex 76.4142 5.58579 7.3
    endloop
  endfacet
  facet normal 0 0 1
    outer loop
      vertex 76.1111 8.66294 7.3
      vertex 76.2688 5.45398 7.3
      vertex 76.2688 8.54602 7.3
    endloop
  endfacet
  facet normal 0 0 1
    outer loop
      vertex 76.1111 8.66294 7.3
      vertex 76.1111 5.33706 7.3
      vertex 76.2688 5.45398 7.3
    endloop
  endfacet
  facet normal 0 0 1
    outer loop
      vertex 75.9428 8.76384 7.3
      vertex 76.1111 5.33706 7.3
      vertex 76.1111 8.66294 7.3
    endloop
  endfacet
  facet normal 0 0 1
    outer loop
      vertex 75.9428 8.76384 7.3
      vertex 75.9428 5.23616 7.3
      vertex 76.1111 5.33706 7.3
    endloop
  endfacet
  facet normal 0 0 1
    outer loop
      vertex 75.7654 8.84776 7.3
      vertex 75.9428 5.23616 7.3
      vertex 75.9428 8.76384 7.3
    endloop
  endfacet
  facet normal 0 0 1
    outer loop
      vertex 75.7654 8.84776 7.3
      vertex 75.7654 5.15224 7.3
      vertex 75.9428 5.23616 7.3
    endloop
  endfacet
  facet normal 0 0 1
    outer loop
      vertex 75.5806 8.91388 7.3
      vertex 75.7654 5.15224 7.3
      vertex 75.7654 8.84776 7.3
    endloop
  endfacet
  facet normal 0 0 1
    outer loop
      vertex 75.5806 8.91388 7.3
      vertex 75.5806 5.08612 7.3
      vertex 75.7654 5.15224 7.3
    endloop
  endfacet
  facet normal 0 0 1
    outer loop
      vertex 75.3902 8.96157 7.3
      vertex 75.5806 5.08612 7.3
      vertex 75.5806 8.91388 7.3
    endloop
  endfacet
  facet normal 0 0 1
    outer loop
      vertex 75.3902 8.96157 7.3
      vertex 75.3902 5.03843 7.3
      vertex 75.5806 5.08612 7.3
    endloop
  endfacet
  facet normal 0 0 1
    outer loop
      vertex 75.196 8.99037 7.3
      vertex 75.3902 5.03843 7.3
      vertex 75.3902 8.96157 7.3
    endloop
  endfacet
  facet normal 0 0 1
    outer loop
      vertex 75.196 8.99037 7.3
      vertex 75.196 5.00963 7.3
      vertex 75.3902 5.03843 7.3
    endloop
  endfacet
  facet normal 0 0 1
    outer loop
      vertex 75 9 7.3
      vertex 75.196 5.00963 7.3
      vertex 75.196 8.99037 7.3
    endloop
  endfacet
  facet normal 0 0 1
    outer loop
      vertex 75 9 7.3
      vertex 75 5 7.3
      vertex 75.196 5.00963 7.3
    endloop
  endfacet
  facet normal -0 0 1
    outer loop
      vertex 74.804 8.99037 7.3
      vertex 75 5 7.3
      vertex 75 9 7.3
    endloop
  endfacet
  facet normal 0 0 1
    outer loop
      vertex 74.804 8.99037 7.3
      vertex 74.804 5.00963 7.3
      vertex 75 5 7.3
    endloop
  endfacet
  facet normal -0 0 1
    outer loop
      vertex 74.6098 8.96157 7.3
      vertex 74.804 5.00963 7.3
      vertex 74.804 8.99037 7.3
    endloop
  endfacet
  facet normal 0 0 1
    outer loop
      vertex 74.6098 8.96157 7.3
      vertex 74.6098 5.03843 7.3
      vertex 74.804 5.00963 7.3
    endloop
  endfacet
  facet normal -0 0 1
    outer loop
      vertex 74.4194 8.91388 7.3
      vertex 74.6098 5.03843 7.3
      vertex 74.6098 8.96157 7.3
    endloop
  endfacet
  facet normal 0 0 1
    outer loop
      vertex 74.4194 8.91388 7.3
      vertex 74.4194 5.08612 7.3
      vertex 74.6098 5.03843 7.3
    endloop
  endfacet
  facet normal -0 0 1
    outer loop
      vertex 74.2346 8.84776 7.3
      vertex 74.4194 5.08612 7.3
      vertex 74.4194 8.91388 7.3
    endloop
  endfacet
  facet normal 0 0 1
    outer loop
      vertex 74.2346 8.84776 7.3
      vertex 74.2346 5.15224 7.3
      vertex 74.4194 5.08612 7.3
    endloop
  endfacet
  facet normal -0 0 1
    outer loop
      vertex 74.0572 8.76384 7.3
      vertex 74.2346 5.15224 7.3
      vertex 74.2346 8.84776 7.3
    endloop
  endfacet
  facet normal 0 0 1
    outer loop
      vertex 74.0572 8.76384 7.3
      vertex 74.0572 5.23616 7.3
      vertex 74.2346 5.15224 7.3
    endloop
  endfacet
  facet normal -0 0 1
    outer loop
      vertex 73.8889 8.66294 7.3
      vertex 74.0572 5.23616 7.3
      vertex 74.0572 8.76384 7.3
    endloop
  endfacet
  facet normal 0 0 1
    outer loop
      vertex 73.8889 8.66294 7.3
      vertex 73.8889 5.33706 7.3
      vertex 74.0572 5.23616 7.3
    endloop
  endfacet
  facet normal -0 0 1
    outer loop
      vertex 73.7312 8.54602 7.3
      vertex 73.8889 5.33706 7.3
      vertex 73.8889 8.66294 7.3
    endloop
  endfacet
  facet normal 0 0 1
    outer loop
      vertex 73.7312 8.54602 7.3
      vertex 73.7312 5.45398 7.3
      vertex 73.8889 5.33706 7.3
    endloop
  endfacet
  facet normal -0 0 1
    outer loop
      vertex 73.5858 8.41421 7.3
      vertex 73.7312 5.45398 7.3
      vertex 73.7312 8.54602 7.3
    endloop
  endfacet
  facet normal 0 0 1
    outer loop
      vertex 73.5858 8.41421 7.3
      vertex 73.5858 5.58579 7.3
      vertex 73.7312 5.45398 7.3
    endloop
  endfacet
  facet normal -0 0 1
    outer loop
      vertex 73.454 8.26879 7.3
      vertex 73.5858 5.58579 7.3
      vertex 73.5858 8.41421 7.3
    endloop
  endfacet
  facet normal 0 0 1
    outer loop
      vertex 73.454 8.26879 7.3
      vertex 73.454 5.73121 7.3
      vertex 73.5858 5.58579 7.3
    endloop
  endfacet
  facet normal -0 0 1
    outer loop
      vertex 73.3371 8.11114 7.3
      vertex 73.454 5.73121 7.3
      vertex 73.454 8.26879 7.3
    endloop
  endfacet
  facet normal 0 0 1
    outer loop
      vertex 73.3371 8.11114 7.3
      vertex 73.3371 5.88886 7.3
      vertex 73.454 5.73121 7.3
    endloop
  endfacet
  facet normal -0 0 1
    outer loop
      vertex 73.2362 7.94279 7.3
      vertex 73.3371 5.88886 7.3
      vertex 73.3371 8.11114 7.3
    endloop
  endfacet
  facet normal 0 0 1
    outer loop
      vertex 73.2362 7.94279 7.3
      vertex 73.2362 6.05721 7.3
      vertex 73.3371 5.88886 7.3
    endloop
  endfacet
  facet normal -0 0 1
    outer loop
      vertex 73.1522 7.76537 7.3
      vertex 73.2362 6.05721 7.3
      vertex 73.2362 7.94279 7.3
    endloop
  endfacet
  facet normal 0 0 1
    outer loop
      vertex 73.1522 7.76537 7.3
      vertex 73.1522 6.23463 7.3
      vertex 73.2362 6.05721 7.3
    endloop
  endfacet
  facet normal -0 0 1
    outer loop
      vertex 73.0861 7.58057 7.3
      vertex 73.1522 6.23463 7.3
      vertex 73.1522 7.76537 7.3
    endloop
  endfacet
  facet normal 0 0 1
    outer loop
      vertex 73.0861 7.58057 7.3
      vertex 73.0861 6.41943 7.3
      vertex 73.1522 6.23463 7.3
    endloop
  endfacet
  facet normal -0 0 1
    outer loop
      vertex 73.0384 7.39018 7.3
      vertex 73.0861 6.41943 7.3
      vertex 73.0861 7.58057 7.3
    endloop
  endfacet
  facet normal 0 0 1
    outer loop
      vertex 73.0384 7.39018 7.3
      vertex 73.0384 6.60982 7.3
      vertex 73.0861 6.41943 7.3
    endloop
  endfacet
  facet normal -0 0 1
    outer loop
      vertex 73.0096 7.19603 7.3
      vertex 73.0384 6.60982 7.3
      vertex 73.0384 7.39018 7.3
    endloop
  endfacet
  facet normal 0 0 1
    outer loop
      vertex 73.0096 7.19603 7.3
      vertex 73.0096 6.80397 7.3
      vertex 73.0384 6.60982 7.3
    endloop
  endfacet
  facet normal 0 -0 1
    outer loop
      vertex 73.0096 6.80397 7.3
      vertex 73.0096 7.19603 7.3
      vertex 73 7 7.3
    endloop
  endfacet
  facet normal 0.970019 0.243027 0
    outer loop
      vertex 73.0861 6.41943 10.9
      vertex 73.0384 6.60982 7.3
      vertex 73.0384 6.60982 10.9
    endloop
  endfacet
  facet normal 0.970019 0.243027 0
    outer loop
      vertex 73.0384 6.60982 7.3
      vertex 73.0861 6.41943 10.9
      vertex 73.0861 6.41943 7.3
    endloop
  endfacet
  facet normal 0.94158 0.336788 0
    outer loop
      vertex 73.1522 6.23463 10.9
      vertex 73.0861 6.41943 7.3
      vertex 73.0861 6.41943 10.9
    endloop
  endfacet
  facet normal 0.94158 0.336788 0
    outer loop
      vertex 73.0861 6.41943 7.3
      vertex 73.1522 6.23463 10.9
      vertex 73.1522 6.23463 7.3
    endloop
  endfacet
  facet normal 0.85774 -0.514084 0
    outer loop
      vertex 73.2362 7.94279 10.9
      vertex 73.3371 8.11114 7.3
      vertex 73.3371 8.11114 10.9
    endloop
  endfacet
  facet normal 0.85774 -0.514084 0
    outer loop
      vertex 73.3371 8.11114 7.3
      vertex 73.2362 7.94279 10.9
      vertex 73.2362 7.94279 7.3
    endloop
  endfacet
  facet normal -0.336879 0.941548 0
    outer loop
      vertex 75.7654 5.15224 7.3
      vertex 75.5806 5.08612 10.9
      vertex 75.7654 5.15224 10.9
    endloop
  endfacet
  facet normal -0.336879 0.941548 0
    outer loop
      vertex 75.5806 5.08612 10.9
      vertex 75.7654 5.15224 7.3
      vertex 75.5806 5.08612 7.3
    endloop
  endfacet
  facet normal 0.671635 -0.740882 0
    outer loop
      vertex 73.5858 8.41421 7.3
      vertex 73.7312 8.54602 10.9
      vertex 73.5858 8.41421 10.9
    endloop
  endfacet
  facet normal 0.671635 -0.740882 0
    outer loop
      vertex 73.7312 8.54602 10.9
      vertex 73.5858 8.41421 7.3
      vertex 73.7312 8.54602 7.3
    endloop
  endfacet
  facet normal -0.595573 -0.803301 0
    outer loop
      vertex 76.1111 8.66294 7.3
      vertex 76.2688 8.54602 10.9
      vertex 76.1111 8.66294 10.9
    endloop
  endfacet
  facet normal -0.595573 -0.803301 -0
    outer loop
      vertex 76.2688 8.54602 10.9
      vertex 76.1111 8.66294 7.3
      vertex 76.2688 8.54602 7.3
    endloop
  endfacet
  facet normal -0.903819 -0.427916 0
    outer loop
      vertex 76.8478 7.76537 7.3
      vertex 76.7638 7.94279 10.9
      vertex 76.7638 7.94279 7.3
    endloop
  endfacet
  facet normal -0.903819 -0.427916 0
    outer loop
      vertex 76.7638 7.94279 10.9
      vertex 76.8478 7.76537 7.3
      vertex 76.8478 7.76537 10.9
    endloop
  endfacet
  facet normal -0.427622 0.903958 0
    outer loop
      vertex 75.9428 5.23616 7.3
      vertex 75.7654 5.15224 10.9
      vertex 75.9428 5.23616 10.9
    endloop
  endfacet
  facet normal -0.427622 0.903958 0
    outer loop
      vertex 75.7654 5.15224 10.9
      vertex 75.9428 5.23616 7.3
      vertex 75.7654 5.15224 7.3
    endloop
  endfacet
  facet normal -0.242967 0.970035 0
    outer loop
      vertex 75.5806 5.08612 7.3
      vertex 75.3902 5.03843 10.9
      vertex 75.5806 5.08612 10.9
    endloop
  endfacet
  facet normal -0.242967 0.970035 0
    outer loop
      vertex 75.3902 5.03843 10.9
      vertex 75.5806 5.08612 7.3
      vertex 75.3902 5.03843 7.3
    endloop
  endfacet
  facet normal -0.336879 -0.941548 0
    outer loop
      vertex 75.5806 8.91388 7.3
      vertex 75.7654 8.84776 10.9
      vertex 75.5806 8.91388 10.9
    endloop
  endfacet
  facet normal -0.336879 -0.941548 -0
    outer loop
      vertex 75.7654 8.84776 10.9
      vertex 75.5806 8.91388 7.3
      vertex 75.7654 8.84776 7.3
    endloop
  endfacet
  facet normal -0.595573 0.803301 0
    outer loop
      vertex 76.2688 5.45398 7.3
      vertex 76.1111 5.33706 10.9
      vertex 76.2688 5.45398 10.9
    endloop
  endfacet
  facet normal -0.595573 0.803301 0
    outer loop
      vertex 76.1111 5.33706 10.9
      vertex 76.2688 5.45398 7.3
      vertex 76.1111 5.33706 7.3
    endloop
  endfacet
  facet normal -0.514196 -0.857673 0
    outer loop
      vertex 75.9428 8.76384 7.3
      vertex 76.1111 8.66294 10.9
      vertex 75.9428 8.76384 10.9
    endloop
  endfacet
  facet normal -0.514196 -0.857673 -0
    outer loop
      vertex 76.1111 8.66294 10.9
      vertex 75.9428 8.76384 7.3
      vertex 76.1111 8.66294 7.3
    endloop
  endfacet
  facet normal -0.989176 0.146733 0
    outer loop
      vertex 76.9616 6.60982 7.3
      vertex 76.9904 6.80397 10.9
      vertex 76.9904 6.80397 7.3
    endloop
  endfacet
  facet normal -0.989176 0.146733 0
    outer loop
      vertex 76.9904 6.80397 10.9
      vertex 76.9616 6.60982 7.3
      vertex 76.9616 6.60982 10.9
    endloop
  endfacet
  facet normal 0.336879 0.941548 -0
    outer loop
      vertex 74.4194 5.08612 7.3
      vertex 74.2346 5.15224 10.9
      vertex 74.4194 5.08612 10.9
    endloop
  endfacet
  facet normal 0.336879 0.941548 0
    outer loop
      vertex 74.2346 5.15224 10.9
      vertex 74.4194 5.08612 7.3
      vertex 74.2346 5.15224 7.3
    endloop
  endfacet
  facet normal -0.803259 -0.59563 0
    outer loop
      vertex 76.6629 8.11114 7.3
      vertex 76.546 8.26879 10.9
      vertex 76.546 8.26879 7.3
    endloop
  endfacet
  facet normal -0.803259 -0.59563 0
    outer loop
      vertex 76.546 8.26879 10.9
      vertex 76.6629 8.11114 7.3
      vertex 76.6629 8.11114 10.9
    endloop
  endfacet
  facet normal 0.427622 0.903958 -0
    outer loop
      vertex 74.2346 5.15224 7.3
      vertex 74.0572 5.23616 10.9
      vertex 74.2346 5.15224 10.9
    endloop
  endfacet
  facet normal 0.427622 0.903958 0
    outer loop
      vertex 74.0572 5.23616 10.9
      vertex 74.2346 5.15224 7.3
      vertex 74.0572 5.23616 7.3
    endloop
  endfacet
  facet normal -0.427622 -0.903958 0
    outer loop
      vertex 75.7654 8.84776 7.3
      vertex 75.9428 8.76384 10.9
      vertex 75.7654 8.84776 10.9
    endloop
  endfacet
  facet normal -0.427622 -0.903958 -0
    outer loop
      vertex 75.9428 8.76384 10.9
      vertex 75.7654 8.84776 7.3
      vertex 75.9428 8.76384 7.3
    endloop
  endfacet
  facet normal -0.941646 -0.336603 0
    outer loop
      vertex 72.3207 34.4902 1.2
      vertex 72.2249 34.7582 10.9
      vertex 72.2249 34.7582 1.2
    endloop
  endfacet
  facet normal -0.941646 -0.336603 0
    outer loop
      vertex 72.2249 34.7582 10.9
      vertex 72.3207 34.4902 1.2
      vertex 72.3207 34.4902 10.9
    endloop
  endfacet
  facet normal -0.802984 0.596 0
    outer loop
      vertex 72.5887 37.2112 1.2
      vertex 72.7583 37.4397 10.9
      vertex 72.7583 37.4397 1.2
    endloop
  endfacet
  facet normal -0.802984 0.596 0
    outer loop
      vertex 72.7583 37.4397 10.9
      vertex 72.5887 37.2112 1.2
      vertex 72.5887 37.2112 10.9
    endloop
  endfacet
  facet normal 0.741036 -0.671465 0
    outer loop
      vertex 77.0506 33.5494 10.9
      vertex 77.2417 33.7603 1.2
      vertex 77.2417 33.7603 10.9
    endloop
  endfacet
  facet normal 0.741036 -0.671465 0
    outer loop
      vertex 77.2417 33.7603 1.2
      vertex 77.0506 33.5494 10.9
      vertex 77.0506 33.5494 1.2
    endloop
  endfacet
  facet normal -0.989205 0.146536 0
    outer loop
      vertex 72.114 35.8843 1.2
      vertex 72.1557 36.1658 10.9
      vertex 72.1557 36.1658 1.2
    endloop
  endfacet
  facet normal -0.989205 0.146536 0
    outer loop
      vertex 72.1557 36.1658 10.9
      vertex 72.114 35.8843 1.2
      vertex 72.114 35.8843 10.9
    endloop
  endfacet
  facet normal -0.671465 0.741036 0
    outer loop
      vertex 73.1603 37.8417 1.2
      vertex 72.9494 37.6506 10.9
      vertex 73.1603 37.8417 10.9
    endloop
  endfacet
  facet normal -0.671465 0.741036 0
    outer loop
      vertex 72.9494 37.6506 10.9
      vertex 73.1603 37.8417 1.2
      vertex 72.9494 37.6506 1.2
    endloop
  endfacet
  facet normal 0.671465 0.741036 -0
    outer loop
      vertex 77.0506 37.6506 1.2
      vertex 76.8397 37.8417 10.9
      vertex 77.0506 37.6506 10.9
    endloop
  endfacet
  facet normal 0.671465 0.741036 0
    outer loop
      vertex 76.8397 37.8417 10.9
      vertex 77.0506 37.6506 1.2
      vertex 76.8397 37.8417 1.2
    endloop
  endfacet
  facet normal -0.243197 -0.969977 0
    outer loop
      vertex 74.1582 32.8249 1.2
      vertex 74.4342 32.7557 10.9
      vertex 74.1582 32.8249 10.9
    endloop
  endfacet
  facet normal -0.243197 -0.969977 -0
    outer loop
      vertex 74.4342 32.7557 10.9
      vertex 74.1582 32.8249 1.2
      vertex 74.4342 32.7557 1.2
    endloop
  endfacet
  facet normal -0.514082 0.857741 0
    outer loop
      vertex 73.6329 38.1576 1.2
      vertex 73.3888 38.0113 10.9
      vertex 73.6329 38.1576 10.9
    endloop
  endfacet
  facet normal -0.514082 0.857741 0
    outer loop
      vertex 73.3888 38.0113 10.9
      vertex 73.6329 38.1576 1.2
      vertex 73.3888 38.0113 1.2
    endloop
  endfacet
  facet normal 0.336603 0.941646 -0
    outer loop
      vertex 76.1098 38.2793 1.2
      vertex 75.8418 38.3751 10.9
      vertex 76.1098 38.2793 10.9
    endloop
  endfacet
  facet normal 0.336603 0.941646 0
    outer loop
      vertex 75.8418 38.3751 10.9
      vertex 76.1098 38.2793 1.2
      vertex 75.8418 38.3751 1.2
    endloop
  endfacet
  facet normal 0.99879 0.0491842 0
    outer loop
      vertex 77.9 35.6 10.9
      vertex 77.886 35.8843 1.2
      vertex 77.886 35.8843 10.9
    endloop
  endfacet
  facet normal 0.99879 0.0491842 0
    outer loop
      vertex 77.886 35.8843 1.2
      vertex 77.9 35.6 10.9
      vertex 77.9 35.6 1.2
    endloop
  endfacet
  facet normal -0.514082 -0.857741 0
    outer loop
      vertex 73.3888 33.1887 1.2
      vertex 73.6329 33.0424 10.9
      vertex 73.3888 33.1887 10.9
    endloop
  endfacet
  facet normal -0.514082 -0.857741 -0
    outer loop
      vertex 73.6329 33.0424 10.9
      vertex 73.3888 33.1887 1.2
      vertex 73.6329 33.0424 1.2
    endloop
  endfacet
  facet normal -0.741036 -0.671465 0
    outer loop
      vertex 72.9494 33.5494 1.2
      vertex 72.7583 33.7603 10.9
      vertex 72.7583 33.7603 1.2
    endloop
  endfacet
  facet normal -0.741036 -0.671465 0
    outer loop
      vertex 72.7583 33.7603 10.9
      vertex 72.9494 33.5494 1.2
      vertex 72.9494 33.5494 10.9
    endloop
  endfacet
  facet normal 0.514082 0.857741 -0
    outer loop
      vertex 76.6112 38.0113 1.2
      vertex 76.3671 38.1576 10.9
      vertex 76.6112 38.0113 10.9
    endloop
  endfacet
  facet normal 0.514082 0.857741 0
    outer loop
      vertex 76.3671 38.1576 10.9
      vertex 76.6112 38.0113 1.2
      vertex 76.3671 38.1576 1.2
    endloop
  endfacet
  facet normal -0.989213 -0.146485 0
    outer loop
      vertex 72.1557 35.0342 1.2
      vertex 72.114 35.3158 10.9
      vertex 72.114 35.3158 1.2
    endloop
  endfacet
  facet normal -0.989213 -0.146485 0
    outer loop
      vertex 72.114 35.3158 10.9
      vertex 72.1557 35.0342 1.2
      vertex 72.1557 35.0342 10.9
    endloop
  endfacet
  facet normal -0.146485 -0.989213 0
    outer loop
      vertex 74.4342 32.7557 1.2
      vertex 74.7158 32.714 10.9
      vertex 74.4342 32.7557 10.9
    endloop
  endfacet
  facet normal -0.146485 -0.989213 -0
    outer loop
      vertex 74.7158 32.714 10.9
      vertex 74.4342 32.7557 1.2
      vertex 74.7158 32.714 1.2
    endloop
  endfacet
  facet normal 0.243197 0.969977 -0
    outer loop
      vertex 75.8418 38.3751 1.2
      vertex 75.5658 38.4443 10.9
      vertex 75.8418 38.3751 10.9
    endloop
  endfacet
  facet normal 0.243197 0.969977 0
    outer loop
      vertex 75.5658 38.4443 10.9
      vertex 75.8418 38.3751 1.2
      vertex 75.5658 38.4443 1.2
    endloop
  endfacet
  facet normal 0.596 0.802984 -0
    outer loop
      vertex 76.8397 37.8417 1.2
      vertex 76.6112 38.0113 10.9
      vertex 76.8397 37.8417 10.9
    endloop
  endfacet
  facet normal 0.596 0.802984 0
    outer loop
      vertex 76.6112 38.0113 10.9
      vertex 76.8397 37.8417 1.2
      vertex 76.6112 38.0113 1.2
    endloop
  endfacet
  facet normal 0.989213 -0.146485 0
    outer loop
      vertex 77.8443 35.0342 10.9
      vertex 77.886 35.3158 1.2
      vertex 77.886 35.3158 10.9
    endloop
  endfacet
  facet normal 0.989213 -0.146485 0
    outer loop
      vertex 77.886 35.3158 1.2
      vertex 77.8443 35.0342 10.9
      vertex 77.8443 35.0342 1.2
    endloop
  endfacet
  facet normal -0.336603 0.941646 0
    outer loop
      vertex 74.1582 38.3751 1.2
      vertex 73.8902 38.2793 10.9
      vertex 74.1582 38.3751 10.9
    endloop
  endfacet
  facet normal -0.336603 0.941646 0
    outer loop
      vertex 73.8902 38.2793 10.9
      vertex 74.1582 38.3751 1.2
      vertex 73.8902 38.2793 1.2
    endloop
  endfacet
  facet normal 0.427573 -0.903981 0
    outer loop
      vertex 76.1098 32.9207 1.2
      vertex 76.3671 33.0424 10.9
      vertex 76.1098 32.9207 10.9
    endloop
  endfacet
  facet normal 0.427573 -0.903981 0
    outer loop
      vertex 76.3671 33.0424 10.9
      vertex 76.1098 32.9207 1.2
      vertex 76.3671 33.0424 1.2
    endloop
  endfacet
  facet normal 0.596 -0.802984 0
    outer loop
      vertex 76.6112 33.1887 1.2
      vertex 76.8397 33.3583 10.9
      vertex 76.6112 33.1887 10.9
    endloop
  endfacet
  facet normal 0.596 -0.802984 0
    outer loop
      vertex 76.8397 33.3583 10.9
      vertex 76.6112 33.1887 1.2
      vertex 76.8397 33.3583 1.2
    endloop
  endfacet
  facet normal -0.99879 0.0491842 0
    outer loop
      vertex 72.1 35.6 1.2
      vertex 72.114 35.8843 10.9
      vertex 72.114 35.8843 1.2
    endloop
  endfacet
  facet normal -0.99879 0.0491842 0
    outer loop
      vertex 72.114 35.8843 10.9
      vertex 72.1 35.6 1.2
      vertex 72.1 35.6 10.9
    endloop
  endfacet
  facet normal 0.969977 -0.243197 0
    outer loop
      vertex 77.7751 34.7582 10.9
      vertex 77.8443 35.0342 1.2
      vertex 77.8443 35.0342 10.9
    endloop
  endfacet
  facet normal 0.969977 -0.243197 0
    outer loop
      vertex 77.8443 35.0342 1.2
      vertex 77.7751 34.7582 10.9
      vertex 77.7751 34.7582 1.2
    endloop
  endfacet
  facet normal 0.903981 -0.427573 0
    outer loop
      vertex 77.5576 34.2329 10.9
      vertex 77.6793 34.4902 1.2
      vertex 77.6793 34.4902 10.9
    endloop
  endfacet
  facet normal 0.903981 -0.427573 0
    outer loop
      vertex 77.6793 34.4902 1.2
      vertex 77.5576 34.2329 10.9
      vertex 77.5576 34.2329 1.2
    endloop
  endfacet
  facet normal 0.146485 0.989213 -0
    outer loop
      vertex 75.5658 38.4443 1.2
      vertex 75.2842 38.486 10.9
      vertex 75.5658 38.4443 10.9
    endloop
  endfacet
  facet normal 0.146485 0.989213 0
    outer loop
      vertex 75.2842 38.486 10.9
      vertex 75.5658 38.4443 1.2
      vertex 75.2842 38.486 1.2
    endloop
  endfacet
  facet normal 0.0492014 0.998789 -0
    outer loop
      vertex 75.2842 38.486 1.2
      vertex 75 38.5 10.9
      vertex 75.2842 38.486 10.9
    endloop
  endfacet
  facet normal 0.0492014 0.998789 0
    outer loop
      vertex 75 38.5 10.9
      vertex 75.2842 38.486 1.2
      vertex 75 38.5 1.2
    endloop
  endfacet
  facet normal 0.243197 -0.969977 0
    outer loop
      vertex 75.5658 32.7557 1.2
      vertex 75.8418 32.8249 10.9
      vertex 75.5658 32.7557 10.9
    endloop
  endfacet
  facet normal 0.243197 -0.969977 0
    outer loop
      vertex 75.8418 32.8249 10.9
      vertex 75.5658 32.7557 1.2
      vertex 75.8418 32.8249 1.2
    endloop
  endfacet
  facet normal -0.903917 0.427709 0
    outer loop
      vertex 72.3207 36.7098 1.2
      vertex 72.4424 36.967 10.9
      vertex 72.4424 36.967 1.2
    endloop
  endfacet
  facet normal -0.903917 0.427709 0
    outer loop
      vertex 72.4424 36.967 10.9
      vertex 72.3207 36.7098 1.2
      vertex 72.3207 36.7098 10.9
    endloop
  endfacet
  facet normal -0.998789 -0.0492014 0
    outer loop
      vertex 72.114 35.3158 1.2
      vertex 72.1 35.6 10.9
      vertex 72.1 35.6 1.2
    endloop
  endfacet
  facet normal -0.998789 -0.0492014 0
    outer loop
      vertex 72.1 35.6 10.9
      vertex 72.114 35.3158 1.2
      vertex 72.114 35.3158 10.9
    endloop
  endfacet
  facet normal -0.857834 0.513927 0
    outer loop
      vertex 72.4424 36.967 1.2
      vertex 72.5887 37.2112 10.9
      vertex 72.5887 37.2112 1.2
    endloop
  endfacet
  facet normal -0.857834 0.513927 0
    outer loop
      vertex 72.5887 37.2112 10.9
      vertex 72.4424 36.967 1.2
      vertex 72.4424 36.967 10.9
    endloop
  endfacet
  facet normal -0.969977 0.243197 0
    outer loop
      vertex 72.1557 36.1658 1.2
      vertex 72.2249 36.4418 10.9
      vertex 72.2249 36.4418 1.2
    endloop
  endfacet
  facet normal -0.969977 0.243197 0
    outer loop
      vertex 72.2249 36.4418 10.9
      vertex 72.1557 36.1658 1.2
      vertex 72.1557 36.1658 10.9
    endloop
  endfacet
  facet normal 0.989205 0.146536 0
    outer loop
      vertex 77.886 35.8843 10.9
      vertex 77.8443 36.1658 1.2
      vertex 77.8443 36.1658 10.9
    endloop
  endfacet
  facet normal 0.989205 0.146536 0
    outer loop
      vertex 77.8443 36.1658 1.2
      vertex 77.886 35.8843 10.9
      vertex 77.886 35.8843 1.2
    endloop
  endfacet
  facet normal -0.741036 0.671465 0
    outer loop
      vertex 72.7583 37.4397 1.2
      vertex 72.9494 37.6506 10.9
      vertex 72.9494 37.6506 1.2
    endloop
  endfacet
  facet normal -0.741036 0.671465 0
    outer loop
      vertex 72.9494 37.6506 10.9
      vertex 72.7583 37.4397 1.2
      vertex 72.7583 37.4397 10.9
    endloop
  endfacet
  facet normal -0.0492014 -0.998789 0
    outer loop
      vertex 74.7158 32.714 1.2
      vertex 75 32.7 10.9
      vertex 74.7158 32.714 10.9
    endloop
  endfacet
  facet normal -0.0492014 -0.998789 -0
    outer loop
      vertex 75 32.7 10.9
      vertex 74.7158 32.714 1.2
      vertex 75 32.7 1.2
    endloop
  endfacet
  facet normal 0.857741 -0.514082 0
    outer loop
      vertex 77.4113 33.9888 10.9
      vertex 77.5576 34.2329 1.2
      vertex 77.5576 34.2329 10.9
    endloop
  endfacet
  facet normal 0.857741 -0.514082 0
    outer loop
      vertex 77.5576 34.2329 1.2
      vertex 77.4113 33.9888 10.9
      vertex 77.4113 33.9888 1.2
    endloop
  endfacet
  facet normal 0.969977 0.243197 0
    outer loop
      vertex 77.8443 36.1658 10.9
      vertex 77.7751 36.4418 1.2
      vertex 77.7751 36.4418 10.9
    endloop
  endfacet
  facet normal 0.969977 0.243197 0
    outer loop
      vertex 77.7751 36.4418 1.2
      vertex 77.8443 36.1658 10.9
      vertex 77.8443 36.1658 1.2
    endloop
  endfacet
  facet normal 0.802984 -0.596 0
    outer loop
      vertex 77.2417 33.7603 10.9
      vertex 77.4113 33.9888 1.2
      vertex 77.4113 33.9888 10.9
    endloop
  endfacet
  facet normal 0.802984 -0.596 0
    outer loop
      vertex 77.4113 33.9888 1.2
      vertex 77.2417 33.7603 10.9
      vertex 77.2417 33.7603 1.2
    endloop
  endfacet
  facet normal -0.857741 -0.514082 0
    outer loop
      vertex 72.5887 33.9888 1.2
      vertex 72.4424 34.2329 10.9
      vertex 72.4424 34.2329 1.2
    endloop
  endfacet
  facet normal -0.857741 -0.514082 0
    outer loop
      vertex 72.4424 34.2329 10.9
      vertex 72.5887 33.9888 1.2
      vertex 72.5887 33.9888 10.9
    endloop
  endfacet
  facet normal -0.941646 0.336603 0
    outer loop
      vertex 72.2249 36.4418 1.2
      vertex 72.3207 36.7098 10.9
      vertex 72.3207 36.7098 1.2
    endloop
  endfacet
  facet normal -0.941646 0.336603 0
    outer loop
      vertex 72.3207 36.7098 10.9
      vertex 72.2249 36.4418 1.2
      vertex 72.2249 36.4418 10.9
    endloop
  endfacet
  facet normal -0.596 -0.802984 0
    outer loop
      vertex 73.1603 33.3583 1.2
      vertex 73.3888 33.1887 10.9
      vertex 73.1603 33.3583 10.9
    endloop
  endfacet
  facet normal -0.596 -0.802984 -0
    outer loop
      vertex 73.3888 33.1887 10.9
      vertex 73.1603 33.3583 1.2
      vertex 73.3888 33.1887 1.2
    endloop
  endfacet
  facet normal 0.998789 -0.0492014 0
    outer loop
      vertex 77.886 35.3158 10.9
      vertex 77.9 35.6 1.2
      vertex 77.9 35.6 10.9
    endloop
  endfacet
  facet normal 0.998789 -0.0492014 0
    outer loop
      vertex 77.9 35.6 1.2
      vertex 77.886 35.3158 10.9
      vertex 77.886 35.3158 1.2
    endloop
  endfacet
  facet normal 0.903917 0.427709 0
    outer loop
      vertex 77.6793 36.7098 10.9
      vertex 77.5576 36.967 1.2
      vertex 77.5576 36.967 10.9
    endloop
  endfacet
  facet normal 0.903917 0.427709 0
    outer loop
      vertex 77.5576 36.967 1.2
      vertex 77.6793 36.7098 10.9
      vertex 77.6793 36.7098 1.2
    endloop
  endfacet
  facet normal 0.941646 0.336603 0
    outer loop
      vertex 77.7751 36.4418 10.9
      vertex 77.6793 36.7098 1.2
      vertex 77.6793 36.7098 10.9
    endloop
  endfacet
  facet normal 0.941646 0.336603 0
    outer loop
      vertex 77.6793 36.7098 1.2
      vertex 77.7751 36.4418 10.9
      vertex 77.7751 36.4418 1.2
    endloop
  endfacet
  facet normal 0.146485 -0.989213 0
    outer loop
      vertex 75.2842 32.714 1.2
      vertex 75.5658 32.7557 10.9
      vertex 75.2842 32.714 10.9
    endloop
  endfacet
  facet normal 0.146485 -0.989213 0
    outer loop
      vertex 75.5658 32.7557 10.9
      vertex 75.2842 32.714 1.2
      vertex 75.5658 32.7557 1.2
    endloop
  endfacet
  facet normal -0.146485 0.989213 0
    outer loop
      vertex 74.7158 38.486 1.2
      vertex 74.4342 38.4443 10.9
      vertex 74.7158 38.486 10.9
    endloop
  endfacet
  facet normal -0.146485 0.989213 0
    outer loop
      vertex 74.4342 38.4443 10.9
      vertex 74.7158 38.486 1.2
      vertex 74.4342 38.4443 1.2
    endloop
  endfacet
  facet normal -0.0492014 0.998789 0
    outer loop
      vertex 75 38.5 1.2
      vertex 74.7158 38.486 10.9
      vertex 75 38.5 10.9
    endloop
  endfacet
  facet normal -0.0492014 0.998789 0
    outer loop
      vertex 74.7158 38.486 10.9
      vertex 75 38.5 1.2
      vertex 74.7158 38.486 1.2
    endloop
  endfacet
  facet normal 0.514082 -0.857741 0
    outer loop
      vertex 76.3671 33.0424 1.2
      vertex 76.6112 33.1887 10.9
      vertex 76.3671 33.0424 10.9
    endloop
  endfacet
  facet normal 0.514082 -0.857741 0
    outer loop
      vertex 76.6112 33.1887 10.9
      vertex 76.3671 33.0424 1.2
      vertex 76.6112 33.1887 1.2
    endloop
  endfacet
  facet normal -0.596 0.802984 0
    outer loop
      vertex 73.3888 38.0113 1.2
      vertex 73.1603 37.8417 10.9
      vertex 73.3888 38.0113 10.9
    endloop
  endfacet
  facet normal -0.596 0.802984 0
    outer loop
      vertex 73.1603 37.8417 10.9
      vertex 73.3888 38.0113 1.2
      vertex 73.1603 37.8417 1.2
    endloop
  endfacet
  facet normal -0.427573 0.903981 0
    outer loop
      vertex 73.8902 38.2793 1.2
      vertex 73.6329 38.1576 10.9
      vertex 73.8902 38.2793 10.9
    endloop
  endfacet
  facet normal -0.427573 0.903981 0
    outer loop
      vertex 73.6329 38.1576 10.9
      vertex 73.8902 38.2793 1.2
      vertex 73.6329 38.1576 1.2
    endloop
  endfacet
  facet normal -0.903981 -0.427573 0
    outer loop
      vertex 72.4424 34.2329 1.2
      vertex 72.3207 34.4902 10.9
      vertex 72.3207 34.4902 1.2
    endloop
  endfacet
  facet normal -0.903981 -0.427573 0
    outer loop
      vertex 72.3207 34.4902 10.9
      vertex 72.4424 34.2329 1.2
      vertex 72.4424 34.2329 10.9
    endloop
  endfacet
  facet normal 0.0492014 -0.998789 0
    outer loop
      vertex 75 32.7 1.2
      vertex 75.2842 32.714 10.9
      vertex 75 32.7 10.9
    endloop
  endfacet
  facet normal 0.0492014 -0.998789 0
    outer loop
      vertex 75.2842 32.714 10.9
      vertex 75 32.7 1.2
      vertex 75.2842 32.714 1.2
    endloop
  endfacet
  facet normal 0.941646 -0.336603 0
    outer loop
      vertex 77.6793 34.4902 10.9
      vertex 77.7751 34.7582 1.2
      vertex 77.7751 34.7582 10.9
    endloop
  endfacet
  facet normal 0.941646 -0.336603 0
    outer loop
      vertex 77.7751 34.7582 1.2
      vertex 77.6793 34.4902 10.9
      vertex 77.6793 34.4902 1.2
    endloop
  endfacet
  facet normal -0.243197 0.969977 0
    outer loop
      vertex 74.4342 38.4443 1.2
      vertex 74.1582 38.3751 10.9
      vertex 74.4342 38.4443 10.9
    endloop
  endfacet
  facet normal -0.243197 0.969977 0
    outer loop
      vertex 74.1582 38.3751 10.9
      vertex 74.4342 38.4443 1.2
      vertex 74.1582 38.3751 1.2
    endloop
  endfacet
  facet normal 0.336603 -0.941646 0
    outer loop
      vertex 75.8418 32.8249 1.2
      vertex 76.1098 32.9207 10.9
      vertex 75.8418 32.8249 10.9
    endloop
  endfacet
  facet normal 0.336603 -0.941646 0
    outer loop
      vertex 76.1098 32.9207 10.9
      vertex 75.8418 32.8249 1.2
      vertex 76.1098 32.9207 1.2
    endloop
  endfacet
  facet normal -0.671465 -0.741036 0
    outer loop
      vertex 72.9494 33.5494 1.2
      vertex 73.1603 33.3583 10.9
      vertex 72.9494 33.5494 10.9
    endloop
  endfacet
  facet normal -0.671465 -0.741036 -0
    outer loop
      vertex 73.1603 33.3583 10.9
      vertex 72.9494 33.5494 1.2
      vertex 73.1603 33.3583 1.2
    endloop
  endfacet
  facet normal -0.969977 -0.243197 0
    outer loop
      vertex 72.2249 34.7582 1.2
      vertex 72.1557 35.0342 10.9
      vertex 72.1557 35.0342 1.2
    endloop
  endfacet
  facet normal -0.969977 -0.243197 0
    outer loop
      vertex 72.1557 35.0342 10.9
      vertex 72.2249 34.7582 1.2
      vertex 72.2249 34.7582 10.9
    endloop
  endfacet
  facet normal 0.671465 -0.741036 0
    outer loop
      vertex 76.8397 33.3583 1.2
      vertex 77.0506 33.5494 10.9
      vertex 76.8397 33.3583 10.9
    endloop
  endfacet
  facet normal 0.671465 -0.741036 0
    outer loop
      vertex 77.0506 33.5494 10.9
      vertex 76.8397 33.3583 1.2
      vertex 77.0506 33.5494 1.2
    endloop
  endfacet
  facet normal -0.802984 -0.596 0
    outer loop
      vertex 72.7583 33.7603 1.2
      vertex 72.5887 33.9888 10.9
      vertex 72.5887 33.9888 1.2
    endloop
  endfacet
  facet normal -0.802984 -0.596 0
    outer loop
      vertex 72.5887 33.9888 10.9
      vertex 72.7583 33.7603 1.2
      vertex 72.7583 33.7603 10.9
    endloop
  endfacet
  facet normal -0.336603 -0.941646 0
    outer loop
      vertex 73.8902 32.9207 1.2
      vertex 74.1582 32.8249 10.9
      vertex 73.8902 32.9207 10.9
    endloop
  endfacet
  facet normal -0.336603 -0.941646 -0
    outer loop
      vertex 74.1582 32.8249 10.9
      vertex 73.8902 32.9207 1.2
      vertex 74.1582 32.8249 1.2
    endloop
  endfacet
  facet normal 0.802984 0.596 0
    outer loop
      vertex 77.4113 37.2112 10.9
      vertex 77.2417 37.4397 1.2
      vertex 77.2417 37.4397 10.9
    endloop
  endfacet
  facet normal 0.802984 0.596 0
    outer loop
      vertex 77.2417 37.4397 1.2
      vertex 77.4113 37.2112 10.9
      vertex 77.4113 37.2112 1.2
    endloop
  endfacet
  facet normal -0.427573 -0.903981 0
    outer loop
      vertex 73.6329 33.0424 1.2
      vertex 73.8902 32.9207 10.9
      vertex 73.6329 33.0424 10.9
    endloop
  endfacet
  facet normal -0.427573 -0.903981 -0
    outer loop
      vertex 73.8902 32.9207 10.9
      vertex 73.6329 33.0424 1.2
      vertex 73.8902 32.9207 1.2
    endloop
  endfacet
  facet normal 0.741036 0.671465 0
    outer loop
      vertex 77.2417 37.4397 10.9
      vertex 77.0506 37.6506 1.2
      vertex 77.0506 37.6506 10.9
    endloop
  endfacet
  facet normal 0.741036 0.671465 0
    outer loop
      vertex 77.0506 37.6506 1.2
      vertex 77.2417 37.4397 10.9
      vertex 77.2417 37.4397 1.2
    endloop
  endfacet
  facet normal 0.427573 0.903981 -0
    outer loop
      vertex 76.3671 38.1576 1.2
      vertex 76.1098 38.2793 10.9
      vertex 76.3671 38.1576 10.9
    endloop
  endfacet
  facet normal 0.427573 0.903981 0
    outer loop
      vertex 76.1098 38.2793 10.9
      vertex 76.3671 38.1576 1.2
      vertex 76.1098 38.2793 1.2
    endloop
  endfacet
  facet normal 0 0 1
    outer loop
      vertex 77 35.6 10.9
      vertex 77.9 35.6 10.9
      vertex 77.886 35.8843 10.9
    endloop
  endfacet
  facet normal 0 0 1
    outer loop
      vertex 76.9904 35.796 10.9
      vertex 77.886 35.8843 10.9
      vertex 77.8443 36.1658 10.9
    endloop
  endfacet
  facet normal 0 0 1
    outer loop
      vertex 77.9 35.6 10.9
      vertex 77 35.6 10.9
      vertex 77.886 35.3158 10.9
    endloop
  endfacet
  facet normal 0 0 1
    outer loop
      vertex 76.9616 35.9902 10.9
      vertex 77.8443 36.1658 10.9
      vertex 77.7751 36.4418 10.9
    endloop
  endfacet
  facet normal -0 0 1
    outer loop
      vertex 76.9904 35.404 10.9
      vertex 77.886 35.3158 10.9
      vertex 77 35.6 10.9
    endloop
  endfacet
  facet normal 0 0 1
    outer loop
      vertex 76.9139 36.1806 10.9
      vertex 77.7751 36.4418 10.9
      vertex 77.6793 36.7098 10.9
    endloop
  endfacet
  facet normal 0 0 1
    outer loop
      vertex 77.886 35.3158 10.9
      vertex 76.9904 35.404 10.9
      vertex 77.8443 35.0342 10.9
    endloop
  endfacet
  facet normal 0 0 1
    outer loop
      vertex 76.8478 36.3654 10.9
      vertex 77.6793 36.7098 10.9
      vertex 77.5576 36.967 10.9
    endloop
  endfacet
  facet normal -0 0 1
    outer loop
      vertex 76.9616 35.2098 10.9
      vertex 77.8443 35.0342 10.9
      vertex 76.9904 35.404 10.9
    endloop
  endfacet
  facet normal 0 0 1
    outer loop
      vertex 76.7638 36.5428 10.9
      vertex 77.5576 36.967 10.9
      vertex 77.4113 37.2112 10.9
    endloop
  endfacet
  facet normal 0 0 1
    outer loop
      vertex 77.8443 35.0342 10.9
      vertex 76.9616 35.2098 10.9
      vertex 77.7751 34.7582 10.9
    endloop
  endfacet
  facet normal 0 0 1
    outer loop
      vertex 76.6629 36.7111 10.9
      vertex 77.4113 37.2112 10.9
      vertex 77.2417 37.4397 10.9
    endloop
  endfacet
  facet normal -0 0 1
    outer loop
      vertex 76.9139 35.0194 10.9
      vertex 77.7751 34.7582 10.9
      vertex 76.9616 35.2098 10.9
    endloop
  endfacet
  facet normal 0 0 1
    outer loop
      vertex 76.546 36.8688 10.9
      vertex 77.2417 37.4397 10.9
      vertex 77.0506 37.6506 10.9
    endloop
  endfacet
  facet normal 0 0 1
    outer loop
      vertex 77.7751 34.7582 10.9
      vertex 76.9139 35.0194 10.9
      vertex 77.6793 34.4902 10.9
    endloop
  endfacet
  facet normal -0 0 1
    outer loop
      vertex 76.8478 34.8346 10.9
      vertex 77.6793 34.4902 10.9
      vertex 76.9139 35.0194 10.9
    endloop
  endfacet
  facet normal 0 0 1
    outer loop
      vertex 77.886 35.8843 10.9
      vertex 76.9904 35.796 10.9
      vertex 77 35.6 10.9
    endloop
  endfacet
  facet normal 0 0 1
    outer loop
      vertex 77.8443 36.1658 10.9
      vertex 76.9616 35.9902 10.9
      vertex 76.9904 35.796 10.9
    endloop
  endfacet
  facet normal 0 0 1
    outer loop
      vertex 77.7751 36.4418 10.9
      vertex 76.9139 36.1806 10.9
      vertex 76.9616 35.9902 10.9
    endloop
  endfacet
  facet normal 0 0 1
    outer loop
      vertex 77.6793 36.7098 10.9
      vertex 76.8478 36.3654 10.9
      vertex 76.9139 36.1806 10.9
    endloop
  endfacet
  facet normal 0 0 1
    outer loop
      vertex 76.4142 37.0142 10.9
      vertex 77.0506 37.6506 10.9
      vertex 76.8397 37.8417 10.9
    endloop
  endfacet
  facet normal 0 0 1
    outer loop
      vertex 77.5576 36.967 10.9
      vertex 76.7638 36.5428 10.9
      vertex 76.8478 36.3654 10.9
    endloop
  endfacet
  facet normal 0 0 1
    outer loop
      vertex 77.4113 37.2112 10.9
      vertex 76.6629 36.7111 10.9
      vertex 76.7638 36.5428 10.9
    endloop
  endfacet
  facet normal 0 0 1
    outer loop
      vertex 76.2688 37.146 10.9
      vertex 76.8397 37.8417 10.9
      vertex 76.6112 38.0113 10.9
    endloop
  endfacet
  facet normal 0 0 1
    outer loop
      vertex 77.2417 37.4397 10.9
      vertex 76.546 36.8688 10.9
      vertex 76.6629 36.7111 10.9
    endloop
  endfacet
  facet normal 0 0 1
    outer loop
      vertex 77.0506 37.6506 10.9
      vertex 76.4142 37.0142 10.9
      vertex 76.546 36.8688 10.9
    endloop
  endfacet
  facet normal 0 0 1
    outer loop
      vertex 76.1111 37.2629 10.9
      vertex 76.6112 38.0113 10.9
      vertex 76.3671 38.1576 10.9
    endloop
  endfacet
  facet normal 0 0 1
    outer loop
      vertex 76.8397 37.8417 10.9
      vertex 76.2688 37.146 10.9
      vertex 76.4142 37.0142 10.9
    endloop
  endfacet
  facet normal 0 0 1
    outer loop
      vertex 76.6112 38.0113 10.9
      vertex 76.1111 37.2629 10.9
      vertex 76.2688 37.146 10.9
    endloop
  endfacet
  facet normal 0 0 1
    outer loop
      vertex 75.9428 37.3638 10.9
      vertex 76.3671 38.1576 10.9
      vertex 76.1098 38.2793 10.9
    endloop
  endfacet
  facet normal 0 0 1
    outer loop
      vertex 76.3671 38.1576 10.9
      vertex 75.9428 37.3638 10.9
      vertex 76.1111 37.2629 10.9
    endloop
  endfacet
  facet normal 0 0 1
    outer loop
      vertex 75.7654 37.4478 10.9
      vertex 76.1098 38.2793 10.9
      vertex 75.8418 38.3751 10.9
    endloop
  endfacet
  facet normal 0 0 1
    outer loop
      vertex 76.1098 38.2793 10.9
      vertex 75.7654 37.4478 10.9
      vertex 75.9428 37.3638 10.9
    endloop
  endfacet
  facet normal 0 0 1
    outer loop
      vertex 75.8418 38.3751 10.9
      vertex 75.5806 37.5139 10.9
      vertex 75.7654 37.4478 10.9
    endloop
  endfacet
  facet normal 0 0 1
    outer loop
      vertex 75.5658 38.4443 10.9
      vertex 75.5806 37.5139 10.9
      vertex 75.8418 38.3751 10.9
    endloop
  endfacet
  facet normal 0 0 1
    outer loop
      vertex 75.5658 38.4443 10.9
      vertex 75.3902 37.5616 10.9
      vertex 75.5806 37.5139 10.9
    endloop
  endfacet
  facet normal 0 0 1
    outer loop
      vertex 75.2842 38.486 10.9
      vertex 75.3902 37.5616 10.9
      vertex 75.5658 38.4443 10.9
    endloop
  endfacet
  facet normal 0 0 1
    outer loop
      vertex 75.2842 38.486 10.9
      vertex 75.196 37.5904 10.9
      vertex 75.3902 37.5616 10.9
    endloop
  endfacet
  facet normal 0 0 1
    outer loop
      vertex 75 38.5 10.9
      vertex 75.196 37.5904 10.9
      vertex 75.2842 38.486 10.9
    endloop
  endfacet
  facet normal 0 0 1
    outer loop
      vertex 75 38.5 10.9
      vertex 75 37.6 10.9
      vertex 75.196 37.5904 10.9
    endloop
  endfacet
  facet normal 0 0 1
    outer loop
      vertex 75 38.5 10.9
      vertex 74.804 37.5904 10.9
      vertex 75 37.6 10.9
    endloop
  endfacet
  facet normal -0 0 1
    outer loop
      vertex 74.7158 38.486 10.9
      vertex 74.804 37.5904 10.9
      vertex 75 38.5 10.9
    endloop
  endfacet
  facet normal 0 0 1
    outer loop
      vertex 74.7158 38.486 10.9
      vertex 74.6098 37.5616 10.9
      vertex 74.804 37.5904 10.9
    endloop
  endfacet
  facet normal -0 0 1
    outer loop
      vertex 74.4342 38.4443 10.9
      vertex 74.6098 37.5616 10.9
      vertex 74.7158 38.486 10.9
    endloop
  endfacet
  facet normal 0 0 1
    outer loop
      vertex 74.4342 38.4443 10.9
      vertex 74.4194 37.5139 10.9
      vertex 74.6098 37.5616 10.9
    endloop
  endfacet
  facet normal -0 0 1
    outer loop
      vertex 74.1582 38.3751 10.9
      vertex 74.4194 37.5139 10.9
      vertex 74.4342 38.4443 10.9
    endloop
  endfacet
  facet normal 0 0 1
    outer loop
      vertex 74.4194 37.5139 10.9
      vertex 74.1582 38.3751 10.9
      vertex 74.2346 37.4478 10.9
    endloop
  endfacet
  facet normal -0 0 1
    outer loop
      vertex 73.8902 38.2793 10.9
      vertex 74.2346 37.4478 10.9
      vertex 74.1582 38.3751 10.9
    endloop
  endfacet
  facet normal 0 0 1
    outer loop
      vertex 74.2346 37.4478 10.9
      vertex 73.8902 38.2793 10.9
      vertex 74.0572 37.3638 10.9
    endloop
  endfacet
  facet normal -0 0 1
    outer loop
      vertex 73.6329 38.1576 10.9
      vertex 74.0572 37.3638 10.9
      vertex 73.8902 38.2793 10.9
    endloop
  endfacet
  facet normal 0 0 1
    outer loop
      vertex 74.0572 37.3638 10.9
      vertex 73.6329 38.1576 10.9
      vertex 73.8889 37.2629 10.9
    endloop
  endfacet
  facet normal -0 0 1
    outer loop
      vertex 73.3888 38.0113 10.9
      vertex 73.8889 37.2629 10.9
      vertex 73.6329 38.1576 10.9
    endloop
  endfacet
  facet normal 0 0 1
    outer loop
      vertex 73.8889 37.2629 10.9
      vertex 73.3888 38.0113 10.9
      vertex 73.7312 37.146 10.9
    endloop
  endfacet
  facet normal -0 0 1
    outer loop
      vertex 73.1603 37.8417 10.9
      vertex 73.7312 37.146 10.9
      vertex 73.3888 38.0113 10.9
    endloop
  endfacet
  facet normal 0 0 1
    outer loop
      vertex 73.7312 37.146 10.9
      vertex 73.1603 37.8417 10.9
      vertex 73.5858 37.0142 10.9
    endloop
  endfacet
  facet normal -0 0 1
    outer loop
      vertex 72.9494 37.6506 10.9
      vertex 73.5858 37.0142 10.9
      vertex 73.1603 37.8417 10.9
    endloop
  endfacet
  facet normal 0 0 1
    outer loop
      vertex 73.5858 37.0142 10.9
      vertex 72.9494 37.6506 10.9
      vertex 73.454 36.8688 10.9
    endloop
  endfacet
  facet normal -0 0 1
    outer loop
      vertex 72.7583 37.4397 10.9
      vertex 73.454 36.8688 10.9
      vertex 72.9494 37.6506 10.9
    endloop
  endfacet
  facet normal 0 0 1
    outer loop
      vertex 73.454 36.8688 10.9
      vertex 72.7583 37.4397 10.9
      vertex 73.3371 36.7111 10.9
    endloop
  endfacet
  facet normal -0 0 1
    outer loop
      vertex 72.5887 37.2112 10.9
      vertex 73.3371 36.7111 10.9
      vertex 72.7583 37.4397 10.9
    endloop
  endfacet
  facet normal 0 0 1
    outer loop
      vertex 73.3371 36.7111 10.9
      vertex 72.5887 37.2112 10.9
      vertex 73.2362 36.5428 10.9
    endloop
  endfacet
  facet normal -0 0 1
    outer loop
      vertex 72.4424 36.967 10.9
      vertex 73.2362 36.5428 10.9
      vertex 72.5887 37.2112 10.9
    endloop
  endfacet
  facet normal -0 0 1
    outer loop
      vertex 72.3207 36.7098 10.9
      vertex 73.1522 36.3654 10.9
      vertex 72.4424 36.967 10.9
    endloop
  endfacet
  facet normal 0 0 1
    outer loop
      vertex 73.2362 36.5428 10.9
      vertex 72.4424 36.967 10.9
      vertex 73.1522 36.3654 10.9
    endloop
  endfacet
  facet normal 0 0 1
    outer loop
      vertex 77.6793 34.4902 10.9
      vertex 76.8478 34.8346 10.9
      vertex 77.5576 34.2329 10.9
    endloop
  endfacet
  facet normal -0 0 1
    outer loop
      vertex 76.7638 34.6572 10.9
      vertex 77.5576 34.2329 10.9
      vertex 76.8478 34.8346 10.9
    endloop
  endfacet
  facet normal 0 0 1
    outer loop
      vertex 77.5576 34.2329 10.9
      vertex 76.7638 34.6572 10.9
      vertex 77.4113 33.9888 10.9
    endloop
  endfacet
  facet normal -0 0 1
    outer loop
      vertex 76.6629 34.4889 10.9
      vertex 77.4113 33.9888 10.9
      vertex 76.7638 34.6572 10.9
    endloop
  endfacet
  facet normal 0 0 1
    outer loop
      vertex 77.4113 33.9888 10.9
      vertex 76.6629 34.4889 10.9
      vertex 77.2417 33.7603 10.9
    endloop
  endfacet
  facet normal -0 0 1
    outer loop
      vertex 76.546 34.3312 10.9
      vertex 77.2417 33.7603 10.9
      vertex 76.6629 34.4889 10.9
    endloop
  endfacet
  facet normal 0 0 1
    outer loop
      vertex 77.2417 33.7603 10.9
      vertex 76.546 34.3312 10.9
      vertex 77.0506 33.5494 10.9
    endloop
  endfacet
  facet normal -0 0 1
    outer loop
      vertex 76.4142 34.1858 10.9
      vertex 77.0506 33.5494 10.9
      vertex 76.546 34.3312 10.9
    endloop
  endfacet
  facet normal 0 0 1
    outer loop
      vertex 77.0506 33.5494 10.9
      vertex 76.4142 34.1858 10.9
      vertex 76.8397 33.3583 10.9
    endloop
  endfacet
  facet normal -0 0 1
    outer loop
      vertex 76.2688 34.054 10.9
      vertex 76.8397 33.3583 10.9
      vertex 76.4142 34.1858 10.9
    endloop
  endfacet
  facet normal 0 0 1
    outer loop
      vertex 76.8397 33.3583 10.9
      vertex 76.2688 34.054 10.9
      vertex 76.6112 33.1887 10.9
    endloop
  endfacet
  facet normal -0 0 1
    outer loop
      vertex 76.1111 33.9371 10.9
      vertex 76.6112 33.1887 10.9
      vertex 76.2688 34.054 10.9
    endloop
  endfacet
  facet normal 0 0 1
    outer loop
      vertex 76.6112 33.1887 10.9
      vertex 76.1111 33.9371 10.9
      vertex 76.3671 33.0424 10.9
    endloop
  endfacet
  facet normal -0 0 1
    outer loop
      vertex 75.9428 33.8362 10.9
      vertex 76.3671 33.0424 10.9
      vertex 76.1111 33.9371 10.9
    endloop
  endfacet
  facet normal 0 0 1
    outer loop
      vertex 76.3671 33.0424 10.9
      vertex 75.9428 33.8362 10.9
      vertex 76.1098 32.9207 10.9
    endloop
  endfacet
  facet normal -0 0 1
    outer loop
      vertex 75.7654 33.7522 10.9
      vertex 76.1098 32.9207 10.9
      vertex 75.9428 33.8362 10.9
    endloop
  endfacet
  facet normal 0 0 1
    outer loop
      vertex 76.1098 32.9207 10.9
      vertex 75.7654 33.7522 10.9
      vertex 75.8418 32.8249 10.9
    endloop
  endfacet
  facet normal -0 0 1
    outer loop
      vertex 75.5806 33.6861 10.9
      vertex 75.8418 32.8249 10.9
      vertex 75.7654 33.7522 10.9
    endloop
  endfacet
  facet normal 0 0 1
    outer loop
      vertex 75.5806 33.6861 10.9
      vertex 75.5658 32.7557 10.9
      vertex 75.8418 32.8249 10.9
    endloop
  endfacet
  facet normal -0 0 1
    outer loop
      vertex 75.3902 33.6384 10.9
      vertex 75.5658 32.7557 10.9
      vertex 75.5806 33.6861 10.9
    endloop
  endfacet
  facet normal 0 0 1
    outer loop
      vertex 75.3902 33.6384 10.9
      vertex 75.2842 32.714 10.9
      vertex 75.5658 32.7557 10.9
    endloop
  endfacet
  facet normal -0 0 1
    outer loop
      vertex 75.196 33.6096 10.9
      vertex 75.2842 32.714 10.9
      vertex 75.3902 33.6384 10.9
    endloop
  endfacet
  facet normal -0 0 1
    outer loop
      vertex 75 33.6 10.9
      vertex 75.2842 32.714 10.9
      vertex 75.196 33.6096 10.9
    endloop
  endfacet
  facet normal 0 0 1
    outer loop
      vertex 75 33.6 10.9
      vertex 75 32.7 10.9
      vertex 75.2842 32.714 10.9
    endloop
  endfacet
  facet normal 0 0 1
    outer loop
      vertex 74.804 33.6096 10.9
      vertex 75 32.7 10.9
      vertex 75 33.6 10.9
    endloop
  endfacet
  facet normal 0 0 1
    outer loop
      vertex 74.804 33.6096 10.9
      vertex 74.7158 32.714 10.9
      vertex 75 32.7 10.9
    endloop
  endfacet
  facet normal 0 0 1
    outer loop
      vertex 74.6098 33.6384 10.9
      vertex 74.7158 32.714 10.9
      vertex 74.804 33.6096 10.9
    endloop
  endfacet
  facet normal 0 0 1
    outer loop
      vertex 74.6098 33.6384 10.9
      vertex 74.4342 32.7557 10.9
      vertex 74.7158 32.714 10.9
    endloop
  endfacet
  facet normal 0 0 1
    outer loop
      vertex 74.4194 33.6861 10.9
      vertex 74.4342 32.7557 10.9
      vertex 74.6098 33.6384 10.9
    endloop
  endfacet
  facet normal 0 0 1
    outer loop
      vertex 74.1582 32.8249 10.9
      vertex 74.4194 33.6861 10.9
      vertex 74.2346 33.7522 10.9
    endloop
  endfacet
  facet normal 0 0 1
    outer loop
      vertex 74.4194 33.6861 10.9
      vertex 74.1582 32.8249 10.9
      vertex 74.4342 32.7557 10.9
    endloop
  endfacet
  facet normal 0 0 1
    outer loop
      vertex 73.8902 32.9207 10.9
      vertex 74.2346 33.7522 10.9
      vertex 74.0572 33.8362 10.9
    endloop
  endfacet
  facet normal 0 0 1
    outer loop
      vertex 74.2346 33.7522 10.9
      vertex 73.8902 32.9207 10.9
      vertex 74.1582 32.8249 10.9
    endloop
  endfacet
  facet normal 0 0 1
    outer loop
      vertex 73.6329 33.0424 10.9
      vertex 74.0572 33.8362 10.9
      vertex 73.8889 33.9371 10.9
    endloop
  endfacet
  facet normal 0 0 1
    outer loop
      vertex 73.3888 33.1887 10.9
      vertex 73.8889 33.9371 10.9
      vertex 73.7312 34.054 10.9
    endloop
  endfacet
  facet normal 0 0 1
    outer loop
      vertex 74.0572 33.8362 10.9
      vertex 73.6329 33.0424 10.9
      vertex 73.8902 32.9207 10.9
    endloop
  endfacet
  facet normal 0 0 1
    outer loop
      vertex 73.1603 33.3583 10.9
      vertex 73.7312 34.054 10.9
      vertex 73.5858 34.1858 10.9
    endloop
  endfacet
  facet normal 0 0 1
    outer loop
      vertex 72.9494 33.5494 10.9
      vertex 73.5858 34.1858 10.9
      vertex 73.454 34.3312 10.9
    endloop
  endfacet
  facet normal 0 0 1
    outer loop
      vertex 73.8889 33.9371 10.9
      vertex 73.3888 33.1887 10.9
      vertex 73.6329 33.0424 10.9
    endloop
  endfacet
  facet normal 0 0 1
    outer loop
      vertex 72.7583 33.7603 10.9
      vertex 73.454 34.3312 10.9
      vertex 73.3371 34.4889 10.9
    endloop
  endfacet
  facet normal 0 0 1
    outer loop
      vertex 72.5887 33.9888 10.9
      vertex 73.3371 34.4889 10.9
      vertex 73.2362 34.6572 10.9
    endloop
  endfacet
  facet normal 0 0 1
    outer loop
      vertex 73.7312 34.054 10.9
      vertex 73.1603 33.3583 10.9
      vertex 73.3888 33.1887 10.9
    endloop
  endfacet
  facet normal 0 0 1
    outer loop
      vertex 72.4424 34.2329 10.9
      vertex 73.2362 34.6572 10.9
      vertex 73.1522 34.8346 10.9
    endloop
  endfacet
  facet normal 0 0 1
    outer loop
      vertex 72.3207 34.4902 10.9
      vertex 73.1522 34.8346 10.9
      vertex 73.0861 35.0194 10.9
    endloop
  endfacet
  facet normal 0 0 1
    outer loop
      vertex 72.2249 34.7582 10.9
      vertex 73.0861 35.0194 10.9
      vertex 73.0384 35.2098 10.9
    endloop
  endfacet
  facet normal 0 0 1
    outer loop
      vertex 72.1557 35.0342 10.9
      vertex 73.0384 35.2098 10.9
      vertex 73.0096 35.404 10.9
    endloop
  endfacet
  facet normal 0 0 1
    outer loop
      vertex 73.5858 34.1858 10.9
      vertex 72.9494 33.5494 10.9
      vertex 73.1603 33.3583 10.9
    endloop
  endfacet
  facet normal 0 0 1
    outer loop
      vertex 72.114 35.3158 10.9
      vertex 73.0096 35.404 10.9
      vertex 73 35.6 10.9
    endloop
  endfacet
  facet normal 0 0 1
    outer loop
      vertex 73.1522 36.3654 10.9
      vertex 72.3207 36.7098 10.9
      vertex 73.0861 36.1806 10.9
    endloop
  endfacet
  facet normal -0 0 1
    outer loop
      vertex 72.2249 36.4418 10.9
      vertex 73.0861 36.1806 10.9
      vertex 72.3207 36.7098 10.9
    endloop
  endfacet
  facet normal 0 0 1
    outer loop
      vertex 73.454 34.3312 10.9
      vertex 72.7583 33.7603 10.9
      vertex 72.9494 33.5494 10.9
    endloop
  endfacet
  facet normal 0 0 1
    outer loop
      vertex 73.0861 36.1806 10.9
      vertex 72.2249 36.4418 10.9
      vertex 73.0384 35.9902 10.9
    endloop
  endfacet
  facet normal 0 0 1
    outer loop
      vertex 73.3371 34.4889 10.9
      vertex 72.5887 33.9888 10.9
      vertex 72.7583 33.7603 10.9
    endloop
  endfacet
  facet normal -0 0 1
    outer loop
      vertex 72.1557 36.1658 10.9
      vertex 73.0384 35.9902 10.9
      vertex 72.2249 36.4418 10.9
    endloop
  endfacet
  facet normal 0 0 1
    outer loop
      vertex 73.2362 34.6572 10.9
      vertex 72.4424 34.2329 10.9
      vertex 72.5887 33.9888 10.9
    endloop
  endfacet
  facet normal 0 0 1
    outer loop
      vertex 73.0384 35.9902 10.9
      vertex 72.1557 36.1658 10.9
      vertex 73.0096 35.796 10.9
    endloop
  endfacet
  facet normal 0 0 1
    outer loop
      vertex 73.1522 34.8346 10.9
      vertex 72.3207 34.4902 10.9
      vertex 72.4424 34.2329 10.9
    endloop
  endfacet
  facet normal -0 0 1
    outer loop
      vertex 72.114 35.8843 10.9
      vertex 73.0096 35.796 10.9
      vertex 72.1557 36.1658 10.9
    endloop
  endfacet
  facet normal 0 0 1
    outer loop
      vertex 73.0861 35.0194 10.9
      vertex 72.2249 34.7582 10.9
      vertex 72.3207 34.4902 10.9
    endloop
  endfacet
  facet normal 0 0 1
    outer loop
      vertex 73.0096 35.796 10.9
      vertex 72.114 35.8843 10.9
      vertex 73 35.6 10.9
    endloop
  endfacet
  facet normal 0 0 1
    outer loop
      vertex 73.0384 35.2098 10.9
      vertex 72.1557 35.0342 10.9
      vertex 72.2249 34.7582 10.9
    endloop
  endfacet
  facet normal 0 0 1
    outer loop
      vertex 72.1 35.6 10.9
      vertex 73 35.6 10.9
      vertex 72.114 35.8843 10.9
    endloop
  endfacet
  facet normal 0 0 1
    outer loop
      vertex 73.0096 35.404 10.9
      vertex 72.114 35.3158 10.9
      vertex 72.1557 35.0342 10.9
    endloop
  endfacet
  facet normal 0 0 1
    outer loop
      vertex 73 35.6 10.9
      vertex 72.1 35.6 10.9
      vertex 72.114 35.3158 10.9
    endloop
  endfacet
  facet normal 0.857834 0.513927 0
    outer loop
      vertex 77.5576 36.967 10.9
      vertex 77.4113 37.2112 1.2
      vertex 77.4113 37.2112 10.9
    endloop
  endfacet
  facet normal 0.857834 0.513927 0
    outer loop
      vertex 77.4113 37.2112 1.2
      vertex 77.5576 36.967 10.9
      vertex 77.5576 36.967 1.2
    endloop
  endfacet
  facet normal 0.0489209 -0.998803 0
    outer loop
      vertex 74.804 37.5904 7.3
      vertex 75 37.6 10.9
      vertex 74.804 37.5904 10.9
    endloop
  endfacet
  facet normal 0.0489209 -0.998803 0
    outer loop
      vertex 75 37.6 10.9
      vertex 74.804 37.5904 7.3
      vertex 75 37.6 7.3
    endloop
  endfacet
  facet normal 0.989182 -0.146696 0
    outer loop
      vertex 73.0096 35.796 10.9
      vertex 73.0384 35.9902 7.3
      vertex 73.0384 35.9902 10.9
    endloop
  endfacet
  facet normal 0.989182 -0.146696 0
    outer loop
      vertex 73.0384 35.9902 7.3
      vertex 73.0096 35.796 10.9
      vertex 73.0096 35.796 7.3
    endloop
  endfacet
  facet normal 0.740908 0.671607 0
    outer loop
      vertex 73.5858 34.1858 10.9
      vertex 73.454 34.3312 7.3
      vertex 73.454 34.3312 10.9
    endloop
  endfacet
  facet normal 0.740908 0.671607 0
    outer loop
      vertex 73.454 34.3312 7.3
      vertex 73.5858 34.1858 10.9
      vertex 73.5858 34.1858 7.3
    endloop
  endfacet
  facet normal 0.740908 -0.671607 0
    outer loop
      vertex 73.454 36.8688 10.9
      vertex 73.5858 37.0142 7.3
      vertex 73.5858 37.0142 10.9
    endloop
  endfacet
  facet normal 0.740908 -0.671607 0
    outer loop
      vertex 73.5858 37.0142 7.3
      vertex 73.454 36.8688 10.9
      vertex 73.454 36.8688 7.3
    endloop
  endfacet
  facet normal 0.146696 0.989182 -0
    outer loop
      vertex 74.804 33.6096 7.3
      vertex 74.6098 33.6384 10.9
      vertex 74.804 33.6096 10.9
    endloop
  endfacet
  facet normal 0.146696 0.989182 0
    outer loop
      vertex 74.6098 33.6384 10.9
      vertex 74.804 33.6096 7.3
      vertex 74.6098 33.6384 7.3
    endloop
  endfacet
  facet normal 0.80335 0.595508 0
    outer loop
      vertex 73.454 34.3312 10.9
      vertex 73.3371 34.4889 7.3
      vertex 73.3371 34.4889 10.9
    endloop
  endfacet
  facet normal 0.80335 0.595508 0
    outer loop
      vertex 73.3371 34.4889 7.3
      vertex 73.454 34.3312 10.9
      vertex 73.454 34.3312 7.3
    endloop
  endfacet
  facet normal 0.514196 0.857673 -0
    outer loop
      vertex 74.0572 33.8362 7.3
      vertex 73.8889 33.9371 10.9
      vertex 74.0572 33.8362 10.9
    endloop
  endfacet
  facet normal 0.514196 0.857673 0
    outer loop
      vertex 73.8889 33.9371 10.9
      vertex 74.0572 33.8362 7.3
      vertex 73.8889 33.9371 7.3
    endloop
  endfacet
  facet normal -0.998803 -0.0489209 0
    outer loop
      vertex 77 35.6 7.3
      vertex 76.9904 35.796 10.9
      vertex 76.9904 35.796 7.3
    endloop
  endfacet
  facet normal -0.998803 -0.0489209 0
    outer loop
      vertex 76.9904 35.796 10.9
      vertex 77 35.6 7.3
      vertex 77 35.6 10.9
    endloop
  endfacet
  facet normal -0.94158 0.336788 0
    outer loop
      vertex 76.8478 34.8346 7.3
      vertex 76.9139 35.0194 10.9
      vertex 76.9139 35.0194 7.3
    endloop
  endfacet
  facet normal -0.94158 0.336788 0
    outer loop
      vertex 76.9139 35.0194 10.9
      vertex 76.8478 34.8346 7.3
      vertex 76.8478 34.8346 10.9
    endloop
  endfacet
  facet normal -0.514196 0.857673 0
    outer loop
      vertex 76.1111 33.9371 7.3
      vertex 75.9428 33.8362 10.9
      vertex 76.1111 33.9371 10.9
    endloop
  endfacet
  facet normal -0.514196 0.857673 0
    outer loop
      vertex 75.9428 33.8362 10.9
      vertex 76.1111 33.9371 7.3
      vertex 75.9428 33.8362 7.3
    endloop
  endfacet
  facet normal 0.94158 -0.336788 0
    outer loop
      vertex 73.0861 36.1806 10.9
      vertex 73.1522 36.3654 7.3
      vertex 73.1522 36.3654 10.9
    endloop
  endfacet
  facet normal 0.94158 -0.336788 0
    outer loop
      vertex 73.1522 36.3654 7.3
      vertex 73.0861 36.1806 10.9
      vertex 73.0861 36.1806 7.3
    endloop
  endfacet
  facet normal -0.970023 0.243015 0
    outer loop
      vertex 76.9139 35.0194 7.3
      vertex 76.9616 35.2098 10.9
      vertex 76.9616 35.2098 7.3
    endloop
  endfacet
  facet normal -0.970023 0.243015 0
    outer loop
      vertex 76.9616 35.2098 10.9
      vertex 76.9139 35.0194 7.3
      vertex 76.9139 35.0194 10.9
    endloop
  endfacet
  facet normal -0.857673 -0.514196 0
    outer loop
      vertex 76.7638 36.5428 7.3
      vertex 76.6629 36.7111 10.9
      vertex 76.6629 36.7111 7.3
    endloop
  endfacet
  facet normal -0.857673 -0.514196 0
    outer loop
      vertex 76.6629 36.7111 10.9
      vertex 76.7638 36.5428 7.3
      vertex 76.7638 36.5428 10.9
    endloop
  endfacet
  facet normal 0.336788 -0.94158 0
    outer loop
      vertex 74.2346 37.4478 7.3
      vertex 74.4194 37.5139 10.9
      vertex 74.2346 37.4478 10.9
    endloop
  endfacet
  facet normal 0.336788 -0.94158 0
    outer loop
      vertex 74.4194 37.5139 10.9
      vertex 74.2346 37.4478 7.3
      vertex 74.4194 37.5139 7.3
    endloop
  endfacet
  facet normal 0.595508 0.80335 -0
    outer loop
      vertex 73.8889 33.9371 7.3
      vertex 73.7312 34.054 10.9
      vertex 73.8889 33.9371 10.9
    endloop
  endfacet
  facet normal 0.595508 0.80335 0
    outer loop
      vertex 73.7312 34.054 10.9
      vertex 73.8889 33.9371 7.3
      vertex 73.7312 34.054 7.3
    endloop
  endfacet
  facet normal 0.989182 0.146696 0
    outer loop
      vertex 73.0384 35.2098 10.9
      vertex 73.0096 35.404 7.3
      vertex 73.0096 35.404 10.9
    endloop
  endfacet
  facet normal 0.989182 0.146696 0
    outer loop
      vertex 73.0096 35.404 7.3
      vertex 73.0384 35.2098 10.9
      vertex 73.0384 35.2098 7.3
    endloop
  endfacet
  facet normal -0.80335 0.595508 0
    outer loop
      vertex 76.546 34.3312 7.3
      vertex 76.6629 34.4889 10.9
      vertex 76.6629 34.4889 7.3
    endloop
  endfacet
  facet normal -0.80335 0.595508 0
    outer loop
      vertex 76.6629 34.4889 10.9
      vertex 76.546 34.3312 7.3
      vertex 76.546 34.3312 10.9
    endloop
  endfacet
  facet normal 0.9038 0.427955 0
    outer loop
      vertex 73.2362 34.6572 10.9
      vertex 73.1522 34.8346 7.3
      vertex 73.1522 34.8346 10.9
    endloop
  endfacet
  facet normal 0.9038 0.427955 0
    outer loop
      vertex 73.1522 34.8346 7.3
      vertex 73.2362 34.6572 10.9
      vertex 73.2362 34.6572 7.3
    endloop
  endfacet
  facet normal -0.970023 -0.243015 0
    outer loop
      vertex 76.9616 35.9902 7.3
      vertex 76.9139 36.1806 10.9
      vertex 76.9139 36.1806 7.3
    endloop
  endfacet
  facet normal -0.970023 -0.243015 0
    outer loop
      vertex 76.9139 36.1806 10.9
      vertex 76.9616 35.9902 7.3
      vertex 76.9616 35.9902 10.9
    endloop
  endfacet
  facet normal 0.998803 -0.0489209 0
    outer loop
      vertex 73 35.6 10.9
      vertex 73.0096 35.796 7.3
      vertex 73.0096 35.796 10.9
    endloop
  endfacet
  facet normal 0.998803 -0.0489209 0
    outer loop
      vertex 73.0096 35.796 7.3
      vertex 73 35.6 10.9
      vertex 73 35.6 7.3
    endloop
  endfacet
  facet normal -0.94158 -0.336788 0
    outer loop
      vertex 76.9139 36.1806 7.3
      vertex 76.8478 36.3654 10.9
      vertex 76.8478 36.3654 7.3
    endloop
  endfacet
  facet normal -0.94158 -0.336788 0
    outer loop
      vertex 76.8478 36.3654 10.9
      vertex 76.9139 36.1806 7.3
      vertex 76.9139 36.1806 10.9
    endloop
  endfacet
  facet normal 0.970023 -0.243015 0
    outer loop
      vertex 73.0384 35.9902 10.9
      vertex 73.0861 36.1806 7.3
      vertex 73.0861 36.1806 10.9
    endloop
  endfacet
  facet normal 0.970023 -0.243015 0
    outer loop
      vertex 73.0861 36.1806 7.3
      vertex 73.0384 35.9902 10.9
      vertex 73.0384 35.9902 7.3
    endloop
  endfacet
  facet normal -0.0489209 -0.998803 0
    outer loop
      vertex 75 37.6 7.3
      vertex 75.196 37.5904 10.9
      vertex 75 37.6 10.9
    endloop
  endfacet
  facet normal -0.0489209 -0.998803 -0
    outer loop
      vertex 75.196 37.5904 10.9
      vertex 75 37.6 7.3
      vertex 75.196 37.5904 7.3
    endloop
  endfacet
  facet normal -0.146696 -0.989182 0
    outer loop
      vertex 75.196 37.5904 7.3
      vertex 75.3902 37.5616 10.9
      vertex 75.196 37.5904 10.9
    endloop
  endfacet
  facet normal -0.146696 -0.989182 -0
    outer loop
      vertex 75.3902 37.5616 10.9
      vertex 75.196 37.5904 7.3
      vertex 75.3902 37.5616 7.3
    endloop
  endfacet
  facet normal 0.671607 0.740908 -0
    outer loop
      vertex 73.7312 34.054 7.3
      vertex 73.5858 34.1858 10.9
      vertex 73.7312 34.054 10.9
    endloop
  endfacet
  facet normal 0.671607 0.740908 0
    outer loop
      vertex 73.5858 34.1858 10.9
      vertex 73.7312 34.054 7.3
      vertex 73.5858 34.1858 7.3
    endloop
  endfacet
  facet normal 0.514196 -0.857673 0
    outer loop
      vertex 73.8889 37.2629 7.3
      vertex 74.0572 37.3638 10.9
      vertex 73.8889 37.2629 10.9
    endloop
  endfacet
  facet normal 0.514196 -0.857673 0
    outer loop
      vertex 74.0572 37.3638 10.9
      vertex 73.8889 37.2629 7.3
      vertex 74.0572 37.3638 7.3
    endloop
  endfacet
  facet normal 0.9038 -0.427955 0
    outer loop
      vertex 73.1522 36.3654 10.9
      vertex 73.2362 36.5428 7.3
      vertex 73.2362 36.5428 10.9
    endloop
  endfacet
  facet normal 0.9038 -0.427955 0
    outer loop
      vertex 73.2362 36.5428 7.3
      vertex 73.1522 36.3654 10.9
      vertex 73.1522 36.3654 7.3
    endloop
  endfacet
  facet normal -0.989182 -0.146696 0
    outer loop
      vertex 76.9904 35.796 7.3
      vertex 76.9616 35.9902 10.9
      vertex 76.9616 35.9902 7.3
    endloop
  endfacet
  facet normal -0.989182 -0.146696 0
    outer loop
      vertex 76.9616 35.9902 10.9
      vertex 76.9904 35.796 7.3
      vertex 76.9904 35.796 10.9
    endloop
  endfacet
  facet normal -0.243015 -0.970023 0
    outer loop
      vertex 75.3902 37.5616 7.3
      vertex 75.5806 37.5139 10.9
      vertex 75.3902 37.5616 10.9
    endloop
  endfacet
  facet normal -0.243015 -0.970023 -0
    outer loop
      vertex 75.5806 37.5139 10.9
      vertex 75.3902 37.5616 7.3
      vertex 75.5806 37.5139 7.3
    endloop
  endfacet
  facet normal -0.740908 0.671607 0
    outer loop
      vertex 76.4142 34.1858 7.3
      vertex 76.546 34.3312 10.9
      vertex 76.546 34.3312 7.3
    endloop
  endfacet
  facet normal -0.740908 0.671607 0
    outer loop
      vertex 76.546 34.3312 10.9
      vertex 76.4142 34.1858 7.3
      vertex 76.4142 34.1858 10.9
    endloop
  endfacet
  facet normal -0.740908 -0.671607 0
    outer loop
      vertex 76.546 36.8688 7.3
      vertex 76.4142 37.0142 10.9
      vertex 76.4142 37.0142 7.3
    endloop
  endfacet
  facet normal -0.740908 -0.671607 0
    outer loop
      vertex 76.4142 37.0142 10.9
      vertex 76.546 36.8688 7.3
      vertex 76.546 36.8688 10.9
    endloop
  endfacet
  facet normal -0.671607 0.740908 0
    outer loop
      vertex 76.4142 34.1858 7.3
      vertex 76.2688 34.054 10.9
      vertex 76.4142 34.1858 10.9
    endloop
  endfacet
  facet normal -0.671607 0.740908 0
    outer loop
      vertex 76.2688 34.054 10.9
      vertex 76.4142 34.1858 7.3
      vertex 76.2688 34.054 7.3
    endloop
  endfacet
  facet normal 0.243015 -0.970023 0
    outer loop
      vertex 74.4194 37.5139 7.3
      vertex 74.6098 37.5616 10.9
      vertex 74.4194 37.5139 10.9
    endloop
  endfacet
  facet normal 0.243015 -0.970023 0
    outer loop
      vertex 74.6098 37.5616 10.9
      vertex 74.4194 37.5139 7.3
      vertex 74.6098 37.5616 7.3
    endloop
  endfacet
  facet normal -0.0489209 0.998803 0
    outer loop
      vertex 75.196 33.6096 7.3
      vertex 75 33.6 10.9
      vertex 75.196 33.6096 10.9
    endloop
  endfacet
  facet normal -0.0489209 0.998803 0
    outer loop
      vertex 75 33.6 10.9
      vertex 75.196 33.6096 7.3
      vertex 75 33.6 7.3
    endloop
  endfacet
  facet normal -0.671607 -0.740908 0
    outer loop
      vertex 76.2688 37.146 7.3
      vertex 76.4142 37.0142 10.9
      vertex 76.2688 37.146 10.9
    endloop
  endfacet
  facet normal -0.671607 -0.740908 -0
    outer loop
      vertex 76.4142 37.0142 10.9
      vertex 76.2688 37.146 7.3
      vertex 76.4142 37.0142 7.3
    endloop
  endfacet
  facet normal 0.998803 0.0489209 0
    outer loop
      vertex 73.0096 35.404 10.9
      vertex 73 35.6 7.3
      vertex 73 35.6 10.9
    endloop
  endfacet
  facet normal 0.998803 0.0489209 0
    outer loop
      vertex 73 35.6 7.3
      vertex 73.0096 35.404 10.9
      vertex 73.0096 35.404 7.3
    endloop
  endfacet
  facet normal 0.243015 0.970023 -0
    outer loop
      vertex 74.6098 33.6384 7.3
      vertex 74.4194 33.6861 10.9
      vertex 74.6098 33.6384 10.9
    endloop
  endfacet
  facet normal 0.243015 0.970023 0
    outer loop
      vertex 74.4194 33.6861 10.9
      vertex 74.6098 33.6384 7.3
      vertex 74.4194 33.6861 7.3
    endloop
  endfacet
  facet normal 0.427955 -0.9038 0
    outer loop
      vertex 74.0572 37.3638 7.3
      vertex 74.2346 37.4478 10.9
      vertex 74.0572 37.3638 10.9
    endloop
  endfacet
  facet normal 0.427955 -0.9038 0
    outer loop
      vertex 74.2346 37.4478 10.9
      vertex 74.0572 37.3638 7.3
      vertex 74.2346 37.4478 7.3
    endloop
  endfacet
  facet normal 0.857673 0.514196 0
    outer loop
      vertex 73.3371 34.4889 10.9
      vertex 73.2362 34.6572 7.3
      vertex 73.2362 34.6572 10.9
    endloop
  endfacet
  facet normal 0.857673 0.514196 0
    outer loop
      vertex 73.2362 34.6572 7.3
      vertex 73.3371 34.4889 10.9
      vertex 73.3371 34.4889 7.3
    endloop
  endfacet
  facet normal -0.146696 0.989182 0
    outer loop
      vertex 75.3902 33.6384 7.3
      vertex 75.196 33.6096 10.9
      vertex 75.3902 33.6384 10.9
    endloop
  endfacet
  facet normal -0.146696 0.989182 0
    outer loop
      vertex 75.196 33.6096 10.9
      vertex 75.3902 33.6384 7.3
      vertex 75.196 33.6096 7.3
    endloop
  endfacet
  facet normal 0.146696 -0.989182 0
    outer loop
      vertex 74.6098 37.5616 7.3
      vertex 74.804 37.5904 10.9
      vertex 74.6098 37.5616 10.9
    endloop
  endfacet
  facet normal 0.146696 -0.989182 0
    outer loop
      vertex 74.804 37.5904 10.9
      vertex 74.6098 37.5616 7.3
      vertex 74.804 37.5904 7.3
    endloop
  endfacet
  facet normal -0.998803 0.0489209 0
    outer loop
      vertex 76.9904 35.404 7.3
      vertex 77 35.6 10.9
      vertex 77 35.6 7.3
    endloop
  endfacet
  facet normal -0.998803 0.0489209 0
    outer loop
      vertex 77 35.6 10.9
      vertex 76.9904 35.404 7.3
      vertex 76.9904 35.404 10.9
    endloop
  endfacet
  facet normal 0.0489209 0.998803 -0
    outer loop
      vertex 75 33.6 7.3
      vertex 74.804 33.6096 10.9
      vertex 75 33.6 10.9
    endloop
  endfacet
  facet normal 0.0489209 0.998803 0
    outer loop
      vertex 74.804 33.6096 10.9
      vertex 75 33.6 7.3
      vertex 74.804 33.6096 7.3
    endloop
  endfacet
  facet normal 0.595508 -0.80335 0
    outer loop
      vertex 73.7312 37.146 7.3
      vertex 73.8889 37.2629 10.9
      vertex 73.7312 37.146 10.9
    endloop
  endfacet
  facet normal 0.595508 -0.80335 0
    outer loop
      vertex 73.8889 37.2629 10.9
      vertex 73.7312 37.146 7.3
      vertex 73.8889 37.2629 7.3
    endloop
  endfacet
  facet normal 0.80335 -0.595508 0
    outer loop
      vertex 73.3371 36.7111 10.9
      vertex 73.454 36.8688 7.3
      vertex 73.454 36.8688 10.9
    endloop
  endfacet
  facet normal 0.80335 -0.595508 0
    outer loop
      vertex 73.454 36.8688 7.3
      vertex 73.3371 36.7111 10.9
      vertex 73.3371 36.7111 7.3
    endloop
  endfacet
  facet normal -0.857673 0.514196 0
    outer loop
      vertex 76.6629 34.4889 7.3
      vertex 76.7638 34.6572 10.9
      vertex 76.7638 34.6572 7.3
    endloop
  endfacet
  facet normal -0.857673 0.514196 0
    outer loop
      vertex 76.7638 34.6572 10.9
      vertex 76.6629 34.4889 7.3
      vertex 76.6629 34.4889 10.9
    endloop
  endfacet
  facet normal -0.9038 0.427955 0
    outer loop
      vertex 76.7638 34.6572 7.3
      vertex 76.8478 34.8346 10.9
      vertex 76.8478 34.8346 7.3
    endloop
  endfacet
  facet normal -0.9038 0.427955 0
    outer loop
      vertex 76.8478 34.8346 10.9
      vertex 76.7638 34.6572 7.3
      vertex 76.7638 34.6572 10.9
    endloop
  endfacet
  facet normal 0 0 1
    outer loop
      vertex 76.9904 35.796 7.3
      vertex 76.9904 35.404 7.3
      vertex 77 35.6 7.3
    endloop
  endfacet
  facet normal 0 0 1
    outer loop
      vertex 76.9616 35.9902 7.3
      vertex 76.9904 35.404 7.3
      vertex 76.9904 35.796 7.3
    endloop
  endfacet
  facet normal 0 0 1
    outer loop
      vertex 76.9616 35.9902 7.3
      vertex 76.9616 35.2098 7.3
      vertex 76.9904 35.404 7.3
    endloop
  endfacet
  facet normal 0 0 1
    outer loop
      vertex 76.9139 36.1806 7.3
      vertex 76.9616 35.2098 7.3
      vertex 76.9616 35.9902 7.3
    endloop
  endfacet
  facet normal 0 0 1
    outer loop
      vertex 76.9139 36.1806 7.3
      vertex 76.9139 35.0194 7.3
      vertex 76.9616 35.2098 7.3
    endloop
  endfacet
  facet normal 0 0 1
    outer loop
      vertex 76.8478 36.3654 7.3
      vertex 76.9139 35.0194 7.3
      vertex 76.9139 36.1806 7.3
    endloop
  endfacet
  facet normal 0 0 1
    outer loop
      vertex 76.8478 36.3654 7.3
      vertex 76.8478 34.8346 7.3
      vertex 76.9139 35.0194 7.3
    endloop
  endfacet
  facet normal 0 0 1
    outer loop
      vertex 76.7638 36.5428 7.3
      vertex 76.8478 34.8346 7.3
      vertex 76.8478 36.3654 7.3
    endloop
  endfacet
  facet normal 0 0 1
    outer loop
      vertex 76.7638 36.5428 7.3
      vertex 76.7638 34.6572 7.3
      vertex 76.8478 34.8346 7.3
    endloop
  endfacet
  facet normal 0 0 1
    outer loop
      vertex 76.6629 36.7111 7.3
      vertex 76.7638 34.6572 7.3
      vertex 76.7638 36.5428 7.3
    endloop
  endfacet
  facet normal 0 0 1
    outer loop
      vertex 76.6629 36.7111 7.3
      vertex 76.6629 34.4889 7.3
      vertex 76.7638 34.6572 7.3
    endloop
  endfacet
  facet normal 0 0 1
    outer loop
      vertex 76.546 36.8688 7.3
      vertex 76.6629 34.4889 7.3
      vertex 76.6629 36.7111 7.3
    endloop
  endfacet
  facet normal 0 0 1
    outer loop
      vertex 76.546 36.8688 7.3
      vertex 76.546 34.3312 7.3
      vertex 76.6629 34.4889 7.3
    endloop
  endfacet
  facet normal 0 0 1
    outer loop
      vertex 76.4142 37.0142 7.3
      vertex 76.546 34.3312 7.3
      vertex 76.546 36.8688 7.3
    endloop
  endfacet
  facet normal 0 0 1
    outer loop
      vertex 76.4142 37.0142 7.3
      vertex 76.4142 34.1858 7.3
      vertex 76.546 34.3312 7.3
    endloop
  endfacet
  facet normal 0 0 1
    outer loop
      vertex 76.2688 37.146 7.3
      vertex 76.4142 34.1858 7.3
      vertex 76.4142 37.0142 7.3
    endloop
  endfacet
  facet normal 0 0 1
    outer loop
      vertex 76.2688 37.146 7.3
      vertex 76.2688 34.054 7.3
      vertex 76.4142 34.1858 7.3
    endloop
  endfacet
  facet normal 0 0 1
    outer loop
      vertex 76.1111 37.2629 7.3
      vertex 76.2688 34.054 7.3
      vertex 76.2688 37.146 7.3
    endloop
  endfacet
  facet normal 0 0 1
    outer loop
      vertex 76.1111 37.2629 7.3
      vertex 76.1111 33.9371 7.3
      vertex 76.2688 34.054 7.3
    endloop
  endfacet
  facet normal 0 0 1
    outer loop
      vertex 75.9428 37.3638 7.3
      vertex 76.1111 33.9371 7.3
      vertex 76.1111 37.2629 7.3
    endloop
  endfacet
  facet normal 0 0 1
    outer loop
      vertex 75.9428 37.3638 7.3
      vertex 75.9428 33.8362 7.3
      vertex 76.1111 33.9371 7.3
    endloop
  endfacet
  facet normal 0 0 1
    outer loop
      vertex 75.7654 37.4478 7.3
      vertex 75.9428 33.8362 7.3
      vertex 75.9428 37.3638 7.3
    endloop
  endfacet
  facet normal 0 0 1
    outer loop
      vertex 75.7654 37.4478 7.3
      vertex 75.7654 33.7522 7.3
      vertex 75.9428 33.8362 7.3
    endloop
  endfacet
  facet normal 0 0 1
    outer loop
      vertex 75.5806 37.5139 7.3
      vertex 75.7654 33.7522 7.3
      vertex 75.7654 37.4478 7.3
    endloop
  endfacet
  facet normal 0 0 1
    outer loop
      vertex 75.5806 37.5139 7.3
      vertex 75.5806 33.6861 7.3
      vertex 75.7654 33.7522 7.3
    endloop
  endfacet
  facet normal 0 0 1
    outer loop
      vertex 75.3902 37.5616 7.3
      vertex 75.5806 33.6861 7.3
      vertex 75.5806 37.5139 7.3
    endloop
  endfacet
  facet normal 0 0 1
    outer loop
      vertex 75.3902 37.5616 7.3
      vertex 75.3902 33.6384 7.3
      vertex 75.5806 33.6861 7.3
    endloop
  endfacet
  facet normal 0 0 1
    outer loop
      vertex 75.196 37.5904 7.3
      vertex 75.3902 33.6384 7.3
      vertex 75.3902 37.5616 7.3
    endloop
  endfacet
  facet normal 0 0 1
    outer loop
      vertex 75.196 37.5904 7.3
      vertex 75.196 33.6096 7.3
      vertex 75.3902 33.6384 7.3
    endloop
  endfacet
  facet normal 0 0 1
    outer loop
      vertex 75 37.6 7.3
      vertex 75.196 33.6096 7.3
      vertex 75.196 37.5904 7.3
    endloop
  endfacet
  facet normal 0 0 1
    outer loop
      vertex 75 37.6 7.3
      vertex 75 33.6 7.3
      vertex 75.196 33.6096 7.3
    endloop
  endfacet
  facet normal -0 0 1
    outer loop
      vertex 74.804 37.5904 7.3
      vertex 75 33.6 7.3
      vertex 75 37.6 7.3
    endloop
  endfacet
  facet normal 0 0 1
    outer loop
      vertex 74.804 37.5904 7.3
      vertex 74.804 33.6096 7.3
      vertex 75 33.6 7.3
    endloop
  endfacet
  facet normal -0 0 1
    outer loop
      vertex 74.6098 37.5616 7.3
      vertex 74.804 33.6096 7.3
      vertex 74.804 37.5904 7.3
    endloop
  endfacet
  facet normal 0 0 1
    outer loop
      vertex 74.6098 37.5616 7.3
      vertex 74.6098 33.6384 7.3
      vertex 74.804 33.6096 7.3
    endloop
  endfacet
  facet normal -0 0 1
    outer loop
      vertex 74.4194 37.5139 7.3
      vertex 74.6098 33.6384 7.3
      vertex 74.6098 37.5616 7.3
    endloop
  endfacet
  facet normal 0 0 1
    outer loop
      vertex 74.4194 37.5139 7.3
      vertex 74.4194 33.6861 7.3
      vertex 74.6098 33.6384 7.3
    endloop
  endfacet
  facet normal -0 0 1
    outer loop
      vertex 74.2346 37.4478 7.3
      vertex 74.4194 33.6861 7.3
      vertex 74.4194 37.5139 7.3
    endloop
  endfacet
  facet normal 0 0 1
    outer loop
      vertex 74.2346 37.4478 7.3
      vertex 74.2346 33.7522 7.3
      vertex 74.4194 33.6861 7.3
    endloop
  endfacet
  facet normal -0 0 1
    outer loop
      vertex 74.0572 37.3638 7.3
      vertex 74.2346 33.7522 7.3
      vertex 74.2346 37.4478 7.3
    endloop
  endfacet
  facet normal 0 0 1
    outer loop
      vertex 74.0572 37.3638 7.3
      vertex 74.0572 33.8362 7.3
      vertex 74.2346 33.7522 7.3
    endloop
  endfacet
  facet normal -0 0 1
    outer loop
      vertex 73.8889 37.2629 7.3
      vertex 74.0572 33.8362 7.3
      vertex 74.0572 37.3638 7.3
    endloop
  endfacet
  facet normal 0 0 1
    outer loop
      vertex 73.8889 37.2629 7.3
      vertex 73.8889 33.9371 7.3
      vertex 74.0572 33.8362 7.3
    endloop
  endfacet
  facet normal -0 0 1
    outer loop
      vertex 73.7312 37.146 7.3
      vertex 73.8889 33.9371 7.3
      vertex 73.8889 37.2629 7.3
    endloop
  endfacet
  facet normal 0 0 1
    outer loop
      vertex 73.7312 37.146 7.3
      vertex 73.7312 34.054 7.3
      vertex 73.8889 33.9371 7.3
    endloop
  endfacet
  facet normal -0 0 1
    outer loop
      vertex 73.5858 37.0142 7.3
      vertex 73.7312 34.054 7.3
      vertex 73.7312 37.146 7.3
    endloop
  endfacet
  facet normal 0 0 1
    outer loop
      vertex 73.5858 37.0142 7.3
      vertex 73.5858 34.1858 7.3
      vertex 73.7312 34.054 7.3
    endloop
  endfacet
  facet normal -0 0 1
    outer loop
      vertex 73.454 36.8688 7.3
      vertex 73.5858 34.1858 7.3
      vertex 73.5858 37.0142 7.3
    endloop
  endfacet
  facet normal 0 0 1
    outer loop
      vertex 73.454 36.8688 7.3
      vertex 73.454 34.3312 7.3
      vertex 73.5858 34.1858 7.3
    endloop
  endfacet
  facet normal -0 0 1
    outer loop
      vertex 73.3371 36.7111 7.3
      vertex 73.454 34.3312 7.3
      vertex 73.454 36.8688 7.3
    endloop
  endfacet
  facet normal 0 0 1
    outer loop
      vertex 73.3371 36.7111 7.3
      vertex 73.3371 34.4889 7.3
      vertex 73.454 34.3312 7.3
    endloop
  endfacet
  facet normal -0 0 1
    outer loop
      vertex 73.2362 36.5428 7.3
      vertex 73.3371 34.4889 7.3
      vertex 73.3371 36.7111 7.3
    endloop
  endfacet
  facet normal 0 0 1
    outer loop
      vertex 73.2362 36.5428 7.3
      vertex 73.2362 34.6572 7.3
      vertex 73.3371 34.4889 7.3
    endloop
  endfacet
  facet normal -0 0 1
    outer loop
      vertex 73.1522 36.3654 7.3
      vertex 73.2362 34.6572 7.3
      vertex 73.2362 36.5428 7.3
    endloop
  endfacet
  facet normal 0 0 1
    outer loop
      vertex 73.1522 36.3654 7.3
      vertex 73.1522 34.8346 7.3
      vertex 73.2362 34.6572 7.3
    endloop
  endfacet
  facet normal -0 0 1
    outer loop
      vertex 73.0861 36.1806 7.3
      vertex 73.1522 34.8346 7.3
      vertex 73.1522 36.3654 7.3
    endloop
  endfacet
  facet normal 0 0 1
    outer loop
      vertex 73.0861 36.1806 7.3
      vertex 73.0861 35.0194 7.3
      vertex 73.1522 34.8346 7.3
    endloop
  endfacet
  facet normal -0 0 1
    outer loop
      vertex 73.0384 35.9902 7.3
      vertex 73.0861 35.0194 7.3
      vertex 73.0861 36.1806 7.3
    endloop
  endfacet
  facet normal 0 0 1
    outer loop
      vertex 73.0384 35.9902 7.3
      vertex 73.0384 35.2098 7.3
      vertex 73.0861 35.0194 7.3
    endloop
  endfacet
  facet normal -0 0 1
    outer loop
      vertex 73.0096 35.796 7.3
      vertex 73.0384 35.2098 7.3
      vertex 73.0384 35.9902 7.3
    endloop
  endfacet
  facet normal 0 0 1
    outer loop
      vertex 73.0096 35.796 7.3
      vertex 73.0096 35.404 7.3
      vertex 73.0384 35.2098 7.3
    endloop
  endfacet
  facet normal 0 -0 1
    outer loop
      vertex 73.0096 35.404 7.3
      vertex 73.0096 35.796 7.3
      vertex 73 35.6 7.3
    endloop
  endfacet
  facet normal 0.970023 0.243015 0
    outer loop
      vertex 73.0861 35.0194 10.9
      vertex 73.0384 35.2098 7.3
      vertex 73.0384 35.2098 10.9
    endloop
  endfacet
  facet normal 0.970023 0.243015 0
    outer loop
      vertex 73.0384 35.2098 7.3
      vertex 73.0861 35.0194 10.9
      vertex 73.0861 35.0194 7.3
    endloop
  endfacet
  facet normal 0.94158 0.336788 0
    outer loop
      vertex 73.1522 34.8346 10.9
      vertex 73.0861 35.0194 7.3
      vertex 73.0861 35.0194 10.9
    endloop
  endfacet
  facet normal 0.94158 0.336788 0
    outer loop
      vertex 73.0861 35.0194 7.3
      vertex 73.1522 34.8346 10.9
      vertex 73.1522 34.8346 7.3
    endloop
  endfacet
  facet normal 0.857673 -0.514196 0
    outer loop
      vertex 73.2362 36.5428 10.9
      vertex 73.3371 36.7111 7.3
      vertex 73.3371 36.7111 10.9
    endloop
  endfacet
  facet normal 0.857673 -0.514196 0
    outer loop
      vertex 73.3371 36.7111 7.3
      vertex 73.2362 36.5428 10.9
      vertex 73.2362 36.5428 7.3
    endloop
  endfacet
  facet normal -0.336788 0.94158 0
    outer loop
      vertex 75.7654 33.7522 7.3
      vertex 75.5806 33.6861 10.9
      vertex 75.7654 33.7522 10.9
    endloop
  endfacet
  facet normal -0.336788 0.94158 0
    outer loop
      vertex 75.5806 33.6861 10.9
      vertex 75.7654 33.7522 7.3
      vertex 75.5806 33.6861 7.3
    endloop
  endfacet
  facet normal 0.671607 -0.740908 0
    outer loop
      vertex 73.5858 37.0142 7.3
      vertex 73.7312 37.146 10.9
      vertex 73.5858 37.0142 10.9
    endloop
  endfacet
  facet normal 0.671607 -0.740908 0
    outer loop
      vertex 73.7312 37.146 10.9
      vertex 73.5858 37.0142 7.3
      vertex 73.7312 37.146 7.3
    endloop
  endfacet
  facet normal -0.595508 -0.80335 0
    outer loop
      vertex 76.1111 37.2629 7.3
      vertex 76.2688 37.146 10.9
      vertex 76.1111 37.2629 10.9
    endloop
  endfacet
  facet normal -0.595508 -0.80335 -0
    outer loop
      vertex 76.2688 37.146 10.9
      vertex 76.1111 37.2629 7.3
      vertex 76.2688 37.146 7.3
    endloop
  endfacet
  facet normal -0.9038 -0.427955 0
    outer loop
      vertex 76.8478 36.3654 7.3
      vertex 76.7638 36.5428 10.9
      vertex 76.7638 36.5428 7.3
    endloop
  endfacet
  facet normal -0.9038 -0.427955 0
    outer loop
      vertex 76.7638 36.5428 10.9
      vertex 76.8478 36.3654 7.3
      vertex 76.8478 36.3654 10.9
    endloop
  endfacet
  facet normal -0.427955 0.9038 0
    outer loop
      vertex 75.9428 33.8362 7.3
      vertex 75.7654 33.7522 10.9
      vertex 75.9428 33.8362 10.9
    endloop
  endfacet
  facet normal -0.427955 0.9038 0
    outer loop
      vertex 75.7654 33.7522 10.9
      vertex 75.9428 33.8362 7.3
      vertex 75.7654 33.7522 7.3
    endloop
  endfacet
  facet normal -0.243015 0.970023 0
    outer loop
      vertex 75.5806 33.6861 7.3
      vertex 75.3902 33.6384 10.9
      vertex 75.5806 33.6861 10.9
    endloop
  endfacet
  facet normal -0.243015 0.970023 0
    outer loop
      vertex 75.3902 33.6384 10.9
      vertex 75.5806 33.6861 7.3
      vertex 75.3902 33.6384 7.3
    endloop
  endfacet
  facet normal -0.336788 -0.94158 0
    outer loop
      vertex 75.5806 37.5139 7.3
      vertex 75.7654 37.4478 10.9
      vertex 75.5806 37.5139 10.9
    endloop
  endfacet
  facet normal -0.336788 -0.94158 -0
    outer loop
      vertex 75.7654 37.4478 10.9
      vertex 75.5806 37.5139 7.3
      vertex 75.7654 37.4478 7.3
    endloop
  endfacet
  facet normal -0.595508 0.80335 0
    outer loop
      vertex 76.2688 34.054 7.3
      vertex 76.1111 33.9371 10.9
      vertex 76.2688 34.054 10.9
    endloop
  endfacet
  facet normal -0.595508 0.80335 0
    outer loop
      vertex 76.1111 33.9371 10.9
      vertex 76.2688 34.054 7.3
      vertex 76.1111 33.9371 7.3
    endloop
  endfacet
  facet normal -0.514196 -0.857673 0
    outer loop
      vertex 75.9428 37.3638 7.3
      vertex 76.1111 37.2629 10.9
      vertex 75.9428 37.3638 10.9
    endloop
  endfacet
  facet normal -0.514196 -0.857673 -0
    outer loop
      vertex 76.1111 37.2629 10.9
      vertex 75.9428 37.3638 7.3
      vertex 76.1111 37.2629 7.3
    endloop
  endfacet
  facet normal -0.989182 0.146696 0
    outer loop
      vertex 76.9616 35.2098 7.3
      vertex 76.9904 35.404 10.9
      vertex 76.9904 35.404 7.3
    endloop
  endfacet
  facet normal -0.989182 0.146696 0
    outer loop
      vertex 76.9904 35.404 10.9
      vertex 76.9616 35.2098 7.3
      vertex 76.9616 35.2098 10.9
    endloop
  endfacet
  facet normal 0.336788 0.94158 -0
    outer loop
      vertex 74.4194 33.6861 7.3
      vertex 74.2346 33.7522 10.9
      vertex 74.4194 33.6861 10.9
    endloop
  endfacet
  facet normal 0.336788 0.94158 0
    outer loop
      vertex 74.2346 33.7522 10.9
      vertex 74.4194 33.6861 7.3
      vertex 74.2346 33.7522 7.3
    endloop
  endfacet
  facet normal -0.80335 -0.595508 0
    outer loop
      vertex 76.6629 36.7111 7.3
      vertex 76.546 36.8688 10.9
      vertex 76.546 36.8688 7.3
    endloop
  endfacet
  facet normal -0.80335 -0.595508 0
    outer loop
      vertex 76.546 36.8688 10.9
      vertex 76.6629 36.7111 7.3
      vertex 76.6629 36.7111 10.9
    endloop
  endfacet
  facet normal 0.427955 0.9038 -0
    outer loop
      vertex 74.2346 33.7522 7.3
      vertex 74.0572 33.8362 10.9
      vertex 74.2346 33.7522 10.9
    endloop
  endfacet
  facet normal 0.427955 0.9038 0
    outer loop
      vertex 74.0572 33.8362 10.9
      vertex 74.2346 33.7522 7.3
      vertex 74.0572 33.8362 7.3
    endloop
  endfacet
  facet normal -0.427955 -0.9038 0
    outer loop
      vertex 75.7654 37.4478 7.3
      vertex 75.9428 37.3638 10.9
      vertex 75.7654 37.4478 10.9
    endloop
  endfacet
  facet normal -0.427955 -0.9038 -0
    outer loop
      vertex 75.9428 37.3638 10.9
      vertex 75.7654 37.4478 7.3
      vertex 75.9428 37.3638 7.3
    endloop
  endfacet
  facet normal 0.941557 -0.336853 0
    outer loop
      vertex 9.67925 34.4902 10.9
      vertex 9.77513 34.7582 1.2
      vertex 9.77513 34.7582 10.9
    endloop
  endfacet
  facet normal 0.941557 -0.336853 0
    outer loop
      vertex 9.77513 34.7582 1.2
      vertex 9.67925 34.4902 10.9
      vertex 9.67925 34.4902 1.2
    endloop
  endfacet
  facet normal 0.803102 0.595842 0
    outer loop
      vertex 9.41126 37.2112 10.9
      vertex 9.24173 37.4397 1.2
      vertex 9.24173 37.4397 10.9
    endloop
  endfacet
  facet normal 0.803102 0.595842 0
    outer loop
      vertex 9.24173 37.4397 1.2
      vertex 9.41126 37.2112 10.9
      vertex 9.41126 37.2112 1.2
    endloop
  endfacet
  facet normal -0.741001 -0.671504 0
    outer loop
      vertex 4.94939 33.5494 1.2
      vertex 4.75827 33.7603 10.9
      vertex 4.75827 33.7603 1.2
    endloop
  endfacet
  facet normal -0.741001 -0.671504 0
    outer loop
      vertex 4.75827 33.7603 10.9
      vertex 4.94939 33.5494 1.2
      vertex 4.94939 33.5494 10.9
    endloop
  endfacet
  facet normal 0.98918 0.146708 0
    outer loop
      vertex 9.88603 35.8843 10.9
      vertex 9.84428 36.1658 1.2
      vertex 9.84428 36.1658 10.9
    endloop
  endfacet
  facet normal 0.98918 0.146708 0
    outer loop
      vertex 9.84428 36.1658 1.2
      vertex 9.88603 35.8843 10.9
      vertex 9.88603 35.8843 1.2
    endloop
  endfacet
  facet normal 0.671518 0.740989 -0
    outer loop
      vertex 9.05061 37.6506 1.2
      vertex 8.83974 37.8417 10.9
      vertex 9.05061 37.6506 10.9
    endloop
  endfacet
  facet normal 0.671518 0.740989 0
    outer loop
      vertex 8.83974 37.8417 10.9
      vertex 9.05061 37.6506 1.2
      vertex 8.83974 37.8417 1.2
    endloop
  endfacet
  facet normal -0.671518 0.740989 0
    outer loop
      vertex 5.16026 37.8417 1.2
      vertex 4.94939 37.6506 10.9
      vertex 5.16026 37.8417 10.9
    endloop
  endfacet
  facet normal -0.671518 0.740989 0
    outer loop
      vertex 4.94939 37.6506 10.9
      vertex 5.16026 37.8417 1.2
      vertex 4.94939 37.6506 1.2
    endloop
  endfacet
  facet normal 0.243139 -0.969991 0
    outer loop
      vertex 7.56576 32.7557 1.2
      vertex 7.84183 32.8249 10.9
      vertex 7.56576 32.7557 10.9
    endloop
  endfacet
  facet normal 0.243139 -0.969991 0
    outer loop
      vertex 7.84183 32.8249 10.9
      vertex 7.56576 32.7557 1.2
      vertex 7.84183 32.8249 1.2
    endloop
  endfacet
  facet normal 0.514082 0.857741 -0
    outer loop
      vertex 8.61115 38.0113 1.2
      vertex 8.36705 38.1576 10.9
      vertex 8.61115 38.0113 10.9
    endloop
  endfacet
  facet normal 0.514082 0.857741 0
    outer loop
      vertex 8.36705 38.1576 10.9
      vertex 8.61115 38.0113 1.2
      vertex 8.36705 38.1576 1.2
    endloop
  endfacet
  facet normal -0.336659 0.941627 0
    outer loop
      vertex 6.15817 38.3751 1.2
      vertex 5.89022 38.2793 10.9
      vertex 6.15817 38.3751 10.9
    endloop
  endfacet
  facet normal -0.336659 0.941627 0
    outer loop
      vertex 5.89022 38.2793 10.9
      vertex 6.15817 38.3751 1.2
      vertex 5.89022 38.2793 1.2
    endloop
  endfacet
  facet normal -0.998795 0.049079 0
    outer loop
      vertex 4.1 35.6 1.2
      vertex 4.11397 35.8843 10.9
      vertex 4.11397 35.8843 1.2
    endloop
  endfacet
  facet normal -0.998795 0.049079 0
    outer loop
      vertex 4.11397 35.8843 10.9
      vertex 4.1 35.6 1.2
      vertex 4.1 35.6 10.9
    endloop
  endfacet
  facet normal 0.514082 -0.857741 0
    outer loop
      vertex 8.36705 33.0424 1.2
      vertex 8.61115 33.1887 10.9
      vertex 8.36705 33.0424 10.9
    endloop
  endfacet
  facet normal 0.514082 -0.857741 0
    outer loop
      vertex 8.61115 33.1887 10.9
      vertex 8.36705 33.0424 1.2
      vertex 8.61115 33.1887 1.2
    endloop
  endfacet
  facet normal 0.741001 -0.671504 0
    outer loop
      vertex 9.05061 33.5494 10.9
      vertex 9.24173 33.7603 1.2
      vertex 9.24173 33.7603 10.9
    endloop
  endfacet
  facet normal 0.741001 -0.671504 0
    outer loop
      vertex 9.24173 33.7603 1.2
      vertex 9.05061 33.5494 10.9
      vertex 9.05061 33.5494 1.2
    endloop
  endfacet
  facet normal -0.514082 0.857741 0
    outer loop
      vertex 5.63295 38.1576 1.2
      vertex 5.38885 38.0113 10.9
      vertex 5.63295 38.1576 10.9
    endloop
  endfacet
  facet normal -0.514082 0.857741 0
    outer loop
      vertex 5.38885 38.0113 10.9
      vertex 5.63295 38.1576 1.2
      vertex 5.38885 38.0113 1.2
    endloop
  endfacet
  facet normal 0.989187 -0.146657 0
    outer loop
      vertex 9.84428 35.0342 10.9
      vertex 9.88603 35.3158 1.2
      vertex 9.88603 35.3158 10.9
    endloop
  endfacet
  facet normal 0.989187 -0.146657 0
    outer loop
      vertex 9.88603 35.3158 1.2
      vertex 9.84428 35.0342 10.9
      vertex 9.84428 35.0342 1.2
    endloop
  endfacet
  facet normal 0.146531 -0.989206 0
    outer loop
      vertex 7.28425 32.714 1.2
      vertex 7.56576 32.7557 10.9
      vertex 7.28425 32.714 10.9
    endloop
  endfacet
  facet normal 0.146531 -0.989206 0
    outer loop
      vertex 7.56576 32.7557 10.9
      vertex 7.28425 32.714 1.2
      vertex 7.56576 32.7557 1.2
    endloop
  endfacet
  facet normal -0.243139 0.969991 0
    outer loop
      vertex 6.43424 38.4443 1.2
      vertex 6.15817 38.3751 10.9
      vertex 6.43424 38.4443 10.9
    endloop
  endfacet
  facet normal -0.243139 0.969991 0
    outer loop
      vertex 6.15817 38.3751 10.9
      vertex 6.43424 38.4443 1.2
      vertex 6.15817 38.3751 1.2
    endloop
  endfacet
  facet normal -0.595849 0.803096 0
    outer loop
      vertex 5.38885 38.0113 1.2
      vertex 5.16026 37.8417 10.9
      vertex 5.38885 38.0113 10.9
    endloop
  endfacet
  facet normal -0.595849 0.803096 0
    outer loop
      vertex 5.16026 37.8417 10.9
      vertex 5.38885 38.0113 1.2
      vertex 5.16026 37.8417 1.2
    endloop
  endfacet
  facet normal -0.989187 -0.146657 0
    outer loop
      vertex 4.15572 35.0342 1.2
      vertex 4.11397 35.3158 10.9
      vertex 4.11397 35.3158 1.2
    endloop
  endfacet
  facet normal -0.989187 -0.146657 0
    outer loop
      vertex 4.11397 35.3158 10.9
      vertex 4.15572 35.0342 1.2
      vertex 4.15572 35.0342 10.9
    endloop
  endfacet
  facet normal 0.336659 0.941627 -0
    outer loop
      vertex 8.10978 38.2793 1.2
      vertex 7.84183 38.3751 10.9
      vertex 8.10978 38.2793 10.9
    endloop
  endfacet
  facet normal 0.336659 0.941627 0
    outer loop
      vertex 7.84183 38.3751 10.9
      vertex 8.10978 38.2793 1.2
      vertex 7.84183 38.3751 1.2
    endloop
  endfacet
  facet normal -0.427614 -0.903962 0
    outer loop
      vertex 5.63295 33.0424 1.2
      vertex 5.89022 32.9207 10.9
      vertex 5.63295 33.0424 10.9
    endloop
  endfacet
  facet normal -0.427614 -0.903962 -0
    outer loop
      vertex 5.89022 32.9207 10.9
      vertex 5.63295 33.0424 1.2
      vertex 5.89022 32.9207 1.2
    endloop
  endfacet
  facet normal -0.595849 -0.803096 0
    outer loop
      vertex 5.16026 33.3583 1.2
      vertex 5.38885 33.1887 10.9
      vertex 5.16026 33.3583 10.9
    endloop
  endfacet
  facet normal -0.595849 -0.803096 -0
    outer loop
      vertex 5.38885 33.1887 10.9
      vertex 5.16026 33.3583 1.2
      vertex 5.38885 33.1887 1.2
    endloop
  endfacet
  facet normal 0.998795 0.049079 0
    outer loop
      vertex 9.9 35.6 10.9
      vertex 9.88603 35.8843 1.2
      vertex 9.88603 35.8843 10.9
    endloop
  endfacet
  facet normal 0.998795 0.049079 0
    outer loop
      vertex 9.88603 35.8843 1.2
      vertex 9.9 35.6 10.9
      vertex 9.9 35.6 1.2
    endloop
  endfacet
  facet normal -0.970018 -0.243032 0
    outer loop
      vertex 4.22487 34.7582 1.2
      vertex 4.15572 35.0342 10.9
      vertex 4.15572 35.0342 1.2
    endloop
  endfacet
  facet normal -0.970018 -0.243032 0
    outer loop
      vertex 4.15572 35.0342 10.9
      vertex 4.22487 34.7582 1.2
      vertex 4.22487 34.7582 10.9
    endloop
  endfacet
  facet normal -0.904008 -0.427515 0
    outer loop
      vertex 4.44243 34.2329 1.2
      vertex 4.32075 34.4902 10.9
      vertex 4.32075 34.4902 1.2
    endloop
  endfacet
  facet normal -0.904008 -0.427515 0
    outer loop
      vertex 4.32075 34.4902 10.9
      vertex 4.44243 34.2329 1.2
      vertex 4.44243 34.2329 10.9
    endloop
  endfacet
  facet normal -0.146531 0.989206 0
    outer loop
      vertex 6.71575 38.486 1.2
      vertex 6.43424 38.4443 10.9
      vertex 6.71575 38.486 10.9
    endloop
  endfacet
  facet normal -0.146531 0.989206 0
    outer loop
      vertex 6.43424 38.4443 10.9
      vertex 6.71575 38.486 1.2
      vertex 6.43424 38.4443 1.2
    endloop
  endfacet
  facet normal -0.0491928 0.998789 0
    outer loop
      vertex 7 38.5 1.2
      vertex 6.71575 38.486 10.9
      vertex 7 38.5 10.9
    endloop
  endfacet
  facet normal -0.0491928 0.998789 0
    outer loop
      vertex 6.71575 38.486 10.9
      vertex 7 38.5 1.2
      vertex 6.71575 38.486 1.2
    endloop
  endfacet
  facet normal -0.243139 -0.969991 0
    outer loop
      vertex 6.15817 32.8249 1.2
      vertex 6.43424 32.7557 10.9
      vertex 6.15817 32.8249 10.9
    endloop
  endfacet
  facet normal -0.243139 -0.969991 -0
    outer loop
      vertex 6.43424 32.7557 10.9
      vertex 6.15817 32.8249 1.2
      vertex 6.43424 32.7557 1.2
    endloop
  endfacet
  facet normal 0.903944 0.427651 0
    outer loop
      vertex 9.67925 36.7098 10.9
      vertex 9.55757 36.967 1.2
      vertex 9.55757 36.967 10.9
    endloop
  endfacet
  facet normal 0.903944 0.427651 0
    outer loop
      vertex 9.55757 36.967 1.2
      vertex 9.67925 36.7098 10.9
      vertex 9.67925 36.7098 1.2
    endloop
  endfacet
  facet normal 0.998794 -0.0490962 0
    outer loop
      vertex 9.88603 35.3158 10.9
      vertex 9.9 35.6 1.2
      vertex 9.9 35.6 10.9
    endloop
  endfacet
  facet normal 0.998794 -0.0490962 0
    outer loop
      vertex 9.9 35.6 1.2
      vertex 9.88603 35.3158 10.9
      vertex 9.88603 35.3158 1.2
    endloop
  endfacet
  facet normal 0.857818 0.513953 0
    outer loop
      vertex 9.55757 36.967 10.9
      vertex 9.41126 37.2112 1.2
      vertex 9.41126 37.2112 10.9
    endloop
  endfacet
  facet normal 0.857818 0.513953 0
    outer loop
      vertex 9.41126 37.2112 1.2
      vertex 9.55757 36.967 10.9
      vertex 9.55757 36.967 1.2
    endloop
  endfacet
  facet normal 0.970018 0.243032 0
    outer loop
      vertex 9.84428 36.1658 10.9
      vertex 9.77513 36.4418 1.2
      vertex 9.77513 36.4418 10.9
    endloop
  endfacet
  facet normal 0.970018 0.243032 0
    outer loop
      vertex 9.77513 36.4418 1.2
      vertex 9.84428 36.1658 10.9
      vertex 9.84428 36.1658 1.2
    endloop
  endfacet
  facet normal -0.98918 0.146708 0
    outer loop
      vertex 4.11397 35.8843 1.2
      vertex 4.15572 36.1658 10.9
      vertex 4.15572 36.1658 1.2
    endloop
  endfacet
  facet normal -0.98918 0.146708 0
    outer loop
      vertex 4.15572 36.1658 10.9
      vertex 4.11397 35.8843 1.2
      vertex 4.11397 35.8843 10.9
    endloop
  endfacet
  facet normal 0.741001 0.671504 0
    outer loop
      vertex 9.24173 37.4397 10.9
      vertex 9.05061 37.6506 1.2
      vertex 9.05061 37.6506 10.9
    endloop
  endfacet
  facet normal 0.741001 0.671504 0
    outer loop
      vertex 9.05061 37.6506 1.2
      vertex 9.24173 37.4397 10.9
      vertex 9.24173 37.4397 1.2
    endloop
  endfacet
  facet normal 0.0491928 -0.998789 0
    outer loop
      vertex 7 32.7 1.2
      vertex 7.28425 32.714 10.9
      vertex 7 32.7 10.9
    endloop
  endfacet
  facet normal 0.0491928 -0.998789 0
    outer loop
      vertex 7.28425 32.714 10.9
      vertex 7 32.7 1.2
      vertex 7.28425 32.714 1.2
    endloop
  endfacet
  facet normal -0.857725 -0.514108 0
    outer loop
      vertex 4.58874 33.9888 1.2
      vertex 4.44243 34.2329 10.9
      vertex 4.44243 34.2329 1.2
    endloop
  endfacet
  facet normal -0.857725 -0.514108 0
    outer loop
      vertex 4.44243 34.2329 10.9
      vertex 4.58874 33.9888 1.2
      vertex 4.58874 33.9888 10.9
    endloop
  endfacet
  facet normal -0.970018 0.243032 0
    outer loop
      vertex 4.15572 36.1658 1.2
      vertex 4.22487 36.4418 10.9
      vertex 4.22487 36.4418 1.2
    endloop
  endfacet
  facet normal -0.970018 0.243032 0
    outer loop
      vertex 4.22487 36.4418 10.9
      vertex 4.15572 36.1658 1.2
      vertex 4.15572 36.1658 10.9
    endloop
  endfacet
  facet normal -0.803102 -0.595842 0
    outer loop
      vertex 4.75827 33.7603 1.2
      vertex 4.58874 33.9888 10.9
      vertex 4.58874 33.9888 1.2
    endloop
  endfacet
  facet normal -0.803102 -0.595842 0
    outer loop
      vertex 4.58874 33.9888 10.9
      vertex 4.75827 33.7603 1.2
      vertex 4.75827 33.7603 10.9
    endloop
  endfacet
  facet normal 0.857725 -0.514108 0
    outer loop
      vertex 9.41126 33.9888 10.9
      vertex 9.55757 34.2329 1.2
      vertex 9.55757 34.2329 10.9
    endloop
  endfacet
  facet normal 0.857725 -0.514108 0
    outer loop
      vertex 9.55757 34.2329 1.2
      vertex 9.41126 33.9888 10.9
      vertex 9.41126 33.9888 1.2
    endloop
  endfacet
  facet normal 0.941557 0.336853 0
    outer loop
      vertex 9.77513 36.4418 10.9
      vertex 9.67925 36.7098 1.2
      vertex 9.67925 36.7098 10.9
    endloop
  endfacet
  facet normal 0.941557 0.336853 0
    outer loop
      vertex 9.67925 36.7098 1.2
      vertex 9.77513 36.4418 10.9
      vertex 9.77513 36.4418 1.2
    endloop
  endfacet
  facet normal 0.595849 -0.803096 0
    outer loop
      vertex 8.61115 33.1887 1.2
      vertex 8.83974 33.3583 10.9
      vertex 8.61115 33.1887 10.9
    endloop
  endfacet
  facet normal 0.595849 -0.803096 0
    outer loop
      vertex 8.83974 33.3583 10.9
      vertex 8.61115 33.1887 1.2
      vertex 8.83974 33.3583 1.2
    endloop
  endfacet
  facet normal -0.998794 -0.0490962 0
    outer loop
      vertex 4.11397 35.3158 1.2
      vertex 4.1 35.6 10.9
      vertex 4.1 35.6 1.2
    endloop
  endfacet
  facet normal -0.998794 -0.0490962 0
    outer loop
      vertex 4.1 35.6 10.9
      vertex 4.11397 35.3158 1.2
      vertex 4.11397 35.3158 10.9
    endloop
  endfacet
  facet normal -0.903944 0.427651 0
    outer loop
      vertex 4.32075 36.7098 1.2
      vertex 4.44243 36.967 10.9
      vertex 4.44243 36.967 1.2
    endloop
  endfacet
  facet normal -0.903944 0.427651 0
    outer loop
      vertex 4.44243 36.967 10.9
      vertex 4.32075 36.7098 1.2
      vertex 4.32075 36.7098 10.9
    endloop
  endfacet
  facet normal -0.941557 0.336853 0
    outer loop
      vertex 4.22487 36.4418 1.2
      vertex 4.32075 36.7098 10.9
      vertex 4.32075 36.7098 1.2
    endloop
  endfacet
  facet normal -0.941557 0.336853 0
    outer loop
      vertex 4.32075 36.7098 10.9
      vertex 4.22487 36.4418 1.2
      vertex 4.22487 36.4418 10.9
    endloop
  endfacet
  facet normal -0.146531 -0.989206 0
    outer loop
      vertex 6.43424 32.7557 1.2
      vertex 6.71575 32.714 10.9
      vertex 6.43424 32.7557 10.9
    endloop
  endfacet
  facet normal -0.146531 -0.989206 -0
    outer loop
      vertex 6.71575 32.714 10.9
      vertex 6.43424 32.7557 1.2
      vertex 6.71575 32.714 1.2
    endloop
  endfacet
  facet normal 0.146531 0.989206 -0
    outer loop
      vertex 7.56576 38.4443 1.2
      vertex 7.28425 38.486 10.9
      vertex 7.56576 38.4443 10.9
    endloop
  endfacet
  facet normal 0.146531 0.989206 0
    outer loop
      vertex 7.28425 38.486 10.9
      vertex 7.56576 38.4443 1.2
      vertex 7.28425 38.486 1.2
    endloop
  endfacet
  facet normal 0.0491928 0.998789 -0
    outer loop
      vertex 7.28425 38.486 1.2
      vertex 7 38.5 10.9
      vertex 7.28425 38.486 10.9
    endloop
  endfacet
  facet normal 0.0491928 0.998789 0
    outer loop
      vertex 7 38.5 10.9
      vertex 7.28425 38.486 1.2
      vertex 7 38.5 1.2
    endloop
  endfacet
  facet normal -0.514082 -0.857741 0
    outer loop
      vertex 5.38885 33.1887 1.2
      vertex 5.63295 33.0424 10.9
      vertex 5.38885 33.1887 10.9
    endloop
  endfacet
  facet normal -0.514082 -0.857741 -0
    outer loop
      vertex 5.63295 33.0424 10.9
      vertex 5.38885 33.1887 1.2
      vertex 5.63295 33.0424 1.2
    endloop
  endfacet
  facet normal 0.595849 0.803096 -0
    outer loop
      vertex 8.83974 37.8417 1.2
      vertex 8.61115 38.0113 10.9
      vertex 8.83974 37.8417 10.9
    endloop
  endfacet
  facet normal 0.595849 0.803096 0
    outer loop
      vertex 8.61115 38.0113 10.9
      vertex 8.83974 37.8417 1.2
      vertex 8.61115 38.0113 1.2
    endloop
  endfacet
  facet normal 0.427614 0.903962 -0
    outer loop
      vertex 8.36705 38.1576 1.2
      vertex 8.10978 38.2793 10.9
      vertex 8.36705 38.1576 10.9
    endloop
  endfacet
  facet normal 0.427614 0.903962 0
    outer loop
      vertex 8.10978 38.2793 10.9
      vertex 8.36705 38.1576 1.2
      vertex 8.10978 38.2793 1.2
    endloop
  endfacet
  facet normal 0.904008 -0.427515 0
    outer loop
      vertex 9.55757 34.2329 10.9
      vertex 9.67925 34.4902 1.2
      vertex 9.67925 34.4902 10.9
    endloop
  endfacet
  facet normal 0.904008 -0.427515 0
    outer loop
      vertex 9.67925 34.4902 1.2
      vertex 9.55757 34.2329 10.9
      vertex 9.55757 34.2329 1.2
    endloop
  endfacet
  facet normal -0.0491928 -0.998789 0
    outer loop
      vertex 6.71575 32.714 1.2
      vertex 7 32.7 10.9
      vertex 6.71575 32.714 10.9
    endloop
  endfacet
  facet normal -0.0491928 -0.998789 -0
    outer loop
      vertex 7 32.7 10.9
      vertex 6.71575 32.714 1.2
      vertex 7 32.7 1.2
    endloop
  endfacet
  facet normal -0.941557 -0.336853 0
    outer loop
      vertex 4.32075 34.4902 1.2
      vertex 4.22487 34.7582 10.9
      vertex 4.22487 34.7582 1.2
    endloop
  endfacet
  facet normal -0.941557 -0.336853 0
    outer loop
      vertex 4.22487 34.7582 10.9
      vertex 4.32075 34.4902 1.2
      vertex 4.32075 34.4902 10.9
    endloop
  endfacet
  facet normal 0.243139 0.969991 -0
    outer loop
      vertex 7.84183 38.3751 1.2
      vertex 7.56576 38.4443 10.9
      vertex 7.84183 38.3751 10.9
    endloop
  endfacet
  facet normal 0.243139 0.969991 0
    outer loop
      vertex 7.56576 38.4443 10.9
      vertex 7.84183 38.3751 1.2
      vertex 7.56576 38.4443 1.2
    endloop
  endfacet
  facet normal -0.336659 -0.941627 0
    outer loop
      vertex 5.89022 32.9207 1.2
      vertex 6.15817 32.8249 10.9
      vertex 5.89022 32.9207 10.9
    endloop
  endfacet
  facet normal -0.336659 -0.941627 -0
    outer loop
      vertex 6.15817 32.8249 10.9
      vertex 5.89022 32.9207 1.2
      vertex 6.15817 32.8249 1.2
    endloop
  endfacet
  facet normal 0.671518 -0.740989 0
    outer loop
      vertex 8.83974 33.3583 1.2
      vertex 9.05061 33.5494 10.9
      vertex 8.83974 33.3583 10.9
    endloop
  endfacet
  facet normal 0.671518 -0.740989 0
    outer loop
      vertex 9.05061 33.5494 10.9
      vertex 8.83974 33.3583 1.2
      vertex 9.05061 33.5494 1.2
    endloop
  endfacet
  facet normal 0.970018 -0.243032 0
    outer loop
      vertex 9.77513 34.7582 10.9
      vertex 9.84428 35.0342 1.2
      vertex 9.84428 35.0342 10.9
    endloop
  endfacet
  facet normal 0.970018 -0.243032 0
    outer loop
      vertex 9.84428 35.0342 1.2
      vertex 9.77513 34.7582 10.9
      vertex 9.77513 34.7582 1.2
    endloop
  endfacet
  facet normal -0.671518 -0.740989 0
    outer loop
      vertex 4.94939 33.5494 1.2
      vertex 5.16026 33.3583 10.9
      vertex 4.94939 33.5494 10.9
    endloop
  endfacet
  facet normal -0.671518 -0.740989 -0
    outer loop
      vertex 5.16026 33.3583 10.9
      vertex 4.94939 33.5494 1.2
      vertex 5.16026 33.3583 1.2
    endloop
  endfacet
  facet normal 0.803102 -0.595842 0
    outer loop
      vertex 9.24173 33.7603 10.9
      vertex 9.41126 33.9888 1.2
      vertex 9.41126 33.9888 10.9
    endloop
  endfacet
  facet normal 0.803102 -0.595842 0
    outer loop
      vertex 9.41126 33.9888 1.2
      vertex 9.24173 33.7603 10.9
      vertex 9.24173 33.7603 1.2
    endloop
  endfacet
  facet normal 0.336659 -0.941627 0
    outer loop
      vertex 7.84183 32.8249 1.2
      vertex 8.10978 32.9207 10.9
      vertex 7.84183 32.8249 10.9
    endloop
  endfacet
  facet normal 0.336659 -0.941627 0
    outer loop
      vertex 8.10978 32.9207 10.9
      vertex 7.84183 32.8249 1.2
      vertex 8.10978 32.9207 1.2
    endloop
  endfacet
  facet normal -0.803102 0.595842 0
    outer loop
      vertex 4.58874 37.2112 1.2
      vertex 4.75827 37.4397 10.9
      vertex 4.75827 37.4397 1.2
    endloop
  endfacet
  facet normal -0.803102 0.595842 0
    outer loop
      vertex 4.75827 37.4397 10.9
      vertex 4.58874 37.2112 1.2
      vertex 4.58874 37.2112 10.9
    endloop
  endfacet
  facet normal 0.427614 -0.903962 0
    outer loop
      vertex 8.10978 32.9207 1.2
      vertex 8.36705 33.0424 10.9
      vertex 8.10978 32.9207 10.9
    endloop
  endfacet
  facet normal 0.427614 -0.903962 0
    outer loop
      vertex 8.36705 33.0424 10.9
      vertex 8.10978 32.9207 1.2
      vertex 8.36705 33.0424 1.2
    endloop
  endfacet
  facet normal -0.741001 0.671504 0
    outer loop
      vertex 4.75827 37.4397 1.2
      vertex 4.94939 37.6506 10.9
      vertex 4.94939 37.6506 1.2
    endloop
  endfacet
  facet normal -0.741001 0.671504 0
    outer loop
      vertex 4.94939 37.6506 10.9
      vertex 4.75827 37.4397 1.2
      vertex 4.75827 37.4397 10.9
    endloop
  endfacet
  facet normal -0.427614 0.903962 0
    outer loop
      vertex 5.89022 38.2793 1.2
      vertex 5.63295 38.1576 10.9
      vertex 5.89022 38.2793 10.9
    endloop
  endfacet
  facet normal -0.427614 0.903962 0
    outer loop
      vertex 5.63295 38.1576 10.9
      vertex 5.89022 38.2793 1.2
      vertex 5.63295 38.1576 1.2
    endloop
  endfacet
  facet normal 0 0 1
    outer loop
      vertex 9 35.6 10.9
      vertex 9.9 35.6 10.9
      vertex 9.88603 35.8843 10.9
    endloop
  endfacet
  facet normal 0 0 1
    outer loop
      vertex 8.99037 35.796 10.9
      vertex 9.88603 35.8843 10.9
      vertex 9.84428 36.1658 10.9
    endloop
  endfacet
  facet normal 0 0 1
    outer loop
      vertex 9.9 35.6 10.9
      vertex 9 35.6 10.9
      vertex 9.88603 35.3158 10.9
    endloop
  endfacet
  facet normal 0 0 1
    outer loop
      vertex 8.96157 35.9902 10.9
      vertex 9.84428 36.1658 10.9
      vertex 9.77513 36.4418 10.9
    endloop
  endfacet
  facet normal -0 0 1
    outer loop
      vertex 8.99037 35.404 10.9
      vertex 9.88603 35.3158 10.9
      vertex 9 35.6 10.9
    endloop
  endfacet
  facet normal 0 0 1
    outer loop
      vertex 8.91388 36.1806 10.9
      vertex 9.77513 36.4418 10.9
      vertex 9.67925 36.7098 10.9
    endloop
  endfacet
  facet normal 0 0 1
    outer loop
      vertex 9.88603 35.3158 10.9
      vertex 8.99037 35.404 10.9
      vertex 9.84428 35.0342 10.9
    endloop
  endfacet
  facet normal 0 0 1
    outer loop
      vertex 8.84776 36.3654 10.9
      vertex 9.67925 36.7098 10.9
      vertex 9.55757 36.967 10.9
    endloop
  endfacet
  facet normal -0 0 1
    outer loop
      vertex 8.96157 35.2098 10.9
      vertex 9.84428 35.0342 10.9
      vertex 8.99037 35.404 10.9
    endloop
  endfacet
  facet normal 0 0 1
    outer loop
      vertex 8.76384 36.5428 10.9
      vertex 9.55757 36.967 10.9
      vertex 9.41126 37.2112 10.9
    endloop
  endfacet
  facet normal 0 0 1
    outer loop
      vertex 9.84428 35.0342 10.9
      vertex 8.96157 35.2098 10.9
      vertex 9.77513 34.7582 10.9
    endloop
  endfacet
  facet normal 0 0 1
    outer loop
      vertex 8.66294 36.7111 10.9
      vertex 9.41126 37.2112 10.9
      vertex 9.24173 37.4397 10.9
    endloop
  endfacet
  facet normal -0 0 1
    outer loop
      vertex 8.91388 35.0194 10.9
      vertex 9.77513 34.7582 10.9
      vertex 8.96157 35.2098 10.9
    endloop
  endfacet
  facet normal 0 0 1
    outer loop
      vertex 8.54602 36.8688 10.9
      vertex 9.24173 37.4397 10.9
      vertex 9.05061 37.6506 10.9
    endloop
  endfacet
  facet normal 0 0 1
    outer loop
      vertex 9.77513 34.7582 10.9
      vertex 8.91388 35.0194 10.9
      vertex 9.67925 34.4902 10.9
    endloop
  endfacet
  facet normal -0 0 1
    outer loop
      vertex 8.84776 34.8346 10.9
      vertex 9.67925 34.4902 10.9
      vertex 8.91388 35.0194 10.9
    endloop
  endfacet
  facet normal 0 0 1
    outer loop
      vertex 9.88603 35.8843 10.9
      vertex 8.99037 35.796 10.9
      vertex 9 35.6 10.9
    endloop
  endfacet
  facet normal 0 0 1
    outer loop
      vertex 9.84428 36.1658 10.9
      vertex 8.96157 35.9902 10.9
      vertex 8.99037 35.796 10.9
    endloop
  endfacet
  facet normal 0 0 1
    outer loop
      vertex 9.77513 36.4418 10.9
      vertex 8.91388 36.1806 10.9
      vertex 8.96157 35.9902 10.9
    endloop
  endfacet
  facet normal 0 0 1
    outer loop
      vertex 9.67925 36.7098 10.9
      vertex 8.84776 36.3654 10.9
      vertex 8.91388 36.1806 10.9
    endloop
  endfacet
  facet normal 0 0 1
    outer loop
      vertex 8.41421 37.0142 10.9
      vertex 9.05061 37.6506 10.9
      vertex 8.83974 37.8417 10.9
    endloop
  endfacet
  facet normal 0 0 1
    outer loop
      vertex 9.55757 36.967 10.9
      vertex 8.76384 36.5428 10.9
      vertex 8.84776 36.3654 10.9
    endloop
  endfacet
  facet normal 0 0 1
    outer loop
      vertex 9.41126 37.2112 10.9
      vertex 8.66294 36.7111 10.9
      vertex 8.76384 36.5428 10.9
    endloop
  endfacet
  facet normal 0 0 1
    outer loop
      vertex 8.26879 37.146 10.9
      vertex 8.83974 37.8417 10.9
      vertex 8.61115 38.0113 10.9
    endloop
  endfacet
  facet normal 0 0 1
    outer loop
      vertex 9.24173 37.4397 10.9
      vertex 8.54602 36.8688 10.9
      vertex 8.66294 36.7111 10.9
    endloop
  endfacet
  facet normal 0 0 1
    outer loop
      vertex 9.05061 37.6506 10.9
      vertex 8.41421 37.0142 10.9
      vertex 8.54602 36.8688 10.9
    endloop
  endfacet
  facet normal 0 0 1
    outer loop
      vertex 8.11114 37.2629 10.9
      vertex 8.61115 38.0113 10.9
      vertex 8.36705 38.1576 10.9
    endloop
  endfacet
  facet normal 0 0 1
    outer loop
      vertex 8.83974 37.8417 10.9
      vertex 8.26879 37.146 10.9
      vertex 8.41421 37.0142 10.9
    endloop
  endfacet
  facet normal 0 0 1
    outer loop
      vertex 8.61115 38.0113 10.9
      vertex 8.11114 37.2629 10.9
      vertex 8.26879 37.146 10.9
    endloop
  endfacet
  facet normal 0 0 1
    outer loop
      vertex 7.94279 37.3638 10.9
      vertex 8.36705 38.1576 10.9
      vertex 8.10978 38.2793 10.9
    endloop
  endfacet
  facet normal 0 0 1
    outer loop
      vertex 8.36705 38.1576 10.9
      vertex 7.94279 37.3638 10.9
      vertex 8.11114 37.2629 10.9
    endloop
  endfacet
  facet normal 0 0 1
    outer loop
      vertex 7.76537 37.4478 10.9
      vertex 8.10978 38.2793 10.9
      vertex 7.84183 38.3751 10.9
    endloop
  endfacet
  facet normal 0 0 1
    outer loop
      vertex 8.10978 38.2793 10.9
      vertex 7.76537 37.4478 10.9
      vertex 7.94279 37.3638 10.9
    endloop
  endfacet
  facet normal 0 0 1
    outer loop
      vertex 7.84183 38.3751 10.9
      vertex 7.58057 37.5139 10.9
      vertex 7.76537 37.4478 10.9
    endloop
  endfacet
  facet normal 0 0 1
    outer loop
      vertex 7.56576 38.4443 10.9
      vertex 7.58057 37.5139 10.9
      vertex 7.84183 38.3751 10.9
    endloop
  endfacet
  facet normal 0 0 1
    outer loop
      vertex 7.56576 38.4443 10.9
      vertex 7.39018 37.5616 10.9
      vertex 7.58057 37.5139 10.9
    endloop
  endfacet
  facet normal 0 0 1
    outer loop
      vertex 7.28425 38.486 10.9
      vertex 7.39018 37.5616 10.9
      vertex 7.56576 38.4443 10.9
    endloop
  endfacet
  facet normal 0 0 1
    outer loop
      vertex 7.28425 38.486 10.9
      vertex 7.19603 37.5904 10.9
      vertex 7.39018 37.5616 10.9
    endloop
  endfacet
  facet normal 0 0 1
    outer loop
      vertex 7 38.5 10.9
      vertex 7.19603 37.5904 10.9
      vertex 7.28425 38.486 10.9
    endloop
  endfacet
  facet normal 0 0 1
    outer loop
      vertex 7 38.5 10.9
      vertex 7 37.6 10.9
      vertex 7.19603 37.5904 10.9
    endloop
  endfacet
  facet normal 0 0 1
    outer loop
      vertex 7 38.5 10.9
      vertex 6.80397 37.5904 10.9
      vertex 7 37.6 10.9
    endloop
  endfacet
  facet normal -0 0 1
    outer loop
      vertex 6.71575 38.486 10.9
      vertex 6.80397 37.5904 10.9
      vertex 7 38.5 10.9
    endloop
  endfacet
  facet normal 0 0 1
    outer loop
      vertex 6.71575 38.486 10.9
      vertex 6.60982 37.5616 10.9
      vertex 6.80397 37.5904 10.9
    endloop
  endfacet
  facet normal -0 0 1
    outer loop
      vertex 6.43424 38.4443 10.9
      vertex 6.60982 37.5616 10.9
      vertex 6.71575 38.486 10.9
    endloop
  endfacet
  facet normal 0 0 1
    outer loop
      vertex 6.43424 38.4443 10.9
      vertex 6.41943 37.5139 10.9
      vertex 6.60982 37.5616 10.9
    endloop
  endfacet
  facet normal -0 0 1
    outer loop
      vertex 6.15817 38.3751 10.9
      vertex 6.41943 37.5139 10.9
      vertex 6.43424 38.4443 10.9
    endloop
  endfacet
  facet normal 0 0 1
    outer loop
      vertex 6.41943 37.5139 10.9
      vertex 6.15817 38.3751 10.9
      vertex 6.23463 37.4478 10.9
    endloop
  endfacet
  facet normal -0 0 1
    outer loop
      vertex 5.89022 38.2793 10.9
      vertex 6.23463 37.4478 10.9
      vertex 6.15817 38.3751 10.9
    endloop
  endfacet
  facet normal 0 0 1
    outer loop
      vertex 6.23463 37.4478 10.9
      vertex 5.89022 38.2793 10.9
      vertex 6.05721 37.3638 10.9
    endloop
  endfacet
  facet normal -0 0 1
    outer loop
      vertex 5.63295 38.1576 10.9
      vertex 6.05721 37.3638 10.9
      vertex 5.89022 38.2793 10.9
    endloop
  endfacet
  facet normal 0 0 1
    outer loop
      vertex 6.05721 37.3638 10.9
      vertex 5.63295 38.1576 10.9
      vertex 5.88886 37.2629 10.9
    endloop
  endfacet
  facet normal -0 0 1
    outer loop
      vertex 5.38885 38.0113 10.9
      vertex 5.88886 37.2629 10.9
      vertex 5.63295 38.1576 10.9
    endloop
  endfacet
  facet normal 0 0 1
    outer loop
      vertex 5.88886 37.2629 10.9
      vertex 5.38885 38.0113 10.9
      vertex 5.73121 37.146 10.9
    endloop
  endfacet
  facet normal -0 0 1
    outer loop
      vertex 5.16026 37.8417 10.9
      vertex 5.73121 37.146 10.9
      vertex 5.38885 38.0113 10.9
    endloop
  endfacet
  facet normal 0 0 1
    outer loop
      vertex 5.73121 37.146 10.9
      vertex 5.16026 37.8417 10.9
      vertex 5.58579 37.0142 10.9
    endloop
  endfacet
  facet normal -0 0 1
    outer loop
      vertex 4.94939 37.6506 10.9
      vertex 5.58579 37.0142 10.9
      vertex 5.16026 37.8417 10.9
    endloop
  endfacet
  facet normal 0 0 1
    outer loop
      vertex 5.58579 37.0142 10.9
      vertex 4.94939 37.6506 10.9
      vertex 5.45398 36.8688 10.9
    endloop
  endfacet
  facet normal -0 0 1
    outer loop
      vertex 4.75827 37.4397 10.9
      vertex 5.45398 36.8688 10.9
      vertex 4.94939 37.6506 10.9
    endloop
  endfacet
  facet normal 0 0 1
    outer loop
      vertex 5.45398 36.8688 10.9
      vertex 4.75827 37.4397 10.9
      vertex 5.33706 36.7111 10.9
    endloop
  endfacet
  facet normal -0 0 1
    outer loop
      vertex 4.58874 37.2112 10.9
      vertex 5.33706 36.7111 10.9
      vertex 4.75827 37.4397 10.9
    endloop
  endfacet
  facet normal 0 0 1
    outer loop
      vertex 5.33706 36.7111 10.9
      vertex 4.58874 37.2112 10.9
      vertex 5.23616 36.5428 10.9
    endloop
  endfacet
  facet normal -0 0 1
    outer loop
      vertex 4.44243 36.967 10.9
      vertex 5.23616 36.5428 10.9
      vertex 4.58874 37.2112 10.9
    endloop
  endfacet
  facet normal -0 0 1
    outer loop
      vertex 4.32075 36.7098 10.9
      vertex 5.15224 36.3654 10.9
      vertex 4.44243 36.967 10.9
    endloop
  endfacet
  facet normal 0 0 1
    outer loop
      vertex 5.23616 36.5428 10.9
      vertex 4.44243 36.967 10.9
      vertex 5.15224 36.3654 10.9
    endloop
  endfacet
  facet normal 0 0 1
    outer loop
      vertex 9.67925 34.4902 10.9
      vertex 8.84776 34.8346 10.9
      vertex 9.55757 34.2329 10.9
    endloop
  endfacet
  facet normal -0 0 1
    outer loop
      vertex 8.76384 34.6572 10.9
      vertex 9.55757 34.2329 10.9
      vertex 8.84776 34.8346 10.9
    endloop
  endfacet
  facet normal 0 0 1
    outer loop
      vertex 9.55757 34.2329 10.9
      vertex 8.76384 34.6572 10.9
      vertex 9.41126 33.9888 10.9
    endloop
  endfacet
  facet normal -0 0 1
    outer loop
      vertex 8.66294 34.4889 10.9
      vertex 9.41126 33.9888 10.9
      vertex 8.76384 34.6572 10.9
    endloop
  endfacet
  facet normal 0 0 1
    outer loop
      vertex 9.41126 33.9888 10.9
      vertex 8.66294 34.4889 10.9
      vertex 9.24173 33.7603 10.9
    endloop
  endfacet
  facet normal -0 0 1
    outer loop
      vertex 8.54602 34.3312 10.9
      vertex 9.24173 33.7603 10.9
      vertex 8.66294 34.4889 10.9
    endloop
  endfacet
  facet normal 0 0 1
    outer loop
      vertex 9.24173 33.7603 10.9
      vertex 8.54602 34.3312 10.9
      vertex 9.05061 33.5494 10.9
    endloop
  endfacet
  facet normal -0 0 1
    outer loop
      vertex 8.41421 34.1858 10.9
      vertex 9.05061 33.5494 10.9
      vertex 8.54602 34.3312 10.9
    endloop
  endfacet
  facet normal 0 0 1
    outer loop
      vertex 9.05061 33.5494 10.9
      vertex 8.41421 34.1858 10.9
      vertex 8.83974 33.3583 10.9
    endloop
  endfacet
  facet normal -0 0 1
    outer loop
      vertex 8.26879 34.054 10.9
      vertex 8.83974 33.3583 10.9
      vertex 8.41421 34.1858 10.9
    endloop
  endfacet
  facet normal 0 0 1
    outer loop
      vertex 8.83974 33.3583 10.9
      vertex 8.26879 34.054 10.9
      vertex 8.61115 33.1887 10.9
    endloop
  endfacet
  facet normal -0 0 1
    outer loop
      vertex 8.11114 33.9371 10.9
      vertex 8.61115 33.1887 10.9
      vertex 8.26879 34.054 10.9
    endloop
  endfacet
  facet normal 0 0 1
    outer loop
      vertex 8.61115 33.1887 10.9
      vertex 8.11114 33.9371 10.9
      vertex 8.36705 33.0424 10.9
    endloop
  endfacet
  facet normal -0 0 1
    outer loop
      vertex 7.94279 33.8362 10.9
      vertex 8.36705 33.0424 10.9
      vertex 8.11114 33.9371 10.9
    endloop
  endfacet
  facet normal 0 0 1
    outer loop
      vertex 8.36705 33.0424 10.9
      vertex 7.94279 33.8362 10.9
      vertex 8.10978 32.9207 10.9
    endloop
  endfacet
  facet normal -0 0 1
    outer loop
      vertex 7.76537 33.7522 10.9
      vertex 8.10978 32.9207 10.9
      vertex 7.94279 33.8362 10.9
    endloop
  endfacet
  facet normal 0 0 1
    outer loop
      vertex 8.10978 32.9207 10.9
      vertex 7.76537 33.7522 10.9
      vertex 7.84183 32.8249 10.9
    endloop
  endfacet
  facet normal -0 0 1
    outer loop
      vertex 7.58057 33.6861 10.9
      vertex 7.84183 32.8249 10.9
      vertex 7.76537 33.7522 10.9
    endloop
  endfacet
  facet normal 0 0 1
    outer loop
      vertex 7.58057 33.6861 10.9
      vertex 7.56576 32.7557 10.9
      vertex 7.84183 32.8249 10.9
    endloop
  endfacet
  facet normal -0 0 1
    outer loop
      vertex 7.39018 33.6384 10.9
      vertex 7.56576 32.7557 10.9
      vertex 7.58057 33.6861 10.9
    endloop
  endfacet
  facet normal 0 0 1
    outer loop
      vertex 7.39018 33.6384 10.9
      vertex 7.28425 32.714 10.9
      vertex 7.56576 32.7557 10.9
    endloop
  endfacet
  facet normal -0 0 1
    outer loop
      vertex 7.19603 33.6096 10.9
      vertex 7.28425 32.714 10.9
      vertex 7.39018 33.6384 10.9
    endloop
  endfacet
  facet normal -0 0 1
    outer loop
      vertex 7 33.6 10.9
      vertex 7.28425 32.714 10.9
      vertex 7.19603 33.6096 10.9
    endloop
  endfacet
  facet normal 0 0 1
    outer loop
      vertex 7 33.6 10.9
      vertex 7 32.7 10.9
      vertex 7.28425 32.714 10.9
    endloop
  endfacet
  facet normal 0 0 1
    outer loop
      vertex 6.80397 33.6096 10.9
      vertex 7 32.7 10.9
      vertex 7 33.6 10.9
    endloop
  endfacet
  facet normal 0 0 1
    outer loop
      vertex 6.80397 33.6096 10.9
      vertex 6.71575 32.714 10.9
      vertex 7 32.7 10.9
    endloop
  endfacet
  facet normal 0 0 1
    outer loop
      vertex 6.60982 33.6384 10.9
      vertex 6.71575 32.714 10.9
      vertex 6.80397 33.6096 10.9
    endloop
  endfacet
  facet normal 0 0 1
    outer loop
      vertex 6.60982 33.6384 10.9
      vertex 6.43424 32.7557 10.9
      vertex 6.71575 32.714 10.9
    endloop
  endfacet
  facet normal 0 0 1
    outer loop
      vertex 6.41943 33.6861 10.9
      vertex 6.43424 32.7557 10.9
      vertex 6.60982 33.6384 10.9
    endloop
  endfacet
  facet normal 0 0 1
    outer loop
      vertex 6.15817 32.8249 10.9
      vertex 6.41943 33.6861 10.9
      vertex 6.23463 33.7522 10.9
    endloop
  endfacet
  facet normal 0 0 1
    outer loop
      vertex 6.41943 33.6861 10.9
      vertex 6.15817 32.8249 10.9
      vertex 6.43424 32.7557 10.9
    endloop
  endfacet
  facet normal 0 0 1
    outer loop
      vertex 5.89022 32.9207 10.9
      vertex 6.23463 33.7522 10.9
      vertex 6.05721 33.8362 10.9
    endloop
  endfacet
  facet normal 0 0 1
    outer loop
      vertex 6.23463 33.7522 10.9
      vertex 5.89022 32.9207 10.9
      vertex 6.15817 32.8249 10.9
    endloop
  endfacet
  facet normal 0 0 1
    outer loop
      vertex 5.63295 33.0424 10.9
      vertex 6.05721 33.8362 10.9
      vertex 5.88886 33.9371 10.9
    endloop
  endfacet
  facet normal 0 0 1
    outer loop
      vertex 5.38885 33.1887 10.9
      vertex 5.88886 33.9371 10.9
      vertex 5.73121 34.054 10.9
    endloop
  endfacet
  facet normal 0 0 1
    outer loop
      vertex 6.05721 33.8362 10.9
      vertex 5.63295 33.0424 10.9
      vertex 5.89022 32.9207 10.9
    endloop
  endfacet
  facet normal 0 0 1
    outer loop
      vertex 5.16026 33.3583 10.9
      vertex 5.73121 34.054 10.9
      vertex 5.58579 34.1858 10.9
    endloop
  endfacet
  facet normal 0 0 1
    outer loop
      vertex 4.94939 33.5494 10.9
      vertex 5.58579 34.1858 10.9
      vertex 5.45398 34.3312 10.9
    endloop
  endfacet
  facet normal 0 0 1
    outer loop
      vertex 5.88886 33.9371 10.9
      vertex 5.38885 33.1887 10.9
      vertex 5.63295 33.0424 10.9
    endloop
  endfacet
  facet normal 0 0 1
    outer loop
      vertex 4.75827 33.7603 10.9
      vertex 5.45398 34.3312 10.9
      vertex 5.33706 34.4889 10.9
    endloop
  endfacet
  facet normal 0 0 1
    outer loop
      vertex 4.58874 33.9888 10.9
      vertex 5.33706 34.4889 10.9
      vertex 5.23616 34.6572 10.9
    endloop
  endfacet
  facet normal 0 0 1
    outer loop
      vertex 5.73121 34.054 10.9
      vertex 5.16026 33.3583 10.9
      vertex 5.38885 33.1887 10.9
    endloop
  endfacet
  facet normal 0 0 1
    outer loop
      vertex 4.44243 34.2329 10.9
      vertex 5.23616 34.6572 10.9
      vertex 5.15224 34.8346 10.9
    endloop
  endfacet
  facet normal 0 0 1
    outer loop
      vertex 4.32075 34.4902 10.9
      vertex 5.15224 34.8346 10.9
      vertex 5.08612 35.0194 10.9
    endloop
  endfacet
  facet normal 0 0 1
    outer loop
      vertex 4.22487 34.7582 10.9
      vertex 5.08612 35.0194 10.9
      vertex 5.03843 35.2098 10.9
    endloop
  endfacet
  facet normal 0 0 1
    outer loop
      vertex 4.15572 35.0342 10.9
      vertex 5.03843 35.2098 10.9
      vertex 5.00963 35.404 10.9
    endloop
  endfacet
  facet normal 0 0 1
    outer loop
      vertex 5.58579 34.1858 10.9
      vertex 4.94939 33.5494 10.9
      vertex 5.16026 33.3583 10.9
    endloop
  endfacet
  facet normal 0 0 1
    outer loop
      vertex 4.11397 35.3158 10.9
      vertex 5.00963 35.404 10.9
      vertex 5 35.6 10.9
    endloop
  endfacet
  facet normal 0 0 1
    outer loop
      vertex 5.15224 36.3654 10.9
      vertex 4.32075 36.7098 10.9
      vertex 5.08612 36.1806 10.9
    endloop
  endfacet
  facet normal -0 0 1
    outer loop
      vertex 4.22487 36.4418 10.9
      vertex 5.08612 36.1806 10.9
      vertex 4.32075 36.7098 10.9
    endloop
  endfacet
  facet normal 0 0 1
    outer loop
      vertex 5.45398 34.3312 10.9
      vertex 4.75827 33.7603 10.9
      vertex 4.94939 33.5494 10.9
    endloop
  endfacet
  facet normal 0 0 1
    outer loop
      vertex 5.08612 36.1806 10.9
      vertex 4.22487 36.4418 10.9
      vertex 5.03843 35.9902 10.9
    endloop
  endfacet
  facet normal 0 0 1
    outer loop
      vertex 5.33706 34.4889 10.9
      vertex 4.58874 33.9888 10.9
      vertex 4.75827 33.7603 10.9
    endloop
  endfacet
  facet normal -0 0 1
    outer loop
      vertex 4.15572 36.1658 10.9
      vertex 5.03843 35.9902 10.9
      vertex 4.22487 36.4418 10.9
    endloop
  endfacet
  facet normal 0 0 1
    outer loop
      vertex 5.23616 34.6572 10.9
      vertex 4.44243 34.2329 10.9
      vertex 4.58874 33.9888 10.9
    endloop
  endfacet
  facet normal 0 0 1
    outer loop
      vertex 5.03843 35.9902 10.9
      vertex 4.15572 36.1658 10.9
      vertex 5.00963 35.796 10.9
    endloop
  endfacet
  facet normal 0 0 1
    outer loop
      vertex 5.15224 34.8346 10.9
      vertex 4.32075 34.4902 10.9
      vertex 4.44243 34.2329 10.9
    endloop
  endfacet
  facet normal -0 0 1
    outer loop
      vertex 4.11397 35.8843 10.9
      vertex 5.00963 35.796 10.9
      vertex 4.15572 36.1658 10.9
    endloop
  endfacet
  facet normal 0 0 1
    outer loop
      vertex 5.08612 35.0194 10.9
      vertex 4.22487 34.7582 10.9
      vertex 4.32075 34.4902 10.9
    endloop
  endfacet
  facet normal 0 0 1
    outer loop
      vertex 5.00963 35.796 10.9
      vertex 4.11397 35.8843 10.9
      vertex 5 35.6 10.9
    endloop
  endfacet
  facet normal 0 0 1
    outer loop
      vertex 5.03843 35.2098 10.9
      vertex 4.15572 35.0342 10.9
      vertex 4.22487 34.7582 10.9
    endloop
  endfacet
  facet normal 0 0 1
    outer loop
      vertex 4.1 35.6 10.9
      vertex 5 35.6 10.9
      vertex 4.11397 35.8843 10.9
    endloop
  endfacet
  facet normal 0 0 1
    outer loop
      vertex 5.00963 35.404 10.9
      vertex 4.11397 35.3158 10.9
      vertex 4.15572 35.0342 10.9
    endloop
  endfacet
  facet normal 0 0 1
    outer loop
      vertex 5 35.6 10.9
      vertex 4.1 35.6 10.9
      vertex 4.11397 35.3158 10.9
    endloop
  endfacet
  facet normal -0.857818 0.513953 0
    outer loop
      vertex 4.44243 36.967 1.2
      vertex 4.58874 37.2112 10.9
      vertex 4.58874 37.2112 1.2
    endloop
  endfacet
  facet normal -0.857818 0.513953 0
    outer loop
      vertex 4.58874 37.2112 10.9
      vertex 4.44243 36.967 1.2
      vertex 4.44243 36.967 10.9
    endloop
  endfacet
  facet normal -0.0489135 -0.998803 0
    outer loop
      vertex 7 37.6 7.3
      vertex 7.19603 37.5904 10.9
      vertex 7 37.6 10.9
    endloop
  endfacet
  facet normal -0.0489135 -0.998803 -0
    outer loop
      vertex 7.19603 37.5904 10.9
      vertex 7 37.6 7.3
      vertex 7.19603 37.5904 7.3
    endloop
  endfacet
  facet normal -0.989182 -0.146696 0
    outer loop
      vertex 8.99037 35.796 7.3
      vertex 8.96157 35.9902 10.9
      vertex 8.96157 35.9902 7.3
    endloop
  endfacet
  facet normal -0.989182 -0.146696 0
    outer loop
      vertex 8.96157 35.9902 10.9
      vertex 8.99037 35.796 7.3
      vertex 8.99037 35.796 10.9
    endloop
  endfacet
  facet normal -0.740882 0.671635 0
    outer loop
      vertex 8.41421 34.1858 7.3
      vertex 8.54602 34.3312 10.9
      vertex 8.54602 34.3312 7.3
    endloop
  endfacet
  facet normal -0.740882 0.671635 0
    outer loop
      vertex 8.54602 34.3312 10.9
      vertex 8.41421 34.1858 7.3
      vertex 8.41421 34.1858 10.9
    endloop
  endfacet
  facet normal -0.740882 -0.671635 0
    outer loop
      vertex 8.54602 36.8688 7.3
      vertex 8.41421 37.0142 10.9
      vertex 8.41421 37.0142 7.3
    endloop
  endfacet
  facet normal -0.740882 -0.671635 0
    outer loop
      vertex 8.41421 37.0142 10.9
      vertex 8.54602 36.8688 7.3
      vertex 8.54602 36.8688 10.9
    endloop
  endfacet
  facet normal -0.146733 0.989176 0
    outer loop
      vertex 7.39018 33.6384 7.3
      vertex 7.19603 33.6096 10.9
      vertex 7.39018 33.6384 10.9
    endloop
  endfacet
  facet normal -0.146733 0.989176 0
    outer loop
      vertex 7.19603 33.6096 10.9
      vertex 7.39018 33.6384 7.3
      vertex 7.19603 33.6096 7.3
    endloop
  endfacet
  facet normal -0.803301 0.595573 0
    outer loop
      vertex 8.54602 34.3312 7.3
      vertex 8.66294 34.4889 10.9
      vertex 8.66294 34.4889 7.3
    endloop
  endfacet
  facet normal -0.803301 0.595573 0
    outer loop
      vertex 8.66294 34.4889 10.9
      vertex 8.54602 34.3312 7.3
      vertex 8.54602 34.3312 10.9
    endloop
  endfacet
  facet normal -0.514084 0.85774 0
    outer loop
      vertex 8.11114 33.9371 7.3
      vertex 7.94279 33.8362 10.9
      vertex 8.11114 33.9371 10.9
    endloop
  endfacet
  facet normal -0.514084 0.85774 0
    outer loop
      vertex 7.94279 33.8362 10.9
      vertex 8.11114 33.9371 7.3
      vertex 7.94279 33.8362 7.3
    endloop
  endfacet
  facet normal 0.998795 -0.0490735 0
    outer loop
      vertex 5 35.6 10.9
      vertex 5.00963 35.796 7.3
      vertex 5.00963 35.796 10.9
    endloop
  endfacet
  facet normal 0.998795 -0.0490735 0
    outer loop
      vertex 5.00963 35.796 7.3
      vertex 5 35.6 10.9
      vertex 5 35.6 7.3
    endloop
  endfacet
  facet normal 0.941548 0.336879 0
    outer loop
      vertex 5.15224 34.8346 10.9
      vertex 5.08612 35.0194 7.3
      vertex 5.08612 35.0194 10.9
    endloop
  endfacet
  facet normal 0.941548 0.336879 0
    outer loop
      vertex 5.08612 35.0194 7.3
      vertex 5.15224 34.8346 10.9
      vertex 5.15224 34.8346 7.3
    endloop
  endfacet
  facet normal 0.514084 0.85774 -0
    outer loop
      vertex 6.05721 33.8362 7.3
      vertex 5.88886 33.9371 10.9
      vertex 6.05721 33.8362 10.9
    endloop
  endfacet
  facet normal 0.514084 0.85774 0
    outer loop
      vertex 5.88886 33.9371 10.9
      vertex 6.05721 33.8362 7.3
      vertex 5.88886 33.9371 7.3
    endloop
  endfacet
  facet normal -0.941548 -0.336879 0
    outer loop
      vertex 8.91388 36.1806 7.3
      vertex 8.84776 36.3654 10.9
      vertex 8.84776 36.3654 7.3
    endloop
  endfacet
  facet normal -0.941548 -0.336879 0
    outer loop
      vertex 8.84776 36.3654 10.9
      vertex 8.91388 36.1806 7.3
      vertex 8.91388 36.1806 10.9
    endloop
  endfacet
  facet normal 0.970035 0.242967 0
    outer loop
      vertex 5.08612 35.0194 10.9
      vertex 5.03843 35.2098 7.3
      vertex 5.03843 35.2098 10.9
    endloop
  endfacet
  facet normal 0.970035 0.242967 0
    outer loop
      vertex 5.03843 35.2098 7.3
      vertex 5.08612 35.0194 10.9
      vertex 5.08612 35.0194 7.3
    endloop
  endfacet
  facet normal 0.857673 -0.514196 0
    outer loop
      vertex 5.23616 36.5428 10.9
      vertex 5.33706 36.7111 7.3
      vertex 5.33706 36.7111 10.9
    endloop
  endfacet
  facet normal 0.857673 -0.514196 0
    outer loop
      vertex 5.33706 36.7111 7.3
      vertex 5.23616 36.5428 10.9
      vertex 5.23616 36.5428 7.3
    endloop
  endfacet
  facet normal -0.336788 -0.94158 0
    outer loop
      vertex 7.58057 37.5139 7.3
      vertex 7.76537 37.4478 10.9
      vertex 7.58057 37.5139 10.9
    endloop
  endfacet
  facet normal -0.336788 -0.94158 -0
    outer loop
      vertex 7.76537 37.4478 10.9
      vertex 7.58057 37.5139 7.3
      vertex 7.76537 37.4478 7.3
    endloop
  endfacet
  facet normal -0.59563 0.803259 0
    outer loop
      vertex 8.26879 34.054 7.3
      vertex 8.11114 33.9371 10.9
      vertex 8.26879 34.054 10.9
    endloop
  endfacet
  facet normal -0.59563 0.803259 0
    outer loop
      vertex 8.11114 33.9371 10.9
      vertex 8.26879 34.054 7.3
      vertex 8.11114 33.9371 7.3
    endloop
  endfacet
  facet normal -0.989182 0.146696 0
    outer loop
      vertex 8.96157 35.2098 7.3
      vertex 8.99037 35.404 10.9
      vertex 8.99037 35.404 7.3
    endloop
  endfacet
  facet normal -0.989182 0.146696 0
    outer loop
      vertex 8.99037 35.404 10.9
      vertex 8.96157 35.2098 7.3
      vertex 8.96157 35.2098 10.9
    endloop
  endfacet
  facet normal 0.803301 0.595573 0
    outer loop
      vertex 5.45398 34.3312 10.9
      vertex 5.33706 34.4889 7.3
      vertex 5.33706 34.4889 10.9
    endloop
  endfacet
  facet normal 0.803301 0.595573 0
    outer loop
      vertex 5.33706 34.4889 7.3
      vertex 5.45398 34.3312 10.9
      vertex 5.45398 34.3312 7.3
    endloop
  endfacet
  facet normal -0.903958 0.427622 0
    outer loop
      vertex 8.76384 34.6572 7.3
      vertex 8.84776 34.8346 10.9
      vertex 8.84776 34.8346 7.3
    endloop
  endfacet
  facet normal -0.903958 0.427622 0
    outer loop
      vertex 8.84776 34.8346 10.9
      vertex 8.76384 34.6572 7.3
      vertex 8.76384 34.6572 10.9
    endloop
  endfacet
  facet normal 0.970035 -0.242967 0
    outer loop
      vertex 5.03843 35.9902 10.9
      vertex 5.08612 36.1806 7.3
      vertex 5.08612 36.1806 10.9
    endloop
  endfacet
  facet normal 0.970035 -0.242967 0
    outer loop
      vertex 5.08612 36.1806 7.3
      vertex 5.03843 35.9902 10.9
      vertex 5.03843 35.9902 7.3
    endloop
  endfacet
  facet normal -0.998795 -0.0490735 0
    outer loop
      vertex 9 35.6 7.3
      vertex 8.99037 35.796 10.9
      vertex 8.99037 35.796 7.3
    endloop
  endfacet
  facet normal -0.998795 -0.0490735 0
    outer loop
      vertex 8.99037 35.796 10.9
      vertex 9 35.6 7.3
      vertex 9 35.6 10.9
    endloop
  endfacet
  facet normal 0.941548 -0.336879 0
    outer loop
      vertex 5.08612 36.1806 10.9
      vertex 5.15224 36.3654 7.3
      vertex 5.15224 36.3654 10.9
    endloop
  endfacet
  facet normal 0.941548 -0.336879 0
    outer loop
      vertex 5.15224 36.3654 7.3
      vertex 5.08612 36.1806 10.9
      vertex 5.08612 36.1806 7.3
    endloop
  endfacet
  facet normal -0.970035 -0.242967 0
    outer loop
      vertex 8.96157 35.9902 7.3
      vertex 8.91388 36.1806 10.9
      vertex 8.91388 36.1806 7.3
    endloop
  endfacet
  facet normal -0.970035 -0.242967 0
    outer loop
      vertex 8.91388 36.1806 10.9
      vertex 8.96157 35.9902 7.3
      vertex 8.96157 35.9902 10.9
    endloop
  endfacet
  facet normal 0.0489135 -0.998803 0
    outer loop
      vertex 6.80397 37.5904 7.3
      vertex 7 37.6 10.9
      vertex 6.80397 37.5904 10.9
    endloop
  endfacet
  facet normal 0.0489135 -0.998803 0
    outer loop
      vertex 7 37.6 10.9
      vertex 6.80397 37.5904 7.3
      vertex 7 37.6 7.3
    endloop
  endfacet
  facet normal 0.146733 -0.989176 0
    outer loop
      vertex 6.60982 37.5616 7.3
      vertex 6.80397 37.5904 10.9
      vertex 6.60982 37.5616 10.9
    endloop
  endfacet
  facet normal 0.146733 -0.989176 0
    outer loop
      vertex 6.80397 37.5904 10.9
      vertex 6.60982 37.5616 7.3
      vertex 6.80397 37.5904 7.3
    endloop
  endfacet
  facet normal -0.671556 0.740954 0
    outer loop
      vertex 8.41421 34.1858 7.3
      vertex 8.26879 34.054 10.9
      vertex 8.41421 34.1858 10.9
    endloop
  endfacet
  facet normal -0.671556 0.740954 0
    outer loop
      vertex 8.26879 34.054 10.9
      vertex 8.41421 34.1858 7.3
      vertex 8.26879 34.054 7.3
    endloop
  endfacet
  facet normal -0.514084 -0.85774 0
    outer loop
      vertex 7.94279 37.3638 7.3
      vertex 8.11114 37.2629 10.9
      vertex 7.94279 37.3638 10.9
    endloop
  endfacet
  facet normal -0.514084 -0.85774 -0
    outer loop
      vertex 8.11114 37.2629 10.9
      vertex 7.94279 37.3638 7.3
      vertex 8.11114 37.2629 7.3
    endloop
  endfacet
  facet normal -0.903958 -0.427622 0
    outer loop
      vertex 8.84776 36.3654 7.3
      vertex 8.76384 36.5428 10.9
      vertex 8.76384 36.5428 7.3
    endloop
  endfacet
  facet normal -0.903958 -0.427622 0
    outer loop
      vertex 8.76384 36.5428 10.9
      vertex 8.84776 36.3654 7.3
      vertex 8.84776 36.3654 10.9
    endloop
  endfacet
  facet normal 0.989182 -0.146696 0
    outer loop
      vertex 5.00963 35.796 10.9
      vertex 5.03843 35.9902 7.3
      vertex 5.03843 35.9902 10.9
    endloop
  endfacet
  facet normal 0.989182 -0.146696 0
    outer loop
      vertex 5.03843 35.9902 7.3
      vertex 5.00963 35.796 10.9
      vertex 5.00963 35.796 7.3
    endloop
  endfacet
  facet normal 0.243027 -0.970019 0
    outer loop
      vertex 6.41943 37.5139 7.3
      vertex 6.60982 37.5616 10.9
      vertex 6.41943 37.5139 10.9
    endloop
  endfacet
  facet normal 0.243027 -0.970019 0
    outer loop
      vertex 6.60982 37.5616 10.9
      vertex 6.41943 37.5139 7.3
      vertex 6.60982 37.5616 7.3
    endloop
  endfacet
  facet normal 0.740882 0.671635 0
    outer loop
      vertex 5.58579 34.1858 10.9
      vertex 5.45398 34.3312 7.3
      vertex 5.45398 34.3312 10.9
    endloop
  endfacet
  facet normal 0.740882 0.671635 0
    outer loop
      vertex 5.45398 34.3312 7.3
      vertex 5.58579 34.1858 10.9
      vertex 5.58579 34.1858 7.3
    endloop
  endfacet
  facet normal 0.740882 -0.671635 0
    outer loop
      vertex 5.45398 36.8688 10.9
      vertex 5.58579 37.0142 7.3
      vertex 5.58579 37.0142 10.9
    endloop
  endfacet
  facet normal 0.740882 -0.671635 0
    outer loop
      vertex 5.58579 37.0142 7.3
      vertex 5.45398 36.8688 10.9
      vertex 5.45398 36.8688 7.3
    endloop
  endfacet
  facet normal 0.671556 0.740954 -0
    outer loop
      vertex 5.73121 34.054 7.3
      vertex 5.58579 34.1858 10.9
      vertex 5.73121 34.054 10.9
    endloop
  endfacet
  facet normal 0.671556 0.740954 0
    outer loop
      vertex 5.58579 34.1858 10.9
      vertex 5.73121 34.054 7.3
      vertex 5.58579 34.1858 7.3
    endloop
  endfacet
  facet normal -0.243027 -0.970019 0
    outer loop
      vertex 7.39018 37.5616 7.3
      vertex 7.58057 37.5139 10.9
      vertex 7.39018 37.5616 10.9
    endloop
  endfacet
  facet normal -0.243027 -0.970019 -0
    outer loop
      vertex 7.58057 37.5139 10.9
      vertex 7.39018 37.5616 7.3
      vertex 7.58057 37.5139 7.3
    endloop
  endfacet
  facet normal 0.0489135 0.998803 -0
    outer loop
      vertex 7 33.6 7.3
      vertex 6.80397 33.6096 10.9
      vertex 7 33.6 10.9
    endloop
  endfacet
  facet normal 0.0489135 0.998803 0
    outer loop
      vertex 6.80397 33.6096 10.9
      vertex 7 33.6 7.3
      vertex 6.80397 33.6096 7.3
    endloop
  endfacet
  facet normal 0.671556 -0.740954 0
    outer loop
      vertex 5.58579 37.0142 7.3
      vertex 5.73121 37.146 10.9
      vertex 5.58579 37.0142 10.9
    endloop
  endfacet
  facet normal 0.671556 -0.740954 0
    outer loop
      vertex 5.73121 37.146 10.9
      vertex 5.58579 37.0142 7.3
      vertex 5.73121 37.146 7.3
    endloop
  endfacet
  facet normal -0.998795 0.0490735 0
    outer loop
      vertex 8.99037 35.404 7.3
      vertex 9 35.6 10.9
      vertex 9 35.6 7.3
    endloop
  endfacet
  facet normal -0.998795 0.0490735 0
    outer loop
      vertex 9 35.6 10.9
      vertex 8.99037 35.404 7.3
      vertex 8.99037 35.404 10.9
    endloop
  endfacet
  facet normal -0.243027 0.970019 0
    outer loop
      vertex 7.58057 33.6861 7.3
      vertex 7.39018 33.6384 10.9
      vertex 7.58057 33.6861 10.9
    endloop
  endfacet
  facet normal -0.243027 0.970019 0
    outer loop
      vertex 7.39018 33.6384 10.9
      vertex 7.58057 33.6861 7.3
      vertex 7.39018 33.6384 7.3
    endloop
  endfacet
  facet normal -0.427916 -0.903819 0
    outer loop
      vertex 7.76537 37.4478 7.3
      vertex 7.94279 37.3638 10.9
      vertex 7.76537 37.4478 10.9
    endloop
  endfacet
  facet normal -0.427916 -0.903819 -0
    outer loop
      vertex 7.94279 37.3638 10.9
      vertex 7.76537 37.4478 7.3
      vertex 7.94279 37.3638 7.3
    endloop
  endfacet
  facet normal -0.857673 0.514196 0
    outer loop
      vertex 8.66294 34.4889 7.3
      vertex 8.76384 34.6572 10.9
      vertex 8.76384 34.6572 7.3
    endloop
  endfacet
  facet normal -0.857673 0.514196 0
    outer loop
      vertex 8.76384 34.6572 10.9
      vertex 8.66294 34.4889 7.3
      vertex 8.66294 34.4889 10.9
    endloop
  endfacet
  facet normal 0.146733 0.989176 -0
    outer loop
      vertex 6.80397 33.6096 7.3
      vertex 6.60982 33.6384 10.9
      vertex 6.80397 33.6096 10.9
    endloop
  endfacet
  facet normal 0.146733 0.989176 0
    outer loop
      vertex 6.60982 33.6384 10.9
      vertex 6.80397 33.6096 7.3
      vertex 6.60982 33.6384 7.3
    endloop
  endfacet
  facet normal -0.146733 -0.989176 0
    outer loop
      vertex 7.19603 37.5904 7.3
      vertex 7.39018 37.5616 10.9
      vertex 7.19603 37.5904 10.9
    endloop
  endfacet
  facet normal -0.146733 -0.989176 -0
    outer loop
      vertex 7.39018 37.5616 10.9
      vertex 7.19603 37.5904 7.3
      vertex 7.39018 37.5616 7.3
    endloop
  endfacet
  facet normal 0.998795 0.0490735 0
    outer loop
      vertex 5.00963 35.404 10.9
      vertex 5 35.6 7.3
      vertex 5 35.6 10.9
    endloop
  endfacet
  facet normal 0.998795 0.0490735 0
    outer loop
      vertex 5 35.6 7.3
      vertex 5.00963 35.404 10.9
      vertex 5.00963 35.404 7.3
    endloop
  endfacet
  facet normal -0.0489135 0.998803 0
    outer loop
      vertex 7.19603 33.6096 7.3
      vertex 7 33.6 10.9
      vertex 7.19603 33.6096 10.9
    endloop
  endfacet
  facet normal -0.0489135 0.998803 0
    outer loop
      vertex 7 33.6 10.9
      vertex 7.19603 33.6096 7.3
      vertex 7 33.6 7.3
    endloop
  endfacet
  facet normal -0.59563 -0.803259 0
    outer loop
      vertex 8.11114 37.2629 7.3
      vertex 8.26879 37.146 10.9
      vertex 8.11114 37.2629 10.9
    endloop
  endfacet
  facet normal -0.59563 -0.803259 -0
    outer loop
      vertex 8.26879 37.146 10.9
      vertex 8.11114 37.2629 7.3
      vertex 8.26879 37.146 7.3
    endloop
  endfacet
  facet normal -0.803301 -0.595573 0
    outer loop
      vertex 8.66294 36.7111 7.3
      vertex 8.54602 36.8688 10.9
      vertex 8.54602 36.8688 7.3
    endloop
  endfacet
  facet normal -0.803301 -0.595573 0
    outer loop
      vertex 8.54602 36.8688 10.9
      vertex 8.66294 36.7111 7.3
      vertex 8.66294 36.7111 10.9
    endloop
  endfacet
  facet normal 0.857673 0.514196 0
    outer loop
      vertex 5.33706 34.4889 10.9
      vertex 5.23616 34.6572 7.3
      vertex 5.23616 34.6572 10.9
    endloop
  endfacet
  facet normal 0.857673 0.514196 0
    outer loop
      vertex 5.23616 34.6572 7.3
      vertex 5.33706 34.4889 10.9
      vertex 5.33706 34.4889 7.3
    endloop
  endfacet
  facet normal 0.903958 0.427622 0
    outer loop
      vertex 5.23616 34.6572 10.9
      vertex 5.15224 34.8346 7.3
      vertex 5.15224 34.8346 10.9
    endloop
  endfacet
  facet normal 0.903958 0.427622 0
    outer loop
      vertex 5.15224 34.8346 7.3
      vertex 5.23616 34.6572 10.9
      vertex 5.23616 34.6572 7.3
    endloop
  endfacet
  facet normal 0 0 1
    outer loop
      vertex 8.99037 35.796 7.3
      vertex 8.99037 35.404 7.3
      vertex 9 35.6 7.3
    endloop
  endfacet
  facet normal 0 0 1
    outer loop
      vertex 8.96157 35.9902 7.3
      vertex 8.99037 35.404 7.3
      vertex 8.99037 35.796 7.3
    endloop
  endfacet
  facet normal 0 0 1
    outer loop
      vertex 8.96157 35.9902 7.3
      vertex 8.96157 35.2098 7.3
      vertex 8.99037 35.404 7.3
    endloop
  endfacet
  facet normal 0 0 1
    outer loop
      vertex 8.91388 36.1806 7.3
      vertex 8.96157 35.2098 7.3
      vertex 8.96157 35.9902 7.3
    endloop
  endfacet
  facet normal 0 0 1
    outer loop
      vertex 8.91388 36.1806 7.3
      vertex 8.91388 35.0194 7.3
      vertex 8.96157 35.2098 7.3
    endloop
  endfacet
  facet normal 0 0 1
    outer loop
      vertex 8.84776 36.3654 7.3
      vertex 8.91388 35.0194 7.3
      vertex 8.91388 36.1806 7.3
    endloop
  endfacet
  facet normal 0 0 1
    outer loop
      vertex 8.84776 36.3654 7.3
      vertex 8.84776 34.8346 7.3
      vertex 8.91388 35.0194 7.3
    endloop
  endfacet
  facet normal 0 0 1
    outer loop
      vertex 8.76384 36.5428 7.3
      vertex 8.84776 34.8346 7.3
      vertex 8.84776 36.3654 7.3
    endloop
  endfacet
  facet normal 0 0 1
    outer loop
      vertex 8.76384 36.5428 7.3
      vertex 8.76384 34.6572 7.3
      vertex 8.84776 34.8346 7.3
    endloop
  endfacet
  facet normal 0 0 1
    outer loop
      vertex 8.66294 36.7111 7.3
      vertex 8.76384 34.6572 7.3
      vertex 8.76384 36.5428 7.3
    endloop
  endfacet
  facet normal 0 0 1
    outer loop
      vertex 8.66294 36.7111 7.3
      vertex 8.66294 34.4889 7.3
      vertex 8.76384 34.6572 7.3
    endloop
  endfacet
  facet normal 0 0 1
    outer loop
      vertex 8.54602 36.8688 7.3
      vertex 8.66294 34.4889 7.3
      vertex 8.66294 36.7111 7.3
    endloop
  endfacet
  facet normal 0 0 1
    outer loop
      vertex 8.54602 36.8688 7.3
      vertex 8.54602 34.3312 7.3
      vertex 8.66294 34.4889 7.3
    endloop
  endfacet
  facet normal 0 0 1
    outer loop
      vertex 8.41421 37.0142 7.3
      vertex 8.54602 34.3312 7.3
      vertex 8.54602 36.8688 7.3
    endloop
  endfacet
  facet normal 0 0 1
    outer loop
      vertex 8.41421 37.0142 7.3
      vertex 8.41421 34.1858 7.3
      vertex 8.54602 34.3312 7.3
    endloop
  endfacet
  facet normal 0 0 1
    outer loop
      vertex 8.26879 37.146 7.3
      vertex 8.41421 34.1858 7.3
      vertex 8.41421 37.0142 7.3
    endloop
  endfacet
  facet normal 0 0 1
    outer loop
      vertex 8.26879 37.146 7.3
      vertex 8.26879 34.054 7.3
      vertex 8.41421 34.1858 7.3
    endloop
  endfacet
  facet normal 0 0 1
    outer loop
      vertex 8.11114 37.2629 7.3
      vertex 8.26879 34.054 7.3
      vertex 8.26879 37.146 7.3
    endloop
  endfacet
  facet normal 0 0 1
    outer loop
      vertex 8.11114 37.2629 7.3
      vertex 8.11114 33.9371 7.3
      vertex 8.26879 34.054 7.3
    endloop
  endfacet
  facet normal 0 0 1
    outer loop
      vertex 7.94279 37.3638 7.3
      vertex 8.11114 33.9371 7.3
      vertex 8.11114 37.2629 7.3
    endloop
  endfacet
  facet normal 0 0 1
    outer loop
      vertex 7.94279 37.3638 7.3
      vertex 7.94279 33.8362 7.3
      vertex 8.11114 33.9371 7.3
    endloop
  endfacet
  facet normal 0 0 1
    outer loop
      vertex 7.76537 37.4478 7.3
      vertex 7.94279 33.8362 7.3
      vertex 7.94279 37.3638 7.3
    endloop
  endfacet
  facet normal 0 0 1
    outer loop
      vertex 7.76537 37.4478 7.3
      vertex 7.76537 33.7522 7.3
      vertex 7.94279 33.8362 7.3
    endloop
  endfacet
  facet normal 0 0 1
    outer loop
      vertex 7.58057 37.5139 7.3
      vertex 7.76537 33.7522 7.3
      vertex 7.76537 37.4478 7.3
    endloop
  endfacet
  facet normal 0 0 1
    outer loop
      vertex 7.58057 37.5139 7.3
      vertex 7.58057 33.6861 7.3
      vertex 7.76537 33.7522 7.3
    endloop
  endfacet
  facet normal 0 0 1
    outer loop
      vertex 7.39018 37.5616 7.3
      vertex 7.58057 33.6861 7.3
      vertex 7.58057 37.5139 7.3
    endloop
  endfacet
  facet normal 0 0 1
    outer loop
      vertex 7.39018 37.5616 7.3
      vertex 7.39018 33.6384 7.3
      vertex 7.58057 33.6861 7.3
    endloop
  endfacet
  facet normal 0 0 1
    outer loop
      vertex 7.19603 37.5904 7.3
      vertex 7.39018 33.6384 7.3
      vertex 7.39018 37.5616 7.3
    endloop
  endfacet
  facet normal 0 0 1
    outer loop
      vertex 7.19603 37.5904 7.3
      vertex 7.19603 33.6096 7.3
      vertex 7.39018 33.6384 7.3
    endloop
  endfacet
  facet normal 0 0 1
    outer loop
      vertex 7 37.6 7.3
      vertex 7.19603 33.6096 7.3
      vertex 7.19603 37.5904 7.3
    endloop
  endfacet
  facet normal 0 0 1
    outer loop
      vertex 7 37.6 7.3
      vertex 7 33.6 7.3
      vertex 7.19603 33.6096 7.3
    endloop
  endfacet
  facet normal -0 0 1
    outer loop
      vertex 6.80397 37.5904 7.3
      vertex 7 33.6 7.3
      vertex 7 37.6 7.3
    endloop
  endfacet
  facet normal 0 0 1
    outer loop
      vertex 6.80397 37.5904 7.3
      vertex 6.80397 33.6096 7.3
      vertex 7 33.6 7.3
    endloop
  endfacet
  facet normal -0 0 1
    outer loop
      vertex 6.60982 37.5616 7.3
      vertex 6.80397 33.6096 7.3
      vertex 6.80397 37.5904 7.3
    endloop
  endfacet
  facet normal 0 0 1
    outer loop
      vertex 6.60982 37.5616 7.3
      vertex 6.60982 33.6384 7.3
      vertex 6.80397 33.6096 7.3
    endloop
  endfacet
  facet normal -0 0 1
    outer loop
      vertex 6.41943 37.5139 7.3
      vertex 6.60982 33.6384 7.3
      vertex 6.60982 37.5616 7.3
    endloop
  endfacet
  facet normal 0 0 1
    outer loop
      vertex 6.41943 37.5139 7.3
      vertex 6.41943 33.6861 7.3
      vertex 6.60982 33.6384 7.3
    endloop
  endfacet
  facet normal -0 0 1
    outer loop
      vertex 6.23463 37.4478 7.3
      vertex 6.41943 33.6861 7.3
      vertex 6.41943 37.5139 7.3
    endloop
  endfacet
  facet normal 0 0 1
    outer loop
      vertex 6.23463 37.4478 7.3
      vertex 6.23463 33.7522 7.3
      vertex 6.41943 33.6861 7.3
    endloop
  endfacet
  facet normal -0 0 1
    outer loop
      vertex 6.05721 37.3638 7.3
      vertex 6.23463 33.7522 7.3
      vertex 6.23463 37.4478 7.3
    endloop
  endfacet
  facet normal 0 0 1
    outer loop
      vertex 6.05721 37.3638 7.3
      vertex 6.05721 33.8362 7.3
      vertex 6.23463 33.7522 7.3
    endloop
  endfacet
  facet normal -0 0 1
    outer loop
      vertex 5.88886 37.2629 7.3
      vertex 6.05721 33.8362 7.3
      vertex 6.05721 37.3638 7.3
    endloop
  endfacet
  facet normal 0 0 1
    outer loop
      vertex 5.88886 37.2629 7.3
      vertex 5.88886 33.9371 7.3
      vertex 6.05721 33.8362 7.3
    endloop
  endfacet
  facet normal -0 0 1
    outer loop
      vertex 5.73121 37.146 7.3
      vertex 5.88886 33.9371 7.3
      vertex 5.88886 37.2629 7.3
    endloop
  endfacet
  facet normal 0 0 1
    outer loop
      vertex 5.73121 37.146 7.3
      vertex 5.73121 34.054 7.3
      vertex 5.88886 33.9371 7.3
    endloop
  endfacet
  facet normal -0 0 1
    outer loop
      vertex 5.58579 37.0142 7.3
      vertex 5.73121 34.054 7.3
      vertex 5.73121 37.146 7.3
    endloop
  endfacet
  facet normal 0 0 1
    outer loop
      vertex 5.58579 37.0142 7.3
      vertex 5.58579 34.1858 7.3
      vertex 5.73121 34.054 7.3
    endloop
  endfacet
  facet normal -0 0 1
    outer loop
      vertex 5.45398 36.8688 7.3
      vertex 5.58579 34.1858 7.3
      vertex 5.58579 37.0142 7.3
    endloop
  endfacet
  facet normal 0 0 1
    outer loop
      vertex 5.45398 36.8688 7.3
      vertex 5.45398 34.3312 7.3
      vertex 5.58579 34.1858 7.3
    endloop
  endfacet
  facet normal -0 0 1
    outer loop
      vertex 5.33706 36.7111 7.3
      vertex 5.45398 34.3312 7.3
      vertex 5.45398 36.8688 7.3
    endloop
  endfacet
  facet normal 0 0 1
    outer loop
      vertex 5.33706 36.7111 7.3
      vertex 5.33706 34.4889 7.3
      vertex 5.45398 34.3312 7.3
    endloop
  endfacet
  facet normal -0 0 1
    outer loop
      vertex 5.23616 36.5428 7.3
      vertex 5.33706 34.4889 7.3
      vertex 5.33706 36.7111 7.3
    endloop
  endfacet
  facet normal 0 0 1
    outer loop
      vertex 5.23616 36.5428 7.3
      vertex 5.23616 34.6572 7.3
      vertex 5.33706 34.4889 7.3
    endloop
  endfacet
  facet normal -0 0 1
    outer loop
      vertex 5.15224 36.3654 7.3
      vertex 5.23616 34.6572 7.3
      vertex 5.23616 36.5428 7.3
    endloop
  endfacet
  facet normal 0 0 1
    outer loop
      vertex 5.15224 36.3654 7.3
      vertex 5.15224 34.8346 7.3
      vertex 5.23616 34.6572 7.3
    endloop
  endfacet
  facet normal -0 0 1
    outer loop
      vertex 5.08612 36.1806 7.3
      vertex 5.15224 34.8346 7.3
      vertex 5.15224 36.3654 7.3
    endloop
  endfacet
  facet normal 0 0 1
    outer loop
      vertex 5.08612 36.1806 7.3
      vertex 5.08612 35.0194 7.3
      vertex 5.15224 34.8346 7.3
    endloop
  endfacet
  facet normal -0 0 1
    outer loop
      vertex 5.03843 35.9902 7.3
      vertex 5.08612 35.0194 7.3
      vertex 5.08612 36.1806 7.3
    endloop
  endfacet
  facet normal 0 0 1
    outer loop
      vertex 5.03843 35.9902 7.3
      vertex 5.03843 35.2098 7.3
      vertex 5.08612 35.0194 7.3
    endloop
  endfacet
  facet normal -0 0 1
    outer loop
      vertex 5.00963 35.796 7.3
      vertex 5.03843 35.2098 7.3
      vertex 5.03843 35.9902 7.3
    endloop
  endfacet
  facet normal 0 0 1
    outer loop
      vertex 5.00963 35.796 7.3
      vertex 5.00963 35.404 7.3
      vertex 5.03843 35.2098 7.3
    endloop
  endfacet
  facet normal 0 -0 1
    outer loop
      vertex 5.00963 35.404 7.3
      vertex 5.00963 35.796 7.3
      vertex 5 35.6 7.3
    endloop
  endfacet
  facet normal -0.970035 0.242967 0
    outer loop
      vertex 8.91388 35.0194 7.3
      vertex 8.96157 35.2098 10.9
      vertex 8.96157 35.2098 7.3
    endloop
  endfacet
  facet normal -0.970035 0.242967 0
    outer loop
      vertex 8.96157 35.2098 10.9
      vertex 8.91388 35.0194 7.3
      vertex 8.91388 35.0194 10.9
    endloop
  endfacet
  facet normal -0.941548 0.336879 0
    outer loop
      vertex 8.84776 34.8346 7.3
      vertex 8.91388 35.0194 10.9
      vertex 8.91388 35.0194 7.3
    endloop
  endfacet
  facet normal -0.941548 0.336879 0
    outer loop
      vertex 8.91388 35.0194 10.9
      vertex 8.84776 34.8346 7.3
      vertex 8.84776 34.8346 10.9
    endloop
  endfacet
  facet normal -0.857673 -0.514196 0
    outer loop
      vertex 8.76384 36.5428 7.3
      vertex 8.66294 36.7111 10.9
      vertex 8.66294 36.7111 7.3
    endloop
  endfacet
  facet normal -0.857673 -0.514196 0
    outer loop
      vertex 8.66294 36.7111 10.9
      vertex 8.76384 36.5428 7.3
      vertex 8.76384 36.5428 10.9
    endloop
  endfacet
  facet normal 0.336788 0.94158 -0
    outer loop
      vertex 6.41943 33.6861 7.3
      vertex 6.23463 33.7522 10.9
      vertex 6.41943 33.6861 10.9
    endloop
  endfacet
  facet normal 0.336788 0.94158 0
    outer loop
      vertex 6.23463 33.7522 10.9
      vertex 6.41943 33.6861 7.3
      vertex 6.23463 33.7522 7.3
    endloop
  endfacet
  facet normal -0.671556 -0.740954 0
    outer loop
      vertex 8.26879 37.146 7.3
      vertex 8.41421 37.0142 10.9
      vertex 8.26879 37.146 10.9
    endloop
  endfacet
  facet normal -0.671556 -0.740954 -0
    outer loop
      vertex 8.41421 37.0142 10.9
      vertex 8.26879 37.146 7.3
      vertex 8.41421 37.0142 7.3
    endloop
  endfacet
  facet normal 0.59563 -0.803259 0
    outer loop
      vertex 5.73121 37.146 7.3
      vertex 5.88886 37.2629 10.9
      vertex 5.73121 37.146 10.9
    endloop
  endfacet
  facet normal 0.59563 -0.803259 0
    outer loop
      vertex 5.88886 37.2629 10.9
      vertex 5.73121 37.146 7.3
      vertex 5.88886 37.2629 7.3
    endloop
  endfacet
  facet normal 0.903958 -0.427622 0
    outer loop
      vertex 5.15224 36.3654 10.9
      vertex 5.23616 36.5428 7.3
      vertex 5.23616 36.5428 10.9
    endloop
  endfacet
  facet normal 0.903958 -0.427622 0
    outer loop
      vertex 5.23616 36.5428 7.3
      vertex 5.15224 36.3654 10.9
      vertex 5.15224 36.3654 7.3
    endloop
  endfacet
  facet normal 0.427916 0.903819 -0
    outer loop
      vertex 6.23463 33.7522 7.3
      vertex 6.05721 33.8362 10.9
      vertex 6.23463 33.7522 10.9
    endloop
  endfacet
  facet normal 0.427916 0.903819 0
    outer loop
      vertex 6.05721 33.8362 10.9
      vertex 6.23463 33.7522 7.3
      vertex 6.05721 33.8362 7.3
    endloop
  endfacet
  facet normal 0.243027 0.970019 -0
    outer loop
      vertex 6.60982 33.6384 7.3
      vertex 6.41943 33.6861 10.9
      vertex 6.60982 33.6384 10.9
    endloop
  endfacet
  facet normal 0.243027 0.970019 0
    outer loop
      vertex 6.41943 33.6861 10.9
      vertex 6.60982 33.6384 7.3
      vertex 6.41943 33.6861 7.3
    endloop
  endfacet
  facet normal 0.336788 -0.94158 0
    outer loop
      vertex 6.23463 37.4478 7.3
      vertex 6.41943 37.5139 10.9
      vertex 6.23463 37.4478 10.9
    endloop
  endfacet
  facet normal 0.336788 -0.94158 0
    outer loop
      vertex 6.41943 37.5139 10.9
      vertex 6.23463 37.4478 7.3
      vertex 6.41943 37.5139 7.3
    endloop
  endfacet
  facet normal 0.59563 0.803259 -0
    outer loop
      vertex 5.88886 33.9371 7.3
      vertex 5.73121 34.054 10.9
      vertex 5.88886 33.9371 10.9
    endloop
  endfacet
  facet normal 0.59563 0.803259 0
    outer loop
      vertex 5.73121 34.054 10.9
      vertex 5.88886 33.9371 7.3
      vertex 5.73121 34.054 7.3
    endloop
  endfacet
  facet normal 0.514084 -0.85774 0
    outer loop
      vertex 5.88886 37.2629 7.3
      vertex 6.05721 37.3638 10.9
      vertex 5.88886 37.2629 10.9
    endloop
  endfacet
  facet normal 0.514084 -0.85774 0
    outer loop
      vertex 6.05721 37.3638 10.9
      vertex 5.88886 37.2629 7.3
      vertex 6.05721 37.3638 7.3
    endloop
  endfacet
  facet normal 0.989182 0.146696 0
    outer loop
      vertex 5.03843 35.2098 10.9
      vertex 5.00963 35.404 7.3
      vertex 5.00963 35.404 10.9
    endloop
  endfacet
  facet normal 0.989182 0.146696 0
    outer loop
      vertex 5.00963 35.404 7.3
      vertex 5.03843 35.2098 10.9
      vertex 5.03843 35.2098 7.3
    endloop
  endfacet
  facet normal -0.336788 0.94158 0
    outer loop
      vertex 7.76537 33.7522 7.3
      vertex 7.58057 33.6861 10.9
      vertex 7.76537 33.7522 10.9
    endloop
  endfacet
  facet normal -0.336788 0.94158 0
    outer loop
      vertex 7.58057 33.6861 10.9
      vertex 7.76537 33.7522 7.3
      vertex 7.58057 33.6861 7.3
    endloop
  endfacet
  facet normal 0.803301 -0.595573 0
    outer loop
      vertex 5.33706 36.7111 10.9
      vertex 5.45398 36.8688 7.3
      vertex 5.45398 36.8688 10.9
    endloop
  endfacet
  facet normal 0.803301 -0.595573 0
    outer loop
      vertex 5.45398 36.8688 7.3
      vertex 5.33706 36.7111 10.9
      vertex 5.33706 36.7111 7.3
    endloop
  endfacet
  facet normal -0.427916 0.903819 0
    outer loop
      vertex 7.94279 33.8362 7.3
      vertex 7.76537 33.7522 10.9
      vertex 7.94279 33.8362 10.9
    endloop
  endfacet
  facet normal -0.427916 0.903819 0
    outer loop
      vertex 7.76537 33.7522 10.9
      vertex 7.94279 33.8362 7.3
      vertex 7.76537 33.7522 7.3
    endloop
  endfacet
  facet normal 0.427916 -0.903819 0
    outer loop
      vertex 6.05721 37.3638 7.3
      vertex 6.23463 37.4478 10.9
      vertex 6.05721 37.3638 10.9
    endloop
  endfacet
  facet normal 0.427916 -0.903819 0
    outer loop
      vertex 6.23463 37.4478 10.9
      vertex 6.05721 37.3638 7.3
      vertex 6.23463 37.4478 7.3
    endloop
  endfacet
  facet normal 1 -0 0
    outer loop
      vertex 47 3.4 4.5
      vertex 47 4.4 2
      vertex 47 4.4 4.5
    endloop
  endfacet
  facet normal 1 0 0
    outer loop
      vertex 47 4.4 2
      vertex 47 3.4 4.5
      vertex 47 3.4 2
    endloop
  endfacet
  facet normal -0 0 1
    outer loop
      vertex 35 4.4 4.5
      vertex 47 3.4 4.5
      vertex 47 4.4 4.5
    endloop
  endfacet
  facet normal 0 0 1
    outer loop
      vertex 47 3.4 4.5
      vertex 35 4.4 4.5
      vertex 35 3.4 4.5
    endloop
  endfacet
  facet normal -1 0 0
    outer loop
      vertex 35 3.4 2
      vertex 35 4.4 4.5
      vertex 35 4.4 2
    endloop
  endfacet
  facet normal -1 -0 0
    outer loop
      vertex 35 4.4 4.5
      vertex 35 3.4 2
      vertex 35 3.4 4.5
    endloop
  endfacet
  facet normal 0 1 -0
    outer loop
      vertex 47 4.4 2
      vertex 35 4.4 4.5
      vertex 47 4.4 4.5
    endloop
  endfacet
  facet normal 0 1 0
    outer loop
      vertex 35 4.4 4.5
      vertex 47 4.4 2
      vertex 35 4.4 2
    endloop
  endfacet
  facet normal 0 -1 0
    outer loop
      vertex 35 3.4 2
      vertex 47 3.4 4.5
      vertex 35 3.4 4.5
    endloop
  endfacet
  facet normal 0 -1 -0
    outer loop
      vertex 47 3.4 4.5
      vertex 35 3.4 2
      vertex 47 3.4 2
    endloop
  endfacet
  facet normal 1 -0 0
    outer loop
      vertex 47 38.2 4.5
      vertex 47 39.2 2
      vertex 47 39.2 4.5
    endloop
  endfacet
  facet normal 1 0 0
    outer loop
      vertex 47 39.2 2
      vertex 47 38.2 4.5
      vertex 47 38.2 2
    endloop
  endfacet
  facet normal -0 0 1
    outer loop
      vertex 35 39.2 4.5
      vertex 47 38.2 4.5
      vertex 47 39.2 4.5
    endloop
  endfacet
  facet normal 0 0 1
    outer loop
      vertex 47 38.2 4.5
      vertex 35 39.2 4.5
      vertex 35 38.2 4.5
    endloop
  endfacet
  facet normal -1 0 0
    outer loop
      vertex 35 38.2 2
      vertex 35 39.2 4.5
      vertex 35 39.2 2
    endloop
  endfacet
  facet normal -1 -0 0
    outer loop
      vertex 35 39.2 4.5
      vertex 35 38.2 2
      vertex 35 38.2 4.5
    endloop
  endfacet
  facet normal 0 1 -0
    outer loop
      vertex 47 39.2 2
      vertex 35 39.2 4.5
      vertex 47 39.2 4.5
    endloop
  endfacet
  facet normal 0 1 0
    outer loop
      vertex 35 39.2 4.5
      vertex 47 39.2 2
      vertex 35 39.2 2
    endloop
  endfacet
  facet normal 0 -1 0
    outer loop
      vertex 35 38.2 2
      vertex 47 38.2 4.5
      vertex 35 38.2 4.5
    endloop
  endfacet
  facet normal 0 -1 -0
    outer loop
      vertex 47 38.2 4.5
      vertex 35 38.2 2
      vertex 47 38.2 2
    endloop
  endfacet
  facet normal 1 -0 0
    outer loop
      vertex 78.6 15.3 4.5
      vertex 78.6 27.3 2
      vertex 78.6 27.3 4.5
    endloop
  endfacet
  facet normal 1 0 0
    outer loop
      vertex 78.6 27.3 2
      vertex 78.6 15.3 4.5
      vertex 78.6 15.3 2
    endloop
  endfacet
  facet normal -0 0 1
    outer loop
      vertex 77.6 27.3 4.5
      vertex 78.6 15.3 4.5
      vertex 78.6 27.3 4.5
    endloop
  endfacet
  facet normal 0 0 1
    outer loop
      vertex 78.6 15.3 4.5
      vertex 77.6 27.3 4.5
      vertex 77.6 15.3 4.5
    endloop
  endfacet
  facet normal -1 0 0
    outer loop
      vertex 77.6 15.3 2
      vertex 77.6 27.3 4.5
      vertex 77.6 27.3 2
    endloop
  endfacet
  facet normal -1 -0 0
    outer loop
      vertex 77.6 27.3 4.5
      vertex 77.6 15.3 2
      vertex 77.6 15.3 4.5
    endloop
  endfacet
  facet normal 0 1 -0
    outer loop
      vertex 78.6 27.3 2
      vertex 77.6 27.3 4.5
      vertex 78.6 27.3 4.5
    endloop
  endfacet
  facet normal 0 1 0
    outer loop
      vertex 77.6 27.3 4.5
      vertex 78.6 27.3 2
      vertex 77.6 27.3 2
    endloop
  endfacet
  facet normal 0 -1 0
    outer loop
      vertex 77.6 15.3 2
      vertex 78.6 15.3 4.5
      vertex 77.6 15.3 4.5
    endloop
  endfacet
  facet normal 0 -1 -0
    outer loop
      vertex 78.6 15.3 4.5
      vertex 77.6 15.3 2
      vertex 78.6 15.3 2
    endloop
  endfacet
  facet normal 1 -0 0
    outer loop
      vertex 28.02 -0.799999 2
      vertex 28.02 0 0
      vertex 28.02 0 2
    endloop
  endfacet
  facet normal 1 0 0
    outer loop
      vertex 28.02 0 0
      vertex 28.02 -0.799999 2
      vertex 28.02 -0.799999 0
    endloop
  endfacet
  facet normal -1 0 0
    outer loop
      vertex 25 -2.2 0
      vertex 25 0 2
      vertex 25 0 0
    endloop
  endfacet
  facet normal -1 -0 0
    outer loop
      vertex 25 0 2
      vertex 25 -2.2 0
      vertex 25 -2.2 2
    endloop
  endfacet
  facet normal 0 -1 0
    outer loop
      vertex 49.4491 -2.2 2
      vertex 49 -2.2 5.9
      vertex 49 -2.2 2
    endloop
  endfacet
  facet normal 0 -1 0
    outer loop
      vertex 49 -2.2 5.9
      vertex 49.4491 -2.2 2
      vertex 54 -2.2 5.9
    endloop
  endfacet
  facet normal 0 -1 0
    outer loop
      vertex 53.5508 -2.2 2
      vertex 54 -2.2 5.9
      vertex 49.4491 -2.2 2
    endloop
  endfacet
  facet normal 0 -1 0
    outer loop
      vertex 54 -2.2 0
      vertex 53.5508 -2.2 2
      vertex 53.5508 -2.2 0
    endloop
  endfacet
  facet normal 0 -1 0
    outer loop
      vertex 53.5508 -2.2 2
      vertex 54 -2.2 0
      vertex 54 -2.2 5.9
    endloop
  endfacet
  facet normal 0 -1 0
    outer loop
      vertex 25 -2.2 0
      vertex 49 -2.2 2
      vertex 25 -2.2 2
    endloop
  endfacet
  facet normal 0 -1 0
    outer loop
      vertex 49.4491 -2.2 0
      vertex 49 -2.2 2
      vertex 25 -2.2 0
    endloop
  endfacet
  facet normal 0 -1 0
    outer loop
      vertex 49 -2.2 2
      vertex 49.4491 -2.2 0
      vertex 49.4491 -2.2 2
    endloop
  endfacet
  facet normal 1 -0 0
    outer loop
      vertex 54 -2.2 5.9
      vertex 54 -0.799999 5.89999
      vertex 54 -0.799999 5.9
    endloop
  endfacet
  facet normal 1 0 0
    outer loop
      vertex 54 -0.799999 5.89999
      vertex 54 -2.2 5.9
      vertex 54 -0.799999 4.2
    endloop
  endfacet
  facet normal 1 0 0
    outer loop
      vertex 54 -2.2 0
      vertex 54 -0.799999 4.2
      vertex 54 -2.2 5.9
    endloop
  endfacet
  facet normal 1 0 0
    outer loop
      vertex 54 -0.799999 4.2
      vertex 54 -2.2 0
      vertex 54 -0.799999 0
    endloop
  endfacet
  facet normal 1 0 0
    outer loop
      vertex 54 -0.799999 4.2
      vertex 54 -0.799988 5.89999
      vertex 54 -0.799999 5.89999
    endloop
  endfacet
  facet normal 1 0 0
    outer loop
      vertex 54 -0.799988 5.89999
      vertex 54 -0.799999 4.2
      vertex 54 0.599991 4.2
    endloop
  endfacet
  facet normal 0 1 -0
    outer loop
      vertex 54 -0.799999 5.89999
      vertex 49 -0.799999 5.9
      vertex 54 -0.799999 5.9
    endloop
  endfacet
  facet normal 0 1 0
    outer loop
      vertex 49 -0.799999 5.9
      vertex 54 -0.799999 5.89999
      vertex 49 -0.799999 5.89999
    endloop
  endfacet
  facet normal 0 1 0
    outer loop
      vertex 54 -0.799999 4.2
      vertex 49 -0.799999 2
      vertex 49 -0.799999 4.2
    endloop
  endfacet
  facet normal 0 1 -0
    outer loop
      vertex 54 -0.799999 0
      vertex 49 -0.799999 2
      vertex 54 -0.799999 4.2
    endloop
  endfacet
  facet normal 0 1 0
    outer loop
      vertex 28.02 -0.799999 0
      vertex 49 -0.799999 2
      vertex 54 -0.799999 0
    endloop
  endfacet
  facet normal 0 1 0
    outer loop
      vertex 49 -0.799999 2
      vertex 28.02 -0.799999 0
      vertex 28.02 -0.799999 2
    endloop
  endfacet
  facet normal -0 0 1
    outer loop
      vertex 49 -0.799999 5.9
      vertex 54 -2.2 5.9
      vertex 54 -0.799999 5.9
    endloop
  endfacet
  facet normal 0 0 1
    outer loop
      vertex 54 -2.2 5.9
      vertex 49 -0.799999 5.9
      vertex 49 -2.2 5.9
    endloop
  endfacet
  facet normal -1 0 0
    outer loop
      vertex 49 -2.2 2
      vertex 49 -0.799999 4.2
      vertex 49 -0.799999 2
    endloop
  endfacet
  facet normal -1 0 0
    outer loop
      vertex 49 -2.2 5.9
      vertex 49 -0.799999 4.2
      vertex 49 -2.2 2
    endloop
  endfacet
  facet normal -1 0 0
    outer loop
      vertex 49 -0.799999 4.2
      vertex 49 -2.2 5.9
      vertex 49 -0.799999 5.89999
    endloop
  endfacet
  facet normal -1 0 0
    outer loop
      vertex 49 -0.799999 5.89999
      vertex 49 -2.2 5.9
      vertex 49 -0.799999 5.9
    endloop
  endfacet
  facet normal -1 0 0
    outer loop
      vertex 49 -0.799999 4.2
      vertex 49 -0.799988 5.89999
      vertex 49 0.599991 4.2
    endloop
  endfacet
  facet normal -1 -0 0
    outer loop
      vertex 49 -0.799988 5.89999
      vertex 49 -0.799999 4.2
      vertex 49 -0.799999 5.89999
    endloop
  endfacet
  facet normal -0.989273 -0.146081 0
    outer loop
      vertex 49.0115 -4.31706 0
      vertex 49.0029 -4.25882 2
      vertex 49.0029 -4.25882 0
    endloop
  endfacet
  facet normal -0.989273 -0.146081 0
    outer loop
      vertex 49.0029 -4.25882 2
      vertex 49.0115 -4.31706 0
      vertex 49.0115 -4.31706 2
    endloop
  endfacet
  facet normal -0.857493 -0.514496 0
    outer loop
      vertex 49.1011 -4.53335 0
      vertex 49.0708 -4.48285 2
      vertex 49.0708 -4.48285 0
    endloop
  endfacet
  facet normal -0.857493 -0.514496 0
    outer loop
      vertex 49.0708 -4.48285 2
      vertex 49.1011 -4.53335 0
      vertex 49.1011 -4.53335 2
    endloop
  endfacet
  facet normal -0.802985 -0.595999 0
    outer loop
      vertex 49.1362 -4.58064 0
      vertex 49.1011 -4.53335 2
      vertex 49.1011 -4.53335 0
    endloop
  endfacet
  facet normal -0.802985 -0.595999 0
    outer loop
      vertex 49.1011 -4.53335 2
      vertex 49.1362 -4.58064 0
      vertex 49.1362 -4.58064 2
    endloop
  endfacet
  facet normal -0.989273 0.146081 0
    outer loop
      vertex 49.0029 -2.7212 0
      vertex 49.0115 -2.66296 2
      vertex 49.0115 -2.66296 0
    endloop
  endfacet
  facet normal -0.989273 0.146081 0
    outer loop
      vertex 49.0115 -2.66296 2
      vertex 49.0029 -2.7212 0
      vertex 49.0029 -2.7212 2
    endloop
  endfacet
  facet normal -0.970073 0.242815 0
    outer loop
      vertex 49.0115 -2.66296 0
      vertex 49.0258 -2.60583 2
      vertex 49.0258 -2.60583 0
    endloop
  endfacet
  facet normal -0.970073 0.242815 0
    outer loop
      vertex 49.0258 -2.60583 2
      vertex 49.0115 -2.66296 0
      vertex 49.0115 -2.66296 2
    endloop
  endfacet
  facet normal -0.243095 -0.970002 0
    outer loop
      vertex 49.4258 -4.77417 0
      vertex 49.4829 -4.78848 2
      vertex 49.4258 -4.77417 2
    endloop
  endfacet
  facet normal -0.243095 -0.970002 -0
    outer loop
      vertex 49.4829 -4.78848 2
      vertex 49.4258 -4.77417 0
      vertex 49.4829 -4.78848 0
    endloop
  endfacet
  facet normal -0.857493 0.514496 0
    outer loop
      vertex 49.0708 -2.49717 0
      vertex 49.1011 -2.44667 2
      vertex 49.1011 -2.44667 0
    endloop
  endfacet
  facet normal -0.857493 0.514496 0
    outer loop
      vertex 49.1011 -2.44667 2
      vertex 49.0708 -2.49717 0
      vertex 49.0708 -2.49717 2
    endloop
  endfacet
  facet normal 0.146844 -0.98916 0
    outer loop
      vertex 53.4588 -4.79712 0
      vertex 53.517 -4.78848 2
      vertex 53.4588 -4.79712 2
    endloop
  endfacet
  facet normal 0.146844 -0.98916 0
    outer loop
      vertex 53.517 -4.78848 2
      vertex 53.4588 -4.79712 0
      vertex 53.517 -4.78848 0
    endloop
  endfacet
  facet normal 0.671869 -0.74067 0
    outer loop
      vertex 53.7806 -4.66381 0
      vertex 53.8242 -4.62426 2
      vertex 53.7806 -4.66381 2
    endloop
  endfacet
  facet normal 0.671869 -0.74067 0
    outer loop
      vertex 53.8242 -4.62426 2
      vertex 53.7806 -4.66381 0
      vertex 53.8242 -4.62426 0
    endloop
  endfacet
  facet normal 0.989273 0.146081 0
    outer loop
      vertex 53.9971 -2.7212 2
      vertex 53.9885 -2.66296 0
      vertex 53.9885 -2.66296 2
    endloop
  endfacet
  facet normal 0.989273 0.146081 0
    outer loop
      vertex 53.9885 -2.66296 0
      vertex 53.9971 -2.7212 2
      vertex 53.9971 -2.7212 0
    endloop
  endfacet
  facet normal 0.858242 0.513246 0
    outer loop
      vertex 53.9291 -2.49717 2
      vertex 53.8989 -2.44667 0
      vertex 53.8989 -2.44667 2
    endloop
  endfacet
  facet normal 0.858242 0.513246 0
    outer loop
      vertex 53.8989 -2.44667 0
      vertex 53.9291 -2.49717 2
      vertex 53.9291 -2.49717 0
    endloop
  endfacet
  facet normal -0.998786 -0.0492515 0
    outer loop
      vertex 49.0029 -4.25882 0
      vertex 49 -4.20001 2
      vertex 49 -4.20001 0
    endloop
  endfacet
  facet normal -0.998786 -0.0492515 0
    outer loop
      vertex 49 -4.20001 2
      vertex 49.0029 -4.25882 0
      vertex 49.0029 -4.25882 2
    endloop
  endfacet
  facet normal -0.0489209 -0.998803 0
    outer loop
      vertex 49.5412 -4.79712 0
      vertex 49.6 -4.8 2
      vertex 49.5412 -4.79712 2
    endloop
  endfacet
  facet normal -0.0489209 -0.998803 -0
    outer loop
      vertex 49.6 -4.8 2
      vertex 49.5412 -4.79712 0
      vertex 49.6 -4.8 0
    endloop
  endfacet
  facet normal 0.970073 0.242815 0
    outer loop
      vertex 53.9885 -2.66296 2
      vertex 53.9742 -2.60583 0
      vertex 53.9742 -2.60583 2
    endloop
  endfacet
  facet normal 0.970073 0.242815 0
    outer loop
      vertex 53.9742 -2.60583 0
      vertex 53.9885 -2.66296 2
      vertex 53.9885 -2.66296 0
    endloop
  endfacet
  facet normal 0.998786 0.0492515 0
    outer loop
      vertex 54 -2.78001 2
      vertex 53.9971 -2.7212 0
      vertex 53.9971 -2.7212 2
    endloop
  endfacet
  facet normal 0.998786 0.0492515 0
    outer loop
      vertex 53.9971 -2.7212 0
      vertex 54 -2.78001 2
      vertex 54 -2.78001 0
    endloop
  endfacet
  facet normal 0.989273 -0.146081 0
    outer loop
      vertex 53.9885 -4.31706 2
      vertex 53.9971 -4.25882 0
      vertex 53.9971 -4.25882 2
    endloop
  endfacet
  facet normal 0.989273 -0.146081 0
    outer loop
      vertex 53.9971 -4.25882 0
      vertex 53.9885 -4.31706 2
      vertex 53.9885 -4.31706 0
    endloop
  endfacet
  facet normal -0.243123 0.969995 0
    outer loop
      vertex 49.4491 -2.2 0
      vertex 49.4258 -2.20584 2
      vertex 49.4491 -2.2 2
    endloop
  endfacet
  facet normal -0.243123 0.969995 0
    outer loop
      vertex 49.4258 -2.20584 2
      vertex 49.4491 -2.2 0
      vertex 49.4258 -2.20584 0
    endloop
  endfacet
  facet normal 0.803106 0.595836 0
    outer loop
      vertex 53.8989 -2.44667 2
      vertex 53.8638 -2.39936 0
      vertex 53.8638 -2.39936 2
    endloop
  endfacet
  facet normal 0.803106 0.595836 0
    outer loop
      vertex 53.8638 -2.39936 0
      vertex 53.8989 -2.44667 2
      vertex 53.8989 -2.44667 0
    endloop
  endfacet
  facet normal 0 -1 0
    outer loop
      vertex 49.6 -4.8 0
      vertex 53.4 -4.8 2
      vertex 49.6 -4.8 2
    endloop
  endfacet
  facet normal 0 -1 -0
    outer loop
      vertex 53.4 -4.8 2
      vertex 49.6 -4.8 0
      vertex 53.4 -4.8 0
    endloop
  endfacet
  facet normal 0.740401 0.672166 0
    outer loop
      vertex 53.8638 -2.39936 2
      vertex 53.8242 -2.35574 0
      vertex 53.8242 -2.35574 2
    endloop
  endfacet
  facet normal 0.740401 0.672166 0
    outer loop
      vertex 53.8242 -2.35574 0
      vertex 53.8638 -2.39936 2
      vertex 53.8638 -2.39936 0
    endloop
  endfacet
  facet normal -1 0 0
    outer loop
      vertex 49 -4.20001 0
      vertex 49 -2.78001 2
      vertex 49 -2.78001 0
    endloop
  endfacet
  facet normal -1 -0 0
    outer loop
      vertex 49 -2.78001 2
      vertex 49 -4.20001 0
      vertex 49 -4.20001 2
    endloop
  endfacet
  facet normal -0.513248 -0.85824 0
    outer loop
      vertex 49.2666 -4.69889 0
      vertex 49.3172 -4.72915 2
      vertex 49.2666 -4.69889 2
    endloop
  endfacet
  facet normal -0.513248 -0.85824 -0
    outer loop
      vertex 49.3172 -4.72915 2
      vertex 49.2666 -4.69889 0
      vertex 49.3172 -4.72915 0
    endloop
  endfacet
  facet normal -0.337004 0.941503 0
    outer loop
      vertex 49.4258 -2.20584 0
      vertex 49.3704 -2.22567 2
      vertex 49.4258 -2.20584 2
    endloop
  endfacet
  facet normal -0.337004 0.941503 0
    outer loop
      vertex 49.3704 -2.22567 2
      vertex 49.4258 -2.20584 0
      vertex 49.3704 -2.22567 0
    endloop
  endfacet
  facet normal 0.242695 -0.970103 0
    outer loop
      vertex 53.517 -4.78848 0
      vertex 53.5742 -4.77417 2
      vertex 53.517 -4.78848 2
    endloop
  endfacet
  facet normal 0.242695 -0.970103 0
    outer loop
      vertex 53.5742 -4.77417 2
      vertex 53.517 -4.78848 0
      vertex 53.5742 -4.77417 0
    endloop
  endfacet
  facet normal 0.242145 0.97024 -0
    outer loop
      vertex 53.5742 -2.20584 0
      vertex 53.5508 -2.2 2
      vertex 53.5742 -2.20584 2
    endloop
  endfacet
  facet normal 0.242145 0.97024 0
    outer loop
      vertex 53.5508 -2.2 2
      vertex 53.5742 -2.20584 0
      vertex 53.5508 -2.2 0
    endloop
  endfacet
  facet normal -0.427809 -0.903869 0
    outer loop
      vertex 49.3172 -4.72915 0
      vertex 49.3704 -4.75433 2
      vertex 49.3172 -4.72915 2
    endloop
  endfacet
  facet normal -0.427809 -0.903869 -0
    outer loop
      vertex 49.3704 -4.75433 2
      vertex 49.3172 -4.72915 0
      vertex 49.3704 -4.75433 0
    endloop
  endfacet
  facet normal 0.858242 -0.513246 0
    outer loop
      vertex 53.8989 -4.53335 2
      vertex 53.9291 -4.48285 0
      vertex 53.9291 -4.48285 2
    endloop
  endfacet
  facet normal 0.858242 -0.513246 0
    outer loop
      vertex 53.9291 -4.48285 0
      vertex 53.8989 -4.53335 2
      vertex 53.8989 -4.53335 0
    endloop
  endfacet
  facet normal 0.903831 0.427889 0
    outer loop
      vertex 53.9543 -2.5504 2
      vertex 53.9291 -2.49717 0
      vertex 53.9291 -2.49717 2
    endloop
  endfacet
  facet normal 0.903831 0.427889 0
    outer loop
      vertex 53.9291 -2.49717 0
      vertex 53.9543 -2.5504 2
      vertex 53.9543 -2.5504 0
    endloop
  endfacet
  facet normal -0.941184 0.337896 0
    outer loop
      vertex 49.0258 -2.60583 0
      vertex 49.0457 -2.5504 2
      vertex 49.0457 -2.5504 0
    endloop
  endfacet
  facet normal -0.941184 0.337896 0
    outer loop
      vertex 49.0457 -2.5504 2
      vertex 49.0258 -2.60583 0
      vertex 49.0258 -2.60583 2
    endloop
  endfacet
  facet normal -0.998786 0.0492515 0
    outer loop
      vertex 49 -2.78001 0
      vertex 49.0029 -2.7212 2
      vertex 49.0029 -2.7212 0
    endloop
  endfacet
  facet normal -0.998786 0.0492515 0
    outer loop
      vertex 49.0029 -2.7212 2
      vertex 49 -2.78001 0
      vertex 49 -2.78001 2
    endloop
  endfacet
  facet normal -0.671024 -0.741435 0
    outer loop
      vertex 49.1757 -4.62426 0
      vertex 49.2194 -4.66381 2
      vertex 49.1757 -4.62426 2
    endloop
  endfacet
  facet normal -0.671024 -0.741435 -0
    outer loop
      vertex 49.2194 -4.66381 2
      vertex 49.1757 -4.62426 0
      vertex 49.2194 -4.66381 0
    endloop
  endfacet
  facet normal 0.514121 0.857718 -0
    outer loop
      vertex 53.7333 -2.28112 0
      vertex 53.6828 -2.25085 2
      vertex 53.7333 -2.28112 2
    endloop
  endfacet
  facet normal 0.514121 0.857718 0
    outer loop
      vertex 53.6828 -2.25085 2
      vertex 53.7333 -2.28112 0
      vertex 53.6828 -2.25085 0
    endloop
  endfacet
  facet normal -0.904487 -0.426501 0
    outer loop
      vertex 49.0708 -4.48285 0
      vertex 49.0457 -4.42962 2
      vertex 49.0457 -4.42962 0
    endloop
  endfacet
  facet normal -0.904487 -0.426501 0
    outer loop
      vertex 49.0457 -4.42962 2
      vertex 49.0708 -4.48285 0
      vertex 49.0708 -4.48285 2
    endloop
  endfacet
  facet normal -0.146598 -0.989196 0
    outer loop
      vertex 49.4829 -4.78848 0
      vertex 49.5412 -4.79712 2
      vertex 49.4829 -4.78848 2
    endloop
  endfacet
  facet normal -0.146598 -0.989196 -0
    outer loop
      vertex 49.5412 -4.79712 2
      vertex 49.4829 -4.78848 0
      vertex 49.5412 -4.79712 0
    endloop
  endfacet
  facet normal -0.970053 -0.242895 0
    outer loop
      vertex 49.0258 -4.37417 0
      vertex 49.0115 -4.31706 2
      vertex 49.0115 -4.31706 0
    endloop
  endfacet
  facet normal -0.970053 -0.242895 0
    outer loop
      vertex 49.0115 -4.31706 2
      vertex 49.0258 -4.37417 0
      vertex 49.0258 -4.37417 2
    endloop
  endfacet
  facet normal -0.803106 0.595836 0
    outer loop
      vertex 49.1011 -2.44667 0
      vertex 49.1362 -2.39936 2
      vertex 49.1362 -2.39936 0
    endloop
  endfacet
  facet normal -0.803106 0.595836 0
    outer loop
      vertex 49.1362 -2.39936 2
      vertex 49.1011 -2.44667 0
      vertex 49.1011 -2.44667 2
    endloop
  endfacet
  facet normal 0.998786 -0.0492515 0
    outer loop
      vertex 53.9971 -4.25882 2
      vertex 54 -4.20001 0
      vertex 54 -4.20001 2
    endloop
  endfacet
  facet normal 0.998786 -0.0492515 0
    outer loop
      vertex 54 -4.20001 0
      vertex 53.9971 -4.25882 2
      vertex 53.9971 -4.25882 0
    endloop
  endfacet
  facet normal 0.941184 0.337896 0
    outer loop
      vertex 53.9742 -2.60583 2
      vertex 53.9543 -2.5504 0
      vertex 53.9543 -2.5504 2
    endloop
  endfacet
  facet normal 0.941184 0.337896 0
    outer loop
      vertex 53.9543 -2.5504 0
      vertex 53.9742 -2.60583 2
      vertex 53.9742 -2.60583 0
    endloop
  endfacet
  facet normal 0.941222 -0.337788 0
    outer loop
      vertex 53.9543 -4.42962 2
      vertex 53.9742 -4.37417 0
      vertex 53.9742 -4.37417 2
    endloop
  endfacet
  facet normal 0.941222 -0.337788 0
    outer loop
      vertex 53.9742 -4.37417 0
      vertex 53.9543 -4.42962 2
      vertex 53.9543 -4.42962 0
    endloop
  endfacet
  facet normal 1 -0 0
    outer loop
      vertex 54 -4.20001 2
      vertex 54 -2.78001 0
      vertex 54 -2.78001 2
    endloop
  endfacet
  facet normal 1 0 0
    outer loop
      vertex 54 -2.78001 0
      vertex 54 -4.20001 2
      vertex 54 -4.20001 0
    endloop
  endfacet
  facet normal -0.596512 0.802604 0
    outer loop
      vertex 49.2666 -2.28112 0
      vertex 49.2194 -2.3162 2
      vertex 49.2666 -2.28112 2
    endloop
  endfacet
  facet normal -0.596512 0.802604 0
    outer loop
      vertex 49.2194 -2.3162 2
      vertex 49.2666 -2.28112 0
      vertex 49.2194 -2.3162 0
    endloop
  endfacet
  facet normal 0.595699 -0.803208 0
    outer loop
      vertex 53.7333 -4.69889 0
      vertex 53.7806 -4.66381 2
      vertex 53.7333 -4.69889 2
    endloop
  endfacet
  facet normal 0.595699 -0.803208 0
    outer loop
      vertex 53.7806 -4.66381 2
      vertex 53.7333 -4.69889 0
      vertex 53.7806 -4.66381 0
    endloop
  endfacet
  facet normal 0.671776 0.740754 -0
    outer loop
      vertex 53.8242 -2.35574 0
      vertex 53.7806 -2.3162 2
      vertex 53.8242 -2.35574 2
    endloop
  endfacet
  facet normal 0.671776 0.740754 0
    outer loop
      vertex 53.7806 -2.3162 2
      vertex 53.8242 -2.35574 0
      vertex 53.7806 -2.3162 0
    endloop
  endfacet
  facet normal -0.337154 -0.941449 0
    outer loop
      vertex 49.3704 -4.75433 0
      vertex 49.4258 -4.77417 2
      vertex 49.3704 -4.75433 2
    endloop
  endfacet
  facet normal -0.337154 -0.941449 -0
    outer loop
      vertex 49.4258 -4.77417 2
      vertex 49.3704 -4.75433 0
      vertex 49.4258 -4.77417 0
    endloop
  endfacet
  facet normal 0.740401 -0.672166 0
    outer loop
      vertex 53.8242 -4.62426 2
      vertex 53.8638 -4.58064 0
      vertex 53.8638 -4.58064 2
    endloop
  endfacet
  facet normal 0.740401 -0.672166 0
    outer loop
      vertex 53.8638 -4.58064 0
      vertex 53.8242 -4.62426 2
      vertex 53.8242 -4.62426 0
    endloop
  endfacet
  facet normal 0.337154 -0.941449 0
    outer loop
      vertex 53.5742 -4.77417 0
      vertex 53.6296 -4.75433 2
      vertex 53.5742 -4.77417 2
    endloop
  endfacet
  facet normal 0.337154 -0.941449 0
    outer loop
      vertex 53.6296 -4.75433 2
      vertex 53.5742 -4.77417 0
      vertex 53.6296 -4.75433 0
    endloop
  endfacet
  facet normal 0.802985 -0.595999 0
    outer loop
      vertex 53.8638 -4.58064 2
      vertex 53.8989 -4.53335 0
      vertex 53.8989 -4.53335 2
    endloop
  endfacet
  facet normal 0.802985 -0.595999 0
    outer loop
      vertex 53.8989 -4.53335 0
      vertex 53.8638 -4.58064 2
      vertex 53.8638 -4.58064 0
    endloop
  endfacet
  facet normal 0.0489209 -0.998803 0
    outer loop
      vertex 53.4 -4.8 0
      vertex 53.4588 -4.79712 2
      vertex 53.4 -4.8 2
    endloop
  endfacet
  facet normal 0.0489209 -0.998803 0
    outer loop
      vertex 53.4588 -4.79712 2
      vertex 53.4 -4.8 0
      vertex 53.4588 -4.79712 0
    endloop
  endfacet
  facet normal 0.427809 0.903869 -0
    outer loop
      vertex 53.6828 -2.25085 0
      vertex 53.6296 -2.22567 2
      vertex 53.6828 -2.25085 2
    endloop
  endfacet
  facet normal 0.427809 0.903869 0
    outer loop
      vertex 53.6296 -2.22567 2
      vertex 53.6828 -2.25085 0
      vertex 53.6296 -2.22567 0
    endloop
  endfacet
  facet normal 0.970053 -0.242895 0
    outer loop
      vertex 53.9742 -4.37417 2
      vertex 53.9885 -4.31706 0
      vertex 53.9885 -4.31706 2
    endloop
  endfacet
  facet normal 0.970053 -0.242895 0
    outer loop
      vertex 53.9885 -4.31706 0
      vertex 53.9742 -4.37417 2
      vertex 53.9742 -4.37417 0
    endloop
  endfacet
  facet normal 0.337004 0.941503 -0
    outer loop
      vertex 53.6296 -2.22567 0
      vertex 53.5742 -2.20584 2
      vertex 53.6296 -2.22567 2
    endloop
  endfacet
  facet normal 0.337004 0.941503 0
    outer loop
      vertex 53.5742 -2.20584 2
      vertex 53.6296 -2.22567 0
      vertex 53.5742 -2.20584 0
    endloop
  endfacet
  facet normal -0.741246 -0.671234 0
    outer loop
      vertex 49.1757 -4.62426 0
      vertex 49.1362 -4.58064 2
      vertex 49.1362 -4.58064 0
    endloop
  endfacet
  facet normal -0.741246 -0.671234 0
    outer loop
      vertex 49.1362 -4.58064 2
      vertex 49.1757 -4.62426 0
      vertex 49.1757 -4.62426 2
    endloop
  endfacet
  facet normal -0.596512 -0.802604 0
    outer loop
      vertex 49.2194 -4.66381 0
      vertex 49.2666 -4.69889 2
      vertex 49.2194 -4.66381 2
    endloop
  endfacet
  facet normal -0.596512 -0.802604 -0
    outer loop
      vertex 49.2666 -4.69889 2
      vertex 49.2194 -4.66381 0
      vertex 49.2666 -4.69889 0
    endloop
  endfacet
  facet normal -0.741246 0.671234 0
    outer loop
      vertex 49.1362 -2.39936 0
      vertex 49.1757 -2.35574 2
      vertex 49.1757 -2.35574 0
    endloop
  endfacet
  facet normal -0.741246 0.671234 0
    outer loop
      vertex 49.1757 -2.35574 2
      vertex 49.1362 -2.39936 0
      vertex 49.1362 -2.39936 2
    endloop
  endfacet
  facet normal -0.904487 0.426501 0
    outer loop
      vertex 49.0457 -2.5504 0
      vertex 49.0708 -2.49717 2
      vertex 49.0708 -2.49717 0
    endloop
  endfacet
  facet normal -0.904487 0.426501 0
    outer loop
      vertex 49.0708 -2.49717 2
      vertex 49.0457 -2.5504 0
      vertex 49.0457 -2.5504 2
    endloop
  endfacet
  facet normal -0.513373 0.858166 0
    outer loop
      vertex 49.3172 -2.25085 0
      vertex 49.2666 -2.28112 2
      vertex 49.3172 -2.25085 2
    endloop
  endfacet
  facet normal -0.513373 0.858166 0
    outer loop
      vertex 49.2666 -2.28112 2
      vertex 49.3172 -2.25085 0
      vertex 49.2666 -2.28112 0
    endloop
  endfacet
  facet normal -0.427809 0.903869 0
    outer loop
      vertex 49.3704 -2.22567 0
      vertex 49.3172 -2.25085 2
      vertex 49.3704 -2.22567 2
    endloop
  endfacet
  facet normal -0.427809 0.903869 0
    outer loop
      vertex 49.3172 -2.25085 2
      vertex 49.3704 -2.22567 0
      vertex 49.3172 -2.25085 0
    endloop
  endfacet
  facet normal 0.513996 -0.857793 0
    outer loop
      vertex 53.6828 -4.72915 0
      vertex 53.7333 -4.69889 2
      vertex 53.6828 -4.72915 2
    endloop
  endfacet
  facet normal 0.513996 -0.857793 0
    outer loop
      vertex 53.7333 -4.69889 2
      vertex 53.6828 -4.72915 0
      vertex 53.7333 -4.69889 0
    endloop
  endfacet
  facet normal 0.903831 -0.427889 0
    outer loop
      vertex 53.9291 -4.48285 2
      vertex 53.9543 -4.42962 0
      vertex 53.9543 -4.42962 2
    endloop
  endfacet
  facet normal 0.903831 -0.427889 0
    outer loop
      vertex 53.9543 -4.42962 0
      vertex 53.9291 -4.48285 2
      vertex 53.9291 -4.48285 0
    endloop
  endfacet
  facet normal -0.941222 -0.337788 0
    outer loop
      vertex 49.0457 -4.42962 0
      vertex 49.0258 -4.37417 2
      vertex 49.0258 -4.37417 0
    endloop
  endfacet
  facet normal -0.941222 -0.337788 0
    outer loop
      vertex 49.0258 -4.37417 2
      vertex 49.0457 -4.42962 0
      vertex 49.0457 -4.42962 2
    endloop
  endfacet
  facet normal 0.595699 0.803208 -0
    outer loop
      vertex 53.7806 -2.3162 0
      vertex 53.7333 -2.28112 2
      vertex 53.7806 -2.3162 2
    endloop
  endfacet
  facet normal 0.595699 0.803208 0
    outer loop
      vertex 53.7333 -2.28112 2
      vertex 53.7806 -2.3162 0
      vertex 53.7333 -2.28112 0
    endloop
  endfacet
  facet normal 0.427809 -0.903869 0
    outer loop
      vertex 53.6296 -4.75433 0
      vertex 53.6828 -4.72915 2
      vertex 53.6296 -4.75433 2
    endloop
  endfacet
  facet normal 0.427809 -0.903869 0
    outer loop
      vertex 53.6828 -4.72915 2
      vertex 53.6296 -4.75433 0
      vertex 53.6828 -4.72915 0
    endloop
  endfacet
  facet normal -0.670931 0.74152 0
    outer loop
      vertex 49.2194 -2.3162 0
      vertex 49.1757 -2.35574 2
      vertex 49.2194 -2.3162 2
    endloop
  endfacet
  facet normal -0.670931 0.74152 0
    outer loop
      vertex 49.1757 -2.35574 2
      vertex 49.2194 -2.3162 0
      vertex 49.1757 -2.35574 0
    endloop
  endfacet
  facet normal 0 0 1
    outer loop
      vertex 53.5508 -2.2 2
      vertex 54 -2.78001 2
      vertex 53.9971 -2.7212 2
    endloop
  endfacet
  facet normal 0 0 1
    outer loop
      vertex 54 -2.78001 2
      vertex 53.4 -4.8 2
      vertex 54 -4.20001 2
    endloop
  endfacet
  facet normal 0 0 1
    outer loop
      vertex 53.5508 -2.2 2
      vertex 53.9971 -2.7212 2
      vertex 53.9885 -2.66296 2
    endloop
  endfacet
  facet normal 0 0 1
    outer loop
      vertex 54 -4.20001 2
      vertex 53.4 -4.8 2
      vertex 53.9971 -4.25882 2
    endloop
  endfacet
  facet normal 0 0 1
    outer loop
      vertex 53.5508 -2.2 2
      vertex 53.9885 -2.66296 2
      vertex 53.9742 -2.60583 2
    endloop
  endfacet
  facet normal 0 0 1
    outer loop
      vertex 53.9971 -4.25882 2
      vertex 53.4 -4.8 2
      vertex 53.9885 -4.31706 2
    endloop
  endfacet
  facet normal 0 0 1
    outer loop
      vertex 53.5508 -2.2 2
      vertex 53.9742 -2.60583 2
      vertex 53.9543 -2.5504 2
    endloop
  endfacet
  facet normal 0 0 1
    outer loop
      vertex 53.9885 -4.31706 2
      vertex 53.4 -4.8 2
      vertex 53.9742 -4.37417 2
    endloop
  endfacet
  facet normal 0 0 1
    outer loop
      vertex 53.5508 -2.2 2
      vertex 53.9543 -2.5504 2
      vertex 53.9291 -2.49717 2
    endloop
  endfacet
  facet normal 0 0 1
    outer loop
      vertex 53.9742 -4.37417 2
      vertex 53.4 -4.8 2
      vertex 53.9543 -4.42962 2
    endloop
  endfacet
  facet normal 0 0 1
    outer loop
      vertex 53.5508 -2.2 2
      vertex 53.9291 -2.49717 2
      vertex 53.8989 -2.44667 2
    endloop
  endfacet
  facet normal 0 0 1
    outer loop
      vertex 53.9543 -4.42962 2
      vertex 53.4 -4.8 2
      vertex 53.9291 -4.48285 2
    endloop
  endfacet
  facet normal 0 0 1
    outer loop
      vertex 53.5508 -2.2 2
      vertex 53.8989 -2.44667 2
      vertex 53.8638 -2.39936 2
    endloop
  endfacet
  facet normal 0 0 1
    outer loop
      vertex 53.9291 -4.48285 2
      vertex 53.4 -4.8 2
      vertex 53.8989 -4.53335 2
    endloop
  endfacet
  facet normal 0 0 1
    outer loop
      vertex 53.5508 -2.2 2
      vertex 53.8638 -2.39936 2
      vertex 53.8242 -2.35574 2
    endloop
  endfacet
  facet normal 0 0 1
    outer loop
      vertex 53.8989 -4.53335 2
      vertex 53.4 -4.8 2
      vertex 53.8638 -4.58064 2
    endloop
  endfacet
  facet normal 0 0 1
    outer loop
      vertex 53.5508 -2.2 2
      vertex 53.8242 -2.35574 2
      vertex 53.7806 -2.3162 2
    endloop
  endfacet
  facet normal 0 0 1
    outer loop
      vertex 53.8638 -4.58064 2
      vertex 53.4 -4.8 2
      vertex 53.8242 -4.62426 2
    endloop
  endfacet
  facet normal 0 0 1
    outer loop
      vertex 53.5508 -2.2 2
      vertex 53.7806 -2.3162 2
      vertex 53.7333 -2.28112 2
    endloop
  endfacet
  facet normal 0 0 1
    outer loop
      vertex 53.8242 -4.62426 2
      vertex 53.4 -4.8 2
      vertex 53.7806 -4.66381 2
    endloop
  endfacet
  facet normal 0 0 1
    outer loop
      vertex 53.5508 -2.2 2
      vertex 53.7333 -2.28112 2
      vertex 53.6828 -2.25085 2
    endloop
  endfacet
  facet normal 0 0 1
    outer loop
      vertex 53.7806 -4.66381 2
      vertex 53.4 -4.8 2
      vertex 53.7333 -4.69889 2
    endloop
  endfacet
  facet normal 0 0 1
    outer loop
      vertex 53.5508 -2.2 2
      vertex 53.6828 -2.25085 2
      vertex 53.6296 -2.22567 2
    endloop
  endfacet
  facet normal 0 0 1
    outer loop
      vertex 53.7333 -4.69889 2
      vertex 53.4 -4.8 2
      vertex 53.6828 -4.72915 2
    endloop
  endfacet
  facet normal 0 0 1
    outer loop
      vertex 53.5508 -2.2 2
      vertex 53.6296 -2.22567 2
      vertex 53.5742 -2.20584 2
    endloop
  endfacet
  facet normal 0 0 1
    outer loop
      vertex 53.6828 -4.72915 2
      vertex 53.4 -4.8 2
      vertex 53.6296 -4.75433 2
    endloop
  endfacet
  facet normal 0 0 1
    outer loop
      vertex 54 -2.78001 2
      vertex 53.5508 -2.2 2
      vertex 53.4 -4.8 2
    endloop
  endfacet
  facet normal 0 0 1
    outer loop
      vertex 53.6296 -4.75433 2
      vertex 53.4 -4.8 2
      vertex 53.5742 -4.77417 2
    endloop
  endfacet
  facet normal 0 0 1
    outer loop
      vertex 53.5742 -4.77417 2
      vertex 53.4 -4.8 2
      vertex 53.517 -4.78848 2
    endloop
  endfacet
  facet normal 0 0 1
    outer loop
      vertex 53.517 -4.78848 2
      vertex 53.4 -4.8 2
      vertex 53.4588 -4.79712 2
    endloop
  endfacet
  facet normal 0 0 1
    outer loop
      vertex 53.5508 -2.2 2
      vertex 49.6 -4.8 2
      vertex 53.4 -4.8 2
    endloop
  endfacet
  facet normal -0 0 1
    outer loop
      vertex 49.4491 -2.2 2
      vertex 49.6 -4.8 2
      vertex 53.5508 -2.2 2
    endloop
  endfacet
  facet normal -0 0 1
    outer loop
      vertex 49 -2.78001 2
      vertex 49.6 -4.8 2
      vertex 49.4491 -2.2 2
    endloop
  endfacet
  facet normal -0 0 1
    outer loop
      vertex 49 -4.20001 2
      vertex 49.6 -4.8 2
      vertex 49 -2.78001 2
    endloop
  endfacet
  facet normal 0 0 1
    outer loop
      vertex 49.3704 -2.22567 2
      vertex 49.4491 -2.2 2
      vertex 49.4258 -2.20584 2
    endloop
  endfacet
  facet normal 0 0 1
    outer loop
      vertex 49.6 -4.8 2
      vertex 49 -4.20001 2
      vertex 49.5412 -4.79712 2
    endloop
  endfacet
  facet normal 0 0 1
    outer loop
      vertex 49.4491 -2.2 2
      vertex 49.3704 -2.22567 2
      vertex 49 -2.78001 2
    endloop
  endfacet
  facet normal 0 0 1
    outer loop
      vertex 49.5412 -4.79712 2
      vertex 49 -4.20001 2
      vertex 49.4829 -4.78848 2
    endloop
  endfacet
  facet normal 0 0 1
    outer loop
      vertex 49 -2.78001 2
      vertex 49.3704 -2.22567 2
      vertex 49.3172 -2.25085 2
    endloop
  endfacet
  facet normal 0 0 1
    outer loop
      vertex 49.4829 -4.78848 2
      vertex 49 -4.20001 2
      vertex 49.4258 -4.77417 2
    endloop
  endfacet
  facet normal 0 0 1
    outer loop
      vertex 49 -2.78001 2
      vertex 49.3172 -2.25085 2
      vertex 49.2666 -2.28112 2
    endloop
  endfacet
  facet normal 0 0 1
    outer loop
      vertex 49.4258 -4.77417 2
      vertex 49 -4.20001 2
      vertex 49.3704 -4.75433 2
    endloop
  endfacet
  facet normal 0 0 1
    outer loop
      vertex 49 -2.78001 2
      vertex 49.2666 -2.28112 2
      vertex 49.2194 -2.3162 2
    endloop
  endfacet
  facet normal 0 0 1
    outer loop
      vertex 49.3704 -4.75433 2
      vertex 49 -4.20001 2
      vertex 49.3172 -4.72915 2
    endloop
  endfacet
  facet normal 0 0 1
    outer loop
      vertex 49 -2.78001 2
      vertex 49.2194 -2.3162 2
      vertex 49.1757 -2.35574 2
    endloop
  endfacet
  facet normal 0 0 1
    outer loop
      vertex 49.3172 -4.72915 2
      vertex 49 -4.20001 2
      vertex 49.2666 -4.69889 2
    endloop
  endfacet
  facet normal 0 0 1
    outer loop
      vertex 49 -2.78001 2
      vertex 49.1757 -2.35574 2
      vertex 49.1362 -2.39936 2
    endloop
  endfacet
  facet normal 0 0 1
    outer loop
      vertex 49.2666 -4.69889 2
      vertex 49 -4.20001 2
      vertex 49.2194 -4.66381 2
    endloop
  endfacet
  facet normal 0 0 1
    outer loop
      vertex 49 -2.78001 2
      vertex 49.1362 -2.39936 2
      vertex 49.1011 -2.44667 2
    endloop
  endfacet
  facet normal 0 0 1
    outer loop
      vertex 49.2194 -4.66381 2
      vertex 49 -4.20001 2
      vertex 49.1757 -4.62426 2
    endloop
  endfacet
  facet normal 0 0 1
    outer loop
      vertex 49 -2.78001 2
      vertex 49.1011 -2.44667 2
      vertex 49.0708 -2.49717 2
    endloop
  endfacet
  facet normal 0 0 1
    outer loop
      vertex 49.1757 -4.62426 2
      vertex 49 -4.20001 2
      vertex 49.1362 -4.58064 2
    endloop
  endfacet
  facet normal 0 0 1
    outer loop
      vertex 49 -2.78001 2
      vertex 49.0708 -2.49717 2
      vertex 49.0457 -2.5504 2
    endloop
  endfacet
  facet normal 0 0 1
    outer loop
      vertex 49.1362 -4.58064 2
      vertex 49 -4.20001 2
      vertex 49.1011 -4.53335 2
    endloop
  endfacet
  facet normal 0 0 1
    outer loop
      vertex 49 -2.78001 2
      vertex 49.0457 -2.5504 2
      vertex 49.0258 -2.60583 2
    endloop
  endfacet
  facet normal 0 0 1
    outer loop
      vertex 49.1011 -4.53335 2
      vertex 49 -4.20001 2
      vertex 49.0708 -4.48285 2
    endloop
  endfacet
  facet normal 0 0 1
    outer loop
      vertex 49 -2.78001 2
      vertex 49.0258 -2.60583 2
      vertex 49.0115 -2.66296 2
    endloop
  endfacet
  facet normal 0 0 1
    outer loop
      vertex 49.0708 -4.48285 2
      vertex 49 -4.20001 2
      vertex 49.0457 -4.42962 2
    endloop
  endfacet
  facet normal 0 0 1
    outer loop
      vertex 49 -2.78001 2
      vertex 49.0115 -2.66296 2
      vertex 49.0029 -2.7212 2
    endloop
  endfacet
  facet normal 0 0 1
    outer loop
      vertex 49.0457 -4.42962 2
      vertex 49 -4.20001 2
      vertex 49.0258 -4.37417 2
    endloop
  endfacet
  facet normal 0 0 1
    outer loop
      vertex 49.0258 -4.37417 2
      vertex 49 -4.20001 2
      vertex 49.0115 -4.31706 2
    endloop
  endfacet
  facet normal 0 0 1
    outer loop
      vertex 49.0115 -4.31706 2
      vertex 49 -4.20001 2
      vertex 49.0029 -4.25882 2
    endloop
  endfacet
  facet normal 0 0 -1
    outer loop
      vertex 49 -0.799999 4.2
      vertex 54 0.599991 4.2
      vertex 54 -0.799999 4.2
    endloop
  endfacet
  facet normal -0 0 -1
    outer loop
      vertex 54 0.599991 4.2
      vertex 49 -0.799999 4.2
      vertex 49 0.599991 4.2
    endloop
  endfacet
  facet normal -0 0 1
    outer loop
      vertex 49 -0.799988 5.89999
      vertex 54 -0.799999 5.89999
      vertex 54 -0.799988 5.89999
    endloop
  endfacet
  facet normal 0 0 1
    outer loop
      vertex 54 -0.799999 5.89999
      vertex 49 -0.799988 5.89999
      vertex 49 -0.799999 5.89999
    endloop
  endfacet
  facet normal 0 0.771933 0.635704
    outer loop
      vertex 54 0.599991 4.2
      vertex 49 -0.799988 5.89999
      vertex 54 -0.799988 5.89999
    endloop
  endfacet
  facet normal 0 0.771933 0.635704
    outer loop
      vertex 49 -0.799988 5.89999
      vertex 54 0.599991 4.2
      vertex 49 0.599991 4.2
    endloop
  endfacet
  facet normal 1 -0 0
    outer loop
      vertex 28.02 42.6 2
      vertex 28.02 43.4 0
      vertex 28.02 43.4 2
    endloop
  endfacet
  facet normal 1 0 0
    outer loop
      vertex 28.02 43.4 0
      vertex 28.02 42.6 2
      vertex 28.02 42.6 0
    endloop
  endfacet
  facet normal -1 0 0
    outer loop
      vertex 25 42.6 0
      vertex 25 44.8 2
      vertex 25 44.8 0
    endloop
  endfacet
  facet normal -1 -0 0
    outer loop
      vertex 25 44.8 2
      vertex 25 42.6 0
      vertex 25 42.6 2
    endloop
  endfacet
  facet normal 0 1 0
    outer loop
      vertex 54 44.8 5.9
      vertex 53.5508 44.8 2
      vertex 49 44.8 5.9
    endloop
  endfacet
  facet normal 0 1 -0
    outer loop
      vertex 54 44.8 0
      vertex 53.5508 44.8 2
      vertex 54 44.8 5.9
    endloop
  endfacet
  facet normal 0 1 0
    outer loop
      vertex 53.5508 44.8 2
      vertex 54 44.8 0
      vertex 53.5508 44.8 0
    endloop
  endfacet
  facet normal 0 1 -0
    outer loop
      vertex 49.4491 44.8 2
      vertex 49 44.8 5.9
      vertex 53.5508 44.8 2
    endloop
  endfacet
  facet normal 0 1 0
    outer loop
      vertex 49.4491 44.8 2
      vertex 49 44.8 2
      vertex 49 44.8 5.9
    endloop
  endfacet
  facet normal 0 1 -0
    outer loop
      vertex 49.4491 44.8 0
      vertex 49 44.8 2
      vertex 49.4491 44.8 2
    endloop
  endfacet
  facet normal 0 1 0
    outer loop
      vertex 25 44.8 0
      vertex 49 44.8 2
      vertex 49.4491 44.8 0
    endloop
  endfacet
  facet normal 0 1 0
    outer loop
      vertex 49 44.8 2
      vertex 25 44.8 0
      vertex 25 44.8 2
    endloop
  endfacet
  facet normal 1 0 -0
    outer loop
      vertex 54 43.4 4.2
      vertex 54 43.4 5.89999
      vertex 54 42 4.2
    endloop
  endfacet
  facet normal 1 0 0
    outer loop
      vertex 54 43.4 5.89999
      vertex 54 44.8 5.9
      vertex 54 43.4 5.9
    endloop
  endfacet
  facet normal 1 0 0
    outer loop
      vertex 54 43.4 4.2
      vertex 54 44.8 5.9
      vertex 54 43.4 5.89999
    endloop
  endfacet
  facet normal 1 0 0
    outer loop
      vertex 54 44.8 5.9
      vertex 54 43.4 4.2
      vertex 54 44.8 0
    endloop
  endfacet
  facet normal 1 0 0
    outer loop
      vertex 54 44.8 0
      vertex 54 43.4 4.2
      vertex 54 43.4 0
    endloop
  endfacet
  facet normal 0 -1 0
    outer loop
      vertex 49 43.4 5.89999
      vertex 54 43.4 5.9
      vertex 49 43.4 5.9
    endloop
  endfacet
  facet normal 0 -1 -0
    outer loop
      vertex 54 43.4 5.9
      vertex 49 43.4 5.89999
      vertex 54 43.4 5.89999
    endloop
  endfacet
  facet normal 0 -1 0
    outer loop
      vertex 28.02 43.4 2
      vertex 28.02 43.4 0
      vertex 49 43.4 2
    endloop
  endfacet
  facet normal 0 -1 0
    outer loop
      vertex 49 43.4 2
      vertex 54 43.4 4.2
      vertex 49 43.4 4.2
    endloop
  endfacet
  facet normal 0 -1 0
    outer loop
      vertex 49 43.4 2
      vertex 54 43.4 0
      vertex 54 43.4 4.2
    endloop
  endfacet
  facet normal 0 -1 0
    outer loop
      vertex 54 43.4 0
      vertex 49 43.4 2
      vertex 28.02 43.4 0
    endloop
  endfacet
  facet normal -0 0 1
    outer loop
      vertex 49 44.8 5.9
      vertex 54 43.4 5.9
      vertex 54 44.8 5.9
    endloop
  endfacet
  facet normal 0 0 1
    outer loop
      vertex 54 43.4 5.9
      vertex 49 44.8 5.9
      vertex 49 43.4 5.9
    endloop
  endfacet
  facet normal -1 0 -0
    outer loop
      vertex 49 43.4 5.89999
      vertex 49 43.4 4.2
      vertex 49 42 4.2
    endloop
  endfacet
  facet normal -1 0 0
    outer loop
      vertex 49 43.4 4.2
      vertex 49 44.8 2
      vertex 49 43.4 2
    endloop
  endfacet
  facet normal -1 0 0
    outer loop
      vertex 49 44.8 2
      vertex 49 43.4 4.2
      vertex 49 44.8 5.9
    endloop
  endfacet
  facet normal -1 0 0
    outer loop
      vertex 49 43.4 5.89999
      vertex 49 44.8 5.9
      vertex 49 43.4 4.2
    endloop
  endfacet
  facet normal -1 -0 0
    outer loop
      vertex 49 44.8 5.9
      vertex 49 43.4 5.89999
      vertex 49 43.4 5.9
    endloop
  endfacet
  facet normal -0.989294 0.145934 0
    outer loop
      vertex 49.0029 46.8588 0
      vertex 49.0115 46.9171 2
      vertex 49.0115 46.9171 0
    endloop
  endfacet
  facet normal -0.989294 0.145934 0
    outer loop
      vertex 49.0115 46.9171 2
      vertex 49.0029 46.8588 0
      vertex 49.0029 46.8588 2
    endloop
  endfacet
  facet normal -0.857941 0.513748 0
    outer loop
      vertex 49.0708 47.0828 0
      vertex 49.1011 47.1334 2
      vertex 49.1011 47.1334 0
    endloop
  endfacet
  facet normal -0.857941 0.513748 0
    outer loop
      vertex 49.1011 47.1334 2
      vertex 49.0708 47.0828 0
      vertex 49.0708 47.0828 2
    endloop
  endfacet
  facet normal -0.802441 0.596731 0
    outer loop
      vertex 49.1011 47.1334 0
      vertex 49.1362 47.1806 2
      vertex 49.1362 47.1806 0
    endloop
  endfacet
  facet normal -0.802441 0.596731 0
    outer loop
      vertex 49.1362 47.1806 2
      vertex 49.1011 47.1334 0
      vertex 49.1011 47.1334 2
    endloop
  endfacet
  facet normal -0.989258 -0.146179 0
    outer loop
      vertex 49.0115 45.263 0
      vertex 49.0029 45.3212 2
      vertex 49.0029 45.3212 0
    endloop
  endfacet
  facet normal -0.989258 -0.146179 0
    outer loop
      vertex 49.0029 45.3212 2
      vertex 49.0115 45.263 0
      vertex 49.0115 45.263 2
    endloop
  endfacet
  facet normal -0.970143 -0.242536 0
    outer loop
      vertex 49.0258 45.2058 0
      vertex 49.0115 45.263 2
      vertex 49.0115 45.263 0
    endloop
  endfacet
  facet normal -0.970143 -0.242536 0
    outer loop
      vertex 49.0115 45.263 2
      vertex 49.0258 45.2058 0
      vertex 49.0258 45.2058 2
    endloop
  endfacet
  facet normal -0.242935 0.970042 0
    outer loop
      vertex 49.4829 47.3885 0
      vertex 49.4258 47.3742 2
      vertex 49.4829 47.3885 2
    endloop
  endfacet
  facet normal -0.242935 0.970042 0
    outer loop
      vertex 49.4258 47.3742 2
      vertex 49.4829 47.3885 0
      vertex 49.4258 47.3742 0
    endloop
  endfacet
  facet normal -0.857493 -0.514496 0
    outer loop
      vertex 49.1011 45.0467 0
      vertex 49.0708 45.0972 2
      vertex 49.0708 45.0972 0
    endloop
  endfacet
  facet normal -0.857493 -0.514496 0
    outer loop
      vertex 49.0708 45.0972 2
      vertex 49.1011 45.0467 0
      vertex 49.1011 45.0467 2
    endloop
  endfacet
  facet normal 0.146179 0.989258 -0
    outer loop
      vertex 53.517 47.3885 0
      vertex 53.4588 47.3971 2
      vertex 53.517 47.3885 2
    endloop
  endfacet
  facet normal 0.146179 0.989258 0
    outer loop
      vertex 53.4588 47.3971 2
      vertex 53.517 47.3885 0
      vertex 53.4588 47.3971 0
    endloop
  endfacet
  facet normal 0.671403 0.741093 -0
    outer loop
      vertex 53.8242 47.2243 0
      vertex 53.7806 47.2638 2
      vertex 53.8242 47.2243 2
    endloop
  endfacet
  facet normal 0.671403 0.741093 0
    outer loop
      vertex 53.7806 47.2638 2
      vertex 53.8242 47.2243 0
      vertex 53.7806 47.2638 0
    endloop
  endfacet
  facet normal 0.989258 -0.146179 0
    outer loop
      vertex 53.9885 45.263 2
      vertex 53.9971 45.3212 0
      vertex 53.9971 45.3212 2
    endloop
  endfacet
  facet normal 0.989258 -0.146179 0
    outer loop
      vertex 53.9971 45.3212 0
      vertex 53.9885 45.263 2
      vertex 53.9885 45.263 0
    endloop
  endfacet
  facet normal 0.858242 -0.513246 0
    outer loop
      vertex 53.8989 45.0467 2
      vertex 53.9291 45.0972 0
      vertex 53.9291 45.0972 2
    endloop
  endfacet
  facet normal 0.858242 -0.513246 0
    outer loop
      vertex 53.9291 45.0972 0
      vertex 53.8989 45.0467 2
      vertex 53.8989 45.0467 0
    endloop
  endfacet
  facet normal -0.998786 0.0492599 0
    outer loop
      vertex 49 46.8 0
      vertex 49.0029 46.8588 2
      vertex 49.0029 46.8588 0
    endloop
  endfacet
  facet normal -0.998786 0.0492599 0
    outer loop
      vertex 49.0029 46.8588 2
      vertex 49 46.8 0
      vertex 49 46.8 2
    endloop
  endfacet
  facet normal -0.0492599 0.998786 0
    outer loop
      vertex 49.6 47.4 0
      vertex 49.5412 47.3971 2
      vertex 49.6 47.4 2
    endloop
  endfacet
  facet normal -0.0492599 0.998786 0
    outer loop
      vertex 49.5412 47.3971 2
      vertex 49.6 47.4 0
      vertex 49.5412 47.3971 0
    endloop
  endfacet
  facet normal 0.970143 -0.242536 0
    outer loop
      vertex 53.9742 45.2058 2
      vertex 53.9885 45.263 0
      vertex 53.9885 45.263 2
    endloop
  endfacet
  facet normal 0.970143 -0.242536 0
    outer loop
      vertex 53.9885 45.263 0
      vertex 53.9742 45.2058 2
      vertex 53.9742 45.2058 0
    endloop
  endfacet
  facet normal 0.998786 -0.0492599 0
    outer loop
      vertex 53.9971 45.3212 2
      vertex 54 45.38 0
      vertex 54 45.38 2
    endloop
  endfacet
  facet normal 0.998786 -0.0492599 0
    outer loop
      vertex 54 45.38 0
      vertex 53.9971 45.3212 2
      vertex 53.9971 45.3212 0
    endloop
  endfacet
  facet normal 0.989294 0.145934 0
    outer loop
      vertex 53.9971 46.8588 2
      vertex 53.9885 46.9171 0
      vertex 53.9885 46.9171 2
    endloop
  endfacet
  facet normal 0.989294 0.145934 0
    outer loop
      vertex 53.9885 46.9171 0
      vertex 53.9971 46.8588 2
      vertex 53.9971 46.8588 0
    endloop
  endfacet
  facet normal -0.241556 -0.970387 0
    outer loop
      vertex 49.4258 44.8058 0
      vertex 49.4491 44.8 2
      vertex 49.4258 44.8058 2
    endloop
  endfacet
  facet normal -0.241556 -0.970387 -0
    outer loop
      vertex 49.4491 44.8 2
      vertex 49.4258 44.8058 0
      vertex 49.4491 44.8 0
    endloop
  endfacet
  facet normal 0.803046 -0.595918 0
    outer loop
      vertex 53.8638 44.9994 2
      vertex 53.8989 45.0467 0
      vertex 53.8989 45.0467 2
    endloop
  endfacet
  facet normal 0.803046 -0.595918 0
    outer loop
      vertex 53.8989 45.0467 0
      vertex 53.8638 44.9994 2
      vertex 53.8638 44.9994 0
    endloop
  endfacet
  facet normal 0 1 -0
    outer loop
      vertex 53.4 47.4 0
      vertex 49.6 47.4 2
      vertex 53.4 47.4 2
    endloop
  endfacet
  facet normal 0 1 0
    outer loop
      vertex 49.6 47.4 2
      vertex 53.4 47.4 0
      vertex 49.6 47.4 0
    endloop
  endfacet
  facet normal 0.741013 -0.67149 0
    outer loop
      vertex 53.8242 44.9557 2
      vertex 53.8638 44.9994 0
      vertex 53.8638 44.9994 2
    endloop
  endfacet
  facet normal 0.741013 -0.67149 0
    outer loop
      vertex 53.8638 44.9994 0
      vertex 53.8242 44.9557 2
      vertex 53.8242 44.9557 0
    endloop
  endfacet
  facet normal -1 0 0
    outer loop
      vertex 49 45.38 0
      vertex 49 46.8 2
      vertex 49 46.8 0
    endloop
  endfacet
  facet normal -1 -0 0
    outer loop
      vertex 49 46.8 2
      vertex 49 45.38 0
      vertex 49 45.38 2
    endloop
  endfacet
  facet normal -0.513748 0.857941 0
    outer loop
      vertex 49.3172 47.3292 0
      vertex 49.2666 47.2989 2
      vertex 49.3172 47.3292 2
    endloop
  endfacet
  facet normal -0.513748 0.857941 0
    outer loop
      vertex 49.2666 47.2989 2
      vertex 49.3172 47.3292 0
      vertex 49.2666 47.2989 0
    endloop
  endfacet
  facet normal -0.338058 -0.941125 0
    outer loop
      vertex 49.3704 44.8257 0
      vertex 49.4258 44.8058 2
      vertex 49.3704 44.8257 2
    endloop
  endfacet
  facet normal -0.338058 -0.941125 -0
    outer loop
      vertex 49.4258 44.8058 2
      vertex 49.3704 44.8257 0
      vertex 49.4258 44.8058 0
    endloop
  endfacet
  facet normal 0.242536 0.970143 -0
    outer loop
      vertex 53.5742 47.3742 0
      vertex 53.517 47.3885 2
      vertex 53.5742 47.3742 2
    endloop
  endfacet
  facet normal 0.242536 0.970143 0
    outer loop
      vertex 53.517 47.3885 2
      vertex 53.5742 47.3742 0
      vertex 53.517 47.3885 0
    endloop
  endfacet
  facet normal 0.240583 -0.970629 0
    outer loop
      vertex 53.5508 44.8 0
      vertex 53.5742 44.8058 2
      vertex 53.5508 44.8 2
    endloop
  endfacet
  facet normal 0.240583 -0.970629 0
    outer loop
      vertex 53.5742 44.8058 2
      vertex 53.5508 44.8 0
      vertex 53.5742 44.8058 0
    endloop
  endfacet
  facet normal -0.426697 0.904394 0
    outer loop
      vertex 49.3704 47.3543 0
      vertex 49.3172 47.3292 2
      vertex 49.3704 47.3543 2
    endloop
  endfacet
  facet normal -0.426697 0.904394 0
    outer loop
      vertex 49.3172 47.3292 2
      vertex 49.3704 47.3543 0
      vertex 49.3172 47.3292 0
    endloop
  endfacet
  facet normal 0.858688 0.512498 0
    outer loop
      vertex 53.9291 47.0828 2
      vertex 53.8989 47.1334 0
      vertex 53.8989 47.1334 2
    endloop
  endfacet
  facet normal 0.858688 0.512498 0
    outer loop
      vertex 53.8989 47.1334 0
      vertex 53.9291 47.0828 2
      vertex 53.9291 47.0828 0
    endloop
  endfacet
  facet normal 0.903738 -0.428086 0
    outer loop
      vertex 53.9291 45.0972 2
      vertex 53.9543 45.1504 0
      vertex 53.9543 45.1504 2
    endloop
  endfacet
  facet normal 0.903738 -0.428086 0
    outer loop
      vertex 53.9543 45.1504 0
      vertex 53.9291 45.0972 2
      vertex 53.9291 45.0972 0
    endloop
  endfacet
  facet normal -0.941125 -0.338058 0
    outer loop
      vertex 49.0457 45.1504 0
      vertex 49.0258 45.2058 2
      vertex 49.0258 45.2058 0
    endloop
  endfacet
  facet normal -0.941125 -0.338058 0
    outer loop
      vertex 49.0258 45.2058 2
      vertex 49.0457 45.1504 0
      vertex 49.0457 45.1504 2
    endloop
  endfacet
  facet normal -0.998786 -0.0492599 0
    outer loop
      vertex 49.0029 45.3212 0
      vertex 49 45.38 2
      vertex 49 45.38 0
    endloop
  endfacet
  facet normal -0.998786 -0.0492599 0
    outer loop
      vertex 49 45.38 2
      vertex 49.0029 45.3212 0
      vertex 49.0029 45.3212 2
    endloop
  endfacet
  facet normal -0.670558 0.741857 0
    outer loop
      vertex 49.2194 47.2638 0
      vertex 49.1757 47.2243 2
      vertex 49.2194 47.2638 2
    endloop
  endfacet
  facet normal -0.670558 0.741857 0
    outer loop
      vertex 49.1757 47.2243 2
      vertex 49.2194 47.2638 0
      vertex 49.1757 47.2243 0
    endloop
  endfacet
  facet normal 0.514496 -0.857493 0
    outer loop
      vertex 53.6828 44.8508 0
      vertex 53.7333 44.8811 2
      vertex 53.6828 44.8508 2
    endloop
  endfacet
  facet normal 0.514496 -0.857493 0
    outer loop
      vertex 53.7333 44.8811 2
      vertex 53.6828 44.8508 0
      vertex 53.7333 44.8811 0
    endloop
  endfacet
  facet normal -0.904394 0.426697 0
    outer loop
      vertex 49.0457 47.0296 0
      vertex 49.0708 47.0828 2
      vertex 49.0708 47.0828 0
    endloop
  endfacet
  facet normal -0.904394 0.426697 0
    outer loop
      vertex 49.0708 47.0828 2
      vertex 49.0457 47.0296 0
      vertex 49.0457 47.0296 2
    endloop
  endfacet
  facet normal -0.145934 0.989294 0
    outer loop
      vertex 49.5412 47.3971 0
      vertex 49.4829 47.3885 2
      vertex 49.5412 47.3971 2
    endloop
  endfacet
  facet normal -0.145934 0.989294 0
    outer loop
      vertex 49.4829 47.3885 2
      vertex 49.5412 47.3971 0
      vertex 49.4829 47.3885 0
    endloop
  endfacet
  facet normal -0.970042 0.242935 0
    outer loop
      vertex 49.0115 46.9171 0
      vertex 49.0258 46.9742 2
      vertex 49.0258 46.9742 0
    endloop
  endfacet
  facet normal -0.970042 0.242935 0
    outer loop
      vertex 49.0258 46.9742 2
      vertex 49.0115 46.9171 0
      vertex 49.0115 46.9171 2
    endloop
  endfacet
  facet normal -0.803046 -0.595918 0
    outer loop
      vertex 49.1362 44.9994 0
      vertex 49.1011 45.0467 2
      vertex 49.1011 45.0467 0
    endloop
  endfacet
  facet normal -0.803046 -0.595918 0
    outer loop
      vertex 49.1011 45.0467 2
      vertex 49.1362 44.9994 0
      vertex 49.1362 44.9994 2
    endloop
  endfacet
  facet normal 0.998786 0.0492599 0
    outer loop
      vertex 54 46.8 2
      vertex 53.9971 46.8588 0
      vertex 53.9971 46.8588 2
    endloop
  endfacet
  facet normal 0.998786 0.0492599 0
    outer loop
      vertex 53.9971 46.8588 0
      vertex 54 46.8 2
      vertex 54 46.8 0
    endloop
  endfacet
  facet normal 0.941125 -0.338058 0
    outer loop
      vertex 53.9543 45.1504 2
      vertex 53.9742 45.2058 0
      vertex 53.9742 45.2058 2
    endloop
  endfacet
  facet normal 0.941125 -0.338058 0
    outer loop
      vertex 53.9742 45.2058 0
      vertex 53.9543 45.1504 2
      vertex 53.9543 45.1504 0
    endloop
  endfacet
  facet normal 0.941125 0.338058 0
    outer loop
      vertex 53.9742 46.9742 2
      vertex 53.9543 47.0296 0
      vertex 53.9543 47.0296 2
    endloop
  endfacet
  facet normal 0.941125 0.338058 0
    outer loop
      vertex 53.9543 47.0296 0
      vertex 53.9742 46.9742 2
      vertex 53.9742 46.9742 0
    endloop
  endfacet
  facet normal 1 -0 0
    outer loop
      vertex 54 45.38 2
      vertex 54 46.8 0
      vertex 54 46.8 2
    endloop
  endfacet
  facet normal 1 0 0
    outer loop
      vertex 54 46.8 0
      vertex 54 45.38 2
      vertex 54 45.38 0
    endloop
  endfacet
  facet normal -0.596731 -0.802441 0
    outer loop
      vertex 49.2194 44.9162 0
      vertex 49.2666 44.8811 2
      vertex 49.2194 44.9162 2
    endloop
  endfacet
  facet normal -0.596731 -0.802441 -0
    outer loop
      vertex 49.2666 44.8811 2
      vertex 49.2194 44.9162 0
      vertex 49.2666 44.8811 0
    endloop
  endfacet
  facet normal 0.595918 0.803046 -0
    outer loop
      vertex 53.7806 47.2638 0
      vertex 53.7333 47.2989 2
      vertex 53.7806 47.2638 2
    endloop
  endfacet
  facet normal 0.595918 0.803046 0
    outer loop
      vertex 53.7333 47.2989 2
      vertex 53.7806 47.2638 0
      vertex 53.7333 47.2989 0
    endloop
  endfacet
  facet normal 0.671403 -0.741093 0
    outer loop
      vertex 53.7806 44.9162 0
      vertex 53.8242 44.9557 2
      vertex 53.7806 44.9162 2
    endloop
  endfacet
  facet normal 0.671403 -0.741093 0
    outer loop
      vertex 53.8242 44.9557 2
      vertex 53.7806 44.9162 0
      vertex 53.8242 44.9557 0
    endloop
  endfacet
  facet normal -0.338058 0.941125 0
    outer loop
      vertex 49.4258 47.3742 0
      vertex 49.3704 47.3543 2
      vertex 49.4258 47.3742 2
    endloop
  endfacet
  facet normal -0.338058 0.941125 0
    outer loop
      vertex 49.3704 47.3543 2
      vertex 49.4258 47.3742 0
      vertex 49.3704 47.3543 0
    endloop
  endfacet
  facet normal 0.741013 0.67149 0
    outer loop
      vertex 53.8638 47.1806 2
      vertex 53.8242 47.2243 0
      vertex 53.8242 47.2243 2
    endloop
  endfacet
  facet normal 0.741013 0.67149 0
    outer loop
      vertex 53.8242 47.2243 0
      vertex 53.8638 47.1806 2
      vertex 53.8638 47.1806 0
    endloop
  endfacet
  facet normal 0.338058 0.941125 -0
    outer loop
      vertex 53.6296 47.3543 0
      vertex 53.5742 47.3742 2
      vertex 53.6296 47.3543 2
    endloop
  endfacet
  facet normal 0.338058 0.941125 0
    outer loop
      vertex 53.5742 47.3742 2
      vertex 53.6296 47.3543 0
      vertex 53.5742 47.3742 0
    endloop
  endfacet
  facet normal 0.802441 0.596731 0
    outer loop
      vertex 53.8989 47.1334 2
      vertex 53.8638 47.1806 0
      vertex 53.8638 47.1806 2
    endloop
  endfacet
  facet normal 0.802441 0.596731 0
    outer loop
      vertex 53.8638 47.1806 0
      vertex 53.8989 47.1334 2
      vertex 53.8989 47.1334 0
    endloop
  endfacet
  facet normal 0.0492599 0.998786 -0
    outer loop
      vertex 53.4588 47.3971 0
      vertex 53.4 47.4 2
      vertex 53.4588 47.3971 2
    endloop
  endfacet
  facet normal 0.0492599 0.998786 0
    outer loop
      vertex 53.4 47.4 2
      vertex 53.4588 47.3971 0
      vertex 53.4 47.4 0
    endloop
  endfacet
  facet normal 0.426697 -0.904394 0
    outer loop
      vertex 53.6296 44.8257 0
      vertex 53.6828 44.8508 2
      vertex 53.6296 44.8257 2
    endloop
  endfacet
  facet normal 0.426697 -0.904394 0
    outer loop
      vertex 53.6828 44.8508 2
      vertex 53.6296 44.8257 0
      vertex 53.6828 44.8508 0
    endloop
  endfacet
  facet normal 0.970042 0.242935 0
    outer loop
      vertex 53.9885 46.9171 2
      vertex 53.9742 46.9742 0
      vertex 53.9742 46.9742 2
    endloop
  endfacet
  facet normal 0.970042 0.242935 0
    outer loop
      vertex 53.9742 46.9742 0
      vertex 53.9885 46.9171 2
      vertex 53.9885 46.9171 0
    endloop
  endfacet
  facet normal 0.338058 -0.941125 0
    outer loop
      vertex 53.5742 44.8058 0
      vertex 53.6296 44.8257 2
      vertex 53.5742 44.8058 2
    endloop
  endfacet
  facet normal 0.338058 -0.941125 0
    outer loop
      vertex 53.6296 44.8257 2
      vertex 53.5742 44.8058 0
      vertex 53.6296 44.8257 0
    endloop
  endfacet
  facet normal -0.741857 0.670558 0
    outer loop
      vertex 49.1362 47.1806 0
      vertex 49.1757 47.2243 2
      vertex 49.1757 47.2243 0
    endloop
  endfacet
  facet normal -0.741857 0.670558 0
    outer loop
      vertex 49.1757 47.2243 2
      vertex 49.1362 47.1806 0
      vertex 49.1362 47.1806 2
    endloop
  endfacet
  facet normal -0.596731 0.802441 0
    outer loop
      vertex 49.2666 47.2989 0
      vertex 49.2194 47.2638 2
      vertex 49.2666 47.2989 2
    endloop
  endfacet
  facet normal -0.596731 0.802441 0
    outer loop
      vertex 49.2194 47.2638 2
      vertex 49.2666 47.2989 0
      vertex 49.2194 47.2638 0
    endloop
  endfacet
  facet normal -0.741857 -0.670558 0
    outer loop
      vertex 49.1757 44.9557 0
      vertex 49.1362 44.9994 2
      vertex 49.1362 44.9994 0
    endloop
  endfacet
  facet normal -0.741857 -0.670558 0
    outer loop
      vertex 49.1362 44.9994 2
      vertex 49.1757 44.9557 0
      vertex 49.1757 44.9557 2
    endloop
  endfacet
  facet normal -0.904394 -0.426697 0
    outer loop
      vertex 49.0708 45.0972 0
      vertex 49.0457 45.1504 2
      vertex 49.0457 45.1504 0
    endloop
  endfacet
  facet normal -0.904394 -0.426697 0
    outer loop
      vertex 49.0457 45.1504 2
      vertex 49.0708 45.0972 0
      vertex 49.0708 45.0972 2
    endloop
  endfacet
  facet normal -0.513748 -0.857941 0
    outer loop
      vertex 49.2666 44.8811 0
      vertex 49.3172 44.8508 2
      vertex 49.2666 44.8811 2
    endloop
  endfacet
  facet normal -0.513748 -0.857941 -0
    outer loop
      vertex 49.3172 44.8508 2
      vertex 49.2666 44.8811 0
      vertex 49.3172 44.8508 0
    endloop
  endfacet
  facet normal -0.426697 -0.904394 0
    outer loop
      vertex 49.3172 44.8508 0
      vertex 49.3704 44.8257 2
      vertex 49.3172 44.8508 2
    endloop
  endfacet
  facet normal -0.426697 -0.904394 -0
    outer loop
      vertex 49.3704 44.8257 2
      vertex 49.3172 44.8508 0
      vertex 49.3704 44.8257 0
    endloop
  endfacet
  facet normal 0.514496 0.857493 -0
    outer loop
      vertex 53.7333 47.2989 0
      vertex 53.6828 47.3292 2
      vertex 53.7333 47.2989 2
    endloop
  endfacet
  facet normal 0.514496 0.857493 0
    outer loop
      vertex 53.6828 47.3292 2
      vertex 53.7333 47.2989 0
      vertex 53.6828 47.3292 0
    endloop
  endfacet
  facet normal 0.903738 0.428086 0
    outer loop
      vertex 53.9543 47.0296 2
      vertex 53.9291 47.0828 0
      vertex 53.9291 47.0828 2
    endloop
  endfacet
  facet normal 0.903738 0.428086 0
    outer loop
      vertex 53.9291 47.0828 0
      vertex 53.9543 47.0296 2
      vertex 53.9543 47.0296 0
    endloop
  endfacet
  facet normal -0.941125 0.338058 0
    outer loop
      vertex 49.0258 46.9742 0
      vertex 49.0457 47.0296 2
      vertex 49.0457 47.0296 0
    endloop
  endfacet
  facet normal -0.941125 0.338058 0
    outer loop
      vertex 49.0457 47.0296 2
      vertex 49.0258 46.9742 0
      vertex 49.0258 46.9742 2
    endloop
  endfacet
  facet normal 0.595918 -0.803046 0
    outer loop
      vertex 53.7333 44.8811 0
      vertex 53.7806 44.9162 2
      vertex 53.7333 44.8811 2
    endloop
  endfacet
  facet normal 0.595918 -0.803046 0
    outer loop
      vertex 53.7806 44.9162 2
      vertex 53.7333 44.8811 0
      vertex 53.7806 44.9162 0
    endloop
  endfacet
  facet normal 0.426697 0.904394 -0
    outer loop
      vertex 53.6828 47.3292 0
      vertex 53.6296 47.3543 2
      vertex 53.6828 47.3292 2
    endloop
  endfacet
  facet normal 0.426697 0.904394 0
    outer loop
      vertex 53.6296 47.3543 2
      vertex 53.6828 47.3292 0
      vertex 53.6296 47.3543 0
    endloop
  endfacet
  facet normal -0.670558 -0.741857 0
    outer loop
      vertex 49.1757 44.9557 0
      vertex 49.2194 44.9162 2
      vertex 49.1757 44.9557 2
    endloop
  endfacet
  facet normal -0.670558 -0.741857 -0
    outer loop
      vertex 49.2194 44.9162 2
      vertex 49.1757 44.9557 0
      vertex 49.2194 44.9162 0
    endloop
  endfacet
  facet normal 0 0 1
    outer loop
      vertex 53.4 47.4 2
      vertex 54 46.8 2
      vertex 53.9971 46.8588 2
    endloop
  endfacet
  facet normal 0 0 1
    outer loop
      vertex 54 46.8 2
      vertex 53.4 47.4 2
      vertex 54 45.38 2
    endloop
  endfacet
  facet normal 0 0 1
    outer loop
      vertex 53.4 47.4 2
      vertex 53.9971 46.8588 2
      vertex 53.9885 46.9171 2
    endloop
  endfacet
  facet normal 0 -0 1
    outer loop
      vertex 53.5508 44.8 2
      vertex 54 45.38 2
      vertex 53.4 47.4 2
    endloop
  endfacet
  facet normal 0 0 1
    outer loop
      vertex 53.4 47.4 2
      vertex 53.9885 46.9171 2
      vertex 53.9742 46.9742 2
    endloop
  endfacet
  facet normal 0 0 1
    outer loop
      vertex 54 45.38 2
      vertex 53.5508 44.8 2
      vertex 53.9971 45.3212 2
    endloop
  endfacet
  facet normal 0 0 1
    outer loop
      vertex 53.4 47.4 2
      vertex 53.9742 46.9742 2
      vertex 53.9543 47.0296 2
    endloop
  endfacet
  facet normal 0 0 1
    outer loop
      vertex 53.9971 45.3212 2
      vertex 53.5508 44.8 2
      vertex 53.9885 45.263 2
    endloop
  endfacet
  facet normal 0 0 1
    outer loop
      vertex 53.4 47.4 2
      vertex 53.9543 47.0296 2
      vertex 53.9291 47.0828 2
    endloop
  endfacet
  facet normal 0 0 1
    outer loop
      vertex 53.9885 45.263 2
      vertex 53.5508 44.8 2
      vertex 53.9742 45.2058 2
    endloop
  endfacet
  facet normal 0 0 1
    outer loop
      vertex 53.4 47.4 2
      vertex 53.9291 47.0828 2
      vertex 53.8989 47.1334 2
    endloop
  endfacet
  facet normal 0 0 1
    outer loop
      vertex 53.9742 45.2058 2
      vertex 53.5508 44.8 2
      vertex 53.9543 45.1504 2
    endloop
  endfacet
  facet normal 0 0 1
    outer loop
      vertex 53.4 47.4 2
      vertex 53.8989 47.1334 2
      vertex 53.8638 47.1806 2
    endloop
  endfacet
  facet normal 0 0 1
    outer loop
      vertex 53.9543 45.1504 2
      vertex 53.5508 44.8 2
      vertex 53.9291 45.0972 2
    endloop
  endfacet
  facet normal 0 0 1
    outer loop
      vertex 53.4 47.4 2
      vertex 53.8638 47.1806 2
      vertex 53.8242 47.2243 2
    endloop
  endfacet
  facet normal 0 0 1
    outer loop
      vertex 53.9291 45.0972 2
      vertex 53.5508 44.8 2
      vertex 53.8989 45.0467 2
    endloop
  endfacet
  facet normal 0 0 1
    outer loop
      vertex 53.4 47.4 2
      vertex 53.8242 47.2243 2
      vertex 53.7806 47.2638 2
    endloop
  endfacet
  facet normal 0 0 1
    outer loop
      vertex 53.8989 45.0467 2
      vertex 53.5508 44.8 2
      vertex 53.8638 44.9994 2
    endloop
  endfacet
  facet normal 0 0 1
    outer loop
      vertex 53.4 47.4 2
      vertex 53.7806 47.2638 2
      vertex 53.7333 47.2989 2
    endloop
  endfacet
  facet normal 0 0 1
    outer loop
      vertex 53.8638 44.9994 2
      vertex 53.5508 44.8 2
      vertex 53.8242 44.9557 2
    endloop
  endfacet
  facet normal 0 0 1
    outer loop
      vertex 53.4 47.4 2
      vertex 53.7333 47.2989 2
      vertex 53.6828 47.3292 2
    endloop
  endfacet
  facet normal 0 0 1
    outer loop
      vertex 53.8242 44.9557 2
      vertex 53.5508 44.8 2
      vertex 53.7806 44.9162 2
    endloop
  endfacet
  facet normal 0 0 1
    outer loop
      vertex 53.4 47.4 2
      vertex 53.6828 47.3292 2
      vertex 53.6296 47.3543 2
    endloop
  endfacet
  facet normal 0 0 1
    outer loop
      vertex 53.7806 44.9162 2
      vertex 53.5508 44.8 2
      vertex 53.7333 44.8811 2
    endloop
  endfacet
  facet normal 0 0 1
    outer loop
      vertex 53.4 47.4 2
      vertex 53.6296 47.3543 2
      vertex 53.5742 47.3742 2
    endloop
  endfacet
  facet normal 0 0 1
    outer loop
      vertex 53.7333 44.8811 2
      vertex 53.5508 44.8 2
      vertex 53.6828 44.8508 2
    endloop
  endfacet
  facet normal 0 0 1
    outer loop
      vertex 53.6828 44.8508 2
      vertex 53.5508 44.8 2
      vertex 53.6296 44.8257 2
    endloop
  endfacet
  facet normal 0 0 1
    outer loop
      vertex 53.4 47.4 2
      vertex 53.5742 47.3742 2
      vertex 53.517 47.3885 2
    endloop
  endfacet
  facet normal 0 0 1
    outer loop
      vertex 53.4 47.4 2
      vertex 53.517 47.3885 2
      vertex 53.4588 47.3971 2
    endloop
  endfacet
  facet normal 0 0 1
    outer loop
      vertex 53.6296 44.8257 2
      vertex 53.5508 44.8 2
      vertex 53.5742 44.8058 2
    endloop
  endfacet
  facet normal -0 0 1
    outer loop
      vertex 49.6 47.4 2
      vertex 53.5508 44.8 2
      vertex 53.4 47.4 2
    endloop
  endfacet
  facet normal 0 0 1
    outer loop
      vertex 49 46.8 2
      vertex 49.6 47.4 2
      vertex 49.5412 47.3971 2
    endloop
  endfacet
  facet normal 0 0 1
    outer loop
      vertex 49 46.8 2
      vertex 49.5412 47.3971 2
      vertex 49.4829 47.3885 2
    endloop
  endfacet
  facet normal 0 0 1
    outer loop
      vertex 49.6 47.4 2
      vertex 49.4491 44.8 2
      vertex 53.5508 44.8 2
    endloop
  endfacet
  facet normal 0 0 1
    outer loop
      vertex 49 46.8 2
      vertex 49.4829 47.3885 2
      vertex 49.4258 47.3742 2
    endloop
  endfacet
  facet normal 0 0 1
    outer loop
      vertex 49.6 47.4 2
      vertex 49 46.8 2
      vertex 49 45.38 2
    endloop
  endfacet
  facet normal 0 0 1
    outer loop
      vertex 49 46.8 2
      vertex 49.4258 47.3742 2
      vertex 49.3704 47.3543 2
    endloop
  endfacet
  facet normal 0 0 1
    outer loop
      vertex 49.6 47.4 2
      vertex 49 45.38 2
      vertex 49.4491 44.8 2
    endloop
  endfacet
  facet normal 0 0 1
    outer loop
      vertex 49 46.8 2
      vertex 49.3704 47.3543 2
      vertex 49.3172 47.3292 2
    endloop
  endfacet
  facet normal -0 -0 1
    outer loop
      vertex 49.3704 44.8257 2
      vertex 49.4491 44.8 2
      vertex 49 45.38 2
    endloop
  endfacet
  facet normal 0 0 1
    outer loop
      vertex 49 46.8 2
      vertex 49.3172 47.3292 2
      vertex 49.2666 47.2989 2
    endloop
  endfacet
  facet normal 0 0 1
    outer loop
      vertex 49.4491 44.8 2
      vertex 49.3704 44.8257 2
      vertex 49.4258 44.8058 2
    endloop
  endfacet
  facet normal 0 0 1
    outer loop
      vertex 49 46.8 2
      vertex 49.2666 47.2989 2
      vertex 49.2194 47.2638 2
    endloop
  endfacet
  facet normal 0 0 1
    outer loop
      vertex 49.3704 44.8257 2
      vertex 49 45.38 2
      vertex 49.3172 44.8508 2
    endloop
  endfacet
  facet normal 0 0 1
    outer loop
      vertex 49 46.8 2
      vertex 49.2194 47.2638 2
      vertex 49.1757 47.2243 2
    endloop
  endfacet
  facet normal 0 0 1
    outer loop
      vertex 49.3172 44.8508 2
      vertex 49 45.38 2
      vertex 49.2666 44.8811 2
    endloop
  endfacet
  facet normal 0 0 1
    outer loop
      vertex 49 46.8 2
      vertex 49.1757 47.2243 2
      vertex 49.1362 47.1806 2
    endloop
  endfacet
  facet normal 0 0 1
    outer loop
      vertex 49.2666 44.8811 2
      vertex 49 45.38 2
      vertex 49.2194 44.9162 2
    endloop
  endfacet
  facet normal 0 0 1
    outer loop
      vertex 49 46.8 2
      vertex 49.1362 47.1806 2
      vertex 49.1011 47.1334 2
    endloop
  endfacet
  facet normal 0 0 1
    outer loop
      vertex 49.2194 44.9162 2
      vertex 49 45.38 2
      vertex 49.1757 44.9557 2
    endloop
  endfacet
  facet normal 0 0 1
    outer loop
      vertex 49 46.8 2
      vertex 49.1011 47.1334 2
      vertex 49.0708 47.0828 2
    endloop
  endfacet
  facet normal 0 0 1
    outer loop
      vertex 49.1757 44.9557 2
      vertex 49 45.38 2
      vertex 49.1362 44.9994 2
    endloop
  endfacet
  facet normal 0 0 1
    outer loop
      vertex 49 46.8 2
      vertex 49.0708 47.0828 2
      vertex 49.0457 47.0296 2
    endloop
  endfacet
  facet normal 0 0 1
    outer loop
      vertex 49.1362 44.9994 2
      vertex 49 45.38 2
      vertex 49.1011 45.0467 2
    endloop
  endfacet
  facet normal 0 0 1
    outer loop
      vertex 49 46.8 2
      vertex 49.0457 47.0296 2
      vertex 49.0258 46.9742 2
    endloop
  endfacet
  facet normal 0 0 1
    outer loop
      vertex 49.1011 45.0467 2
      vertex 49 45.38 2
      vertex 49.0708 45.0972 2
    endloop
  endfacet
  facet normal 0 0 1
    outer loop
      vertex 49 46.8 2
      vertex 49.0258 46.9742 2
      vertex 49.0115 46.9171 2
    endloop
  endfacet
  facet normal 0 0 1
    outer loop
      vertex 49.0708 45.0972 2
      vertex 49 45.38 2
      vertex 49.0457 45.1504 2
    endloop
  endfacet
  facet normal 0 0 1
    outer loop
      vertex 49 46.8 2
      vertex 49.0115 46.9171 2
      vertex 49.0029 46.8588 2
    endloop
  endfacet
  facet normal 0 0 1
    outer loop
      vertex 49.0457 45.1504 2
      vertex 49 45.38 2
      vertex 49.0258 45.2058 2
    endloop
  endfacet
  facet normal 0 0 1
    outer loop
      vertex 49.0258 45.2058 2
      vertex 49 45.38 2
      vertex 49.0115 45.263 2
    endloop
  endfacet
  facet normal 0 0 1
    outer loop
      vertex 49.0115 45.263 2
      vertex 49 45.38 2
      vertex 49.0029 45.3212 2
    endloop
  endfacet
  facet normal 0 0 -1
    outer loop
      vertex 49 42 4.2
      vertex 54 43.4 4.2
      vertex 54 42 4.2
    endloop
  endfacet
  facet normal -0 0 -1
    outer loop
      vertex 54 43.4 4.2
      vertex 49 42 4.2
      vertex 49 43.4 4.2
    endloop
  endfacet
  facet normal 0 -0.771928 0.635709
    outer loop
      vertex 49 42 4.2
      vertex 54 43.4 5.89999
      vertex 49 43.4 5.89999
    endloop
  endfacet
  facet normal 0 -0.771928 0.635709
    outer loop
      vertex 54 43.4 5.89999
      vertex 49 42 4.2
      vertex 54 42 4.2
    endloop
  endfacet
  facet normal 0.146732 0.989176 -0
    outer loop
      vertex 7.17156 26.9269 0
      vertex 6.92887 26.9629 2
      vertex 7.17156 26.9269 2
    endloop
  endfacet
  facet normal 0.146732 0.989176 0
    outer loop
      vertex 6.92887 26.9629 2
      vertex 7.17156 26.9269 0
      vertex 6.92887 26.9629 0
    endloop
  endfacet
  facet normal -0.989177 -0.146726 0
    outer loop
      vertex 9.90456 29.6599 0
      vertex 9.86856 29.9026 2
      vertex 9.86856 29.9026 0
    endloop
  endfacet
  facet normal -0.989177 -0.146726 0
    outer loop
      vertex 9.86856 29.9026 2
      vertex 9.90456 29.6599 0
      vertex 9.90456 29.6599 2
    endloop
  endfacet
  facet normal -0.998795 -0.0490836 0
    outer loop
      vertex 9.9166 29.4149 0
      vertex 9.90456 29.6599 2
      vertex 9.90456 29.6599 0
    endloop
  endfacet
  facet normal -0.998795 -0.0490836 0
    outer loop
      vertex 9.90456 29.6599 2
      vertex 9.9166 29.4149 0
      vertex 9.9166 29.4149 2
    endloop
  endfacet
  facet normal -0.970037 -0.242958 0
    outer loop
      vertex 9.86856 29.9026 0
      vertex 9.80895 30.1406 2
      vertex 9.80895 30.1406 0
    endloop
  endfacet
  facet normal -0.970037 -0.242958 0
    outer loop
      vertex 9.80895 30.1406 2
      vertex 9.86856 29.9026 0
      vertex 9.86856 29.9026 2
    endloop
  endfacet
  facet normal 0.427575 0.90398 -0
    outer loop
      vertex 6.45989 27.1052 0
      vertex 6.23811 27.2101 2
      vertex 6.45989 27.1052 2
    endloop
  endfacet
  facet normal 0.427575 0.90398 0
    outer loop
      vertex 6.23811 27.2101 2
      vertex 6.45989 27.1052 0
      vertex 6.23811 27.2101 0
    endloop
  endfacet
  facet normal -0.740979 -0.671528 0
    outer loop
      vertex 9.34913 31.0009 0
      vertex 9.18437 31.1827 2
      vertex 9.18437 31.1827 0
    endloop
  endfacet
  facet normal -0.740979 -0.671528 0
    outer loop
      vertex 9.18437 31.1827 2
      vertex 9.34913 31.0009 0
      vertex 9.34913 31.0009 2
    endloop
  endfacet
  facet normal -0.048913 0.998803 0
    outer loop
      vertex 7.66164 26.9269 0
      vertex 7.4166 26.9149 2
      vertex 7.66164 26.9269 2
    endloop
  endfacet
  facet normal -0.048913 0.998803 0
    outer loop
      vertex 7.4166 26.9149 2
      vertex 7.66164 26.9269 0
      vertex 7.4166 26.9149 0
    endloop
  endfacet
  facet normal 0.970037 0.242958 0
    outer loop
      vertex 5.02425 28.6892 2
      vertex 4.96464 28.9272 0
      vertex 4.96464 28.9272 2
    endloop
  endfacet
  facet normal 0.970037 0.242958 0
    outer loop
      vertex 4.96464 28.9272 0
      vertex 5.02425 28.6892 2
      vertex 5.02425 28.6892 0
    endloop
  endfacet
  facet normal -0.857691 -0.514166 0
    outer loop
      vertex 9.6214 30.5934 0
      vertex 9.49527 30.8038 2
      vertex 9.49527 30.8038 0
    endloop
  endfacet
  facet normal -0.857691 -0.514166 0
    outer loop
      vertex 9.49527 30.8038 2
      vertex 9.6214 30.5934 0
      vertex 9.6214 30.5934 2
    endloop
  endfacet
  facet normal -0.514022 0.857777 0
    outer loop
      vertex 8.80552 27.3362 0
      vertex 8.59509 27.2101 2
      vertex 8.80552 27.3362 2
    endloop
  endfacet
  facet normal -0.514022 0.857777 0
    outer loop
      vertex 8.59509 27.2101 2
      vertex 8.80552 27.3362 0
      vertex 8.59509 27.2101 0
    endloop
  endfacet
  facet normal -0.595832 0.803109 0
    outer loop
      vertex 9.00258 27.4824 0
      vertex 8.80552 27.3362 2
      vertex 9.00258 27.4824 2
    endloop
  endfacet
  facet normal -0.595832 0.803109 0
    outer loop
      vertex 8.80552 27.3362 2
      vertex 9.00258 27.4824 0
      vertex 8.80552 27.3362 0
    endloop
  endfacet
  facet normal -0.51261 -0.858622 0
    outer loop
      vertex 8.7948 31.5 0
      vertex 8.80552 31.4936 2
      vertex 8.7948 31.5 2
    endloop
  endfacet
  facet normal -0.51261 -0.858622 -0
    outer loop
      vertex 8.80552 31.4936 2
      vertex 8.7948 31.5 0
      vertex 8.80552 31.4936 0
    endloop
  endfacet
  facet normal -0.903995 -0.427543 0
    outer loop
      vertex 9.7263 30.3716 0
      vertex 9.6214 30.5934 2
      vertex 9.6214 30.5934 0
    endloop
  endfacet
  facet normal -0.903995 -0.427543 0
    outer loop
      vertex 9.6214 30.5934 2
      vertex 9.7263 30.3716 0
      vertex 9.7263 30.3716 2
    endloop
  endfacet
  facet normal 0.903995 0.427543 0
    outer loop
      vertex 5.2118 28.2364 2
      vertex 5.1069 28.4582 0
      vertex 5.1069 28.4582 2
    endloop
  endfacet
  facet normal 0.903995 0.427543 0
    outer loop
      vertex 5.1069 28.4582 0
      vertex 5.2118 28.2364 2
      vertex 5.2118 28.2364 0
    endloop
  endfacet
  facet normal -0.595832 -0.803109 0
    outer loop
      vertex 8.80552 31.4936 0
      vertex 9.00258 31.3474 2
      vertex 8.80552 31.4936 2
    endloop
  endfacet
  facet normal -0.595832 -0.803109 -0
    outer loop
      vertex 9.00258 31.3474 2
      vertex 8.80552 31.4936 0
      vertex 9.00258 31.3474 0
    endloop
  endfacet
  facet normal 0.970037 -0.242958 0
    outer loop
      vertex 4.96464 29.9026 2
      vertex 5.02425 30.1406 0
      vertex 5.02425 30.1406 2
    endloop
  endfacet
  facet normal 0.970037 -0.242958 0
    outer loop
      vertex 5.02425 30.1406 0
      vertex 4.96464 29.9026 2
      vertex 4.96464 29.9026 0
    endloop
  endfacet
  facet normal -0.803284 0.595596 0
    outer loop
      vertex 9.34913 27.8289 0
      vertex 9.49527 28.026 2
      vertex 9.49527 28.026 0
    endloop
  endfacet
  facet normal -0.803284 0.595596 0
    outer loop
      vertex 9.49527 28.026 2
      vertex 9.34913 27.8289 0
      vertex 9.34913 27.8289 2
    endloop
  endfacet
  facet normal 0.595851 0.803095 -0
    outer loop
      vertex 6.02767 27.3362 0
      vertex 5.83062 27.4824 2
      vertex 6.02767 27.3362 2
    endloop
  endfacet
  facet normal 0.595851 0.803095 0
    outer loop
      vertex 5.83062 27.4824 2
      vertex 6.02767 27.3362 0
      vertex 5.83062 27.4824 0
    endloop
  endfacet
  facet normal 0.740979 -0.671528 0
    outer loop
      vertex 5.48407 31.0009 2
      vertex 5.64883 31.1827 0
      vertex 5.64883 31.1827 2
    endloop
  endfacet
  facet normal 0.740979 -0.671528 0
    outer loop
      vertex 5.64883 31.1827 0
      vertex 5.48407 31.0009 2
      vertex 5.48407 31.0009 0
    endloop
  endfacet
  facet normal -0.803284 -0.595596 0
    outer loop
      vertex 9.49527 30.8038 0
      vertex 9.34913 31.0009 2
      vertex 9.34913 31.0009 0
    endloop
  endfacet
  facet normal -0.803284 -0.595596 0
    outer loop
      vertex 9.34913 31.0009 2
      vertex 9.49527 30.8038 0
      vertex 9.49527 30.8038 2
    endloop
  endfacet
  facet normal 0.671414 -0.741083 0
    outer loop
      vertex 5.64883 31.1827 0
      vertex 5.83062 31.3474 2
      vertex 5.64883 31.1827 2
    endloop
  endfacet
  facet normal 0.671414 -0.741083 0
    outer loop
      vertex 5.83062 31.3474 2
      vertex 5.64883 31.1827 0
      vertex 5.83062 31.3474 0
    endloop
  endfacet
  facet normal -0.671414 -0.741083 0
    outer loop
      vertex 9.00258 31.3474 0
      vertex 9.18437 31.1827 2
      vertex 9.00258 31.3474 2
    endloop
  endfacet
  facet normal -0.671414 -0.741083 -0
    outer loop
      vertex 9.18437 31.1827 2
      vertex 9.00258 31.3474 0
      vertex 9.18437 31.1827 0
    endloop
  endfacet
  facet normal -0.903995 0.427543 0
    outer loop
      vertex 9.6214 28.2364 0
      vertex 9.7263 28.4582 2
      vertex 9.7263 28.4582 0
    endloop
  endfacet
  facet normal -0.903995 0.427543 0
    outer loop
      vertex 9.7263 28.4582 2
      vertex 9.6214 28.2364 0
      vertex 9.6214 28.2364 2
    endloop
  endfacet
  facet normal -0.998795 0.0490836 0
    outer loop
      vertex 9.90456 29.1699 0
      vertex 9.9166 29.4149 2
      vertex 9.9166 29.4149 0
    endloop
  endfacet
  facet normal -0.998795 0.0490836 0
    outer loop
      vertex 9.9166 29.4149 2
      vertex 9.90456 29.1699 0
      vertex 9.90456 29.1699 2
    endloop
  endfacet
  facet normal -0.941548 0.336879 0
    outer loop
      vertex 9.7263 28.4582 0
      vertex 9.80895 28.6892 2
      vertex 9.80895 28.6892 0
    endloop
  endfacet
  facet normal -0.941548 0.336879 0
    outer loop
      vertex 9.80895 28.6892 2
      vertex 9.7263 28.4582 0
      vertex 9.7263 28.4582 2
    endloop
  endfacet
  facet normal -0.146732 0.989176 0
    outer loop
      vertex 7.90433 26.9629 0
      vertex 7.66164 26.9269 2
      vertex 7.90433 26.9629 2
    endloop
  endfacet
  facet normal -0.146732 0.989176 0
    outer loop
      vertex 7.66164 26.9269 2
      vertex 7.90433 26.9629 0
      vertex 7.66164 26.9269 0
    endloop
  endfacet
  facet normal 0.998795 0.0490836 0
    outer loop
      vertex 4.92864 29.1699 2
      vertex 4.9166 29.4149 0
      vertex 4.9166 29.4149 2
    endloop
  endfacet
  facet normal 0.998795 0.0490836 0
    outer loop
      vertex 4.9166 29.4149 0
      vertex 4.92864 29.1699 2
      vertex 4.92864 29.1699 0
    endloop
  endfacet
  facet normal -0.941548 -0.336879 0
    outer loop
      vertex 9.80895 30.1406 0
      vertex 9.7263 30.3716 2
      vertex 9.7263 30.3716 0
    endloop
  endfacet
  facet normal -0.941548 -0.336879 0
    outer loop
      vertex 9.7263 30.3716 2
      vertex 9.80895 30.1406 0
      vertex 9.80895 30.1406 2
    endloop
  endfacet
  facet normal 0.998795 -0.0490836 0
    outer loop
      vertex 4.9166 29.4149 2
      vertex 4.92864 29.6599 0
      vertex 4.92864 29.6599 2
    endloop
  endfacet
  facet normal 0.998795 -0.0490836 0
    outer loop
      vertex 4.92864 29.6599 0
      vertex 4.9166 29.4149 2
      vertex 4.9166 29.4149 0
    endloop
  endfacet
  facet normal -0.989177 0.146726 0
    outer loop
      vertex 9.86856 28.9272 0
      vertex 9.90456 29.1699 2
      vertex 9.90456 29.1699 0
    endloop
  endfacet
  facet normal -0.989177 0.146726 0
    outer loop
      vertex 9.90456 29.1699 2
      vertex 9.86856 28.9272 0
      vertex 9.86856 28.9272 2
    endloop
  endfacet
  facet normal -0.970037 0.242958 0
    outer loop
      vertex 9.80895 28.6892 0
      vertex 9.86856 28.9272 2
      vertex 9.86856 28.9272 0
    endloop
  endfacet
  facet normal -0.970037 0.242958 0
    outer loop
      vertex 9.86856 28.9272 2
      vertex 9.80895 28.6892 0
      vertex 9.80895 28.6892 2
    endloop
  endfacet
  facet normal -0.427575 0.90398 0
    outer loop
      vertex 8.59509 27.2101 0
      vertex 8.37331 27.1052 2
      vertex 8.59509 27.2101 2
    endloop
  endfacet
  facet normal -0.427575 0.90398 0
    outer loop
      vertex 8.37331 27.1052 2
      vertex 8.59509 27.2101 0
      vertex 8.37331 27.1052 0
    endloop
  endfacet
  facet normal 0.941548 0.336879 0
    outer loop
      vertex 5.1069 28.4582 2
      vertex 5.02425 28.6892 0
      vertex 5.02425 28.6892 2
    endloop
  endfacet
  facet normal 0.941548 0.336879 0
    outer loop
      vertex 5.02425 28.6892 0
      vertex 5.1069 28.4582 2
      vertex 5.1069 28.4582 0
    endloop
  endfacet
  facet normal 0.941548 -0.336879 0
    outer loop
      vertex 5.02425 30.1406 2
      vertex 5.1069 30.3716 0
      vertex 5.1069 30.3716 2
    endloop
  endfacet
  facet normal 0.941548 -0.336879 0
    outer loop
      vertex 5.1069 30.3716 0
      vertex 5.02425 30.1406 2
      vertex 5.02425 30.1406 0
    endloop
  endfacet
  facet normal -0.857691 0.514166 0
    outer loop
      vertex 9.49527 28.026 0
      vertex 9.6214 28.2364 2
      vertex 9.6214 28.2364 0
    endloop
  endfacet
  facet normal -0.857691 0.514166 0
    outer loop
      vertex 9.6214 28.2364 2
      vertex 9.49527 28.026 0
      vertex 9.49527 28.026 2
    endloop
  endfacet
  facet normal 0.595851 -0.803095 0
    outer loop
      vertex 5.83062 31.3474 0
      vertex 6.02767 31.4936 2
      vertex 5.83062 31.3474 2
    endloop
  endfacet
  facet normal 0.595851 -0.803095 0
    outer loop
      vertex 6.02767 31.4936 2
      vertex 5.83062 31.3474 0
      vertex 6.02767 31.4936 0
    endloop
  endfacet
  facet normal -0.242938 0.970042 0
    outer loop
      vertex 8.14231 27.0225 0
      vertex 7.90433 26.9629 2
      vertex 8.14231 27.0225 2
    endloop
  endfacet
  facet normal -0.242938 0.970042 0
    outer loop
      vertex 7.90433 26.9629 2
      vertex 8.14231 27.0225 0
      vertex 7.90433 26.9629 0
    endloop
  endfacet
  facet normal 0.857691 0.514166 0
    outer loop
      vertex 5.33793 28.026 2
      vertex 5.2118 28.2364 0
      vertex 5.2118 28.2364 2
    endloop
  endfacet
  facet normal 0.857691 0.514166 0
    outer loop
      vertex 5.2118 28.2364 0
      vertex 5.33793 28.026 2
      vertex 5.33793 28.026 0
    endloop
  endfacet
  facet normal 0.740979 0.671528 0
    outer loop
      vertex 5.64883 27.6471 2
      vertex 5.48407 27.8289 0
      vertex 5.48407 27.8289 2
    endloop
  endfacet
  facet normal 0.740979 0.671528 0
    outer loop
      vertex 5.48407 27.8289 0
      vertex 5.64883 27.6471 2
      vertex 5.64883 27.6471 0
    endloop
  endfacet
  facet normal 0.514004 0.857788 -0
    outer loop
      vertex 6.23811 27.2101 0
      vertex 6.02767 27.3362 2
      vertex 6.23811 27.2101 2
    endloop
  endfacet
  facet normal 0.514004 0.857788 0
    outer loop
      vertex 6.02767 27.3362 2
      vertex 6.23811 27.2101 0
      vertex 6.02767 27.3362 0
    endloop
  endfacet
  facet normal 0.242938 0.970042 -0
    outer loop
      vertex 6.92887 26.9629 0
      vertex 6.69089 27.0225 2
      vertex 6.92887 26.9629 2
    endloop
  endfacet
  facet normal 0.242938 0.970042 0
    outer loop
      vertex 6.69089 27.0225 2
      vertex 6.92887 26.9629 0
      vertex 6.69089 27.0225 0
    endloop
  endfacet
  facet normal -0.671414 0.741083 0
    outer loop
      vertex 9.18437 27.6471 0
      vertex 9.00258 27.4824 2
      vertex 9.18437 27.6471 2
    endloop
  endfacet
  facet normal -0.671414 0.741083 0
    outer loop
      vertex 9.00258 27.4824 2
      vertex 9.18437 27.6471 0
      vertex 9.00258 27.4824 0
    endloop
  endfacet
  facet normal -0.337059 0.941483 0
    outer loop
      vertex 8.37331 27.1052 0
      vertex 8.14231 27.0225 2
      vertex 8.37331 27.1052 2
    endloop
  endfacet
  facet normal -0.337059 0.941483 0
    outer loop
      vertex 8.14231 27.0225 2
      vertex 8.37331 27.1052 0
      vertex 8.14231 27.0225 0
    endloop
  endfacet
  facet normal 0.903995 -0.427543 0
    outer loop
      vertex 5.1069 30.3716 2
      vertex 5.2118 30.5934 0
      vertex 5.2118 30.5934 2
    endloop
  endfacet
  facet normal 0.903995 -0.427543 0
    outer loop
      vertex 5.2118 30.5934 0
      vertex 5.1069 30.3716 2
      vertex 5.1069 30.3716 0
    endloop
  endfacet
  facet normal 0.803284 0.595596 0
    outer loop
      vertex 5.48407 27.8289 2
      vertex 5.33793 28.026 0
      vertex 5.33793 28.026 2
    endloop
  endfacet
  facet normal 0.803284 0.595596 0
    outer loop
      vertex 5.33793 28.026 0
      vertex 5.48407 27.8289 2
      vertex 5.48407 27.8289 0
    endloop
  endfacet
  facet normal 0.512258 -0.858832 0
    outer loop
      vertex 6.02767 31.4936 0
      vertex 6.0384 31.5 2
      vertex 6.02767 31.4936 2
    endloop
  endfacet
  facet normal 0.512258 -0.858832 0
    outer loop
      vertex 6.0384 31.5 2
      vertex 6.02767 31.4936 0
      vertex 6.0384 31.5 0
    endloop
  endfacet
  facet normal 0.989177 0.146726 0
    outer loop
      vertex 4.96464 28.9272 2
      vertex 4.92864 29.1699 0
      vertex 4.92864 29.1699 2
    endloop
  endfacet
  facet normal 0.989177 0.146726 0
    outer loop
      vertex 4.92864 29.1699 0
      vertex 4.96464 28.9272 2
      vertex 4.96464 28.9272 0
    endloop
  endfacet
  facet normal 0.671414 0.741083 -0
    outer loop
      vertex 5.83062 27.4824 0
      vertex 5.64883 27.6471 2
      vertex 5.83062 27.4824 2
    endloop
  endfacet
  facet normal 0.671414 0.741083 0
    outer loop
      vertex 5.64883 27.6471 2
      vertex 5.83062 27.4824 0
      vertex 5.64883 27.6471 0
    endloop
  endfacet
  facet normal 0.803284 -0.595596 0
    outer loop
      vertex 5.33793 30.8038 2
      vertex 5.48407 31.0009 0
      vertex 5.48407 31.0009 2
    endloop
  endfacet
  facet normal 0.803284 -0.595596 0
    outer loop
      vertex 5.48407 31.0009 0
      vertex 5.33793 30.8038 2
      vertex 5.33793 30.8038 0
    endloop
  endfacet
  facet normal 0.048913 0.998803 -0
    outer loop
      vertex 7.4166 26.9149 0
      vertex 7.17156 26.9269 2
      vertex 7.4166 26.9149 2
    endloop
  endfacet
  facet normal 0.048913 0.998803 0
    outer loop
      vertex 7.17156 26.9269 2
      vertex 7.4166 26.9149 0
      vertex 7.17156 26.9269 0
    endloop
  endfacet
  facet normal 0.989177 -0.146726 0
    outer loop
      vertex 4.92864 29.6599 2
      vertex 4.96464 29.9026 0
      vertex 4.96464 29.9026 2
    endloop
  endfacet
  facet normal 0.989177 -0.146726 0
    outer loop
      vertex 4.96464 29.9026 0
      vertex 4.92864 29.6599 2
      vertex 4.92864 29.6599 0
    endloop
  endfacet
  facet normal 0.337059 0.941483 -0
    outer loop
      vertex 6.69089 27.0225 0
      vertex 6.45989 27.1052 2
      vertex 6.69089 27.0225 2
    endloop
  endfacet
  facet normal 0.337059 0.941483 0
    outer loop
      vertex 6.45989 27.1052 2
      vertex 6.69089 27.0225 0
      vertex 6.45989 27.1052 0
    endloop
  endfacet
  facet normal -0.740979 0.671528 0
    outer loop
      vertex 9.18437 27.6471 0
      vertex 9.34913 27.8289 2
      vertex 9.34913 27.8289 0
    endloop
  endfacet
  facet normal -0.740979 0.671528 0
    outer loop
      vertex 9.34913 27.8289 2
      vertex 9.18437 27.6471 0
      vertex 9.18437 27.6471 2
    endloop
  endfacet
  facet normal 0.857691 -0.514166 0
    outer loop
      vertex 5.2118 30.5934 2
      vertex 5.33793 30.8038 0
      vertex 5.33793 30.8038 2
    endloop
  endfacet
  facet normal 0.857691 -0.514166 0
    outer loop
      vertex 5.33793 30.8038 0
      vertex 5.2118 30.5934 2
      vertex 5.2118 30.5934 0
    endloop
  endfacet
  facet normal 0.595851 -0.803095 0
    outer loop
      vertex 5.91402 15.0005 0
      vertex 6.11107 15.1467 2
      vertex 5.91402 15.0005 2
    endloop
  endfacet
  facet normal 0.595851 -0.803095 0
    outer loop
      vertex 6.11107 15.1467 2
      vertex 5.91402 15.0005 0
      vertex 6.11107 15.1467 0
    endloop
  endfacet
  facet normal 0.337059 -0.941483 0
    outer loop
      vertex 6.54329 15.3777 0
      vertex 6.77429 15.4604 2
      vertex 6.54329 15.3777 2
    endloop
  endfacet
  facet normal 0.337059 -0.941483 0
    outer loop
      vertex 6.77429 15.4604 2
      vertex 6.54329 15.3777 0
      vertex 6.77429 15.4604 0
    endloop
  endfacet
  facet normal -0.989177 -0.146726 0
    outer loop
      vertex 9.98796 13.313 0
      vertex 9.95196 13.5557 2
      vertex 9.95196 13.5557 0
    endloop
  endfacet
  facet normal -0.989177 -0.146726 0
    outer loop
      vertex 9.95196 13.5557 2
      vertex 9.98796 13.313 0
      vertex 9.98796 13.313 2
    endloop
  endfacet
  facet normal -0.998795 -0.0490836 0
    outer loop
      vertex 10 13.068 0
      vertex 9.98796 13.313 2
      vertex 9.98796 13.313 0
    endloop
  endfacet
  facet normal -0.998795 -0.0490836 0
    outer loop
      vertex 9.98796 13.313 2
      vertex 10 13.068 0
      vertex 10 13.068 2
    endloop
  endfacet
  facet normal -0.970037 -0.242958 0
    outer loop
      vertex 9.95196 13.5557 0
      vertex 9.89235 13.7937 2
      vertex 9.89235 13.7937 0
    endloop
  endfacet
  facet normal -0.970037 -0.242958 0
    outer loop
      vertex 9.89235 13.7937 2
      vertex 9.95196 13.5557 0
      vertex 9.95196 13.5557 2
    endloop
  endfacet
  facet normal -0.941548 -0.336879 0
    outer loop
      vertex 9.89235 13.7937 0
      vertex 9.8097 14.0247 2
      vertex 9.8097 14.0247 0
    endloop
  endfacet
  facet normal -0.941548 -0.336879 0
    outer loop
      vertex 9.8097 14.0247 2
      vertex 9.89235 13.7937 0
      vertex 9.89235 13.7937 2
    endloop
  endfacet
  facet normal -0.146732 -0.989176 0
    outer loop
      vertex 7.74504 15.556 0
      vertex 7.98773 15.52 2
      vertex 7.74504 15.556 2
    endloop
  endfacet
  facet normal -0.146732 -0.989176 -0
    outer loop
      vertex 7.98773 15.52 2
      vertex 7.74504 15.556 0
      vertex 7.98773 15.52 0
    endloop
  endfacet
  facet normal -0.941548 0.336879 0
    outer loop
      vertex 9.8097 12.1113 0
      vertex 9.89235 12.3423 2
      vertex 9.89235 12.3423 0
    endloop
  endfacet
  facet normal -0.941548 0.336879 0
    outer loop
      vertex 9.89235 12.3423 2
      vertex 9.8097 12.1113 0
      vertex 9.8097 12.1113 2
    endloop
  endfacet
  facet normal -0.998795 0.0490836 0
    outer loop
      vertex 9.98796 12.823 0
      vertex 10 13.068 2
      vertex 10 13.068 0
    endloop
  endfacet
  facet normal -0.998795 0.0490836 0
    outer loop
      vertex 10 13.068 2
      vertex 9.98796 12.823 0
      vertex 9.98796 12.823 2
    endloop
  endfacet
  facet normal -0.740979 0.671528 0
    outer loop
      vertex 9.26777 11.3002 0
      vertex 9.43253 11.482 2
      vertex 9.43253 11.482 0
    endloop
  endfacet
  facet normal -0.740979 0.671528 0
    outer loop
      vertex 9.43253 11.482 2
      vertex 9.26777 11.3002 0
      vertex 9.26777 11.3002 2
    endloop
  endfacet
  facet normal 0.740979 0.671528 0
    outer loop
      vertex 5.73223 11.3002 2
      vertex 5.56747 11.482 0
      vertex 5.56747 11.482 2
    endloop
  endfacet
  facet normal 0.740979 0.671528 0
    outer loop
      vertex 5.56747 11.482 0
      vertex 5.73223 11.3002 2
      vertex 5.73223 11.3002 0
    endloop
  endfacet
  facet normal 0.146732 -0.989176 0
    outer loop
      vertex 7.01227 15.52 0
      vertex 7.25496 15.556 2
      vertex 7.01227 15.52 2
    endloop
  endfacet
  facet normal 0.146732 -0.989176 0
    outer loop
      vertex 7.25496 15.556 2
      vertex 7.01227 15.52 0
      vertex 7.25496 15.556 0
    endloop
  endfacet
  facet normal 0.242938 -0.970042 0
    outer loop
      vertex 6.77429 15.4604 0
      vertex 7.01227 15.52 2
      vertex 6.77429 15.4604 2
    endloop
  endfacet
  facet normal 0.242938 -0.970042 0
    outer loop
      vertex 7.01227 15.52 2
      vertex 6.77429 15.4604 0
      vertex 7.01227 15.52 0
    endloop
  endfacet
  facet normal -0.671414 -0.741083 0
    outer loop
      vertex 9.08598 15.0005 0
      vertex 9.26777 14.8358 2
      vertex 9.08598 15.0005 2
    endloop
  endfacet
  facet normal -0.671414 -0.741083 -0
    outer loop
      vertex 9.26777 14.8358 2
      vertex 9.08598 15.0005 0
      vertex 9.26777 14.8358 0
    endloop
  endfacet
  facet normal -0.427575 -0.90398 0
    outer loop
      vertex 8.45671 15.3777 0
      vertex 8.67849 15.2728 2
      vertex 8.45671 15.3777 2
    endloop
  endfacet
  facet normal -0.427575 -0.90398 -0
    outer loop
      vertex 8.67849 15.2728 2
      vertex 8.45671 15.3777 0
      vertex 8.67849 15.2728 0
    endloop
  endfacet
  facet normal -0.740979 -0.671528 0
    outer loop
      vertex 9.43253 14.654 0
      vertex 9.26777 14.8358 2
      vertex 9.26777 14.8358 0
    endloop
  endfacet
  facet normal -0.740979 -0.671528 0
    outer loop
      vertex 9.26777 14.8358 2
      vertex 9.43253 14.654 0
      vertex 9.43253 14.654 2
    endloop
  endfacet
  facet normal -0.803284 -0.595596 0
    outer loop
      vertex 9.57867 14.4569 0
      vertex 9.43253 14.654 2
      vertex 9.43253 14.654 0
    endloop
  endfacet
  facet normal -0.803284 -0.595596 0
    outer loop
      vertex 9.43253 14.654 2
      vertex 9.57867 14.4569 0
      vertex 9.57867 14.4569 2
    endloop
  endfacet
  facet normal 0.989177 -0.146726 0
    outer loop
      vertex 5.01204 13.313 2
      vertex 5.04804 13.5557 0
      vertex 5.04804 13.5557 2
    endloop
  endfacet
  facet normal 0.989177 -0.146726 0
    outer loop
      vertex 5.04804 13.5557 0
      vertex 5.01204 13.313 2
      vertex 5.01204 13.313 0
    endloop
  endfacet
  facet normal -0.903995 0.427543 0
    outer loop
      vertex 9.7048 11.8895 0
      vertex 9.8097 12.1113 2
      vertex 9.8097 12.1113 0
    endloop
  endfacet
  facet normal -0.903995 0.427543 0
    outer loop
      vertex 9.8097 12.1113 2
      vertex 9.7048 11.8895 0
      vertex 9.7048 11.8895 2
    endloop
  endfacet
  facet normal -0.903995 -0.427543 0
    outer loop
      vertex 9.8097 14.0247 0
      vertex 9.7048 14.2465 2
      vertex 9.7048 14.2465 0
    endloop
  endfacet
  facet normal -0.903995 -0.427543 0
    outer loop
      vertex 9.7048 14.2465 2
      vertex 9.8097 14.0247 0
      vertex 9.8097 14.0247 2
    endloop
  endfacet
  facet normal 0.803284 0.595596 0
    outer loop
      vertex 5.56747 11.482 2
      vertex 5.42133 11.6791 0
      vertex 5.42133 11.6791 2
    endloop
  endfacet
  facet normal 0.803284 0.595596 0
    outer loop
      vertex 5.42133 11.6791 0
      vertex 5.56747 11.482 2
      vertex 5.56747 11.482 0
    endloop
  endfacet
  facet normal 0.048913 -0.998803 0
    outer loop
      vertex 7.25496 15.556 0
      vertex 7.5 15.568 2
      vertex 7.25496 15.556 2
    endloop
  endfacet
  facet normal 0.048913 -0.998803 0
    outer loop
      vertex 7.5 15.568 2
      vertex 7.25496 15.556 0
      vertex 7.5 15.568 0
    endloop
  endfacet
  facet normal -0.595851 -0.803095 0
    outer loop
      vertex 8.88893 15.1467 0
      vertex 9.08598 15.0005 2
      vertex 8.88893 15.1467 2
    endloop
  endfacet
  facet normal -0.595851 -0.803095 -0
    outer loop
      vertex 9.08598 15.0005 2
      vertex 8.88893 15.1467 0
      vertex 9.08598 15.0005 0
    endloop
  endfacet
  facet normal 0.671414 0.741083 -0
    outer loop
      vertex 5.91402 11.1355 0
      vertex 5.73223 11.3002 2
      vertex 5.91402 11.1355 2
    endloop
  endfacet
  facet normal 0.671414 0.741083 0
    outer loop
      vertex 5.73223 11.3002 2
      vertex 5.91402 11.1355 0
      vertex 5.73223 11.3002 0
    endloop
  endfacet
  facet normal -0.514004 -0.857788 0
    outer loop
      vertex 8.67849 15.2728 0
      vertex 8.88893 15.1467 2
      vertex 8.67849 15.2728 2
    endloop
  endfacet
  facet normal -0.514004 -0.857788 -0
    outer loop
      vertex 8.88893 15.1467 2
      vertex 8.67849 15.2728 0
      vertex 8.88893 15.1467 0
    endloop
  endfacet
  facet normal 0.427575 -0.90398 0
    outer loop
      vertex 6.32151 15.2728 0
      vertex 6.54329 15.3777 2
      vertex 6.32151 15.2728 2
    endloop
  endfacet
  facet normal 0.427575 -0.90398 0
    outer loop
      vertex 6.54329 15.3777 2
      vertex 6.32151 15.2728 0
      vertex 6.54329 15.3777 0
    endloop
  endfacet
  facet normal -0.970037 0.242958 0
    outer loop
      vertex 9.89235 12.3423 0
      vertex 9.95196 12.5803 2
      vertex 9.95196 12.5803 0
    endloop
  endfacet
  facet normal -0.970037 0.242958 0
    outer loop
      vertex 9.95196 12.5803 2
      vertex 9.89235 12.3423 0
      vertex 9.89235 12.3423 2
    endloop
  endfacet
  facet normal -0.337059 -0.941483 0
    outer loop
      vertex 8.22571 15.4604 0
      vertex 8.45671 15.3777 2
      vertex 8.22571 15.4604 2
    endloop
  endfacet
  facet normal -0.337059 -0.941483 -0
    outer loop
      vertex 8.45671 15.3777 2
      vertex 8.22571 15.4604 0
      vertex 8.45671 15.3777 0
    endloop
  endfacet
  facet normal -0.989177 0.146726 0
    outer loop
      vertex 9.95196 12.5803 0
      vertex 9.98796 12.823 2
      vertex 9.98796 12.823 0
    endloop
  endfacet
  facet normal -0.989177 0.146726 0
    outer loop
      vertex 9.98796 12.823 2
      vertex 9.95196 12.5803 0
      vertex 9.95196 12.5803 2
    endloop
  endfacet
  facet normal 0.671414 -0.741083 0
    outer loop
      vertex 5.73223 14.8358 0
      vertex 5.91402 15.0005 2
      vertex 5.73223 14.8358 2
    endloop
  endfacet
  facet normal 0.671414 -0.741083 0
    outer loop
      vertex 5.91402 15.0005 2
      vertex 5.73223 14.8358 0
      vertex 5.91402 15.0005 0
    endloop
  endfacet
  facet normal -0.857691 -0.514166 0
    outer loop
      vertex 9.7048 14.2465 0
      vertex 9.57867 14.4569 2
      vertex 9.57867 14.4569 0
    endloop
  endfacet
  facet normal -0.857691 -0.514166 0
    outer loop
      vertex 9.57867 14.4569 2
      vertex 9.7048 14.2465 0
      vertex 9.7048 14.2465 2
    endloop
  endfacet
  facet normal -0.048913 -0.998803 0
    outer loop
      vertex 7.5 15.568 0
      vertex 7.74504 15.556 2
      vertex 7.5 15.568 2
    endloop
  endfacet
  facet normal -0.048913 -0.998803 -0
    outer loop
      vertex 7.74504 15.556 2
      vertex 7.5 15.568 0
      vertex 7.74504 15.556 0
    endloop
  endfacet
  facet normal -0.242938 -0.970042 0
    outer loop
      vertex 7.98773 15.52 0
      vertex 8.22571 15.4604 2
      vertex 7.98773 15.52 2
    endloop
  endfacet
  facet normal -0.242938 -0.970042 -0
    outer loop
      vertex 8.22571 15.4604 2
      vertex 7.98773 15.52 0
      vertex 8.22571 15.4604 0
    endloop
  endfacet
  facet normal 0.903995 0.427543 0
    outer loop
      vertex 5.2952 11.8895 2
      vertex 5.1903 12.1113 0
      vertex 5.1903 12.1113 2
    endloop
  endfacet
  facet normal 0.903995 0.427543 0
    outer loop
      vertex 5.1903 12.1113 0
      vertex 5.2952 11.8895 2
      vertex 5.2952 11.8895 0
    endloop
  endfacet
  facet normal 0.970037 -0.242958 0
    outer loop
      vertex 5.04804 13.5557 2
      vertex 5.10765 13.7937 0
      vertex 5.10765 13.7937 2
    endloop
  endfacet
  facet normal 0.970037 -0.242958 0
    outer loop
      vertex 5.10765 13.7937 0
      vertex 5.04804 13.5557 2
      vertex 5.04804 13.5557 0
    endloop
  endfacet
  facet normal 0.857691 -0.514166 0
    outer loop
      vertex 5.2952 14.2465 2
      vertex 5.42133 14.4569 0
      vertex 5.42133 14.4569 2
    endloop
  endfacet
  facet normal 0.857691 -0.514166 0
    outer loop
      vertex 5.42133 14.4569 0
      vertex 5.2952 14.2465 2
      vertex 5.2952 14.2465 0
    endloop
  endfacet
  facet normal 0.941548 0.336879 0
    outer loop
      vertex 5.1903 12.1113 2
      vertex 5.10765 12.3423 0
      vertex 5.10765 12.3423 2
    endloop
  endfacet
  facet normal 0.941548 0.336879 0
    outer loop
      vertex 5.10765 12.3423 0
      vertex 5.1903 12.1113 2
      vertex 5.1903 12.1113 0
    endloop
  endfacet
  facet normal 0.998795 0.0490836 0
    outer loop
      vertex 5.01204 12.823 2
      vertex 5 13.068 0
      vertex 5 13.068 2
    endloop
  endfacet
  facet normal 0.998795 0.0490836 0
    outer loop
      vertex 5 13.068 0
      vertex 5.01204 12.823 2
      vertex 5.01204 12.823 0
    endloop
  endfacet
  facet normal 0.740979 -0.671528 0
    outer loop
      vertex 5.56747 14.654 2
      vertex 5.73223 14.8358 0
      vertex 5.73223 14.8358 2
    endloop
  endfacet
  facet normal 0.740979 -0.671528 0
    outer loop
      vertex 5.73223 14.8358 0
      vertex 5.56747 14.654 2
      vertex 5.56747 14.654 0
    endloop
  endfacet
  facet normal 0.989177 0.146726 0
    outer loop
      vertex 5.04804 12.5803 2
      vertex 5.01204 12.823 0
      vertex 5.01204 12.823 2
    endloop
  endfacet
  facet normal 0.989177 0.146726 0
    outer loop
      vertex 5.01204 12.823 0
      vertex 5.04804 12.5803 2
      vertex 5.04804 12.5803 0
    endloop
  endfacet
  facet normal 0.803284 -0.595596 0
    outer loop
      vertex 5.42133 14.4569 2
      vertex 5.56747 14.654 0
      vertex 5.56747 14.654 2
    endloop
  endfacet
  facet normal 0.803284 -0.595596 0
    outer loop
      vertex 5.56747 14.654 0
      vertex 5.42133 14.4569 2
      vertex 5.42133 14.4569 0
    endloop
  endfacet
  facet normal -0.803284 0.595596 0
    outer loop
      vertex 9.43253 11.482 0
      vertex 9.57867 11.6791 2
      vertex 9.57867 11.6791 0
    endloop
  endfacet
  facet normal -0.803284 0.595596 0
    outer loop
      vertex 9.57867 11.6791 2
      vertex 9.43253 11.482 0
      vertex 9.43253 11.482 2
    endloop
  endfacet
  facet normal 0.514004 -0.857788 0
    outer loop
      vertex 6.11107 15.1467 0
      vertex 6.32151 15.2728 2
      vertex 6.11107 15.1467 2
    endloop
  endfacet
  facet normal 0.514004 -0.857788 0
    outer loop
      vertex 6.32151 15.2728 2
      vertex 6.11107 15.1467 0
      vertex 6.32151 15.2728 0
    endloop
  endfacet
  facet normal -0.857691 0.514166 0
    outer loop
      vertex 9.57867 11.6791 0
      vertex 9.7048 11.8895 2
      vertex 9.7048 11.8895 0
    endloop
  endfacet
  facet normal -0.857691 0.514166 0
    outer loop
      vertex 9.7048 11.8895 2
      vertex 9.57867 11.6791 0
      vertex 9.57867 11.6791 2
    endloop
  endfacet
  facet normal -0.59599 0.802992 0
    outer loop
      vertex 9.08598 11.1355 0
      vertex 9.03815 11.1 2
      vertex 9.08598 11.1355 2
    endloop
  endfacet
  facet normal -0.59599 0.802992 0
    outer loop
      vertex 9.03815 11.1 2
      vertex 9.08598 11.1355 0
      vertex 9.03815 11.1 0
    endloop
  endfacet
  facet normal 0.857691 0.514166 0
    outer loop
      vertex 5.42133 11.6791 2
      vertex 5.2952 11.8895 0
      vertex 5.2952 11.8895 2
    endloop
  endfacet
  facet normal 0.857691 0.514166 0
    outer loop
      vertex 5.2952 11.8895 0
      vertex 5.42133 11.6791 2
      vertex 5.42133 11.6791 0
    endloop
  endfacet
  facet normal 0.941548 -0.336879 0
    outer loop
      vertex 5.10765 13.7937 2
      vertex 5.1903 14.0247 0
      vertex 5.1903 14.0247 2
    endloop
  endfacet
  facet normal 0.941548 -0.336879 0
    outer loop
      vertex 5.1903 14.0247 0
      vertex 5.10765 13.7937 2
      vertex 5.10765 13.7937 0
    endloop
  endfacet
  facet normal 0.903995 -0.427543 0
    outer loop
      vertex 5.1903 14.0247 2
      vertex 5.2952 14.2465 0
      vertex 5.2952 14.2465 2
    endloop
  endfacet
  facet normal 0.903995 -0.427543 0
    outer loop
      vertex 5.2952 14.2465 0
      vertex 5.1903 14.0247 2
      vertex 5.1903 14.0247 0
    endloop
  endfacet
  facet normal -0.671414 0.741083 0
    outer loop
      vertex 9.26777 11.3002 0
      vertex 9.08598 11.1355 2
      vertex 9.26777 11.3002 2
    endloop
  endfacet
  facet normal -0.671414 0.741083 0
    outer loop
      vertex 9.08598 11.1355 2
      vertex 9.26777 11.3002 0
      vertex 9.08598 11.1355 0
    endloop
  endfacet
  facet normal 0.998795 -0.0490836 0
    outer loop
      vertex 5 13.068 2
      vertex 5.01204 13.313 0
      vertex 5.01204 13.313 2
    endloop
  endfacet
  facet normal 0.998795 -0.0490836 0
    outer loop
      vertex 5.01204 13.313 0
      vertex 5 13.068 2
      vertex 5 13.068 0
    endloop
  endfacet
  facet normal 0.970037 0.242958 0
    outer loop
      vertex 5.10765 12.3423 2
      vertex 5.04804 12.5803 0
      vertex 5.04804 12.5803 2
    endloop
  endfacet
  facet normal 0.970037 0.242958 0
    outer loop
      vertex 5.04804 12.5803 0
      vertex 5.10765 12.3423 2
      vertex 5.10765 12.3423 0
    endloop
  endfacet
  facet normal 0.59599 0.802992 -0
    outer loop
      vertex 5.96185 11.1 0
      vertex 5.91402 11.1355 2
      vertex 5.96185 11.1 2
    endloop
  endfacet
  facet normal 0.59599 0.802992 0
    outer loop
      vertex 5.91402 11.1355 2
      vertex 5.96185 11.1 0
      vertex 5.91402 11.1355 0
    endloop
  endfacet
  facet normal 0.989359 0.145494 0
    outer loop
      vertex 38.0134 15.8634 2
      vertex 38.0034 15.9314 0
      vertex 38.0034 15.9314 2
    endloop
  endfacet
  facet normal 0.989359 0.145494 0
    outer loop
      vertex 38.0034 15.9314 0
      vertex 38.0134 15.8634 2
      vertex 38.0134 15.8634 0
    endloop
  endfacet
  facet normal -0.80348 0.595332 0
    outer loop
      vertex 39.2411 15.5559 0
      vertex 39.282 15.6111 2
      vertex 39.282 15.6111 0
    endloop
  endfacet
  facet normal -0.80348 0.595332 0
    outer loop
      vertex 39.282 15.6111 2
      vertex 39.2411 15.5559 0
      vertex 39.2411 15.5559 2
    endloop
  endfacet
  facet normal 0.998774 0.0495019 0
    outer loop
      vertex 38.0034 15.9314 2
      vertex 38 16 0
      vertex 38 16 2
    endloop
  endfacet
  facet normal 0.998774 0.0495019 0
    outer loop
      vertex 38 16 0
      vertex 38.0034 15.9314 2
      vertex 38.0034 15.9314 0
    endloop
  endfacet
  facet normal 0.595332 -0.80348 0
    outer loop
      vertex 38.2559 27.1411 0
      vertex 38.3111 27.182 2
      vertex 38.2559 27.1411 2
    endloop
  endfacet
  facet normal 0.595332 -0.80348 0
    outer loop
      vertex 38.3111 27.182 2
      vertex 38.2559 27.1411 0
      vertex 38.3111 27.182 0
    endloop
  endfacet
  facet normal -0.970314 0.24185 0
    outer loop
      vertex 39.3699 15.7968 0
      vertex 39.3865 15.8634 2
      vertex 39.3865 15.8634 0
    endloop
  endfacet
  facet normal -0.970314 0.24185 0
    outer loop
      vertex 39.3865 15.8634 2
      vertex 39.3699 15.7968 0
      vertex 39.3699 15.7968 2
    endloop
  endfacet
  facet normal -0.970314 -0.24185 0
    outer loop
      vertex 39.3865 26.7366 0
      vertex 39.3699 26.8032 2
      vertex 39.3699 26.8032 0
    endloop
  endfacet
  facet normal -0.970314 -0.24185 0
    outer loop
      vertex 39.3699 26.8032 2
      vertex 39.3865 26.7366 0
      vertex 39.3865 26.7366 2
    endloop
  endfacet
  facet normal 0.426709 0.904389 -0
    outer loop
      vertex 38.4321 15.3533 0
      vertex 38.37 15.3826 2
      vertex 38.4321 15.3533 2
    endloop
  endfacet
  facet normal 0.426709 0.904389 0
    outer loop
      vertex 38.37 15.3826 2
      vertex 38.4321 15.3533 0
      vertex 38.37 15.3826 0
    endloop
  endfacet
  facet normal 0.998774 -0.0495019 0
    outer loop
      vertex 38 26.6 2
      vertex 38.0034 26.6686 0
      vertex 38.0034 26.6686 2
    endloop
  endfacet
  facet normal 0.998774 -0.0495019 0
    outer loop
      vertex 38.0034 26.6686 0
      vertex 38 26.6 2
      vertex 38 26.6 0
    endloop
  endfacet
  facet normal 1 -0 0
    outer loop
      vertex 38 16 2
      vertex 38 26.6 0
      vertex 38 26.6 2
    endloop
  endfacet
  facet normal 1 0 0
    outer loop
      vertex 38 26.6 0
      vertex 38 16 2
      vertex 38 16 0
    endloop
  endfacet
  facet normal -0.998774 -0.0495019 0
    outer loop
      vertex 39.4 26.6 0
      vertex 39.3966 26.6686 2
      vertex 39.3966 26.6686 0
    endloop
  endfacet
  facet normal -0.998774 -0.0495019 0
    outer loop
      vertex 39.3966 26.6686 2
      vertex 39.4 26.6 0
      vertex 39.4 26.6 2
    endloop
  endfacet
  facet normal -0.336244 -0.941775 0
    outer loop
      vertex 38.9032 27.2698 0
      vertex 38.9679 27.2467 2
      vertex 38.9032 27.2698 2
    endloop
  endfacet
  facet normal -0.336244 -0.941775 -0
    outer loop
      vertex 38.9679 27.2467 2
      vertex 38.9032 27.2698 0
      vertex 38.9679 27.2467 0
    endloop
  endfacet
  facet normal -0.941313 -0.337534 0
    outer loop
      vertex 39.3699 26.8032 0
      vertex 39.3467 26.8679 2
      vertex 39.3467 26.8679 0
    endloop
  endfacet
  facet normal -0.941313 -0.337534 0
    outer loop
      vertex 39.3467 26.8679 2
      vertex 39.3699 26.8032 0
      vertex 39.3699 26.8032 2
    endloop
  endfacet
  facet normal -0.85775 -0.514067 0
    outer loop
      vertex 39.3173 26.93 0
      vertex 39.282 26.9889 2
      vertex 39.282 26.9889 0
    endloop
  endfacet
  facet normal -0.85775 -0.514067 0
    outer loop
      vertex 39.282 26.9889 2
      vertex 39.3173 26.93 0
      vertex 39.3173 26.93 2
    endloop
  endfacet
  facet normal -0.989149 0.146918 0
    outer loop
      vertex 39.3865 15.8634 0
      vertex 39.3966 15.9314 2
      vertex 39.3966 15.9314 0
    endloop
  endfacet
  facet normal -0.989149 0.146918 0
    outer loop
      vertex 39.3966 15.9314 2
      vertex 39.3865 15.8634 0
      vertex 39.3865 15.8634 2
    endloop
  endfacet
  facet normal -0.243221 -0.969971 0
    outer loop
      vertex 38.8366 27.2865 0
      vertex 38.9032 27.2698 2
      vertex 38.8366 27.2865 2
    endloop
  endfacet
  facet normal -0.243221 -0.969971 -0
    outer loop
      vertex 38.9032 27.2698 2
      vertex 38.8366 27.2865 0
      vertex 38.9032 27.2698 0
    endloop
  endfacet
  facet normal -0.903827 0.427899 0
    outer loop
      vertex 39.3173 15.67 0
      vertex 39.3467 15.7321 2
      vertex 39.3467 15.7321 0
    endloop
  endfacet
  facet normal -0.903827 0.427899 0
    outer loop
      vertex 39.3467 15.7321 2
      vertex 39.3173 15.67 0
      vertex 39.3173 15.67 2
    endloop
  endfacet
  facet normal -0.595332 -0.80348 0
    outer loop
      vertex 39.0889 27.182 0
      vertex 39.1441 27.1411 2
      vertex 39.0889 27.182 2
    endloop
  endfacet
  facet normal -0.595332 -0.80348 -0
    outer loop
      vertex 39.1441 27.1411 2
      vertex 39.0889 27.182 0
      vertex 39.1441 27.1411 0
    endloop
  endfacet
  facet normal -0.741191 -0.671295 0
    outer loop
      vertex 39.2411 27.0441 0
      vertex 39.195 27.095 2
      vertex 39.195 27.095 0
    endloop
  endfacet
  facet normal -0.741191 -0.671295 0
    outer loop
      vertex 39.195 27.095 2
      vertex 39.2411 27.0441 0
      vertex 39.2411 27.0441 2
    endloop
  endfacet
  facet normal 0.336244 -0.941775 0
    outer loop
      vertex 38.4321 27.2467 0
      vertex 38.4968 27.2698 2
      vertex 38.4321 27.2467 2
    endloop
  endfacet
  facet normal 0.336244 -0.941775 0
    outer loop
      vertex 38.4968 27.2698 2
      vertex 38.4321 27.2467 0
      vertex 38.4968 27.2698 0
    endloop
  endfacet
  facet normal -0.145494 0.989359 0
    outer loop
      vertex 38.8366 15.3134 0
      vertex 38.7686 15.3034 2
      vertex 38.8366 15.3134 2
    endloop
  endfacet
  facet normal -0.145494 0.989359 0
    outer loop
      vertex 38.7686 15.3034 2
      vertex 38.8366 15.3134 0
      vertex 38.7686 15.3034 0
    endloop
  endfacet
  facet normal -0.998774 0.0495019 0
    outer loop
      vertex 39.3966 15.9314 0
      vertex 39.4 16 2
      vertex 39.4 16 0
    endloop
  endfacet
  facet normal -0.998774 0.0495019 0
    outer loop
      vertex 39.4 16 2
      vertex 39.3966 15.9314 0
      vertex 39.3966 15.9314 2
    endloop
  endfacet
  facet normal -1 0 0
    outer loop
      vertex 39.4 16 0
      vertex 39.4 26.6 2
      vertex 39.4 26.6 0
    endloop
  endfacet
  facet normal -1 -0 0
    outer loop
      vertex 39.4 26.6 2
      vertex 39.4 16 0
      vertex 39.4 16 2
    endloop
  endfacet
  facet normal 0.243221 0.969971 -0
    outer loop
      vertex 38.5634 15.3134 0
      vertex 38.4968 15.3301 2
      vertex 38.5634 15.3134 2
    endloop
  endfacet
  facet normal 0.243221 0.969971 0
    outer loop
      vertex 38.4968 15.3301 2
      vertex 38.5634 15.3134 0
      vertex 38.4968 15.3301 0
    endloop
  endfacet
  facet normal -0.989149 -0.146918 0
    outer loop
      vertex 39.3966 26.6686 0
      vertex 39.3865 26.7366 2
      vertex 39.3865 26.7366 0
    endloop
  endfacet
  facet normal -0.989149 -0.146918 0
    outer loop
      vertex 39.3865 26.7366 2
      vertex 39.3966 26.6686 0
      vertex 39.3966 26.6686 2
    endloop
  endfacet
  facet normal 0.0495019 0.998774 -0
    outer loop
      vertex 38.7 15.3 0
      vertex 38.6314 15.3034 2
      vertex 38.7 15.3 2
    endloop
  endfacet
  facet normal 0.0495019 0.998774 0
    outer loop
      vertex 38.6314 15.3034 2
      vertex 38.7 15.3 0
      vertex 38.6314 15.3034 0
    endloop
  endfacet
  facet normal 0.904389 0.426709 0
    outer loop
      vertex 38.0826 15.67 2
      vertex 38.0533 15.7321 0
      vertex 38.0533 15.7321 2
    endloop
  endfacet
  facet normal 0.904389 0.426709 0
    outer loop
      vertex 38.0533 15.7321 0
      vertex 38.0826 15.67 2
      vertex 38.0826 15.67 0
    endloop
  endfacet
  facet normal -0.427899 -0.903827 0
    outer loop
      vertex 38.9679 27.2467 0
      vertex 39.03 27.2173 2
      vertex 38.9679 27.2467 2
    endloop
  endfacet
  facet normal -0.427899 -0.903827 -0
    outer loop
      vertex 39.03 27.2173 2
      vertex 38.9679 27.2467 0
      vertex 39.03 27.2173 0
    endloop
  endfacet
  facet normal -0.741191 0.671295 0
    outer loop
      vertex 39.195 15.505 0
      vertex 39.2411 15.5559 2
      vertex 39.2411 15.5559 0
    endloop
  endfacet
  facet normal -0.741191 0.671295 0
    outer loop
      vertex 39.2411 15.5559 2
      vertex 39.195 15.505 0
      vertex 39.195 15.505 2
    endloop
  endfacet
  facet normal 0.0495019 -0.998774 0
    outer loop
      vertex 38.6314 27.2966 0
      vertex 38.7 27.3 2
      vertex 38.6314 27.2966 2
    endloop
  endfacet
  facet normal 0.0495019 -0.998774 0
    outer loop
      vertex 38.7 27.3 2
      vertex 38.6314 27.2966 0
      vertex 38.7 27.3 0
    endloop
  endfacet
  facet normal -0.85775 0.514067 0
    outer loop
      vertex 39.282 15.6111 0
      vertex 39.3173 15.67 2
      vertex 39.3173 15.67 0
    endloop
  endfacet
  facet normal -0.85775 0.514067 0
    outer loop
      vertex 39.3173 15.67 2
      vertex 39.282 15.6111 0
      vertex 39.282 15.6111 2
    endloop
  endfacet
  facet normal 0.671295 -0.741191 0
    outer loop
      vertex 38.205 27.095 0
      vertex 38.2559 27.1411 2
      vertex 38.205 27.095 2
    endloop
  endfacet
  facet normal 0.671295 -0.741191 0
    outer loop
      vertex 38.2559 27.1411 2
      vertex 38.205 27.095 0
      vertex 38.2559 27.1411 0
    endloop
  endfacet
  facet normal 0.80348 -0.595332 0
    outer loop
      vertex 38.118 26.9889 2
      vertex 38.1589 27.0441 0
      vertex 38.1589 27.0441 2
    endloop
  endfacet
  facet normal 0.80348 -0.595332 0
    outer loop
      vertex 38.1589 27.0441 0
      vertex 38.118 26.9889 2
      vertex 38.118 26.9889 0
    endloop
  endfacet
  facet normal -0.903827 -0.427899 0
    outer loop
      vertex 39.3467 26.8679 0
      vertex 39.3173 26.93 2
      vertex 39.3173 26.93 0
    endloop
  endfacet
  facet normal -0.903827 -0.427899 0
    outer loop
      vertex 39.3173 26.93 2
      vertex 39.3467 26.8679 0
      vertex 39.3467 26.8679 2
    endloop
  endfacet
  facet normal -0.514067 -0.85775 0
    outer loop
      vertex 39.03 27.2173 0
      vertex 39.0889 27.182 2
      vertex 39.03 27.2173 2
    endloop
  endfacet
  facet normal -0.514067 -0.85775 -0
    outer loop
      vertex 39.0889 27.182 2
      vertex 39.03 27.2173 0
      vertex 39.0889 27.182 0
    endloop
  endfacet
  facet normal -0.146918 -0.989149 0
    outer loop
      vertex 38.7686 27.2966 0
      vertex 38.8366 27.2865 2
      vertex 38.7686 27.2966 2
    endloop
  endfacet
  facet normal -0.146918 -0.989149 -0
    outer loop
      vertex 38.8366 27.2865 2
      vertex 38.7686 27.2966 0
      vertex 38.8366 27.2865 0
    endloop
  endfacet
  facet normal 0.427899 -0.903827 0
    outer loop
      vertex 38.37 27.2173 0
      vertex 38.4321 27.2467 2
      vertex 38.37 27.2173 2
    endloop
  endfacet
  facet normal 0.427899 -0.903827 0
    outer loop
      vertex 38.4321 27.2467 2
      vertex 38.37 27.2173 0
      vertex 38.4321 27.2467 0
    endloop
  endfacet
  facet normal -0.243221 0.969971 0
    outer loop
      vertex 38.9032 15.3301 0
      vertex 38.8366 15.3134 2
      vertex 38.9032 15.3301 2
    endloop
  endfacet
  facet normal -0.243221 0.969971 0
    outer loop
      vertex 38.8366 15.3134 2
      vertex 38.9032 15.3301 0
      vertex 38.8366 15.3134 0
    endloop
  endfacet
  facet normal 0.514067 -0.85775 0
    outer loop
      vertex 38.3111 27.182 0
      vertex 38.37 27.2173 2
      vertex 38.3111 27.182 2
    endloop
  endfacet
  facet normal 0.514067 -0.85775 0
    outer loop
      vertex 38.37 27.2173 2
      vertex 38.3111 27.182 0
      vertex 38.37 27.2173 0
    endloop
  endfacet
  facet normal -0.80348 -0.595332 0
    outer loop
      vertex 39.282 26.9889 0
      vertex 39.2411 27.0441 2
      vertex 39.2411 27.0441 0
    endloop
  endfacet
  facet normal -0.80348 -0.595332 0
    outer loop
      vertex 39.2411 27.0441 2
      vertex 39.282 26.9889 0
      vertex 39.282 26.9889 2
    endloop
  endfacet
  facet normal -0.0495019 -0.998774 0
    outer loop
      vertex 38.7 27.3 0
      vertex 38.7686 27.2966 2
      vertex 38.7 27.3 2
    endloop
  endfacet
  facet normal -0.0495019 -0.998774 -0
    outer loop
      vertex 38.7686 27.2966 2
      vertex 38.7 27.3 0
      vertex 38.7686 27.2966 0
    endloop
  endfacet
  facet normal 0.741191 -0.671295 0
    outer loop
      vertex 38.1589 27.0441 2
      vertex 38.205 27.095 0
      vertex 38.205 27.095 2
    endloop
  endfacet
  facet normal 0.741191 -0.671295 0
    outer loop
      vertex 38.205 27.095 0
      vertex 38.1589 27.0441 2
      vertex 38.1589 27.0441 0
    endloop
  endfacet
  facet normal -0.515138 0.857107 0
    outer loop
      vertex 39.0889 15.418 0
      vertex 39.03 15.3826 2
      vertex 39.0889 15.418 2
    endloop
  endfacet
  facet normal -0.515138 0.857107 0
    outer loop
      vertex 39.03 15.3826 2
      vertex 39.0889 15.418 0
      vertex 39.03 15.3826 0
    endloop
  endfacet
  facet normal 0.857107 -0.515138 0
    outer loop
      vertex 38.0826 26.93 2
      vertex 38.118 26.9889 0
      vertex 38.118 26.9889 2
    endloop
  endfacet
  facet normal 0.857107 -0.515138 0
    outer loop
      vertex 38.118 26.9889 0
      vertex 38.0826 26.93 2
      vertex 38.0826 26.93 0
    endloop
  endfacet
  facet normal 0.145494 0.989359 -0
    outer loop
      vertex 38.6314 15.3034 0
      vertex 38.5634 15.3134 2
      vertex 38.6314 15.3034 2
    endloop
  endfacet
  facet normal 0.145494 0.989359 0
    outer loop
      vertex 38.5634 15.3134 2
      vertex 38.6314 15.3034 0
      vertex 38.5634 15.3134 0
    endloop
  endfacet
  facet normal 0.243221 -0.969971 0
    outer loop
      vertex 38.4968 27.2698 0
      vertex 38.5634 27.2865 2
      vertex 38.4968 27.2698 2
    endloop
  endfacet
  facet normal 0.243221 -0.969971 0
    outer loop
      vertex 38.5634 27.2865 2
      vertex 38.4968 27.2698 0
      vertex 38.5634 27.2865 0
    endloop
  endfacet
  facet normal -0.671295 -0.741191 0
    outer loop
      vertex 39.1441 27.1411 0
      vertex 39.195 27.095 2
      vertex 39.1441 27.1411 2
    endloop
  endfacet
  facet normal -0.671295 -0.741191 -0
    outer loop
      vertex 39.195 27.095 2
      vertex 39.1441 27.1411 0
      vertex 39.195 27.095 0
    endloop
  endfacet
  facet normal -0.941313 0.337534 0
    outer loop
      vertex 39.3467 15.7321 0
      vertex 39.3699 15.7968 2
      vertex 39.3699 15.7968 0
    endloop
  endfacet
  facet normal -0.941313 0.337534 0
    outer loop
      vertex 39.3699 15.7968 2
      vertex 39.3467 15.7321 0
      vertex 39.3467 15.7321 2
    endloop
  endfacet
  facet normal 0.146918 -0.989149 0
    outer loop
      vertex 38.5634 27.2865 0
      vertex 38.6314 27.2966 2
      vertex 38.5634 27.2865 2
    endloop
  endfacet
  facet normal 0.146918 -0.989149 0
    outer loop
      vertex 38.6314 27.2966 2
      vertex 38.5634 27.2865 0
      vertex 38.6314 27.2966 0
    endloop
  endfacet
  facet normal 0.741191 0.671295 0
    outer loop
      vertex 38.205 15.505 2
      vertex 38.1589 15.5559 0
      vertex 38.1589 15.5559 2
    endloop
  endfacet
  facet normal 0.741191 0.671295 0
    outer loop
      vertex 38.1589 15.5559 0
      vertex 38.205 15.505 2
      vertex 38.205 15.505 0
    endloop
  endfacet
  facet normal 0.515138 0.857107 -0
    outer loop
      vertex 38.37 15.3826 0
      vertex 38.3111 15.418 2
      vertex 38.37 15.3826 2
    endloop
  endfacet
  facet normal 0.515138 0.857107 0
    outer loop
      vertex 38.3111 15.418 2
      vertex 38.37 15.3826 0
      vertex 38.3111 15.418 0
    endloop
  endfacet
  facet normal 0.969971 0.243221 0
    outer loop
      vertex 38.0301 15.7968 2
      vertex 38.0134 15.8634 0
      vertex 38.0134 15.8634 2
    endloop
  endfacet
  facet normal 0.969971 0.243221 0
    outer loop
      vertex 38.0134 15.8634 0
      vertex 38.0301 15.7968 2
      vertex 38.0301 15.7968 0
    endloop
  endfacet
  facet normal 0.969971 -0.243221 0
    outer loop
      vertex 38.0134 26.7366 2
      vertex 38.0301 26.8032 0
      vertex 38.0301 26.8032 2
    endloop
  endfacet
  facet normal 0.969971 -0.243221 0
    outer loop
      vertex 38.0301 26.8032 0
      vertex 38.0134 26.7366 2
      vertex 38.0134 26.7366 0
    endloop
  endfacet
  facet normal 0.989359 -0.145494 0
    outer loop
      vertex 38.0034 26.6686 2
      vertex 38.0134 26.7366 0
      vertex 38.0134 26.7366 2
    endloop
  endfacet
  facet normal 0.989359 -0.145494 0
    outer loop
      vertex 38.0134 26.7366 0
      vertex 38.0034 26.6686 2
      vertex 38.0034 26.6686 0
    endloop
  endfacet
  facet normal 0.904389 -0.426709 0
    outer loop
      vertex 38.0533 26.8679 2
      vertex 38.0826 26.93 0
      vertex 38.0826 26.93 2
    endloop
  endfacet
  facet normal 0.904389 -0.426709 0
    outer loop
      vertex 38.0826 26.93 0
      vertex 38.0533 26.8679 2
      vertex 38.0533 26.8679 0
    endloop
  endfacet
  facet normal 0.941313 -0.337534 0
    outer loop
      vertex 38.0301 26.8032 2
      vertex 38.0533 26.8679 0
      vertex 38.0533 26.8679 2
    endloop
  endfacet
  facet normal 0.941313 -0.337534 0
    outer loop
      vertex 38.0533 26.8679 0
      vertex 38.0301 26.8032 2
      vertex 38.0301 26.8032 0
    endloop
  endfacet
  facet normal -0.0495019 0.998774 0
    outer loop
      vertex 38.7686 15.3034 0
      vertex 38.7 15.3 2
      vertex 38.7686 15.3034 2
    endloop
  endfacet
  facet normal -0.0495019 0.998774 0
    outer loop
      vertex 38.7 15.3 2
      vertex 38.7686 15.3034 0
      vertex 38.7 15.3 0
    endloop
  endfacet
  facet normal 0.857107 0.515138 0
    outer loop
      vertex 38.118 15.6111 2
      vertex 38.0826 15.67 0
      vertex 38.0826 15.67 2
    endloop
  endfacet
  facet normal 0.857107 0.515138 0
    outer loop
      vertex 38.0826 15.67 0
      vertex 38.118 15.6111 2
      vertex 38.118 15.6111 0
    endloop
  endfacet
  facet normal -0.595332 0.80348 0
    outer loop
      vertex 39.1441 15.4589 0
      vertex 39.0889 15.418 2
      vertex 39.1441 15.4589 2
    endloop
  endfacet
  facet normal -0.595332 0.80348 0
    outer loop
      vertex 39.0889 15.418 2
      vertex 39.1441 15.4589 0
      vertex 39.0889 15.418 0
    endloop
  endfacet
  facet normal 0.80348 0.595332 0
    outer loop
      vertex 38.1589 15.5559 2
      vertex 38.118 15.6111 0
      vertex 38.118 15.6111 2
    endloop
  endfacet
  facet normal 0.80348 0.595332 0
    outer loop
      vertex 38.118 15.6111 0
      vertex 38.1589 15.5559 2
      vertex 38.1589 15.5559 0
    endloop
  endfacet
  facet normal -0.337534 0.941313 0
    outer loop
      vertex 38.9679 15.3533 0
      vertex 38.9032 15.3301 2
      vertex 38.9679 15.3533 2
    endloop
  endfacet
  facet normal -0.337534 0.941313 0
    outer loop
      vertex 38.9032 15.3301 2
      vertex 38.9679 15.3533 0
      vertex 38.9032 15.3301 0
    endloop
  endfacet
  facet normal -0.426709 0.904389 0
    outer loop
      vertex 39.03 15.3826 0
      vertex 38.9679 15.3533 2
      vertex 39.03 15.3826 2
    endloop
  endfacet
  facet normal -0.426709 0.904389 0
    outer loop
      vertex 38.9679 15.3533 2
      vertex 39.03 15.3826 0
      vertex 38.9679 15.3533 0
    endloop
  endfacet
  facet normal 0.671295 0.741191 -0
    outer loop
      vertex 38.2559 15.4589 0
      vertex 38.205 15.505 2
      vertex 38.2559 15.4589 2
    endloop
  endfacet
  facet normal 0.671295 0.741191 0
    outer loop
      vertex 38.205 15.505 2
      vertex 38.2559 15.4589 0
      vertex 38.205 15.505 0
    endloop
  endfacet
  facet normal -0.671295 0.741191 0
    outer loop
      vertex 39.195 15.505 0
      vertex 39.1441 15.4589 2
      vertex 39.195 15.505 2
    endloop
  endfacet
  facet normal -0.671295 0.741191 0
    outer loop
      vertex 39.1441 15.4589 2
      vertex 39.195 15.505 0
      vertex 39.1441 15.4589 0
    endloop
  endfacet
  facet normal 0.337534 0.941313 -0
    outer loop
      vertex 38.4968 15.3301 0
      vertex 38.4321 15.3533 2
      vertex 38.4968 15.3301 2
    endloop
  endfacet
  facet normal 0.337534 0.941313 0
    outer loop
      vertex 38.4321 15.3533 2
      vertex 38.4968 15.3301 0
      vertex 38.4321 15.3533 0
    endloop
  endfacet
  facet normal 0.595332 0.80348 -0
    outer loop
      vertex 38.3111 15.418 0
      vertex 38.2559 15.4589 2
      vertex 38.3111 15.418 2
    endloop
  endfacet
  facet normal 0.595332 0.80348 0
    outer loop
      vertex 38.2559 15.4589 2
      vertex 38.3111 15.418 0
      vertex 38.2559 15.4589 0
    endloop
  endfacet
  facet normal 0.941313 0.337534 0
    outer loop
      vertex 38.0533 15.7321 2
      vertex 38.0301 15.7968 0
      vertex 38.0301 15.7968 2
    endloop
  endfacet
  facet normal 0.941313 0.337534 0
    outer loop
      vertex 38.0301 15.7968 0
      vertex 38.0533 15.7321 2
      vertex 38.0533 15.7321 0
    endloop
  endfacet
  facet normal 0.989359 0.145494 0
    outer loop
      vertex 42.0134 15.8634 2
      vertex 42.0034 15.9314 0
      vertex 42.0034 15.9314 2
    endloop
  endfacet
  facet normal 0.989359 0.145494 0
    outer loop
      vertex 42.0034 15.9314 0
      vertex 42.0134 15.8634 2
      vertex 42.0134 15.8634 0
    endloop
  endfacet
  facet normal -0.80348 0.595332 0
    outer loop
      vertex 43.2411 15.5559 0
      vertex 43.282 15.6111 2
      vertex 43.282 15.6111 0
    endloop
  endfacet
  facet normal -0.80348 0.595332 0
    outer loop
      vertex 43.282 15.6111 2
      vertex 43.2411 15.5559 0
      vertex 43.2411 15.5559 2
    endloop
  endfacet
  facet normal 0.998774 0.0495019 0
    outer loop
      vertex 42.0034 15.9314 2
      vertex 42 16 0
      vertex 42 16 2
    endloop
  endfacet
  facet normal 0.998774 0.0495019 0
    outer loop
      vertex 42 16 0
      vertex 42.0034 15.9314 2
      vertex 42.0034 15.9314 0
    endloop
  endfacet
  facet normal 0.595332 -0.80348 0
    outer loop
      vertex 42.2559 27.1411 0
      vertex 42.3111 27.182 2
      vertex 42.2559 27.1411 2
    endloop
  endfacet
  facet normal 0.595332 -0.80348 0
    outer loop
      vertex 42.3111 27.182 2
      vertex 42.2559 27.1411 0
      vertex 42.3111 27.182 0
    endloop
  endfacet
  facet normal -0.970314 0.24185 0
    outer loop
      vertex 43.3699 15.7968 0
      vertex 43.3865 15.8634 2
      vertex 43.3865 15.8634 0
    endloop
  endfacet
  facet normal -0.970314 0.24185 0
    outer loop
      vertex 43.3865 15.8634 2
      vertex 43.3699 15.7968 0
      vertex 43.3699 15.7968 2
    endloop
  endfacet
  facet normal -0.970314 -0.24185 0
    outer loop
      vertex 43.3865 26.7366 0
      vertex 43.3699 26.8032 2
      vertex 43.3699 26.8032 0
    endloop
  endfacet
  facet normal -0.970314 -0.24185 0
    outer loop
      vertex 43.3699 26.8032 2
      vertex 43.3865 26.7366 0
      vertex 43.3865 26.7366 2
    endloop
  endfacet
  facet normal 0.426709 0.904389 -0
    outer loop
      vertex 42.4321 15.3533 0
      vertex 42.37 15.3826 2
      vertex 42.4321 15.3533 2
    endloop
  endfacet
  facet normal 0.426709 0.904389 0
    outer loop
      vertex 42.37 15.3826 2
      vertex 42.4321 15.3533 0
      vertex 42.37 15.3826 0
    endloop
  endfacet
  facet normal 0.998774 -0.0495019 0
    outer loop
      vertex 42 26.6 2
      vertex 42.0034 26.6686 0
      vertex 42.0034 26.6686 2
    endloop
  endfacet
  facet normal 0.998774 -0.0495019 0
    outer loop
      vertex 42.0034 26.6686 0
      vertex 42 26.6 2
      vertex 42 26.6 0
    endloop
  endfacet
  facet normal 1 -0 0
    outer loop
      vertex 42 16 2
      vertex 42 26.6 0
      vertex 42 26.6 2
    endloop
  endfacet
  facet normal 1 0 0
    outer loop
      vertex 42 26.6 0
      vertex 42 16 2
      vertex 42 16 0
    endloop
  endfacet
  facet normal -0.998774 -0.0495019 0
    outer loop
      vertex 43.4 26.6 0
      vertex 43.3966 26.6686 2
      vertex 43.3966 26.6686 0
    endloop
  endfacet
  facet normal -0.998774 -0.0495019 0
    outer loop
      vertex 43.3966 26.6686 2
      vertex 43.4 26.6 0
      vertex 43.4 26.6 2
    endloop
  endfacet
  facet normal -0.671295 -0.741191 0
    outer loop
      vertex 43.1441 27.1411 0
      vertex 43.195 27.095 2
      vertex 43.1441 27.1411 2
    endloop
  endfacet
  facet normal -0.671295 -0.741191 -0
    outer loop
      vertex 43.195 27.095 2
      vertex 43.1441 27.1411 0
      vertex 43.195 27.095 0
    endloop
  endfacet
  facet normal -0.336244 -0.941775 0
    outer loop
      vertex 42.9032 27.2698 0
      vertex 42.9679 27.2467 2
      vertex 42.9032 27.2698 2
    endloop
  endfacet
  facet normal -0.336244 -0.941775 -0
    outer loop
      vertex 42.9679 27.2467 2
      vertex 42.9032 27.2698 0
      vertex 42.9679 27.2467 0
    endloop
  endfacet
  facet normal -0.941313 -0.337534 0
    outer loop
      vertex 43.3699 26.8032 0
      vertex 43.3467 26.8679 2
      vertex 43.3467 26.8679 0
    endloop
  endfacet
  facet normal -0.941313 -0.337534 0
    outer loop
      vertex 43.3467 26.8679 2
      vertex 43.3699 26.8032 0
      vertex 43.3699 26.8032 2
    endloop
  endfacet
  facet normal -0.85775 -0.514067 0
    outer loop
      vertex 43.3173 26.93 0
      vertex 43.282 26.9889 2
      vertex 43.282 26.9889 0
    endloop
  endfacet
  facet normal -0.85775 -0.514067 0
    outer loop
      vertex 43.282 26.9889 2
      vertex 43.3173 26.93 0
      vertex 43.3173 26.93 2
    endloop
  endfacet
  facet normal -0.989149 0.146918 0
    outer loop
      vertex 43.3865 15.8634 0
      vertex 43.3966 15.9314 2
      vertex 43.3966 15.9314 0
    endloop
  endfacet
  facet normal -0.989149 0.146918 0
    outer loop
      vertex 43.3966 15.9314 2
      vertex 43.3865 15.8634 0
      vertex 43.3865 15.8634 2
    endloop
  endfacet
  facet normal -0.243221 -0.969971 0
    outer loop
      vertex 42.8366 27.2865 0
      vertex 42.9032 27.2698 2
      vertex 42.8366 27.2865 2
    endloop
  endfacet
  facet normal -0.243221 -0.969971 -0
    outer loop
      vertex 42.9032 27.2698 2
      vertex 42.8366 27.2865 0
      vertex 42.9032 27.2698 0
    endloop
  endfacet
  facet normal -0.903827 0.427899 0
    outer loop
      vertex 43.3173 15.67 0
      vertex 43.3467 15.7321 2
      vertex 43.3467 15.7321 0
    endloop
  endfacet
  facet normal -0.903827 0.427899 0
    outer loop
      vertex 43.3467 15.7321 2
      vertex 43.3173 15.67 0
      vertex 43.3173 15.67 2
    endloop
  endfacet
  facet normal -0.595332 -0.80348 0
    outer loop
      vertex 43.0889 27.182 0
      vertex 43.1441 27.1411 2
      vertex 43.0889 27.182 2
    endloop
  endfacet
  facet normal -0.595332 -0.80348 -0
    outer loop
      vertex 43.1441 27.1411 2
      vertex 43.0889 27.182 0
      vertex 43.1441 27.1411 0
    endloop
  endfacet
  facet normal -0.741191 -0.671295 0
    outer loop
      vertex 43.2411 27.0441 0
      vertex 43.195 27.095 2
      vertex 43.195 27.095 0
    endloop
  endfacet
  facet normal -0.741191 -0.671295 0
    outer loop
      vertex 43.195 27.095 2
      vertex 43.2411 27.0441 0
      vertex 43.2411 27.0441 2
    endloop
  endfacet
  facet normal 0.336244 -0.941775 0
    outer loop
      vertex 42.4321 27.2467 0
      vertex 42.4968 27.2698 2
      vertex 42.4321 27.2467 2
    endloop
  endfacet
  facet normal 0.336244 -0.941775 0
    outer loop
      vertex 42.4968 27.2698 2
      vertex 42.4321 27.2467 0
      vertex 42.4968 27.2698 0
    endloop
  endfacet
  facet normal -0.145494 0.989359 0
    outer loop
      vertex 42.8366 15.3134 0
      vertex 42.7686 15.3034 2
      vertex 42.8366 15.3134 2
    endloop
  endfacet
  facet normal -0.145494 0.989359 0
    outer loop
      vertex 42.7686 15.3034 2
      vertex 42.8366 15.3134 0
      vertex 42.7686 15.3034 0
    endloop
  endfacet
  facet normal -0.998774 0.0495019 0
    outer loop
      vertex 43.3966 15.9314 0
      vertex 43.4 16 2
      vertex 43.4 16 0
    endloop
  endfacet
  facet normal -0.998774 0.0495019 0
    outer loop
      vertex 43.4 16 2
      vertex 43.3966 15.9314 0
      vertex 43.3966 15.9314 2
    endloop
  endfacet
  facet normal -1 0 0
    outer loop
      vertex 43.4 16 0
      vertex 43.4 26.6 2
      vertex 43.4 26.6 0
    endloop
  endfacet
  facet normal -1 -0 0
    outer loop
      vertex 43.4 26.6 2
      vertex 43.4 16 0
      vertex 43.4 16 2
    endloop
  endfacet
  facet normal 0.243221 0.969971 -0
    outer loop
      vertex 42.5634 15.3134 0
      vertex 42.4968 15.3301 2
      vertex 42.5634 15.3134 2
    endloop
  endfacet
  facet normal 0.243221 0.969971 0
    outer loop
      vertex 42.4968 15.3301 2
      vertex 42.5634 15.3134 0
      vertex 42.4968 15.3301 0
    endloop
  endfacet
  facet normal -0.989149 -0.146918 0
    outer loop
      vertex 43.3966 26.6686 0
      vertex 43.3865 26.7366 2
      vertex 43.3865 26.7366 0
    endloop
  endfacet
  facet normal -0.989149 -0.146918 0
    outer loop
      vertex 43.3865 26.7366 2
      vertex 43.3966 26.6686 0
      vertex 43.3966 26.6686 2
    endloop
  endfacet
  facet normal 0.0495019 0.998774 -0
    outer loop
      vertex 42.7 15.3 0
      vertex 42.6314 15.3034 2
      vertex 42.7 15.3 2
    endloop
  endfacet
  facet normal 0.0495019 0.998774 0
    outer loop
      vertex 42.6314 15.3034 2
      vertex 42.7 15.3 0
      vertex 42.6314 15.3034 0
    endloop
  endfacet
  facet normal 0.904389 0.426709 0
    outer loop
      vertex 42.0826 15.67 2
      vertex 42.0533 15.7321 0
      vertex 42.0533 15.7321 2
    endloop
  endfacet
  facet normal 0.904389 0.426709 0
    outer loop
      vertex 42.0533 15.7321 0
      vertex 42.0826 15.67 2
      vertex 42.0826 15.67 0
    endloop
  endfacet
  facet normal -0.427899 -0.903827 0
    outer loop
      vertex 42.9679 27.2467 0
      vertex 43.03 27.2173 2
      vertex 42.9679 27.2467 2
    endloop
  endfacet
  facet normal -0.427899 -0.903827 -0
    outer loop
      vertex 43.03 27.2173 2
      vertex 42.9679 27.2467 0
      vertex 43.03 27.2173 0
    endloop
  endfacet
  facet normal -0.741191 0.671295 0
    outer loop
      vertex 43.195 15.505 0
      vertex 43.2411 15.5559 2
      vertex 43.2411 15.5559 0
    endloop
  endfacet
  facet normal -0.741191 0.671295 0
    outer loop
      vertex 43.2411 15.5559 2
      vertex 43.195 15.505 0
      vertex 43.195 15.505 2
    endloop
  endfacet
  facet normal 0.0495019 -0.998774 0
    outer loop
      vertex 42.6314 27.2966 0
      vertex 42.7 27.3 2
      vertex 42.6314 27.2966 2
    endloop
  endfacet
  facet normal 0.0495019 -0.998774 0
    outer loop
      vertex 42.7 27.3 2
      vertex 42.6314 27.2966 0
      vertex 42.7 27.3 0
    endloop
  endfacet
  facet normal -0.85775 0.514067 0
    outer loop
      vertex 43.282 15.6111 0
      vertex 43.3173 15.67 2
      vertex 43.3173 15.67 0
    endloop
  endfacet
  facet normal -0.85775 0.514067 0
    outer loop
      vertex 43.3173 15.67 2
      vertex 43.282 15.6111 0
      vertex 43.282 15.6111 2
    endloop
  endfacet
  facet normal 0.671295 -0.741191 0
    outer loop
      vertex 42.205 27.095 0
      vertex 42.2559 27.1411 2
      vertex 42.205 27.095 2
    endloop
  endfacet
  facet normal 0.671295 -0.741191 0
    outer loop
      vertex 42.2559 27.1411 2
      vertex 42.205 27.095 0
      vertex 42.2559 27.1411 0
    endloop
  endfacet
  facet normal 0.80348 -0.595332 0
    outer loop
      vertex 42.118 26.9889 2
      vertex 42.1589 27.0441 0
      vertex 42.1589 27.0441 2
    endloop
  endfacet
  facet normal 0.80348 -0.595332 0
    outer loop
      vertex 42.1589 27.0441 0
      vertex 42.118 26.9889 2
      vertex 42.118 26.9889 0
    endloop
  endfacet
  facet normal -0.903827 -0.427899 0
    outer loop
      vertex 43.3467 26.8679 0
      vertex 43.3173 26.93 2
      vertex 43.3173 26.93 0
    endloop
  endfacet
  facet normal -0.903827 -0.427899 0
    outer loop
      vertex 43.3173 26.93 2
      vertex 43.3467 26.8679 0
      vertex 43.3467 26.8679 2
    endloop
  endfacet
  facet normal -0.514067 -0.85775 0
    outer loop
      vertex 43.03 27.2173 0
      vertex 43.0889 27.182 2
      vertex 43.03 27.2173 2
    endloop
  endfacet
  facet normal -0.514067 -0.85775 -0
    outer loop
      vertex 43.0889 27.182 2
      vertex 43.03 27.2173 0
      vertex 43.0889 27.182 0
    endloop
  endfacet
  facet normal -0.146918 -0.989149 0
    outer loop
      vertex 42.7686 27.2966 0
      vertex 42.8366 27.2865 2
      vertex 42.7686 27.2966 2
    endloop
  endfacet
  facet normal -0.146918 -0.989149 -0
    outer loop
      vertex 42.8366 27.2865 2
      vertex 42.7686 27.2966 0
      vertex 42.8366 27.2865 0
    endloop
  endfacet
  facet normal 0.427899 -0.903827 0
    outer loop
      vertex 42.37 27.2173 0
      vertex 42.4321 27.2467 2
      vertex 42.37 27.2173 2
    endloop
  endfacet
  facet normal 0.427899 -0.903827 0
    outer loop
      vertex 42.4321 27.2467 2
      vertex 42.37 27.2173 0
      vertex 42.4321 27.2467 0
    endloop
  endfacet
  facet normal -0.243221 0.969971 0
    outer loop
      vertex 42.9032 15.3301 0
      vertex 42.8366 15.3134 2
      vertex 42.9032 15.3301 2
    endloop
  endfacet
  facet normal -0.243221 0.969971 0
    outer loop
      vertex 42.8366 15.3134 2
      vertex 42.9032 15.3301 0
      vertex 42.8366 15.3134 0
    endloop
  endfacet
  facet normal 0.514067 -0.85775 0
    outer loop
      vertex 42.3111 27.182 0
      vertex 42.37 27.2173 2
      vertex 42.3111 27.182 2
    endloop
  endfacet
  facet normal 0.514067 -0.85775 0
    outer loop
      vertex 42.37 27.2173 2
      vertex 42.3111 27.182 0
      vertex 42.37 27.2173 0
    endloop
  endfacet
  facet normal -0.80348 -0.595332 0
    outer loop
      vertex 43.282 26.9889 0
      vertex 43.2411 27.0441 2
      vertex 43.2411 27.0441 0
    endloop
  endfacet
  facet normal -0.80348 -0.595332 0
    outer loop
      vertex 43.2411 27.0441 2
      vertex 43.282 26.9889 0
      vertex 43.282 26.9889 2
    endloop
  endfacet
  facet normal -0.0495019 -0.998774 0
    outer loop
      vertex 42.7 27.3 0
      vertex 42.7686 27.2966 2
      vertex 42.7 27.3 2
    endloop
  endfacet
  facet normal -0.0495019 -0.998774 -0
    outer loop
      vertex 42.7686 27.2966 2
      vertex 42.7 27.3 0
      vertex 42.7686 27.2966 0
    endloop
  endfacet
  facet normal 0.741191 -0.671295 0
    outer loop
      vertex 42.1589 27.0441 2
      vertex 42.205 27.095 0
      vertex 42.205 27.095 2
    endloop
  endfacet
  facet normal 0.741191 -0.671295 0
    outer loop
      vertex 42.205 27.095 0
      vertex 42.1589 27.0441 2
      vertex 42.1589 27.0441 0
    endloop
  endfacet
  facet normal -0.515138 0.857107 0
    outer loop
      vertex 43.0889 15.418 0
      vertex 43.03 15.3826 2
      vertex 43.0889 15.418 2
    endloop
  endfacet
  facet normal -0.515138 0.857107 0
    outer loop
      vertex 43.03 15.3826 2
      vertex 43.0889 15.418 0
      vertex 43.03 15.3826 0
    endloop
  endfacet
  facet normal 0.857107 -0.515138 0
    outer loop
      vertex 42.0826 26.93 2
      vertex 42.118 26.9889 0
      vertex 42.118 26.9889 2
    endloop
  endfacet
  facet normal 0.857107 -0.515138 0
    outer loop
      vertex 42.118 26.9889 0
      vertex 42.0826 26.93 2
      vertex 42.0826 26.93 0
    endloop
  endfacet
  facet normal 0.145494 0.989359 -0
    outer loop
      vertex 42.6314 15.3034 0
      vertex 42.5634 15.3134 2
      vertex 42.6314 15.3034 2
    endloop
  endfacet
  facet normal 0.145494 0.989359 0
    outer loop
      vertex 42.5634 15.3134 2
      vertex 42.6314 15.3034 0
      vertex 42.5634 15.3134 0
    endloop
  endfacet
  facet normal 0.243221 -0.969971 0
    outer loop
      vertex 42.4968 27.2698 0
      vertex 42.5634 27.2865 2
      vertex 42.4968 27.2698 2
    endloop
  endfacet
  facet normal 0.243221 -0.969971 0
    outer loop
      vertex 42.5634 27.2865 2
      vertex 42.4968 27.2698 0
      vertex 42.5634 27.2865 0
    endloop
  endfacet
  facet normal -0.941313 0.337534 0
    outer loop
      vertex 43.3467 15.7321 0
      vertex 43.3699 15.7968 2
      vertex 43.3699 15.7968 0
    endloop
  endfacet
  facet normal -0.941313 0.337534 0
    outer loop
      vertex 43.3699 15.7968 2
      vertex 43.3467 15.7321 0
      vertex 43.3467 15.7321 2
    endloop
  endfacet
  facet normal 0.146918 -0.989149 0
    outer loop
      vertex 42.5634 27.2865 0
      vertex 42.6314 27.2966 2
      vertex 42.5634 27.2865 2
    endloop
  endfacet
  facet normal 0.146918 -0.989149 0
    outer loop
      vertex 42.6314 27.2966 2
      vertex 42.5634 27.2865 0
      vertex 42.6314 27.2966 0
    endloop
  endfacet
  facet normal 0.741191 0.671295 0
    outer loop
      vertex 42.205 15.505 2
      vertex 42.1589 15.5559 0
      vertex 42.1589 15.5559 2
    endloop
  endfacet
  facet normal 0.741191 0.671295 0
    outer loop
      vertex 42.1589 15.5559 0
      vertex 42.205 15.505 2
      vertex 42.205 15.505 0
    endloop
  endfacet
  facet normal 0.515138 0.857107 -0
    outer loop
      vertex 42.37 15.3826 0
      vertex 42.3111 15.418 2
      vertex 42.37 15.3826 2
    endloop
  endfacet
  facet normal 0.515138 0.857107 0
    outer loop
      vertex 42.3111 15.418 2
      vertex 42.37 15.3826 0
      vertex 42.3111 15.418 0
    endloop
  endfacet
  facet normal 0.969971 -0.243221 0
    outer loop
      vertex 42.0134 26.7366 2
      vertex 42.0301 26.8032 0
      vertex 42.0301 26.8032 2
    endloop
  endfacet
  facet normal 0.969971 -0.243221 0
    outer loop
      vertex 42.0301 26.8032 0
      vertex 42.0134 26.7366 2
      vertex 42.0134 26.7366 0
    endloop
  endfacet
  facet normal 0.989359 -0.145494 0
    outer loop
      vertex 42.0034 26.6686 2
      vertex 42.0134 26.7366 0
      vertex 42.0134 26.7366 2
    endloop
  endfacet
  facet normal 0.989359 -0.145494 0
    outer loop
      vertex 42.0134 26.7366 0
      vertex 42.0034 26.6686 2
      vertex 42.0034 26.6686 0
    endloop
  endfacet
  facet normal 0.904389 -0.426709 0
    outer loop
      vertex 42.0533 26.8679 2
      vertex 42.0826 26.93 0
      vertex 42.0826 26.93 2
    endloop
  endfacet
  facet normal 0.904389 -0.426709 0
    outer loop
      vertex 42.0826 26.93 0
      vertex 42.0533 26.8679 2
      vertex 42.0533 26.8679 0
    endloop
  endfacet
  facet normal 0.941313 -0.337534 0
    outer loop
      vertex 42.0301 26.8032 2
      vertex 42.0533 26.8679 0
      vertex 42.0533 26.8679 2
    endloop
  endfacet
  facet normal 0.941313 -0.337534 0
    outer loop
      vertex 42.0533 26.8679 0
      vertex 42.0301 26.8032 2
      vertex 42.0301 26.8032 0
    endloop
  endfacet
  facet normal -0.0495019 0.998774 0
    outer loop
      vertex 42.7686 15.3034 0
      vertex 42.7 15.3 2
      vertex 42.7686 15.3034 2
    endloop
  endfacet
  facet normal -0.0495019 0.998774 0
    outer loop
      vertex 42.7 15.3 2
      vertex 42.7686 15.3034 0
      vertex 42.7 15.3 0
    endloop
  endfacet
  facet normal 0.857107 0.515138 0
    outer loop
      vertex 42.118 15.6111 2
      vertex 42.0826 15.67 0
      vertex 42.0826 15.67 2
    endloop
  endfacet
  facet normal 0.857107 0.515138 0
    outer loop
      vertex 42.0826 15.67 0
      vertex 42.118 15.6111 2
      vertex 42.118 15.6111 0
    endloop
  endfacet
  facet normal -0.595332 0.80348 0
    outer loop
      vertex 43.1441 15.4589 0
      vertex 43.0889 15.418 2
      vertex 43.1441 15.4589 2
    endloop
  endfacet
  facet normal -0.595332 0.80348 0
    outer loop
      vertex 43.0889 15.418 2
      vertex 43.1441 15.4589 0
      vertex 43.0889 15.418 0
    endloop
  endfacet
  facet normal 0.80348 0.595332 0
    outer loop
      vertex 42.1589 15.5559 2
      vertex 42.118 15.6111 0
      vertex 42.118 15.6111 2
    endloop
  endfacet
  facet normal 0.80348 0.595332 0
    outer loop
      vertex 42.118 15.6111 0
      vertex 42.1589 15.5559 2
      vertex 42.1589 15.5559 0
    endloop
  endfacet
  facet normal -0.337534 0.941313 0
    outer loop
      vertex 42.9679 15.3533 0
      vertex 42.9032 15.3301 2
      vertex 42.9679 15.3533 2
    endloop
  endfacet
  facet normal -0.337534 0.941313 0
    outer loop
      vertex 42.9032 15.3301 2
      vertex 42.9679 15.3533 0
      vertex 42.9032 15.3301 0
    endloop
  endfacet
  facet normal -0.426709 0.904389 0
    outer loop
      vertex 43.03 15.3826 0
      vertex 42.9679 15.3533 2
      vertex 43.03 15.3826 2
    endloop
  endfacet
  facet normal -0.426709 0.904389 0
    outer loop
      vertex 42.9679 15.3533 2
      vertex 43.03 15.3826 0
      vertex 42.9679 15.3533 0
    endloop
  endfacet
  facet normal 0.671295 0.741191 -0
    outer loop
      vertex 42.2559 15.4589 0
      vertex 42.205 15.505 2
      vertex 42.2559 15.4589 2
    endloop
  endfacet
  facet normal 0.671295 0.741191 0
    outer loop
      vertex 42.205 15.505 2
      vertex 42.2559 15.4589 0
      vertex 42.205 15.505 0
    endloop
  endfacet
  facet normal -0.671295 0.741191 0
    outer loop
      vertex 43.195 15.505 0
      vertex 43.1441 15.4589 2
      vertex 43.195 15.505 2
    endloop
  endfacet
  facet normal -0.671295 0.741191 0
    outer loop
      vertex 43.1441 15.4589 2
      vertex 43.195 15.505 0
      vertex 43.1441 15.4589 0
    endloop
  endfacet
  facet normal 0.337534 0.941313 -0
    outer loop
      vertex 42.4968 15.3301 0
      vertex 42.4321 15.3533 2
      vertex 42.4968 15.3301 2
    endloop
  endfacet
  facet normal 0.337534 0.941313 0
    outer loop
      vertex 42.4321 15.3533 2
      vertex 42.4968 15.3301 0
      vertex 42.4321 15.3533 0
    endloop
  endfacet
  facet normal 0.595332 0.80348 -0
    outer loop
      vertex 42.3111 15.418 0
      vertex 42.2559 15.4589 2
      vertex 42.3111 15.418 2
    endloop
  endfacet
  facet normal 0.595332 0.80348 0
    outer loop
      vertex 42.2559 15.4589 2
      vertex 42.3111 15.418 0
      vertex 42.2559 15.4589 0
    endloop
  endfacet
  facet normal 0.941313 0.337534 0
    outer loop
      vertex 42.0533 15.7321 2
      vertex 42.0301 15.7968 0
      vertex 42.0301 15.7968 2
    endloop
  endfacet
  facet normal 0.941313 0.337534 0
    outer loop
      vertex 42.0301 15.7968 0
      vertex 42.0533 15.7321 2
      vertex 42.0533 15.7321 0
    endloop
  endfacet
  facet normal 0.969971 0.243221 0
    outer loop
      vertex 42.0301 15.7968 2
      vertex 42.0134 15.8634 0
      vertex 42.0134 15.8634 2
    endloop
  endfacet
  facet normal 0.969971 0.243221 0
    outer loop
      vertex 42.0134 15.8634 0
      vertex 42.0301 15.7968 2
      vertex 42.0301 15.7968 0
    endloop
  endfacet
  facet normal 0.989359 0.145494 0
    outer loop
      vertex 46.0134 15.8634 2
      vertex 46.0034 15.9314 0
      vertex 46.0034 15.9314 2
    endloop
  endfacet
  facet normal 0.989359 0.145494 0
    outer loop
      vertex 46.0034 15.9314 0
      vertex 46.0134 15.8634 2
      vertex 46.0134 15.8634 0
    endloop
  endfacet
  facet normal -0.80348 0.595332 0
    outer loop
      vertex 47.2411 15.5559 0
      vertex 47.282 15.6111 2
      vertex 47.282 15.6111 0
    endloop
  endfacet
  facet normal -0.80348 0.595332 0
    outer loop
      vertex 47.282 15.6111 2
      vertex 47.2411 15.5559 0
      vertex 47.2411 15.5559 2
    endloop
  endfacet
  facet normal 0.998774 0.0495019 0
    outer loop
      vertex 46.0034 15.9314 2
      vertex 46 16 0
      vertex 46 16 2
    endloop
  endfacet
  facet normal 0.998774 0.0495019 0
    outer loop
      vertex 46 16 0
      vertex 46.0034 15.9314 2
      vertex 46.0034 15.9314 0
    endloop
  endfacet
  facet normal 0.595332 -0.80348 0
    outer loop
      vertex 46.2559 27.1411 0
      vertex 46.3111 27.182 2
      vertex 46.2559 27.1411 2
    endloop
  endfacet
  facet normal 0.595332 -0.80348 0
    outer loop
      vertex 46.3111 27.182 2
      vertex 46.2559 27.1411 0
      vertex 46.3111 27.182 0
    endloop
  endfacet
  facet normal -0.970314 0.24185 0
    outer loop
      vertex 47.3699 15.7968 0
      vertex 47.3865 15.8634 2
      vertex 47.3865 15.8634 0
    endloop
  endfacet
  facet normal -0.970314 0.24185 0
    outer loop
      vertex 47.3865 15.8634 2
      vertex 47.3699 15.7968 0
      vertex 47.3699 15.7968 2
    endloop
  endfacet
  facet normal -0.970314 -0.24185 0
    outer loop
      vertex 47.3865 26.7366 0
      vertex 47.3699 26.8032 2
      vertex 47.3699 26.8032 0
    endloop
  endfacet
  facet normal -0.970314 -0.24185 0
    outer loop
      vertex 47.3699 26.8032 2
      vertex 47.3865 26.7366 0
      vertex 47.3865 26.7366 2
    endloop
  endfacet
  facet normal 0.998774 -0.0495019 0
    outer loop
      vertex 46 26.6 2
      vertex 46.0034 26.6686 0
      vertex 46.0034 26.6686 2
    endloop
  endfacet
  facet normal 0.998774 -0.0495019 0
    outer loop
      vertex 46.0034 26.6686 0
      vertex 46 26.6 2
      vertex 46 26.6 0
    endloop
  endfacet
  facet normal 1 -0 0
    outer loop
      vertex 46 16 2
      vertex 46 26.6 0
      vertex 46 26.6 2
    endloop
  endfacet
  facet normal 1 0 0
    outer loop
      vertex 46 26.6 0
      vertex 46 16 2
      vertex 46 16 0
    endloop
  endfacet
  facet normal -0.998774 -0.0495019 0
    outer loop
      vertex 47.4 26.6 0
      vertex 47.3966 26.6686 2
      vertex 47.3966 26.6686 0
    endloop
  endfacet
  facet normal -0.998774 -0.0495019 0
    outer loop
      vertex 47.3966 26.6686 2
      vertex 47.4 26.6 0
      vertex 47.4 26.6 2
    endloop
  endfacet
  facet normal -0.671295 -0.741191 0
    outer loop
      vertex 47.1441 27.1411 0
      vertex 47.195 27.095 2
      vertex 47.1441 27.1411 2
    endloop
  endfacet
  facet normal -0.671295 -0.741191 -0
    outer loop
      vertex 47.195 27.095 2
      vertex 47.1441 27.1411 0
      vertex 47.195 27.095 0
    endloop
  endfacet
  facet normal -0.336244 -0.941775 0
    outer loop
      vertex 46.9032 27.2698 0
      vertex 46.9679 27.2467 2
      vertex 46.9032 27.2698 2
    endloop
  endfacet
  facet normal -0.336244 -0.941775 -0
    outer loop
      vertex 46.9679 27.2467 2
      vertex 46.9032 27.2698 0
      vertex 46.9679 27.2467 0
    endloop
  endfacet
  facet normal -0.941313 -0.337534 0
    outer loop
      vertex 47.3699 26.8032 0
      vertex 47.3467 26.8679 2
      vertex 47.3467 26.8679 0
    endloop
  endfacet
  facet normal -0.941313 -0.337534 0
    outer loop
      vertex 47.3467 26.8679 2
      vertex 47.3699 26.8032 0
      vertex 47.3699 26.8032 2
    endloop
  endfacet
  facet normal -0.85775 -0.514067 0
    outer loop
      vertex 47.3173 26.93 0
      vertex 47.282 26.9889 2
      vertex 47.282 26.9889 0
    endloop
  endfacet
  facet normal -0.85775 -0.514067 0
    outer loop
      vertex 47.282 26.9889 2
      vertex 47.3173 26.93 0
      vertex 47.3173 26.93 2
    endloop
  endfacet
  facet normal -0.989149 0.146918 0
    outer loop
      vertex 47.3865 15.8634 0
      vertex 47.3966 15.9314 2
      vertex 47.3966 15.9314 0
    endloop
  endfacet
  facet normal -0.989149 0.146918 0
    outer loop
      vertex 47.3966 15.9314 2
      vertex 47.3865 15.8634 0
      vertex 47.3865 15.8634 2
    endloop
  endfacet
  facet normal -0.243221 -0.969971 0
    outer loop
      vertex 46.8366 27.2865 0
      vertex 46.9032 27.2698 2
      vertex 46.8366 27.2865 2
    endloop
  endfacet
  facet normal -0.243221 -0.969971 -0
    outer loop
      vertex 46.9032 27.2698 2
      vertex 46.8366 27.2865 0
      vertex 46.9032 27.2698 0
    endloop
  endfacet
  facet normal -0.903827 0.427899 0
    outer loop
      vertex 47.3173 15.67 0
      vertex 47.3467 15.7321 2
      vertex 47.3467 15.7321 0
    endloop
  endfacet
  facet normal -0.903827 0.427899 0
    outer loop
      vertex 47.3467 15.7321 2
      vertex 47.3173 15.67 0
      vertex 47.3173 15.67 2
    endloop
  endfacet
  facet normal -0.595332 -0.80348 0
    outer loop
      vertex 47.0889 27.182 0
      vertex 47.1441 27.1411 2
      vertex 47.0889 27.182 2
    endloop
  endfacet
  facet normal -0.595332 -0.80348 -0
    outer loop
      vertex 47.1441 27.1411 2
      vertex 47.0889 27.182 0
      vertex 47.1441 27.1411 0
    endloop
  endfacet
  facet normal -0.741191 -0.671295 0
    outer loop
      vertex 47.2411 27.0441 0
      vertex 47.195 27.095 2
      vertex 47.195 27.095 0
    endloop
  endfacet
  facet normal -0.741191 -0.671295 0
    outer loop
      vertex 47.195 27.095 2
      vertex 47.2411 27.0441 0
      vertex 47.2411 27.0441 2
    endloop
  endfacet
  facet normal 0.336244 -0.941775 0
    outer loop
      vertex 46.4321 27.2467 0
      vertex 46.4968 27.2698 2
      vertex 46.4321 27.2467 2
    endloop
  endfacet
  facet normal 0.336244 -0.941775 0
    outer loop
      vertex 46.4968 27.2698 2
      vertex 46.4321 27.2467 0
      vertex 46.4968 27.2698 0
    endloop
  endfacet
  facet normal -0.145494 0.989359 0
    outer loop
      vertex 46.8366 15.3134 0
      vertex 46.7686 15.3034 2
      vertex 46.8366 15.3134 2
    endloop
  endfacet
  facet normal -0.145494 0.989359 0
    outer loop
      vertex 46.7686 15.3034 2
      vertex 46.8366 15.3134 0
      vertex 46.7686 15.3034 0
    endloop
  endfacet
  facet normal -0.998774 0.0495019 0
    outer loop
      vertex 47.3966 15.9314 0
      vertex 47.4 16 2
      vertex 47.4 16 0
    endloop
  endfacet
  facet normal -0.998774 0.0495019 0
    outer loop
      vertex 47.4 16 2
      vertex 47.3966 15.9314 0
      vertex 47.3966 15.9314 2
    endloop
  endfacet
  facet normal -1 0 0
    outer loop
      vertex 47.4 16 0
      vertex 47.4 26.6 2
      vertex 47.4 26.6 0
    endloop
  endfacet
  facet normal -1 -0 0
    outer loop
      vertex 47.4 26.6 2
      vertex 47.4 16 0
      vertex 47.4 16 2
    endloop
  endfacet
  facet normal 0.243221 0.969971 -0
    outer loop
      vertex 46.5634 15.3134 0
      vertex 46.4968 15.3301 2
      vertex 46.5634 15.3134 2
    endloop
  endfacet
  facet normal 0.243221 0.969971 0
    outer loop
      vertex 46.4968 15.3301 2
      vertex 46.5634 15.3134 0
      vertex 46.4968 15.3301 0
    endloop
  endfacet
  facet normal -0.989149 -0.146918 0
    outer loop
      vertex 47.3966 26.6686 0
      vertex 47.3865 26.7366 2
      vertex 47.3865 26.7366 0
    endloop
  endfacet
  facet normal -0.989149 -0.146918 0
    outer loop
      vertex 47.3865 26.7366 2
      vertex 47.3966 26.6686 0
      vertex 47.3966 26.6686 2
    endloop
  endfacet
  facet normal 0.0495019 0.998774 -0
    outer loop
      vertex 46.7 15.3 0
      vertex 46.6314 15.3034 2
      vertex 46.7 15.3 2
    endloop
  endfacet
  facet normal 0.0495019 0.998774 0
    outer loop
      vertex 46.6314 15.3034 2
      vertex 46.7 15.3 0
      vertex 46.6314 15.3034 0
    endloop
  endfacet
  facet normal 0.904389 0.426709 0
    outer loop
      vertex 46.0826 15.67 2
      vertex 46.0533 15.7321 0
      vertex 46.0533 15.7321 2
    endloop
  endfacet
  facet normal 0.904389 0.426709 0
    outer loop
      vertex 46.0533 15.7321 0
      vertex 46.0826 15.67 2
      vertex 46.0826 15.67 0
    endloop
  endfacet
  facet normal -0.427899 -0.903827 0
    outer loop
      vertex 46.9679 27.2467 0
      vertex 47.03 27.2173 2
      vertex 46.9679 27.2467 2
    endloop
  endfacet
  facet normal -0.427899 -0.903827 -0
    outer loop
      vertex 47.03 27.2173 2
      vertex 46.9679 27.2467 0
      vertex 47.03 27.2173 0
    endloop
  endfacet
  facet normal -0.741191 0.671295 0
    outer loop
      vertex 47.195 15.505 0
      vertex 47.2411 15.5559 2
      vertex 47.2411 15.5559 0
    endloop
  endfacet
  facet normal -0.741191 0.671295 0
    outer loop
      vertex 47.2411 15.5559 2
      vertex 47.195 15.505 0
      vertex 47.195 15.505 2
    endloop
  endfacet
  facet normal 0.0495019 -0.998774 0
    outer loop
      vertex 46.6314 27.2966 0
      vertex 46.7 27.3 2
      vertex 46.6314 27.2966 2
    endloop
  endfacet
  facet normal 0.0495019 -0.998774 0
    outer loop
      vertex 46.7 27.3 2
      vertex 46.6314 27.2966 0
      vertex 46.7 27.3 0
    endloop
  endfacet
  facet normal -0.85775 0.514067 0
    outer loop
      vertex 47.282 15.6111 0
      vertex 47.3173 15.67 2
      vertex 47.3173 15.67 0
    endloop
  endfacet
  facet normal -0.85775 0.514067 0
    outer loop
      vertex 47.3173 15.67 2
      vertex 47.282 15.6111 0
      vertex 47.282 15.6111 2
    endloop
  endfacet
  facet normal 0.671295 -0.741191 0
    outer loop
      vertex 46.205 27.095 0
      vertex 46.2559 27.1411 2
      vertex 46.205 27.095 2
    endloop
  endfacet
  facet normal 0.671295 -0.741191 0
    outer loop
      vertex 46.2559 27.1411 2
      vertex 46.205 27.095 0
      vertex 46.2559 27.1411 0
    endloop
  endfacet
  facet normal 0.80348 -0.595332 0
    outer loop
      vertex 46.118 26.9889 2
      vertex 46.1589 27.0441 0
      vertex 46.1589 27.0441 2
    endloop
  endfacet
  facet normal 0.80348 -0.595332 0
    outer loop
      vertex 46.1589 27.0441 0
      vertex 46.118 26.9889 2
      vertex 46.118 26.9889 0
    endloop
  endfacet
  facet normal -0.903827 -0.427899 0
    outer loop
      vertex 47.3467 26.8679 0
      vertex 47.3173 26.93 2
      vertex 47.3173 26.93 0
    endloop
  endfacet
  facet normal -0.903827 -0.427899 0
    outer loop
      vertex 47.3173 26.93 2
      vertex 47.3467 26.8679 0
      vertex 47.3467 26.8679 2
    endloop
  endfacet
  facet normal -0.514067 -0.85775 0
    outer loop
      vertex 47.03 27.2173 0
      vertex 47.0889 27.182 2
      vertex 47.03 27.2173 2
    endloop
  endfacet
  facet normal -0.514067 -0.85775 -0
    outer loop
      vertex 47.0889 27.182 2
      vertex 47.03 27.2173 0
      vertex 47.0889 27.182 0
    endloop
  endfacet
  facet normal -0.146918 -0.989149 0
    outer loop
      vertex 46.7686 27.2966 0
      vertex 46.8366 27.2865 2
      vertex 46.7686 27.2966 2
    endloop
  endfacet
  facet normal -0.146918 -0.989149 -0
    outer loop
      vertex 46.8366 27.2865 2
      vertex 46.7686 27.2966 0
      vertex 46.8366 27.2865 0
    endloop
  endfacet
  facet normal 0.427899 -0.903827 0
    outer loop
      vertex 46.37 27.2173 0
      vertex 46.4321 27.2467 2
      vertex 46.37 27.2173 2
    endloop
  endfacet
  facet normal 0.427899 -0.903827 0
    outer loop
      vertex 46.4321 27.2467 2
      vertex 46.37 27.2173 0
      vertex 46.4321 27.2467 0
    endloop
  endfacet
  facet normal -0.243221 0.969971 0
    outer loop
      vertex 46.9032 15.3301 0
      vertex 46.8366 15.3134 2
      vertex 46.9032 15.3301 2
    endloop
  endfacet
  facet normal -0.243221 0.969971 0
    outer loop
      vertex 46.8366 15.3134 2
      vertex 46.9032 15.3301 0
      vertex 46.8366 15.3134 0
    endloop
  endfacet
  facet normal 0.514067 -0.85775 0
    outer loop
      vertex 46.3111 27.182 0
      vertex 46.37 27.2173 2
      vertex 46.3111 27.182 2
    endloop
  endfacet
  facet normal 0.514067 -0.85775 0
    outer loop
      vertex 46.37 27.2173 2
      vertex 46.3111 27.182 0
      vertex 46.37 27.2173 0
    endloop
  endfacet
  facet normal -0.80348 -0.595332 0
    outer loop
      vertex 47.282 26.9889 0
      vertex 47.2411 27.0441 2
      vertex 47.2411 27.0441 0
    endloop
  endfacet
  facet normal -0.80348 -0.595332 0
    outer loop
      vertex 47.2411 27.0441 2
      vertex 47.282 26.9889 0
      vertex 47.282 26.9889 2
    endloop
  endfacet
  facet normal -0.0495019 -0.998774 0
    outer loop
      vertex 46.7 27.3 0
      vertex 46.7686 27.2966 2
      vertex 46.7 27.3 2
    endloop
  endfacet
  facet normal -0.0495019 -0.998774 -0
    outer loop
      vertex 46.7686 27.2966 2
      vertex 46.7 27.3 0
      vertex 46.7686 27.2966 0
    endloop
  endfacet
  facet normal 0.741191 -0.671295 0
    outer loop
      vertex 46.1589 27.0441 2
      vertex 46.205 27.095 0
      vertex 46.205 27.095 2
    endloop
  endfacet
  facet normal 0.741191 -0.671295 0
    outer loop
      vertex 46.205 27.095 0
      vertex 46.1589 27.0441 2
      vertex 46.1589 27.0441 0
    endloop
  endfacet
  facet normal -0.515138 0.857107 0
    outer loop
      vertex 47.0889 15.418 0
      vertex 47.03 15.3826 2
      vertex 47.0889 15.418 2
    endloop
  endfacet
  facet normal -0.515138 0.857107 0
    outer loop
      vertex 47.03 15.3826 2
      vertex 47.0889 15.418 0
      vertex 47.03 15.3826 0
    endloop
  endfacet
  facet normal 0.857107 -0.515138 0
    outer loop
      vertex 46.0826 26.93 2
      vertex 46.118 26.9889 0
      vertex 46.118 26.9889 2
    endloop
  endfacet
  facet normal 0.857107 -0.515138 0
    outer loop
      vertex 46.118 26.9889 0
      vertex 46.0826 26.93 2
      vertex 46.0826 26.93 0
    endloop
  endfacet
  facet normal 0.145494 0.989359 -0
    outer loop
      vertex 46.6314 15.3034 0
      vertex 46.5634 15.3134 2
      vertex 46.6314 15.3034 2
    endloop
  endfacet
  facet normal 0.145494 0.989359 0
    outer loop
      vertex 46.5634 15.3134 2
      vertex 46.6314 15.3034 0
      vertex 46.5634 15.3134 0
    endloop
  endfacet
  facet normal 0.243221 -0.969971 0
    outer loop
      vertex 46.4968 27.2698 0
      vertex 46.5634 27.2865 2
      vertex 46.4968 27.2698 2
    endloop
  endfacet
  facet normal 0.243221 -0.969971 0
    outer loop
      vertex 46.5634 27.2865 2
      vertex 46.4968 27.2698 0
      vertex 46.5634 27.2865 0
    endloop
  endfacet
  facet normal -0.941313 0.337534 0
    outer loop
      vertex 47.3467 15.7321 0
      vertex 47.3699 15.7968 2
      vertex 47.3699 15.7968 0
    endloop
  endfacet
  facet normal -0.941313 0.337534 0
    outer loop
      vertex 47.3699 15.7968 2
      vertex 47.3467 15.7321 0
      vertex 47.3467 15.7321 2
    endloop
  endfacet
  facet normal 0.146918 -0.989149 0
    outer loop
      vertex 46.5634 27.2865 0
      vertex 46.6314 27.2966 2
      vertex 46.5634 27.2865 2
    endloop
  endfacet
  facet normal 0.146918 -0.989149 0
    outer loop
      vertex 46.6314 27.2966 2
      vertex 46.5634 27.2865 0
      vertex 46.6314 27.2966 0
    endloop
  endfacet
  facet normal 0.741191 0.671295 0
    outer loop
      vertex 46.205 15.505 2
      vertex 46.1589 15.5559 0
      vertex 46.1589 15.5559 2
    endloop
  endfacet
  facet normal 0.741191 0.671295 0
    outer loop
      vertex 46.1589 15.5559 0
      vertex 46.205 15.505 2
      vertex 46.205 15.505 0
    endloop
  endfacet
  facet normal 0.515138 0.857107 -0
    outer loop
      vertex 46.37 15.3826 0
      vertex 46.3111 15.418 2
      vertex 46.37 15.3826 2
    endloop
  endfacet
  facet normal 0.515138 0.857107 0
    outer loop
      vertex 46.3111 15.418 2
      vertex 46.37 15.3826 0
      vertex 46.3111 15.418 0
    endloop
  endfacet
  facet normal 0.426709 0.904389 -0
    outer loop
      vertex 46.4321 15.3533 0
      vertex 46.37 15.3826 2
      vertex 46.4321 15.3533 2
    endloop
  endfacet
  facet normal 0.426709 0.904389 0
    outer loop
      vertex 46.37 15.3826 2
      vertex 46.4321 15.3533 0
      vertex 46.37 15.3826 0
    endloop
  endfacet
  facet normal 0.969971 0.243221 0
    outer loop
      vertex 46.0301 15.7968 2
      vertex 46.0134 15.8634 0
      vertex 46.0134 15.8634 2
    endloop
  endfacet
  facet normal 0.969971 0.243221 0
    outer loop
      vertex 46.0134 15.8634 0
      vertex 46.0301 15.7968 2
      vertex 46.0301 15.7968 0
    endloop
  endfacet
  facet normal 0.969971 -0.243221 0
    outer loop
      vertex 46.0134 26.7366 2
      vertex 46.0301 26.8032 0
      vertex 46.0301 26.8032 2
    endloop
  endfacet
  facet normal 0.969971 -0.243221 0
    outer loop
      vertex 46.0301 26.8032 0
      vertex 46.0134 26.7366 2
      vertex 46.0134 26.7366 0
    endloop
  endfacet
  facet normal 0.989359 -0.145494 0
    outer loop
      vertex 46.0034 26.6686 2
      vertex 46.0134 26.7366 0
      vertex 46.0134 26.7366 2
    endloop
  endfacet
  facet normal 0.989359 -0.145494 0
    outer loop
      vertex 46.0134 26.7366 0
      vertex 46.0034 26.6686 2
      vertex 46.0034 26.6686 0
    endloop
  endfacet
  facet normal 0.904389 -0.426709 0
    outer loop
      vertex 46.0533 26.8679 2
      vertex 46.0826 26.93 0
      vertex 46.0826 26.93 2
    endloop
  endfacet
  facet normal 0.904389 -0.426709 0
    outer loop
      vertex 46.0826 26.93 0
      vertex 46.0533 26.8679 2
      vertex 46.0533 26.8679 0
    endloop
  endfacet
  facet normal 0.941313 -0.337534 0
    outer loop
      vertex 46.0301 26.8032 2
      vertex 46.0533 26.8679 0
      vertex 46.0533 26.8679 2
    endloop
  endfacet
  facet normal 0.941313 -0.337534 0
    outer loop
      vertex 46.0533 26.8679 0
      vertex 46.0301 26.8032 2
      vertex 46.0301 26.8032 0
    endloop
  endfacet
  facet normal -0.0495019 0.998774 0
    outer loop
      vertex 46.7686 15.3034 0
      vertex 46.7 15.3 2
      vertex 46.7686 15.3034 2
    endloop
  endfacet
  facet normal -0.0495019 0.998774 0
    outer loop
      vertex 46.7 15.3 2
      vertex 46.7686 15.3034 0
      vertex 46.7 15.3 0
    endloop
  endfacet
  facet normal 0.857107 0.515138 0
    outer loop
      vertex 46.118 15.6111 2
      vertex 46.0826 15.67 0
      vertex 46.0826 15.67 2
    endloop
  endfacet
  facet normal 0.857107 0.515138 0
    outer loop
      vertex 46.0826 15.67 0
      vertex 46.118 15.6111 2
      vertex 46.118 15.6111 0
    endloop
  endfacet
  facet normal -0.595332 0.80348 0
    outer loop
      vertex 47.1441 15.4589 0
      vertex 47.0889 15.418 2
      vertex 47.1441 15.4589 2
    endloop
  endfacet
  facet normal -0.595332 0.80348 0
    outer loop
      vertex 47.0889 15.418 2
      vertex 47.1441 15.4589 0
      vertex 47.0889 15.418 0
    endloop
  endfacet
  facet normal 0.80348 0.595332 0
    outer loop
      vertex 46.1589 15.5559 2
      vertex 46.118 15.6111 0
      vertex 46.118 15.6111 2
    endloop
  endfacet
  facet normal 0.80348 0.595332 0
    outer loop
      vertex 46.118 15.6111 0
      vertex 46.1589 15.5559 2
      vertex 46.1589 15.5559 0
    endloop
  endfacet
  facet normal -0.337534 0.941313 0
    outer loop
      vertex 46.9679 15.3533 0
      vertex 46.9032 15.3301 2
      vertex 46.9679 15.3533 2
    endloop
  endfacet
  facet normal -0.337534 0.941313 0
    outer loop
      vertex 46.9032 15.3301 2
      vertex 46.9679 15.3533 0
      vertex 46.9032 15.3301 0
    endloop
  endfacet
  facet normal -0.426709 0.904389 0
    outer loop
      vertex 47.03 15.3826 0
      vertex 46.9679 15.3533 2
      vertex 47.03 15.3826 2
    endloop
  endfacet
  facet normal -0.426709 0.904389 0
    outer loop
      vertex 46.9679 15.3533 2
      vertex 47.03 15.3826 0
      vertex 46.9679 15.3533 0
    endloop
  endfacet
  facet normal 0.671295 0.741191 -0
    outer loop
      vertex 46.2559 15.4589 0
      vertex 46.205 15.505 2
      vertex 46.2559 15.4589 2
    endloop
  endfacet
  facet normal 0.671295 0.741191 0
    outer loop
      vertex 46.205 15.505 2
      vertex 46.2559 15.4589 0
      vertex 46.205 15.505 0
    endloop
  endfacet
  facet normal -0.671295 0.741191 0
    outer loop
      vertex 47.195 15.505 0
      vertex 47.1441 15.4589 2
      vertex 47.195 15.505 2
    endloop
  endfacet
  facet normal -0.671295 0.741191 0
    outer loop
      vertex 47.1441 15.4589 2
      vertex 47.195 15.505 0
      vertex 47.1441 15.4589 0
    endloop
  endfacet
  facet normal 0.337534 0.941313 -0
    outer loop
      vertex 46.4968 15.3301 0
      vertex 46.4321 15.3533 2
      vertex 46.4968 15.3301 2
    endloop
  endfacet
  facet normal 0.337534 0.941313 0
    outer loop
      vertex 46.4321 15.3533 2
      vertex 46.4968 15.3301 0
      vertex 46.4321 15.3533 0
    endloop
  endfacet
  facet normal 0.595332 0.80348 -0
    outer loop
      vertex 46.3111 15.418 0
      vertex 46.2559 15.4589 2
      vertex 46.3111 15.418 2
    endloop
  endfacet
  facet normal 0.595332 0.80348 0
    outer loop
      vertex 46.2559 15.4589 2
      vertex 46.3111 15.418 0
      vertex 46.2559 15.4589 0
    endloop
  endfacet
  facet normal 0.941313 0.337534 0
    outer loop
      vertex 46.0533 15.7321 2
      vertex 46.0301 15.7968 0
      vertex 46.0301 15.7968 2
    endloop
  endfacet
  facet normal 0.941313 0.337534 0
    outer loop
      vertex 46.0301 15.7968 0
      vertex 46.0533 15.7321 2
      vertex 46.0533 15.7321 0
    endloop
  endfacet
  facet normal 0.989359 0.145494 0
    outer loop
      vertex 50.0134 15.8634 2
      vertex 50.0034 15.9314 0
      vertex 50.0034 15.9314 2
    endloop
  endfacet
  facet normal 0.989359 0.145494 0
    outer loop
      vertex 50.0034 15.9314 0
      vertex 50.0134 15.8634 2
      vertex 50.0134 15.8634 0
    endloop
  endfacet
  facet normal 0.998774 0.0495019 0
    outer loop
      vertex 50.0034 15.9314 2
      vertex 50 16 0
      vertex 50 16 2
    endloop
  endfacet
  facet normal 0.998774 0.0495019 0
    outer loop
      vertex 50 16 0
      vertex 50.0034 15.9314 2
      vertex 50.0034 15.9314 0
    endloop
  endfacet
  facet normal 0.941313 0.337534 0
    outer loop
      vertex 50.0533 15.7321 2
      vertex 50.0301 15.7968 0
      vertex 50.0301 15.7968 2
    endloop
  endfacet
  facet normal 0.941313 0.337534 0
    outer loop
      vertex 50.0301 15.7968 0
      vertex 50.0533 15.7321 2
      vertex 50.0533 15.7321 0
    endloop
  endfacet
  facet normal -0.85775 -0.514067 0
    outer loop
      vertex 51.3173 26.93 0
      vertex 51.282 26.9889 2
      vertex 51.282 26.9889 0
    endloop
  endfacet
  facet normal -0.85775 -0.514067 0
    outer loop
      vertex 51.282 26.9889 2
      vertex 51.3173 26.93 0
      vertex 51.3173 26.93 2
    endloop
  endfacet
  facet normal -0.941313 0.337534 0
    outer loop
      vertex 51.3467 15.7321 0
      vertex 51.3699 15.7968 2
      vertex 51.3699 15.7968 0
    endloop
  endfacet
  facet normal -0.941313 0.337534 0
    outer loop
      vertex 51.3699 15.7968 2
      vertex 51.3467 15.7321 0
      vertex 51.3467 15.7321 2
    endloop
  endfacet
  facet normal -0.741191 0.671295 0
    outer loop
      vertex 51.195 15.505 0
      vertex 51.2411 15.5559 2
      vertex 51.2411 15.5559 0
    endloop
  endfacet
  facet normal -0.741191 0.671295 0
    outer loop
      vertex 51.2411 15.5559 2
      vertex 51.195 15.505 0
      vertex 51.195 15.505 2
    endloop
  endfacet
  facet normal 0.0495019 0.998774 -0
    outer loop
      vertex 50.7 15.3 0
      vertex 50.6314 15.3034 2
      vertex 50.7 15.3 2
    endloop
  endfacet
  facet normal 0.0495019 0.998774 0
    outer loop
      vertex 50.6314 15.3034 2
      vertex 50.7 15.3 0
      vertex 50.6314 15.3034 0
    endloop
  endfacet
  facet normal 0.998774 -0.0495019 0
    outer loop
      vertex 50 26.6 2
      vertex 50.0034 26.6686 0
      vertex 50.0034 26.6686 2
    endloop
  endfacet
  facet normal 0.998774 -0.0495019 0
    outer loop
      vertex 50.0034 26.6686 0
      vertex 50 26.6 2
      vertex 50 26.6 0
    endloop
  endfacet
  facet normal 1 -0 0
    outer loop
      vertex 50 16 2
      vertex 50 26.6 0
      vertex 50 26.6 2
    endloop
  endfacet
  facet normal 1 0 0
    outer loop
      vertex 50 26.6 0
      vertex 50 16 2
      vertex 50 16 0
    endloop
  endfacet
  facet normal 0.989359 -0.145494 0
    outer loop
      vertex 50.0034 26.6686 2
      vertex 50.0134 26.7366 0
      vertex 50.0134 26.7366 2
    endloop
  endfacet
  facet normal 0.989359 -0.145494 0
    outer loop
      vertex 50.0134 26.7366 0
      vertex 50.0034 26.6686 2
      vertex 50.0034 26.6686 0
    endloop
  endfacet
  facet normal -0.998774 -0.0495019 0
    outer loop
      vertex 51.4 26.6 0
      vertex 51.3966 26.6686 2
      vertex 51.3966 26.6686 0
    endloop
  endfacet
  facet normal -0.998774 -0.0495019 0
    outer loop
      vertex 51.3966 26.6686 2
      vertex 51.4 26.6 0
      vertex 51.4 26.6 2
    endloop
  endfacet
  facet normal -0.970314 -0.24185 0
    outer loop
      vertex 51.3865 26.7366 0
      vertex 51.3699 26.8032 2
      vertex 51.3699 26.8032 0
    endloop
  endfacet
  facet normal -0.970314 -0.24185 0
    outer loop
      vertex 51.3699 26.8032 2
      vertex 51.3865 26.7366 0
      vertex 51.3865 26.7366 2
    endloop
  endfacet
  facet normal 0.80348 0.595332 0
    outer loop
      vertex 50.1589 15.5559 2
      vertex 50.118 15.6111 0
      vertex 50.118 15.6111 2
    endloop
  endfacet
  facet normal 0.80348 0.595332 0
    outer loop
      vertex 50.118 15.6111 0
      vertex 50.1589 15.5559 2
      vertex 50.1589 15.5559 0
    endloop
  endfacet
  facet normal -0.989149 -0.146918 0
    outer loop
      vertex 51.3966 26.6686 0
      vertex 51.3865 26.7366 2
      vertex 51.3865 26.7366 0
    endloop
  endfacet
  facet normal -0.989149 -0.146918 0
    outer loop
      vertex 51.3865 26.7366 2
      vertex 51.3966 26.6686 0
      vertex 51.3966 26.6686 2
    endloop
  endfacet
  facet normal 0.857107 0.515138 0
    outer loop
      vertex 50.118 15.6111 2
      vertex 50.0826 15.67 0
      vertex 50.0826 15.67 2
    endloop
  endfacet
  facet normal 0.857107 0.515138 0
    outer loop
      vertex 50.0826 15.67 0
      vertex 50.118 15.6111 2
      vertex 50.118 15.6111 0
    endloop
  endfacet
  facet normal 0.671295 -0.741191 0
    outer loop
      vertex 50.205 27.095 0
      vertex 50.2559 27.1411 2
      vertex 50.205 27.095 2
    endloop
  endfacet
  facet normal 0.671295 -0.741191 0
    outer loop
      vertex 50.2559 27.1411 2
      vertex 50.205 27.095 0
      vertex 50.2559 27.1411 0
    endloop
  endfacet
  facet normal 0.0495019 -0.998774 0
    outer loop
      vertex 50.6314 27.2966 0
      vertex 50.7 27.3 2
      vertex 50.6314 27.2966 2
    endloop
  endfacet
  facet normal 0.0495019 -0.998774 0
    outer loop
      vertex 50.7 27.3 2
      vertex 50.6314 27.2966 0
      vertex 50.7 27.3 0
    endloop
  endfacet
  facet normal -0.0495019 -0.998774 0
    outer loop
      vertex 50.7 27.3 0
      vertex 50.7686 27.2966 2
      vertex 50.7 27.3 2
    endloop
  endfacet
  facet normal -0.0495019 -0.998774 -0
    outer loop
      vertex 50.7686 27.2966 2
      vertex 50.7 27.3 0
      vertex 50.7686 27.2966 0
    endloop
  endfacet
  facet normal -0.336244 -0.941775 0
    outer loop
      vertex 50.9032 27.2698 0
      vertex 50.9679 27.2467 2
      vertex 50.9032 27.2698 2
    endloop
  endfacet
  facet normal -0.336244 -0.941775 -0
    outer loop
      vertex 50.9679 27.2467 2
      vertex 50.9032 27.2698 0
      vertex 50.9679 27.2467 0
    endloop
  endfacet
  facet normal -0.741191 -0.671295 0
    outer loop
      vertex 51.2411 27.0441 0
      vertex 51.195 27.095 2
      vertex 51.195 27.095 0
    endloop
  endfacet
  facet normal -0.741191 -0.671295 0
    outer loop
      vertex 51.195 27.095 2
      vertex 51.2411 27.0441 0
      vertex 51.2411 27.0441 2
    endloop
  endfacet
  facet normal 0.969971 -0.243221 0
    outer loop
      vertex 50.0134 26.7366 2
      vertex 50.0301 26.8032 0
      vertex 50.0301 26.8032 2
    endloop
  endfacet
  facet normal 0.969971 -0.243221 0
    outer loop
      vertex 50.0301 26.8032 0
      vertex 50.0134 26.7366 2
      vertex 50.0134 26.7366 0
    endloop
  endfacet
  facet normal -0.903827 -0.427899 0
    outer loop
      vertex 51.3467 26.8679 0
      vertex 51.3173 26.93 2
      vertex 51.3173 26.93 0
    endloop
  endfacet
  facet normal -0.903827 -0.427899 0
    outer loop
      vertex 51.3173 26.93 2
      vertex 51.3467 26.8679 0
      vertex 51.3467 26.8679 2
    endloop
  endfacet
  facet normal -0.243221 0.969971 0
    outer loop
      vertex 50.9032 15.3301 0
      vertex 50.8366 15.3134 2
      vertex 50.9032 15.3301 2
    endloop
  endfacet
  facet normal -0.243221 0.969971 0
    outer loop
      vertex 50.8366 15.3134 2
      vertex 50.9032 15.3301 0
      vertex 50.8366 15.3134 0
    endloop
  endfacet
  facet normal 0.741191 0.671295 0
    outer loop
      vertex 50.205 15.505 2
      vertex 50.1589 15.5559 0
      vertex 50.1589 15.5559 2
    endloop
  endfacet
  facet normal 0.741191 0.671295 0
    outer loop
      vertex 50.1589 15.5559 0
      vertex 50.205 15.505 2
      vertex 50.205 15.505 0
    endloop
  endfacet
  facet normal -0.671295 0.741191 0
    outer loop
      vertex 51.195 15.505 0
      vertex 51.1441 15.4589 2
      vertex 51.195 15.505 2
    endloop
  endfacet
  facet normal -0.671295 0.741191 0
    outer loop
      vertex 51.1441 15.4589 2
      vertex 51.195 15.505 0
      vertex 51.1441 15.4589 0
    endloop
  endfacet
  facet normal -0.145494 0.989359 0
    outer loop
      vertex 50.8366 15.3134 0
      vertex 50.7686 15.3034 2
      vertex 50.8366 15.3134 2
    endloop
  endfacet
  facet normal -0.145494 0.989359 0
    outer loop
      vertex 50.7686 15.3034 2
      vertex 50.8366 15.3134 0
      vertex 50.7686 15.3034 0
    endloop
  endfacet
  facet normal -0.998774 0.0495019 0
    outer loop
      vertex 51.3966 15.9314 0
      vertex 51.4 16 2
      vertex 51.4 16 0
    endloop
  endfacet
  facet normal -0.998774 0.0495019 0
    outer loop
      vertex 51.4 16 2
      vertex 51.3966 15.9314 0
      vertex 51.3966 15.9314 2
    endloop
  endfacet
  facet normal -1 0 0
    outer loop
      vertex 51.4 16 0
      vertex 51.4 26.6 2
      vertex 51.4 26.6 0
    endloop
  endfacet
  facet normal -1 -0 0
    outer loop
      vertex 51.4 26.6 2
      vertex 51.4 16 0
      vertex 51.4 16 2
    endloop
  endfacet
  facet normal 0.969971 0.243221 0
    outer loop
      vertex 50.0301 15.7968 2
      vertex 50.0134 15.8634 0
      vertex 50.0134 15.8634 2
    endloop
  endfacet
  facet normal 0.969971 0.243221 0
    outer loop
      vertex 50.0134 15.8634 0
      vertex 50.0301 15.7968 2
      vertex 50.0301 15.7968 0
    endloop
  endfacet
  facet normal 0.427899 -0.903827 0
    outer loop
      vertex 50.37 27.2173 0
      vertex 50.4321 27.2467 2
      vertex 50.37 27.2173 2
    endloop
  endfacet
  facet normal 0.427899 -0.903827 0
    outer loop
      vertex 50.4321 27.2467 2
      vertex 50.37 27.2173 0
      vertex 50.4321 27.2467 0
    endloop
  endfacet
  facet normal 0.515138 0.857107 -0
    outer loop
      vertex 50.37 15.3826 0
      vertex 50.3111 15.418 2
      vertex 50.37 15.3826 2
    endloop
  endfacet
  facet normal 0.515138 0.857107 0
    outer loop
      vertex 50.3111 15.418 2
      vertex 50.37 15.3826 0
      vertex 50.3111 15.418 0
    endloop
  endfacet
  facet normal -0.427899 -0.903827 0
    outer loop
      vertex 50.9679 27.2467 0
      vertex 51.03 27.2173 2
      vertex 50.9679 27.2467 2
    endloop
  endfacet
  facet normal -0.427899 -0.903827 -0
    outer loop
      vertex 51.03 27.2173 2
      vertex 50.9679 27.2467 0
      vertex 51.03 27.2173 0
    endloop
  endfacet
  facet normal -0.595332 -0.80348 0
    outer loop
      vertex 51.0889 27.182 0
      vertex 51.1441 27.1411 2
      vertex 51.0889 27.182 2
    endloop
  endfacet
  facet normal -0.595332 -0.80348 -0
    outer loop
      vertex 51.1441 27.1411 2
      vertex 51.0889 27.182 0
      vertex 51.1441 27.1411 0
    endloop
  endfacet
  facet normal 0.857107 -0.515138 0
    outer loop
      vertex 50.0826 26.93 2
      vertex 50.118 26.9889 0
      vertex 50.118 26.9889 2
    endloop
  endfacet
  facet normal 0.857107 -0.515138 0
    outer loop
      vertex 50.118 26.9889 0
      vertex 50.0826 26.93 2
      vertex 50.0826 26.93 0
    endloop
  endfacet
  facet normal 0.80348 -0.595332 0
    outer loop
      vertex 50.118 26.9889 2
      vertex 50.1589 27.0441 0
      vertex 50.1589 27.0441 2
    endloop
  endfacet
  facet normal 0.80348 -0.595332 0
    outer loop
      vertex 50.1589 27.0441 0
      vertex 50.118 26.9889 2
      vertex 50.118 26.9889 0
    endloop
  endfacet
  facet normal -0.80348 0.595332 0
    outer loop
      vertex 51.2411 15.5559 0
      vertex 51.282 15.6111 2
      vertex 51.282 15.6111 0
    endloop
  endfacet
  facet normal -0.80348 0.595332 0
    outer loop
      vertex 51.282 15.6111 2
      vertex 51.2411 15.5559 0
      vertex 51.2411 15.5559 2
    endloop
  endfacet
  facet normal 0.904389 -0.426709 0
    outer loop
      vertex 50.0533 26.8679 2
      vertex 50.0826 26.93 0
      vertex 50.0826 26.93 2
    endloop
  endfacet
  facet normal 0.904389 -0.426709 0
    outer loop
      vertex 50.0826 26.93 0
      vertex 50.0533 26.8679 2
      vertex 50.0533 26.8679 0
    endloop
  endfacet
  facet normal 0.595332 -0.80348 0
    outer loop
      vertex 50.2559 27.1411 0
      vertex 50.3111 27.182 2
      vertex 50.2559 27.1411 2
    endloop
  endfacet
  facet normal 0.595332 -0.80348 0
    outer loop
      vertex 50.3111 27.182 2
      vertex 50.2559 27.1411 0
      vertex 50.3111 27.182 0
    endloop
  endfacet
  facet normal 0.514067 -0.85775 0
    outer loop
      vertex 50.3111 27.182 0
      vertex 50.37 27.2173 2
      vertex 50.3111 27.182 2
    endloop
  endfacet
  facet normal 0.514067 -0.85775 0
    outer loop
      vertex 50.37 27.2173 2
      vertex 50.3111 27.182 0
      vertex 50.37 27.2173 0
    endloop
  endfacet
  facet normal -0.989149 0.146918 0
    outer loop
      vertex 51.3865 15.8634 0
      vertex 51.3966 15.9314 2
      vertex 51.3966 15.9314 0
    endloop
  endfacet
  facet normal -0.989149 0.146918 0
    outer loop
      vertex 51.3966 15.9314 2
      vertex 51.3865 15.8634 0
      vertex 51.3865 15.8634 2
    endloop
  endfacet
  facet normal 0.146918 -0.989149 0
    outer loop
      vertex 50.5634 27.2865 0
      vertex 50.6314 27.2966 2
      vertex 50.5634 27.2865 2
    endloop
  endfacet
  facet normal 0.146918 -0.989149 0
    outer loop
      vertex 50.6314 27.2966 2
      vertex 50.5634 27.2865 0
      vertex 50.6314 27.2966 0
    endloop
  endfacet
  facet normal -0.337534 0.941313 0
    outer loop
      vertex 50.9679 15.3533 0
      vertex 50.9032 15.3301 2
      vertex 50.9679 15.3533 2
    endloop
  endfacet
  facet normal -0.337534 0.941313 0
    outer loop
      vertex 50.9032 15.3301 2
      vertex 50.9679 15.3533 0
      vertex 50.9032 15.3301 0
    endloop
  endfacet
  facet normal -0.671295 -0.741191 0
    outer loop
      vertex 51.1441 27.1411 0
      vertex 51.195 27.095 2
      vertex 51.1441 27.1411 2
    endloop
  endfacet
  facet normal -0.671295 -0.741191 -0
    outer loop
      vertex 51.195 27.095 2
      vertex 51.1441 27.1411 0
      vertex 51.195 27.095 0
    endloop
  endfacet
  facet normal -0.85775 0.514067 0
    outer loop
      vertex 51.282 15.6111 0
      vertex 51.3173 15.67 2
      vertex 51.3173 15.67 0
    endloop
  endfacet
  facet normal -0.85775 0.514067 0
    outer loop
      vertex 51.3173 15.67 2
      vertex 51.282 15.6111 0
      vertex 51.282 15.6111 2
    endloop
  endfacet
  facet normal 0.243221 -0.969971 0
    outer loop
      vertex 50.4968 27.2698 0
      vertex 50.5634 27.2865 2
      vertex 50.4968 27.2698 2
    endloop
  endfacet
  facet normal 0.243221 -0.969971 0
    outer loop
      vertex 50.5634 27.2865 2
      vertex 50.4968 27.2698 0
      vertex 50.5634 27.2865 0
    endloop
  endfacet
  facet normal -0.514067 -0.85775 0
    outer loop
      vertex 51.03 27.2173 0
      vertex 51.0889 27.182 2
      vertex 51.03 27.2173 2
    endloop
  endfacet
  facet normal -0.514067 -0.85775 -0
    outer loop
      vertex 51.0889 27.182 2
      vertex 51.03 27.2173 0
      vertex 51.0889 27.182 0
    endloop
  endfacet
  facet normal 0.243221 0.969971 -0
    outer loop
      vertex 50.5634 15.3134 0
      vertex 50.4968 15.3301 2
      vertex 50.5634 15.3134 2
    endloop
  endfacet
  facet normal 0.243221 0.969971 0
    outer loop
      vertex 50.4968 15.3301 2
      vertex 50.5634 15.3134 0
      vertex 50.4968 15.3301 0
    endloop
  endfacet
  facet normal 0.595332 0.80348 -0
    outer loop
      vertex 50.3111 15.418 0
      vertex 50.2559 15.4589 2
      vertex 50.3111 15.418 2
    endloop
  endfacet
  facet normal 0.595332 0.80348 0
    outer loop
      vertex 50.2559 15.4589 2
      vertex 50.3111 15.418 0
      vertex 50.2559 15.4589 0
    endloop
  endfacet
  facet normal -0.941313 -0.337534 0
    outer loop
      vertex 51.3699 26.8032 0
      vertex 51.3467 26.8679 2
      vertex 51.3467 26.8679 0
    endloop
  endfacet
  facet normal -0.941313 -0.337534 0
    outer loop
      vertex 51.3467 26.8679 2
      vertex 51.3699 26.8032 0
      vertex 51.3699 26.8032 2
    endloop
  endfacet
  facet normal -0.595332 0.80348 0
    outer loop
      vertex 51.1441 15.4589 0
      vertex 51.0889 15.418 2
      vertex 51.1441 15.4589 2
    endloop
  endfacet
  facet normal -0.595332 0.80348 0
    outer loop
      vertex 51.0889 15.418 2
      vertex 51.1441 15.4589 0
      vertex 51.0889 15.418 0
    endloop
  endfacet
  facet normal -0.80348 -0.595332 0
    outer loop
      vertex 51.282 26.9889 0
      vertex 51.2411 27.0441 2
      vertex 51.2411 27.0441 0
    endloop
  endfacet
  facet normal -0.80348 -0.595332 0
    outer loop
      vertex 51.2411 27.0441 2
      vertex 51.282 26.9889 0
      vertex 51.282 26.9889 2
    endloop
  endfacet
  facet normal -0.515138 0.857107 0
    outer loop
      vertex 51.0889 15.418 0
      vertex 51.03 15.3826 2
      vertex 51.0889 15.418 2
    endloop
  endfacet
  facet normal -0.515138 0.857107 0
    outer loop
      vertex 51.03 15.3826 2
      vertex 51.0889 15.418 0
      vertex 51.03 15.3826 0
    endloop
  endfacet
  facet normal -0.146918 -0.989149 0
    outer loop
      vertex 50.7686 27.2966 0
      vertex 50.8366 27.2865 2
      vertex 50.7686 27.2966 2
    endloop
  endfacet
  facet normal -0.146918 -0.989149 -0
    outer loop
      vertex 50.8366 27.2865 2
      vertex 50.7686 27.2966 0
      vertex 50.8366 27.2865 0
    endloop
  endfacet
  facet normal 0.336244 -0.941775 0
    outer loop
      vertex 50.4321 27.2467 0
      vertex 50.4968 27.2698 2
      vertex 50.4321 27.2467 2
    endloop
  endfacet
  facet normal 0.336244 -0.941775 0
    outer loop
      vertex 50.4968 27.2698 2
      vertex 50.4321 27.2467 0
      vertex 50.4968 27.2698 0
    endloop
  endfacet
  facet normal -0.426709 0.904389 0
    outer loop
      vertex 51.03 15.3826 0
      vertex 50.9679 15.3533 2
      vertex 51.03 15.3826 2
    endloop
  endfacet
  facet normal -0.426709 0.904389 0
    outer loop
      vertex 50.9679 15.3533 2
      vertex 51.03 15.3826 0
      vertex 50.9679 15.3533 0
    endloop
  endfacet
  facet normal -0.903827 0.427899 0
    outer loop
      vertex 51.3173 15.67 0
      vertex 51.3467 15.7321 2
      vertex 51.3467 15.7321 0
    endloop
  endfacet
  facet normal -0.903827 0.427899 0
    outer loop
      vertex 51.3467 15.7321 2
      vertex 51.3173 15.67 0
      vertex 51.3173 15.67 2
    endloop
  endfacet
  facet normal -0.970314 0.24185 0
    outer loop
      vertex 51.3699 15.7968 0
      vertex 51.3865 15.8634 2
      vertex 51.3865 15.8634 0
    endloop
  endfacet
  facet normal -0.970314 0.24185 0
    outer loop
      vertex 51.3865 15.8634 2
      vertex 51.3699 15.7968 0
      vertex 51.3699 15.7968 2
    endloop
  endfacet
  facet normal 0.145494 0.989359 -0
    outer loop
      vertex 50.6314 15.3034 0
      vertex 50.5634 15.3134 2
      vertex 50.6314 15.3034 2
    endloop
  endfacet
  facet normal 0.145494 0.989359 0
    outer loop
      vertex 50.5634 15.3134 2
      vertex 50.6314 15.3034 0
      vertex 50.5634 15.3134 0
    endloop
  endfacet
  facet normal 0.941313 -0.337534 0
    outer loop
      vertex 50.0301 26.8032 2
      vertex 50.0533 26.8679 0
      vertex 50.0533 26.8679 2
    endloop
  endfacet
  facet normal 0.941313 -0.337534 0
    outer loop
      vertex 50.0533 26.8679 0
      vertex 50.0301 26.8032 2
      vertex 50.0301 26.8032 0
    endloop
  endfacet
  facet normal -0.243221 -0.969971 0
    outer loop
      vertex 50.8366 27.2865 0
      vertex 50.9032 27.2698 2
      vertex 50.8366 27.2865 2
    endloop
  endfacet
  facet normal -0.243221 -0.969971 -0
    outer loop
      vertex 50.9032 27.2698 2
      vertex 50.8366 27.2865 0
      vertex 50.9032 27.2698 0
    endloop
  endfacet
  facet normal 0.904389 0.426709 0
    outer loop
      vertex 50.0826 15.67 2
      vertex 50.0533 15.7321 0
      vertex 50.0533 15.7321 2
    endloop
  endfacet
  facet normal 0.904389 0.426709 0
    outer loop
      vertex 50.0533 15.7321 0
      vertex 50.0826 15.67 2
      vertex 50.0826 15.67 0
    endloop
  endfacet
  facet normal 0.741191 -0.671295 0
    outer loop
      vertex 50.1589 27.0441 2
      vertex 50.205 27.095 0
      vertex 50.205 27.095 2
    endloop
  endfacet
  facet normal 0.741191 -0.671295 0
    outer loop
      vertex 50.205 27.095 0
      vertex 50.1589 27.0441 2
      vertex 50.1589 27.0441 0
    endloop
  endfacet
  facet normal 0.671295 0.741191 -0
    outer loop
      vertex 50.2559 15.4589 0
      vertex 50.205 15.505 2
      vertex 50.2559 15.4589 2
    endloop
  endfacet
  facet normal 0.671295 0.741191 0
    outer loop
      vertex 50.205 15.505 2
      vertex 50.2559 15.4589 0
      vertex 50.205 15.505 0
    endloop
  endfacet
  facet normal -0.0495019 0.998774 0
    outer loop
      vertex 50.7686 15.3034 0
      vertex 50.7 15.3 2
      vertex 50.7686 15.3034 2
    endloop
  endfacet
  facet normal -0.0495019 0.998774 0
    outer loop
      vertex 50.7 15.3 2
      vertex 50.7686 15.3034 0
      vertex 50.7 15.3 0
    endloop
  endfacet
  facet normal 0.426709 0.904389 -0
    outer loop
      vertex 50.4321 15.3533 0
      vertex 50.37 15.3826 2
      vertex 50.4321 15.3533 2
    endloop
  endfacet
  facet normal 0.426709 0.904389 0
    outer loop
      vertex 50.37 15.3826 2
      vertex 50.4321 15.3533 0
      vertex 50.37 15.3826 0
    endloop
  endfacet
  facet normal 0.337534 0.941313 -0
    outer loop
      vertex 50.4968 15.3301 0
      vertex 50.4321 15.3533 2
      vertex 50.4968 15.3301 2
    endloop
  endfacet
  facet normal 0.337534 0.941313 0
    outer loop
      vertex 50.4321 15.3533 2
      vertex 50.4968 15.3301 0
      vertex 50.4321 15.3533 0
    endloop
  endfacet
  facet normal 0.989359 0.145494 0
    outer loop
      vertex 54.0134 15.8634 2
      vertex 54.0034 15.9314 0
      vertex 54.0034 15.9314 2
    endloop
  endfacet
  facet normal 0.989359 0.145494 0
    outer loop
      vertex 54.0034 15.9314 0
      vertex 54.0134 15.8634 2
      vertex 54.0134 15.8634 0
    endloop
  endfacet
  facet normal -0.80348 0.595332 0
    outer loop
      vertex 55.2411 15.5559 0
      vertex 55.282 15.6111 2
      vertex 55.282 15.6111 0
    endloop
  endfacet
  facet normal -0.80348 0.595332 0
    outer loop
      vertex 55.282 15.6111 2
      vertex 55.2411 15.5559 0
      vertex 55.2411 15.5559 2
    endloop
  endfacet
  facet normal 0.998774 0.0495019 0
    outer loop
      vertex 54.0034 15.9314 2
      vertex 54 16 0
      vertex 54 16 2
    endloop
  endfacet
  facet normal 0.998774 0.0495019 0
    outer loop
      vertex 54 16 0
      vertex 54.0034 15.9314 2
      vertex 54.0034 15.9314 0
    endloop
  endfacet
  facet normal 0.595332 -0.80348 0
    outer loop
      vertex 54.2559 27.1411 0
      vertex 54.3111 27.182 2
      vertex 54.2559 27.1411 2
    endloop
  endfacet
  facet normal 0.595332 -0.80348 0
    outer loop
      vertex 54.3111 27.182 2
      vertex 54.2559 27.1411 0
      vertex 54.3111 27.182 0
    endloop
  endfacet
  facet normal -0.970314 0.24185 0
    outer loop
      vertex 55.3699 15.7968 0
      vertex 55.3865 15.8634 2
      vertex 55.3865 15.8634 0
    endloop
  endfacet
  facet normal -0.970314 0.24185 0
    outer loop
      vertex 55.3865 15.8634 2
      vertex 55.3699 15.7968 0
      vertex 55.3699 15.7968 2
    endloop
  endfacet
  facet normal -0.970314 -0.24185 0
    outer loop
      vertex 55.3865 26.7366 0
      vertex 55.3699 26.8032 2
      vertex 55.3699 26.8032 0
    endloop
  endfacet
  facet normal -0.970314 -0.24185 0
    outer loop
      vertex 55.3699 26.8032 2
      vertex 55.3865 26.7366 0
      vertex 55.3865 26.7366 2
    endloop
  endfacet
  facet normal 0.426709 0.904389 -0
    outer loop
      vertex 54.4321 15.3533 0
      vertex 54.37 15.3826 2
      vertex 54.4321 15.3533 2
    endloop
  endfacet
  facet normal 0.426709 0.904389 0
    outer loop
      vertex 54.37 15.3826 2
      vertex 54.4321 15.3533 0
      vertex 54.37 15.3826 0
    endloop
  endfacet
  facet normal 0.998774 -0.0495019 0
    outer loop
      vertex 54 26.6 2
      vertex 54.0034 26.6686 0
      vertex 54.0034 26.6686 2
    endloop
  endfacet
  facet normal 0.998774 -0.0495019 0
    outer loop
      vertex 54.0034 26.6686 0
      vertex 54 26.6 2
      vertex 54 26.6 0
    endloop
  endfacet
  facet normal 1 -0 0
    outer loop
      vertex 54 16 2
      vertex 54 26.6 0
      vertex 54 26.6 2
    endloop
  endfacet
  facet normal 1 0 0
    outer loop
      vertex 54 26.6 0
      vertex 54 16 2
      vertex 54 16 0
    endloop
  endfacet
  facet normal -0.998774 -0.0495019 0
    outer loop
      vertex 55.4 26.6 0
      vertex 55.3966 26.6686 2
      vertex 55.3966 26.6686 0
    endloop
  endfacet
  facet normal -0.998774 -0.0495019 0
    outer loop
      vertex 55.3966 26.6686 2
      vertex 55.4 26.6 0
      vertex 55.4 26.6 2
    endloop
  endfacet
  facet normal -0.671295 -0.741191 0
    outer loop
      vertex 55.1441 27.1411 0
      vertex 55.195 27.095 2
      vertex 55.1441 27.1411 2
    endloop
  endfacet
  facet normal -0.671295 -0.741191 -0
    outer loop
      vertex 55.195 27.095 2
      vertex 55.1441 27.1411 0
      vertex 55.195 27.095 0
    endloop
  endfacet
  facet normal -0.336244 -0.941775 0
    outer loop
      vertex 54.9032 27.2698 0
      vertex 54.9679 27.2467 2
      vertex 54.9032 27.2698 2
    endloop
  endfacet
  facet normal -0.336244 -0.941775 -0
    outer loop
      vertex 54.9679 27.2467 2
      vertex 54.9032 27.2698 0
      vertex 54.9679 27.2467 0
    endloop
  endfacet
  facet normal -0.941313 -0.337534 0
    outer loop
      vertex 55.3699 26.8032 0
      vertex 55.3467 26.8679 2
      vertex 55.3467 26.8679 0
    endloop
  endfacet
  facet normal -0.941313 -0.337534 0
    outer loop
      vertex 55.3467 26.8679 2
      vertex 55.3699 26.8032 0
      vertex 55.3699 26.8032 2
    endloop
  endfacet
  facet normal -0.85775 -0.514067 0
    outer loop
      vertex 55.3173 26.93 0
      vertex 55.282 26.9889 2
      vertex 55.282 26.9889 0
    endloop
  endfacet
  facet normal -0.85775 -0.514067 0
    outer loop
      vertex 55.282 26.9889 2
      vertex 55.3173 26.93 0
      vertex 55.3173 26.93 2
    endloop
  endfacet
  facet normal -0.989149 0.146918 0
    outer loop
      vertex 55.3865 15.8634 0
      vertex 55.3966 15.9314 2
      vertex 55.3966 15.9314 0
    endloop
  endfacet
  facet normal -0.989149 0.146918 0
    outer loop
      vertex 55.3966 15.9314 2
      vertex 55.3865 15.8634 0
      vertex 55.3865 15.8634 2
    endloop
  endfacet
  facet normal -0.243221 -0.969971 0
    outer loop
      vertex 54.8366 27.2865 0
      vertex 54.9032 27.2698 2
      vertex 54.8366 27.2865 2
    endloop
  endfacet
  facet normal -0.243221 -0.969971 -0
    outer loop
      vertex 54.9032 27.2698 2
      vertex 54.8366 27.2865 0
      vertex 54.9032 27.2698 0
    endloop
  endfacet
  facet normal -0.903827 0.427899 0
    outer loop
      vertex 55.3173 15.67 0
      vertex 55.3467 15.7321 2
      vertex 55.3467 15.7321 0
    endloop
  endfacet
  facet normal -0.903827 0.427899 0
    outer loop
      vertex 55.3467 15.7321 2
      vertex 55.3173 15.67 0
      vertex 55.3173 15.67 2
    endloop
  endfacet
  facet normal -0.595332 -0.80348 0
    outer loop
      vertex 55.0889 27.182 0
      vertex 55.1441 27.1411 2
      vertex 55.0889 27.182 2
    endloop
  endfacet
  facet normal -0.595332 -0.80348 -0
    outer loop
      vertex 55.1441 27.1411 2
      vertex 55.0889 27.182 0
      vertex 55.1441 27.1411 0
    endloop
  endfacet
  facet normal -0.741191 -0.671295 0
    outer loop
      vertex 55.2411 27.0441 0
      vertex 55.195 27.095 2
      vertex 55.195 27.095 0
    endloop
  endfacet
  facet normal -0.741191 -0.671295 0
    outer loop
      vertex 55.195 27.095 2
      vertex 55.2411 27.0441 0
      vertex 55.2411 27.0441 2
    endloop
  endfacet
  facet normal 0.336244 -0.941775 0
    outer loop
      vertex 54.4321 27.2467 0
      vertex 54.4968 27.2698 2
      vertex 54.4321 27.2467 2
    endloop
  endfacet
  facet normal 0.336244 -0.941775 0
    outer loop
      vertex 54.4968 27.2698 2
      vertex 54.4321 27.2467 0
      vertex 54.4968 27.2698 0
    endloop
  endfacet
  facet normal -0.145494 0.989359 0
    outer loop
      vertex 54.8366 15.3134 0
      vertex 54.7686 15.3034 2
      vertex 54.8366 15.3134 2
    endloop
  endfacet
  facet normal -0.145494 0.989359 0
    outer loop
      vertex 54.7686 15.3034 2
      vertex 54.8366 15.3134 0
      vertex 54.7686 15.3034 0
    endloop
  endfacet
  facet normal -0.998774 0.0495019 0
    outer loop
      vertex 55.3966 15.9314 0
      vertex 55.4 16 2
      vertex 55.4 16 0
    endloop
  endfacet
  facet normal -0.998774 0.0495019 0
    outer loop
      vertex 55.4 16 2
      vertex 55.3966 15.9314 0
      vertex 55.3966 15.9314 2
    endloop
  endfacet
  facet normal -1 0 0
    outer loop
      vertex 55.4 16 0
      vertex 55.4 26.6 2
      vertex 55.4 26.6 0
    endloop
  endfacet
  facet normal -1 -0 0
    outer loop
      vertex 55.4 26.6 2
      vertex 55.4 16 0
      vertex 55.4 16 2
    endloop
  endfacet
  facet normal 0.243221 0.969971 -0
    outer loop
      vertex 54.5634 15.3134 0
      vertex 54.4968 15.3301 2
      vertex 54.5634 15.3134 2
    endloop
  endfacet
  facet normal 0.243221 0.969971 0
    outer loop
      vertex 54.4968 15.3301 2
      vertex 54.5634 15.3134 0
      vertex 54.4968 15.3301 0
    endloop
  endfacet
  facet normal -0.989149 -0.146918 0
    outer loop
      vertex 55.3966 26.6686 0
      vertex 55.3865 26.7366 2
      vertex 55.3865 26.7366 0
    endloop
  endfacet
  facet normal -0.989149 -0.146918 0
    outer loop
      vertex 55.3865 26.7366 2
      vertex 55.3966 26.6686 0
      vertex 55.3966 26.6686 2
    endloop
  endfacet
  facet normal 0.0495019 0.998774 -0
    outer loop
      vertex 54.7 15.3 0
      vertex 54.6314 15.3034 2
      vertex 54.7 15.3 2
    endloop
  endfacet
  facet normal 0.0495019 0.998774 0
    outer loop
      vertex 54.6314 15.3034 2
      vertex 54.7 15.3 0
      vertex 54.6314 15.3034 0
    endloop
  endfacet
  facet normal 0.904389 0.426709 0
    outer loop
      vertex 54.0826 15.67 2
      vertex 54.0533 15.7321 0
      vertex 54.0533 15.7321 2
    endloop
  endfacet
  facet normal 0.904389 0.426709 0
    outer loop
      vertex 54.0533 15.7321 0
      vertex 54.0826 15.67 2
      vertex 54.0826 15.67 0
    endloop
  endfacet
  facet normal -0.427899 -0.903827 0
    outer loop
      vertex 54.9679 27.2467 0
      vertex 55.03 27.2173 2
      vertex 54.9679 27.2467 2
    endloop
  endfacet
  facet normal -0.427899 -0.903827 -0
    outer loop
      vertex 55.03 27.2173 2
      vertex 54.9679 27.2467 0
      vertex 55.03 27.2173 0
    endloop
  endfacet
  facet normal -0.741191 0.671295 0
    outer loop
      vertex 55.195 15.505 0
      vertex 55.2411 15.5559 2
      vertex 55.2411 15.5559 0
    endloop
  endfacet
  facet normal -0.741191 0.671295 0
    outer loop
      vertex 55.2411 15.5559 2
      vertex 55.195 15.505 0
      vertex 55.195 15.505 2
    endloop
  endfacet
  facet normal 0.0495019 -0.998774 0
    outer loop
      vertex 54.6314 27.2966 0
      vertex 54.7 27.3 2
      vertex 54.6314 27.2966 2
    endloop
  endfacet
  facet normal 0.0495019 -0.998774 0
    outer loop
      vertex 54.7 27.3 2
      vertex 54.6314 27.2966 0
      vertex 54.7 27.3 0
    endloop
  endfacet
  facet normal -0.595332 0.80348 0
    outer loop
      vertex 55.1441 15.4589 0
      vertex 55.0889 15.418 2
      vertex 55.1441 15.4589 2
    endloop
  endfacet
  facet normal -0.595332 0.80348 0
    outer loop
      vertex 55.0889 15.418 2
      vertex 55.1441 15.4589 0
      vertex 55.0889 15.418 0
    endloop
  endfacet
  facet normal -0.85775 0.514067 0
    outer loop
      vertex 55.282 15.6111 0
      vertex 55.3173 15.67 2
      vertex 55.3173 15.67 0
    endloop
  endfacet
  facet normal -0.85775 0.514067 0
    outer loop
      vertex 55.3173 15.67 2
      vertex 55.282 15.6111 0
      vertex 55.282 15.6111 2
    endloop
  endfacet
  facet normal 0.671295 -0.741191 0
    outer loop
      vertex 54.205 27.095 0
      vertex 54.2559 27.1411 2
      vertex 54.205 27.095 2
    endloop
  endfacet
  facet normal 0.671295 -0.741191 0
    outer loop
      vertex 54.2559 27.1411 2
      vertex 54.205 27.095 0
      vertex 54.2559 27.1411 0
    endloop
  endfacet
  facet normal 0.80348 -0.595332 0
    outer loop
      vertex 54.118 26.9889 2
      vertex 54.1589 27.0441 0
      vertex 54.1589 27.0441 2
    endloop
  endfacet
  facet normal 0.80348 -0.595332 0
    outer loop
      vertex 54.1589 27.0441 0
      vertex 54.118 26.9889 2
      vertex 54.118 26.9889 0
    endloop
  endfacet
  facet normal -0.903827 -0.427899 0
    outer loop
      vertex 55.3467 26.8679 0
      vertex 55.3173 26.93 2
      vertex 55.3173 26.93 0
    endloop
  endfacet
  facet normal -0.903827 -0.427899 0
    outer loop
      vertex 55.3173 26.93 2
      vertex 55.3467 26.8679 0
      vertex 55.3467 26.8679 2
    endloop
  endfacet
  facet normal -0.514067 -0.85775 0
    outer loop
      vertex 55.03 27.2173 0
      vertex 55.0889 27.182 2
      vertex 55.03 27.2173 2
    endloop
  endfacet
  facet normal -0.514067 -0.85775 -0
    outer loop
      vertex 55.0889 27.182 2
      vertex 55.03 27.2173 0
      vertex 55.0889 27.182 0
    endloop
  endfacet
  facet normal -0.146918 -0.989149 0
    outer loop
      vertex 54.7686 27.2966 0
      vertex 54.8366 27.2865 2
      vertex 54.7686 27.2966 2
    endloop
  endfacet
  facet normal -0.146918 -0.989149 -0
    outer loop
      vertex 54.8366 27.2865 2
      vertex 54.7686 27.2966 0
      vertex 54.8366 27.2865 0
    endloop
  endfacet
  facet normal 0.427899 -0.903827 0
    outer loop
      vertex 54.37 27.2173 0
      vertex 54.4321 27.2467 2
      vertex 54.37 27.2173 2
    endloop
  endfacet
  facet normal 0.427899 -0.903827 0
    outer loop
      vertex 54.4321 27.2467 2
      vertex 54.37 27.2173 0
      vertex 54.4321 27.2467 0
    endloop
  endfacet
  facet normal -0.243221 0.969971 0
    outer loop
      vertex 54.9032 15.3301 0
      vertex 54.8366 15.3134 2
      vertex 54.9032 15.3301 2
    endloop
  endfacet
  facet normal -0.243221 0.969971 0
    outer loop
      vertex 54.8366 15.3134 2
      vertex 54.9032 15.3301 0
      vertex 54.8366 15.3134 0
    endloop
  endfacet
  facet normal 0.514067 -0.85775 0
    outer loop
      vertex 54.3111 27.182 0
      vertex 54.37 27.2173 2
      vertex 54.3111 27.182 2
    endloop
  endfacet
  facet normal 0.514067 -0.85775 0
    outer loop
      vertex 54.37 27.2173 2
      vertex 54.3111 27.182 0
      vertex 54.37 27.2173 0
    endloop
  endfacet
  facet normal -0.80348 -0.595332 0
    outer loop
      vertex 55.282 26.9889 0
      vertex 55.2411 27.0441 2
      vertex 55.2411 27.0441 0
    endloop
  endfacet
  facet normal -0.80348 -0.595332 0
    outer loop
      vertex 55.2411 27.0441 2
      vertex 55.282 26.9889 0
      vertex 55.282 26.9889 2
    endloop
  endfacet
  facet normal -0.0495019 -0.998774 0
    outer loop
      vertex 54.7 27.3 0
      vertex 54.7686 27.2966 2
      vertex 54.7 27.3 2
    endloop
  endfacet
  facet normal -0.0495019 -0.998774 -0
    outer loop
      vertex 54.7686 27.2966 2
      vertex 54.7 27.3 0
      vertex 54.7686 27.2966 0
    endloop
  endfacet
  facet normal 0.741191 -0.671295 0
    outer loop
      vertex 54.1589 27.0441 2
      vertex 54.205 27.095 0
      vertex 54.205 27.095 2
    endloop
  endfacet
  facet normal 0.741191 -0.671295 0
    outer loop
      vertex 54.205 27.095 0
      vertex 54.1589 27.0441 2
      vertex 54.1589 27.0441 0
    endloop
  endfacet
  facet normal -0.515138 0.857107 0
    outer loop
      vertex 55.0889 15.418 0
      vertex 55.03 15.3826 2
      vertex 55.0889 15.418 2
    endloop
  endfacet
  facet normal -0.515138 0.857107 0
    outer loop
      vertex 55.03 15.3826 2
      vertex 55.0889 15.418 0
      vertex 55.03 15.3826 0
    endloop
  endfacet
  facet normal 0.857107 -0.515138 0
    outer loop
      vertex 54.0826 26.93 2
      vertex 54.118 26.9889 0
      vertex 54.118 26.9889 2
    endloop
  endfacet
  facet normal 0.857107 -0.515138 0
    outer loop
      vertex 54.118 26.9889 0
      vertex 54.0826 26.93 2
      vertex 54.0826 26.93 0
    endloop
  endfacet
  facet normal 0.145494 0.989359 -0
    outer loop
      vertex 54.6314 15.3034 0
      vertex 54.5634 15.3134 2
      vertex 54.6314 15.3034 2
    endloop
  endfacet
  facet normal 0.145494 0.989359 0
    outer loop
      vertex 54.5634 15.3134 2
      vertex 54.6314 15.3034 0
      vertex 54.5634 15.3134 0
    endloop
  endfacet
  facet normal 0.243221 -0.969971 0
    outer loop
      vertex 54.4968 27.2698 0
      vertex 54.5634 27.2865 2
      vertex 54.4968 27.2698 2
    endloop
  endfacet
  facet normal 0.243221 -0.969971 0
    outer loop
      vertex 54.5634 27.2865 2
      vertex 54.4968 27.2698 0
      vertex 54.5634 27.2865 0
    endloop
  endfacet
  facet normal -0.941313 0.337534 0
    outer loop
      vertex 55.3467 15.7321 0
      vertex 55.3699 15.7968 2
      vertex 55.3699 15.7968 0
    endloop
  endfacet
  facet normal -0.941313 0.337534 0
    outer loop
      vertex 55.3699 15.7968 2
      vertex 55.3467 15.7321 0
      vertex 55.3467 15.7321 2
    endloop
  endfacet
  facet normal 0.146918 -0.989149 0
    outer loop
      vertex 54.5634 27.2865 0
      vertex 54.6314 27.2966 2
      vertex 54.5634 27.2865 2
    endloop
  endfacet
  facet normal 0.146918 -0.989149 0
    outer loop
      vertex 54.6314 27.2966 2
      vertex 54.5634 27.2865 0
      vertex 54.6314 27.2966 0
    endloop
  endfacet
  facet normal 0.741191 0.671295 0
    outer loop
      vertex 54.205 15.505 2
      vertex 54.1589 15.5559 0
      vertex 54.1589 15.5559 2
    endloop
  endfacet
  facet normal 0.741191 0.671295 0
    outer loop
      vertex 54.1589 15.5559 0
      vertex 54.205 15.505 2
      vertex 54.205 15.505 0
    endloop
  endfacet
  facet normal 0.515138 0.857107 -0
    outer loop
      vertex 54.37 15.3826 0
      vertex 54.3111 15.418 2
      vertex 54.37 15.3826 2
    endloop
  endfacet
  facet normal 0.515138 0.857107 0
    outer loop
      vertex 54.3111 15.418 2
      vertex 54.37 15.3826 0
      vertex 54.3111 15.418 0
    endloop
  endfacet
  facet normal 0.969971 -0.243221 0
    outer loop
      vertex 54.0134 26.7366 2
      vertex 54.0301 26.8032 0
      vertex 54.0301 26.8032 2
    endloop
  endfacet
  facet normal 0.969971 -0.243221 0
    outer loop
      vertex 54.0301 26.8032 0
      vertex 54.0134 26.7366 2
      vertex 54.0134 26.7366 0
    endloop
  endfacet
  facet normal 0.989359 -0.145494 0
    outer loop
      vertex 54.0034 26.6686 2
      vertex 54.0134 26.7366 0
      vertex 54.0134 26.7366 2
    endloop
  endfacet
  facet normal 0.989359 -0.145494 0
    outer loop
      vertex 54.0134 26.7366 0
      vertex 54.0034 26.6686 2
      vertex 54.0034 26.6686 0
    endloop
  endfacet
  facet normal 0.904389 -0.426709 0
    outer loop
      vertex 54.0533 26.8679 2
      vertex 54.0826 26.93 0
      vertex 54.0826 26.93 2
    endloop
  endfacet
  facet normal 0.904389 -0.426709 0
    outer loop
      vertex 54.0826 26.93 0
      vertex 54.0533 26.8679 2
      vertex 54.0533 26.8679 0
    endloop
  endfacet
  facet normal 0.941313 -0.337534 0
    outer loop
      vertex 54.0301 26.8032 2
      vertex 54.0533 26.8679 0
      vertex 54.0533 26.8679 2
    endloop
  endfacet
  facet normal 0.941313 -0.337534 0
    outer loop
      vertex 54.0533 26.8679 0
      vertex 54.0301 26.8032 2
      vertex 54.0301 26.8032 0
    endloop
  endfacet
  facet normal -0.0495019 0.998774 0
    outer loop
      vertex 54.7686 15.3034 0
      vertex 54.7 15.3 2
      vertex 54.7686 15.3034 2
    endloop
  endfacet
  facet normal -0.0495019 0.998774 0
    outer loop
      vertex 54.7 15.3 2
      vertex 54.7686 15.3034 0
      vertex 54.7 15.3 0
    endloop
  endfacet
  facet normal 0.857107 0.515138 0
    outer loop
      vertex 54.118 15.6111 2
      vertex 54.0826 15.67 0
      vertex 54.0826 15.67 2
    endloop
  endfacet
  facet normal 0.857107 0.515138 0
    outer loop
      vertex 54.0826 15.67 0
      vertex 54.118 15.6111 2
      vertex 54.118 15.6111 0
    endloop
  endfacet
  facet normal 0.80348 0.595332 0
    outer loop
      vertex 54.1589 15.5559 2
      vertex 54.118 15.6111 0
      vertex 54.118 15.6111 2
    endloop
  endfacet
  facet normal 0.80348 0.595332 0
    outer loop
      vertex 54.118 15.6111 0
      vertex 54.1589 15.5559 2
      vertex 54.1589 15.5559 0
    endloop
  endfacet
  facet normal -0.337534 0.941313 0
    outer loop
      vertex 54.9679 15.3533 0
      vertex 54.9032 15.3301 2
      vertex 54.9679 15.3533 2
    endloop
  endfacet
  facet normal -0.337534 0.941313 0
    outer loop
      vertex 54.9032 15.3301 2
      vertex 54.9679 15.3533 0
      vertex 54.9032 15.3301 0
    endloop
  endfacet
  facet normal -0.426709 0.904389 0
    outer loop
      vertex 55.03 15.3826 0
      vertex 54.9679 15.3533 2
      vertex 55.03 15.3826 2
    endloop
  endfacet
  facet normal -0.426709 0.904389 0
    outer loop
      vertex 54.9679 15.3533 2
      vertex 55.03 15.3826 0
      vertex 54.9679 15.3533 0
    endloop
  endfacet
  facet normal 0.671295 0.741191 -0
    outer loop
      vertex 54.2559 15.4589 0
      vertex 54.205 15.505 2
      vertex 54.2559 15.4589 2
    endloop
  endfacet
  facet normal 0.671295 0.741191 0
    outer loop
      vertex 54.205 15.505 2
      vertex 54.2559 15.4589 0
      vertex 54.205 15.505 0
    endloop
  endfacet
  facet normal -0.671295 0.741191 0
    outer loop
      vertex 55.195 15.505 0
      vertex 55.1441 15.4589 2
      vertex 55.195 15.505 2
    endloop
  endfacet
  facet normal -0.671295 0.741191 0
    outer loop
      vertex 55.1441 15.4589 2
      vertex 55.195 15.505 0
      vertex 55.1441 15.4589 0
    endloop
  endfacet
  facet normal 0.337534 0.941313 -0
    outer loop
      vertex 54.4968 15.3301 0
      vertex 54.4321 15.3533 2
      vertex 54.4968 15.3301 2
    endloop
  endfacet
  facet normal 0.337534 0.941313 0
    outer loop
      vertex 54.4321 15.3533 2
      vertex 54.4968 15.3301 0
      vertex 54.4321 15.3533 0
    endloop
  endfacet
  facet normal 0.595332 0.80348 -0
    outer loop
      vertex 54.3111 15.418 0
      vertex 54.2559 15.4589 2
      vertex 54.3111 15.418 2
    endloop
  endfacet
  facet normal 0.595332 0.80348 0
    outer loop
      vertex 54.2559 15.4589 2
      vertex 54.3111 15.418 0
      vertex 54.2559 15.4589 0
    endloop
  endfacet
  facet normal 0.941313 0.337534 0
    outer loop
      vertex 54.0533 15.7321 2
      vertex 54.0301 15.7968 0
      vertex 54.0301 15.7968 2
    endloop
  endfacet
  facet normal 0.941313 0.337534 0
    outer loop
      vertex 54.0301 15.7968 0
      vertex 54.0533 15.7321 2
      vertex 54.0533 15.7321 0
    endloop
  endfacet
  facet normal 0.969971 0.243221 0
    outer loop
      vertex 54.0301 15.7968 2
      vertex 54.0134 15.8634 0
      vertex 54.0134 15.8634 2
    endloop
  endfacet
  facet normal 0.969971 0.243221 0
    outer loop
      vertex 54.0134 15.8634 0
      vertex 54.0301 15.7968 2
      vertex 54.0301 15.7968 0
    endloop
  endfacet
endsolid OpenSCAD_Model
